paso9_support_id	book	chapter	verse	reference	stream_index	predication_id	connector_support	continuity_support	candidate_labels	confidence	evidence_sources	final_label_assigned
P900001	1corintios	1	4	1:4	1	1corintios-1-4-P01	[]	"[""EXPONE""]"	"[""EXPONE""]"	low	"[""continuity:initial"", ""audit:not_shift""]"	False
P900002	1corintios	1	5	1:5	2	1corintios-1-5-P01	[]	"[""ACLARA""]"	"[""ACLARA""]"	low	"[""continuity:shift"", ""audit:demonstrable_shift""]"	False
P900003	1corintios	1	6	1:6	3	1corintios-1-6-P01	"[""RAZÓN"", ""ACLARA""]"	"[""ACLARA""]"	"[""RAZÓN"", ""ACLARA""]"	moderate	"[""connector:οτι:explanatory"", ""continuity:shift"", ""audit:demonstrable_shift""]"	False
P900004	1corintios	1	8	1:8	4	1corintios-1-8-P01	"[""ACLARA""]"	"[""EXPONE""]"	"[""ACLARA"", ""EXPONE""]"	moderate	"[""connector:καθως:comparative"", ""continuity:same"", ""audit:not_shift""]"	False
P900005	1corintios	1	9	1:9	5	1corintios-1-9-P01	[]	"[""ACLARA""]"	"[""ACLARA""]"	low	"[""continuity:shift"", ""audit:demonstrable_shift""]"	False
P900006	1corintios	1	10	1:10	6	1corintios-1-10-P01	[]	"[""ACLARA""]"	"[""ACLARA""]"	low	"[""continuity:shift"", ""audit:demonstrable_shift""]"	False
P900007	1corintios	1	10	1:10	7	1corintios-1-10-P02	[]	"[""ACLARA""]"	"[""ACLARA""]"	low	"[""continuity:shift"", ""audit:demonstrable_shift""]"	False
P900008	1corintios	1	10	1:10	8	1corintios-1-10-P03	"[""PROPÓSITO""]"	"[""ACLARA""]"	"[""PROPÓSITO"", ""ACLARA""]"	moderate	"[""connector:ινα:purpose"", ""continuity:shift"", ""audit:demonstrable_shift""]"	False
P900009	1corintios	1	10	1:10	9	1corintios-1-10-P04	[]	"[""ACLARA""]"	"[""ACLARA""]"	low	"[""continuity:shift"", ""audit:demonstrable_shift""]"	False
P900010	1corintios	1	11	1:11	10	1corintios-1-11-P01	[]	"[""ACLARA""]"	"[""ACLARA""]"	low	"[""continuity:shift"", ""audit:demonstrable_shift""]"	False
P900011	1corintios	1	11	1:11	11	1corintios-1-11-P02	[]	"[""ACLARA""]"	"[""ACLARA""]"	low	"[""continuity:shift"", ""audit:weak_shift""]"	False
P900012	1corintios	1	12	1:12	12	1corintios-1-12-P01	"[""RAZÓN"", ""ACLARA""]"	"[""ACLARA""]"	"[""RAZÓN"", ""ACLARA""]"	moderate	"[""connector:οτι:explanatory"", ""continuity:shift"", ""audit:demonstrable_shift""]"	False
P900013	1corintios	1	12	1:12	13	1corintios-1-12-P02	[]	"[""ACLARA""]"	"[""ACLARA""]"	low	"[""continuity:shift"", ""audit:demonstrable_shift""]"	False
P900014	1corintios	1	12	1:12	14	1corintios-1-12-P03	"[""RAZÓN"", ""ACLARA""]"	"[""ACLARA""]"	"[""RAZÓN"", ""ACLARA""]"	moderate	"[""connector:οτι:explanatory"", ""continuity:shift"", ""audit:demonstrable_shift""]"	False
P900015	1corintios	1	13	1:13	15	1corintios-1-13-P01	[]	"[""ACLARA""]"	"[""ACLARA""]"	low	"[""continuity:shift"", ""audit:demonstrable_shift""]"	False
P900016	1corintios	1	13	1:13	16	1corintios-1-13-P02	[]	"[""EXPONE""]"	"[""EXPONE""]"	low	"[""continuity:same"", ""audit:not_shift""]"	False
P900017	1corintios	1	13	1:13	17	1corintios-1-13-P03	[]	"[""ACLARA""]"	"[""ACLARA""]"	low	"[""continuity:shift"", ""audit:demonstrable_shift""]"	False
P900018	1corintios	1	14	1:14	18	1corintios-1-14-P01	[]	"[""ACLARA""]"	"[""ACLARA""]"	low	"[""continuity:shift"", ""audit:demonstrable_shift""]"	False
P900019	1corintios	1	14	1:14	19	1corintios-1-14-P02	[]	"[""EXPONE""]"	"[""EXPONE""]"	low	"[""continuity:same"", ""audit:not_shift""]"	False
P900020	1corintios	1	15	1:15	20	1corintios-1-15-P01	"[""RAZÓN"", ""ACLARA""]"	"[""ACLARA""]"	"[""RAZÓN"", ""ACLARA""]"	moderate	"[""connector:οτι:explanatory"", ""continuity:shift"", ""audit:demonstrable_shift""]"	False
P900021	1corintios	1	15	1:15	21	1corintios-1-15-P02	"[""PROPÓSITO""]"	"[""ACLARA""]"	"[""PROPÓSITO"", ""ACLARA""]"	moderate	"[""connector:ινα:purpose"", ""continuity:shift"", ""audit:demonstrable_shift""]"	False
P900022	1corintios	1	16	1:16	22	1corintios-1-16-P01	"[""RAZÓN"", ""ACLARA""]"	"[""ACLARA""]"	"[""RAZÓN"", ""ACLARA""]"	moderate	"[""connector:οτι:explanatory"", ""continuity:shift"", ""audit:demonstrable_shift""]"	False
P900023	1corintios	1	16	1:16	23	1corintios-1-16-P02	[]	"[""EXPONE""]"	"[""EXPONE""]"	low	"[""continuity:same"", ""audit:not_shift""]"	False
P900024	1corintios	1	16	1:16	24	1corintios-1-16-P03	[]	"[""EXPONE""]"	"[""EXPONE""]"	low	"[""continuity:same"", ""audit:not_shift""]"	False
P900025	1corintios	1	17	1:17	25	1corintios-1-17-P01	"[""CONDICIÓN""]"	"[""ACLARA""]"	"[""CONDICIÓN"", ""ACLARA""]"	moderate	"[""connector:ει:conditional"", ""continuity:shift"", ""audit:demonstrable_shift""]"	False
P900026	1corintios	1	17	1:17	26	1corintios-1-17-P02	[]	"[""EXPONE""]"	"[""EXPONE""]"	low	"[""continuity:same"", ""audit:not_shift""]"	False
P900027	1corintios	1	18	1:18	27	1corintios-1-18-P01	"[""PROPÓSITO""]"	"[""EXPONE""]"	"[""PROPÓSITO"", ""EXPONE""]"	moderate	"[""connector:ινα:purpose"", ""continuity:same"", ""audit:not_shift""]"	False
P900028	1corintios	1	18	1:18	28	1corintios-1-18-P02	[]	"[""EXPONE""]"	"[""EXPONE""]"	low	"[""continuity:same"", ""audit:not_shift""]"	False
P900029	1corintios	1	19	1:19	29	1corintios-1-19-P01	[]	"[""EXPONE""]"	"[""EXPONE""]"	low	"[""continuity:same"", ""audit:not_shift""]"	False
P900030	1corintios	1	19	1:19	30	1corintios-1-19-P02	[]	"[""ACLARA""]"	"[""ACLARA""]"	low	"[""continuity:shift"", ""audit:demonstrable_shift""]"	False
P900031	1corintios	1	19	1:19	31	1corintios-1-19-P03	[]	"[""EXPONE""]"	"[""EXPONE""]"	low	"[""continuity:same"", ""audit:not_shift""]"	False
P900032	1corintios	1	20	1:20	32	1corintios-1-20-P01	[]	"[""ACLARA""]"	"[""ACLARA""]"	low	"[""continuity:shift"", ""audit:demonstrable_shift""]"	False
P900033	1corintios	1	21	1:21	33	1corintios-1-21-P01	[]	"[""EXPONE""]"	"[""EXPONE""]"	low	"[""continuity:same"", ""audit:not_shift""]"	False
P900034	1corintios	1	21	1:21	34	1corintios-1-21-P02	[]	"[""EXPONE""]"	"[""EXPONE""]"	low	"[""continuity:same"", ""audit:not_shift""]"	False
P900035	1corintios	1	22	1:22	35	1corintios-1-22-P01	[]	"[""ACLARA""]"	"[""ACLARA""]"	low	"[""continuity:shift"", ""audit:weak_shift""]"	False
P900036	1corintios	1	22	1:22	36	1corintios-1-22-P02	[]	"[""EXPONE""]"	"[""EXPONE""]"	low	"[""continuity:same"", ""audit:not_shift""]"	False
P900037	1corintios	1	23	1:23	37	1corintios-1-23-P01	[]	"[""ACLARA""]"	"[""ACLARA""]"	low	"[""continuity:shift"", ""audit:demonstrable_shift""]"	False
P900038	1corintios	1	25	1:25	38	1corintios-1-25-P01	[]	"[""ACLARA""]"	"[""ACLARA""]"	low	"[""continuity:shift"", ""audit:demonstrable_shift""]"	False
P900039	1corintios	1	26	1:26	39	1corintios-1-26-P01	"[""RAZÓN"", ""ACLARA""]"	"[""ACLARA""]"	"[""RAZÓN"", ""ACLARA""]"	moderate	"[""connector:οτι:explanatory"", ""continuity:shift"", ""audit:demonstrable_shift""]"	False
P900040	1corintios	1	27	1:27	40	1corintios-1-27-P01	[]	"[""ACLARA""]"	"[""ACLARA""]"	low	"[""continuity:shift"", ""audit:demonstrable_shift""]"	False
P900041	1corintios	1	27	1:27	41	1corintios-1-27-P02	[]	"[""EXPONE""]"	"[""EXPONE""]"	low	"[""continuity:same"", ""audit:not_shift""]"	False
P900042	1corintios	1	27	1:27	42	1corintios-1-27-P03	"[""PROPÓSITO""]"	"[""EXPONE""]"	"[""PROPÓSITO"", ""EXPONE""]"	moderate	"[""connector:ινα:purpose"", ""continuity:same"", ""audit:not_shift""]"	False
P900043	1corintios	1	27	1:27	43	1corintios-1-27-P04	[]	"[""EXPONE""]"	"[""EXPONE""]"	low	"[""continuity:same"", ""audit:not_shift""]"	False
P900044	1corintios	1	28	1:28	44	1corintios-1-28-P01	"[""PROPÓSITO""]"	"[""EXPONE""]"	"[""PROPÓSITO"", ""EXPONE""]"	moderate	"[""connector:ινα:purpose"", ""continuity:same"", ""audit:not_shift""]"	False
P900045	1corintios	1	28	1:28	45	1corintios-1-28-P02	[]	"[""EXPONE""]"	"[""EXPONE""]"	low	"[""continuity:same"", ""audit:not_shift""]"	False
P900046	1corintios	1	29	1:29	46	1corintios-1-29-P01	"[""PROPÓSITO""]"	"[""EXPONE""]"	"[""PROPÓSITO"", ""EXPONE""]"	moderate	"[""connector:ινα:purpose"", ""continuity:same"", ""audit:not_shift""]"	False
P900047	1corintios	1	30	1:30	47	1corintios-1-30-P01	[]	"[""ACLARA""]"	"[""ACLARA""]"	low	"[""continuity:shift"", ""audit:demonstrable_shift""]"	False
P900048	1corintios	1	30	1:30	48	1corintios-1-30-P02	[]	"[""ACLARA""]"	"[""ACLARA""]"	low	"[""continuity:shift"", ""audit:demonstrable_shift""]"	False
P900049	1corintios	1	31	1:31	49	1corintios-1-31-P01	[]	"[""EXPONE""]"	"[""EXPONE""]"	low	"[""continuity:same"", ""audit:not_shift""]"	False
P900050	1corintios	1	31	1:31	50	1corintios-1-31-P02	"[""PROPÓSITO"", ""ACLARA""]"	"[""EXPONE""]"	"[""PROPÓSITO"", ""ACLARA"", ""EXPONE""]"	moderate	"[""connector:ινα:purpose"", ""connector:καθως:comparative"", ""continuity:same"", ""audit:not_shift""]"	False
P900051	1corintios	2	1	2:1	51	1corintios-2-1-P01	[]	"[""ACLARA""]"	"[""ACLARA""]"	low	"[""continuity:shift"", ""audit:demonstrable_shift""]"	False
P900052	1corintios	2	2	2:2	52	1corintios-2-2-P01	[]	"[""EXPONE""]"	"[""EXPONE""]"	low	"[""continuity:same"", ""audit:not_shift""]"	False
P900053	1corintios	2	3	2:3	53	1corintios-2-3-P01	[]	"[""EXPONE""]"	"[""EXPONE""]"	low	"[""continuity:same"", ""audit:not_shift""]"	False
P900054	1corintios	2	5	2:5	54	1corintios-2-5-P01	[]	"[""ACLARA""]"	"[""ACLARA""]"	low	"[""continuity:shift"", ""audit:demonstrable_shift""]"	False
P900055	1corintios	2	6	2:6	55	1corintios-2-6-P01	"[""PROPÓSITO""]"	"[""ACLARA""]"	"[""PROPÓSITO"", ""ACLARA""]"	moderate	"[""connector:ινα:purpose"", ""continuity:shift"", ""audit:demonstrable_shift""]"	False
P900056	1corintios	2	7	2:7	56	1corintios-2-7-P01	[]	"[""EXPONE""]"	"[""EXPONE""]"	low	"[""continuity:same"", ""audit:not_shift""]"	False
P900057	1corintios	2	7	2:7	57	1corintios-2-7-P02	[]	"[""ACLARA""]"	"[""ACLARA""]"	low	"[""continuity:shift"", ""audit:demonstrable_shift""]"	False
P900058	1corintios	2	8	2:8	58	1corintios-2-8-P01	[]	"[""EXPONE""]"	"[""EXPONE""]"	low	"[""continuity:same"", ""audit:not_shift""]"	False
P900059	1corintios	2	8	2:8	59	1corintios-2-8-P02	[]	"[""ACLARA""]"	"[""ACLARA""]"	low	"[""continuity:shift"", ""audit:weak_shift""]"	False
P900060	1corintios	2	8	2:8	60	1corintios-2-8-P03	"[""CONDICIÓN""]"	"[""EXPONE""]"	"[""CONDICIÓN"", ""EXPONE""]"	moderate	"[""connector:ει:conditional"", ""continuity:same"", ""audit:not_shift""]"	False
P900061	1corintios	2	9	2:9	61	1corintios-2-9-P01	[]	"[""ACLARA""]"	"[""ACLARA""]"	low	"[""continuity:shift"", ""audit:weak_shift""]"	False
P900062	1corintios	2	9	2:9	62	1corintios-2-9-P02	"[""ACLARA""]"	"[""EXPONE""]"	"[""ACLARA"", ""EXPONE""]"	moderate	"[""connector:καθως:comparative"", ""continuity:same"", ""audit:not_shift""]"	False
P900063	1corintios	2	9	2:9	63	1corintios-2-9-P03	[]	"[""EXPONE""]"	"[""EXPONE""]"	low	"[""continuity:same"", ""audit:not_shift""]"	False
P900064	1corintios	2	9	2:9	64	1corintios-2-9-P04	[]	"[""EXPONE""]"	"[""EXPONE""]"	low	"[""continuity:same"", ""audit:not_shift""]"	False
P900065	1corintios	2	9	2:9	65	1corintios-2-9-P05	[]	"[""EXPONE""]"	"[""EXPONE""]"	low	"[""continuity:same"", ""audit:not_shift""]"	False
P900066	1corintios	2	10	2:10	66	1corintios-2-10-P01	[]	"[""EXPONE""]"	"[""EXPONE""]"	low	"[""continuity:same"", ""audit:not_shift""]"	False
P900067	1corintios	2	10	2:10	67	1corintios-2-10-P02	[]	"[""EXPONE""]"	"[""EXPONE""]"	low	"[""continuity:same"", ""audit:not_shift""]"	False
P900068	1corintios	2	11	2:11	68	1corintios-2-11-P01	[]	"[""EXPONE""]"	"[""EXPONE""]"	low	"[""continuity:same"", ""audit:not_shift""]"	False
P900069	1corintios	2	11	2:11	69	1corintios-2-11-P02	[]	"[""EXPONE""]"	"[""EXPONE""]"	low	"[""continuity:same"", ""audit:not_shift""]"	False
P900070	1corintios	2	12	2:12	70	1corintios-2-12-P01	"[""CONDICIÓN""]"	"[""ACLARA""]"	"[""CONDICIÓN"", ""ACLARA""]"	moderate	"[""connector:ει:conditional"", ""continuity:shift"", ""audit:demonstrable_shift""]"	False
P900071	1corintios	2	12	2:12	71	1corintios-2-12-P02	[]	"[""EXPONE""]"	"[""EXPONE""]"	low	"[""continuity:same"", ""audit:not_shift""]"	False
P900072	1corintios	2	13	2:13	72	1corintios-2-13-P01	"[""PROPÓSITO""]"	"[""EXPONE""]"	"[""PROPÓSITO"", ""EXPONE""]"	moderate	"[""connector:ινα:purpose"", ""continuity:same"", ""audit:not_shift""]"	False
P900073	1corintios	2	14	2:14	73	1corintios-2-14-P01	[]	"[""ACLARA""]"	"[""ACLARA""]"	low	"[""continuity:shift"", ""audit:demonstrable_shift""]"	False
P900074	1corintios	2	14	2:14	74	1corintios-2-14-P02	[]	"[""EXPONE""]"	"[""EXPONE""]"	low	"[""continuity:same"", ""audit:not_shift""]"	False
P900075	1corintios	2	14	2:14	75	1corintios-2-14-P03	[]	"[""EXPONE""]"	"[""EXPONE""]"	low	"[""continuity:same"", ""audit:not_shift""]"	False
P900076	1corintios	2	14	2:14	76	1corintios-2-14-P04	[]	"[""EXPONE""]"	"[""EXPONE""]"	low	"[""continuity:same"", ""audit:not_shift""]"	False
P900077	1corintios	2	15	2:15	77	1corintios-2-15-P01	"[""RAZÓN"", ""ACLARA""]"	"[""EXPONE""]"	"[""RAZÓN"", ""ACLARA"", ""EXPONE""]"	moderate	"[""connector:οτι:explanatory"", ""continuity:same"", ""audit:not_shift""]"	False
P900078	1corintios	2	15	2:15	78	1corintios-2-15-P02	[]	"[""EXPONE""]"	"[""EXPONE""]"	low	"[""continuity:same"", ""audit:not_shift""]"	False
P900079	1corintios	2	16	2:16	79	1corintios-2-16-P01	[]	"[""EXPONE""]"	"[""EXPONE""]"	low	"[""continuity:same"", ""audit:not_shift""]"	False
P900080	1corintios	2	16	2:16	80	1corintios-2-16-P02	[]	"[""EXPONE""]"	"[""EXPONE""]"	low	"[""continuity:same"", ""audit:not_shift""]"	False
P900081	1corintios	2	16	2:16	81	1corintios-2-16-P03	[]	"[""ACLARA""]"	"[""ACLARA""]"	low	"[""continuity:shift"", ""audit:demonstrable_shift""]"	False
P900082	1corintios	3	1	3:1	82	1corintios-3-1-P01	[]	"[""ACLARA""]"	"[""ACLARA""]"	low	"[""continuity:shift"", ""audit:weak_shift""]"	False
P900083	1corintios	3	2	3:2	83	1corintios-3-2-P01	[]	"[""EXPONE""]"	"[""EXPONE""]"	low	"[""continuity:same"", ""audit:not_shift""]"	False
P900084	1corintios	3	2	3:2	84	1corintios-3-2-P02	[]	"[""ACLARA""]"	"[""ACLARA""]"	low	"[""continuity:shift"", ""audit:demonstrable_shift""]"	False
P900085	1corintios	3	2	3:2	85	1corintios-3-2-P03	[]	"[""EXPONE""]"	"[""EXPONE""]"	low	"[""continuity:same"", ""audit:not_shift""]"	False
P900086	1corintios	3	3	3:3	86	1corintios-3-3-P01	[]	"[""EXPONE""]"	"[""EXPONE""]"	low	"[""continuity:same"", ""audit:not_shift""]"	False
P900087	1corintios	3	3	3:3	87	1corintios-3-3-P02	[]	"[""EXPONE""]"	"[""EXPONE""]"	low	"[""continuity:same"", ""audit:not_shift""]"	False
P900088	1corintios	3	3	3:3	88	1corintios-3-3-P03	[]	"[""EXPONE""]"	"[""EXPONE""]"	low	"[""continuity:same"", ""audit:not_shift""]"	False
P900089	1corintios	3	4	3:4	89	1corintios-3-4-P01	[]	"[""ACLARA""]"	"[""ACLARA""]"	low	"[""continuity:shift"", ""audit:demonstrable_shift""]"	False
P900090	1corintios	3	4	3:4	90	1corintios-3-4-P02	[]	"[""ACLARA""]"	"[""ACLARA""]"	low	"[""connector:οταν:temporal"", ""continuity:shift"", ""audit:demonstrable_shift""]"	False
P900091	1corintios	3	4	3:4	91	1corintios-3-4-P03	[]	"[""ACLARA""]"	"[""ACLARA""]"	low	"[""continuity:shift"", ""audit:demonstrable_shift""]"	False
P900092	1corintios	3	5	3:5	92	1corintios-3-5-P01	[]	"[""ACLARA""]"	"[""ACLARA""]"	low	"[""continuity:shift"", ""audit:demonstrable_shift""]"	False
P900093	1corintios	3	5	3:5	93	1corintios-3-5-P02	[]	"[""EXPONE""]"	"[""EXPONE""]"	low	"[""continuity:same"", ""audit:not_shift""]"	False
P900094	1corintios	3	5	3:5	94	1corintios-3-5-P03	[]	"[""ACLARA""]"	"[""ACLARA""]"	low	"[""continuity:shift"", ""audit:demonstrable_shift""]"	False
P900095	1corintios	3	5	3:5	95	1corintios-3-5-P04	[]	"[""ACLARA""]"	"[""ACLARA""]"	low	"[""continuity:shift"", ""audit:demonstrable_shift""]"	False
P900096	1corintios	3	6	3:6	96	1corintios-3-6-P01	"[""ACLARA""]"	"[""ACLARA""]"	"[""ACLARA""]"	moderate	"[""connector:ως:comparative"", ""continuity:shift"", ""audit:demonstrable_shift""]"	False
P900097	1corintios	3	6	3:6	97	1corintios-3-6-P02	[]	"[""ACLARA""]"	"[""ACLARA""]"	low	"[""continuity:shift"", ""audit:demonstrable_shift""]"	False
P900098	1corintios	3	6	3:6	98	1corintios-3-6-P03	[]	"[""EXPONE""]"	"[""EXPONE""]"	low	"[""continuity:same"", ""audit:not_shift""]"	False
P900099	1corintios	3	7	3:7	99	1corintios-3-7-P01	"[""RESULTADO""]"	"[""EXPONE""]"	"[""RESULTADO"", ""EXPONE""]"	moderate	"[""connector:ωστε:inferential"", ""continuity:same"", ""audit:not_shift""]"	False
P900100	1corintios	3	8	3:8	100	1corintios-3-8-P01	[]	"[""ACLARA""]"	"[""ACLARA""]"	low	"[""continuity:shift"", ""audit:weak_shift""]"	False
P900101	1corintios	3	8	3:8	101	1corintios-3-8-P02	[]	"[""ACLARA""]"	"[""ACLARA""]"	low	"[""continuity:shift"", ""audit:weak_shift""]"	False
P900102	1corintios	3	9	3:9	102	1corintios-3-9-P01	[]	"[""ACLARA""]"	"[""ACLARA""]"	low	"[""continuity:shift"", ""audit:demonstrable_shift""]"	False
P900103	1corintios	3	9	3:9	103	1corintios-3-9-P02	[]	"[""ACLARA""]"	"[""ACLARA""]"	low	"[""continuity:shift"", ""audit:demonstrable_shift""]"	False
P900104	1corintios	3	10	3:10	104	1corintios-3-10-P01	[]	"[""ACLARA""]"	"[""ACLARA""]"	low	"[""continuity:shift"", ""audit:demonstrable_shift""]"	False
P900105	1corintios	3	10	3:10	105	1corintios-3-10-P02	"[""ACLARA""]"	"[""ACLARA""]"	"[""ACLARA""]"	moderate	"[""connector:ως:comparative"", ""continuity:shift"", ""audit:demonstrable_shift""]"	False
P900106	1corintios	3	10	3:10	106	1corintios-3-10-P03	[]	"[""EXPONE""]"	"[""EXPONE""]"	low	"[""continuity:same"", ""audit:not_shift""]"	False
P900107	1corintios	3	10	3:10	107	1corintios-3-10-P04	[]	"[""EXPONE""]"	"[""EXPONE""]"	low	"[""continuity:same"", ""audit:not_shift""]"	False
P900108	1corintios	3	11	3:11	108	1corintios-3-11-P01	[]	"[""EXPONE""]"	"[""EXPONE""]"	low	"[""continuity:same"", ""audit:not_shift""]"	False
P900109	1corintios	3	11	3:11	109	1corintios-3-11-P02	[]	"[""EXPONE""]"	"[""EXPONE""]"	low	"[""continuity:same"", ""audit:not_shift""]"	False
P900110	1corintios	3	12	3:12	110	1corintios-3-12-P01	[]	"[""EXPONE""]"	"[""EXPONE""]"	low	"[""continuity:same"", ""audit:not_shift""]"	False
P900111	1corintios	3	13	3:13	111	1corintios-3-13-P01	"[""CONDICIÓN""]"	"[""EXPONE""]"	"[""CONDICIÓN"", ""EXPONE""]"	moderate	"[""connector:ει:conditional"", ""continuity:same"", ""audit:not_shift""]"	False
P900112	1corintios	3	13	3:13	112	1corintios-3-13-P02	[]	"[""EXPONE""]"	"[""EXPONE""]"	low	"[""continuity:same"", ""audit:not_shift""]"	False
P900113	1corintios	3	13	3:13	113	1corintios-3-13-P03	[]	"[""EXPONE""]"	"[""EXPONE""]"	low	"[""continuity:same"", ""audit:not_shift""]"	False
P900114	1corintios	3	13	3:13	114	1corintios-3-13-P04	"[""RAZÓN"", ""ACLARA""]"	"[""EXPONE""]"	"[""RAZÓN"", ""ACLARA"", ""EXPONE""]"	moderate	"[""connector:οτι:explanatory"", ""continuity:same"", ""audit:not_shift""]"	False
P900115	1corintios	3	13	3:13	115	1corintios-3-13-P05	[]	"[""EXPONE""]"	"[""EXPONE""]"	low	"[""continuity:same"", ""audit:not_shift""]"	False
P900116	1corintios	3	14	3:14	116	1corintios-3-14-P01	[]	"[""EXPONE""]"	"[""EXPONE""]"	low	"[""continuity:same"", ""audit:not_shift""]"	False
P900117	1corintios	3	14	3:14	117	1corintios-3-14-P02	"[""CONDICIÓN""]"	"[""EXPONE""]"	"[""CONDICIÓN"", ""EXPONE""]"	moderate	"[""connector:ει:conditional"", ""continuity:same"", ""audit:not_shift""]"	False
P900118	1corintios	3	14	3:14	118	1corintios-3-14-P03	[]	"[""EXPONE""]"	"[""EXPONE""]"	low	"[""continuity:same"", ""audit:not_shift""]"	False
P900119	1corintios	3	15	3:15	119	1corintios-3-15-P01	[]	"[""EXPONE""]"	"[""EXPONE""]"	low	"[""continuity:same"", ""audit:not_shift""]"	False
P900120	1corintios	3	15	3:15	120	1corintios-3-15-P02	"[""CONDICIÓN""]"	"[""EXPONE""]"	"[""CONDICIÓN"", ""EXPONE""]"	moderate	"[""connector:ει:conditional"", ""continuity:same"", ""audit:not_shift""]"	False
P900121	1corintios	3	15	3:15	121	1corintios-3-15-P03	[]	"[""EXPONE""]"	"[""EXPONE""]"	low	"[""continuity:same"", ""audit:not_shift""]"	False
P900122	1corintios	3	16	3:16	122	1corintios-3-16-P01	[]	"[""ACLARA""]"	"[""ACLARA""]"	low	"[""continuity:shift"", ""audit:demonstrable_shift""]"	False
P900123	1corintios	3	16	3:16	123	1corintios-3-16-P02	[]	"[""EXPONE""]"	"[""EXPONE""]"	low	"[""continuity:same"", ""audit:not_shift""]"	False
P900124	1corintios	3	16	3:16	124	1corintios-3-16-P03	"[""RAZÓN"", ""ACLARA""]"	"[""ACLARA""]"	"[""RAZÓN"", ""ACLARA""]"	moderate	"[""connector:οτι:explanatory"", ""continuity:shift"", ""audit:demonstrable_shift""]"	False
P900125	1corintios	3	17	3:17	125	1corintios-3-17-P01	[]	"[""EXPONE""]"	"[""EXPONE""]"	low	"[""continuity:same"", ""audit:not_shift""]"	False
P900126	1corintios	3	17	3:17	126	1corintios-3-17-P02	"[""CONDICIÓN""]"	"[""EXPONE""]"	"[""CONDICIÓN"", ""EXPONE""]"	moderate	"[""connector:ει:conditional"", ""continuity:same"", ""audit:not_shift""]"	False
P900127	1corintios	3	17	3:17	127	1corintios-3-17-P03	[]	"[""EXPONE""]"	"[""EXPONE""]"	low	"[""continuity:same"", ""audit:not_shift""]"	False
P900128	1corintios	3	17	3:17	128	1corintios-3-17-P04	[]	"[""ACLARA""]"	"[""ACLARA""]"	low	"[""continuity:shift"", ""audit:demonstrable_shift""]"	False
P900129	1corintios	3	18	3:18	129	1corintios-3-18-P01	[]	"[""ACLARA""]"	"[""ACLARA""]"	low	"[""continuity:shift"", ""audit:demonstrable_shift""]"	False
P900130	1corintios	3	18	3:18	130	1corintios-3-18-P02	[]	"[""EXPONE""]"	"[""EXPONE""]"	low	"[""continuity:same"", ""audit:not_shift""]"	False
P900131	1corintios	3	18	3:18	131	1corintios-3-18-P03	"[""CONDICIÓN""]"	"[""EXPONE""]"	"[""CONDICIÓN"", ""EXPONE""]"	moderate	"[""connector:ει:conditional"", ""continuity:same"", ""audit:not_shift""]"	False
P900132	1corintios	3	18	3:18	132	1corintios-3-18-P04	[]	"[""EXPONE""]"	"[""EXPONE""]"	low	"[""continuity:same"", ""audit:not_shift""]"	False
P900133	1corintios	3	19	3:19	133	1corintios-3-19-P01	"[""PROPÓSITO""]"	"[""EXPONE""]"	"[""PROPÓSITO"", ""EXPONE""]"	moderate	"[""connector:ινα:purpose"", ""continuity:same"", ""audit:not_shift""]"	False
P900134	1corintios	3	19	3:19	134	1corintios-3-19-P02	[]	"[""EXPONE""]"	"[""EXPONE""]"	low	"[""continuity:same"", ""audit:not_shift""]"	False
P900135	1corintios	3	20	3:20	135	1corintios-3-20-P01	[]	"[""EXPONE""]"	"[""EXPONE""]"	low	"[""continuity:same"", ""audit:not_shift""]"	False
P900136	1corintios	3	20	3:20	136	1corintios-3-20-P02	[]	"[""ACLARA""]"	"[""ACLARA""]"	low	"[""continuity:shift"", ""audit:weak_shift""]"	False
P900137	1corintios	3	21	3:21	137	1corintios-3-21-P01	"[""RAZÓN"", ""ACLARA"", ""RESULTADO""]"	"[""ACLARA""]"	"[""RAZÓN"", ""ACLARA"", ""RESULTADO""]"	moderate	"[""connector:οτι:explanatory"", ""connector:ωστε:inferential"", ""continuity:shift"", ""audit:weak_shift""]"	False
P900138	1corintios	3	21	3:21	138	1corintios-3-21-P02	[]	"[""EXPONE""]"	"[""EXPONE""]"	low	"[""continuity:same"", ""audit:not_shift""]"	False
P900139	1corintios	4	1	4:1	139	1corintios-4-1-P01	[]	"[""EXPONE""]"	"[""EXPONE""]"	low	"[""continuity:same"", ""audit:not_shift""]"	False
P900140	1corintios	4	2	4:2	140	1corintios-4-2-P01	[]	"[""EXPONE""]"	"[""EXPONE""]"	low	"[""continuity:same"", ""audit:not_shift""]"	False
P900141	1corintios	4	2	4:2	141	1corintios-4-2-P02	[]	"[""EXPONE""]"	"[""EXPONE""]"	low	"[""continuity:same"", ""audit:not_shift""]"	False
P900142	1corintios	4	3	4:3	142	1corintios-4-3-P01	"[""PROPÓSITO""]"	"[""EXPONE""]"	"[""PROPÓSITO"", ""EXPONE""]"	moderate	"[""connector:ινα:purpose"", ""continuity:same"", ""audit:not_shift""]"	False
P900143	1corintios	4	3	4:3	143	1corintios-4-3-P02	[]	"[""ACLARA""]"	"[""ACLARA""]"	low	"[""continuity:shift"", ""audit:demonstrable_shift""]"	False
P900144	1corintios	4	3	4:3	144	1corintios-4-3-P03	"[""PROPÓSITO""]"	"[""EXPONE""]"	"[""PROPÓSITO"", ""EXPONE""]"	moderate	"[""connector:ινα:purpose"", ""continuity:same"", ""audit:not_shift""]"	False
P900145	1corintios	4	4	4:4	145	1corintios-4-4-P01	[]	"[""EXPONE""]"	"[""EXPONE""]"	low	"[""continuity:same"", ""audit:not_shift""]"	False
P900146	1corintios	4	4	4:4	146	1corintios-4-4-P02	[]	"[""EXPONE""]"	"[""EXPONE""]"	low	"[""continuity:same"", ""audit:not_shift""]"	False
P900147	1corintios	4	4	4:4	147	1corintios-4-4-P03	[]	"[""ACLARA""]"	"[""ACLARA""]"	low	"[""continuity:shift"", ""audit:demonstrable_shift""]"	False
P900148	1corintios	4	5	4:5	148	1corintios-4-5-P01	"[""RESULTADO""]"	"[""ACLARA""]"	"[""RESULTADO"", ""ACLARA""]"	moderate	"[""connector:ωστε:inferential"", ""continuity:shift"", ""audit:demonstrable_shift""]"	False
P900149	1corintios	4	5	4:5	149	1corintios-4-5-P02	[]	"[""ACLARA""]"	"[""ACLARA""]"	low	"[""continuity:shift"", ""audit:demonstrable_shift""]"	False
P900150	1corintios	4	5	4:5	150	1corintios-4-5-P03	[]	"[""EXPONE""]"	"[""EXPONE""]"	low	"[""continuity:same"", ""audit:not_shift""]"	False
P900151	1corintios	4	5	4:5	151	1corintios-4-5-P04	[]	"[""EXPONE""]"	"[""EXPONE""]"	low	"[""continuity:same"", ""audit:not_shift""]"	False
P900152	1corintios	4	5	4:5	152	1corintios-4-5-P05	[]	"[""EXPONE""]"	"[""EXPONE""]"	low	"[""continuity:same"", ""audit:not_shift""]"	False
P900153	1corintios	4	6	4:6	153	1corintios-4-6-P01	[]	"[""ACLARA""]"	"[""ACLARA""]"	low	"[""continuity:shift"", ""audit:demonstrable_shift""]"	False
P900154	1corintios	4	6	4:6	154	1corintios-4-6-P02	[]	"[""ACLARA""]"	"[""ACLARA""]"	low	"[""continuity:shift"", ""audit:demonstrable_shift""]"	False
P900155	1corintios	4	6	4:6	155	1corintios-4-6-P03	"[""PROPÓSITO""]"	"[""ACLARA""]"	"[""PROPÓSITO"", ""ACLARA""]"	moderate	"[""connector:ινα:purpose"", ""continuity:shift"", ""audit:demonstrable_shift""]"	False
P900156	1corintios	4	6	4:6	156	1corintios-4-6-P04	[]	"[""ACLARA""]"	"[""ACLARA""]"	low	"[""continuity:shift"", ""audit:demonstrable_shift""]"	False
P900157	1corintios	4	7	4:7	157	1corintios-4-7-P01	"[""PROPÓSITO""]"	"[""ACLARA""]"	"[""PROPÓSITO"", ""ACLARA""]"	moderate	"[""connector:ινα:purpose"", ""continuity:shift"", ""audit:demonstrable_shift""]"	False
P900158	1corintios	4	7	4:7	158	1corintios-4-7-P02	[]	"[""ACLARA""]"	"[""ACLARA""]"	low	"[""continuity:shift"", ""audit:demonstrable_shift""]"	False
P900159	1corintios	4	7	4:7	159	1corintios-4-7-P03	[]	"[""EXPONE""]"	"[""EXPONE""]"	low	"[""continuity:same"", ""audit:not_shift""]"	False
P900160	1corintios	4	7	4:7	160	1corintios-4-7-P04	[]	"[""EXPONE""]"	"[""EXPONE""]"	low	"[""continuity:same"", ""audit:not_shift""]"	False
P900161	1corintios	4	7	4:7	161	1corintios-4-7-P05	"[""CONDICIÓN""]"	"[""EXPONE""]"	"[""CONDICIÓN"", ""EXPONE""]"	moderate	"[""connector:ει:conditional"", ""continuity:same"", ""audit:not_shift""]"	False
P900162	1corintios	4	8	4:8	162	1corintios-4-8-P01	[]	"[""ACLARA""]"	"[""ACLARA""]"	low	"[""continuity:shift"", ""audit:weak_shift""]"	False
P900163	1corintios	4	8	4:8	163	1corintios-4-8-P02	[]	"[""EXPONE""]"	"[""EXPONE""]"	low	"[""continuity:same"", ""audit:not_shift""]"	False
P900164	1corintios	4	8	4:8	164	1corintios-4-8-P03	[]	"[""EXPONE""]"	"[""EXPONE""]"	low	"[""continuity:same"", ""audit:not_shift""]"	False
P900165	1corintios	4	8	4:8	165	1corintios-4-8-P04	[]	"[""EXPONE""]"	"[""EXPONE""]"	low	"[""continuity:same"", ""audit:not_shift""]"	False
P900166	1corintios	4	8	4:8	166	1corintios-4-8-P05	[]	"[""ACLARA""]"	"[""ACLARA""]"	low	"[""continuity:shift"", ""audit:demonstrable_shift""]"	False
P900167	1corintios	4	9	4:9	167	1corintios-4-9-P01	"[""PROPÓSITO""]"	"[""ACLARA""]"	"[""PROPÓSITO"", ""ACLARA""]"	moderate	"[""connector:ινα:purpose"", ""continuity:shift"", ""audit:weak_shift""]"	False
P900168	1corintios	4	9	4:9	168	1corintios-4-9-P02	[]	"[""ACLARA""]"	"[""ACLARA""]"	low	"[""continuity:shift"", ""audit:demonstrable_shift""]"	False
P900169	1corintios	4	9	4:9	169	1corintios-4-9-P03	[]	"[""ACLARA""]"	"[""ACLARA""]"	low	"[""continuity:shift"", ""audit:demonstrable_shift""]"	False
P900170	1corintios	4	11	4:11	170	1corintios-4-11-P01	"[""ACLARA"", ""RAZÓN"", ""ACLARA""]"	"[""EXPONE""]"	"[""ACLARA"", ""RAZÓN"", ""EXPONE""]"	moderate	"[""connector:ως:comparative"", ""connector:οτι:explanatory"", ""continuity:same"", ""audit:not_shift""]"	False
P900171	1corintios	4	11	4:11	171	1corintios-4-11-P02	[]	"[""EXPONE""]"	"[""EXPONE""]"	low	"[""continuity:same"", ""audit:not_shift""]"	False
P900172	1corintios	4	11	4:11	172	1corintios-4-11-P03	[]	"[""EXPONE""]"	"[""EXPONE""]"	low	"[""continuity:same"", ""audit:not_shift""]"	False
P900173	1corintios	4	11	4:11	173	1corintios-4-11-P04	[]	"[""EXPONE""]"	"[""EXPONE""]"	low	"[""continuity:same"", ""audit:not_shift""]"	False
P900174	1corintios	4	11	4:11	174	1corintios-4-11-P05	[]	"[""EXPONE""]"	"[""EXPONE""]"	low	"[""continuity:same"", ""audit:not_shift""]"	False
P900175	1corintios	4	12	4:12	175	1corintios-4-12-P01	[]	"[""EXPONE""]"	"[""EXPONE""]"	low	"[""continuity:same"", ""audit:not_shift""]"	False
P900176	1corintios	4	12	4:12	176	1corintios-4-12-P02	[]	"[""EXPONE""]"	"[""EXPONE""]"	low	"[""continuity:same"", ""audit:not_shift""]"	False
P900177	1corintios	4	12	4:12	177	1corintios-4-12-P03	[]	"[""EXPONE""]"	"[""EXPONE""]"	low	"[""continuity:same"", ""audit:not_shift""]"	False
P900178	1corintios	4	13	4:13	178	1corintios-4-13-P01	[]	"[""EXPONE""]"	"[""EXPONE""]"	low	"[""continuity:same"", ""audit:not_shift""]"	False
P900179	1corintios	4	13	4:13	179	1corintios-4-13-P02	[]	"[""EXPONE""]"	"[""EXPONE""]"	low	"[""continuity:same"", ""audit:not_shift""]"	False
P900180	1corintios	4	14	4:14	180	1corintios-4-14-P01	"[""ACLARA""]"	"[""ACLARA""]"	"[""ACLARA""]"	moderate	"[""connector:ως:comparative"", ""continuity:shift"", ""audit:weak_shift""]"	False
P900181	1corintios	4	15	4:15	181	1corintios-4-15-P01	[]	"[""ACLARA""]"	"[""ACLARA""]"	low	"[""continuity:shift"", ""audit:demonstrable_shift""]"	False
P900182	1corintios	4	15	4:15	182	1corintios-4-15-P02	"[""CONDICIÓN""]"	"[""ACLARA""]"	"[""CONDICIÓN"", ""ACLARA""]"	moderate	"[""connector:εαν:conditional"", ""continuity:shift"", ""audit:demonstrable_shift""]"	False
P900183	1corintios	4	16	4:16	183	1corintios-4-16-P01	[]	"[""EXPONE""]"	"[""EXPONE""]"	low	"[""continuity:same"", ""audit:not_shift""]"	False
P900184	1corintios	4	16	4:16	184	1corintios-4-16-P02	[]	"[""ACLARA""]"	"[""ACLARA""]"	low	"[""continuity:shift"", ""audit:demonstrable_shift""]"	False
P900185	1corintios	4	17	4:17	185	1corintios-4-17-P01	[]	"[""ACLARA""]"	"[""ACLARA""]"	low	"[""continuity:shift"", ""audit:demonstrable_shift""]"	False
P900186	1corintios	4	17	4:17	186	1corintios-4-17-P02	[]	"[""ACLARA""]"	"[""ACLARA""]"	low	"[""continuity:shift"", ""audit:demonstrable_shift""]"	False
P900187	1corintios	4	17	4:17	187	1corintios-4-17-P03	[]	"[""EXPONE""]"	"[""EXPONE""]"	low	"[""continuity:same"", ""audit:not_shift""]"	False
P900188	1corintios	4	17	4:17	188	1corintios-4-17-P04	[]	"[""ACLARA""]"	"[""ACLARA""]"	low	"[""continuity:shift"", ""audit:demonstrable_shift""]"	False
P900189	1corintios	4	18	4:18	189	1corintios-4-18-P01	"[""ACLARA""]"	"[""ACLARA""]"	"[""ACLARA""]"	moderate	"[""connector:καθως:comparative"", ""continuity:shift"", ""audit:demonstrable_shift""]"	False
P900190	1corintios	4	19	4:19	190	1corintios-4-19-P01	"[""ACLARA""]"	"[""ACLARA""]"	"[""ACLARA""]"	moderate	"[""connector:ως:comparative"", ""continuity:shift"", ""audit:demonstrable_shift""]"	False
P900191	1corintios	4	19	4:19	191	1corintios-4-19-P02	[]	"[""ACLARA""]"	"[""ACLARA""]"	low	"[""continuity:shift"", ""audit:demonstrable_shift""]"	False
P900192	1corintios	4	19	4:19	192	1corintios-4-19-P03	"[""CONDICIÓN""]"	"[""ACLARA""]"	"[""CONDICIÓN"", ""ACLARA""]"	moderate	"[""connector:εαν:conditional"", ""continuity:shift"", ""audit:demonstrable_shift""]"	False
P900193	1corintios	4	21	4:21	193	1corintios-4-21-P01	[]	"[""ACLARA""]"	"[""ACLARA""]"	low	"[""continuity:shift"", ""audit:demonstrable_shift""]"	False
P900194	1corintios	4	21	4:21	194	1corintios-4-21-P02	[]	"[""ACLARA""]"	"[""ACLARA""]"	low	"[""continuity:shift"", ""audit:demonstrable_shift""]"	False
P900195	1corintios	5	1	5:1	195	1corintios-5-1-P01	[]	"[""ACLARA""]"	"[""ACLARA""]"	low	"[""continuity:shift"", ""audit:demonstrable_shift""]"	False
P900196	1corintios	5	2	5:2	196	1corintios-5-2-P01	[]	"[""ACLARA""]"	"[""ACLARA""]"	low	"[""continuity:shift"", ""audit:demonstrable_shift""]"	False
P900197	1corintios	5	2	5:2	197	1corintios-5-2-P02	[]	"[""EXPONE""]"	"[""EXPONE""]"	low	"[""continuity:same"", ""audit:not_shift""]"	False
P900198	1corintios	5	2	5:2	198	1corintios-5-2-P03	[]	"[""ACLARA""]"	"[""ACLARA""]"	low	"[""continuity:shift"", ""audit:demonstrable_shift""]"	False
P900199	1corintios	5	3	5:3	199	1corintios-5-3-P01	"[""PROPÓSITO""]"	"[""ACLARA""]"	"[""PROPÓSITO"", ""ACLARA""]"	moderate	"[""connector:ινα:purpose"", ""continuity:shift"", ""audit:demonstrable_shift""]"	False
P900200	1corintios	5	5	5:5	200	1corintios-5-5-P01	[]	"[""ACLARA""]"	"[""ACLARA""]"	low	"[""continuity:shift"", ""audit:demonstrable_shift""]"	False
P900201	1corintios	5	6	5:6	201	1corintios-5-6-P01	"[""PROPÓSITO""]"	"[""ACLARA""]"	"[""PROPÓSITO"", ""ACLARA""]"	moderate	"[""connector:ινα:purpose"", ""continuity:shift"", ""audit:demonstrable_shift""]"	False
P900202	1corintios	5	6	5:6	202	1corintios-5-6-P02	[]	"[""ACLARA""]"	"[""ACLARA""]"	low	"[""continuity:shift"", ""audit:demonstrable_shift""]"	False
P900203	1corintios	5	7	5:7	203	1corintios-5-7-P01	"[""RAZÓN"", ""ACLARA""]"	"[""ACLARA""]"	"[""RAZÓN"", ""ACLARA""]"	moderate	"[""connector:οτι:explanatory"", ""continuity:shift"", ""audit:demonstrable_shift""]"	False
P900204	1corintios	5	7	5:7	204	1corintios-5-7-P02	[]	"[""EXPONE""]"	"[""EXPONE""]"	low	"[""continuity:same"", ""audit:not_shift""]"	False
P900205	1corintios	5	7	5:7	205	1corintios-5-7-P03	"[""PROPÓSITO""]"	"[""EXPONE""]"	"[""PROPÓSITO"", ""EXPONE""]"	moderate	"[""connector:ινα:purpose"", ""continuity:same"", ""audit:not_shift""]"	False
P900206	1corintios	5	7	5:7	206	1corintios-5-7-P04	"[""ACLARA""]"	"[""ACLARA""]"	"[""ACLARA""]"	moderate	"[""connector:καθως:comparative"", ""continuity:shift"", ""audit:demonstrable_shift""]"	False
P900207	1corintios	5	8	5:8	207	1corintios-5-8-P01	"[""RESULTADO""]"	"[""ACLARA""]"	"[""RESULTADO"", ""ACLARA""]"	moderate	"[""connector:ωστε:inferential"", ""continuity:shift"", ""audit:demonstrable_shift""]"	False
P900208	1corintios	5	9	5:9	208	1corintios-5-9-P01	[]	"[""ACLARA""]"	"[""ACLARA""]"	low	"[""continuity:shift"", ""audit:weak_shift""]"	False
P900209	1corintios	5	10	5:10	209	1corintios-5-10-P01	[]	"[""ACLARA""]"	"[""ACLARA""]"	low	"[""continuity:shift"", ""audit:demonstrable_shift""]"	False
P900210	1corintios	5	11	5:11	210	1corintios-5-11-P01	[]	"[""ACLARA""]"	"[""ACLARA""]"	low	"[""continuity:shift"", ""audit:demonstrable_shift""]"	False
P900211	1corintios	5	11	5:11	211	1corintios-5-11-P02	[]	"[""ACLARA""]"	"[""ACLARA""]"	low	"[""continuity:shift"", ""audit:demonstrable_shift""]"	False
P900212	1corintios	5	12	5:12	212	1corintios-5-12-P01	"[""CONDICIÓN""]"	"[""ACLARA""]"	"[""CONDICIÓN"", ""ACLARA""]"	moderate	"[""connector:εαν:conditional"", ""continuity:shift"", ""audit:demonstrable_shift""]"	False
P900213	1corintios	5	13	5:13	213	1corintios-5-13-P01	[]	"[""ACLARA""]"	"[""ACLARA""]"	low	"[""continuity:shift"", ""audit:demonstrable_shift""]"	False
P900214	1corintios	5	13	5:13	214	1corintios-5-13-P02	[]	"[""ACLARA""]"	"[""ACLARA""]"	low	"[""continuity:shift"", ""audit:demonstrable_shift""]"	False
P900215	1corintios	6	1	6:1	215	1corintios-6-1-P01	[]	"[""ACLARA""]"	"[""ACLARA""]"	low	"[""continuity:shift"", ""audit:demonstrable_shift""]"	False
P900216	1corintios	6	2	6:2	216	1corintios-6-2-P01	[]	"[""ACLARA""]"	"[""ACLARA""]"	low	"[""continuity:shift"", ""audit:demonstrable_shift""]"	False
P900217	1corintios	6	2	6:2	217	1corintios-6-2-P02	[]	"[""ACLARA""]"	"[""ACLARA""]"	low	"[""continuity:shift"", ""audit:demonstrable_shift""]"	False
P900218	1corintios	6	2	6:2	218	1corintios-6-2-P03	"[""RAZÓN"", ""ACLARA""]"	"[""ACLARA""]"	"[""RAZÓN"", ""ACLARA""]"	moderate	"[""connector:οτι:explanatory"", ""continuity:shift"", ""audit:weak_shift""]"	False
P900219	1corintios	6	2	6:2	219	1corintios-6-2-P04	"[""CONDICIÓN""]"	"[""ACLARA""]"	"[""CONDICIÓN"", ""ACLARA""]"	moderate	"[""connector:ει:conditional"", ""continuity:shift"", ""audit:demonstrable_shift""]"	False
P900220	1corintios	6	3	6:3	220	1corintios-6-3-P01	[]	"[""EXPONE""]"	"[""EXPONE""]"	low	"[""continuity:same"", ""audit:not_shift""]"	False
P900221	1corintios	6	3	6:3	221	1corintios-6-3-P02	[]	"[""ACLARA""]"	"[""ACLARA""]"	low	"[""continuity:shift"", ""audit:demonstrable_shift""]"	False
P900222	1corintios	6	4	6:4	222	1corintios-6-4-P01	"[""RAZÓN"", ""ACLARA""]"	"[""ACLARA""]"	"[""RAZÓN"", ""ACLARA""]"	moderate	"[""connector:οτι:explanatory"", ""continuity:shift"", ""audit:demonstrable_shift""]"	False
P900223	1corintios	6	4	6:4	223	1corintios-6-4-P02	"[""CONDICIÓN""]"	"[""EXPONE""]"	"[""CONDICIÓN"", ""EXPONE""]"	moderate	"[""connector:εαν:conditional"", ""continuity:same"", ""audit:not_shift""]"	False
P900224	1corintios	6	5	6:5	224	1corintios-6-5-P01	[]	"[""ACLARA""]"	"[""ACLARA""]"	low	"[""continuity:shift"", ""audit:demonstrable_shift""]"	False
P900225	1corintios	6	5	6:5	225	1corintios-6-5-P02	[]	"[""ACLARA""]"	"[""ACLARA""]"	low	"[""continuity:shift"", ""audit:demonstrable_shift""]"	False
P900226	1corintios	6	5	6:5	226	1corintios-6-5-P03	[]	"[""EXPONE""]"	"[""EXPONE""]"	low	"[""continuity:same"", ""audit:not_shift""]"	False
P900227	1corintios	6	6	6:6	227	1corintios-6-6-P01	[]	"[""EXPONE""]"	"[""EXPONE""]"	low	"[""continuity:same"", ""audit:not_shift""]"	False
P900228	1corintios	6	7	6:7	228	1corintios-6-7-P01	[]	"[""EXPONE""]"	"[""EXPONE""]"	low	"[""continuity:same"", ""audit:not_shift""]"	False
P900229	1corintios	6	7	6:7	229	1corintios-6-7-P02	[]	"[""ACLARA""]"	"[""ACLARA""]"	low	"[""continuity:shift"", ""audit:demonstrable_shift""]"	False
P900230	1corintios	6	7	6:7	230	1corintios-6-7-P03	"[""RAZÓN"", ""ACLARA""]"	"[""EXPONE""]"	"[""RAZÓN"", ""ACLARA"", ""EXPONE""]"	moderate	"[""connector:οτι:explanatory"", ""continuity:same"", ""audit:not_shift""]"	False
P900231	1corintios	6	7	6:7	231	1corintios-6-7-P04	[]	"[""EXPONE""]"	"[""EXPONE""]"	low	"[""continuity:same"", ""audit:not_shift""]"	False
P900232	1corintios	6	8	6:8	232	1corintios-6-8-P01	[]	"[""EXPONE""]"	"[""EXPONE""]"	low	"[""continuity:same"", ""audit:not_shift""]"	False
P900233	1corintios	6	8	6:8	233	1corintios-6-8-P02	[]	"[""EXPONE""]"	"[""EXPONE""]"	low	"[""continuity:same"", ""audit:not_shift""]"	False
P900234	1corintios	6	9	6:9	234	1corintios-6-9-P01	[]	"[""EXPONE""]"	"[""EXPONE""]"	low	"[""continuity:same"", ""audit:not_shift""]"	False
P900235	1corintios	6	9	6:9	235	1corintios-6-9-P02	[]	"[""ACLARA""]"	"[""ACLARA""]"	low	"[""continuity:shift"", ""audit:demonstrable_shift""]"	False
P900236	1corintios	6	9	6:9	236	1corintios-6-9-P03	"[""RAZÓN"", ""ACLARA""]"	"[""ACLARA""]"	"[""RAZÓN"", ""ACLARA""]"	moderate	"[""connector:οτι:explanatory"", ""continuity:shift"", ""audit:demonstrable_shift""]"	False
P900237	1corintios	6	10	6:10	237	1corintios-6-10-P01	[]	"[""ACLARA""]"	"[""ACLARA""]"	low	"[""continuity:shift"", ""audit:demonstrable_shift""]"	False
P900238	1corintios	6	11	6:11	238	1corintios-6-11-P01	[]	"[""ACLARA""]"	"[""ACLARA""]"	low	"[""continuity:shift"", ""audit:demonstrable_shift""]"	False
P900239	1corintios	6	11	6:11	239	1corintios-6-11-P02	[]	"[""EXPONE""]"	"[""EXPONE""]"	low	"[""continuity:same"", ""audit:not_shift""]"	False
P900240	1corintios	6	11	6:11	240	1corintios-6-11-P03	[]	"[""EXPONE""]"	"[""EXPONE""]"	low	"[""continuity:same"", ""audit:not_shift""]"	False
P900241	1corintios	6	11	6:11	241	1corintios-6-11-P04	[]	"[""EXPONE""]"	"[""EXPONE""]"	low	"[""continuity:same"", ""audit:not_shift""]"	False
P900242	1corintios	6	12	6:12	242	1corintios-6-12-P01	[]	"[""ACLARA""]"	"[""ACLARA""]"	low	"[""continuity:shift"", ""audit:demonstrable_shift""]"	False
P900243	1corintios	6	12	6:12	243	1corintios-6-12-P02	[]	"[""EXPONE""]"	"[""EXPONE""]"	low	"[""continuity:same"", ""audit:not_shift""]"	False
P900244	1corintios	6	12	6:12	244	1corintios-6-12-P03	[]	"[""EXPONE""]"	"[""EXPONE""]"	low	"[""continuity:same"", ""audit:not_shift""]"	False
P900245	1corintios	6	12	6:12	245	1corintios-6-12-P04	[]	"[""ACLARA""]"	"[""ACLARA""]"	low	"[""continuity:shift"", ""audit:demonstrable_shift""]"	False
P900246	1corintios	6	13	6:13	246	1corintios-6-13-P01	[]	"[""ACLARA""]"	"[""ACLARA""]"	low	"[""continuity:shift"", ""audit:demonstrable_shift""]"	False
P900247	1corintios	6	14	6:14	247	1corintios-6-14-P01	[]	"[""EXPONE""]"	"[""EXPONE""]"	low	"[""continuity:same"", ""audit:not_shift""]"	False
P900248	1corintios	6	14	6:14	248	1corintios-6-14-P02	[]	"[""EXPONE""]"	"[""EXPONE""]"	low	"[""continuity:same"", ""audit:not_shift""]"	False
P900249	1corintios	6	15	6:15	249	1corintios-6-15-P01	[]	"[""ACLARA""]"	"[""ACLARA""]"	low	"[""continuity:shift"", ""audit:demonstrable_shift""]"	False
P900250	1corintios	6	15	6:15	250	1corintios-6-15-P02	[]	"[""ACLARA""]"	"[""ACLARA""]"	low	"[""continuity:shift"", ""audit:demonstrable_shift""]"	False
P900251	1corintios	6	15	6:15	251	1corintios-6-15-P03	"[""RAZÓN"", ""ACLARA""]"	"[""ACLARA""]"	"[""RAZÓN"", ""ACLARA""]"	moderate	"[""connector:οτι:explanatory"", ""continuity:shift"", ""audit:demonstrable_shift""]"	False
P900252	1corintios	6	15	6:15	252	1corintios-6-15-P04	[]	"[""ACLARA""]"	"[""ACLARA""]"	low	"[""continuity:shift"", ""audit:demonstrable_shift""]"	False
P900253	1corintios	6	16	6:16	253	1corintios-6-16-P01	[]	"[""ACLARA""]"	"[""ACLARA""]"	low	"[""continuity:shift"", ""audit:demonstrable_shift""]"	False
P900254	1corintios	6	16	6:16	254	1corintios-6-16-P02	[]	"[""ACLARA""]"	"[""ACLARA""]"	low	"[""continuity:shift"", ""audit:demonstrable_shift""]"	False
P900255	1corintios	6	16	6:16	255	1corintios-6-16-P03	"[""RAZÓN"", ""ACLARA""]"	"[""ACLARA""]"	"[""RAZÓN"", ""ACLARA""]"	moderate	"[""connector:οτι:explanatory"", ""continuity:shift"", ""audit:weak_shift""]"	False
P900256	1corintios	6	16	6:16	256	1corintios-6-16-P04	[]	"[""ACLARA""]"	"[""ACLARA""]"	low	"[""continuity:shift"", ""audit:weak_shift""]"	False
P900257	1corintios	6	17	6:17	257	1corintios-6-17-P01	[]	"[""EXPONE""]"	"[""EXPONE""]"	low	"[""continuity:same"", ""audit:not_shift""]"	False
P900258	1corintios	6	18	6:18	258	1corintios-6-18-P01	[]	"[""ACLARA""]"	"[""ACLARA""]"	low	"[""continuity:shift"", ""audit:demonstrable_shift""]"	False
P900259	1corintios	6	18	6:18	259	1corintios-6-18-P02	[]	"[""ACLARA""]"	"[""ACLARA""]"	low	"[""continuity:shift"", ""audit:demonstrable_shift""]"	False
P900260	1corintios	6	18	6:18	260	1corintios-6-18-P03	"[""CONDICIÓN""]"	"[""EXPONE""]"	"[""CONDICIÓN"", ""EXPONE""]"	moderate	"[""connector:εαν:conditional"", ""continuity:same"", ""audit:not_shift""]"	False
P900261	1corintios	6	18	6:18	261	1corintios-6-18-P04	[]	"[""EXPONE""]"	"[""EXPONE""]"	low	"[""continuity:same"", ""audit:not_shift""]"	False
P900262	1corintios	6	19	6:19	262	1corintios-6-19-P01	[]	"[""ACLARA""]"	"[""ACLARA""]"	low	"[""continuity:shift"", ""audit:demonstrable_shift""]"	False
P900263	1corintios	6	19	6:19	263	1corintios-6-19-P02	[]	"[""ACLARA""]"	"[""ACLARA""]"	low	"[""continuity:shift"", ""audit:demonstrable_shift""]"	False
P900264	1corintios	6	19	6:19	264	1corintios-6-19-P03	"[""RAZÓN"", ""ACLARA""]"	"[""ACLARA""]"	"[""RAZÓN"", ""ACLARA""]"	moderate	"[""connector:οτι:explanatory"", ""continuity:shift"", ""audit:demonstrable_shift""]"	False
P900265	1corintios	6	19	6:19	265	1corintios-6-19-P04	[]	"[""EXPONE""]"	"[""EXPONE""]"	low	"[""continuity:same"", ""audit:not_shift""]"	False
P900266	1corintios	6	20	6:20	266	1corintios-6-20-P01	[]	"[""EXPONE""]"	"[""EXPONE""]"	low	"[""continuity:same"", ""audit:not_shift""]"	False
P900267	1corintios	6	20	6:20	267	1corintios-6-20-P02	[]	"[""EXPONE""]"	"[""EXPONE""]"	low	"[""continuity:same"", ""audit:not_shift""]"	False
P900268	1corintios	7	1	7:1	268	1corintios-7-1-P01	[]	"[""EXPONE""]"	"[""EXPONE""]"	low	"[""continuity:same"", ""audit:not_shift""]"	False
P900269	1corintios	7	2	7:2	269	1corintios-7-2-P01	[]	"[""ACLARA""]"	"[""ACLARA""]"	low	"[""continuity:shift"", ""audit:demonstrable_shift""]"	False
P900270	1corintios	7	2	7:2	270	1corintios-7-2-P02	[]	"[""EXPONE""]"	"[""EXPONE""]"	low	"[""continuity:same"", ""audit:not_shift""]"	False
P900271	1corintios	7	3	7:3	271	1corintios-7-3-P01	[]	"[""EXPONE""]"	"[""EXPONE""]"	low	"[""continuity:same"", ""audit:not_shift""]"	False
P900272	1corintios	7	4	7:4	272	1corintios-7-4-P01	[]	"[""EXPONE""]"	"[""EXPONE""]"	low	"[""continuity:same"", ""audit:not_shift""]"	False
P900273	1corintios	7	4	7:4	273	1corintios-7-4-P02	[]	"[""EXPONE""]"	"[""EXPONE""]"	low	"[""continuity:same"", ""audit:not_shift""]"	False
P900274	1corintios	7	5	7:5	274	1corintios-7-5-P01	[]	"[""ACLARA""]"	"[""ACLARA""]"	low	"[""continuity:shift"", ""audit:demonstrable_shift""]"	False
P900275	1corintios	7	5	7:5	275	1corintios-7-5-P02	[]	"[""EXPONE""]"	"[""EXPONE""]"	low	"[""continuity:same"", ""audit:not_shift""]"	False
P900276	1corintios	7	5	7:5	276	1corintios-7-5-P03	"[""CONDICIÓN"", ""PROPÓSITO""]"	"[""EXPONE""]"	"[""CONDICIÓN"", ""PROPÓSITO"", ""EXPONE""]"	moderate	"[""connector:ει:conditional"", ""connector:ινα:purpose"", ""continuity:same"", ""audit:not_shift""]"	False
P900277	1corintios	7	5	7:5	277	1corintios-7-5-P04	[]	"[""ACLARA""]"	"[""ACLARA""]"	low	"[""continuity:shift"", ""audit:demonstrable_shift""]"	False
P900278	1corintios	7	6	7:6	278	1corintios-7-6-P01	"[""PROPÓSITO""]"	"[""ACLARA""]"	"[""PROPÓSITO"", ""ACLARA""]"	moderate	"[""connector:ινα:purpose"", ""continuity:shift"", ""audit:demonstrable_shift""]"	False
P900279	1corintios	7	7	7:7	279	1corintios-7-7-P01	[]	"[""EXPONE""]"	"[""EXPONE""]"	low	"[""continuity:same"", ""audit:not_shift""]"	False
P900280	1corintios	7	7	7:7	280	1corintios-7-7-P02	[]	"[""ACLARA""]"	"[""ACLARA""]"	low	"[""continuity:shift"", ""audit:demonstrable_shift""]"	False
P900281	1corintios	7	8	7:8	281	1corintios-7-8-P01	"[""ACLARA""]"	"[""ACLARA""]"	"[""ACLARA""]"	moderate	"[""connector:ως:comparative"", ""continuity:shift"", ""audit:demonstrable_shift""]"	False
P900282	1corintios	7	8	7:8	282	1corintios-7-8-P02	[]	"[""ACLARA""]"	"[""ACLARA""]"	low	"[""continuity:shift"", ""audit:demonstrable_shift""]"	False
P900283	1corintios	7	9	7:9	283	1corintios-7-9-P01	"[""CONDICIÓN""]"	"[""EXPONE""]"	"[""CONDICIÓN"", ""EXPONE""]"	moderate	"[""connector:εαν:conditional"", ""continuity:same"", ""audit:not_shift""]"	False
P900284	1corintios	7	9	7:9	284	1corintios-7-9-P02	"[""CONDICIÓN""]"	"[""EXPONE""]"	"[""CONDICIÓN"", ""EXPONE""]"	moderate	"[""connector:ει:conditional"", ""continuity:same"", ""audit:not_shift""]"	False
P900285	1corintios	7	9	7:9	285	1corintios-7-9-P03	[]	"[""ACLARA""]"	"[""ACLARA""]"	low	"[""continuity:shift"", ""audit:weak_shift""]"	False
P900286	1corintios	7	10	7:10	286	1corintios-7-10-P01	[]	"[""ACLARA""]"	"[""ACLARA""]"	low	"[""continuity:shift"", ""audit:demonstrable_shift""]"	False
P900287	1corintios	7	11	7:11	287	1corintios-7-11-P01	[]	"[""ACLARA""]"	"[""ACLARA""]"	low	"[""continuity:shift"", ""audit:demonstrable_shift""]"	False
P900288	1corintios	7	11	7:11	288	1corintios-7-11-P02	"[""CONDICIÓN""]"	"[""EXPONE""]"	"[""CONDICIÓN"", ""EXPONE""]"	moderate	"[""connector:εαν:conditional"", ""continuity:same"", ""audit:not_shift""]"	False
P900289	1corintios	7	11	7:11	289	1corintios-7-11-P03	[]	"[""EXPONE""]"	"[""EXPONE""]"	low	"[""continuity:same"", ""audit:not_shift""]"	False
P900290	1corintios	7	12	7:12	290	1corintios-7-12-P01	[]	"[""ACLARA""]"	"[""ACLARA""]"	low	"[""continuity:shift"", ""audit:demonstrable_shift""]"	False
P900291	1corintios	7	12	7:12	291	1corintios-7-12-P02	[]	"[""ACLARA""]"	"[""ACLARA""]"	low	"[""continuity:shift"", ""audit:demonstrable_shift""]"	False
P900292	1corintios	7	12	7:12	292	1corintios-7-12-P03	"[""CONDICIÓN""]"	"[""EXPONE""]"	"[""CONDICIÓN"", ""EXPONE""]"	moderate	"[""connector:ει:conditional"", ""continuity:same"", ""audit:not_shift""]"	False
P900293	1corintios	7	12	7:12	293	1corintios-7-12-P04	[]	"[""EXPONE""]"	"[""EXPONE""]"	low	"[""continuity:same"", ""audit:not_shift""]"	False
P900294	1corintios	7	13	7:13	294	1corintios-7-13-P01	[]	"[""EXPONE""]"	"[""EXPONE""]"	low	"[""continuity:same"", ""audit:not_shift""]"	False
P900295	1corintios	7	13	7:13	295	1corintios-7-13-P02	"[""CONDICIÓN""]"	"[""EXPONE""]"	"[""CONDICIÓN"", ""EXPONE""]"	moderate	"[""connector:ει:conditional"", ""continuity:same"", ""audit:not_shift""]"	False
P900296	1corintios	7	13	7:13	296	1corintios-7-13-P03	[]	"[""EXPONE""]"	"[""EXPONE""]"	low	"[""continuity:same"", ""audit:not_shift""]"	False
P900297	1corintios	7	14	7:14	297	1corintios-7-14-P01	[]	"[""EXPONE""]"	"[""EXPONE""]"	low	"[""continuity:same"", ""audit:not_shift""]"	False
P900298	1corintios	7	14	7:14	298	1corintios-7-14-P02	[]	"[""EXPONE""]"	"[""EXPONE""]"	low	"[""continuity:same"", ""audit:not_shift""]"	False
P900299	1corintios	7	14	7:14	299	1corintios-7-14-P03	[]	"[""EXPONE""]"	"[""EXPONE""]"	low	"[""continuity:same"", ""audit:not_shift""]"	False
P900300	1corintios	7	14	7:14	300	1corintios-7-14-P04	[]	"[""EXPONE""]"	"[""EXPONE""]"	low	"[""continuity:same"", ""audit:not_shift""]"	False
P900301	1corintios	7	15	7:15	301	1corintios-7-15-P01	[]	"[""EXPONE""]"	"[""EXPONE""]"	low	"[""continuity:same"", ""audit:not_shift""]"	False
P900302	1corintios	7	15	7:15	302	1corintios-7-15-P02	"[""CONDICIÓN""]"	"[""EXPONE""]"	"[""CONDICIÓN"", ""EXPONE""]"	moderate	"[""connector:ει:conditional"", ""continuity:same"", ""audit:not_shift""]"	False
P900303	1corintios	7	15	7:15	303	1corintios-7-15-P03	[]	"[""EXPONE""]"	"[""EXPONE""]"	low	"[""continuity:same"", ""audit:not_shift""]"	False
P900304	1corintios	7	15	7:15	304	1corintios-7-15-P04	[]	"[""EXPONE""]"	"[""EXPONE""]"	low	"[""continuity:same"", ""audit:not_shift""]"	False
P900305	1corintios	7	16	7:16	305	1corintios-7-16-P01	[]	"[""ACLARA""]"	"[""ACLARA""]"	low	"[""continuity:shift"", ""audit:demonstrable_shift""]"	False
P900306	1corintios	7	16	7:16	306	1corintios-7-16-P02	[]	"[""EXPONE""]"	"[""EXPONE""]"	low	"[""continuity:same"", ""audit:not_shift""]"	False
P900307	1corintios	7	16	7:16	307	1corintios-7-16-P03	"[""CONDICIÓN""]"	"[""EXPONE""]"	"[""CONDICIÓN"", ""EXPONE""]"	moderate	"[""connector:ει:conditional"", ""continuity:same"", ""audit:not_shift""]"	False
P900308	1corintios	7	16	7:16	308	1corintios-7-16-P04	[]	"[""EXPONE""]"	"[""EXPONE""]"	low	"[""continuity:same"", ""audit:not_shift""]"	False
P900309	1corintios	7	17	7:17	309	1corintios-7-17-P01	"[""CONDICIÓN""]"	"[""ACLARA""]"	"[""CONDICIÓN"", ""ACLARA""]"	moderate	"[""connector:ει:conditional"", ""continuity:shift"", ""audit:demonstrable_shift""]"	False
P900310	1corintios	7	17	7:17	310	1corintios-7-17-P02	"[""CONDICIÓN"", ""ACLARA""]"	"[""EXPONE""]"	"[""CONDICIÓN"", ""ACLARA"", ""EXPONE""]"	moderate	"[""connector:ει:conditional"", ""connector:ως:comparative"", ""continuity:same"", ""audit:not_shift""]"	False
P900311	1corintios	7	17	7:17	311	1corintios-7-17-P03	"[""ACLARA""]"	"[""EXPONE""]"	"[""ACLARA"", ""EXPONE""]"	moderate	"[""connector:ως:comparative"", ""continuity:same"", ""audit:not_shift""]"	False
P900312	1corintios	7	17	7:17	312	1corintios-7-17-P04	[]	"[""ACLARA""]"	"[""ACLARA""]"	low	"[""continuity:shift"", ""audit:demonstrable_shift""]"	False
P900313	1corintios	7	18	7:18	313	1corintios-7-18-P01	[]	"[""ACLARA""]"	"[""ACLARA""]"	low	"[""continuity:shift"", ""audit:demonstrable_shift""]"	False
P900314	1corintios	7	18	7:18	314	1corintios-7-18-P02	[]	"[""EXPONE""]"	"[""EXPONE""]"	low	"[""continuity:same"", ""audit:not_shift""]"	False
P900315	1corintios	7	18	7:18	315	1corintios-7-18-P03	[]	"[""EXPONE""]"	"[""EXPONE""]"	low	"[""continuity:same"", ""audit:not_shift""]"	False
P900316	1corintios	7	18	7:18	316	1corintios-7-18-P04	[]	"[""EXPONE""]"	"[""EXPONE""]"	low	"[""continuity:same"", ""audit:not_shift""]"	False
P900317	1corintios	7	19	7:19	317	1corintios-7-19-P01	[]	"[""EXPONE""]"	"[""EXPONE""]"	low	"[""continuity:same"", ""audit:not_shift""]"	False
P900318	1corintios	7	19	7:19	318	1corintios-7-19-P02	[]	"[""EXPONE""]"	"[""EXPONE""]"	low	"[""continuity:same"", ""audit:not_shift""]"	False
P900319	1corintios	7	20	7:20	319	1corintios-7-20-P01	[]	"[""EXPONE""]"	"[""EXPONE""]"	low	"[""continuity:same"", ""audit:not_shift""]"	False
P900320	1corintios	7	20	7:20	320	1corintios-7-20-P02	[]	"[""EXPONE""]"	"[""EXPONE""]"	low	"[""continuity:same"", ""audit:not_shift""]"	False
P900321	1corintios	7	21	7:21	321	1corintios-7-21-P01	[]	"[""ACLARA""]"	"[""ACLARA""]"	low	"[""continuity:shift"", ""audit:demonstrable_shift""]"	False
P900322	1corintios	7	21	7:21	322	1corintios-7-21-P02	[]	"[""ACLARA""]"	"[""ACLARA""]"	low	"[""continuity:shift"", ""audit:demonstrable_shift""]"	False
P900323	1corintios	7	21	7:21	323	1corintios-7-21-P03	[]	"[""ACLARA""]"	"[""ACLARA""]"	low	"[""continuity:shift"", ""audit:demonstrable_shift""]"	False
P900324	1corintios	7	21	7:21	324	1corintios-7-21-P04	"[""CONDICIÓN""]"	"[""EXPONE""]"	"[""CONDICIÓN"", ""EXPONE""]"	moderate	"[""connector:ει:conditional"", ""continuity:same"", ""audit:not_shift""]"	False
P900325	1corintios	7	22	7:22	325	1corintios-7-22-P01	[]	"[""ACLARA""]"	"[""ACLARA""]"	low	"[""continuity:shift"", ""audit:demonstrable_shift""]"	False
P900326	1corintios	7	22	7:22	326	1corintios-7-22-P02	[]	"[""EXPONE""]"	"[""EXPONE""]"	low	"[""continuity:same"", ""audit:not_shift""]"	False
P900327	1corintios	7	23	7:23	327	1corintios-7-23-P01	[]	"[""ACLARA""]"	"[""ACLARA""]"	low	"[""continuity:shift"", ""audit:demonstrable_shift""]"	False
P900328	1corintios	7	23	7:23	328	1corintios-7-23-P02	[]	"[""EXPONE""]"	"[""EXPONE""]"	low	"[""continuity:same"", ""audit:not_shift""]"	False
P900329	1corintios	7	24	7:24	329	1corintios-7-24-P01	[]	"[""ACLARA""]"	"[""ACLARA""]"	low	"[""continuity:shift"", ""audit:demonstrable_shift""]"	False
P900330	1corintios	7	24	7:24	330	1corintios-7-24-P02	[]	"[""EXPONE""]"	"[""EXPONE""]"	low	"[""continuity:same"", ""audit:not_shift""]"	False
P900331	1corintios	7	25	7:25	331	1corintios-7-25-P01	[]	"[""ACLARA""]"	"[""ACLARA""]"	low	"[""continuity:shift"", ""audit:demonstrable_shift""]"	False
P900332	1corintios	7	25	7:25	332	1corintios-7-25-P02	[]	"[""EXPONE""]"	"[""EXPONE""]"	low	"[""continuity:same"", ""audit:not_shift""]"	False
P900333	1corintios	7	26	7:26	333	1corintios-7-26-P01	[]	"[""EXPONE""]"	"[""EXPONE""]"	low	"[""continuity:same"", ""audit:not_shift""]"	False
P900334	1corintios	7	27	7:27	334	1corintios-7-27-P01	[]	"[""ACLARA""]"	"[""ACLARA""]"	low	"[""continuity:shift"", ""audit:demonstrable_shift""]"	False
P900335	1corintios	7	27	7:27	335	1corintios-7-27-P02	[]	"[""EXPONE""]"	"[""EXPONE""]"	low	"[""continuity:same"", ""audit:not_shift""]"	False
P900336	1corintios	7	27	7:27	336	1corintios-7-27-P03	[]	"[""EXPONE""]"	"[""EXPONE""]"	low	"[""continuity:same"", ""audit:not_shift""]"	False
P900337	1corintios	7	27	7:27	337	1corintios-7-27-P04	[]	"[""EXPONE""]"	"[""EXPONE""]"	low	"[""continuity:same"", ""audit:not_shift""]"	False
P900338	1corintios	7	28	7:28	338	1corintios-7-28-P01	[]	"[""EXPONE""]"	"[""EXPONE""]"	low	"[""continuity:same"", ""audit:not_shift""]"	False
P900339	1corintios	7	28	7:28	339	1corintios-7-28-P02	"[""CONDICIÓN""]"	"[""EXPONE""]"	"[""CONDICIÓN"", ""EXPONE""]"	moderate	"[""connector:εαν:conditional"", ""continuity:same"", ""audit:not_shift""]"	False
P900340	1corintios	7	28	7:28	340	1corintios-7-28-P03	[]	"[""ACLARA""]"	"[""ACLARA""]"	low	"[""continuity:shift"", ""audit:demonstrable_shift""]"	False
P900341	1corintios	7	28	7:28	341	1corintios-7-28-P04	"[""CONDICIÓN""]"	"[""EXPONE""]"	"[""CONDICIÓN"", ""EXPONE""]"	moderate	"[""connector:εαν:conditional"", ""continuity:same"", ""audit:not_shift""]"	False
P900342	1corintios	7	28	7:28	342	1corintios-7-28-P05	[]	"[""ACLARA""]"	"[""ACLARA""]"	low	"[""continuity:shift"", ""audit:weak_shift""]"	False
P900343	1corintios	7	28	7:28	343	1corintios-7-28-P06	[]	"[""ACLARA""]"	"[""ACLARA""]"	low	"[""continuity:shift"", ""audit:demonstrable_shift""]"	False
P900344	1corintios	7	29	7:29	344	1corintios-7-29-P01	[]	"[""EXPONE""]"	"[""EXPONE""]"	low	"[""continuity:same"", ""audit:not_shift""]"	False
P900345	1corintios	7	29	7:29	345	1corintios-7-29-P02	[]	"[""ACLARA""]"	"[""ACLARA""]"	low	"[""continuity:shift"", ""audit:demonstrable_shift""]"	False
P900346	1corintios	7	29	7:29	346	1corintios-7-29-P03	[]	"[""ACLARA""]"	"[""ACLARA""]"	low	"[""continuity:shift"", ""audit:weak_shift""]"	False
P900347	1corintios	7	31	7:31	347	1corintios-7-31-P01	"[""PROPÓSITO"", ""ACLARA""]"	"[""ACLARA""]"	"[""PROPÓSITO"", ""ACLARA""]"	moderate	"[""connector:ινα:purpose"", ""connector:ως:comparative"", ""continuity:shift"", ""audit:weak_shift""]"	False
P900348	1corintios	7	32	7:32	348	1corintios-7-32-P01	"[""ACLARA""]"	"[""ACLARA""]"	"[""ACLARA""]"	moderate	"[""connector:ως:comparative"", ""continuity:shift"", ""audit:demonstrable_shift""]"	False
P900349	1corintios	7	32	7:32	349	1corintios-7-32-P02	[]	"[""ACLARA""]"	"[""ACLARA""]"	low	"[""continuity:shift"", ""audit:demonstrable_shift""]"	False
P900350	1corintios	7	32	7:32	350	1corintios-7-32-P03	[]	"[""EXPONE""]"	"[""EXPONE""]"	low	"[""continuity:same"", ""audit:not_shift""]"	False
P900351	1corintios	7	33	7:33	351	1corintios-7-33-P01	[]	"[""EXPONE""]"	"[""EXPONE""]"	low	"[""continuity:same"", ""audit:not_shift""]"	False
P900352	1corintios	7	33	7:33	352	1corintios-7-33-P02	[]	"[""EXPONE""]"	"[""EXPONE""]"	low	"[""continuity:same"", ""audit:not_shift""]"	False
P900353	1corintios	7	34	7:34	353	1corintios-7-34-P01	[]	"[""EXPONE""]"	"[""EXPONE""]"	low	"[""continuity:same"", ""audit:not_shift""]"	False
P900354	1corintios	7	34	7:34	354	1corintios-7-34-P02	[]	"[""EXPONE""]"	"[""EXPONE""]"	low	"[""continuity:same"", ""audit:not_shift""]"	False
P900355	1corintios	7	34	7:34	355	1corintios-7-34-P03	[]	"[""EXPONE""]"	"[""EXPONE""]"	low	"[""continuity:same"", ""audit:not_shift""]"	False
P900356	1corintios	7	34	7:34	356	1corintios-7-34-P04	"[""PROPÓSITO""]"	"[""EXPONE""]"	"[""PROPÓSITO"", ""EXPONE""]"	moderate	"[""connector:ινα:purpose"", ""continuity:same"", ""audit:not_shift""]"	False
P900357	1corintios	7	34	7:34	357	1corintios-7-34-P05	[]	"[""EXPONE""]"	"[""EXPONE""]"	low	"[""continuity:same"", ""audit:not_shift""]"	False
P900358	1corintios	7	35	7:35	358	1corintios-7-35-P01	[]	"[""ACLARA""]"	"[""ACLARA""]"	low	"[""continuity:shift"", ""audit:demonstrable_shift""]"	False
P900359	1corintios	7	35	7:35	359	1corintios-7-35-P02	[]	"[""EXPONE""]"	"[""EXPONE""]"	low	"[""continuity:same"", ""audit:not_shift""]"	False
P900360	1corintios	7	36	7:36	360	1corintios-7-36-P01	"[""PROPÓSITO""]"	"[""ACLARA""]"	"[""PROPÓSITO"", ""ACLARA""]"	moderate	"[""connector:ινα:purpose"", ""continuity:shift"", ""audit:demonstrable_shift""]"	False
P900361	1corintios	7	36	7:36	361	1corintios-7-36-P02	"[""CONDICIÓN""]"	"[""EXPONE""]"	"[""CONDICIÓN"", ""EXPONE""]"	moderate	"[""connector:ει:conditional"", ""continuity:same"", ""audit:not_shift""]"	False
P900362	1corintios	7	36	7:36	362	1corintios-7-36-P03	"[""CONDICIÓN""]"	"[""EXPONE""]"	"[""CONDICIÓN"", ""EXPONE""]"	moderate	"[""connector:εαν:conditional"", ""continuity:same"", ""audit:not_shift""]"	False
P900363	1corintios	7	36	7:36	363	1corintios-7-36-P04	[]	"[""EXPONE""]"	"[""EXPONE""]"	low	"[""continuity:same"", ""audit:not_shift""]"	False
P900364	1corintios	7	36	7:36	364	1corintios-7-36-P05	[]	"[""EXPONE""]"	"[""EXPONE""]"	low	"[""continuity:same"", ""audit:not_shift""]"	False
P900365	1corintios	7	36	7:36	365	1corintios-7-36-P06	[]	"[""EXPONE""]"	"[""EXPONE""]"	low	"[""continuity:same"", ""audit:not_shift""]"	False
P900366	1corintios	7	36	7:36	366	1corintios-7-36-P07	[]	"[""ACLARA""]"	"[""ACLARA""]"	low	"[""continuity:shift"", ""audit:weak_shift""]"	False
P900367	1corintios	7	37	7:37	367	1corintios-7-37-P01	[]	"[""ACLARA""]"	"[""ACLARA""]"	low	"[""continuity:shift"", ""audit:weak_shift""]"	False
P900368	1corintios	7	37	7:37	368	1corintios-7-37-P02	[]	"[""EXPONE""]"	"[""EXPONE""]"	low	"[""continuity:same"", ""audit:not_shift""]"	False
P900369	1corintios	7	37	7:37	369	1corintios-7-37-P03	[]	"[""EXPONE""]"	"[""EXPONE""]"	low	"[""continuity:same"", ""audit:not_shift""]"	False
P900370	1corintios	7	37	7:37	370	1corintios-7-37-P04	[]	"[""EXPONE""]"	"[""EXPONE""]"	low	"[""continuity:same"", ""audit:not_shift""]"	False
P900371	1corintios	7	38	7:38	371	1corintios-7-38-P01	"[""RESULTADO""]"	"[""EXPONE""]"	"[""RESULTADO"", ""EXPONE""]"	moderate	"[""connector:ωστε:inferential"", ""continuity:same"", ""audit:not_shift""]"	False
P900372	1corintios	7	38	7:38	372	1corintios-7-38-P02	[]	"[""EXPONE""]"	"[""EXPONE""]"	low	"[""continuity:same"", ""audit:not_shift""]"	False
P900373	1corintios	7	39	7:39	373	1corintios-7-39-P01	[]	"[""EXPONE""]"	"[""EXPONE""]"	low	"[""continuity:same"", ""audit:not_shift""]"	False
P900374	1corintios	7	39	7:39	374	1corintios-7-39-P02	[]	"[""EXPONE""]"	"[""EXPONE""]"	low	"[""continuity:same"", ""audit:not_shift""]"	False
P900375	1corintios	7	39	7:39	375	1corintios-7-39-P03	[]	"[""EXPONE""]"	"[""EXPONE""]"	low	"[""continuity:same"", ""audit:not_shift""]"	False
P900376	1corintios	7	39	7:39	376	1corintios-7-39-P04	"[""CONDICIÓN""]"	"[""EXPONE""]"	"[""CONDICIÓN"", ""EXPONE""]"	moderate	"[""connector:εαν:conditional"", ""continuity:same"", ""audit:not_shift""]"	False
P900377	1corintios	7	39	7:39	377	1corintios-7-39-P05	[]	"[""EXPONE""]"	"[""EXPONE""]"	low	"[""continuity:same"", ""audit:not_shift""]"	False
P900378	1corintios	7	40	7:40	378	1corintios-7-40-P01	[]	"[""EXPONE""]"	"[""EXPONE""]"	low	"[""continuity:same"", ""audit:not_shift""]"	False
P900379	1corintios	7	40	7:40	379	1corintios-7-40-P02	[]	"[""EXPONE""]"	"[""EXPONE""]"	low	"[""continuity:same"", ""audit:not_shift""]"	False
P900380	1corintios	7	40	7:40	380	1corintios-7-40-P03	"[""CONDICIÓN""]"	"[""ACLARA""]"	"[""CONDICIÓN"", ""ACLARA""]"	moderate	"[""connector:εαν:conditional"", ""continuity:shift"", ""audit:demonstrable_shift""]"	False
P900381	1corintios	8	1	8:1	381	1corintios-8-1-P01	[]	"[""ACLARA""]"	"[""ACLARA""]"	low	"[""continuity:shift"", ""audit:weak_shift""]"	False
P900382	1corintios	8	1	8:1	382	1corintios-8-1-P02	[]	"[""EXPONE""]"	"[""EXPONE""]"	low	"[""continuity:same"", ""audit:not_shift""]"	False
P900383	1corintios	8	1	8:1	383	1corintios-8-1-P03	"[""RAZÓN"", ""ACLARA""]"	"[""ACLARA""]"	"[""RAZÓN"", ""ACLARA""]"	moderate	"[""connector:οτι:explanatory"", ""continuity:shift"", ""audit:demonstrable_shift""]"	False
P900384	1corintios	8	1	8:1	384	1corintios-8-1-P04	[]	"[""EXPONE""]"	"[""EXPONE""]"	low	"[""continuity:same"", ""audit:not_shift""]"	False
P900385	1corintios	8	2	8:2	385	1corintios-8-2-P01	[]	"[""EXPONE""]"	"[""EXPONE""]"	low	"[""continuity:same"", ""audit:not_shift""]"	False
P900386	1corintios	8	2	8:2	386	1corintios-8-2-P02	"[""CONDICIÓN""]"	"[""EXPONE""]"	"[""CONDICIÓN"", ""EXPONE""]"	moderate	"[""connector:ει:conditional"", ""continuity:same"", ""audit:not_shift""]"	False
P900387	1corintios	8	2	8:2	387	1corintios-8-2-P03	[]	"[""EXPONE""]"	"[""EXPONE""]"	low	"[""continuity:same"", ""audit:not_shift""]"	False
P900388	1corintios	8	3	8:3	388	1corintios-8-3-P01	"[""ACLARA""]"	"[""EXPONE""]"	"[""ACLARA"", ""EXPONE""]"	moderate	"[""connector:καθως:comparative"", ""continuity:same"", ""audit:not_shift""]"	False
P900389	1corintios	8	3	8:3	389	1corintios-8-3-P02	"[""CONDICIÓN""]"	"[""EXPONE""]"	"[""CONDICIÓN"", ""EXPONE""]"	moderate	"[""connector:ει:conditional"", ""continuity:same"", ""audit:not_shift""]"	False
P900390	1corintios	8	4	8:4	390	1corintios-8-4-P01	[]	"[""ACLARA""]"	"[""ACLARA""]"	low	"[""continuity:shift"", ""audit:demonstrable_shift""]"	False
P900391	1corintios	8	5	8:5	391	1corintios-8-5-P01	[]	"[""ACLARA""]"	"[""ACLARA""]"	low	"[""continuity:shift"", ""audit:demonstrable_shift""]"	False
P900392	1corintios	8	5	8:5	392	1corintios-8-5-P02	[]	"[""EXPONE""]"	"[""EXPONE""]"	low	"[""continuity:same"", ""audit:not_shift""]"	False
P900393	1corintios	8	7	8:7	393	1corintios-8-7-P01	[]	"[""EXPONE""]"	"[""EXPONE""]"	low	"[""continuity:same"", ""audit:not_shift""]"	False
P900394	1corintios	8	7	8:7	394	1corintios-8-7-P02	"[""ACLARA""]"	"[""ACLARA""]"	"[""ACLARA""]"	moderate	"[""connector:ως:comparative"", ""continuity:shift"", ""audit:weak_shift""]"	False
P900395	1corintios	8	8	8:8	395	1corintios-8-8-P01	[]	"[""EXPONE""]"	"[""EXPONE""]"	low	"[""continuity:same"", ""audit:not_shift""]"	False
P900396	1corintios	8	8	8:8	396	1corintios-8-8-P02	[]	"[""ACLARA""]"	"[""ACLARA""]"	low	"[""continuity:shift"", ""audit:demonstrable_shift""]"	False
P900397	1corintios	8	8	8:8	397	1corintios-8-8-P03	"[""CONDICIÓN""]"	"[""EXPONE""]"	"[""CONDICIÓN"", ""EXPONE""]"	moderate	"[""connector:εαν:conditional"", ""continuity:same"", ""audit:not_shift""]"	False
P900398	1corintios	8	8	8:8	398	1corintios-8-8-P04	[]	"[""EXPONE""]"	"[""EXPONE""]"	low	"[""continuity:same"", ""audit:not_shift""]"	False
P900399	1corintios	8	8	8:8	399	1corintios-8-8-P05	"[""CONDICIÓN""]"	"[""EXPONE""]"	"[""CONDICIÓN"", ""EXPONE""]"	moderate	"[""connector:εαν:conditional"", ""continuity:same"", ""audit:not_shift""]"	False
P900400	1corintios	8	9	8:9	400	1corintios-8-9-P01	[]	"[""ACLARA""]"	"[""ACLARA""]"	low	"[""continuity:shift"", ""audit:demonstrable_shift""]"	False
P900401	1corintios	8	9	8:9	401	1corintios-8-9-P02	[]	"[""ACLARA""]"	"[""ACLARA""]"	low	"[""continuity:shift"", ""audit:demonstrable_shift""]"	False
P900402	1corintios	8	10	8:10	402	1corintios-8-10-P01	[]	"[""EXPONE""]"	"[""EXPONE""]"	low	"[""continuity:same"", ""audit:not_shift""]"	False
P900403	1corintios	8	10	8:10	403	1corintios-8-10-P02	"[""CONDICIÓN""]"	"[""EXPONE""]"	"[""CONDICIÓN"", ""EXPONE""]"	moderate	"[""connector:εαν:conditional"", ""continuity:same"", ""audit:not_shift""]"	False
P900404	1corintios	8	11	8:11	404	1corintios-8-11-P01	[]	"[""EXPONE""]"	"[""EXPONE""]"	low	"[""continuity:same"", ""audit:not_shift""]"	False
P900405	1corintios	8	11	8:11	405	1corintios-8-11-P02	[]	"[""EXPONE""]"	"[""EXPONE""]"	low	"[""continuity:same"", ""audit:not_shift""]"	False
P900406	1corintios	8	12	8:12	406	1corintios-8-12-P01	[]	"[""ACLARA""]"	"[""ACLARA""]"	low	"[""continuity:shift"", ""audit:demonstrable_shift""]"	False
P900407	1corintios	8	13	8:13	407	1corintios-8-13-P01	[]	"[""ACLARA""]"	"[""ACLARA""]"	low	"[""continuity:shift"", ""audit:demonstrable_shift""]"	False
P900408	1corintios	8	13	8:13	408	1corintios-8-13-P02	"[""CONDICIÓN""]"	"[""ACLARA""]"	"[""CONDICIÓN"", ""ACLARA""]"	moderate	"[""connector:ει:conditional"", ""continuity:shift"", ""audit:demonstrable_shift""]"	False
P900409	1corintios	8	13	8:13	409	1corintios-8-13-P03	[]	"[""EXPONE""]"	"[""EXPONE""]"	low	"[""continuity:same"", ""audit:not_shift""]"	False
P900410	1corintios	9	1	9:1	410	1corintios-9-1-P01	"[""PROPÓSITO""]"	"[""EXPONE""]"	"[""PROPÓSITO"", ""EXPONE""]"	moderate	"[""connector:ινα:purpose"", ""continuity:same"", ""audit:not_shift""]"	False
P900411	1corintios	9	1	9:1	411	1corintios-9-1-P02	[]	"[""EXPONE""]"	"[""EXPONE""]"	low	"[""continuity:same"", ""audit:not_shift""]"	False
P900412	1corintios	9	1	9:1	412	1corintios-9-1-P03	[]	"[""EXPONE""]"	"[""EXPONE""]"	low	"[""continuity:same"", ""audit:not_shift""]"	False
P900413	1corintios	9	1	9:1	413	1corintios-9-1-P04	[]	"[""ACLARA""]"	"[""ACLARA""]"	low	"[""continuity:shift"", ""audit:demonstrable_shift""]"	False
P900414	1corintios	9	2	9:2	414	1corintios-9-2-P01	[]	"[""ACLARA""]"	"[""ACLARA""]"	low	"[""continuity:shift"", ""audit:demonstrable_shift""]"	False
P900415	1corintios	9	2	9:2	415	1corintios-9-2-P02	"[""CONDICIÓN""]"	"[""EXPONE""]"	"[""CONDICIÓN"", ""EXPONE""]"	moderate	"[""connector:ει:conditional"", ""continuity:same"", ""audit:not_shift""]"	False
P900416	1corintios	9	2	9:2	416	1corintios-9-2-P03	[]	"[""ACLARA""]"	"[""ACLARA""]"	low	"[""continuity:shift"", ""audit:demonstrable_shift""]"	False
P900417	1corintios	9	3	9:3	417	1corintios-9-3-P01	[]	"[""ACLARA""]"	"[""ACLARA""]"	low	"[""continuity:shift"", ""audit:demonstrable_shift""]"	False
P900418	1corintios	9	4	9:4	418	1corintios-9-4-P01	[]	"[""ACLARA""]"	"[""ACLARA""]"	low	"[""continuity:shift"", ""audit:demonstrable_shift""]"	False
P900419	1corintios	9	5	9:5	419	1corintios-9-5-P01	[]	"[""EXPONE""]"	"[""EXPONE""]"	low	"[""continuity:same"", ""audit:not_shift""]"	False
P900420	1corintios	9	6	9:6	420	1corintios-9-6-P01	[]	"[""EXPONE""]"	"[""EXPONE""]"	low	"[""continuity:same"", ""audit:not_shift""]"	False
P900421	1corintios	9	7	9:7	421	1corintios-9-7-P01	[]	"[""ACLARA""]"	"[""ACLARA""]"	low	"[""continuity:shift"", ""audit:demonstrable_shift""]"	False
P900422	1corintios	9	7	9:7	422	1corintios-9-7-P02	[]	"[""EXPONE""]"	"[""EXPONE""]"	low	"[""continuity:same"", ""audit:not_shift""]"	False
P900423	1corintios	9	7	9:7	423	1corintios-9-7-P03	[]	"[""EXPONE""]"	"[""EXPONE""]"	low	"[""continuity:same"", ""audit:not_shift""]"	False
P900424	1corintios	9	7	9:7	424	1corintios-9-7-P04	[]	"[""EXPONE""]"	"[""EXPONE""]"	low	"[""continuity:same"", ""audit:not_shift""]"	False
P900425	1corintios	9	7	9:7	425	1corintios-9-7-P05	[]	"[""EXPONE""]"	"[""EXPONE""]"	low	"[""continuity:same"", ""audit:not_shift""]"	False
P900426	1corintios	9	8	9:8	426	1corintios-9-8-P01	[]	"[""ACLARA""]"	"[""ACLARA""]"	low	"[""continuity:shift"", ""audit:demonstrable_shift""]"	False
P900427	1corintios	9	8	9:8	427	1corintios-9-8-P02	[]	"[""ACLARA""]"	"[""ACLARA""]"	low	"[""continuity:shift"", ""audit:demonstrable_shift""]"	False
P900428	1corintios	9	9	9:9	428	1corintios-9-9-P01	[]	"[""EXPONE""]"	"[""EXPONE""]"	low	"[""continuity:same"", ""audit:not_shift""]"	False
P900429	1corintios	9	9	9:9	429	1corintios-9-9-P02	[]	"[""ACLARA""]"	"[""ACLARA""]"	low	"[""continuity:shift"", ""audit:demonstrable_shift""]"	False
P900430	1corintios	9	9	9:9	430	1corintios-9-9-P03	[]	"[""ACLARA""]"	"[""ACLARA""]"	low	"[""continuity:shift"", ""audit:demonstrable_shift""]"	False
P900431	1corintios	9	10	9:10	431	1corintios-9-10-P01	[]	"[""EXPONE""]"	"[""EXPONE""]"	low	"[""continuity:same"", ""audit:not_shift""]"	False
P900432	1corintios	9	10	9:10	432	1corintios-9-10-P02	[]	"[""EXPONE""]"	"[""EXPONE""]"	low	"[""continuity:same"", ""audit:not_shift""]"	False
P900433	1corintios	9	10	9:10	433	1corintios-9-10-P03	[]	"[""EXPONE""]"	"[""EXPONE""]"	low	"[""continuity:same"", ""audit:not_shift""]"	False
P900434	1corintios	9	11	9:11	434	1corintios-9-11-P01	"[""RAZÓN"", ""ACLARA""]"	"[""ACLARA""]"	"[""RAZÓN"", ""ACLARA""]"	moderate	"[""connector:οτι:explanatory"", ""continuity:shift"", ""audit:demonstrable_shift""]"	False
P900435	1corintios	9	11	9:11	435	1corintios-9-11-P02	"[""CONDICIÓN""]"	"[""EXPONE""]"	"[""CONDICIÓN"", ""EXPONE""]"	moderate	"[""connector:ει:conditional"", ""continuity:same"", ""audit:not_shift""]"	False
P900436	1corintios	9	12	9:12	436	1corintios-9-12-P01	"[""CONDICIÓN""]"	"[""ACLARA""]"	"[""CONDICIÓN"", ""ACLARA""]"	moderate	"[""connector:ει:conditional"", ""continuity:shift"", ""audit:demonstrable_shift""]"	False
P900437	1corintios	9	12	9:12	437	1corintios-9-12-P02	"[""CONDICIÓN""]"	"[""ACLARA""]"	"[""CONDICIÓN"", ""ACLARA""]"	moderate	"[""connector:ει:conditional"", ""continuity:shift"", ""audit:demonstrable_shift""]"	False
P900438	1corintios	9	12	9:12	438	1corintios-9-12-P03	[]	"[""EXPONE""]"	"[""EXPONE""]"	low	"[""continuity:same"", ""audit:not_shift""]"	False
P900439	1corintios	9	12	9:12	439	1corintios-9-12-P04	[]	"[""EXPONE""]"	"[""EXPONE""]"	low	"[""continuity:same"", ""audit:not_shift""]"	False
P900440	1corintios	9	13	9:13	440	1corintios-9-13-P01	"[""PROPÓSITO""]"	"[""ACLARA""]"	"[""PROPÓSITO"", ""ACLARA""]"	moderate	"[""connector:ινα:purpose"", ""continuity:shift"", ""audit:demonstrable_shift""]"	False
P900441	1corintios	9	13	9:13	441	1corintios-9-13-P02	[]	"[""ACLARA""]"	"[""ACLARA""]"	low	"[""continuity:shift"", ""audit:demonstrable_shift""]"	False
P900442	1corintios	9	13	9:13	442	1corintios-9-13-P03	"[""RAZÓN"", ""ACLARA""]"	"[""EXPONE""]"	"[""RAZÓN"", ""ACLARA"", ""EXPONE""]"	moderate	"[""connector:οτι:explanatory"", ""continuity:same"", ""audit:not_shift""]"	False
P900443	1corintios	9	14	9:14	443	1corintios-9-14-P01	[]	"[""ACLARA""]"	"[""ACLARA""]"	low	"[""continuity:shift"", ""audit:weak_shift""]"	False
P900444	1corintios	9	15	9:15	444	1corintios-9-15-P01	[]	"[""ACLARA""]"	"[""ACLARA""]"	low	"[""continuity:shift"", ""audit:demonstrable_shift""]"	False
P900445	1corintios	9	15	9:15	445	1corintios-9-15-P02	[]	"[""EXPONE""]"	"[""EXPONE""]"	low	"[""continuity:same"", ""audit:not_shift""]"	False
P900446	1corintios	9	15	9:15	446	1corintios-9-15-P03	[]	"[""ACLARA""]"	"[""ACLARA""]"	low	"[""continuity:shift"", ""audit:demonstrable_shift""]"	False
P900447	1corintios	9	15	9:15	447	1corintios-9-15-P04	"[""PROPÓSITO""]"	"[""EXPONE""]"	"[""PROPÓSITO"", ""EXPONE""]"	moderate	"[""connector:ινα:purpose"", ""continuity:same"", ""audit:not_shift""]"	False
P900448	1corintios	9	16	9:16	448	1corintios-9-16-P01	[]	"[""ACLARA""]"	"[""ACLARA""]"	low	"[""continuity:shift"", ""audit:demonstrable_shift""]"	False
P900449	1corintios	9	16	9:16	449	1corintios-9-16-P02	"[""CONDICIÓN""]"	"[""ACLARA""]"	"[""CONDICIÓN"", ""ACLARA""]"	moderate	"[""connector:εαν:conditional"", ""continuity:shift"", ""audit:demonstrable_shift""]"	False
P900450	1corintios	9	16	9:16	450	1corintios-9-16-P03	[]	"[""EXPONE""]"	"[""EXPONE""]"	low	"[""continuity:same"", ""audit:not_shift""]"	False
P900451	1corintios	9	16	9:16	451	1corintios-9-16-P04	[]	"[""EXPONE""]"	"[""EXPONE""]"	low	"[""continuity:same"", ""audit:not_shift""]"	False
P900452	1corintios	9	16	9:16	452	1corintios-9-16-P05	[]	"[""ACLARA""]"	"[""ACLARA""]"	low	"[""continuity:shift"", ""audit:demonstrable_shift""]"	False
P900453	1corintios	9	17	9:17	453	1corintios-9-17-P01	"[""CONDICIÓN""]"	"[""EXPONE""]"	"[""CONDICIÓN"", ""EXPONE""]"	moderate	"[""connector:εαν:conditional"", ""continuity:same"", ""audit:not_shift""]"	False
P900454	1corintios	9	17	9:17	454	1corintios-9-17-P02	"[""CONDICIÓN""]"	"[""EXPONE""]"	"[""CONDICIÓN"", ""EXPONE""]"	moderate	"[""connector:ει:conditional"", ""continuity:same"", ""audit:not_shift""]"	False
P900455	1corintios	9	17	9:17	455	1corintios-9-17-P03	[]	"[""EXPONE""]"	"[""EXPONE""]"	low	"[""continuity:same"", ""audit:not_shift""]"	False
P900456	1corintios	9	18	9:18	456	1corintios-9-18-P01	"[""CONDICIÓN""]"	"[""ACLARA""]"	"[""CONDICIÓN"", ""ACLARA""]"	moderate	"[""connector:ει:conditional"", ""continuity:shift"", ""audit:demonstrable_shift""]"	False
P900457	1corintios	9	18	9:18	457	1corintios-9-18-P02	[]	"[""ACLARA""]"	"[""ACLARA""]"	low	"[""continuity:shift"", ""audit:demonstrable_shift""]"	False
P900458	1corintios	9	19	9:19	458	1corintios-9-19-P01	"[""PROPÓSITO""]"	"[""EXPONE""]"	"[""PROPÓSITO"", ""EXPONE""]"	moderate	"[""connector:ινα:purpose"", ""continuity:same"", ""audit:not_shift""]"	False
P900459	1corintios	9	19	9:19	459	1corintios-9-19-P02	[]	"[""EXPONE""]"	"[""EXPONE""]"	low	"[""continuity:same"", ""audit:not_shift""]"	False
P900460	1corintios	9	20	9:20	460	1corintios-9-20-P01	"[""PROPÓSITO""]"	"[""EXPONE""]"	"[""PROPÓSITO"", ""EXPONE""]"	moderate	"[""connector:ινα:purpose"", ""continuity:same"", ""audit:not_shift""]"	False
P900461	1corintios	9	20	9:20	461	1corintios-9-20-P02	[]	"[""EXPONE""]"	"[""EXPONE""]"	low	"[""continuity:same"", ""audit:not_shift""]"	False
P900462	1corintios	9	20	9:20	462	1corintios-9-20-P03	"[""ACLARA"", ""PROPÓSITO""]"	"[""EXPONE""]"	"[""ACLARA"", ""PROPÓSITO"", ""EXPONE""]"	moderate	"[""connector:ως:comparative"", ""connector:ινα:purpose"", ""continuity:same"", ""audit:not_shift""]"	False
P900463	1corintios	9	21	9:21	463	1corintios-9-21-P01	"[""ACLARA"", ""PROPÓSITO""]"	"[""EXPONE""]"	"[""ACLARA"", ""PROPÓSITO"", ""EXPONE""]"	moderate	"[""connector:ως:comparative"", ""connector:ινα:purpose"", ""continuity:same"", ""audit:not_shift""]"	False
P900464	1corintios	9	22	9:22	464	1corintios-9-22-P01	"[""ACLARA"", ""PROPÓSITO""]"	"[""EXPONE""]"	"[""ACLARA"", ""PROPÓSITO"", ""EXPONE""]"	moderate	"[""connector:ως:comparative"", ""connector:ινα:purpose"", ""continuity:same"", ""audit:not_shift""]"	False
P900465	1corintios	9	22	9:22	465	1corintios-9-22-P02	[]	"[""EXPONE""]"	"[""EXPONE""]"	low	"[""continuity:same"", ""audit:not_shift""]"	False
P900466	1corintios	9	22	9:22	466	1corintios-9-22-P03	"[""PROPÓSITO""]"	"[""EXPONE""]"	"[""PROPÓSITO"", ""EXPONE""]"	moderate	"[""connector:ινα:purpose"", ""continuity:same"", ""audit:not_shift""]"	False
P900467	1corintios	9	22	9:22	467	1corintios-9-22-P04	[]	"[""EXPONE""]"	"[""EXPONE""]"	low	"[""continuity:same"", ""audit:not_shift""]"	False
P900468	1corintios	9	23	9:23	468	1corintios-9-23-P01	"[""PROPÓSITO""]"	"[""EXPONE""]"	"[""PROPÓSITO"", ""EXPONE""]"	moderate	"[""connector:ινα:purpose"", ""continuity:same"", ""audit:not_shift""]"	False
P900469	1corintios	9	23	9:23	469	1corintios-9-23-P02	[]	"[""EXPONE""]"	"[""EXPONE""]"	low	"[""continuity:same"", ""audit:not_shift""]"	False
P900470	1corintios	9	24	9:24	470	1corintios-9-24-P01	"[""PROPÓSITO""]"	"[""ACLARA""]"	"[""PROPÓSITO"", ""ACLARA""]"	moderate	"[""connector:ινα:purpose"", ""continuity:shift"", ""audit:demonstrable_shift""]"	False
P900471	1corintios	9	24	9:24	471	1corintios-9-24-P02	[]	"[""ACLARA""]"	"[""ACLARA""]"	low	"[""continuity:shift"", ""audit:demonstrable_shift""]"	False
P900472	1corintios	9	24	9:24	472	1corintios-9-24-P03	"[""RAZÓN"", ""ACLARA""]"	"[""ACLARA""]"	"[""RAZÓN"", ""ACLARA""]"	moderate	"[""connector:οτι:explanatory"", ""continuity:shift"", ""audit:weak_shift""]"	False
P900473	1corintios	9	24	9:24	473	1corintios-9-24-P04	[]	"[""ACLARA""]"	"[""ACLARA""]"	low	"[""continuity:shift"", ""audit:demonstrable_shift""]"	False
P900474	1corintios	9	24	9:24	474	1corintios-9-24-P05	[]	"[""EXPONE""]"	"[""EXPONE""]"	low	"[""continuity:same"", ""audit:not_shift""]"	False
P900475	1corintios	9	25	9:25	475	1corintios-9-25-P01	"[""PROPÓSITO""]"	"[""ACLARA""]"	"[""PROPÓSITO"", ""ACLARA""]"	moderate	"[""connector:ινα:purpose"", ""continuity:shift"", ""audit:demonstrable_shift""]"	False
P900476	1corintios	9	25	9:25	476	1corintios-9-25-P02	[]	"[""ACLARA""]"	"[""ACLARA""]"	low	"[""continuity:shift"", ""audit:weak_shift""]"	False
P900477	1corintios	9	26	9:26	477	1corintios-9-26-P01	"[""PROPÓSITO""]"	"[""ACLARA""]"	"[""PROPÓSITO"", ""ACLARA""]"	moderate	"[""connector:ινα:purpose"", ""continuity:shift"", ""audit:demonstrable_shift""]"	False
P900478	1corintios	9	26	9:26	478	1corintios-9-26-P02	[]	"[""EXPONE""]"	"[""EXPONE""]"	low	"[""continuity:same"", ""audit:not_shift""]"	False
P900479	1corintios	9	27	9:27	479	1corintios-9-27-P01	"[""ACLARA""]"	"[""EXPONE""]"	"[""ACLARA"", ""EXPONE""]"	moderate	"[""connector:ως:comparative"", ""continuity:same"", ""audit:not_shift""]"	False
P900480	1corintios	9	27	9:27	480	1corintios-9-27-P02	[]	"[""EXPONE""]"	"[""EXPONE""]"	low	"[""continuity:same"", ""audit:not_shift""]"	False
P900481	1corintios	9	27	9:27	481	1corintios-9-27-P03	[]	"[""EXPONE""]"	"[""EXPONE""]"	low	"[""continuity:same"", ""audit:not_shift""]"	False
P900482	1corintios	10	1	10:1	482	1corintios-10-1-P01	[]	"[""EXPONE""]"	"[""EXPONE""]"	low	"[""continuity:same"", ""audit:not_shift""]"	False
P900483	1corintios	10	1	10:1	483	1corintios-10-1-P02	[]	"[""ACLARA""]"	"[""ACLARA""]"	low	"[""continuity:shift"", ""audit:demonstrable_shift""]"	False
P900484	1corintios	10	1	10:1	484	1corintios-10-1-P03	"[""RAZÓN"", ""ACLARA""]"	"[""EXPONE""]"	"[""RAZÓN"", ""ACLARA"", ""EXPONE""]"	moderate	"[""connector:οτι:explanatory"", ""continuity:same"", ""audit:not_shift""]"	False
P900485	1corintios	10	2	10:2	485	1corintios-10-2-P01	[]	"[""EXPONE""]"	"[""EXPONE""]"	low	"[""continuity:same"", ""audit:not_shift""]"	False
P900486	1corintios	10	3	10:3	486	1corintios-10-3-P01	[]	"[""EXPONE""]"	"[""EXPONE""]"	low	"[""continuity:same"", ""audit:not_shift""]"	False
P900487	1corintios	10	4	10:4	487	1corintios-10-4-P01	[]	"[""EXPONE""]"	"[""EXPONE""]"	low	"[""continuity:same"", ""audit:not_shift""]"	False
P900488	1corintios	10	4	10:4	488	1corintios-10-4-P02	[]	"[""EXPONE""]"	"[""EXPONE""]"	low	"[""continuity:same"", ""audit:not_shift""]"	False
P900489	1corintios	10	4	10:4	489	1corintios-10-4-P03	[]	"[""ACLARA""]"	"[""ACLARA""]"	low	"[""continuity:shift"", ""audit:weak_shift""]"	False
P900490	1corintios	10	5	10:5	490	1corintios-10-5-P01	[]	"[""EXPONE""]"	"[""EXPONE""]"	low	"[""continuity:same"", ""audit:not_shift""]"	False
P900491	1corintios	10	5	10:5	491	1corintios-10-5-P02	[]	"[""ACLARA""]"	"[""ACLARA""]"	low	"[""continuity:shift"", ""audit:weak_shift""]"	False
P900492	1corintios	10	6	10:6	492	1corintios-10-6-P01	[]	"[""EXPONE""]"	"[""EXPONE""]"	low	"[""continuity:same"", ""audit:not_shift""]"	False
P900493	1corintios	10	6	10:6	493	1corintios-10-6-P02	[]	"[""EXPONE""]"	"[""EXPONE""]"	low	"[""continuity:same"", ""audit:not_shift""]"	False
P900494	1corintios	10	7	10:7	494	1corintios-10-7-P01	"[""ACLARA""]"	"[""ACLARA""]"	"[""ACLARA""]"	moderate	"[""connector:καθως:comparative"", ""continuity:shift"", ""audit:demonstrable_shift""]"	False
P900495	1corintios	10	7	10:7	495	1corintios-10-7-P02	[]	"[""ACLARA""]"	"[""ACLARA""]"	low	"[""continuity:shift"", ""audit:demonstrable_shift""]"	False
P900496	1corintios	10	7	10:7	496	1corintios-10-7-P03	"[""ACLARA""]"	"[""EXPONE""]"	"[""ACLARA"", ""EXPONE""]"	moderate	"[""connector:καθως:comparative"", ""continuity:same"", ""audit:not_shift""]"	False
P900497	1corintios	10	7	10:7	497	1corintios-10-7-P04	[]	"[""ACLARA""]"	"[""ACLARA""]"	low	"[""continuity:shift"", ""audit:weak_shift""]"	False
P900498	1corintios	10	8	10:8	498	1corintios-10-8-P01	[]	"[""ACLARA""]"	"[""ACLARA""]"	low	"[""continuity:shift"", ""audit:demonstrable_shift""]"	False
P900499	1corintios	10	8	10:8	499	1corintios-10-8-P02	[]	"[""ACLARA""]"	"[""ACLARA""]"	low	"[""continuity:shift"", ""audit:demonstrable_shift""]"	False
P900500	1corintios	10	8	10:8	500	1corintios-10-8-P03	"[""ACLARA""]"	"[""EXPONE""]"	"[""ACLARA"", ""EXPONE""]"	moderate	"[""connector:καθως:comparative"", ""continuity:same"", ""audit:not_shift""]"	False
P900501	1corintios	10	9	10:9	501	1corintios-10-9-P01	[]	"[""ACLARA""]"	"[""ACLARA""]"	low	"[""continuity:shift"", ""audit:demonstrable_shift""]"	False
P900502	1corintios	10	9	10:9	502	1corintios-10-9-P02	[]	"[""ACLARA""]"	"[""ACLARA""]"	low	"[""continuity:shift"", ""audit:demonstrable_shift""]"	False
P900503	1corintios	10	9	10:9	503	1corintios-10-9-P03	"[""ACLARA""]"	"[""EXPONE""]"	"[""ACLARA"", ""EXPONE""]"	moderate	"[""connector:καθως:comparative"", ""continuity:same"", ""audit:not_shift""]"	False
P900504	1corintios	10	10	10:10	504	1corintios-10-10-P01	[]	"[""ACLARA""]"	"[""ACLARA""]"	low	"[""continuity:shift"", ""audit:demonstrable_shift""]"	False
P900505	1corintios	10	10	10:10	505	1corintios-10-10-P02	[]	"[""ACLARA""]"	"[""ACLARA""]"	low	"[""continuity:shift"", ""audit:demonstrable_shift""]"	False
P900506	1corintios	10	10	10:10	506	1corintios-10-10-P03	[]	"[""EXPONE""]"	"[""EXPONE""]"	low	"[""continuity:same"", ""audit:not_shift""]"	False
P900507	1corintios	10	11	10:11	507	1corintios-10-11-P01	[]	"[""ACLARA""]"	"[""ACLARA""]"	low	"[""continuity:shift"", ""audit:weak_shift""]"	False
P900508	1corintios	10	11	10:11	508	1corintios-10-11-P02	[]	"[""EXPONE""]"	"[""EXPONE""]"	low	"[""continuity:same"", ""audit:not_shift""]"	False
P900509	1corintios	10	11	10:11	509	1corintios-10-11-P03	[]	"[""EXPONE""]"	"[""EXPONE""]"	low	"[""continuity:same"", ""audit:not_shift""]"	False
P900510	1corintios	10	12	10:12	510	1corintios-10-12-P01	"[""RESULTADO""]"	"[""EXPONE""]"	"[""RESULTADO"", ""EXPONE""]"	moderate	"[""connector:ωστε:inferential"", ""continuity:same"", ""audit:not_shift""]"	False
P900511	1corintios	10	12	10:12	511	1corintios-10-12-P02	[]	"[""EXPONE""]"	"[""EXPONE""]"	low	"[""continuity:same"", ""audit:not_shift""]"	False
P900512	1corintios	10	13	10:13	512	1corintios-10-13-P01	[]	"[""EXPONE""]"	"[""EXPONE""]"	low	"[""continuity:same"", ""audit:not_shift""]"	False
P900513	1corintios	10	13	10:13	513	1corintios-10-13-P02	[]	"[""EXPONE""]"	"[""EXPONE""]"	low	"[""continuity:same"", ""audit:not_shift""]"	False
P900514	1corintios	10	13	10:13	514	1corintios-10-13-P03	"[""CONDICIÓN""]"	"[""ACLARA""]"	"[""CONDICIÓN"", ""ACLARA""]"	moderate	"[""connector:ει:conditional"", ""continuity:shift"", ""audit:demonstrable_shift""]"	False
P900515	1corintios	10	13	10:13	515	1corintios-10-13-P04	[]	"[""ACLARA""]"	"[""ACLARA""]"	low	"[""continuity:shift"", ""audit:demonstrable_shift""]"	False
P900516	1corintios	10	14	10:14	516	1corintios-10-14-P01	[]	"[""ACLARA""]"	"[""ACLARA""]"	low	"[""continuity:shift"", ""audit:demonstrable_shift""]"	False
P900517	1corintios	10	15	10:15	517	1corintios-10-15-P01	[]	"[""ACLARA""]"	"[""ACLARA""]"	low	"[""continuity:shift"", ""audit:demonstrable_shift""]"	False
P900518	1corintios	10	15	10:15	518	1corintios-10-15-P02	"[""ACLARA""]"	"[""ACLARA""]"	"[""ACLARA""]"	moderate	"[""connector:ως:comparative"", ""continuity:shift"", ""audit:demonstrable_shift""]"	False
P900519	1corintios	10	15	10:15	519	1corintios-10-15-P03	[]	"[""ACLARA""]"	"[""ACLARA""]"	low	"[""continuity:shift"", ""audit:demonstrable_shift""]"	False
P900520	1corintios	10	16	10:16	520	1corintios-10-16-P01	[]	"[""ACLARA""]"	"[""ACLARA""]"	low	"[""continuity:shift"", ""audit:weak_shift""]"	False
P900521	1corintios	10	16	10:16	521	1corintios-10-16-P02	[]	"[""ACLARA""]"	"[""ACLARA""]"	low	"[""continuity:shift"", ""audit:demonstrable_shift""]"	False
P900522	1corintios	10	16	10:16	522	1corintios-10-16-P03	[]	"[""ACLARA""]"	"[""ACLARA""]"	low	"[""continuity:shift"", ""audit:demonstrable_shift""]"	False
P900523	1corintios	10	16	10:16	523	1corintios-10-16-P04	[]	"[""ACLARA""]"	"[""ACLARA""]"	low	"[""continuity:shift"", ""audit:demonstrable_shift""]"	False
P900524	1corintios	10	17	10:17	524	1corintios-10-17-P01	[]	"[""ACLARA""]"	"[""ACLARA""]"	low	"[""continuity:shift"", ""audit:demonstrable_shift""]"	False
P900525	1corintios	10	17	10:17	525	1corintios-10-17-P02	"[""RAZÓN"", ""ACLARA""]"	"[""EXPONE""]"	"[""RAZÓN"", ""ACLARA"", ""EXPONE""]"	moderate	"[""connector:οτι:explanatory"", ""continuity:same"", ""audit:not_shift""]"	False
P900526	1corintios	10	18	10:18	526	1corintios-10-18-P01	[]	"[""ACLARA""]"	"[""ACLARA""]"	low	"[""continuity:shift"", ""audit:demonstrable_shift""]"	False
P900527	1corintios	10	18	10:18	527	1corintios-10-18-P02	[]	"[""ACLARA""]"	"[""ACLARA""]"	low	"[""continuity:shift"", ""audit:demonstrable_shift""]"	False
P900528	1corintios	10	19	10:19	528	1corintios-10-19-P01	[]	"[""ACLARA""]"	"[""ACLARA""]"	low	"[""continuity:shift"", ""audit:demonstrable_shift""]"	False
P900529	1corintios	10	19	10:19	529	1corintios-10-19-P02	[]	"[""ACLARA""]"	"[""ACLARA""]"	low	"[""continuity:shift"", ""audit:demonstrable_shift""]"	False
P900530	1corintios	10	19	10:19	530	1corintios-10-19-P03	"[""RAZÓN"", ""ACLARA""]"	"[""EXPONE""]"	"[""RAZÓN"", ""ACLARA"", ""EXPONE""]"	moderate	"[""connector:οτι:explanatory"", ""continuity:same"", ""audit:not_shift""]"	False
P900531	1corintios	10	20	10:20	531	1corintios-10-20-P01	"[""RAZÓN"", ""ACLARA""]"	"[""ACLARA""]"	"[""RAZÓN"", ""ACLARA""]"	moderate	"[""connector:οτι:explanatory"", ""continuity:shift"", ""audit:weak_shift""]"	False
P900532	1corintios	10	20	10:20	532	1corintios-10-20-P02	"[""RAZÓN"", ""ACLARA""]"	"[""EXPONE""]"	"[""RAZÓN"", ""ACLARA"", ""EXPONE""]"	moderate	"[""connector:οτι:explanatory"", ""continuity:same"", ""audit:not_shift""]"	False
P900533	1corintios	10	20	10:20	533	1corintios-10-20-P03	[]	"[""ACLARA""]"	"[""ACLARA""]"	low	"[""continuity:shift"", ""audit:demonstrable_shift""]"	False
P900534	1corintios	10	21	10:21	534	1corintios-10-21-P01	[]	"[""ACLARA""]"	"[""ACLARA""]"	low	"[""continuity:shift"", ""audit:demonstrable_shift""]"	False
P900535	1corintios	10	21	10:21	535	1corintios-10-21-P02	[]	"[""EXPONE""]"	"[""EXPONE""]"	low	"[""continuity:same"", ""audit:not_shift""]"	False
P900536	1corintios	10	22	10:22	536	1corintios-10-22-P01	[]	"[""ACLARA""]"	"[""ACLARA""]"	low	"[""continuity:shift"", ""audit:demonstrable_shift""]"	False
P900537	1corintios	10	22	10:22	537	1corintios-10-22-P02	[]	"[""EXPONE""]"	"[""EXPONE""]"	low	"[""continuity:same"", ""audit:not_shift""]"	False
P900538	1corintios	10	23	10:23	538	1corintios-10-23-P01	[]	"[""ACLARA""]"	"[""ACLARA""]"	low	"[""continuity:shift"", ""audit:demonstrable_shift""]"	False
P900539	1corintios	10	23	10:23	539	1corintios-10-23-P02	[]	"[""EXPONE""]"	"[""EXPONE""]"	low	"[""continuity:same"", ""audit:not_shift""]"	False
P900540	1corintios	10	23	10:23	540	1corintios-10-23-P03	[]	"[""EXPONE""]"	"[""EXPONE""]"	low	"[""continuity:same"", ""audit:not_shift""]"	False
P900541	1corintios	10	23	10:23	541	1corintios-10-23-P04	[]	"[""EXPONE""]"	"[""EXPONE""]"	low	"[""continuity:same"", ""audit:not_shift""]"	False
P900542	1corintios	10	24	10:24	542	1corintios-10-24-P01	[]	"[""EXPONE""]"	"[""EXPONE""]"	low	"[""continuity:same"", ""audit:not_shift""]"	False
P900543	1corintios	10	25	10:25	543	1corintios-10-25-P01	[]	"[""ACLARA""]"	"[""ACLARA""]"	low	"[""continuity:shift"", ""audit:demonstrable_shift""]"	False
P900544	1corintios	10	27	10:27	544	1corintios-10-27-P01	[]	"[""ACLARA""]"	"[""ACLARA""]"	low	"[""continuity:shift"", ""audit:demonstrable_shift""]"	False
P900545	1corintios	10	27	10:27	545	1corintios-10-27-P02	"[""CONDICIÓN""]"	"[""ACLARA""]"	"[""CONDICIÓN"", ""ACLARA""]"	moderate	"[""connector:ει:conditional"", ""continuity:shift"", ""audit:demonstrable_shift""]"	False
P900546	1corintios	10	27	10:27	546	1corintios-10-27-P03	[]	"[""EXPONE""]"	"[""EXPONE""]"	low	"[""continuity:same"", ""audit:not_shift""]"	False
P900547	1corintios	10	28	10:28	547	1corintios-10-28-P01	[]	"[""ACLARA""]"	"[""ACLARA""]"	low	"[""continuity:shift"", ""audit:demonstrable_shift""]"	False
P900548	1corintios	10	28	10:28	548	1corintios-10-28-P02	"[""CONDICIÓN""]"	"[""EXPONE""]"	"[""CONDICIÓN"", ""EXPONE""]"	moderate	"[""connector:εαν:conditional"", ""continuity:same"", ""audit:not_shift""]"	False
P900549	1corintios	10	28	10:28	549	1corintios-10-28-P03	[]	"[""ACLARA""]"	"[""ACLARA""]"	low	"[""continuity:shift"", ""audit:demonstrable_shift""]"	False
P900550	1corintios	10	29	10:29	550	1corintios-10-29-P01	[]	"[""ACLARA""]"	"[""ACLARA""]"	low	"[""continuity:shift"", ""audit:demonstrable_shift""]"	False
P900551	1corintios	10	29	10:29	551	1corintios-10-29-P02	[]	"[""ACLARA""]"	"[""ACLARA""]"	low	"[""continuity:shift"", ""audit:demonstrable_shift""]"	False
P900552	1corintios	10	30	10:30	552	1corintios-10-30-P01	[]	"[""ACLARA""]"	"[""ACLARA""]"	low	"[""continuity:shift"", ""audit:demonstrable_shift""]"	False
P900553	1corintios	10	30	10:30	553	1corintios-10-30-P02	"[""CONDICIÓN""]"	"[""EXPONE""]"	"[""CONDICIÓN"", ""EXPONE""]"	moderate	"[""connector:ει:conditional"", ""continuity:same"", ""audit:not_shift""]"	False
P900554	1corintios	10	30	10:30	554	1corintios-10-30-P03	[]	"[""EXPONE""]"	"[""EXPONE""]"	low	"[""continuity:same"", ""audit:not_shift""]"	False
P900555	1corintios	10	31	10:31	555	1corintios-10-31-P01	[]	"[""ACLARA""]"	"[""ACLARA""]"	low	"[""continuity:shift"", ""audit:demonstrable_shift""]"	False
P900556	1corintios	10	31	10:31	556	1corintios-10-31-P02	[]	"[""EXPONE""]"	"[""EXPONE""]"	low	"[""continuity:same"", ""audit:not_shift""]"	False
P900557	1corintios	10	31	10:31	557	1corintios-10-31-P03	[]	"[""EXPONE""]"	"[""EXPONE""]"	low	"[""continuity:same"", ""audit:not_shift""]"	False
P900558	1corintios	10	31	10:31	558	1corintios-10-31-P04	[]	"[""EXPONE""]"	"[""EXPONE""]"	low	"[""continuity:same"", ""audit:not_shift""]"	False
P900559	1corintios	10	32	10:32	559	1corintios-10-32-P01	[]	"[""EXPONE""]"	"[""EXPONE""]"	low	"[""continuity:same"", ""audit:not_shift""]"	False
P900560	1corintios	10	33	10:33	560	1corintios-10-33-P01	[]	"[""ACLARA""]"	"[""ACLARA""]"	low	"[""continuity:shift"", ""audit:demonstrable_shift""]"	False
P900561	1corintios	10	33	10:33	561	1corintios-10-33-P02	"[""ACLARA""]"	"[""ACLARA""]"	"[""ACLARA""]"	moderate	"[""connector:καθως:comparative"", ""continuity:shift"", ""audit:demonstrable_shift""]"	False
P900562	1corintios	11	1	11:1	562	1corintios-11-1-P01	"[""PROPÓSITO""]"	"[""ACLARA""]"	"[""PROPÓSITO"", ""ACLARA""]"	moderate	"[""connector:ινα:purpose"", ""continuity:shift"", ""audit:demonstrable_shift""]"	False
P900563	1corintios	11	2	11:2	563	1corintios-11-2-P01	[]	"[""ACLARA""]"	"[""ACLARA""]"	low	"[""continuity:shift"", ""audit:demonstrable_shift""]"	False
P900564	1corintios	11	2	11:2	564	1corintios-11-2-P02	[]	"[""ACLARA""]"	"[""ACLARA""]"	low	"[""continuity:shift"", ""audit:demonstrable_shift""]"	False
P900565	1corintios	11	2	11:2	565	1corintios-11-2-P03	"[""RAZÓN"", ""ACLARA""]"	"[""ACLARA""]"	"[""RAZÓN"", ""ACLARA""]"	moderate	"[""connector:οτι:explanatory"", ""continuity:shift"", ""audit:demonstrable_shift""]"	False
P900566	1corintios	11	2	11:2	566	1corintios-11-2-P04	"[""ACLARA""]"	"[""ACLARA""]"	"[""ACLARA""]"	moderate	"[""connector:καθως:comparative"", ""continuity:shift"", ""audit:demonstrable_shift""]"	False
P900567	1corintios	11	3	11:3	567	1corintios-11-3-P01	[]	"[""ACLARA""]"	"[""ACLARA""]"	low	"[""continuity:shift"", ""audit:demonstrable_shift""]"	False
P900568	1corintios	11	3	11:3	568	1corintios-11-3-P02	[]	"[""ACLARA""]"	"[""ACLARA""]"	low	"[""continuity:shift"", ""audit:demonstrable_shift""]"	False
P900569	1corintios	11	4	11:4	569	1corintios-11-4-P01	"[""RAZÓN"", ""ACLARA""]"	"[""EXPONE""]"	"[""RAZÓN"", ""ACLARA"", ""EXPONE""]"	moderate	"[""connector:οτι:explanatory"", ""continuity:same"", ""audit:not_shift""]"	False
P900570	1corintios	11	5	11:5	570	1corintios-11-5-P01	[]	"[""EXPONE""]"	"[""EXPONE""]"	low	"[""continuity:same"", ""audit:not_shift""]"	False
P900571	1corintios	11	5	11:5	571	1corintios-11-5-P02	[]	"[""EXPONE""]"	"[""EXPONE""]"	low	"[""continuity:same"", ""audit:not_shift""]"	False
P900572	1corintios	11	6	11:6	572	1corintios-11-6-P01	[]	"[""EXPONE""]"	"[""EXPONE""]"	low	"[""continuity:same"", ""audit:not_shift""]"	False
P900573	1corintios	11	6	11:6	573	1corintios-11-6-P02	"[""CONDICIÓN""]"	"[""EXPONE""]"	"[""CONDICIÓN"", ""EXPONE""]"	moderate	"[""connector:ει:conditional"", ""continuity:same"", ""audit:not_shift""]"	False
P900574	1corintios	11	6	11:6	574	1corintios-11-6-P03	[]	"[""EXPONE""]"	"[""EXPONE""]"	low	"[""continuity:same"", ""audit:not_shift""]"	False
P900575	1corintios	11	7	11:7	575	1corintios-11-7-P01	"[""CONDICIÓN""]"	"[""EXPONE""]"	"[""CONDICIÓN"", ""EXPONE""]"	moderate	"[""connector:ει:conditional"", ""continuity:same"", ""audit:not_shift""]"	False
P900576	1corintios	11	7	11:7	576	1corintios-11-7-P02	[]	"[""EXPONE""]"	"[""EXPONE""]"	low	"[""continuity:same"", ""audit:not_shift""]"	False
P900577	1corintios	11	8	11:8	577	1corintios-11-8-P01	[]	"[""EXPONE""]"	"[""EXPONE""]"	low	"[""continuity:same"", ""audit:not_shift""]"	False
P900578	1corintios	11	9	11:9	578	1corintios-11-9-P01	[]	"[""EXPONE""]"	"[""EXPONE""]"	low	"[""continuity:same"", ""audit:not_shift""]"	False
P900579	1corintios	11	10	11:10	579	1corintios-11-10-P01	[]	"[""EXPONE""]"	"[""EXPONE""]"	low	"[""continuity:same"", ""audit:not_shift""]"	False
P900580	1corintios	11	13	11:13	580	1corintios-11-13-P01	[]	"[""ACLARA""]"	"[""ACLARA""]"	low	"[""continuity:shift"", ""audit:demonstrable_shift""]"	False
P900581	1corintios	11	13	11:13	581	1corintios-11-13-P02	[]	"[""ACLARA""]"	"[""ACLARA""]"	low	"[""continuity:shift"", ""audit:demonstrable_shift""]"	False
P900582	1corintios	11	14	11:14	582	1corintios-11-14-P01	[]	"[""EXPONE""]"	"[""EXPONE""]"	low	"[""continuity:same"", ""audit:not_shift""]"	False
P900583	1corintios	11	14	11:14	583	1corintios-11-14-P02	[]	"[""EXPONE""]"	"[""EXPONE""]"	low	"[""continuity:same"", ""audit:not_shift""]"	False
P900584	1corintios	11	14	11:14	584	1corintios-11-14-P03	"[""RAZÓN"", ""ACLARA"", ""CONDICIÓN""]"	"[""EXPONE""]"	"[""RAZÓN"", ""ACLARA"", ""CONDICIÓN"", ""EXPONE""]"	moderate	"[""connector:οτι:explanatory"", ""connector:εαν:conditional"", ""continuity:same"", ""audit:not_shift""]"	False
P900585	1corintios	11	15	11:15	585	1corintios-11-15-P01	[]	"[""EXPONE""]"	"[""EXPONE""]"	low	"[""continuity:same"", ""audit:not_shift""]"	False
P900586	1corintios	11	15	11:15	586	1corintios-11-15-P02	"[""CONDICIÓN""]"	"[""EXPONE""]"	"[""CONDICIÓN"", ""EXPONE""]"	moderate	"[""connector:εαν:conditional"", ""continuity:same"", ""audit:not_shift""]"	False
P900587	1corintios	11	15	11:15	587	1corintios-11-15-P03	[]	"[""EXPONE""]"	"[""EXPONE""]"	low	"[""continuity:same"", ""audit:not_shift""]"	False
P900588	1corintios	11	16	11:16	588	1corintios-11-16-P01	"[""RAZÓN"", ""ACLARA""]"	"[""EXPONE""]"	"[""RAZÓN"", ""ACLARA"", ""EXPONE""]"	moderate	"[""connector:οτι:explanatory"", ""continuity:same"", ""audit:not_shift""]"	False
P900589	1corintios	11	16	11:16	589	1corintios-11-16-P02	"[""CONDICIÓN""]"	"[""ACLARA""]"	"[""CONDICIÓN"", ""ACLARA""]"	moderate	"[""connector:ει:conditional"", ""continuity:shift"", ""audit:demonstrable_shift""]"	False
P900590	1corintios	11	17	11:17	590	1corintios-11-17-P01	[]	"[""ACLARA""]"	"[""ACLARA""]"	low	"[""continuity:shift"", ""audit:weak_shift""]"	False
P900591	1corintios	11	17	11:17	591	1corintios-11-17-P02	[]	"[""ACLARA""]"	"[""ACLARA""]"	low	"[""continuity:shift"", ""audit:demonstrable_shift""]"	False
P900592	1corintios	11	18	11:18	592	1corintios-11-18-P01	"[""RAZÓN"", ""ACLARA""]"	"[""ACLARA""]"	"[""RAZÓN"", ""ACLARA""]"	moderate	"[""connector:οτι:explanatory"", ""continuity:shift"", ""audit:demonstrable_shift""]"	False
P900593	1corintios	11	18	11:18	593	1corintios-11-18-P02	[]	"[""EXPONE""]"	"[""EXPONE""]"	low	"[""continuity:same"", ""audit:not_shift""]"	False
P900594	1corintios	11	19	11:19	594	1corintios-11-19-P01	[]	"[""ACLARA""]"	"[""ACLARA""]"	low	"[""continuity:shift"", ""audit:demonstrable_shift""]"	False
P900595	1corintios	11	19	11:19	595	1corintios-11-19-P02	[]	"[""ACLARA""]"	"[""ACLARA""]"	low	"[""continuity:shift"", ""audit:weak_shift""]"	False
P900596	1corintios	11	20	11:20	596	1corintios-11-20-P01	"[""PROPÓSITO""]"	"[""ACLARA""]"	"[""PROPÓSITO"", ""ACLARA""]"	moderate	"[""connector:ινα:purpose"", ""continuity:shift"", ""audit:weak_shift""]"	False
P900597	1corintios	11	21	11:21	597	1corintios-11-21-P01	[]	"[""EXPONE""]"	"[""EXPONE""]"	low	"[""continuity:same"", ""audit:not_shift""]"	False
P900598	1corintios	11	21	11:21	598	1corintios-11-21-P02	[]	"[""EXPONE""]"	"[""EXPONE""]"	low	"[""continuity:same"", ""audit:not_shift""]"	False
P900599	1corintios	11	21	11:21	599	1corintios-11-21-P03	[]	"[""EXPONE""]"	"[""EXPONE""]"	low	"[""continuity:same"", ""audit:not_shift""]"	False
P900600	1corintios	11	22	11:22	600	1corintios-11-22-P01	[]	"[""ACLARA""]"	"[""ACLARA""]"	low	"[""continuity:shift"", ""audit:demonstrable_shift""]"	False
P900601	1corintios	11	22	11:22	601	1corintios-11-22-P02	[]	"[""EXPONE""]"	"[""EXPONE""]"	low	"[""continuity:same"", ""audit:not_shift""]"	False
P900602	1corintios	11	22	11:22	602	1corintios-11-22-P03	[]	"[""EXPONE""]"	"[""EXPONE""]"	low	"[""continuity:same"", ""audit:not_shift""]"	False
P900603	1corintios	11	22	11:22	603	1corintios-11-22-P04	[]	"[""ACLARA""]"	"[""ACLARA""]"	low	"[""continuity:shift"", ""audit:demonstrable_shift""]"	False
P900604	1corintios	11	22	11:22	604	1corintios-11-22-P05	[]	"[""EXPONE""]"	"[""EXPONE""]"	low	"[""continuity:same"", ""audit:not_shift""]"	False
P900605	1corintios	11	22	11:22	605	1corintios-11-22-P06	[]	"[""EXPONE""]"	"[""EXPONE""]"	low	"[""continuity:same"", ""audit:not_shift""]"	False
P900606	1corintios	11	23	11:23	606	1corintios-11-23-P01	[]	"[""EXPONE""]"	"[""EXPONE""]"	low	"[""continuity:same"", ""audit:not_shift""]"	False
P900607	1corintios	11	23	11:23	607	1corintios-11-23-P02	[]	"[""EXPONE""]"	"[""EXPONE""]"	low	"[""continuity:same"", ""audit:not_shift""]"	False
P900608	1corintios	11	23	11:23	608	1corintios-11-23-P03	[]	"[""ACLARA""]"	"[""ACLARA""]"	low	"[""continuity:shift"", ""audit:demonstrable_shift""]"	False
P900609	1corintios	11	23	11:23	609	1corintios-11-23-P04	"[""RAZÓN"", ""ACLARA""]"	"[""EXPONE""]"	"[""RAZÓN"", ""ACLARA"", ""EXPONE""]"	moderate	"[""connector:οτι:explanatory"", ""continuity:same"", ""audit:not_shift""]"	False
P900610	1corintios	11	24	11:24	610	1corintios-11-24-P01	[]	"[""EXPONE""]"	"[""EXPONE""]"	low	"[""continuity:same"", ""audit:not_shift""]"	False
P900611	1corintios	11	24	11:24	611	1corintios-11-24-P02	[]	"[""EXPONE""]"	"[""EXPONE""]"	low	"[""continuity:same"", ""audit:not_shift""]"	False
P900612	1corintios	11	24	11:24	612	1corintios-11-24-P03	[]	"[""EXPONE""]"	"[""EXPONE""]"	low	"[""continuity:same"", ""audit:not_shift""]"	False
P900613	1corintios	11	24	11:24	613	1corintios-11-24-P04	[]	"[""ACLARA""]"	"[""ACLARA""]"	low	"[""continuity:shift"", ""audit:demonstrable_shift""]"	False
P900614	1corintios	11	25	11:25	614	1corintios-11-25-P01	[]	"[""ACLARA""]"	"[""ACLARA""]"	low	"[""continuity:shift"", ""audit:demonstrable_shift""]"	False
P900615	1corintios	11	25	11:25	615	1corintios-11-25-P02	[]	"[""ACLARA""]"	"[""ACLARA""]"	low	"[""continuity:shift"", ""audit:demonstrable_shift""]"	False
P900616	1corintios	11	25	11:25	616	1corintios-11-25-P03	[]	"[""EXPONE""]"	"[""EXPONE""]"	low	"[""continuity:same"", ""audit:not_shift""]"	False
P900617	1corintios	11	26	11:26	617	1corintios-11-26-P01	"[""CONDICIÓN""]"	"[""EXPONE""]"	"[""CONDICIÓN"", ""EXPONE""]"	moderate	"[""connector:εαν:conditional"", ""continuity:same"", ""audit:not_shift""]"	False
P900618	1corintios	11	26	11:26	618	1corintios-11-26-P02	"[""CONDICIÓN""]"	"[""EXPONE""]"	"[""CONDICIÓN"", ""EXPONE""]"	moderate	"[""connector:εαν:conditional"", ""continuity:same"", ""audit:not_shift""]"	False
P900619	1corintios	11	26	11:26	619	1corintios-11-26-P03	[]	"[""EXPONE""]"	"[""EXPONE""]"	low	"[""continuity:same"", ""audit:not_shift""]"	False
P900620	1corintios	11	26	11:26	620	1corintios-11-26-P04	[]	"[""ACLARA""]"	"[""ACLARA""]"	low	"[""continuity:shift"", ""audit:demonstrable_shift""]"	False
P900621	1corintios	11	27	11:27	621	1corintios-11-27-P01	"[""RESULTADO""]"	"[""EXPONE""]"	"[""RESULTADO"", ""EXPONE""]"	moderate	"[""connector:ωστε:inferential"", ""continuity:same"", ""audit:not_shift""]"	False
P900622	1corintios	11	27	11:27	622	1corintios-11-27-P02	[]	"[""EXPONE""]"	"[""EXPONE""]"	low	"[""continuity:same"", ""audit:not_shift""]"	False
P900623	1corintios	11	27	11:27	623	1corintios-11-27-P03	[]	"[""EXPONE""]"	"[""EXPONE""]"	low	"[""continuity:same"", ""audit:not_shift""]"	False
P900624	1corintios	11	28	11:28	624	1corintios-11-28-P01	[]	"[""EXPONE""]"	"[""EXPONE""]"	low	"[""continuity:same"", ""audit:not_shift""]"	False
P900625	1corintios	11	28	11:28	625	1corintios-11-28-P02	[]	"[""EXPONE""]"	"[""EXPONE""]"	low	"[""continuity:same"", ""audit:not_shift""]"	False
P900626	1corintios	11	28	11:28	626	1corintios-11-28-P03	[]	"[""EXPONE""]"	"[""EXPONE""]"	low	"[""continuity:same"", ""audit:not_shift""]"	False
P900627	1corintios	11	29	11:29	627	1corintios-11-29-P01	[]	"[""EXPONE""]"	"[""EXPONE""]"	low	"[""continuity:same"", ""audit:not_shift""]"	False
P900628	1corintios	11	29	11:29	628	1corintios-11-29-P02	[]	"[""EXPONE""]"	"[""EXPONE""]"	low	"[""continuity:same"", ""audit:not_shift""]"	False
P900629	1corintios	11	30	11:30	629	1corintios-11-30-P01	[]	"[""ACLARA""]"	"[""ACLARA""]"	low	"[""continuity:shift"", ""audit:weak_shift""]"	False
P900630	1corintios	11	31	11:31	630	1corintios-11-31-P01	[]	"[""ACLARA""]"	"[""ACLARA""]"	low	"[""continuity:shift"", ""audit:demonstrable_shift""]"	False
P900631	1corintios	11	31	11:31	631	1corintios-11-31-P02	"[""CONDICIÓN""]"	"[""EXPONE""]"	"[""CONDICIÓN"", ""EXPONE""]"	moderate	"[""connector:ει:conditional"", ""continuity:same"", ""audit:not_shift""]"	False
P900632	1corintios	11	32	11:32	632	1corintios-11-32-P01	[]	"[""EXPONE""]"	"[""EXPONE""]"	low	"[""continuity:same"", ""audit:not_shift""]"	False
P900633	1corintios	11	32	11:32	633	1corintios-11-32-P02	[]	"[""EXPONE""]"	"[""EXPONE""]"	low	"[""continuity:same"", ""audit:not_shift""]"	False
P900634	1corintios	11	33	11:33	634	1corintios-11-33-P01	"[""PROPÓSITO"", ""RESULTADO""]"	"[""ACLARA""]"	"[""PROPÓSITO"", ""RESULTADO"", ""ACLARA""]"	moderate	"[""connector:ινα:purpose"", ""connector:ωστε:inferential"", ""continuity:shift"", ""audit:demonstrable_shift""]"	False
P900635	1corintios	11	34	11:34	635	1corintios-11-34-P01	[]	"[""ACLARA""]"	"[""ACLARA""]"	low	"[""continuity:shift"", ""audit:demonstrable_shift""]"	False
P900636	1corintios	11	34	11:34	636	1corintios-11-34-P02	"[""CONDICIÓN""]"	"[""EXPONE""]"	"[""CONDICIÓN"", ""EXPONE""]"	moderate	"[""connector:ει:conditional"", ""continuity:same"", ""audit:not_shift""]"	False
P900637	1corintios	11	34	11:34	637	1corintios-11-34-P03	[]	"[""ACLARA""]"	"[""ACLARA""]"	low	"[""continuity:shift"", ""audit:demonstrable_shift""]"	False
P900638	1corintios	11	34	11:34	638	1corintios-11-34-P04	"[""PROPÓSITO""]"	"[""ACLARA""]"	"[""PROPÓSITO"", ""ACLARA""]"	moderate	"[""connector:ινα:purpose"", ""continuity:shift"", ""audit:demonstrable_shift""]"	False
P900639	1corintios	11	34	11:34	639	1corintios-11-34-P05	"[""ACLARA""]"	"[""EXPONE""]"	"[""ACLARA"", ""EXPONE""]"	moderate	"[""connector:ως:comparative"", ""continuity:same"", ""audit:not_shift""]"	False
P900640	1corintios	12	1	12:1	640	1corintios-12-1-P01	[]	"[""EXPONE""]"	"[""EXPONE""]"	low	"[""continuity:same"", ""audit:not_shift""]"	False
P900641	1corintios	12	2	12:2	641	1corintios-12-2-P01	[]	"[""ACLARA""]"	"[""ACLARA""]"	low	"[""continuity:shift"", ""audit:demonstrable_shift""]"	False
P900642	1corintios	12	2	12:2	642	1corintios-12-2-P02	[]	"[""EXPONE""]"	"[""EXPONE""]"	low	"[""continuity:same"", ""audit:not_shift""]"	False
P900643	1corintios	12	2	12:2	643	1corintios-12-2-P03	"[""RAZÓN"", ""ACLARA""]"	"[""EXPONE""]"	"[""RAZÓN"", ""ACLARA"", ""EXPONE""]"	moderate	"[""connector:οτι:explanatory"", ""continuity:same"", ""audit:not_shift""]"	False
P900644	1corintios	12	3	12:3	644	1corintios-12-3-P01	"[""ACLARA""]"	"[""ACLARA""]"	"[""ACLARA""]"	moderate	"[""connector:ως:comparative"", ""continuity:shift"", ""audit:demonstrable_shift""]"	False
P900645	1corintios	12	3	12:3	645	1corintios-12-3-P02	[]	"[""ACLARA""]"	"[""ACLARA""]"	low	"[""continuity:shift"", ""audit:demonstrable_shift""]"	False
P900646	1corintios	12	3	12:3	646	1corintios-12-3-P03	"[""RAZÓN"", ""ACLARA""]"	"[""EXPONE""]"	"[""RAZÓN"", ""ACLARA"", ""EXPONE""]"	moderate	"[""connector:οτι:explanatory"", ""continuity:same"", ""audit:not_shift""]"	False
P900647	1corintios	12	4	12:4	647	1corintios-12-4-P01	[]	"[""ACLARA""]"	"[""ACLARA""]"	low	"[""continuity:shift"", ""audit:weak_shift""]"	False
P900648	1corintios	12	5	12:5	648	1corintios-12-5-P01	[]	"[""EXPONE""]"	"[""EXPONE""]"	low	"[""continuity:same"", ""audit:not_shift""]"	False
P900649	1corintios	12	6	12:6	649	1corintios-12-6-P01	[]	"[""EXPONE""]"	"[""EXPONE""]"	low	"[""continuity:same"", ""audit:not_shift""]"	False
P900650	1corintios	12	7	12:7	650	1corintios-12-7-P01	[]	"[""ACLARA""]"	"[""ACLARA""]"	low	"[""continuity:shift"", ""audit:weak_shift""]"	False
P900651	1corintios	12	8	12:8	651	1corintios-12-8-P01	[]	"[""EXPONE""]"	"[""EXPONE""]"	low	"[""continuity:same"", ""audit:not_shift""]"	False
P900652	1corintios	12	11	12:11	652	1corintios-12-11-P01	[]	"[""EXPONE""]"	"[""EXPONE""]"	low	"[""continuity:same"", ""audit:not_shift""]"	False
P900653	1corintios	12	11	12:11	653	1corintios-12-11-P02	[]	"[""EXPONE""]"	"[""EXPONE""]"	low	"[""continuity:same"", ""audit:not_shift""]"	False
P900654	1corintios	12	12	12:12	654	1corintios-12-12-P01	"[""ACLARA""]"	"[""EXPONE""]"	"[""ACLARA"", ""EXPONE""]"	moderate	"[""connector:καθως:comparative"", ""continuity:same"", ""audit:not_shift""]"	False
P900655	1corintios	12	12	12:12	655	1corintios-12-12-P02	[]	"[""EXPONE""]"	"[""EXPONE""]"	low	"[""continuity:same"", ""audit:not_shift""]"	False
P900656	1corintios	12	12	12:12	656	1corintios-12-12-P03	[]	"[""EXPONE""]"	"[""EXPONE""]"	low	"[""continuity:same"", ""audit:not_shift""]"	False
P900657	1corintios	12	13	12:13	657	1corintios-12-13-P01	[]	"[""ACLARA""]"	"[""ACLARA""]"	low	"[""continuity:shift"", ""audit:demonstrable_shift""]"	False
P900658	1corintios	12	13	12:13	658	1corintios-12-13-P02	[]	"[""EXPONE""]"	"[""EXPONE""]"	low	"[""continuity:same"", ""audit:not_shift""]"	False
P900659	1corintios	12	14	12:14	659	1corintios-12-14-P01	[]	"[""ACLARA""]"	"[""ACLARA""]"	low	"[""continuity:shift"", ""audit:demonstrable_shift""]"	False
P900660	1corintios	12	15	12:15	660	1corintios-12-15-P01	[]	"[""EXPONE""]"	"[""EXPONE""]"	low	"[""continuity:same"", ""audit:not_shift""]"	False
P900661	1corintios	12	15	12:15	661	1corintios-12-15-P02	"[""CONDICIÓN""]"	"[""ACLARA""]"	"[""CONDICIÓN"", ""ACLARA""]"	moderate	"[""connector:εαν:conditional"", ""continuity:shift"", ""audit:demonstrable_shift""]"	False
P900662	1corintios	12	15	12:15	662	1corintios-12-15-P03	"[""RAZÓN"", ""ACLARA""]"	"[""EXPONE""]"	"[""RAZÓN"", ""ACLARA"", ""EXPONE""]"	moderate	"[""connector:οτι:explanatory"", ""continuity:same"", ""audit:not_shift""]"	False
P900663	1corintios	12	15	12:15	663	1corintios-12-15-P04	[]	"[""ACLARA""]"	"[""ACLARA""]"	low	"[""continuity:shift"", ""audit:demonstrable_shift""]"	False
P900664	1corintios	12	16	12:16	664	1corintios-12-16-P01	[]	"[""EXPONE""]"	"[""EXPONE""]"	low	"[""continuity:same"", ""audit:not_shift""]"	False
P900665	1corintios	12	16	12:16	665	1corintios-12-16-P02	"[""CONDICIÓN""]"	"[""ACLARA""]"	"[""CONDICIÓN"", ""ACLARA""]"	moderate	"[""connector:εαν:conditional"", ""continuity:shift"", ""audit:demonstrable_shift""]"	False
P900666	1corintios	12	16	12:16	666	1corintios-12-16-P03	"[""RAZÓN"", ""ACLARA""]"	"[""EXPONE""]"	"[""RAZÓN"", ""ACLARA"", ""EXPONE""]"	moderate	"[""connector:οτι:explanatory"", ""continuity:same"", ""audit:not_shift""]"	False
P900667	1corintios	12	16	12:16	667	1corintios-12-16-P04	[]	"[""ACLARA""]"	"[""ACLARA""]"	low	"[""continuity:shift"", ""audit:demonstrable_shift""]"	False
P900668	1corintios	12	18	12:18	668	1corintios-12-18-P01	[]	"[""EXPONE""]"	"[""EXPONE""]"	low	"[""continuity:same"", ""audit:not_shift""]"	False
P900669	1corintios	12	18	12:18	669	1corintios-12-18-P02	[]	"[""EXPONE""]"	"[""EXPONE""]"	low	"[""continuity:same"", ""audit:not_shift""]"	False
P900670	1corintios	12	19	12:19	670	1corintios-12-19-P01	"[""ACLARA""]"	"[""EXPONE""]"	"[""ACLARA"", ""EXPONE""]"	moderate	"[""connector:καθως:comparative"", ""continuity:same"", ""audit:not_shift""]"	False
P900671	1corintios	12	21	12:21	671	1corintios-12-21-P01	"[""CONDICIÓN""]"	"[""EXPONE""]"	"[""CONDICIÓN"", ""EXPONE""]"	moderate	"[""connector:ει:conditional"", ""continuity:same"", ""audit:not_shift""]"	False
P900672	1corintios	12	21	12:21	672	1corintios-12-21-P02	[]	"[""ACLARA""]"	"[""ACLARA""]"	low	"[""continuity:shift"", ""audit:demonstrable_shift""]"	False
P900673	1corintios	12	21	12:21	673	1corintios-12-21-P03	[]	"[""EXPONE""]"	"[""EXPONE""]"	low	"[""continuity:same"", ""audit:not_shift""]"	False
P900674	1corintios	12	22	12:22	674	1corintios-12-22-P01	[]	"[""ACLARA""]"	"[""ACLARA""]"	low	"[""continuity:shift"", ""audit:demonstrable_shift""]"	False
P900675	1corintios	12	23	12:23	675	1corintios-12-23-P01	[]	"[""ACLARA""]"	"[""ACLARA""]"	low	"[""continuity:shift"", ""audit:demonstrable_shift""]"	False
P900676	1corintios	12	23	12:23	676	1corintios-12-23-P02	[]	"[""EXPONE""]"	"[""EXPONE""]"	low	"[""continuity:same"", ""audit:not_shift""]"	False
P900677	1corintios	12	23	12:23	677	1corintios-12-23-P03	[]	"[""ACLARA""]"	"[""ACLARA""]"	low	"[""continuity:shift"", ""audit:demonstrable_shift""]"	False
P900678	1corintios	12	24	12:24	678	1corintios-12-24-P01	[]	"[""EXPONE""]"	"[""EXPONE""]"	low	"[""continuity:same"", ""audit:not_shift""]"	False
P900679	1corintios	12	24	12:24	679	1corintios-12-24-P02	[]	"[""EXPONE""]"	"[""EXPONE""]"	low	"[""continuity:same"", ""audit:not_shift""]"	False
P900680	1corintios	12	25	12:25	680	1corintios-12-25-P01	[]	"[""EXPONE""]"	"[""EXPONE""]"	low	"[""continuity:same"", ""audit:not_shift""]"	False
P900681	1corintios	12	25	12:25	681	1corintios-12-25-P02	"[""PROPÓSITO""]"	"[""ACLARA""]"	"[""PROPÓSITO"", ""ACLARA""]"	moderate	"[""connector:ινα:purpose"", ""continuity:shift"", ""audit:weak_shift""]"	False
P900682	1corintios	12	26	12:26	682	1corintios-12-26-P01	[]	"[""ACLARA""]"	"[""ACLARA""]"	low	"[""continuity:shift"", ""audit:weak_shift""]"	False
P900683	1corintios	12	26	12:26	683	1corintios-12-26-P02	[]	"[""EXPONE""]"	"[""EXPONE""]"	low	"[""continuity:same"", ""audit:not_shift""]"	False
P900684	1corintios	12	26	12:26	684	1corintios-12-26-P03	[]	"[""EXPONE""]"	"[""EXPONE""]"	low	"[""continuity:same"", ""audit:not_shift""]"	False
P900685	1corintios	12	26	12:26	685	1corintios-12-26-P04	[]	"[""EXPONE""]"	"[""EXPONE""]"	low	"[""continuity:same"", ""audit:not_shift""]"	False
P900686	1corintios	12	27	12:27	686	1corintios-12-27-P01	[]	"[""ACLARA""]"	"[""ACLARA""]"	low	"[""continuity:shift"", ""audit:demonstrable_shift""]"	False
P900687	1corintios	12	28	12:28	687	1corintios-12-28-P01	[]	"[""ACLARA""]"	"[""ACLARA""]"	low	"[""continuity:shift"", ""audit:demonstrable_shift""]"	False
P900688	1corintios	12	30	12:30	688	1corintios-12-30-P01	[]	"[""ACLARA""]"	"[""ACLARA""]"	low	"[""continuity:shift"", ""audit:weak_shift""]"	False
P900689	1corintios	12	30	12:30	689	1corintios-12-30-P02	[]	"[""EXPONE""]"	"[""EXPONE""]"	low	"[""continuity:same"", ""audit:not_shift""]"	False
P900690	1corintios	12	30	12:30	690	1corintios-12-30-P03	[]	"[""EXPONE""]"	"[""EXPONE""]"	low	"[""continuity:same"", ""audit:not_shift""]"	False
P900691	1corintios	12	31	12:31	691	1corintios-12-31-P01	[]	"[""ACLARA""]"	"[""ACLARA""]"	low	"[""continuity:shift"", ""audit:demonstrable_shift""]"	False
P900692	1corintios	12	31	12:31	692	1corintios-12-31-P02	[]	"[""ACLARA""]"	"[""ACLARA""]"	low	"[""continuity:shift"", ""audit:demonstrable_shift""]"	False
P900693	1corintios	13	1	13:1	693	1corintios-13-1-P01	[]	"[""EXPONE""]"	"[""EXPONE""]"	low	"[""continuity:same"", ""audit:not_shift""]"	False
P900694	1corintios	13	1	13:1	694	1corintios-13-1-P02	"[""CONDICIÓN""]"	"[""EXPONE""]"	"[""CONDICIÓN"", ""EXPONE""]"	moderate	"[""connector:εαν:conditional"", ""continuity:same"", ""audit:not_shift""]"	False
P900695	1corintios	13	1	13:1	695	1corintios-13-1-P03	[]	"[""EXPONE""]"	"[""EXPONE""]"	low	"[""continuity:same"", ""audit:not_shift""]"	False
P900696	1corintios	13	2	13:2	696	1corintios-13-2-P01	[]	"[""EXPONE""]"	"[""EXPONE""]"	low	"[""continuity:same"", ""audit:not_shift""]"	False
P900697	1corintios	13	2	13:2	697	1corintios-13-2-P02	"[""CONDICIÓN""]"	"[""EXPONE""]"	"[""CONDICIÓN"", ""EXPONE""]"	moderate	"[""connector:εαν:conditional"", ""continuity:same"", ""audit:not_shift""]"	False
P900698	1corintios	13	2	13:2	698	1corintios-13-2-P03	[]	"[""EXPONE""]"	"[""EXPONE""]"	low	"[""continuity:same"", ""audit:not_shift""]"	False
P900699	1corintios	13	2	13:2	699	1corintios-13-2-P04	"[""RESULTADO""]"	"[""EXPONE""]"	"[""RESULTADO"", ""EXPONE""]"	moderate	"[""connector:ωστε:inferential"", ""continuity:same"", ""audit:not_shift""]"	False
P900700	1corintios	13	2	13:2	700	1corintios-13-2-P05	[]	"[""EXPONE""]"	"[""EXPONE""]"	low	"[""continuity:same"", ""audit:not_shift""]"	False
P900701	1corintios	13	4	13:4	701	1corintios-13-4-P01	[]	"[""ACLARA""]"	"[""ACLARA""]"	low	"[""continuity:shift"", ""audit:demonstrable_shift""]"	False
P900702	1corintios	13	4	13:4	702	1corintios-13-4-P02	[]	"[""EXPONE""]"	"[""EXPONE""]"	low	"[""continuity:same"", ""audit:not_shift""]"	False
P900703	1corintios	13	4	13:4	703	1corintios-13-4-P03	[]	"[""EXPONE""]"	"[""EXPONE""]"	low	"[""continuity:same"", ""audit:not_shift""]"	False
P900704	1corintios	13	4	13:4	704	1corintios-13-4-P04	[]	"[""EXPONE""]"	"[""EXPONE""]"	low	"[""continuity:same"", ""audit:not_shift""]"	False
P900705	1corintios	13	4	13:4	705	1corintios-13-4-P05	[]	"[""EXPONE""]"	"[""EXPONE""]"	low	"[""continuity:same"", ""audit:not_shift""]"	False
P900706	1corintios	13	5	13:5	706	1corintios-13-5-P01	[]	"[""EXPONE""]"	"[""EXPONE""]"	low	"[""continuity:same"", ""audit:not_shift""]"	False
P900707	1corintios	13	5	13:5	707	1corintios-13-5-P02	[]	"[""EXPONE""]"	"[""EXPONE""]"	low	"[""continuity:same"", ""audit:not_shift""]"	False
P900708	1corintios	13	5	13:5	708	1corintios-13-5-P03	[]	"[""EXPONE""]"	"[""EXPONE""]"	low	"[""continuity:same"", ""audit:not_shift""]"	False
P900709	1corintios	13	5	13:5	709	1corintios-13-5-P04	[]	"[""EXPONE""]"	"[""EXPONE""]"	low	"[""continuity:same"", ""audit:not_shift""]"	False
P900710	1corintios	13	6	13:6	710	1corintios-13-6-P01	[]	"[""EXPONE""]"	"[""EXPONE""]"	low	"[""continuity:same"", ""audit:not_shift""]"	False
P900711	1corintios	13	6	13:6	711	1corintios-13-6-P02	[]	"[""EXPONE""]"	"[""EXPONE""]"	low	"[""continuity:same"", ""audit:not_shift""]"	False
P900712	1corintios	13	7	13:7	712	1corintios-13-7-P01	[]	"[""EXPONE""]"	"[""EXPONE""]"	low	"[""continuity:same"", ""audit:not_shift""]"	False
P900713	1corintios	13	7	13:7	713	1corintios-13-7-P02	[]	"[""EXPONE""]"	"[""EXPONE""]"	low	"[""continuity:same"", ""audit:not_shift""]"	False
P900714	1corintios	13	7	13:7	714	1corintios-13-7-P03	[]	"[""EXPONE""]"	"[""EXPONE""]"	low	"[""continuity:same"", ""audit:not_shift""]"	False
P900715	1corintios	13	7	13:7	715	1corintios-13-7-P04	[]	"[""EXPONE""]"	"[""EXPONE""]"	low	"[""continuity:same"", ""audit:not_shift""]"	False
P900716	1corintios	13	8	13:8	716	1corintios-13-8-P01	[]	"[""EXPONE""]"	"[""EXPONE""]"	low	"[""continuity:same"", ""audit:not_shift""]"	False
P900717	1corintios	13	8	13:8	717	1corintios-13-8-P02	[]	"[""ACLARA""]"	"[""ACLARA""]"	low	"[""continuity:shift"", ""audit:weak_shift""]"	False
P900718	1corintios	13	8	13:8	718	1corintios-13-8-P03	[]	"[""EXPONE""]"	"[""EXPONE""]"	low	"[""continuity:same"", ""audit:not_shift""]"	False
P900719	1corintios	13	8	13:8	719	1corintios-13-8-P04	[]	"[""ACLARA""]"	"[""ACLARA""]"	low	"[""continuity:shift"", ""audit:weak_shift""]"	False
P900720	1corintios	13	9	13:9	720	1corintios-13-9-P01	[]	"[""ACLARA""]"	"[""ACLARA""]"	low	"[""continuity:shift"", ""audit:demonstrable_shift""]"	False
P900721	1corintios	13	9	13:9	721	1corintios-13-9-P02	[]	"[""EXPONE""]"	"[""EXPONE""]"	low	"[""continuity:same"", ""audit:not_shift""]"	False
P900722	1corintios	13	10	13:10	722	1corintios-13-10-P01	[]	"[""ACLARA""]"	"[""ACLARA""]"	low	"[""continuity:shift"", ""audit:demonstrable_shift""]"	False
P900723	1corintios	13	10	13:10	723	1corintios-13-10-P02	[]	"[""EXPONE""]"	"[""EXPONE""]"	low	"[""connector:οταν:temporal"", ""continuity:same"", ""audit:not_shift""]"	False
P900724	1corintios	13	11	13:11	724	1corintios-13-11-P01	[]	"[""ACLARA""]"	"[""ACLARA""]"	low	"[""continuity:shift"", ""audit:demonstrable_shift""]"	False
P900725	1corintios	13	11	13:11	725	1corintios-13-11-P02	[]	"[""EXPONE""]"	"[""EXPONE""]"	low	"[""continuity:same"", ""audit:not_shift""]"	False
P900726	1corintios	13	11	13:11	726	1corintios-13-11-P03	[]	"[""EXPONE""]"	"[""EXPONE""]"	low	"[""continuity:same"", ""audit:not_shift""]"	False
P900727	1corintios	13	11	13:11	727	1corintios-13-11-P04	"[""ACLARA""]"	"[""EXPONE""]"	"[""ACLARA"", ""EXPONE""]"	moderate	"[""connector:ως:comparative"", ""continuity:same"", ""audit:not_shift""]"	False
P900728	1corintios	13	11	13:11	728	1corintios-13-11-P05	"[""ACLARA""]"	"[""EXPONE""]"	"[""ACLARA"", ""EXPONE""]"	moderate	"[""connector:ως:comparative"", ""continuity:same"", ""audit:not_shift""]"	False
P900729	1corintios	13	11	13:11	729	1corintios-13-11-P06	"[""ACLARA""]"	"[""EXPONE""]"	"[""ACLARA"", ""EXPONE""]"	moderate	"[""connector:ως:comparative"", ""continuity:same"", ""audit:not_shift""]"	False
P900730	1corintios	13	12	13:12	730	1corintios-13-12-P01	[]	"[""ACLARA""]"	"[""ACLARA""]"	low	"[""continuity:shift"", ""audit:weak_shift""]"	False
P900731	1corintios	13	12	13:12	731	1corintios-13-12-P02	[]	"[""ACLARA""]"	"[""ACLARA""]"	low	"[""continuity:shift"", ""audit:weak_shift""]"	False
P900732	1corintios	13	12	13:12	732	1corintios-13-12-P03	[]	"[""EXPONE""]"	"[""EXPONE""]"	low	"[""continuity:same"", ""audit:not_shift""]"	False
P900733	1corintios	13	12	13:12	733	1corintios-13-12-P04	[]	"[""EXPONE""]"	"[""EXPONE""]"	low	"[""continuity:same"", ""audit:not_shift""]"	False
P900734	1corintios	13	13	13:13	734	1corintios-13-13-P01	"[""ACLARA""]"	"[""ACLARA""]"	"[""ACLARA""]"	moderate	"[""connector:καθως:comparative"", ""continuity:shift"", ""audit:demonstrable_shift""]"	False
P900735	1corintios	14	1	14:1	735	1corintios-14-1-P01	[]	"[""ACLARA""]"	"[""ACLARA""]"	low	"[""continuity:shift"", ""audit:demonstrable_shift""]"	False
P900736	1corintios	14	1	14:1	736	1corintios-14-1-P02	[]	"[""EXPONE""]"	"[""EXPONE""]"	low	"[""continuity:same"", ""audit:not_shift""]"	False
P900737	1corintios	14	1	14:1	737	1corintios-14-1-P03	[]	"[""EXPONE""]"	"[""EXPONE""]"	low	"[""continuity:same"", ""audit:not_shift""]"	False
P900738	1corintios	14	2	14:2	738	1corintios-14-2-P01	"[""PROPÓSITO""]"	"[""ACLARA""]"	"[""PROPÓSITO"", ""ACLARA""]"	moderate	"[""connector:ινα:purpose"", ""continuity:shift"", ""audit:demonstrable_shift""]"	False
P900739	1corintios	14	2	14:2	739	1corintios-14-2-P02	[]	"[""EXPONE""]"	"[""EXPONE""]"	low	"[""continuity:same"", ""audit:not_shift""]"	False
P900740	1corintios	14	2	14:2	740	1corintios-14-2-P03	[]	"[""EXPONE""]"	"[""EXPONE""]"	low	"[""continuity:same"", ""audit:not_shift""]"	False
P900741	1corintios	14	3	14:3	741	1corintios-14-3-P01	[]	"[""EXPONE""]"	"[""EXPONE""]"	low	"[""continuity:same"", ""audit:not_shift""]"	False
P900742	1corintios	14	4	14:4	742	1corintios-14-4-P01	[]	"[""EXPONE""]"	"[""EXPONE""]"	low	"[""continuity:same"", ""audit:not_shift""]"	False
P900743	1corintios	14	4	14:4	743	1corintios-14-4-P02	[]	"[""EXPONE""]"	"[""EXPONE""]"	low	"[""continuity:same"", ""audit:not_shift""]"	False
P900744	1corintios	14	5	14:5	744	1corintios-14-5-P01	[]	"[""ACLARA""]"	"[""ACLARA""]"	low	"[""continuity:shift"", ""audit:demonstrable_shift""]"	False
P900745	1corintios	14	5	14:5	745	1corintios-14-5-P02	[]	"[""ACLARA""]"	"[""ACLARA""]"	low	"[""continuity:shift"", ""audit:demonstrable_shift""]"	False
P900746	1corintios	14	5	14:5	746	1corintios-14-5-P03	"[""PROPÓSITO""]"	"[""ACLARA""]"	"[""PROPÓSITO"", ""ACLARA""]"	moderate	"[""connector:ινα:purpose"", ""continuity:shift"", ""audit:demonstrable_shift""]"	False
P900747	1corintios	14	5	14:5	747	1corintios-14-5-P04	"[""CONDICIÓN""]"	"[""EXPONE""]"	"[""CONDICIÓN"", ""EXPONE""]"	moderate	"[""connector:ει:conditional"", ""continuity:same"", ""audit:not_shift""]"	False
P900748	1corintios	14	6	14:6	748	1corintios-14-6-P01	"[""PROPÓSITO""]"	"[""ACLARA""]"	"[""PROPÓSITO"", ""ACLARA""]"	moderate	"[""connector:ινα:purpose"", ""continuity:shift"", ""audit:demonstrable_shift""]"	False
P900749	1corintios	14	6	14:6	749	1corintios-14-6-P02	"[""CONDICIÓN""]"	"[""EXPONE""]"	"[""CONDICIÓN"", ""EXPONE""]"	moderate	"[""connector:εαν:conditional"", ""continuity:same"", ""audit:not_shift""]"	False
P900750	1corintios	14	6	14:6	750	1corintios-14-6-P03	[]	"[""EXPONE""]"	"[""EXPONE""]"	low	"[""continuity:same"", ""audit:not_shift""]"	False
P900751	1corintios	14	7	14:7	751	1corintios-14-7-P01	"[""CONDICIÓN""]"	"[""ACLARA""]"	"[""CONDICIÓN"", ""ACLARA""]"	moderate	"[""connector:εαν:conditional"", ""continuity:shift"", ""audit:demonstrable_shift""]"	False
P900752	1corintios	14	7	14:7	752	1corintios-14-7-P02	"[""CONDICIÓN""]"	"[""EXPONE""]"	"[""CONDICIÓN"", ""EXPONE""]"	moderate	"[""connector:εαν:conditional"", ""continuity:same"", ""audit:not_shift""]"	False
P900753	1corintios	14	8	14:8	753	1corintios-14-8-P01	[]	"[""EXPONE""]"	"[""EXPONE""]"	low	"[""continuity:same"", ""audit:not_shift""]"	False
P900754	1corintios	14	8	14:8	754	1corintios-14-8-P02	"[""CONDICIÓN""]"	"[""EXPONE""]"	"[""CONDICIÓN"", ""EXPONE""]"	moderate	"[""connector:εαν:conditional"", ""continuity:same"", ""audit:not_shift""]"	False
P900755	1corintios	14	9	14:9	755	1corintios-14-9-P01	[]	"[""ACLARA""]"	"[""ACLARA""]"	low	"[""continuity:shift"", ""audit:demonstrable_shift""]"	False
P900756	1corintios	14	9	14:9	756	1corintios-14-9-P02	"[""CONDICIÓN""]"	"[""ACLARA""]"	"[""CONDICIÓN"", ""ACLARA""]"	moderate	"[""connector:εαν:conditional"", ""continuity:shift"", ""audit:demonstrable_shift""]"	False
P900757	1corintios	14	9	14:9	757	1corintios-14-9-P03	[]	"[""ACLARA""]"	"[""ACLARA""]"	low	"[""continuity:shift"", ""audit:demonstrable_shift""]"	False
P900758	1corintios	14	10	14:10	758	1corintios-14-10-P01	[]	"[""ACLARA""]"	"[""ACLARA""]"	low	"[""continuity:shift"", ""audit:demonstrable_shift""]"	False
P900759	1corintios	14	10	14:10	759	1corintios-14-10-P02	"[""CONDICIÓN""]"	"[""ACLARA""]"	"[""CONDICIÓN"", ""ACLARA""]"	moderate	"[""connector:ει:conditional"", ""continuity:shift"", ""audit:weak_shift""]"	False
P900760	1corintios	14	11	14:11	760	1corintios-14-11-P01	[]	"[""ACLARA""]"	"[""ACLARA""]"	low	"[""continuity:shift"", ""audit:demonstrable_shift""]"	False
P900761	1corintios	14	11	14:11	761	1corintios-14-11-P02	"[""CONDICIÓN""]"	"[""EXPONE""]"	"[""CONDICIÓN"", ""EXPONE""]"	moderate	"[""connector:εαν:conditional"", ""continuity:same"", ""audit:not_shift""]"	False
P900762	1corintios	14	12	14:12	762	1corintios-14-12-P01	[]	"[""ACLARA""]"	"[""ACLARA""]"	low	"[""continuity:shift"", ""audit:demonstrable_shift""]"	False
P900763	1corintios	14	12	14:12	763	1corintios-14-12-P02	[]	"[""EXPONE""]"	"[""EXPONE""]"	low	"[""continuity:same"", ""audit:not_shift""]"	False
P900764	1corintios	14	12	14:12	764	1corintios-14-12-P03	[]	"[""EXPONE""]"	"[""EXPONE""]"	low	"[""continuity:same"", ""audit:not_shift""]"	False
P900765	1corintios	14	13	14:13	765	1corintios-14-13-P01	"[""PROPÓSITO""]"	"[""ACLARA""]"	"[""PROPÓSITO"", ""ACLARA""]"	moderate	"[""connector:ινα:purpose"", ""continuity:shift"", ""audit:demonstrable_shift""]"	False
P900766	1corintios	14	13	14:13	766	1corintios-14-13-P02	[]	"[""EXPONE""]"	"[""EXPONE""]"	low	"[""continuity:same"", ""audit:not_shift""]"	False
P900767	1corintios	14	14	14:14	767	1corintios-14-14-P01	"[""PROPÓSITO""]"	"[""ACLARA""]"	"[""PROPÓSITO"", ""ACLARA""]"	moderate	"[""connector:ινα:purpose"", ""continuity:shift"", ""audit:demonstrable_shift""]"	False
P900768	1corintios	14	14	14:14	768	1corintios-14-14-P02	"[""CONDICIÓN""]"	"[""ACLARA""]"	"[""CONDICIÓN"", ""ACLARA""]"	moderate	"[""connector:εαν:conditional"", ""continuity:shift"", ""audit:demonstrable_shift""]"	False
P900769	1corintios	14	14	14:14	769	1corintios-14-14-P03	[]	"[""EXPONE""]"	"[""EXPONE""]"	low	"[""continuity:same"", ""audit:not_shift""]"	False
P900770	1corintios	14	15	14:15	770	1corintios-14-15-P01	[]	"[""EXPONE""]"	"[""EXPONE""]"	low	"[""continuity:same"", ""audit:not_shift""]"	False
P900771	1corintios	14	15	14:15	771	1corintios-14-15-P02	[]	"[""ACLARA""]"	"[""ACLARA""]"	low	"[""continuity:shift"", ""audit:demonstrable_shift""]"	False
P900772	1corintios	14	15	14:15	772	1corintios-14-15-P03	[]	"[""EXPONE""]"	"[""EXPONE""]"	low	"[""continuity:same"", ""audit:not_shift""]"	False
P900773	1corintios	14	15	14:15	773	1corintios-14-15-P04	[]	"[""EXPONE""]"	"[""EXPONE""]"	low	"[""continuity:same"", ""audit:not_shift""]"	False
P900774	1corintios	14	15	14:15	774	1corintios-14-15-P05	[]	"[""EXPONE""]"	"[""EXPONE""]"	low	"[""continuity:same"", ""audit:not_shift""]"	False
P900775	1corintios	14	16	14:16	775	1corintios-14-16-P01	[]	"[""ACLARA""]"	"[""ACLARA""]"	low	"[""continuity:shift"", ""audit:demonstrable_shift""]"	False
P900776	1corintios	14	16	14:16	776	1corintios-14-16-P02	"[""CONDICIÓN""]"	"[""ACLARA""]"	"[""CONDICIÓN"", ""ACLARA""]"	moderate	"[""connector:εαν:conditional"", ""continuity:shift"", ""audit:demonstrable_shift""]"	False
P900777	1corintios	14	16	14:16	777	1corintios-14-16-P03	[]	"[""ACLARA""]"	"[""ACLARA""]"	low	"[""continuity:shift"", ""audit:demonstrable_shift""]"	False
P900778	1corintios	14	16	14:16	778	1corintios-14-16-P04	[]	"[""ACLARA""]"	"[""ACLARA""]"	low	"[""continuity:shift"", ""audit:demonstrable_shift""]"	False
P900779	1corintios	14	17	14:17	779	1corintios-14-17-P01	[]	"[""ACLARA""]"	"[""ACLARA""]"	low	"[""continuity:shift"", ""audit:demonstrable_shift""]"	False
P900780	1corintios	14	17	14:17	780	1corintios-14-17-P02	[]	"[""ACLARA""]"	"[""ACLARA""]"	low	"[""continuity:shift"", ""audit:demonstrable_shift""]"	False
P900781	1corintios	14	18	14:18	781	1corintios-14-18-P01	[]	"[""ACLARA""]"	"[""ACLARA""]"	low	"[""continuity:shift"", ""audit:demonstrable_shift""]"	False
P900782	1corintios	14	18	14:18	782	1corintios-14-18-P02	[]	"[""EXPONE""]"	"[""EXPONE""]"	low	"[""continuity:same"", ""audit:not_shift""]"	False
P900783	1corintios	14	19	14:19	783	1corintios-14-19-P01	[]	"[""EXPONE""]"	"[""EXPONE""]"	low	"[""continuity:same"", ""audit:not_shift""]"	False
P900784	1corintios	14	19	14:19	784	1corintios-14-19-P02	[]	"[""EXPONE""]"	"[""EXPONE""]"	low	"[""continuity:same"", ""audit:not_shift""]"	False
P900785	1corintios	14	20	14:20	785	1corintios-14-20-P01	"[""PROPÓSITO""]"	"[""ACLARA""]"	"[""PROPÓSITO"", ""ACLARA""]"	moderate	"[""connector:ινα:purpose"", ""continuity:shift"", ""audit:demonstrable_shift""]"	False
P900786	1corintios	14	20	14:20	786	1corintios-14-20-P02	[]	"[""EXPONE""]"	"[""EXPONE""]"	low	"[""continuity:same"", ""audit:not_shift""]"	False
P900787	1corintios	14	20	14:20	787	1corintios-14-20-P03	[]	"[""EXPONE""]"	"[""EXPONE""]"	low	"[""continuity:same"", ""audit:not_shift""]"	False
P900788	1corintios	14	21	14:21	788	1corintios-14-21-P01	[]	"[""ACLARA""]"	"[""ACLARA""]"	low	"[""continuity:shift"", ""audit:demonstrable_shift""]"	False
P900789	1corintios	14	21	14:21	789	1corintios-14-21-P02	[]	"[""ACLARA""]"	"[""ACLARA""]"	low	"[""continuity:shift"", ""audit:demonstrable_shift""]"	False
P900790	1corintios	14	21	14:21	790	1corintios-14-21-P03	"[""RAZÓN"", ""ACLARA""]"	"[""ACLARA""]"	"[""RAZÓN"", ""ACLARA""]"	moderate	"[""connector:οτι:explanatory"", ""continuity:shift"", ""audit:demonstrable_shift""]"	False
P900791	1corintios	14	21	14:21	791	1corintios-14-21-P04	[]	"[""ACLARA""]"	"[""ACLARA""]"	low	"[""continuity:shift"", ""audit:weak_shift""]"	False
P900792	1corintios	14	22	14:22	792	1corintios-14-22-P01	"[""RESULTADO""]"	"[""ACLARA""]"	"[""RESULTADO"", ""ACLARA""]"	moderate	"[""connector:ωστε:inferential"", ""continuity:shift"", ""audit:weak_shift""]"	False
P900793	1corintios	14	23	14:23	793	1corintios-14-23-P01	[]	"[""ACLARA""]"	"[""ACLARA""]"	low	"[""continuity:shift"", ""audit:weak_shift""]"	False
P900794	1corintios	14	23	14:23	794	1corintios-14-23-P02	"[""CONDICIÓN""]"	"[""ACLARA""]"	"[""CONDICIÓN"", ""ACLARA""]"	moderate	"[""connector:εαν:conditional"", ""continuity:shift"", ""audit:weak_shift""]"	False
P900795	1corintios	14	23	14:23	795	1corintios-14-23-P03	[]	"[""EXPONE""]"	"[""EXPONE""]"	low	"[""continuity:same"", ""audit:not_shift""]"	False
P900796	1corintios	14	23	14:23	796	1corintios-14-23-P04	[]	"[""EXPONE""]"	"[""EXPONE""]"	low	"[""continuity:same"", ""audit:not_shift""]"	False
P900797	1corintios	14	23	14:23	797	1corintios-14-23-P05	[]	"[""ACLARA""]"	"[""ACLARA""]"	low	"[""continuity:shift"", ""audit:demonstrable_shift""]"	False
P900798	1corintios	14	24	14:24	798	1corintios-14-24-P01	"[""RAZÓN"", ""ACLARA""]"	"[""ACLARA""]"	"[""RAZÓN"", ""ACLARA""]"	moderate	"[""connector:οτι:explanatory"", ""continuity:shift"", ""audit:demonstrable_shift""]"	False
P900799	1corintios	14	24	14:24	799	1corintios-14-24-P02	"[""CONDICIÓN""]"	"[""ACLARA""]"	"[""CONDICIÓN"", ""ACLARA""]"	moderate	"[""connector:εαν:conditional"", ""continuity:shift"", ""audit:weak_shift""]"	False
P900800	1corintios	14	24	14:24	800	1corintios-14-24-P03	[]	"[""EXPONE""]"	"[""EXPONE""]"	low	"[""continuity:same"", ""audit:not_shift""]"	False
P900801	1corintios	14	24	14:24	801	1corintios-14-24-P04	[]	"[""EXPONE""]"	"[""EXPONE""]"	low	"[""continuity:same"", ""audit:not_shift""]"	False
P900802	1corintios	14	25	14:25	802	1corintios-14-25-P01	[]	"[""EXPONE""]"	"[""EXPONE""]"	low	"[""continuity:same"", ""audit:not_shift""]"	False
P900803	1corintios	14	25	14:25	803	1corintios-14-25-P02	[]	"[""EXPONE""]"	"[""EXPONE""]"	low	"[""continuity:same"", ""audit:not_shift""]"	False
P900804	1corintios	14	25	14:25	804	1corintios-14-25-P03	[]	"[""EXPONE""]"	"[""EXPONE""]"	low	"[""continuity:same"", ""audit:not_shift""]"	False
P900805	1corintios	14	26	14:26	805	1corintios-14-26-P01	"[""RAZÓN"", ""ACLARA""]"	"[""EXPONE""]"	"[""RAZÓN"", ""ACLARA"", ""EXPONE""]"	moderate	"[""connector:οτι:explanatory"", ""continuity:same"", ""audit:not_shift""]"	False
P900806	1corintios	14	26	14:26	806	1corintios-14-26-P02	[]	"[""ACLARA""]"	"[""ACLARA""]"	low	"[""continuity:shift"", ""audit:demonstrable_shift""]"	False
P900807	1corintios	14	26	14:26	807	1corintios-14-26-P03	[]	"[""ACLARA""]"	"[""ACLARA""]"	low	"[""connector:οταν:temporal"", ""continuity:shift"", ""audit:demonstrable_shift""]"	False
P900808	1corintios	14	26	14:26	808	1corintios-14-26-P04	[]	"[""EXPONE""]"	"[""EXPONE""]"	low	"[""continuity:same"", ""audit:not_shift""]"	False
P900809	1corintios	14	26	14:26	809	1corintios-14-26-P05	[]	"[""EXPONE""]"	"[""EXPONE""]"	low	"[""continuity:same"", ""audit:not_shift""]"	False
P900810	1corintios	14	26	14:26	810	1corintios-14-26-P06	[]	"[""EXPONE""]"	"[""EXPONE""]"	low	"[""continuity:same"", ""audit:not_shift""]"	False
P900811	1corintios	14	26	14:26	811	1corintios-14-26-P07	[]	"[""EXPONE""]"	"[""EXPONE""]"	low	"[""continuity:same"", ""audit:not_shift""]"	False
P900812	1corintios	14	26	14:26	812	1corintios-14-26-P08	[]	"[""EXPONE""]"	"[""EXPONE""]"	low	"[""continuity:same"", ""audit:not_shift""]"	False
P900813	1corintios	14	27	14:27	813	1corintios-14-27-P01	[]	"[""EXPONE""]"	"[""EXPONE""]"	low	"[""continuity:same"", ""audit:not_shift""]"	False
P900814	1corintios	14	27	14:27	814	1corintios-14-27-P02	[]	"[""EXPONE""]"	"[""EXPONE""]"	low	"[""continuity:same"", ""audit:not_shift""]"	False
P900815	1corintios	14	28	14:28	815	1corintios-14-28-P01	[]	"[""EXPONE""]"	"[""EXPONE""]"	low	"[""continuity:same"", ""audit:not_shift""]"	False
P900816	1corintios	14	28	14:28	816	1corintios-14-28-P02	"[""CONDICIÓN""]"	"[""EXPONE""]"	"[""CONDICIÓN"", ""EXPONE""]"	moderate	"[""connector:εαν:conditional"", ""continuity:same"", ""audit:not_shift""]"	False
P900817	1corintios	14	28	14:28	817	1corintios-14-28-P03	[]	"[""EXPONE""]"	"[""EXPONE""]"	low	"[""continuity:same"", ""audit:not_shift""]"	False
P900818	1corintios	14	29	14:29	818	1corintios-14-29-P01	[]	"[""ACLARA""]"	"[""ACLARA""]"	low	"[""continuity:shift"", ""audit:weak_shift""]"	False
P900819	1corintios	14	29	14:29	819	1corintios-14-29-P02	[]	"[""EXPONE""]"	"[""EXPONE""]"	low	"[""continuity:same"", ""audit:not_shift""]"	False
P900820	1corintios	14	30	14:30	820	1corintios-14-30-P01	[]	"[""ACLARA""]"	"[""ACLARA""]"	low	"[""continuity:shift"", ""audit:weak_shift""]"	False
P900821	1corintios	14	30	14:30	821	1corintios-14-30-P02	"[""CONDICIÓN""]"	"[""EXPONE""]"	"[""CONDICIÓN"", ""EXPONE""]"	moderate	"[""connector:εαν:conditional"", ""continuity:same"", ""audit:not_shift""]"	False
P900822	1corintios	14	31	14:31	822	1corintios-14-31-P01	[]	"[""ACLARA""]"	"[""ACLARA""]"	low	"[""continuity:shift"", ""audit:demonstrable_shift""]"	False
P900823	1corintios	14	31	14:31	823	1corintios-14-31-P02	[]	"[""ACLARA""]"	"[""ACLARA""]"	low	"[""continuity:shift"", ""audit:demonstrable_shift""]"	False
P900824	1corintios	14	31	14:31	824	1corintios-14-31-P03	"[""PROPÓSITO""]"	"[""EXPONE""]"	"[""PROPÓSITO"", ""EXPONE""]"	moderate	"[""connector:ινα:purpose"", ""continuity:same"", ""audit:not_shift""]"	False
P900825	1corintios	14	32	14:32	825	1corintios-14-32-P01	[]	"[""ACLARA""]"	"[""ACLARA""]"	low	"[""continuity:shift"", ""audit:weak_shift""]"	False
P900826	1corintios	14	33	14:33	826	1corintios-14-33-P01	[]	"[""EXPONE""]"	"[""EXPONE""]"	low	"[""continuity:same"", ""audit:not_shift""]"	False
P900827	1corintios	14	34	14:34	827	1corintios-14-34-P01	[]	"[""ACLARA""]"	"[""ACLARA""]"	low	"[""continuity:shift"", ""audit:weak_shift""]"	False
P900828	1corintios	14	34	14:34	828	1corintios-14-34-P02	[]	"[""ACLARA""]"	"[""ACLARA""]"	low	"[""continuity:shift"", ""audit:weak_shift""]"	False
P900829	1corintios	14	34	14:34	829	1corintios-14-34-P03	[]	"[""ACLARA""]"	"[""ACLARA""]"	low	"[""continuity:shift"", ""audit:weak_shift""]"	False
P900830	1corintios	14	34	14:34	830	1corintios-14-34-P04	[]	"[""ACLARA""]"	"[""ACLARA""]"	low	"[""continuity:shift"", ""audit:weak_shift""]"	False
P900831	1corintios	14	35	14:35	831	1corintios-14-35-P01	"[""ACLARA""]"	"[""ACLARA""]"	"[""ACLARA""]"	moderate	"[""connector:καθως:comparative"", ""continuity:shift"", ""audit:weak_shift""]"	False
P900832	1corintios	14	35	14:35	832	1corintios-14-35-P02	"[""CONDICIÓN""]"	"[""EXPONE""]"	"[""CONDICIÓN"", ""EXPONE""]"	moderate	"[""connector:ει:conditional"", ""continuity:same"", ""audit:not_shift""]"	False
P900833	1corintios	14	35	14:35	833	1corintios-14-35-P03	[]	"[""ACLARA""]"	"[""ACLARA""]"	low	"[""continuity:shift"", ""audit:weak_shift""]"	False
P900834	1corintios	14	36	14:36	834	1corintios-14-36-P01	[]	"[""EXPONE""]"	"[""EXPONE""]"	low	"[""continuity:same"", ""audit:not_shift""]"	False
P900835	1corintios	14	36	14:36	835	1corintios-14-36-P02	[]	"[""EXPONE""]"	"[""EXPONE""]"	low	"[""continuity:same"", ""audit:not_shift""]"	False
P900836	1corintios	14	37	14:37	836	1corintios-14-37-P01	[]	"[""EXPONE""]"	"[""EXPONE""]"	low	"[""continuity:same"", ""audit:not_shift""]"	False
P900837	1corintios	14	37	14:37	837	1corintios-14-37-P02	"[""CONDICIÓN""]"	"[""EXPONE""]"	"[""CONDICIÓN"", ""EXPONE""]"	moderate	"[""connector:ει:conditional"", ""continuity:same"", ""audit:not_shift""]"	False
P900838	1corintios	14	37	14:37	838	1corintios-14-37-P03	[]	"[""ACLARA""]"	"[""ACLARA""]"	low	"[""continuity:shift"", ""audit:demonstrable_shift""]"	False
P900839	1corintios	14	37	14:37	839	1corintios-14-37-P04	[]	"[""ACLARA""]"	"[""ACLARA""]"	low	"[""continuity:shift"", ""audit:demonstrable_shift""]"	False
P900840	1corintios	14	38	14:38	840	1corintios-14-38-P01	"[""RAZÓN"", ""ACLARA""]"	"[""EXPONE""]"	"[""RAZÓN"", ""ACLARA"", ""EXPONE""]"	moderate	"[""connector:οτι:explanatory"", ""continuity:same"", ""audit:not_shift""]"	False
P900841	1corintios	14	38	14:38	841	1corintios-14-38-P02	"[""CONDICIÓN""]"	"[""EXPONE""]"	"[""CONDICIÓN"", ""EXPONE""]"	moderate	"[""connector:ει:conditional"", ""continuity:same"", ""audit:not_shift""]"	False
P900842	1corintios	14	39	14:39	842	1corintios-14-39-P01	"[""RESULTADO""]"	"[""ACLARA""]"	"[""RESULTADO"", ""ACLARA""]"	moderate	"[""connector:ωστε:inferential"", ""continuity:shift"", ""audit:demonstrable_shift""]"	False
P900843	1corintios	14	39	14:39	843	1corintios-14-39-P02	[]	"[""EXPONE""]"	"[""EXPONE""]"	low	"[""continuity:same"", ""audit:not_shift""]"	False
P900844	1corintios	14	40	14:40	844	1corintios-14-40-P01	[]	"[""ACLARA""]"	"[""ACLARA""]"	low	"[""continuity:shift"", ""audit:demonstrable_shift""]"	False
P900845	1corintios	15	1	15:1	845	1corintios-15-1-P01	[]	"[""ACLARA""]"	"[""ACLARA""]"	low	"[""continuity:shift"", ""audit:demonstrable_shift""]"	False
P900846	1corintios	15	1	15:1	846	1corintios-15-1-P02	[]	"[""EXPONE""]"	"[""EXPONE""]"	low	"[""continuity:same"", ""audit:not_shift""]"	False
P900847	1corintios	15	1	15:1	847	1corintios-15-1-P03	[]	"[""ACLARA""]"	"[""ACLARA""]"	low	"[""continuity:shift"", ""audit:demonstrable_shift""]"	False
P900848	1corintios	15	1	15:1	848	1corintios-15-1-P04	[]	"[""EXPONE""]"	"[""EXPONE""]"	low	"[""continuity:same"", ""audit:not_shift""]"	False
P900849	1corintios	15	2	15:2	849	1corintios-15-2-P01	[]	"[""EXPONE""]"	"[""EXPONE""]"	low	"[""continuity:same"", ""audit:not_shift""]"	False
P900850	1corintios	15	2	15:2	850	1corintios-15-2-P02	[]	"[""ACLARA""]"	"[""ACLARA""]"	low	"[""continuity:shift"", ""audit:demonstrable_shift""]"	False
P900851	1corintios	15	2	15:2	851	1corintios-15-2-P03	[]	"[""ACLARA""]"	"[""ACLARA""]"	low	"[""continuity:shift"", ""audit:demonstrable_shift""]"	False
P900852	1corintios	15	2	15:2	852	1corintios-15-2-P04	"[""CONDICIÓN""]"	"[""EXPONE""]"	"[""CONDICIÓN"", ""EXPONE""]"	moderate	"[""connector:ει:conditional"", ""continuity:same"", ""audit:not_shift""]"	False
P900853	1corintios	15	3	15:3	853	1corintios-15-3-P01	"[""CONDICIÓN""]"	"[""ACLARA""]"	"[""CONDICIÓN"", ""ACLARA""]"	moderate	"[""connector:ει:conditional"", ""continuity:shift"", ""audit:demonstrable_shift""]"	False
P900854	1corintios	15	3	15:3	854	1corintios-15-3-P02	[]	"[""EXPONE""]"	"[""EXPONE""]"	low	"[""continuity:same"", ""audit:not_shift""]"	False
P900855	1corintios	15	3	15:3	855	1corintios-15-3-P03	[]	"[""ACLARA""]"	"[""ACLARA""]"	low	"[""continuity:shift"", ""audit:demonstrable_shift""]"	False
P900856	1corintios	15	4	15:4	856	1corintios-15-4-P01	"[""RAZÓN"", ""ACLARA""]"	"[""EXPONE""]"	"[""RAZÓN"", ""ACLARA"", ""EXPONE""]"	moderate	"[""connector:οτι:explanatory"", ""continuity:same"", ""audit:not_shift""]"	False
P900857	1corintios	15	4	15:4	857	1corintios-15-4-P02	"[""RAZÓN"", ""ACLARA""]"	"[""EXPONE""]"	"[""RAZÓN"", ""ACLARA"", ""EXPONE""]"	moderate	"[""connector:οτι:explanatory"", ""continuity:same"", ""audit:not_shift""]"	False
P900858	1corintios	15	5	15:5	858	1corintios-15-5-P01	"[""RAZÓN"", ""ACLARA""]"	"[""EXPONE""]"	"[""RAZÓN"", ""ACLARA"", ""EXPONE""]"	moderate	"[""connector:οτι:explanatory"", ""continuity:same"", ""audit:not_shift""]"	False
P900859	1corintios	15	6	15:6	859	1corintios-15-6-P01	"[""RAZÓN"", ""ACLARA""]"	"[""EXPONE""]"	"[""RAZÓN"", ""ACLARA"", ""EXPONE""]"	moderate	"[""connector:οτι:explanatory"", ""continuity:same"", ""audit:not_shift""]"	False
P900860	1corintios	15	6	15:6	860	1corintios-15-6-P02	[]	"[""ACLARA""]"	"[""ACLARA""]"	low	"[""continuity:shift"", ""audit:weak_shift""]"	False
P900861	1corintios	15	6	15:6	861	1corintios-15-6-P03	[]	"[""EXPONE""]"	"[""EXPONE""]"	low	"[""continuity:same"", ""audit:not_shift""]"	False
P900862	1corintios	15	7	15:7	862	1corintios-15-7-P01	[]	"[""ACLARA""]"	"[""ACLARA""]"	low	"[""continuity:shift"", ""audit:weak_shift""]"	False
P900863	1corintios	15	8	15:8	863	1corintios-15-8-P01	[]	"[""EXPONE""]"	"[""EXPONE""]"	low	"[""continuity:same"", ""audit:not_shift""]"	False
P900864	1corintios	15	9	15:9	864	1corintios-15-9-P01	[]	"[""ACLARA""]"	"[""ACLARA""]"	low	"[""continuity:shift"", ""audit:demonstrable_shift""]"	False
P900865	1corintios	15	9	15:9	865	1corintios-15-9-P02	[]	"[""EXPONE""]"	"[""EXPONE""]"	low	"[""continuity:same"", ""audit:not_shift""]"	False
P900866	1corintios	15	9	15:9	866	1corintios-15-9-P03	[]	"[""EXPONE""]"	"[""EXPONE""]"	low	"[""continuity:same"", ""audit:not_shift""]"	False
P900867	1corintios	15	10	15:10	867	1corintios-15-10-P01	[]	"[""EXPONE""]"	"[""EXPONE""]"	low	"[""continuity:same"", ""audit:not_shift""]"	False
P900868	1corintios	15	10	15:10	868	1corintios-15-10-P02	[]	"[""EXPONE""]"	"[""EXPONE""]"	low	"[""continuity:same"", ""audit:not_shift""]"	False
P900869	1corintios	15	10	15:10	869	1corintios-15-10-P03	[]	"[""ACLARA""]"	"[""ACLARA""]"	low	"[""continuity:shift"", ""audit:demonstrable_shift""]"	False
P900870	1corintios	15	10	15:10	870	1corintios-15-10-P04	[]	"[""ACLARA""]"	"[""ACLARA""]"	low	"[""continuity:shift"", ""audit:demonstrable_shift""]"	False
P900871	1corintios	15	11	15:11	871	1corintios-15-11-P01	[]	"[""ACLARA""]"	"[""ACLARA""]"	low	"[""continuity:shift"", ""audit:weak_shift""]"	False
P900872	1corintios	15	11	15:11	872	1corintios-15-11-P02	[]	"[""ACLARA""]"	"[""ACLARA""]"	low	"[""continuity:shift"", ""audit:demonstrable_shift""]"	False
P900873	1corintios	15	12	15:12	873	1corintios-15-12-P01	[]	"[""ACLARA""]"	"[""ACLARA""]"	low	"[""continuity:shift"", ""audit:demonstrable_shift""]"	False
P900874	1corintios	15	12	15:12	874	1corintios-15-12-P02	"[""CONDICIÓN""]"	"[""EXPONE""]"	"[""CONDICIÓN"", ""EXPONE""]"	moderate	"[""connector:ει:conditional"", ""continuity:same"", ""audit:not_shift""]"	False
P900875	1corintios	15	12	15:12	875	1corintios-15-12-P03	"[""RAZÓN"", ""ACLARA""]"	"[""ACLARA""]"	"[""RAZÓN"", ""ACLARA""]"	moderate	"[""connector:οτι:explanatory"", ""continuity:shift"", ""audit:weak_shift""]"	False
P900876	1corintios	15	12	15:12	876	1corintios-15-12-P04	[]	"[""ACLARA""]"	"[""ACLARA""]"	low	"[""continuity:shift"", ""audit:weak_shift""]"	False
P900877	1corintios	15	13	15:13	877	1corintios-15-13-P01	"[""RAZÓN"", ""ACLARA""]"	"[""EXPONE""]"	"[""RAZÓN"", ""ACLARA"", ""EXPONE""]"	moderate	"[""connector:οτι:explanatory"", ""continuity:same"", ""audit:not_shift""]"	False
P900878	1corintios	15	13	15:13	878	1corintios-15-13-P02	"[""CONDICIÓN""]"	"[""EXPONE""]"	"[""CONDICIÓN"", ""EXPONE""]"	moderate	"[""connector:ει:conditional"", ""continuity:same"", ""audit:not_shift""]"	False
P900879	1corintios	15	14	15:14	879	1corintios-15-14-P01	[]	"[""EXPONE""]"	"[""EXPONE""]"	low	"[""continuity:same"", ""audit:not_shift""]"	False
P900880	1corintios	15	15	15:15	880	1corintios-15-15-P01	"[""CONDICIÓN""]"	"[""ACLARA""]"	"[""CONDICIÓN"", ""ACLARA""]"	moderate	"[""connector:ει:conditional"", ""continuity:shift"", ""audit:demonstrable_shift""]"	False
P900881	1corintios	15	15	15:15	881	1corintios-15-15-P02	[]	"[""EXPONE""]"	"[""EXPONE""]"	low	"[""continuity:same"", ""audit:not_shift""]"	False
P900882	1corintios	15	15	15:15	882	1corintios-15-15-P03	"[""RAZÓN"", ""ACLARA""]"	"[""ACLARA""]"	"[""RAZÓN"", ""ACLARA""]"	moderate	"[""connector:οτι:explanatory"", ""continuity:shift"", ""audit:demonstrable_shift""]"	False
P900883	1corintios	15	15	15:15	883	1corintios-15-15-P04	"[""RAZÓN"", ""ACLARA""]"	"[""EXPONE""]"	"[""RAZÓN"", ""ACLARA"", ""EXPONE""]"	moderate	"[""connector:οτι:explanatory"", ""continuity:same"", ""audit:not_shift""]"	False
P900884	1corintios	15	15	15:15	884	1corintios-15-15-P05	[]	"[""ACLARA""]"	"[""ACLARA""]"	low	"[""continuity:shift"", ""audit:weak_shift""]"	False
P900885	1corintios	15	16	15:16	885	1corintios-15-16-P01	[]	"[""EXPONE""]"	"[""EXPONE""]"	low	"[""continuity:same"", ""audit:not_shift""]"	False
P900886	1corintios	15	16	15:16	886	1corintios-15-16-P02	"[""CONDICIÓN""]"	"[""ACLARA""]"	"[""CONDICIÓN"", ""ACLARA""]"	moderate	"[""connector:ει:conditional"", ""continuity:shift"", ""audit:weak_shift""]"	False
P900887	1corintios	15	17	15:17	887	1corintios-15-17-P01	[]	"[""EXPONE""]"	"[""EXPONE""]"	low	"[""continuity:same"", ""audit:not_shift""]"	False
P900888	1corintios	15	17	15:17	888	1corintios-15-17-P02	"[""CONDICIÓN""]"	"[""ACLARA""]"	"[""CONDICIÓN"", ""ACLARA""]"	moderate	"[""connector:ει:conditional"", ""continuity:shift"", ""audit:demonstrable_shift""]"	False
P900889	1corintios	15	18	15:18	889	1corintios-15-18-P01	[]	"[""ACLARA""]"	"[""ACLARA""]"	low	"[""continuity:shift"", ""audit:demonstrable_shift""]"	False
P900890	1corintios	15	19	15:19	890	1corintios-15-19-P01	[]	"[""ACLARA""]"	"[""ACLARA""]"	low	"[""continuity:shift"", ""audit:demonstrable_shift""]"	False
P900891	1corintios	15	19	15:19	891	1corintios-15-19-P02	"[""CONDICIÓN""]"	"[""EXPONE""]"	"[""CONDICIÓN"", ""EXPONE""]"	moderate	"[""connector:ει:conditional"", ""continuity:same"", ""audit:not_shift""]"	False
P900892	1corintios	15	20	15:20	892	1corintios-15-20-P01	[]	"[""ACLARA""]"	"[""ACLARA""]"	low	"[""continuity:shift"", ""audit:demonstrable_shift""]"	False
P900893	1corintios	15	22	15:22	893	1corintios-15-22-P01	[]	"[""ACLARA""]"	"[""ACLARA""]"	low	"[""continuity:shift"", ""audit:weak_shift""]"	False
P900894	1corintios	15	22	15:22	894	1corintios-15-22-P02	[]	"[""EXPONE""]"	"[""EXPONE""]"	low	"[""continuity:same"", ""audit:not_shift""]"	False
P900895	1corintios	15	24	15:24	895	1corintios-15-24-P01	[]	"[""ACLARA""]"	"[""ACLARA""]"	low	"[""continuity:shift"", ""audit:weak_shift""]"	False
P900896	1corintios	15	24	15:24	896	1corintios-15-24-P02	[]	"[""EXPONE""]"	"[""EXPONE""]"	low	"[""connector:οταν:temporal"", ""continuity:same"", ""audit:not_shift""]"	False
P900897	1corintios	15	25	15:25	897	1corintios-15-25-P01	[]	"[""EXPONE""]"	"[""EXPONE""]"	low	"[""connector:οταν:temporal"", ""continuity:same"", ""audit:not_shift""]"	False
P900898	1corintios	15	25	15:25	898	1corintios-15-25-P02	[]	"[""EXPONE""]"	"[""EXPONE""]"	low	"[""continuity:same"", ""audit:not_shift""]"	False
P900899	1corintios	15	26	15:26	899	1corintios-15-26-P01	[]	"[""EXPONE""]"	"[""EXPONE""]"	low	"[""continuity:same"", ""audit:not_shift""]"	False
P900900	1corintios	15	27	15:27	900	1corintios-15-27-P01	[]	"[""EXPONE""]"	"[""EXPONE""]"	low	"[""continuity:same"", ""audit:not_shift""]"	False
P900901	1corintios	15	27	15:27	901	1corintios-15-27-P02	[]	"[""EXPONE""]"	"[""EXPONE""]"	low	"[""continuity:same"", ""audit:not_shift""]"	False
P900902	1corintios	15	27	15:27	902	1corintios-15-27-P03	[]	"[""EXPONE""]"	"[""EXPONE""]"	low	"[""connector:οταν:temporal"", ""continuity:same"", ""audit:not_shift""]"	False
P900903	1corintios	15	28	15:28	903	1corintios-15-28-P01	"[""RAZÓN"", ""ACLARA""]"	"[""EXPONE""]"	"[""RAZÓN"", ""ACLARA"", ""EXPONE""]"	moderate	"[""connector:οτι:explanatory"", ""continuity:same"", ""audit:not_shift""]"	False
P900904	1corintios	15	28	15:28	904	1corintios-15-28-P02	[]	"[""EXPONE""]"	"[""EXPONE""]"	low	"[""connector:οταν:temporal"", ""continuity:same"", ""audit:not_shift""]"	False
P900905	1corintios	15	28	15:28	905	1corintios-15-28-P03	[]	"[""EXPONE""]"	"[""EXPONE""]"	low	"[""continuity:same"", ""audit:not_shift""]"	False
P900906	1corintios	15	29	15:29	906	1corintios-15-29-P01	"[""PROPÓSITO""]"	"[""ACLARA""]"	"[""PROPÓSITO"", ""ACLARA""]"	moderate	"[""connector:ινα:purpose"", ""continuity:shift"", ""audit:weak_shift""]"	False
P900907	1corintios	15	29	15:29	907	1corintios-15-29-P02	[]	"[""EXPONE""]"	"[""EXPONE""]"	low	"[""continuity:same"", ""audit:not_shift""]"	False
P900908	1corintios	15	29	15:29	908	1corintios-15-29-P03	"[""CONDICIÓN""]"	"[""EXPONE""]"	"[""CONDICIÓN"", ""EXPONE""]"	moderate	"[""connector:ει:conditional"", ""continuity:same"", ""audit:not_shift""]"	False
P900909	1corintios	15	30	15:30	909	1corintios-15-30-P01	[]	"[""ACLARA""]"	"[""ACLARA""]"	low	"[""continuity:shift"", ""audit:demonstrable_shift""]"	False
P900910	1corintios	15	31	15:31	910	1corintios-15-31-P01	[]	"[""ACLARA""]"	"[""ACLARA""]"	low	"[""continuity:shift"", ""audit:weak_shift""]"	False
P900911	1corintios	15	31	15:31	911	1corintios-15-31-P02	[]	"[""EXPONE""]"	"[""EXPONE""]"	low	"[""continuity:same"", ""audit:not_shift""]"	False
P900912	1corintios	15	32	15:32	912	1corintios-15-32-P01	[]	"[""EXPONE""]"	"[""EXPONE""]"	low	"[""continuity:same"", ""audit:not_shift""]"	False
P900913	1corintios	15	32	15:32	913	1corintios-15-32-P02	"[""CONDICIÓN""]"	"[""ACLARA""]"	"[""CONDICIÓN"", ""ACLARA""]"	moderate	"[""connector:ει:conditional"", ""continuity:shift"", ""audit:demonstrable_shift""]"	False
P900914	1corintios	15	32	15:32	914	1corintios-15-32-P03	"[""CONDICIÓN""]"	"[""ACLARA""]"	"[""CONDICIÓN"", ""ACLARA""]"	moderate	"[""connector:ει:conditional"", ""continuity:shift"", ""audit:demonstrable_shift""]"	False
P900915	1corintios	15	32	15:32	915	1corintios-15-32-P04	[]	"[""EXPONE""]"	"[""EXPONE""]"	low	"[""continuity:same"", ""audit:not_shift""]"	False
P900916	1corintios	15	32	15:32	916	1corintios-15-32-P05	[]	"[""EXPONE""]"	"[""EXPONE""]"	low	"[""continuity:same"", ""audit:not_shift""]"	False
P900917	1corintios	15	33	15:33	917	1corintios-15-33-P01	[]	"[""ACLARA""]"	"[""ACLARA""]"	low	"[""continuity:shift"", ""audit:demonstrable_shift""]"	False
P900918	1corintios	15	33	15:33	918	1corintios-15-33-P02	[]	"[""ACLARA""]"	"[""ACLARA""]"	low	"[""continuity:shift"", ""audit:demonstrable_shift""]"	False
P900919	1corintios	15	34	15:34	919	1corintios-15-34-P01	[]	"[""ACLARA""]"	"[""ACLARA""]"	low	"[""continuity:shift"", ""audit:demonstrable_shift""]"	False
P900920	1corintios	15	34	15:34	920	1corintios-15-34-P02	[]	"[""EXPONE""]"	"[""EXPONE""]"	low	"[""continuity:same"", ""audit:not_shift""]"	False
P900921	1corintios	15	34	15:34	921	1corintios-15-34-P03	[]	"[""ACLARA""]"	"[""ACLARA""]"	low	"[""continuity:shift"", ""audit:demonstrable_shift""]"	False
P900922	1corintios	15	34	15:34	922	1corintios-15-34-P04	[]	"[""ACLARA""]"	"[""ACLARA""]"	low	"[""continuity:shift"", ""audit:demonstrable_shift""]"	False
P900923	1corintios	15	35	15:35	923	1corintios-15-35-P01	[]	"[""ACLARA""]"	"[""ACLARA""]"	low	"[""continuity:shift"", ""audit:demonstrable_shift""]"	False
P900924	1corintios	15	35	15:35	924	1corintios-15-35-P02	[]	"[""ACLARA""]"	"[""ACLARA""]"	low	"[""continuity:shift"", ""audit:weak_shift""]"	False
P900925	1corintios	15	35	15:35	925	1corintios-15-35-P03	[]	"[""EXPONE""]"	"[""EXPONE""]"	low	"[""continuity:same"", ""audit:not_shift""]"	False
P900926	1corintios	15	36	15:36	926	1corintios-15-36-P01	[]	"[""ACLARA""]"	"[""ACLARA""]"	low	"[""continuity:shift"", ""audit:demonstrable_shift""]"	False
P900927	1corintios	15	36	15:36	927	1corintios-15-36-P02	[]	"[""ACLARA""]"	"[""ACLARA""]"	low	"[""continuity:shift"", ""audit:demonstrable_shift""]"	False
P900928	1corintios	15	36	15:36	928	1corintios-15-36-P03	[]	"[""EXPONE""]"	"[""EXPONE""]"	low	"[""continuity:same"", ""audit:not_shift""]"	False
P900929	1corintios	15	37	15:37	929	1corintios-15-37-P01	"[""CONDICIÓN""]"	"[""ACLARA""]"	"[""CONDICIÓN"", ""ACLARA""]"	moderate	"[""connector:εαν:conditional"", ""continuity:shift"", ""audit:demonstrable_shift""]"	False
P900930	1corintios	15	37	15:37	930	1corintios-15-37-P02	[]	"[""EXPONE""]"	"[""EXPONE""]"	low	"[""continuity:same"", ""audit:not_shift""]"	False
P900931	1corintios	15	37	15:37	931	1corintios-15-37-P03	[]	"[""ACLARA""]"	"[""ACLARA""]"	low	"[""continuity:shift"", ""audit:demonstrable_shift""]"	False
P900932	1corintios	15	38	15:38	932	1corintios-15-38-P01	"[""CONDICIÓN""]"	"[""EXPONE""]"	"[""CONDICIÓN"", ""EXPONE""]"	moderate	"[""connector:ει:conditional"", ""continuity:same"", ""audit:not_shift""]"	False
P900933	1corintios	15	38	15:38	933	1corintios-15-38-P02	[]	"[""EXPONE""]"	"[""EXPONE""]"	low	"[""continuity:same"", ""audit:not_shift""]"	False
P900934	1corintios	15	41	15:41	934	1corintios-15-41-P01	"[""ACLARA""]"	"[""EXPONE""]"	"[""ACLARA"", ""EXPONE""]"	moderate	"[""connector:καθως:comparative"", ""continuity:same"", ""audit:not_shift""]"	False
P900935	1corintios	15	42	15:42	935	1corintios-15-42-P01	[]	"[""EXPONE""]"	"[""EXPONE""]"	low	"[""continuity:same"", ""audit:not_shift""]"	False
P900936	1corintios	15	42	15:42	936	1corintios-15-42-P02	[]	"[""EXPONE""]"	"[""EXPONE""]"	low	"[""continuity:same"", ""audit:not_shift""]"	False
P900937	1corintios	15	43	15:43	937	1corintios-15-43-P01	[]	"[""EXPONE""]"	"[""EXPONE""]"	low	"[""continuity:same"", ""audit:not_shift""]"	False
P900938	1corintios	15	43	15:43	938	1corintios-15-43-P02	[]	"[""EXPONE""]"	"[""EXPONE""]"	low	"[""continuity:same"", ""audit:not_shift""]"	False
P900939	1corintios	15	43	15:43	939	1corintios-15-43-P03	[]	"[""EXPONE""]"	"[""EXPONE""]"	low	"[""continuity:same"", ""audit:not_shift""]"	False
P900940	1corintios	15	43	15:43	940	1corintios-15-43-P04	[]	"[""EXPONE""]"	"[""EXPONE""]"	low	"[""continuity:same"", ""audit:not_shift""]"	False
P900941	1corintios	15	44	15:44	941	1corintios-15-44-P01	[]	"[""EXPONE""]"	"[""EXPONE""]"	low	"[""continuity:same"", ""audit:not_shift""]"	False
P900942	1corintios	15	44	15:44	942	1corintios-15-44-P02	[]	"[""EXPONE""]"	"[""EXPONE""]"	low	"[""continuity:same"", ""audit:not_shift""]"	False
P900943	1corintios	15	44	15:44	943	1corintios-15-44-P03	[]	"[""EXPONE""]"	"[""EXPONE""]"	low	"[""continuity:same"", ""audit:not_shift""]"	False
P900944	1corintios	15	44	15:44	944	1corintios-15-44-P04	"[""CONDICIÓN""]"	"[""EXPONE""]"	"[""CONDICIÓN"", ""EXPONE""]"	moderate	"[""connector:ει:conditional"", ""continuity:same"", ""audit:not_shift""]"	False
P900945	1corintios	15	45	15:45	945	1corintios-15-45-P01	[]	"[""EXPONE""]"	"[""EXPONE""]"	low	"[""continuity:same"", ""audit:not_shift""]"	False
P900946	1corintios	15	45	15:45	946	1corintios-15-45-P02	[]	"[""EXPONE""]"	"[""EXPONE""]"	low	"[""continuity:same"", ""audit:not_shift""]"	False
P900947	1corintios	15	49	15:49	947	1corintios-15-49-P01	[]	"[""ACLARA""]"	"[""ACLARA""]"	low	"[""continuity:shift"", ""audit:demonstrable_shift""]"	False
P900948	1corintios	15	49	15:49	948	1corintios-15-49-P02	"[""ACLARA""]"	"[""EXPONE""]"	"[""ACLARA"", ""EXPONE""]"	moderate	"[""connector:καθως:comparative"", ""continuity:same"", ""audit:not_shift""]"	False
P900949	1corintios	15	50	15:50	949	1corintios-15-50-P01	[]	"[""ACLARA""]"	"[""ACLARA""]"	low	"[""continuity:shift"", ""audit:weak_shift""]"	False
P900950	1corintios	15	50	15:50	950	1corintios-15-50-P02	[]	"[""ACLARA""]"	"[""ACLARA""]"	low	"[""continuity:shift"", ""audit:demonstrable_shift""]"	False
P900951	1corintios	15	50	15:50	951	1corintios-15-50-P03	"[""RAZÓN"", ""ACLARA""]"	"[""EXPONE""]"	"[""RAZÓN"", ""ACLARA"", ""EXPONE""]"	moderate	"[""connector:οτι:explanatory"", ""continuity:same"", ""audit:not_shift""]"	False
P900952	1corintios	15	51	15:51	952	1corintios-15-51-P01	[]	"[""ACLARA""]"	"[""ACLARA""]"	low	"[""continuity:shift"", ""audit:demonstrable_shift""]"	False
P900953	1corintios	15	51	15:51	953	1corintios-15-51-P02	[]	"[""ACLARA""]"	"[""ACLARA""]"	low	"[""continuity:shift"", ""audit:weak_shift""]"	False
P900954	1corintios	15	51	15:51	954	1corintios-15-51-P03	[]	"[""EXPONE""]"	"[""EXPONE""]"	low	"[""continuity:same"", ""audit:not_shift""]"	False
P900955	1corintios	15	52	15:52	955	1corintios-15-52-P01	[]	"[""ACLARA""]"	"[""ACLARA""]"	low	"[""continuity:shift"", ""audit:demonstrable_shift""]"	False
P900956	1corintios	15	52	15:52	956	1corintios-15-52-P02	[]	"[""ACLARA""]"	"[""ACLARA""]"	low	"[""continuity:shift"", ""audit:weak_shift""]"	False
P900957	1corintios	15	52	15:52	957	1corintios-15-52-P03	[]	"[""ACLARA""]"	"[""ACLARA""]"	low	"[""continuity:shift"", ""audit:demonstrable_shift""]"	False
P900958	1corintios	15	53	15:53	958	1corintios-15-53-P01	[]	"[""ACLARA""]"	"[""ACLARA""]"	low	"[""continuity:shift"", ""audit:demonstrable_shift""]"	False
P900959	1corintios	15	54	15:54	959	1corintios-15-54-P01	[]	"[""EXPONE""]"	"[""EXPONE""]"	low	"[""continuity:same"", ""audit:not_shift""]"	False
P900960	1corintios	15	54	15:54	960	1corintios-15-54-P02	[]	"[""EXPONE""]"	"[""EXPONE""]"	low	"[""connector:οταν:temporal"", ""continuity:same"", ""audit:not_shift""]"	False
P900961	1corintios	15	54	15:54	961	1corintios-15-54-P03	[]	"[""EXPONE""]"	"[""EXPONE""]"	low	"[""continuity:same"", ""audit:not_shift""]"	False
P900962	1corintios	15	54	15:54	962	1corintios-15-54-P04	[]	"[""EXPONE""]"	"[""EXPONE""]"	low	"[""continuity:same"", ""audit:not_shift""]"	False
P900963	1corintios	15	58	15:58	963	1corintios-15-58-P01	"[""RESULTADO""]"	"[""ACLARA""]"	"[""RESULTADO"", ""ACLARA""]"	moderate	"[""connector:ωστε:inferential"", ""continuity:shift"", ""audit:demonstrable_shift""]"	False
P900964	1corintios	15	58	15:58	964	1corintios-15-58-P02	[]	"[""ACLARA""]"	"[""ACLARA""]"	low	"[""continuity:shift"", ""audit:demonstrable_shift""]"	False
P900965	1corintios	16	1	16:1	965	1corintios-16-1-P01	"[""RAZÓN"", ""ACLARA""]"	"[""ACLARA""]"	"[""RAZÓN"", ""ACLARA""]"	moderate	"[""connector:οτι:explanatory"", ""continuity:shift"", ""audit:demonstrable_shift""]"	False
P900966	1corintios	16	1	16:1	966	1corintios-16-1-P02	[]	"[""ACLARA""]"	"[""ACLARA""]"	low	"[""continuity:shift"", ""audit:demonstrable_shift""]"	False
P900967	1corintios	16	2	16:2	967	1corintios-16-2-P01	[]	"[""ACLARA""]"	"[""ACLARA""]"	low	"[""continuity:shift"", ""audit:demonstrable_shift""]"	False
P900968	1corintios	16	2	16:2	968	1corintios-16-2-P02	[]	"[""EXPONE""]"	"[""EXPONE""]"	low	"[""continuity:same"", ""audit:not_shift""]"	False
P900969	1corintios	16	2	16:2	969	1corintios-16-2-P03	"[""CONDICIÓN""]"	"[""ACLARA""]"	"[""CONDICIÓN"", ""ACLARA""]"	moderate	"[""connector:εαν:conditional"", ""continuity:shift"", ""audit:demonstrable_shift""]"	False
P900970	1corintios	16	2	16:2	970	1corintios-16-2-P04	"[""PROPÓSITO""]"	"[""ACLARA""]"	"[""PROPÓSITO"", ""ACLARA""]"	moderate	"[""connector:ινα:purpose"", ""connector:οταν:temporal"", ""continuity:shift"", ""audit:demonstrable_shift""]"	False
P900971	1corintios	16	3	16:3	971	1corintios-16-3-P01	[]	"[""ACLARA""]"	"[""ACLARA""]"	low	"[""continuity:shift"", ""audit:demonstrable_shift""]"	False
P900972	1corintios	16	3	16:3	972	1corintios-16-3-P02	[]	"[""ACLARA""]"	"[""ACLARA""]"	low	"[""connector:οταν:temporal"", ""continuity:shift"", ""audit:demonstrable_shift""]"	False
P900973	1corintios	16	3	16:3	973	1corintios-16-3-P03	"[""CONDICIÓN""]"	"[""ACLARA""]"	"[""CONDICIÓN"", ""ACLARA""]"	moderate	"[""connector:εαν:conditional"", ""continuity:shift"", ""audit:demonstrable_shift""]"	False
P900974	1corintios	16	4	16:4	974	1corintios-16-4-P01	[]	"[""ACLARA""]"	"[""ACLARA""]"	low	"[""continuity:shift"", ""audit:demonstrable_shift""]"	False
P900975	1corintios	16	4	16:4	975	1corintios-16-4-P02	"[""CONDICIÓN""]"	"[""ACLARA""]"	"[""CONDICIÓN"", ""ACLARA""]"	moderate	"[""connector:εαν:conditional"", ""continuity:shift"", ""audit:weak_shift""]"	False
P900976	1corintios	16	5	16:5	976	1corintios-16-5-P01	[]	"[""ACLARA""]"	"[""ACLARA""]"	low	"[""continuity:shift"", ""audit:demonstrable_shift""]"	False
P900977	1corintios	16	5	16:5	977	1corintios-16-5-P02	[]	"[""EXPONE""]"	"[""EXPONE""]"	low	"[""continuity:same"", ""audit:not_shift""]"	False
P900978	1corintios	16	5	16:5	978	1corintios-16-5-P03	[]	"[""EXPONE""]"	"[""EXPONE""]"	low	"[""connector:οταν:temporal"", ""continuity:same"", ""audit:not_shift""]"	False
P900979	1corintios	16	6	16:6	979	1corintios-16-6-P01	[]	"[""EXPONE""]"	"[""EXPONE""]"	low	"[""continuity:same"", ""audit:not_shift""]"	False
P900980	1corintios	16	6	16:6	980	1corintios-16-6-P02	[]	"[""EXPONE""]"	"[""EXPONE""]"	low	"[""continuity:same"", ""audit:not_shift""]"	False
P900981	1corintios	16	6	16:6	981	1corintios-16-6-P03	[]	"[""ACLARA""]"	"[""ACLARA""]"	low	"[""continuity:shift"", ""audit:demonstrable_shift""]"	False
P900982	1corintios	16	6	16:6	982	1corintios-16-6-P04	"[""PROPÓSITO""]"	"[""ACLARA""]"	"[""PROPÓSITO"", ""ACLARA""]"	moderate	"[""connector:ινα:purpose"", ""continuity:shift"", ""audit:demonstrable_shift""]"	False
P900983	1corintios	16	7	16:7	983	1corintios-16-7-P01	"[""CONDICIÓN""]"	"[""EXPONE""]"	"[""CONDICIÓN"", ""EXPONE""]"	moderate	"[""connector:εαν:conditional"", ""continuity:same"", ""audit:not_shift""]"	False
P900984	1corintios	16	7	16:7	984	1corintios-16-7-P02	[]	"[""EXPONE""]"	"[""EXPONE""]"	low	"[""continuity:same"", ""audit:not_shift""]"	False
P900985	1corintios	16	7	16:7	985	1corintios-16-7-P03	[]	"[""ACLARA""]"	"[""ACLARA""]"	low	"[""continuity:shift"", ""audit:demonstrable_shift""]"	False
P900986	1corintios	16	8	16:8	986	1corintios-16-8-P01	"[""CONDICIÓN""]"	"[""ACLARA""]"	"[""CONDICIÓN"", ""ACLARA""]"	moderate	"[""connector:εαν:conditional"", ""continuity:shift"", ""audit:demonstrable_shift""]"	False
P900987	1corintios	16	9	16:9	987	1corintios-16-9-P01	[]	"[""ACLARA""]"	"[""ACLARA""]"	low	"[""continuity:shift"", ""audit:demonstrable_shift""]"	False
P900988	1corintios	16	10	16:10	988	1corintios-16-10-P01	[]	"[""EXPONE""]"	"[""EXPONE""]"	low	"[""continuity:same"", ""audit:not_shift""]"	False
P900989	1corintios	16	10	16:10	989	1corintios-16-10-P02	"[""CONDICIÓN""]"	"[""ACLARA""]"	"[""CONDICIÓN"", ""ACLARA""]"	moderate	"[""connector:εαν:conditional"", ""continuity:shift"", ""audit:demonstrable_shift""]"	False
P900990	1corintios	16	10	16:10	990	1corintios-16-10-P03	[]	"[""ACLARA""]"	"[""ACLARA""]"	low	"[""continuity:shift"", ""audit:demonstrable_shift""]"	False
P900991	1corintios	16	10	16:10	991	1corintios-16-10-P04	"[""PROPÓSITO""]"	"[""EXPONE""]"	"[""PROPÓSITO"", ""EXPONE""]"	moderate	"[""connector:ινα:purpose"", ""continuity:same"", ""audit:not_shift""]"	False
P900992	1corintios	16	11	16:11	992	1corintios-16-11-P01	[]	"[""EXPONE""]"	"[""EXPONE""]"	low	"[""continuity:same"", ""audit:not_shift""]"	False
P900993	1corintios	16	11	16:11	993	1corintios-16-11-P02	[]	"[""ACLARA""]"	"[""ACLARA""]"	low	"[""continuity:shift"", ""audit:demonstrable_shift""]"	False
P900994	1corintios	16	11	16:11	994	1corintios-16-11-P03	[]	"[""ACLARA""]"	"[""ACLARA""]"	low	"[""continuity:shift"", ""audit:demonstrable_shift""]"	False
P900995	1corintios	16	11	16:11	995	1corintios-16-11-P04	"[""PROPÓSITO""]"	"[""ACLARA""]"	"[""PROPÓSITO"", ""ACLARA""]"	moderate	"[""connector:ινα:purpose"", ""continuity:shift"", ""audit:demonstrable_shift""]"	False
P900996	1corintios	16	12	16:12	996	1corintios-16-12-P01	[]	"[""EXPONE""]"	"[""EXPONE""]"	low	"[""continuity:same"", ""audit:not_shift""]"	False
P900997	1corintios	16	12	16:12	997	1corintios-16-12-P02	[]	"[""ACLARA""]"	"[""ACLARA""]"	low	"[""continuity:shift"", ""audit:demonstrable_shift""]"	False
P900998	1corintios	16	12	16:12	998	1corintios-16-12-P03	"[""PROPÓSITO""]"	"[""EXPONE""]"	"[""PROPÓSITO"", ""EXPONE""]"	moderate	"[""connector:ινα:purpose"", ""continuity:same"", ""audit:not_shift""]"	False
P900999	1corintios	16	12	16:12	999	1corintios-16-12-P04	[]	"[""EXPONE""]"	"[""EXPONE""]"	low	"[""continuity:same"", ""audit:not_shift""]"	False
P901000	1corintios	16	12	16:12	1000	1corintios-16-12-P05	"[""PROPÓSITO""]"	"[""EXPONE""]"	"[""PROPÓSITO"", ""EXPONE""]"	moderate	"[""connector:ινα:purpose"", ""continuity:same"", ""audit:not_shift""]"	False
P901001	1corintios	16	12	16:12	1001	1corintios-16-12-P06	[]	"[""EXPONE""]"	"[""EXPONE""]"	low	"[""continuity:same"", ""audit:not_shift""]"	False
P901002	1corintios	16	14	16:14	1002	1corintios-16-14-P01	[]	"[""EXPONE""]"	"[""EXPONE""]"	low	"[""connector:οταν:temporal"", ""continuity:same"", ""audit:not_shift""]"	False
P901003	1corintios	16	15	16:15	1003	1corintios-16-15-P01	[]	"[""ACLARA""]"	"[""ACLARA""]"	low	"[""continuity:shift"", ""audit:demonstrable_shift""]"	False
P901004	1corintios	16	15	16:15	1004	1corintios-16-15-P02	[]	"[""ACLARA""]"	"[""ACLARA""]"	low	"[""continuity:shift"", ""audit:demonstrable_shift""]"	False
P901005	1corintios	16	15	16:15	1005	1corintios-16-15-P03	[]	"[""ACLARA""]"	"[""ACLARA""]"	low	"[""continuity:shift"", ""audit:demonstrable_shift""]"	False
P901006	1corintios	16	15	16:15	1006	1corintios-16-15-P04	"[""RAZÓN"", ""ACLARA""]"	"[""ACLARA""]"	"[""RAZÓN"", ""ACLARA""]"	moderate	"[""connector:οτι:explanatory"", ""continuity:shift"", ""audit:weak_shift""]"	False
P901007	1corintios	16	16	16:16	1007	1corintios-16-16-P01	[]	"[""ACLARA""]"	"[""ACLARA""]"	low	"[""continuity:shift"", ""audit:demonstrable_shift""]"	False
P901008	1corintios	16	17	16:17	1008	1corintios-16-17-P01	"[""PROPÓSITO""]"	"[""ACLARA""]"	"[""PROPÓSITO"", ""ACLARA""]"	moderate	"[""connector:ινα:purpose"", ""continuity:shift"", ""audit:demonstrable_shift""]"	False
P901009	1corintios	16	17	16:17	1009	1corintios-16-17-P02	[]	"[""ACLARA""]"	"[""ACLARA""]"	low	"[""continuity:shift"", ""audit:demonstrable_shift""]"	False
P901010	1corintios	16	18	16:18	1010	1corintios-16-18-P01	"[""RAZÓN"", ""ACLARA""]"	"[""EXPONE""]"	"[""RAZÓN"", ""ACLARA"", ""EXPONE""]"	moderate	"[""connector:οτι:explanatory"", ""continuity:same"", ""audit:not_shift""]"	False
P901011	1corintios	16	18	16:18	1011	1corintios-16-18-P02	[]	"[""ACLARA""]"	"[""ACLARA""]"	low	"[""continuity:shift"", ""audit:demonstrable_shift""]"	False
P901012	1corintios	16	19	16:19	1012	1corintios-16-19-P01	[]	"[""ACLARA""]"	"[""ACLARA""]"	low	"[""continuity:shift"", ""audit:demonstrable_shift""]"	False
P901013	1corintios	16	19	16:19	1013	1corintios-16-19-P02	[]	"[""ACLARA""]"	"[""ACLARA""]"	low	"[""continuity:shift"", ""audit:weak_shift""]"	False
P901014	1corintios	16	20	16:20	1014	1corintios-16-20-P01	[]	"[""ACLARA""]"	"[""ACLARA""]"	low	"[""continuity:shift"", ""audit:weak_shift""]"	False
P901015	1corintios	16	20	16:20	1015	1corintios-16-20-P02	[]	"[""ACLARA""]"	"[""ACLARA""]"	low	"[""continuity:shift"", ""audit:demonstrable_shift""]"	False
P901016	1corintios	16	22	16:22	1016	1corintios-16-22-P01	[]	"[""ACLARA""]"	"[""ACLARA""]"	low	"[""continuity:shift"", ""audit:demonstrable_shift""]"	False
P901017	1corintios	16	22	16:22	1017	1corintios-16-22-P02	"[""CONDICIÓN""]"	"[""EXPONE""]"	"[""CONDICIÓN"", ""EXPONE""]"	moderate	"[""connector:ει:conditional"", ""continuity:same"", ""audit:not_shift""]"	False
P901018	1corintios	16	22	16:22	1018	1corintios-16-22-P03	[]	"[""ACLARA""]"	"[""ACLARA""]"	low	"[""continuity:shift"", ""audit:demonstrable_shift""]"	False
