stream_index	book	chapter	verse	predication_id	previous_predication_id	finite_verb	finite_lemma	finite_compact	subject_person	subject_number	subject_status	subject_source	continuity_status	continuity_source	previous_subject_person	previous_subject_number	previous_finite_verb	independence_status	subordination_status
1	1corintios	1	4	1corintios-1-4-P01		εὐχαριστῶ	εὐχαριστέω	V-PAI-1S	1	S	confirmed	finite_verb_morphology	initial	stream_start				candidate	not_detected
2	1corintios	1	5	1corintios-1-5-P01	1corintios-1-4-P01	ἐπλουτίσθητε	πλουτίζω	V-API-2P	2	P	confirmed	finite_verb_morphology	shift	person_number_change	1	S	εὐχαριστῶ	unresolved	candidate
3	1corintios	1	6	1corintios-1-6-P01	1corintios-1-5-P01	ἐβεβαιώθη	βεβαιόω	V-API-3S			candidate	nearest_agreeing_nominative_no_visible_boundary	unresolved	missing_subject_person_or_number	2	P	ἐπλουτίσθητε	unresolved	candidate
4	1corintios	1	8	1corintios-1-8-P01	1corintios-1-6-P01	βεβαιώσει	βεβαιόω	V-FAI-3S	3	S	confirmed	finite_verb_morphology	unresolved	missing_subject_person_or_number			ἐβεβαιώθη	candidate	not_detected
5	1corintios	1	9	1corintios-1-9-P01	1corintios-1-8-P01	ἐκλήθητε	καλέω	V-API-2P	2	P	confirmed	finite_verb_morphology	shift	person_number_change	3	S	βεβαιώσει	candidate	not_detected
6	1corintios	1	10	1corintios-1-10-P01	1corintios-1-9-P01	παρακαλῶ	παρακαλέω	V-PAI-1S	1	S	confirmed	finite_verb_morphology	shift	person_number_change	2	P	ἐκλήθητε	candidate	not_detected
7	1corintios	1	10	1corintios-1-10-P02	1corintios-1-10-P01	λέγητε	λέγω	V-PAS-2P	2	P	confirmed	finite_verb_morphology	shift	person_number_change	1	S	παρακαλῶ	unresolved	candidate
8	1corintios	1	10	1corintios-1-10-P03	1corintios-1-10-P02	ᾖ	εἰμί	V-PAS-3S	3	S	confirmed	finite_verb_morphology	shift	person_number_change	2	P	λέγητε	candidate	not_detected
9	1corintios	1	10	1corintios-1-10-P04	1corintios-1-10-P03	ἦτε	εἰμί	V-PAS-2P	2	P	confirmed	finite_verb_morphology	shift	person_number_change	3	S	ᾖ	candidate	not_detected
10	1corintios	1	11	1corintios-1-11-P01	1corintios-1-10-P04	ἐδηλώθη	δηλόω	V-API-3S	3	S	confirmed	finite_verb_morphology	shift	person_number_change	2	P	ἦτε	candidate	not_detected
11	1corintios	1	11	1corintios-1-11-P02	1corintios-1-11-P01	εἰσιν	εἰμί	V-PAI-3P			candidate	nearest_agreeing_nominative_no_visible_boundary	unresolved	missing_subject_person_or_number	3	S	ἐδηλώθη	unresolved	candidate
12	1corintios	1	12	1corintios-1-12-P01	1corintios-1-11-P02	λέγω	λέγω	V-PAI-1S	1	S	confirmed	finite_verb_morphology	unresolved	missing_subject_person_or_number			εἰσιν	candidate	not_detected
13	1corintios	1	12	1corintios-1-12-P02	1corintios-1-12-P01	λέγει	λέγω	V-PAI-3S			candidate	nearest_agreeing_nominative_no_visible_boundary	unresolved	missing_subject_person_or_number	1	S	λέγω	unresolved	candidate
14	1corintios	1	12	1corintios-1-12-P03	1corintios-1-12-P02	εἰμι	εἰμί	V-PAI-1S	1	S	confirmed	finite_verb_morphology	unresolved	missing_subject_person_or_number			λέγει	candidate	not_detected
15	1corintios	1	13	1corintios-1-13-P01	1corintios-1-12-P03	μεμέρισται	μερίζω	V-XPI-3S	3	S	confirmed	finite_verb_morphology	shift	person_number_change	1	S	εἰμι	candidate	not_detected
16	1corintios	1	13	1corintios-1-13-P02	1corintios-1-13-P01	ἐσταυρώθη	σταυρόω	V-API-3S			candidate	nearest_agreeing_nominative_no_visible_boundary	unresolved	missing_subject_person_or_number	3	S	μεμέρισται	candidate	not_detected
17	1corintios	1	13	1corintios-1-13-P03	1corintios-1-13-P02	ἐβαπτίσθητε	βαπτίζω	V-API-2P	2	P	confirmed	finite_verb_morphology	unresolved	missing_subject_person_or_number			ἐσταυρώθη	candidate	not_detected
18	1corintios	1	14	1corintios-1-14-P01	1corintios-1-13-P03	εὐχαριστῶ	εὐχαριστέω	V-PAI-1S	1	S	confirmed	finite_verb_morphology	shift	person_number_change	2	P	ἐβαπτίσθητε	candidate	not_detected
19	1corintios	1	14	1corintios-1-14-P02	1corintios-1-14-P01	ἐβάπτισα	βαπτίζω	V-AAI-1S	1	S	confirmed	finite_verb_morphology	same	person_number_match	1	S	εὐχαριστῶ	unresolved	candidate
20	1corintios	1	15	1corintios-1-15-P01	1corintios-1-14-P02	εἴπῃ	λέγω	V-AAS-3S			candidate	nearest_agreeing_nominative_no_visible_boundary	unresolved	missing_subject_person_or_number	1	S	ἐβάπτισα	unresolved	candidate
21	1corintios	1	15	1corintios-1-15-P02	1corintios-1-15-P01	ἐβαπτίσθητε	βαπτίζω	V-API-2P	2	P	confirmed	finite_verb_morphology	unresolved	missing_subject_person_or_number			εἴπῃ	unresolved	candidate
22	1corintios	1	16	1corintios-1-16-P01	1corintios-1-15-P02	ἐβάπτισα	βαπτίζω	V-AAI-1S	1	S	confirmed	finite_verb_morphology	shift	person_number_change	2	P	ἐβαπτίσθητε	candidate	not_detected
23	1corintios	1	16	1corintios-1-16-P02	1corintios-1-16-P01	οἶδα	οἶδα	V-XAI-1S	1	S	confirmed	finite_verb_morphology	same	person_number_match	1	S	ἐβάπτισα	candidate	not_detected
24	1corintios	1	16	1corintios-1-16-P03	1corintios-1-16-P02	ἐβάπτισα	βαπτίζω	V-AAI-1S	1	S	confirmed	finite_verb_morphology	same	person_number_match	1	S	οἶδα	unresolved	candidate
25	1corintios	1	17	1corintios-1-17-P01	1corintios-1-16-P03	ἀπέστειλέν	ἀποστέλλω	V-AAI-3S	3	S	confirmed	finite_verb_morphology	shift	person_number_change	1	S	ἐβάπτισα	candidate	not_detected
26	1corintios	1	17	1corintios-1-17-P02	1corintios-1-17-P01	κενωθῇ	κενόω	V-APS-3S	3	S	confirmed	finite_verb_morphology	same	person_number_match	3	S	ἀπέστειλέν	unresolved	candidate
27	1corintios	1	18	1corintios-1-18-P01	1corintios-1-17-P02	ἐστίν	εἰμί	V-PAI-3S			candidate	nearest_agreeing_nominative_no_visible_boundary	unresolved	missing_subject_person_or_number	3	S	κενωθῇ	candidate	not_detected
28	1corintios	1	18	1corintios-1-18-P02	1corintios-1-18-P01	ἐστιν	εἰμί	V-PAI-3S			candidate	nearest_agreeing_nominative_no_visible_boundary	unresolved	missing_subject_person_or_number			ἐστίν	candidate	not_detected
29	1corintios	1	19	1corintios-1-19-P01	1corintios-1-18-P02	γέγραπται	γράφω	V-XPI-3S	3	S	confirmed	finite_verb_morphology	unresolved	missing_subject_person_or_number			ἐστιν	candidate	not_detected
30	1corintios	1	19	1corintios-1-19-P02	1corintios-1-19-P01	ἀπολῶ	ἀπόλλυμι	V-FAI-1S	1	S	confirmed	finite_verb_morphology	shift	person_number_change	3	S	γέγραπται	candidate	not_detected
31	1corintios	1	19	1corintios-1-19-P03	1corintios-1-19-P02	ἀθετήσω	ἀθετέω	V-FAI-1S	1	S	confirmed	finite_verb_morphology	same	person_number_match	1	S	ἀπολῶ	candidate	not_detected
32	1corintios	1	20	1corintios-1-20-P01	1corintios-1-19-P03	ἐμώρανεν	μωραίνω	V-AAI-3S			candidate	nearest_agreeing_nominative_no_visible_boundary	unresolved	missing_subject_person_or_number	1	S	ἀθετήσω	candidate	not_detected
33	1corintios	1	21	1corintios-1-21-P01	1corintios-1-20-P01	ἔγνω	γινώσκω	V-AAI-3S	3	S	confirmed	finite_verb_morphology	unresolved	missing_subject_person_or_number			ἐμώρανεν	unresolved	candidate
34	1corintios	1	21	1corintios-1-21-P02	1corintios-1-21-P01	εὐδόκησεν	εὐδοκέω	V-AAI-3S			candidate	nearest_agreeing_nominative_no_visible_boundary	unresolved	missing_subject_person_or_number	3	S	ἔγνω	candidate	not_detected
35	1corintios	1	22	1corintios-1-22-P01	1corintios-1-21-P02	αἰτοῦσιν	αἰτέω	V-PAI-3P			candidate	nearest_agreeing_nominative_no_visible_boundary	unresolved	missing_subject_person_or_number			εὐδόκησεν	unresolved	candidate
36	1corintios	1	22	1corintios-1-22-P02	1corintios-1-22-P01	ζητοῦσιν	ζητέω	V-PAI-3P			candidate	nearest_agreeing_nominative_no_visible_boundary	unresolved	missing_subject_person_or_number			αἰτοῦσιν	candidate	not_detected
37	1corintios	1	23	1corintios-1-23-P01	1corintios-1-22-P02	κηρύσσομεν	κηρύσσω	V-PAI-1P	1	P	confirmed	finite_verb_morphology	unresolved	missing_subject_person_or_number			ζητοῦσιν	candidate	not_detected
38	1corintios	1	25	1corintios-1-25-P01	1corintios-1-23-P01	ἐστίν	εἰμί	V-PAI-3S			candidate	nearest_agreeing_nominative_no_visible_boundary	unresolved	missing_subject_person_or_number	1	P	κηρύσσομεν	unresolved	candidate
39	1corintios	1	26	1corintios-1-26-P01	1corintios-1-25-P01	βλέπετε	βλέπω	V-PAI-2P	2	P	confirmed	finite_verb_morphology	unresolved	missing_subject_person_or_number			ἐστίν	candidate	not_detected
40	1corintios	1	27	1corintios-1-27-P01	1corintios-1-26-P01	ἐξελέξατο	ἐκλέγομαι	V-AMI-3S	3	S	confirmed	finite_verb_morphology	shift	person_number_change	2	P	βλέπετε	candidate	not_detected
41	1corintios	1	27	1corintios-1-27-P02	1corintios-1-27-P01	καταισχύνῃ	καταισχύνω	V-PAS-3S			candidate	nearest_agreeing_nominative_no_visible_boundary	unresolved	missing_subject_person_or_number	3	S	ἐξελέξατο	unresolved	candidate
42	1corintios	1	27	1corintios-1-27-P03	1corintios-1-27-P02	ἐξελέξατο	ἐκλέγομαι	V-AMI-3S	3	S	confirmed	finite_verb_morphology	unresolved	missing_subject_person_or_number			καταισχύνῃ	candidate	not_detected
43	1corintios	1	27	1corintios-1-27-P04	1corintios-1-27-P03	καταισχύνῃ	καταισχύνω	V-PAS-3S			candidate	nearest_agreeing_nominative_no_visible_boundary	unresolved	missing_subject_person_or_number	3	S	ἐξελέξατο	unresolved	candidate
44	1corintios	1	28	1corintios-1-28-P01	1corintios-1-27-P04	ἐξελέξατο	ἐκλέγομαι	V-AMI-3S	3	S	confirmed	finite_verb_morphology	unresolved	missing_subject_person_or_number			καταισχύνῃ	candidate	not_detected
45	1corintios	1	28	1corintios-1-28-P02	1corintios-1-28-P01	καταργήσῃ	καταργέω	V-AAS-3S	3	S	confirmed	finite_verb_morphology	same	person_number_match	3	S	ἐξελέξατο	unresolved	candidate
46	1corintios	1	29	1corintios-1-29-P01	1corintios-1-28-P02	καυχήσηται	καυχάομαι	V-AMS-3S	3	S	confirmed	finite_verb_morphology	same	person_number_match	3	S	καταργήσῃ	unresolved	candidate
47	1corintios	1	30	1corintios-1-30-P01	1corintios-1-29-P01	ἐστε	εἰμί	V-PAI-2P	2	P	confirmed	finite_verb_morphology	shift	person_number_change	3	S	καυχήσηται	candidate	not_detected
48	1corintios	1	30	1corintios-1-30-P02	1corintios-1-30-P01	ἐγενήθη	γίνομαι	V-API-3S			candidate	nearest_agreeing_nominative_no_visible_boundary	unresolved	missing_subject_person_or_number	2	P	ἐστε	candidate	not_detected
49	1corintios	1	31	1corintios-1-31-P01	1corintios-1-30-P02	γέγραπται	γράφω	V-XPI-3S	3	S	confirmed	finite_verb_morphology	unresolved	missing_subject_person_or_number			ἐγενήθη	unresolved	candidate
50	1corintios	1	31	1corintios-1-31-P02	1corintios-1-31-P01	καυχάσθω	καυχάομαι	V-PMD-3S			candidate	nearest_agreeing_nominative_no_visible_boundary	unresolved	missing_subject_person_or_number	3	S	γέγραπται	candidate	not_detected
51	1corintios	2	1	1corintios-2-1-P01	1corintios-1-31-P02	ἦλθον	ἔρχομαι	V-AAI-1S	1	S	confirmed	finite_verb_morphology	unresolved	missing_subject_person_or_number			καυχάσθω	candidate	not_detected
52	1corintios	2	2	1corintios-2-2-P01	1corintios-2-1-P01	ἔκρινά	κρίνω	V-AAI-1S	1	S	confirmed	finite_verb_morphology	same	person_number_match	1	S	ἦλθον	candidate	not_detected
53	1corintios	2	3	1corintios-2-3-P01	1corintios-2-2-P01	ἐγενόμην	γίνομαι	V-AMI-1S	1	S	confirmed	finite_verb_morphology	same	person_number_match	1	S	ἔκρινά	candidate	not_detected
54	1corintios	2	5	1corintios-2-5-P01	1corintios-2-3-P01	ᾖ	εἰμί	V-PAS-3S			candidate	nearest_agreeing_nominative_no_visible_boundary	unresolved	missing_subject_person_or_number	1	S	ἐγενόμην	unresolved	candidate
55	1corintios	2	6	1corintios-2-6-P01	1corintios-2-5-P01	λαλοῦμεν	λαλέω	V-PAI-1P	1	P	confirmed	finite_verb_morphology	unresolved	missing_subject_person_or_number			ᾖ	candidate	not_detected
56	1corintios	2	7	1corintios-2-7-P01	1corintios-2-6-P01	λαλοῦμεν	λαλέω	V-PAI-1P	1	P	confirmed	finite_verb_morphology	same	person_number_match	1	P	λαλοῦμεν	candidate	not_detected
57	1corintios	2	7	1corintios-2-7-P02	1corintios-2-7-P01	προώρισεν	προορίζω	V-AAI-3S	3	S	confirmed	finite_verb_morphology	shift	person_number_change	1	P	λαλοῦμεν	candidate	not_detected
58	1corintios	2	8	1corintios-2-8-P01	1corintios-2-7-P02	ἔγνωκεν	γινώσκω	V-XAI-3S			candidate	nearest_agreeing_nominative_no_visible_boundary	unresolved	missing_subject_person_or_number	3	S	προώρισεν	candidate	not_detected
59	1corintios	2	8	1corintios-2-8-P02	1corintios-2-8-P01	ἔγνωσαν	γινώσκω	V-AAI-3P	3	P	confirmed	finite_verb_morphology	unresolved	missing_subject_person_or_number			ἔγνωκεν	unresolved	candidate
60	1corintios	2	8	1corintios-2-8-P03	1corintios-2-8-P02	ἐσταύρωσαν	σταυρόω	V-AAI-3P	3	P	confirmed	finite_verb_morphology	same	person_number_match	3	P	ἔγνωσαν	candidate	not_detected
61	1corintios	2	9	1corintios-2-9-P01	1corintios-2-8-P03	γέγραπται	γράφω	V-XPI-3S	3	S	confirmed	finite_verb_morphology	shift	person_number_change	3	P	ἐσταύρωσαν	unresolved	candidate
62	1corintios	2	9	1corintios-2-9-P02	1corintios-2-9-P01	εἶδεν	ὁράω	V-AAI-3S			candidate	nearest_agreeing_nominative_no_visible_boundary	unresolved	missing_subject_person_or_number	3	S	γέγραπται	candidate	not_detected
63	1corintios	2	9	1corintios-2-9-P03	1corintios-2-9-P02	ἤκουσεν	ἀκούω	V-AAI-3S			candidate	nearest_agreeing_nominative_no_visible_boundary	unresolved	missing_subject_person_or_number			εἶδεν	candidate	not_detected
64	1corintios	2	9	1corintios-2-9-P04	1corintios-2-9-P03	ἀνέβη	ἀναβαίνω	V-AAI-3S	3	S	confirmed	finite_verb_morphology	unresolved	missing_subject_person_or_number			ἤκουσεν	candidate	not_detected
65	1corintios	2	9	1corintios-2-9-P05	1corintios-2-9-P04	ἡτοίμασεν	ἑτοιμάζω	V-AAI-3S	3	S	confirmed	finite_verb_morphology	same	person_number_match	3	S	ἀνέβη	candidate	not_detected
66	1corintios	2	10	1corintios-2-10-P01	1corintios-2-9-P05	ἀπεκάλυψεν	ἀποκαλύπτω	V-AAI-3S	3	S	confirmed	finite_verb_morphology	same	person_number_match	3	S	ἡτοίμασεν	candidate	not_detected
67	1corintios	2	10	1corintios-2-10-P02	1corintios-2-10-P01	ἐραυνᾷ	ἐραυνάω	V-PAI-3S			candidate	nearest_agreeing_nominative_no_visible_boundary	unresolved	missing_subject_person_or_number	3	S	ἀπεκάλυψεν	candidate	not_detected
68	1corintios	2	11	1corintios-2-11-P01	1corintios-2-10-P02	οἶδεν	οἶδα	V-XAI-3S	3	S	confirmed	finite_verb_morphology	unresolved	missing_subject_person_or_number			ἐραυνᾷ	candidate	not_detected
69	1corintios	2	11	1corintios-2-11-P02	1corintios-2-11-P01	ἔγνωκεν	γινώσκω	V-XAI-3S			candidate	nearest_agreeing_nominative_no_visible_boundary	unresolved	missing_subject_person_or_number	3	S	οἶδεν	unresolved	candidate
70	1corintios	2	12	1corintios-2-12-P01	1corintios-2-11-P02	ἐλάβομεν	λαμβάνω	V-AAI-1P	1	P	confirmed	finite_verb_morphology	unresolved	missing_subject_person_or_number			ἔγνωκεν	candidate	not_detected
71	1corintios	2	12	1corintios-2-12-P02	1corintios-2-12-P01	εἰδῶμεν	οἶδα	V-XAS-1P	1	P	confirmed	finite_verb_morphology	same	person_number_match	1	P	ἐλάβομεν	unresolved	candidate
72	1corintios	2	13	1corintios-2-13-P01	1corintios-2-12-P02	λαλοῦμεν	λαλέω	V-PAI-1P	1	P	confirmed	finite_verb_morphology	same	person_number_match	1	P	εἰδῶμεν	candidate	not_detected
73	1corintios	2	14	1corintios-2-14-P01	1corintios-2-13-P01	δέχεται	δέχομαι	V-PMI-3S			candidate	nearest_agreeing_nominative_no_visible_boundary	unresolved	missing_subject_person_or_number	1	P	λαλοῦμεν	candidate	not_detected
74	1corintios	2	14	1corintios-2-14-P02	1corintios-2-14-P01	ἐστίν	εἰμί	V-PAI-3S	3	S	confirmed	finite_verb_morphology	unresolved	missing_subject_person_or_number			δέχεται	candidate	not_detected
75	1corintios	2	14	1corintios-2-14-P03	1corintios-2-14-P02	δύναται	δύναμαι	V-PMI-3S	3	S	confirmed	finite_verb_morphology	same	person_number_match	3	S	ἐστίν	candidate	not_detected
76	1corintios	2	14	1corintios-2-14-P04	1corintios-2-14-P03	ἀνακρίνεται	ἀνακρίνω	V-PPI-3S	3	S	confirmed	finite_verb_morphology	same	person_number_match	3	S	δύναται	unresolved	candidate
77	1corintios	2	15	1corintios-2-15-P01	1corintios-2-14-P04	ἀνακρίνει	ἀνακρίνω	V-PAI-3S			candidate	nearest_agreeing_nominative_no_visible_boundary	unresolved	missing_subject_person_or_number	3	S	ἀνακρίνεται	candidate	not_detected
78	1corintios	2	15	1corintios-2-15-P02	1corintios-2-15-P01	ἀνακρίνεται	ἀνακρίνω	V-PPI-3S	3	S	confirmed	finite_verb_morphology	unresolved	missing_subject_person_or_number			ἀνακρίνει	candidate	not_detected
79	1corintios	2	16	1corintios-2-16-P01	1corintios-2-15-P02	ἔγνω	γινώσκω	V-AAI-3S	3	S	confirmed	finite_verb_morphology	same	person_number_match	3	S	ἀνακρίνεται	candidate	not_detected
80	1corintios	2	16	1corintios-2-16-P02	1corintios-2-16-P01	συμβιβάσει	συμβιβάζω	V-FAI-3S			candidate	nearest_agreeing_nominative_no_visible_boundary	unresolved	missing_subject_person_or_number	3	S	ἔγνω	candidate	not_detected
81	1corintios	2	16	1corintios-2-16-P03	1corintios-2-16-P02	ἔχομεν	ἔχω	V-PAI-1P	1	P	confirmed	finite_verb_morphology	unresolved	missing_subject_person_or_number			συμβιβάσει	candidate	not_detected
82	1corintios	3	1	1corintios-3-1-P01	1corintios-2-16-P03	ἠδυνήθην	δύναμαι	V-API-1S	1	S	confirmed	finite_verb_morphology	shift	person_number_change	1	P	ἔχομεν	candidate	not_detected
83	1corintios	3	2	1corintios-3-2-P01	1corintios-3-1-P01	ἐπότισα	ποτίζω	V-AAI-1S	1	S	confirmed	finite_verb_morphology	same	person_number_match	1	S	ἠδυνήθην	candidate	not_detected
84	1corintios	3	2	1corintios-3-2-P02	1corintios-3-2-P01	ἐδύνασθε	δύναμαι	V-IMI-2P	2	P	confirmed	finite_verb_morphology	shift	person_number_change	1	S	ἐπότισα	candidate	not_detected
85	1corintios	3	2	1corintios-3-2-P03	1corintios-3-2-P02	δύνασθε	δύναμαι	V-PMI-2P	2	P	confirmed	finite_verb_morphology	same	person_number_match	2	P	ἐδύνασθε	candidate	not_detected
86	1corintios	3	3	1corintios-3-3-P01	1corintios-3-2-P03	ἐστε	εἰμί	V-PAI-2P	2	P	confirmed	finite_verb_morphology	same	person_number_match	2	P	δύνασθε	candidate	not_detected
87	1corintios	3	3	1corintios-3-3-P02	1corintios-3-3-P01	ἐστε	εἰμί	V-PAI-2P	2	P	confirmed	finite_verb_morphology	same	person_number_match	2	P	ἐστε	candidate	not_detected
88	1corintios	3	3	1corintios-3-3-P03	1corintios-3-3-P02	περιπατεῖτε	περιπατέω	V-PAI-2P	2	P	confirmed	finite_verb_morphology	same	person_number_match	2	P	ἐστε	candidate	not_detected
89	1corintios	3	4	1corintios-3-4-P01	1corintios-3-3-P03	λέγῃ	λέγω	V-PAS-3S	3	S	confirmed	finite_verb_morphology	shift	person_number_change	2	P	περιπατεῖτε	unresolved	candidate
90	1corintios	3	4	1corintios-3-4-P02	1corintios-3-4-P01	εἰμι	εἰμί	V-PAI-1S	1	S	confirmed	finite_verb_morphology	shift	person_number_change	3	S	λέγῃ	candidate	not_detected
91	1corintios	3	4	1corintios-3-4-P03	1corintios-3-4-P02	ἐστε	εἰμί	V-PAI-2P	2	P	confirmed	finite_verb_morphology	shift	person_number_change	1	S	εἰμι	candidate	not_detected
92	1corintios	3	5	1corintios-3-5-P01	1corintios-3-4-P03	ἐστιν	εἰμί	V-PAI-3S	3	S	confirmed	finite_verb_morphology	shift	person_number_change	2	P	ἐστε	candidate	not_detected
93	1corintios	3	5	1corintios-3-5-P02	1corintios-3-5-P01	ἐστιν	εἰμί	V-PAI-3S	3	S	confirmed	finite_verb_morphology	same	person_number_match	3	S	ἐστιν	candidate	not_detected
94	1corintios	3	5	1corintios-3-5-P03	1corintios-3-5-P02	ἐπιστεύσατε	πιστεύω	V-AAI-2P	2	P	confirmed	finite_verb_morphology	shift	person_number_change	3	S	ἐστιν	candidate	not_detected
95	1corintios	3	5	1corintios-3-5-P04	1corintios-3-5-P03	ἔδωκεν	δίδωμι	V-AAI-3S			candidate	nearest_agreeing_nominative_no_visible_boundary	unresolved	missing_subject_person_or_number	2	P	ἐπιστεύσατε	unresolved	candidate
96	1corintios	3	6	1corintios-3-6-P01	1corintios-3-5-P04	ἐφύτευσα	φυτεύω	V-AAI-1S	1	S	confirmed	finite_verb_morphology	unresolved	missing_subject_person_or_number			ἔδωκεν	candidate	not_detected
97	1corintios	3	6	1corintios-3-6-P02	1corintios-3-6-P01	ἐπότισεν	ποτίζω	V-AAI-3S			candidate	nearest_agreeing_nominative_no_visible_boundary	unresolved	missing_subject_person_or_number	1	S	ἐφύτευσα	candidate	not_detected
98	1corintios	3	6	1corintios-3-6-P03	1corintios-3-6-P02	ηὔξανεν	αὐξάνω	V-IAI-3S			candidate	nearest_agreeing_nominative_no_visible_boundary	unresolved	missing_subject_person_or_number			ἐπότισεν	candidate	not_detected
99	1corintios	3	7	1corintios-3-7-P01	1corintios-3-6-P03	ἐστίν	εἰμί	V-PAI-3S			candidate	nearest_agreeing_nominative_no_visible_boundary	unresolved	missing_subject_person_or_number			ηὔξανεν	unresolved	candidate
100	1corintios	3	8	1corintios-3-8-P01	1corintios-3-7-P01	εἰσιν	εἰμί	V-PAI-3P	3	P	confirmed	finite_verb_morphology	unresolved	missing_subject_person_or_number			ἐστίν	candidate	not_detected
101	1corintios	3	8	1corintios-3-8-P02	1corintios-3-8-P01	λήμψεται	λαμβάνω	V-FMI-3S	3	S	confirmed	finite_verb_morphology	shift	person_number_change	3	P	εἰσιν	candidate	not_detected
102	1corintios	3	9	1corintios-3-9-P01	1corintios-3-8-P02	ἐσμεν	εἰμί	V-PAI-1P	1	P	confirmed	finite_verb_morphology	shift	person_number_change	3	S	λήμψεται	candidate	not_detected
103	1corintios	3	9	1corintios-3-9-P02	1corintios-3-9-P01	ἐστε	εἰμί	V-PAI-2P	2	P	confirmed	finite_verb_morphology	shift	person_number_change	1	P	ἐσμεν	candidate	not_detected
104	1corintios	3	10	1corintios-3-10-P01	1corintios-3-9-P02	ἔθηκα	τίθημι	V-AAI-1S	1	S	confirmed	finite_verb_morphology	shift	person_number_change	2	P	ἐστε	unresolved	candidate
105	1corintios	3	10	1corintios-3-10-P02	1corintios-3-10-P01	ἐποικοδομεῖ	ἐποικοδομέω	V-PAI-3S	3	S	confirmed	finite_verb_morphology	shift	person_number_change	1	S	ἔθηκα	candidate	not_detected
106	1corintios	3	10	1corintios-3-10-P03	1corintios-3-10-P02	βλεπέτω	βλέπω	V-PAD-3S	3	S	confirmed	finite_verb_morphology	same	person_number_match	3	S	ἐποικοδομεῖ	candidate	not_detected
107	1corintios	3	10	1corintios-3-10-P04	1corintios-3-10-P03	ἐποικοδομεῖ	ἐποικοδομέω	V-PAI-3S	3	S	confirmed	finite_verb_morphology	same	person_number_match	3	S	βλεπέτω	candidate	not_detected
108	1corintios	3	11	1corintios-3-11-P01	1corintios-3-10-P04	δύναται	δύναμαι	V-PMI-3S			candidate	nearest_agreeing_nominative_no_visible_boundary	unresolved	missing_subject_person_or_number	3	S	ἐποικοδομεῖ	candidate	not_detected
109	1corintios	3	11	1corintios-3-11-P02	1corintios-3-11-P01	ἐστιν	εἰμί	V-PAI-3S			candidate	nearest_agreeing_nominative_no_visible_boundary	unresolved	missing_subject_person_or_number			δύναται	candidate	not_detected
110	1corintios	3	12	1corintios-3-12-P01	1corintios-3-11-P02	ἐποικοδομεῖ	ἐποικοδομέω	V-PAI-3S			candidate	nearest_agreeing_nominative_no_visible_boundary	unresolved	missing_subject_person_or_number			ἐστιν	unresolved	candidate
111	1corintios	3	13	1corintios-3-13-P01	1corintios-3-12-P01	γενήσεται	γίνομαι	V-FMI-3S			candidate	nearest_agreeing_nominative_no_visible_boundary	unresolved	missing_subject_person_or_number			ἐποικοδομεῖ	candidate	not_detected
112	1corintios	3	13	1corintios-3-13-P02	1corintios-3-13-P01	δηλώσει	δηλόω	V-FAI-3S			candidate	nearest_agreeing_nominative_no_visible_boundary	unresolved	missing_subject_person_or_number			γενήσεται	candidate	not_detected
113	1corintios	3	13	1corintios-3-13-P03	1corintios-3-13-P02	ἀποκαλύπτεται	ἀποκαλύπτω	V-PPI-3S	3	S	confirmed	finite_verb_morphology	unresolved	missing_subject_person_or_number			δηλώσει	unresolved	candidate
114	1corintios	3	13	1corintios-3-13-P04	1corintios-3-13-P03	ἐστιν	εἰμί	V-PAI-3S			candidate	nearest_agreeing_nominative_no_visible_boundary	unresolved	missing_subject_person_or_number	3	S	ἀποκαλύπτεται	candidate	not_detected
115	1corintios	3	13	1corintios-3-13-P05	1corintios-3-13-P04	δοκιμάσει	δοκιμάζω	V-FAI-3S			candidate	nearest_agreeing_nominative_no_visible_boundary	unresolved	missing_subject_person_or_number			ἐστιν	candidate	not_detected
116	1corintios	3	14	1corintios-3-14-P01	1corintios-3-13-P05	μενεῖ	μένω	V-FAI-3S			candidate	nearest_agreeing_nominative_no_visible_boundary	unresolved	missing_subject_person_or_number			δοκιμάσει	unresolved	candidate
117	1corintios	3	14	1corintios-3-14-P02	1corintios-3-14-P01	ἐποικοδόμησεν	ἐποικοδομέω	V-AAI-3S	3	S	confirmed	finite_verb_morphology	unresolved	missing_subject_person_or_number			μενεῖ	candidate	not_detected
118	1corintios	3	14	1corintios-3-14-P03	1corintios-3-14-P02	λήμψεται	λαμβάνω	V-FMI-3S	3	S	confirmed	finite_verb_morphology	same	person_number_match	3	S	ἐποικοδόμησεν	candidate	not_detected
119	1corintios	3	15	1corintios-3-15-P01	1corintios-3-14-P03	κατακαήσεται	κατακαίω	V-FPI-3S			candidate	nearest_agreeing_nominative_no_visible_boundary	unresolved	missing_subject_person_or_number	3	S	λήμψεται	unresolved	candidate
120	1corintios	3	15	1corintios-3-15-P02	1corintios-3-15-P01	ζημιωθήσεται	ζημιόω	V-FPI-3S	3	S	confirmed	finite_verb_morphology	unresolved	missing_subject_person_or_number			κατακαήσεται	candidate	not_detected
121	1corintios	3	15	1corintios-3-15-P03	1corintios-3-15-P02	σωθήσεται	σῴζω	V-FPI-3S	3	S	confirmed	finite_verb_morphology	same	person_number_match	3	S	ζημιωθήσεται	candidate	not_detected
122	1corintios	3	16	1corintios-3-16-P01	1corintios-3-15-P03	οἴδατε	οἶδα	V-XAI-2P	2	P	confirmed	finite_verb_morphology	shift	person_number_change	3	S	σωθήσεται	candidate	not_detected
123	1corintios	3	16	1corintios-3-16-P02	1corintios-3-16-P01	ἐστε	εἰμί	V-PAI-2P	2	P	confirmed	finite_verb_morphology	same	person_number_match	2	P	οἴδατε	unresolved	candidate
124	1corintios	3	16	1corintios-3-16-P03	1corintios-3-16-P02	οἰκεῖ	οἰκέω	V-PAI-3S			candidate	nearest_agreeing_nominative_no_visible_boundary	unresolved	missing_subject_person_or_number	2	P	ἐστε	candidate	not_detected
125	1corintios	3	17	1corintios-3-17-P01	1corintios-3-16-P03	φθείρει	φθείρω	V-PAI-3S			candidate	nearest_agreeing_nominative_no_visible_boundary	unresolved	missing_subject_person_or_number			οἰκεῖ	unresolved	candidate
126	1corintios	3	17	1corintios-3-17-P02	1corintios-3-17-P01	φθερεῖ	φθείρω	V-FAI-3S	3	S	confirmed	finite_verb_morphology	unresolved	missing_subject_person_or_number			φθείρει	candidate	not_detected
127	1corintios	3	17	1corintios-3-17-P03	1corintios-3-17-P02	ἐστιν	εἰμί	V-PAI-3S			candidate	nearest_agreeing_nominative_no_visible_boundary	unresolved	missing_subject_person_or_number	3	S	φθερεῖ	candidate	not_detected
128	1corintios	3	17	1corintios-3-17-P04	1corintios-3-17-P03	ἐστε	εἰμί	V-PAI-2P	2	P	confirmed	finite_verb_morphology	unresolved	missing_subject_person_or_number			ἐστιν	candidate	not_detected
129	1corintios	3	18	1corintios-3-18-P01	1corintios-3-17-P04	ἐξαπατάτω	ἐξαπατάω	V-PAD-3S			candidate	nearest_agreeing_nominative_no_visible_boundary	unresolved	missing_subject_person_or_number	2	P	ἐστε	candidate	not_detected
130	1corintios	3	18	1corintios-3-18-P02	1corintios-3-18-P01	δοκεῖ	δοκέω	V-PAI-3S			candidate	nearest_agreeing_nominative_no_visible_boundary	unresolved	missing_subject_person_or_number			ἐξαπατάτω	unresolved	candidate
131	1corintios	3	18	1corintios-3-18-P03	1corintios-3-18-P02	γενέσθω	γίνομαι	V-AMD-3S			candidate	nearest_agreeing_nominative_no_visible_boundary	unresolved	missing_subject_person_or_number			δοκεῖ	candidate	not_detected
132	1corintios	3	18	1corintios-3-18-P04	1corintios-3-18-P03	γένηται	γίνομαι	V-AMS-3S	3	S	confirmed	finite_verb_morphology	unresolved	missing_subject_person_or_number			γενέσθω	unresolved	candidate
133	1corintios	3	19	1corintios-3-19-P01	1corintios-3-18-P04	ἐστιν	εἰμί	V-PAI-3S			candidate	nearest_agreeing_nominative_no_visible_boundary	unresolved	missing_subject_person_or_number	3	S	γένηται	candidate	not_detected
134	1corintios	3	19	1corintios-3-19-P02	1corintios-3-19-P01	γέγραπται	γράφω	V-XPI-3S	3	S	confirmed	finite_verb_morphology	unresolved	missing_subject_person_or_number			ἐστιν	candidate	not_detected
135	1corintios	3	20	1corintios-3-20-P01	1corintios-3-19-P02	γινώσκει	γινώσκω	V-PAI-3S			candidate	nearest_agreeing_nominative_no_visible_boundary	unresolved	missing_subject_person_or_number	3	S	γέγραπται	candidate	not_detected
136	1corintios	3	20	1corintios-3-20-P02	1corintios-3-20-P01	εἰσὶν	εἰμί	V-PAI-3P	3	P	confirmed	finite_verb_morphology	unresolved	missing_subject_person_or_number			γινώσκει	unresolved	candidate
137	1corintios	3	21	1corintios-3-21-P01	1corintios-3-20-P02	καυχάσθω	καυχάομαι	V-PMD-3S			candidate	nearest_agreeing_nominative_no_visible_boundary	unresolved	missing_subject_person_or_number	3	P	εἰσὶν	unresolved	candidate
138	1corintios	3	21	1corintios-3-21-P02	1corintios-3-21-P01	ἐστιν	εἰμί	V-PAI-3S	3	S	confirmed	finite_verb_morphology	unresolved	missing_subject_person_or_number			καυχάσθω	candidate	not_detected
139	1corintios	4	1	1corintios-4-1-P01	1corintios-3-21-P02	λογιζέσθω	λογίζομαι	V-PMD-3S	3	S	confirmed	finite_verb_morphology	same	person_number_match	3	S	ἐστιν	candidate	not_detected
140	1corintios	4	2	1corintios-4-2-P01	1corintios-4-1-P01	ζητεῖται	ζητέω	V-PPI-3S	3	S	confirmed	finite_verb_morphology	same	person_number_match	3	S	λογιζέσθω	candidate	not_detected
141	1corintios	4	2	1corintios-4-2-P02	1corintios-4-2-P01	εὑρεθῇ	εὑρίσκω	V-APS-3S			candidate	nearest_agreeing_nominative_no_visible_boundary	unresolved	missing_subject_person_or_number	3	S	ζητεῖται	unresolved	candidate
142	1corintios	4	3	1corintios-4-3-P01	1corintios-4-2-P02	ἐστιν	εἰμί	V-PAI-3S	3	S	confirmed	finite_verb_morphology	unresolved	missing_subject_person_or_number			εὑρεθῇ	candidate	not_detected
143	1corintios	4	3	1corintios-4-3-P02	1corintios-4-3-P01	ἀνακριθῶ	ἀνακρίνω	V-APS-1S	1	S	confirmed	finite_verb_morphology	shift	person_number_change	3	S	ἐστιν	unresolved	candidate
144	1corintios	4	3	1corintios-4-3-P03	1corintios-4-3-P02	ἀνακρίνω	ἀνακρίνω	V-PAI-1S	1	S	confirmed	finite_verb_morphology	same	person_number_match	1	S	ἀνακριθῶ	candidate	not_detected
145	1corintios	4	4	1corintios-4-4-P01	1corintios-4-3-P03	σύνοιδα	σύνοιδα	V-XAI-1S	1	S	confirmed	finite_verb_morphology	same	person_number_match	1	S	ἀνακρίνω	candidate	not_detected
146	1corintios	4	4	1corintios-4-4-P02	1corintios-4-4-P01	δεδικαίωμαι	δικαιόω	V-XPI-1S	1	S	confirmed	finite_verb_morphology	same	person_number_match	1	S	σύνοιδα	candidate	not_detected
147	1corintios	4	4	1corintios-4-4-P03	1corintios-4-4-P02	ἐστιν	εἰμί	V-PAI-3S			candidate	nearest_agreeing_nominative_no_visible_boundary	unresolved	missing_subject_person_or_number	1	S	δεδικαίωμαι	candidate	not_detected
148	1corintios	4	5	1corintios-4-5-P01	1corintios-4-4-P03	κρίνετε	κρίνω	V-PAD-2P	2	P	confirmed	finite_verb_morphology	unresolved	missing_subject_person_or_number			ἐστιν	unresolved	candidate
149	1corintios	4	5	1corintios-4-5-P02	1corintios-4-5-P01	ἔλθῃ	ἔρχομαι	V-AAS-3S	3	S	confirmed	finite_verb_morphology	shift	person_number_change	2	P	κρίνετε	candidate	not_detected
150	1corintios	4	5	1corintios-4-5-P03	1corintios-4-5-P02	φωτίσει	φωτίζω	V-FAI-3S	3	S	confirmed	finite_verb_morphology	same	person_number_match	3	S	ἔλθῃ	candidate	not_detected
151	1corintios	4	5	1corintios-4-5-P04	1corintios-4-5-P03	φανερώσει	φανερόω	V-FAI-3S	3	S	confirmed	finite_verb_morphology	same	person_number_match	3	S	φωτίσει	candidate	not_detected
152	1corintios	4	5	1corintios-4-5-P05	1corintios-4-5-P04	γενήσεται	γίνομαι	V-FMI-3S			candidate	nearest_agreeing_nominative_no_visible_boundary	unresolved	missing_subject_person_or_number	3	S	φανερώσει	candidate	not_detected
153	1corintios	4	6	1corintios-4-6-P01	1corintios-4-5-P05	μετεσχημάτισα	μετασχηματίζω	V-AAI-1S	1	S	confirmed	finite_verb_morphology	unresolved	missing_subject_person_or_number			γενήσεται	candidate	not_detected
154	1corintios	4	6	1corintios-4-6-P02	1corintios-4-6-P01	μάθητε	μανθάνω	V-AAS-2P	2	P	confirmed	finite_verb_morphology	shift	person_number_change	1	S	μετεσχημάτισα	unresolved	candidate
155	1corintios	4	6	1corintios-4-6-P03	1corintios-4-6-P02	γέγραπται	γράφω	V-XPI-3S	3	S	confirmed	finite_verb_morphology	shift	person_number_change	2	P	μάθητε	candidate	not_detected
156	1corintios	4	6	1corintios-4-6-P04	1corintios-4-6-P03	φυσιοῦσθε	φυσιόω	V-PPI-2P	2	P	confirmed	finite_verb_morphology	shift	person_number_change	3	S	γέγραπται	unresolved	candidate
157	1corintios	4	7	1corintios-4-7-P01	1corintios-4-6-P04	διακρίνει	διακρίνω	V-PAI-3S	3	S	confirmed	finite_verb_morphology	shift	person_number_change	2	P	φυσιοῦσθε	candidate	not_detected
158	1corintios	4	7	1corintios-4-7-P02	1corintios-4-7-P01	ἔχεις	ἔχω	V-PAI-2S	2	S	confirmed	finite_verb_morphology	shift	person_number_change	3	S	διακρίνει	candidate	not_detected
159	1corintios	4	7	1corintios-4-7-P03	1corintios-4-7-P02	ἔλαβες	λαμβάνω	V-AAI-2S	2	S	confirmed	finite_verb_morphology	same	person_number_match	2	S	ἔχεις	candidate	not_detected
160	1corintios	4	7	1corintios-4-7-P04	1corintios-4-7-P03	ἔλαβες	λαμβάνω	V-AAI-2S	2	S	confirmed	finite_verb_morphology	same	person_number_match	2	S	ἔλαβες	unresolved	candidate
161	1corintios	4	7	1corintios-4-7-P05	1corintios-4-7-P04	καυχᾶσαι	καυχάομαι	V-PMI-2S	2	S	confirmed	finite_verb_morphology	same	person_number_match	2	S	ἔλαβες	candidate	not_detected
162	1corintios	4	8	1corintios-4-8-P01	1corintios-4-7-P05	ἐστέ	εἰμί	V-PAI-2P	2	P	confirmed	finite_verb_morphology	shift	person_number_change	2	S	καυχᾶσαι	candidate	not_detected
163	1corintios	4	8	1corintios-4-8-P02	1corintios-4-8-P01	ἐπλουτήσατε	πλουτέω	V-AAI-2P	2	P	confirmed	finite_verb_morphology	same	person_number_match	2	P	ἐστέ	candidate	not_detected
164	1corintios	4	8	1corintios-4-8-P03	1corintios-4-8-P02	ἐβασιλεύσατε	βασιλεύω	V-AAI-2P	2	P	confirmed	finite_verb_morphology	same	person_number_match	2	P	ἐπλουτήσατε	candidate	not_detected
165	1corintios	4	8	1corintios-4-8-P04	1corintios-4-8-P03	ἐβασιλεύσατε	βασιλεύω	V-AAI-2P	2	P	confirmed	finite_verb_morphology	same	person_number_match	2	P	ἐβασιλεύσατε	candidate	not_detected
166	1corintios	4	8	1corintios-4-8-P05	1corintios-4-8-P04	συμβασιλεύσωμεν	συμβασιλεύω	V-AAS-1P	1	P	confirmed	finite_verb_morphology	shift	person_number_change	2	P	ἐβασιλεύσατε	unresolved	candidate
167	1corintios	4	9	1corintios-4-9-P01	1corintios-4-8-P05	δοκῶ	δοκέω	V-PAI-1S	1	S	confirmed	finite_verb_morphology	shift	person_number_change	1	P	συμβασιλεύσωμεν	candidate	not_detected
168	1corintios	4	9	1corintios-4-9-P02	1corintios-4-9-P01	ἀπέδειξεν	ἀποδείκνυμι	V-AAI-3S			candidate	nearest_agreeing_nominative_no_visible_boundary	unresolved	missing_subject_person_or_number	1	S	δοκῶ	candidate	not_detected
169	1corintios	4	9	1corintios-4-9-P03	1corintios-4-9-P02	ἐγενήθημεν	γίνομαι	V-API-1P	1	P	confirmed	finite_verb_morphology	unresolved	missing_subject_person_or_number			ἀπέδειξεν	unresolved	candidate
170	1corintios	4	11	1corintios-4-11-P01	1corintios-4-9-P03	πεινῶμεν	πεινάω	V-PAI-1P	1	P	confirmed	finite_verb_morphology	same	person_number_match	1	P	ἐγενήθημεν	candidate	not_detected
171	1corintios	4	11	1corintios-4-11-P02	1corintios-4-11-P01	διψῶμεν	διψάω	V-PAI-1P	1	P	confirmed	finite_verb_morphology	same	person_number_match	1	P	πεινῶμεν	candidate	not_detected
172	1corintios	4	11	1corintios-4-11-P03	1corintios-4-11-P02	γυμνιτεύομεν	γυμνιτεύω	V-PAI-1P	1	P	confirmed	finite_verb_morphology	same	person_number_match	1	P	διψῶμεν	candidate	not_detected
173	1corintios	4	11	1corintios-4-11-P04	1corintios-4-11-P03	κολαφιζόμεθα	κολαφίζω	V-PPI-1P	1	P	confirmed	finite_verb_morphology	same	person_number_match	1	P	γυμνιτεύομεν	candidate	not_detected
174	1corintios	4	11	1corintios-4-11-P05	1corintios-4-11-P04	ἀστατοῦμεν	ἀστατέω	V-PAI-1P	1	P	confirmed	finite_verb_morphology	same	person_number_match	1	P	κολαφιζόμεθα	candidate	not_detected
175	1corintios	4	12	1corintios-4-12-P01	1corintios-4-11-P05	κοπιῶμεν	κοπιάω	V-PAI-1P	1	P	confirmed	finite_verb_morphology	same	person_number_match	1	P	ἀστατοῦμεν	candidate	not_detected
176	1corintios	4	12	1corintios-4-12-P02	1corintios-4-12-P01	εὐλογοῦμεν	εὐλογέω	V-PAI-1P	1	P	confirmed	finite_verb_morphology	same	person_number_match	1	P	κοπιῶμεν	candidate	not_detected
177	1corintios	4	12	1corintios-4-12-P03	1corintios-4-12-P02	ἀνεχόμεθα	ἀνέχομαι	V-PMI-1P	1	P	confirmed	finite_verb_morphology	same	person_number_match	1	P	εὐλογοῦμεν	candidate	not_detected
178	1corintios	4	13	1corintios-4-13-P01	1corintios-4-12-P03	παρακαλοῦμεν	παρακαλέω	V-PAI-1P	1	P	confirmed	finite_verb_morphology	same	person_number_match	1	P	ἀνεχόμεθα	candidate	not_detected
179	1corintios	4	13	1corintios-4-13-P02	1corintios-4-13-P01	ἐγενήθημεν	γίνομαι	V-API-1P	1	P	confirmed	finite_verb_morphology	same	person_number_match	1	P	παρακαλοῦμεν	unresolved	candidate
180	1corintios	4	14	1corintios-4-14-P01	1corintios-4-13-P02	γράφω	γράφω	V-PAI-1S	1	S	confirmed	finite_verb_morphology	shift	person_number_change	1	P	ἐγενήθημεν	candidate	not_detected
181	1corintios	4	15	1corintios-4-15-P01	1corintios-4-14-P01	ἔχητε	ἔχω	V-PAS-2P	2	P	confirmed	finite_verb_morphology	shift	person_number_change	1	S	γράφω	unresolved	candidate
182	1corintios	4	15	1corintios-4-15-P02	1corintios-4-15-P01	ἐγέννησα	γεννάω	V-AAI-1S	1	S	confirmed	finite_verb_morphology	shift	person_number_change	2	P	ἔχητε	candidate	not_detected
183	1corintios	4	16	1corintios-4-16-P01	1corintios-4-15-P02	παρακαλῶ	παρακαλέω	V-PAI-1S	1	S	confirmed	finite_verb_morphology	same	person_number_match	1	S	ἐγέννησα	candidate	not_detected
184	1corintios	4	16	1corintios-4-16-P02	1corintios-4-16-P01	γίνεσθε	γίνομαι	V-PMD-2P	2	P	confirmed	finite_verb_morphology	shift	person_number_change	1	S	παρακαλῶ	candidate	not_detected
185	1corintios	4	17	1corintios-4-17-P01	1corintios-4-16-P02	ἔπεμψα	πέμπω	V-AAI-1S	1	S	confirmed	finite_verb_morphology	shift	person_number_change	2	P	γίνεσθε	candidate	not_detected
186	1corintios	4	17	1corintios-4-17-P02	1corintios-4-17-P01	ἐστίν	εἰμί	V-PAI-3S			candidate	nearest_agreeing_nominative_no_visible_boundary	unresolved	missing_subject_person_or_number	1	S	ἔπεμψα	candidate	not_detected
187	1corintios	4	17	1corintios-4-17-P03	1corintios-4-17-P02	ἀναμνήσει	ἀναμιμνῄσκω	V-FAI-3S			candidate	nearest_agreeing_nominative_no_visible_boundary	unresolved	missing_subject_person_or_number			ἐστίν	candidate	not_detected
188	1corintios	4	17	1corintios-4-17-P04	1corintios-4-17-P03	διδάσκω	διδάσκω	V-PAI-1S	1	S	confirmed	finite_verb_morphology	unresolved	missing_subject_person_or_number			ἀναμνήσει	unresolved	candidate
189	1corintios	4	18	1corintios-4-18-P01	1corintios-4-17-P04	ἐφυσιώθησάν	φυσιόω	V-API-3P	3	P	confirmed	finite_verb_morphology	shift	person_number_change	1	S	διδάσκω	unresolved	candidate
190	1corintios	4	19	1corintios-4-19-P01	1corintios-4-18-P01	ἐλεύσομαι	ἔρχομαι	V-FMI-1S	1	S	confirmed	finite_verb_morphology	shift	person_number_change	3	P	ἐφυσιώθησάν	candidate	not_detected
191	1corintios	4	19	1corintios-4-19-P02	1corintios-4-19-P01	θελήσῃ	θέλω	V-AAS-3S			candidate	nearest_agreeing_nominative_no_visible_boundary	unresolved	missing_subject_person_or_number	1	S	ἐλεύσομαι	unresolved	candidate
192	1corintios	4	19	1corintios-4-19-P03	1corintios-4-19-P02	γνώσομαι	γινώσκω	V-FMI-1S	1	S	confirmed	finite_verb_morphology	unresolved	missing_subject_person_or_number			θελήσῃ	candidate	not_detected
193	1corintios	4	21	1corintios-4-21-P01	1corintios-4-19-P03	θέλετε	θέλω	V-PAI-2P	2	P	confirmed	finite_verb_morphology	shift	person_number_change	1	S	γνώσομαι	candidate	not_detected
194	1corintios	4	21	1corintios-4-21-P02	1corintios-4-21-P01	ἔλθω	ἔρχομαι	V-AAS-1S	1	S	confirmed	finite_verb_morphology	shift	person_number_change	2	P	θέλετε	candidate	not_detected
195	1corintios	5	1	1corintios-5-1-P01	1corintios-4-21-P02	ἀκούεται	ἀκούω	V-PPI-3S	3	S	confirmed	finite_verb_morphology	shift	person_number_change	1	S	ἔλθω	candidate	not_detected
196	1corintios	5	2	1corintios-5-2-P01	1corintios-5-1-P01	ἐστέ	εἰμί	V-PAI-2P	2	P	confirmed	finite_verb_morphology	shift	person_number_change	3	S	ἀκούεται	candidate	not_detected
197	1corintios	5	2	1corintios-5-2-P02	1corintios-5-2-P01	ἐπενθήσατε	πενθέω	V-AAI-2P	2	P	confirmed	finite_verb_morphology	same	person_number_match	2	P	ἐστέ	candidate	not_detected
198	1corintios	5	2	1corintios-5-2-P03	1corintios-5-2-P02	ἀρθῇ	αἴρω	V-APS-3S	3	S	confirmed	finite_verb_morphology	shift	person_number_change	2	P	ἐπενθήσατε	unresolved	candidate
199	1corintios	5	3	1corintios-5-3-P01	1corintios-5-2-P03	κέκρικα	κρίνω	V-XAI-1S	1	S	confirmed	finite_verb_morphology	shift	person_number_change	3	S	ἀρθῇ	candidate	not_detected
200	1corintios	5	5	1corintios-5-5-P01	1corintios-5-3-P01	σωθῇ	σῴζω	V-APS-3S			candidate	nearest_agreeing_nominative_no_visible_boundary	unresolved	missing_subject_person_or_number	1	S	κέκρικα	unresolved	candidate
201	1corintios	5	6	1corintios-5-6-P01	1corintios-5-5-P01	οἴδατε	οἶδα	V-XAI-2P	2	P	confirmed	finite_verb_morphology	unresolved	missing_subject_person_or_number			σωθῇ	candidate	not_detected
202	1corintios	5	6	1corintios-5-6-P02	1corintios-5-6-P01	ζυμοῖ	ζυμόω	V-PAI-3S			candidate	nearest_agreeing_nominative_no_visible_boundary	unresolved	missing_subject_person_or_number	2	P	οἴδατε	unresolved	candidate
203	1corintios	5	7	1corintios-5-7-P01	1corintios-5-6-P02	ἐκκαθάρατε	ἐκκαθαίρω	V-AAD-2P	2	P	confirmed	finite_verb_morphology	unresolved	missing_subject_person_or_number			ζυμοῖ	candidate	not_detected
204	1corintios	5	7	1corintios-5-7-P02	1corintios-5-7-P01	ἦτε	εἰμί	V-PAS-2P	2	P	confirmed	finite_verb_morphology	same	person_number_match	2	P	ἐκκαθάρατε	unresolved	candidate
205	1corintios	5	7	1corintios-5-7-P03	1corintios-5-7-P02	ἐστε	εἰμί	V-PAI-2P	2	P	confirmed	finite_verb_morphology	same	person_number_match	2	P	ἦτε	unresolved	candidate
206	1corintios	5	7	1corintios-5-7-P04	1corintios-5-7-P03	ἐτύθη	θύω	V-API-3S			candidate	nearest_agreeing_nominative_no_visible_boundary	unresolved	missing_subject_person_or_number	2	P	ἐστε	candidate	not_detected
207	1corintios	5	8	1corintios-5-8-P01	1corintios-5-7-P04	ἑορτάζωμεν	ἑορτάζω	V-PAS-1P	1	P	confirmed	finite_verb_morphology	unresolved	missing_subject_person_or_number			ἐτύθη	unresolved	candidate
208	1corintios	5	9	1corintios-5-9-P01	1corintios-5-8-P01	ἔγραψα	γράφω	V-AAI-1S	1	S	confirmed	finite_verb_morphology	shift	person_number_change	1	P	ἑορτάζωμεν	candidate	not_detected
209	1corintios	5	10	1corintios-5-10-P01	1corintios-5-9-P01	ὠφείλετε	ὀφείλω	V-IAI-2P	2	P	confirmed	finite_verb_morphology	shift	person_number_change	1	S	ἔγραψα	unresolved	candidate
210	1corintios	5	11	1corintios-5-11-P01	1corintios-5-10-P01	ἔγραψα	γράφω	V-AAI-1S	1	S	confirmed	finite_verb_morphology	shift	person_number_change	2	P	ὠφείλετε	candidate	not_detected
211	1corintios	5	11	1corintios-5-11-P02	1corintios-5-11-P01	ᾖ	εἰμί	V-PAS-3S			candidate	nearest_agreeing_nominative_no_visible_boundary	unresolved	missing_subject_person_or_number	1	S	ἔγραψα	unresolved	candidate
212	1corintios	5	12	1corintios-5-12-P01	1corintios-5-11-P02	κρίνετε	κρίνω	V-PAI-2P	2	P	confirmed	finite_verb_morphology	unresolved	missing_subject_person_or_number			ᾖ	candidate	not_detected
213	1corintios	5	13	1corintios-5-13-P01	1corintios-5-12-P01	κρίνει;	κρίνω	V-PAI-3S			candidate	nearest_agreeing_nominative_no_visible_boundary	unresolved	missing_subject_person_or_number	2	P	κρίνετε	candidate	not_detected
214	1corintios	5	13	1corintios-5-13-P02	1corintios-5-13-P01	ἐξάρατε	ἐξαίρω	V-AAD-2P	2	P	confirmed	finite_verb_morphology	unresolved	missing_subject_person_or_number			κρίνει;	candidate	not_detected
215	1corintios	6	1	1corintios-6-1-P01	1corintios-5-13-P02	τολμᾷ	τολμάω	V-PAI-3S	3	S	confirmed	finite_verb_morphology	shift	person_number_change	2	P	ἐξάρατε	candidate	not_detected
216	1corintios	6	2	1corintios-6-2-P01	1corintios-6-1-P01	οἴδατε	οἶδα	V-XAI-2P	2	P	confirmed	finite_verb_morphology	shift	person_number_change	3	S	τολμᾷ	candidate	not_detected
217	1corintios	6	2	1corintios-6-2-P02	1corintios-6-2-P01	κρινοῦσιν	κρίνω	V-FAI-3P			candidate	nearest_agreeing_nominative_no_visible_boundary	unresolved	missing_subject_person_or_number	2	P	οἴδατε	unresolved	candidate
218	1corintios	6	2	1corintios-6-2-P03	1corintios-6-2-P02	κρίνεται	κρίνω	V-PPI-3S	3	S	confirmed	finite_verb_morphology	unresolved	missing_subject_person_or_number			κρινοῦσιν	unresolved	candidate
219	1corintios	6	2	1corintios-6-2-P04	1corintios-6-2-P03	ἐστε	εἰμί	V-PAI-2P	2	P	confirmed	finite_verb_morphology	shift	person_number_change	3	S	κρίνεται	candidate	not_detected
220	1corintios	6	3	1corintios-6-3-P01	1corintios-6-2-P04	οἴδατε	οἶδα	V-XAI-2P	2	P	confirmed	finite_verb_morphology	same	person_number_match	2	P	ἐστε	candidate	not_detected
221	1corintios	6	3	1corintios-6-3-P02	1corintios-6-3-P01	κρινοῦμεν	κρίνω	V-FAI-1P	1	P	confirmed	finite_verb_morphology	shift	person_number_change	2	P	οἴδατε	unresolved	candidate
222	1corintios	6	4	1corintios-6-4-P01	1corintios-6-3-P02	ἔχητε	ἔχω	V-PAS-2P	2	P	confirmed	finite_verb_morphology	shift	person_number_change	1	P	κρινοῦμεν	unresolved	candidate
223	1corintios	6	4	1corintios-6-4-P02	1corintios-6-4-P01	καθίζετε	καθίζω	V-PAI-2P	2	P	confirmed	finite_verb_morphology	same	person_number_match	2	P	ἔχητε	candidate	not_detected
224	1corintios	6	5	1corintios-6-5-P01	1corintios-6-4-P02	λέγω	λέγω	V-PAI-1S	1	S	confirmed	finite_verb_morphology	shift	person_number_change	2	P	καθίζετε	candidate	not_detected
225	1corintios	6	5	1corintios-6-5-P02	1corintios-6-5-P01	ἔνι	ἔνι	V-PAI-3S	3	S	confirmed	finite_verb_morphology	shift	person_number_change	1	S	λέγω	candidate	not_detected
226	1corintios	6	5	1corintios-6-5-P03	1corintios-6-5-P02	δυνήσεται	δύναμαι	V-FMI-3S			candidate	nearest_agreeing_nominative_no_visible_boundary	unresolved	missing_subject_person_or_number	3	S	ἔνι	candidate	not_detected
227	1corintios	6	6	1corintios-6-6-P01	1corintios-6-5-P03	κρίνεται	κρίνω	V-PPI-3S			candidate	nearest_agreeing_nominative_no_visible_boundary	unresolved	missing_subject_person_or_number			δυνήσεται	candidate	not_detected
228	1corintios	6	7	1corintios-6-7-P01	1corintios-6-6-P01	ἐστιν	εἰμί	V-PAI-3S			candidate	nearest_agreeing_nominative_no_visible_boundary	unresolved	missing_subject_person_or_number			κρίνεται	candidate	not_detected
229	1corintios	6	7	1corintios-6-7-P02	1corintios-6-7-P01	ἔχετε	ἔχω	V-PAI-2P	2	P	confirmed	finite_verb_morphology	unresolved	missing_subject_person_or_number			ἐστιν	unresolved	candidate
230	1corintios	6	7	1corintios-6-7-P03	1corintios-6-7-P02	ἀδικεῖσθε	ἀδικέω	V-PPI-2P	2	P	confirmed	finite_verb_morphology	same	person_number_match	2	P	ἔχετε	candidate	not_detected
231	1corintios	6	7	1corintios-6-7-P04	1corintios-6-7-P03	ἀποστερεῖσθε	ἀποστερέω	V-PPI-2P	2	P	confirmed	finite_verb_morphology	same	person_number_match	2	P	ἀδικεῖσθε	candidate	not_detected
232	1corintios	6	8	1corintios-6-8-P01	1corintios-6-7-P04	ἀδικεῖτε	ἀδικέω	V-PAI-2P	2	P	confirmed	finite_verb_morphology	same	person_number_match	2	P	ἀποστερεῖσθε	candidate	not_detected
233	1corintios	6	8	1corintios-6-8-P02	1corintios-6-8-P01	ἀποστερεῖτε	ἀποστερέω	V-PAI-2P	2	P	confirmed	finite_verb_morphology	same	person_number_match	2	P	ἀδικεῖτε	candidate	not_detected
234	1corintios	6	9	1corintios-6-9-P01	1corintios-6-8-P02	οἴδατε	οἶδα	V-XAI-2P	2	P	confirmed	finite_verb_morphology	same	person_number_match	2	P	ἀποστερεῖτε	candidate	not_detected
235	1corintios	6	9	1corintios-6-9-P02	1corintios-6-9-P01	κληρονομήσουσιν	κληρονομέω	V-FAI-3P			candidate	nearest_agreeing_nominative_no_visible_boundary	unresolved	missing_subject_person_or_number	2	P	οἴδατε	unresolved	candidate
236	1corintios	6	9	1corintios-6-9-P03	1corintios-6-9-P02	πλανᾶσθε	πλανάω	V-PPD-2P	2	P	confirmed	finite_verb_morphology	unresolved	missing_subject_person_or_number			κληρονομήσουσιν	candidate	not_detected
237	1corintios	6	10	1corintios-6-10-P01	1corintios-6-9-P03	κληρονομήσουσιν	κληρονομέω	V-FAI-3P			candidate	nearest_agreeing_nominative_no_visible_boundary	unresolved	missing_subject_person_or_number	2	P	πλανᾶσθε	candidate	not_detected
238	1corintios	6	11	1corintios-6-11-P01	1corintios-6-10-P01	ἦτε	εἰμί	V-IAI-2P	2	P	confirmed	finite_verb_morphology	unresolved	missing_subject_person_or_number			κληρονομήσουσιν	candidate	not_detected
239	1corintios	6	11	1corintios-6-11-P02	1corintios-6-11-P01	ἀπελούσασθε	ἀπολούομαι	V-AMI-2P	2	P	confirmed	finite_verb_morphology	same	person_number_match	2	P	ἦτε	candidate	not_detected
240	1corintios	6	11	1corintios-6-11-P03	1corintios-6-11-P02	ἡγιάσθητε	ἁγιάζω	V-API-2P	2	P	confirmed	finite_verb_morphology	same	person_number_match	2	P	ἀπελούσασθε	candidate	not_detected
241	1corintios	6	11	1corintios-6-11-P04	1corintios-6-11-P03	ἐδικαιώθητε	δικαιόω	V-API-2P	2	P	confirmed	finite_verb_morphology	same	person_number_match	2	P	ἡγιάσθητε	candidate	not_detected
242	1corintios	6	12	1corintios-6-12-P01	1corintios-6-11-P04	ἔξεστιν	ἔξεστι(ν)	V-PAI-3S			candidate	nearest_agreeing_nominative_no_visible_boundary	unresolved	missing_subject_person_or_number	2	P	ἐδικαιώθητε	candidate	not_detected
243	1corintios	6	12	1corintios-6-12-P02	1corintios-6-12-P01	συμφέρει	συμφέρω	V-PAI-3S			candidate	nearest_agreeing_nominative_no_visible_boundary	unresolved	missing_subject_person_or_number			ἔξεστιν	candidate	not_detected
244	1corintios	6	12	1corintios-6-12-P03	1corintios-6-12-P02	ἔξεστιν	ἔξεστι(ν)	V-PAI-3S			candidate	nearest_agreeing_nominative_no_visible_boundary	unresolved	missing_subject_person_or_number			συμφέρει	candidate	not_detected
245	1corintios	6	12	1corintios-6-12-P04	1corintios-6-12-P03	ἐξουσιασθήσομαι	ἐξουσιάζω	V-FPI-1S	1	S	confirmed	finite_verb_morphology	unresolved	missing_subject_person_or_number			ἔξεστιν	candidate	not_detected
246	1corintios	6	13	1corintios-6-13-P01	1corintios-6-12-P04	καταργήσει	καταργέω	V-FAI-3S	3	S	confirmed	finite_verb_morphology	shift	person_number_change	1	S	ἐξουσιασθήσομαι	candidate	not_detected
247	1corintios	6	14	1corintios-6-14-P01	1corintios-6-13-P01	ἤγειρεν	ἐγείρω	V-AAI-3S	3	S	confirmed	finite_verb_morphology	same	person_number_match	3	S	καταργήσει	candidate	not_detected
248	1corintios	6	14	1corintios-6-14-P02	1corintios-6-14-P01	ἐξεγερεῖ	ἐξεγείρω	V-FAI-3S	3	S	confirmed	finite_verb_morphology	same	person_number_match	3	S	ἤγειρεν	candidate	not_detected
249	1corintios	6	15	1corintios-6-15-P01	1corintios-6-14-P02	οἴδατε	οἶδα	V-XAI-2P	2	P	confirmed	finite_verb_morphology	shift	person_number_change	3	S	ἐξεγερεῖ	candidate	not_detected
250	1corintios	6	15	1corintios-6-15-P02	1corintios-6-15-P01	ἐστιν	εἰμί	V-PAI-3S			candidate	nearest_agreeing_nominative_no_visible_boundary	unresolved	missing_subject_person_or_number	2	P	οἴδατε	unresolved	candidate
251	1corintios	6	15	1corintios-6-15-P03	1corintios-6-15-P02	ποιήσω	ποιέω	V-AAS-1S	1	S	confirmed	finite_verb_morphology	unresolved	missing_subject_person_or_number			ἐστιν	candidate	not_detected
252	1corintios	6	15	1corintios-6-15-P04	1corintios-6-15-P03	γένοιτο	γίνομαι	V-AMO-3S	3	S	confirmed	finite_verb_morphology	shift	person_number_change	1	S	ποιήσω	candidate	not_detected
253	1corintios	6	16	1corintios-6-16-P01	1corintios-6-15-P04	οἴδατε	οἶδα	V-XAI-2P	2	P	confirmed	finite_verb_morphology	shift	person_number_change	3	S	γένοιτο	candidate	not_detected
254	1corintios	6	16	1corintios-6-16-P02	1corintios-6-16-P01	ἐστιν	εἰμί	V-PAI-3S			candidate	nearest_agreeing_nominative_no_visible_boundary	unresolved	missing_subject_person_or_number	2	P	οἴδατε	unresolved	candidate
255	1corintios	6	16	1corintios-6-16-P03	1corintios-6-16-P02	ἔσονται	εἰμί	V-FMI-3P	3	P	confirmed	finite_verb_morphology	unresolved	missing_subject_person_or_number			ἐστιν	candidate	not_detected
256	1corintios	6	16	1corintios-6-16-P04	1corintios-6-16-P03	φησίν	φημί	V-PAI-3S	3	S	confirmed	finite_verb_morphology	shift	person_number_change	3	P	ἔσονται	candidate	not_detected
257	1corintios	6	17	1corintios-6-17-P01	1corintios-6-16-P04	ἐστιν	εἰμί	V-PAI-3S			candidate	nearest_agreeing_nominative_no_visible_boundary	unresolved	missing_subject_person_or_number	3	S	φησίν	candidate	not_detected
258	1corintios	6	18	1corintios-6-18-P01	1corintios-6-17-P01	φεύγετε	φεύγω	V-PAD-2P	2	P	confirmed	finite_verb_morphology	unresolved	missing_subject_person_or_number			ἐστιν	candidate	not_detected
259	1corintios	6	18	1corintios-6-18-P02	1corintios-6-18-P01	ποιήσῃ	ποιέω	V-AAS-3S			candidate	nearest_agreeing_nominative_no_visible_boundary	unresolved	missing_subject_person_or_number	2	P	φεύγετε	unresolved	candidate
260	1corintios	6	18	1corintios-6-18-P03	1corintios-6-18-P02	ἐστιν	εἰμί	V-PAI-3S			candidate	nearest_agreeing_nominative_no_visible_boundary	unresolved	missing_subject_person_or_number			ποιήσῃ	candidate	not_detected
261	1corintios	6	18	1corintios-6-18-P04	1corintios-6-18-P03	ἁμαρτάνει	ἁμαρτάνω	V-PAI-3S	3	S	confirmed	finite_verb_morphology	unresolved	missing_subject_person_or_number			ἐστιν	candidate	not_detected
262	1corintios	6	19	1corintios-6-19-P01	1corintios-6-18-P04	οἴδατε	οἶδα	V-XAI-2P	2	P	confirmed	finite_verb_morphology	shift	person_number_change	3	S	ἁμαρτάνει	candidate	not_detected
263	1corintios	6	19	1corintios-6-19-P02	1corintios-6-19-P01	ἐστιν	εἰμί	V-PAI-3S			candidate	nearest_agreeing_nominative_no_visible_boundary	unresolved	missing_subject_person_or_number	2	P	οἴδατε	unresolved	candidate
264	1corintios	6	19	1corintios-6-19-P03	1corintios-6-19-P02	ἔχετε	ἔχω	V-PAI-2P	2	P	confirmed	finite_verb_morphology	unresolved	missing_subject_person_or_number			ἐστιν	candidate	not_detected
265	1corintios	6	19	1corintios-6-19-P04	1corintios-6-19-P03	ἐστὲ	εἰμί	V-PAI-2P	2	P	confirmed	finite_verb_morphology	same	person_number_match	2	P	ἔχετε	candidate	not_detected
266	1corintios	6	20	1corintios-6-20-P01	1corintios-6-19-P04	ἠγοράσθητε	ἀγοράζω	V-API-2P	2	P	confirmed	finite_verb_morphology	same	person_number_match	2	P	ἐστὲ	candidate	not_detected
267	1corintios	6	20	1corintios-6-20-P02	1corintios-6-20-P01	δοξάσατε	δοξάζω	V-AAD-2P	2	P	confirmed	finite_verb_morphology	same	person_number_match	2	P	ἠγοράσθητε	candidate	not_detected
268	1corintios	7	1	1corintios-7-1-P01	1corintios-6-20-P02	ἐγράψατε	γράφω	V-AAI-2P	2	P	confirmed	finite_verb_morphology	same	person_number_match	2	P	δοξάσατε	candidate	not_detected
269	1corintios	7	2	1corintios-7-2-P01	1corintios-7-1-P01	ἐχέτω	ἔχω	V-PAD-3S			candidate	nearest_agreeing_nominative_no_visible_boundary	unresolved	missing_subject_person_or_number	2	P	ἐγράψατε	candidate	not_detected
270	1corintios	7	2	1corintios-7-2-P02	1corintios-7-2-P01	ἐχέτω	ἔχω	V-PAD-3S			candidate	nearest_agreeing_nominative_no_visible_boundary	unresolved	missing_subject_person_or_number			ἐχέτω	candidate	not_detected
271	1corintios	7	3	1corintios-7-3-P01	1corintios-7-2-P02	ἀποδιδότω	ἀποδίδωμι	V-PAD-3S			candidate	nearest_agreeing_nominative_no_visible_boundary	unresolved	missing_subject_person_or_number			ἐχέτω	candidate	not_detected
272	1corintios	7	4	1corintios-7-4-P01	1corintios-7-3-P01	ἐξουσιάζει	ἐξουσιάζω	V-PAI-3S			candidate	nearest_agreeing_nominative_no_visible_boundary	unresolved	missing_subject_person_or_number			ἀποδιδότω	candidate	not_detected
273	1corintios	7	4	1corintios-7-4-P02	1corintios-7-4-P01	ἐξουσιάζει	ἐξουσιάζω	V-PAI-3S			candidate	nearest_agreeing_nominative_no_visible_boundary	unresolved	missing_subject_person_or_number			ἐξουσιάζει	candidate	not_detected
274	1corintios	7	5	1corintios-7-5-P01	1corintios-7-4-P02	ἀποστερεῖτε	ἀποστερέω	V-PAD-2P	2	P	confirmed	finite_verb_morphology	unresolved	missing_subject_person_or_number			ἐξουσιάζει	candidate	not_detected
275	1corintios	7	5	1corintios-7-5-P02	1corintios-7-5-P01	σχολάσητε	σχολάζω	V-AAS-2P	2	P	confirmed	finite_verb_morphology	same	person_number_match	2	P	ἀποστερεῖτε	unresolved	candidate
276	1corintios	7	5	1corintios-7-5-P03	1corintios-7-5-P02	ἦτε	εἰμί	V-PAS-2P	2	P	confirmed	finite_verb_morphology	same	person_number_match	2	P	σχολάσητε	candidate	not_detected
277	1corintios	7	5	1corintios-7-5-P04	1corintios-7-5-P03	πειράζῃ	πειράζω	V-PAS-3S	3	S	confirmed	finite_verb_morphology	shift	person_number_change	2	P	ἦτε	unresolved	candidate
278	1corintios	7	6	1corintios-7-6-P01	1corintios-7-5-P04	λέγω	λέγω	V-PAI-1S	1	S	confirmed	finite_verb_morphology	shift	person_number_change	3	S	πειράζῃ	candidate	not_detected
279	1corintios	7	7	1corintios-7-7-P01	1corintios-7-6-P01	θέλω	θέλω	V-PAI-1S	1	S	confirmed	finite_verb_morphology	same	person_number_match	1	S	λέγω	candidate	not_detected
280	1corintios	7	7	1corintios-7-7-P02	1corintios-7-7-P01	ἔχει	ἔχω	V-PAI-3S			candidate	nearest_agreeing_nominative_no_visible_boundary	unresolved	missing_subject_person_or_number	1	S	θέλω	unresolved	candidate
281	1corintios	7	8	1corintios-7-8-P01	1corintios-7-7-P02	λέγω	λέγω	V-PAI-1S	1	S	confirmed	finite_verb_morphology	unresolved	missing_subject_person_or_number			ἔχει	candidate	not_detected
282	1corintios	7	8	1corintios-7-8-P02	1corintios-7-8-P01	μείνωσιν	μένω	V-AAS-3P	3	P	confirmed	finite_verb_morphology	shift	person_number_change	1	S	λέγω	unresolved	candidate
283	1corintios	7	9	1corintios-7-9-P01	1corintios-7-8-P02	ἐγκρατεύονται	ἐγκρατεύομαι	V-PMI-3P	3	P	confirmed	finite_verb_morphology	same	person_number_match	3	P	μείνωσιν	unresolved	candidate
284	1corintios	7	9	1corintios-7-9-P02	1corintios-7-9-P01	γαμησάτωσαν	γαμέω	V-AAD-3P	3	P	confirmed	finite_verb_morphology	same	person_number_match	3	P	ἐγκρατεύονται	candidate	not_detected
285	1corintios	7	9	1corintios-7-9-P03	1corintios-7-9-P02	ἐστιν	εἰμί	V-PAI-3S	3	S	confirmed	finite_verb_morphology	shift	person_number_change	3	P	γαμησάτωσαν	candidate	not_detected
286	1corintios	7	10	1corintios-7-10-P01	1corintios-7-9-P03	παραγγέλλω	παραγγέλλω	V-PAI-1S	1	S	confirmed	finite_verb_morphology	shift	person_number_change	3	S	ἐστιν	candidate	not_detected
287	1corintios	7	11	1corintios-7-11-P01	1corintios-7-10-P01	χωρισθῇ	χωρίζω	V-APS-3S	3	S	confirmed	finite_verb_morphology	shift	person_number_change	1	S	παραγγέλλω	unresolved	candidate
288	1corintios	7	11	1corintios-7-11-P02	1corintios-7-11-P01	μενέτω	μένω	V-PAD-3S	3	S	confirmed	finite_verb_morphology	same	person_number_match	3	S	χωρισθῇ	candidate	not_detected
289	1corintios	7	11	1corintios-7-11-P03	1corintios-7-11-P02	καταλλαγήτω—	καταλλάσσω	V-APD-3S	3	S	confirmed	finite_verb_morphology	same	person_number_match	3	S	μενέτω	candidate	not_detected
290	1corintios	7	12	1corintios-7-12-P01	1corintios-7-11-P03	λέγω	λέγω	V-PAI-1S	1	S	confirmed	finite_verb_morphology	shift	person_number_change	3	S	καταλλαγήτω—	candidate	not_detected
291	1corintios	7	12	1corintios-7-12-P02	1corintios-7-12-P01	ἔχει	ἔχω	V-PAI-3S			candidate	nearest_agreeing_nominative_no_visible_boundary	unresolved	missing_subject_person_or_number	1	S	λέγω	unresolved	candidate
292	1corintios	7	12	1corintios-7-12-P03	1corintios-7-12-P02	συνευδοκεῖ	συνευδοκέω	V-PAI-3S			candidate	nearest_agreeing_nominative_no_visible_boundary	unresolved	missing_subject_person_or_number			ἔχει	candidate	not_detected
293	1corintios	7	12	1corintios-7-12-P04	1corintios-7-12-P03	ἀφιέτω	ἀφίημι	V-PAD-3S	3	S	confirmed	finite_verb_morphology	unresolved	missing_subject_person_or_number			συνευδοκεῖ	candidate	not_detected
294	1corintios	7	13	1corintios-7-13-P01	1corintios-7-12-P04	ἔχει	ἔχω	V-PAI-3S			candidate	nearest_agreeing_nominative_no_visible_boundary	unresolved	missing_subject_person_or_number	3	S	ἀφιέτω	unresolved	candidate
295	1corintios	7	13	1corintios-7-13-P02	1corintios-7-13-P01	συνευδοκεῖ	συνευδοκέω	V-PAI-3S			candidate	nearest_agreeing_nominative_no_visible_boundary	unresolved	missing_subject_person_or_number			ἔχει	candidate	not_detected
296	1corintios	7	13	1corintios-7-13-P03	1corintios-7-13-P02	ἀφιέτω	ἀφίημι	V-PAD-3S	3	S	confirmed	finite_verb_morphology	unresolved	missing_subject_person_or_number			συνευδοκεῖ	candidate	not_detected
297	1corintios	7	14	1corintios-7-14-P01	1corintios-7-13-P03	ἡγίασται	ἁγιάζω	V-XPI-3S	3	S	confirmed	finite_verb_morphology	same	person_number_match	3	S	ἀφιέτω	candidate	not_detected
298	1corintios	7	14	1corintios-7-14-P02	1corintios-7-14-P01	ἡγίασται	ἁγιάζω	V-XPI-3S	3	S	confirmed	finite_verb_morphology	same	person_number_match	3	S	ἡγίασται	candidate	not_detected
299	1corintios	7	14	1corintios-7-14-P03	1corintios-7-14-P02	ἐστιν	εἰμί	V-PAI-3S			candidate	nearest_agreeing_nominative_no_visible_boundary	unresolved	missing_subject_person_or_number	3	S	ἡγίασται	unresolved	candidate
300	1corintios	7	14	1corintios-7-14-P04	1corintios-7-14-P03	ἐστιν	εἰμί	V-PAI-3S			candidate	nearest_agreeing_nominative_no_visible_boundary	unresolved	missing_subject_person_or_number			ἐστιν	candidate	not_detected
301	1corintios	7	15	1corintios-7-15-P01	1corintios-7-14-P04	χωρίζεται	χωρίζω	V-PPI-3S			candidate	nearest_agreeing_nominative_no_visible_boundary	unresolved	missing_subject_person_or_number			ἐστιν	unresolved	candidate
302	1corintios	7	15	1corintios-7-15-P02	1corintios-7-15-P01	χωριζέσθω	χωρίζω	V-PPD-3S	3	S	confirmed	finite_verb_morphology	unresolved	missing_subject_person_or_number			χωρίζεται	candidate	not_detected
303	1corintios	7	15	1corintios-7-15-P03	1corintios-7-15-P02	δεδούλωται	δουλόω	V-XPI-3S	3	S	confirmed	finite_verb_morphology	same	person_number_match	3	S	χωριζέσθω	candidate	not_detected
304	1corintios	7	15	1corintios-7-15-P04	1corintios-7-15-P03	κέκληκεν	καλέω	V-XAI-3S	3	S	confirmed	finite_verb_morphology	same	person_number_match	3	S	δεδούλωται	candidate	not_detected
305	1corintios	7	16	1corintios-7-16-P01	1corintios-7-15-P04	οἶδας	οἶδα	V-XAI-2S	2	S	confirmed	finite_verb_morphology	shift	person_number_change	3	S	κέκληκεν	candidate	not_detected
306	1corintios	7	16	1corintios-7-16-P02	1corintios-7-16-P01	σώσεις	σῴζω	V-FAI-2S	2	S	confirmed	finite_verb_morphology	same	person_number_match	2	S	οἶδας	unresolved	candidate
307	1corintios	7	16	1corintios-7-16-P03	1corintios-7-16-P02	οἶδας	οἶδα	V-XAI-2S	2	S	confirmed	finite_verb_morphology	same	person_number_match	2	S	σώσεις	candidate	not_detected
308	1corintios	7	16	1corintios-7-16-P04	1corintios-7-16-P03	σώσεις	σῴζω	V-FAI-2S	2	S	confirmed	finite_verb_morphology	same	person_number_match	2	S	οἶδας	unresolved	candidate
309	1corintios	7	17	1corintios-7-17-P01	1corintios-7-16-P04	ἐμέρισεν	μερίζω	V-AAI-3S	3	S	confirmed	finite_verb_morphology	shift	person_number_change	2	S	σώσεις	unresolved	candidate
310	1corintios	7	17	1corintios-7-17-P02	1corintios-7-17-P01	κέκληκεν	καλέω	V-XAI-3S			candidate	nearest_agreeing_nominative_no_visible_boundary	unresolved	missing_subject_person_or_number	3	S	ἐμέρισεν	unresolved	candidate
311	1corintios	7	17	1corintios-7-17-P03	1corintios-7-17-P02	περιπατείτω	περιπατέω	V-PAD-3S			candidate	nearest_agreeing_nominative_no_visible_boundary	unresolved	missing_subject_person_or_number			κέκληκεν	candidate	not_detected
312	1corintios	7	17	1corintios-7-17-P04	1corintios-7-17-P03	διατάσσομαι	διατάσσω	V-PMI-1S	1	S	confirmed	finite_verb_morphology	unresolved	missing_subject_person_or_number			περιπατείτω	candidate	not_detected
313	1corintios	7	18	1corintios-7-18-P01	1corintios-7-17-P04	ἐκλήθη;	καλέω	V-API-3S			candidate	nearest_agreeing_nominative_no_visible_boundary	unresolved	missing_subject_person_or_number	1	S	διατάσσομαι	candidate	not_detected
314	1corintios	7	18	1corintios-7-18-P02	1corintios-7-18-P01	ἐπισπάσθω	ἐπισπάομαι	V-PMD-3S	3	S	confirmed	finite_verb_morphology	unresolved	missing_subject_person_or_number			ἐκλήθη;	candidate	not_detected
315	1corintios	7	18	1corintios-7-18-P03	1corintios-7-18-P02	κέκληταί	καλέω	V-XPI-3S	3	S	confirmed	finite_verb_morphology	same	person_number_match	3	S	ἐπισπάσθω	candidate	not_detected
316	1corintios	7	18	1corintios-7-18-P04	1corintios-7-18-P03	περιτεμνέσθω	περιτέμνω	V-PPD-3S			candidate	nearest_agreeing_nominative_no_visible_boundary	unresolved	missing_subject_person_or_number	3	S	κέκληταί	candidate	not_detected
317	1corintios	7	19	1corintios-7-19-P01	1corintios-7-18-P04	ἐστιν	εἰμί	V-PAI-3S			candidate	nearest_agreeing_nominative_no_visible_boundary	unresolved	missing_subject_person_or_number			περιτεμνέσθω	candidate	not_detected
318	1corintios	7	19	1corintios-7-19-P02	1corintios-7-19-P01	ἐστιν	εἰμί	V-PAI-3S			candidate	nearest_agreeing_nominative_no_visible_boundary	unresolved	missing_subject_person_or_number			ἐστιν	candidate	not_detected
319	1corintios	7	20	1corintios-7-20-P01	1corintios-7-19-P02	ἐκλήθη	καλέω	V-API-3S	3	S	confirmed	finite_verb_morphology	unresolved	missing_subject_person_or_number			ἐστιν	candidate	not_detected
320	1corintios	7	20	1corintios-7-20-P02	1corintios-7-20-P01	μενέτω	μένω	V-PAD-3S	3	S	confirmed	finite_verb_morphology	same	person_number_match	3	S	ἐκλήθη	candidate	not_detected
321	1corintios	7	21	1corintios-7-21-P01	1corintios-7-20-P02	ἐκλήθης;	καλέω	V-API-2S	2	S	confirmed	finite_verb_morphology	shift	person_number_change	3	S	μενέτω	candidate	not_detected
322	1corintios	7	21	1corintios-7-21-P02	1corintios-7-21-P01	μελέτω	μέλει	V-PAD-3S	3	S	confirmed	finite_verb_morphology	shift	person_number_change	2	S	ἐκλήθης;	candidate	not_detected
323	1corintios	7	21	1corintios-7-21-P03	1corintios-7-21-P02	δύνασαι	δύναμαι	V-PMI-2S	2	S	confirmed	finite_verb_morphology	shift	person_number_change	3	S	μελέτω	unresolved	candidate
324	1corintios	7	21	1corintios-7-21-P04	1corintios-7-21-P03	χρῆσαι	χράομαι	V-AMD-2S	2	S	confirmed	finite_verb_morphology	same	person_number_match	2	S	δύνασαι	candidate	not_detected
325	1corintios	7	22	1corintios-7-22-P01	1corintios-7-21-P04	ἐστίν	εἰμί	V-PAI-3S			candidate	nearest_agreeing_nominative_no_visible_boundary	unresolved	missing_subject_person_or_number	2	S	χρῆσαι	candidate	not_detected
326	1corintios	7	22	1corintios-7-22-P02	1corintios-7-22-P01	ἐστιν	εἰμί	V-PAI-3S			candidate	nearest_agreeing_nominative_no_visible_boundary	unresolved	missing_subject_person_or_number			ἐστίν	candidate	not_detected
327	1corintios	7	23	1corintios-7-23-P01	1corintios-7-22-P02	ἠγοράσθητε	ἀγοράζω	V-API-2P	2	P	confirmed	finite_verb_morphology	unresolved	missing_subject_person_or_number			ἐστιν	candidate	not_detected
328	1corintios	7	23	1corintios-7-23-P02	1corintios-7-23-P01	γίνεσθε	γίνομαι	V-PMD-2P	2	P	confirmed	finite_verb_morphology	same	person_number_match	2	P	ἠγοράσθητε	candidate	not_detected
329	1corintios	7	24	1corintios-7-24-P01	1corintios-7-23-P02	ἐκλήθη	καλέω	V-API-3S			candidate	nearest_agreeing_nominative_no_visible_boundary	unresolved	missing_subject_person_or_number	2	P	γίνεσθε	candidate	not_detected
330	1corintios	7	24	1corintios-7-24-P02	1corintios-7-24-P01	μενέτω	μένω	V-PAD-3S	3	S	confirmed	finite_verb_morphology	unresolved	missing_subject_person_or_number			ἐκλήθη	candidate	not_detected
331	1corintios	7	25	1corintios-7-25-P01	1corintios-7-24-P02	ἔχω	ἔχω	V-PAI-1S	1	S	confirmed	finite_verb_morphology	shift	person_number_change	3	S	μενέτω	candidate	not_detected
332	1corintios	7	25	1corintios-7-25-P02	1corintios-7-25-P01	δίδωμι	δίδωμι	V-PAI-1S	1	S	confirmed	finite_verb_morphology	same	person_number_match	1	S	ἔχω	candidate	not_detected
333	1corintios	7	26	1corintios-7-26-P01	1corintios-7-25-P02	νομίζω	νομίζω	V-PAI-1S	1	S	confirmed	finite_verb_morphology	same	person_number_match	1	S	δίδωμι	candidate	not_detected
334	1corintios	7	27	1corintios-7-27-P01	1corintios-7-26-P01	δέδεσαι	δέω	V-XPI-2S	2	S	confirmed	finite_verb_morphology	shift	person_number_change	1	S	νομίζω	candidate	not_detected
335	1corintios	7	27	1corintios-7-27-P02	1corintios-7-27-P01	ζήτει	ζητέω	V-PAD-2S	2	S	confirmed	finite_verb_morphology	same	person_number_match	2	S	δέδεσαι	candidate	not_detected
336	1corintios	7	27	1corintios-7-27-P03	1corintios-7-27-P02	λέλυσαι	λύω	V-XPI-2S	2	S	confirmed	finite_verb_morphology	same	person_number_match	2	S	ζήτει	candidate	not_detected
337	1corintios	7	27	1corintios-7-27-P04	1corintios-7-27-P03	ζήτει	ζητέω	V-PAD-2S	2	S	confirmed	finite_verb_morphology	same	person_number_match	2	S	λέλυσαι	candidate	not_detected
338	1corintios	7	28	1corintios-7-28-P01	1corintios-7-27-P04	γαμήσῃς	γαμέω	V-AAS-2S	2	S	confirmed	finite_verb_morphology	same	person_number_match	2	S	ζήτει	unresolved	candidate
339	1corintios	7	28	1corintios-7-28-P02	1corintios-7-28-P01	ἥμαρτες	ἁμαρτάνω	V-AAI-2S	2	S	confirmed	finite_verb_morphology	same	person_number_match	2	S	γαμήσῃς	candidate	not_detected
340	1corintios	7	28	1corintios-7-28-P03	1corintios-7-28-P02	γήμῃ	γαμέω	V-AAS-3S	3	S	confirmed	finite_verb_morphology	shift	person_number_change	2	S	ἥμαρτες	unresolved	candidate
341	1corintios	7	28	1corintios-7-28-P04	1corintios-7-28-P03	ἥμαρτεν	ἁμαρτάνω	V-AAI-3S			candidate	nearest_agreeing_nominative_no_visible_boundary	unresolved	missing_subject_person_or_number	3	S	γήμῃ	candidate	not_detected
342	1corintios	7	28	1corintios-7-28-P05	1corintios-7-28-P04	ἕξουσιν	ἔχω	V-FAI-3P	3	P	confirmed	finite_verb_morphology	unresolved	missing_subject_person_or_number			ἥμαρτεν	candidate	not_detected
343	1corintios	7	28	1corintios-7-28-P06	1corintios-7-28-P05	φείδομαι	φείδομαι	V-PMI-1S	1	S	confirmed	finite_verb_morphology	shift	person_number_change	3	P	ἕξουσιν	candidate	not_detected
344	1corintios	7	29	1corintios-7-29-P01	1corintios-7-28-P06	φημι	φημί	V-PAI-1S	1	S	confirmed	finite_verb_morphology	same	person_number_match	1	S	φείδομαι	candidate	not_detected
345	1corintios	7	29	1corintios-7-29-P02	1corintios-7-29-P01	ἐστίν	εἰμί	V-PAI-3S			candidate	nearest_agreeing_nominative_no_visible_boundary	unresolved	missing_subject_person_or_number	1	S	φημι	candidate	not_detected
346	1corintios	7	29	1corintios-7-29-P03	1corintios-7-29-P02	ὦσιν	εἰμί	V-PAS-3P			candidate	nearest_agreeing_nominative_no_visible_boundary	unresolved	missing_subject_person_or_number			ἐστίν	unresolved	candidate
347	1corintios	7	31	1corintios-7-31-P01	1corintios-7-29-P03	παράγει	παράγω	V-PAI-3S	3	S	confirmed	finite_verb_morphology	unresolved	missing_subject_person_or_number			ὦσιν	unresolved	candidate
348	1corintios	7	32	1corintios-7-32-P01	1corintios-7-31-P01	θέλω	θέλω	V-PAI-1S	1	S	confirmed	finite_verb_morphology	shift	person_number_change	3	S	παράγει	candidate	not_detected
349	1corintios	7	32	1corintios-7-32-P02	1corintios-7-32-P01	μεριμνᾷ	μεριμνάω	V-PAI-3S			candidate	nearest_agreeing_nominative_no_visible_boundary	unresolved	missing_subject_person_or_number	1	S	θέλω	candidate	not_detected
350	1corintios	7	32	1corintios-7-32-P03	1corintios-7-32-P02	ἀρέσῃ	ἀρέσκω	V-AAS-3S	3	S	confirmed	finite_verb_morphology	unresolved	missing_subject_person_or_number			μεριμνᾷ	candidate	not_detected
351	1corintios	7	33	1corintios-7-33-P01	1corintios-7-32-P03	μεριμνᾷ	μεριμνάω	V-PAI-3S	3	S	confirmed	finite_verb_morphology	same	person_number_match	3	S	ἀρέσῃ	candidate	not_detected
352	1corintios	7	33	1corintios-7-33-P02	1corintios-7-33-P01	ἀρέσῃ	ἀρέσκω	V-AAS-3S	3	S	confirmed	finite_verb_morphology	same	person_number_match	3	S	μεριμνᾷ	candidate	not_detected
353	1corintios	7	34	1corintios-7-34-P01	1corintios-7-33-P02	μεμέρισται	μερίζω	V-XPI-3S	3	S	confirmed	finite_verb_morphology	same	person_number_match	3	S	ἀρέσῃ	candidate	not_detected
354	1corintios	7	34	1corintios-7-34-P02	1corintios-7-34-P01	μεριμνᾷ	μεριμνάω	V-PAI-3S			candidate	nearest_agreeing_nominative_no_visible_boundary	unresolved	missing_subject_person_or_number	3	S	μεμέρισται	candidate	not_detected
355	1corintios	7	34	1corintios-7-34-P03	1corintios-7-34-P02	ᾖ	εἰμί	V-PAS-3S	3	S	confirmed	finite_verb_morphology	unresolved	missing_subject_person_or_number			μεριμνᾷ	unresolved	candidate
356	1corintios	7	34	1corintios-7-34-P04	1corintios-7-34-P03	μεριμνᾷ	μεριμνάω	V-PAI-3S	3	S	confirmed	finite_verb_morphology	same	person_number_match	3	S	ᾖ	candidate	not_detected
357	1corintios	7	34	1corintios-7-34-P05	1corintios-7-34-P04	ἀρέσῃ	ἀρέσκω	V-AAS-3S	3	S	confirmed	finite_verb_morphology	same	person_number_match	3	S	μεριμνᾷ	candidate	not_detected
358	1corintios	7	35	1corintios-7-35-P01	1corintios-7-34-P05	λέγω	λέγω	V-PAI-1S	1	S	confirmed	finite_verb_morphology	shift	person_number_change	3	S	ἀρέσῃ	candidate	not_detected
359	1corintios	7	35	1corintios-7-35-P02	1corintios-7-35-P01	ἐπιβάλω	ἐπιβάλλω	V-AAS-1S	1	S	confirmed	finite_verb_morphology	same	person_number_match	1	S	λέγω	unresolved	candidate
360	1corintios	7	36	1corintios-7-36-P01	1corintios-7-35-P02	νομίζει	νομίζω	V-PAI-3S			candidate	nearest_agreeing_nominative_no_visible_boundary	unresolved	missing_subject_person_or_number	1	S	ἐπιβάλω	unresolved	candidate
361	1corintios	7	36	1corintios-7-36-P02	1corintios-7-36-P01	ᾖ	εἰμί	V-PAS-3S	3	S	confirmed	finite_verb_morphology	unresolved	missing_subject_person_or_number			νομίζει	unresolved	candidate
362	1corintios	7	36	1corintios-7-36-P03	1corintios-7-36-P02	ὀφείλει	ὀφείλω	V-PAI-3S	3	S	confirmed	finite_verb_morphology	same	person_number_match	3	S	ᾖ	candidate	not_detected
363	1corintios	7	36	1corintios-7-36-P04	1corintios-7-36-P03	θέλει	θέλω	V-PAI-3S	3	S	confirmed	finite_verb_morphology	same	person_number_match	3	S	ὀφείλει	candidate	not_detected
364	1corintios	7	36	1corintios-7-36-P05	1corintios-7-36-P04	ποιείτω	ποιέω	V-PAD-3S	3	S	confirmed	finite_verb_morphology	same	person_number_match	3	S	θέλει	candidate	not_detected
365	1corintios	7	36	1corintios-7-36-P06	1corintios-7-36-P05	ἁμαρτάνει	ἁμαρτάνω	V-PAI-3S	3	S	confirmed	finite_verb_morphology	same	person_number_match	3	S	ποιείτω	candidate	not_detected
366	1corintios	7	36	1corintios-7-36-P07	1corintios-7-36-P06	γαμείτωσαν	γαμέω	V-PAD-3P	3	P	confirmed	finite_verb_morphology	shift	person_number_change	3	S	ἁμαρτάνει	candidate	not_detected
367	1corintios	7	37	1corintios-7-37-P01	1corintios-7-36-P07	ἕστηκεν	ἵστημι	V-XAI-3S	3	S	confirmed	finite_verb_morphology	shift	person_number_change	3	P	γαμείτωσαν	candidate	not_detected
368	1corintios	7	37	1corintios-7-37-P02	1corintios-7-37-P01	ἔχει	ἔχω	V-PAI-3S	3	S	confirmed	finite_verb_morphology	same	person_number_match	3	S	ἕστηκεν	candidate	not_detected
369	1corintios	7	37	1corintios-7-37-P03	1corintios-7-37-P02	κέκρικεν	κρίνω	V-XAI-3S	3	S	confirmed	finite_verb_morphology	same	person_number_match	3	S	ἔχει	candidate	not_detected
370	1corintios	7	37	1corintios-7-37-P04	1corintios-7-37-P03	ποιήσει	ποιέω	V-FAI-3S	3	S	confirmed	finite_verb_morphology	same	person_number_match	3	S	κέκρικεν	candidate	not_detected
371	1corintios	7	38	1corintios-7-38-P01	1corintios-7-37-P04	ποιεῖ	ποιέω	V-PAI-3S			candidate	nearest_agreeing_nominative_no_visible_boundary	unresolved	missing_subject_person_or_number	3	S	ποιήσει	unresolved	candidate
372	1corintios	7	38	1corintios-7-38-P02	1corintios-7-38-P01	ποιήσει	ποιέω	V-FAI-3S			candidate	nearest_agreeing_nominative_no_visible_boundary	unresolved	missing_subject_person_or_number			ποιεῖ	candidate	not_detected
373	1corintios	7	39	1corintios-7-39-P01	1corintios-7-38-P02	δέδεται	δέω	V-XPI-3S			candidate	nearest_agreeing_nominative_no_visible_boundary	unresolved	missing_subject_person_or_number			ποιήσει	candidate	not_detected
374	1corintios	7	39	1corintios-7-39-P02	1corintios-7-39-P01	ζῇ	ζάω	V-PAI-3S	3	S	confirmed	finite_verb_morphology	unresolved	missing_subject_person_or_number			δέδεται	candidate	not_detected
375	1corintios	7	39	1corintios-7-39-P03	1corintios-7-39-P02	κοιμηθῇ	κοιμάομαι	V-APS-3S	3	S	confirmed	finite_verb_morphology	same	person_number_match	3	S	ζῇ	unresolved	candidate
376	1corintios	7	39	1corintios-7-39-P04	1corintios-7-39-P03	ἐστὶν	εἰμί	V-PAI-3S			candidate	nearest_agreeing_nominative_no_visible_boundary	unresolved	missing_subject_person_or_number	3	S	κοιμηθῇ	candidate	not_detected
377	1corintios	7	39	1corintios-7-39-P05	1corintios-7-39-P04	θέλει	θέλω	V-PAI-3S	3	S	confirmed	finite_verb_morphology	unresolved	missing_subject_person_or_number			ἐστὶν	candidate	not_detected
378	1corintios	7	40	1corintios-7-40-P01	1corintios-7-39-P05	ἐστιν	εἰμί	V-PAI-3S	3	S	confirmed	finite_verb_morphology	same	person_number_match	3	S	θέλει	candidate	not_detected
379	1corintios	7	40	1corintios-7-40-P02	1corintios-7-40-P01	μείνῃ	μένω	V-AAS-3S	3	S	confirmed	finite_verb_morphology	same	person_number_match	3	S	ἐστιν	unresolved	candidate
380	1corintios	7	40	1corintios-7-40-P03	1corintios-7-40-P02	δοκῶ	δοκέω	V-PAI-1S	1	S	confirmed	finite_verb_morphology	shift	person_number_change	3	S	μείνῃ	candidate	not_detected
381	1corintios	8	1	1corintios-8-1-P01	1corintios-7-40-P03	οἴδαμεν	οἶδα	V-XAI-1P	1	P	confirmed	finite_verb_morphology	shift	person_number_change	1	S	δοκῶ	candidate	not_detected
382	1corintios	8	1	1corintios-8-1-P02	1corintios-8-1-P01	ἔχομεν	ἔχω	V-PAI-1P	1	P	confirmed	finite_verb_morphology	same	person_number_match	1	P	οἴδαμεν	unresolved	candidate
383	1corintios	8	1	1corintios-8-1-P03	1corintios-8-1-P02	φυσιοῖ	φυσιόω	V-PAI-3S			candidate	nearest_agreeing_nominative_no_visible_boundary	unresolved	missing_subject_person_or_number	1	P	ἔχομεν	candidate	not_detected
384	1corintios	8	1	1corintios-8-1-P04	1corintios-8-1-P03	οἰκοδομεῖ	οἰκοδομέω	V-PAI-3S			candidate	nearest_agreeing_nominative_no_visible_boundary	unresolved	missing_subject_person_or_number			φυσιοῖ	candidate	not_detected
385	1corintios	8	2	1corintios-8-2-P01	1corintios-8-1-P04	δοκεῖ	δοκέω	V-PAI-3S			candidate	nearest_agreeing_nominative_no_visible_boundary	unresolved	missing_subject_person_or_number			οἰκοδομεῖ	unresolved	candidate
386	1corintios	8	2	1corintios-8-2-P02	1corintios-8-2-P01	ἔγνω	γινώσκω	V-AAI-3S	3	S	confirmed	finite_verb_morphology	unresolved	missing_subject_person_or_number			δοκεῖ	candidate	not_detected
387	1corintios	8	2	1corintios-8-2-P03	1corintios-8-2-P02	δεῖ	δέω	V-PAI-3S	3	S	confirmed	finite_verb_morphology	same	person_number_match	3	S	ἔγνω	unresolved	candidate
388	1corintios	8	3	1corintios-8-3-P01	1corintios-8-2-P03	ἀγαπᾷ	ἀγαπάω	V-PAI-3S			candidate	nearest_agreeing_nominative_no_visible_boundary	unresolved	missing_subject_person_or_number	3	S	δεῖ	unresolved	candidate
389	1corintios	8	3	1corintios-8-3-P02	1corintios-8-3-P01	ἔγνωσται	γινώσκω	V-XPI-3S			candidate	nearest_agreeing_nominative_no_visible_boundary	unresolved	missing_subject_person_or_number			ἀγαπᾷ	candidate	not_detected
390	1corintios	8	4	1corintios-8-4-P01	1corintios-8-3-P02	οἴδαμεν	οἶδα	V-XAI-1P	1	P	confirmed	finite_verb_morphology	unresolved	missing_subject_person_or_number			ἔγνωσται	candidate	not_detected
391	1corintios	8	5	1corintios-8-5-P01	1corintios-8-4-P01	εἰσὶν	εἰμί	V-PAI-3P	3	P	confirmed	finite_verb_morphology	shift	person_number_change	1	P	οἴδαμεν	candidate	not_detected
392	1corintios	8	5	1corintios-8-5-P02	1corintios-8-5-P01	εἰσὶν	εἰμί	V-PAI-3P	3	P	confirmed	finite_verb_morphology	same	person_number_match	3	P	εἰσὶν	candidate	not_detected
393	1corintios	8	7	1corintios-8-7-P01	1corintios-8-5-P02	ἐσθίουσιν	ἐσθίω	V-PAI-3P	3	P	confirmed	finite_verb_morphology	same	person_number_match	3	P	εἰσὶν	unresolved	candidate
394	1corintios	8	7	1corintios-8-7-P02	1corintios-8-7-P01	μολύνεται	μολύνω	V-PPI-3S			candidate	nearest_agreeing_nominative_no_visible_boundary	unresolved	missing_subject_person_or_number	3	P	ἐσθίουσιν	candidate	not_detected
395	1corintios	8	8	1corintios-8-8-P01	1corintios-8-7-P02	παραστήσει	παρίστημι	V-FAI-3S	3	S	confirmed	finite_verb_morphology	unresolved	missing_subject_person_or_number			μολύνεται	candidate	not_detected
396	1corintios	8	8	1corintios-8-8-P02	1corintios-8-8-P01	φάγωμεν	ἐσθίω	V-AAS-1P	1	P	confirmed	finite_verb_morphology	shift	person_number_change	3	S	παραστήσει	unresolved	candidate
397	1corintios	8	8	1corintios-8-8-P03	1corintios-8-8-P02	περισσεύομεν	περισσεύω	V-PAI-1P	1	P	confirmed	finite_verb_morphology	same	person_number_match	1	P	φάγωμεν	candidate	not_detected
398	1corintios	8	8	1corintios-8-8-P04	1corintios-8-8-P03	φάγωμεν	ἐσθίω	V-AAS-1P	1	P	confirmed	finite_verb_morphology	same	person_number_match	1	P	περισσεύομεν	unresolved	candidate
399	1corintios	8	8	1corintios-8-8-P05	1corintios-8-8-P04	ὑστερούμεθα	ὑστερέω	V-PPI-1P	1	P	confirmed	finite_verb_morphology	same	person_number_match	1	P	φάγωμεν	candidate	not_detected
400	1corintios	8	9	1corintios-8-9-P01	1corintios-8-8-P05	βλέπετε	βλέπω	V-PAD-2P	2	P	confirmed	finite_verb_morphology	shift	person_number_change	1	P	ὑστερούμεθα	candidate	not_detected
401	1corintios	8	9	1corintios-8-9-P02	1corintios-8-9-P01	γένηται	γίνομαι	V-AMS-3S			candidate	nearest_agreeing_nominative_no_visible_boundary	unresolved	missing_subject_person_or_number	2	P	βλέπετε	candidate	not_detected
402	1corintios	8	10	1corintios-8-10-P01	1corintios-8-9-P02	ἴδῃ	ὁράω	V-AAS-3S			candidate	nearest_agreeing_nominative_no_visible_boundary	unresolved	missing_subject_person_or_number			γένηται	unresolved	candidate
403	1corintios	8	10	1corintios-8-10-P02	1corintios-8-10-P01	οἰκοδομηθήσεται	οἰκοδομέω	V-FPI-3S			candidate	nearest_agreeing_nominative_no_visible_boundary	unresolved	missing_subject_person_or_number			ἴδῃ	candidate	not_detected
404	1corintios	8	11	1corintios-8-11-P01	1corintios-8-10-P02	ἀπόλλυται	ἀπόλλυμι	V-PPI-3S	3	S	confirmed	finite_verb_morphology	unresolved	missing_subject_person_or_number			οἰκοδομηθήσεται	candidate	not_detected
405	1corintios	8	11	1corintios-8-11-P02	1corintios-8-11-P01	ἀπέθανεν	ἀποθνῄσκω	V-AAI-3S			candidate	nearest_agreeing_nominative_no_visible_boundary	unresolved	missing_subject_person_or_number	3	S	ἀπόλλυται	candidate	not_detected
406	1corintios	8	12	1corintios-8-12-P01	1corintios-8-11-P02	ἁμαρτάνετε	ἁμαρτάνω	V-PAI-2P	2	P	confirmed	finite_verb_morphology	unresolved	missing_subject_person_or_number			ἀπέθανεν	candidate	not_detected
407	1corintios	8	13	1corintios-8-13-P01	1corintios-8-12-P01	σκανδαλίζει	σκανδαλίζω	V-PAI-3S			candidate	nearest_agreeing_nominative_no_visible_boundary	unresolved	missing_subject_person_or_number	2	P	ἁμαρτάνετε	unresolved	candidate
408	1corintios	8	13	1corintios-8-13-P02	1corintios-8-13-P01	φάγω	ἐσθίω	V-AAS-1S	1	S	confirmed	finite_verb_morphology	unresolved	missing_subject_person_or_number			σκανδαλίζει	candidate	not_detected
409	1corintios	8	13	1corintios-8-13-P03	1corintios-8-13-P02	σκανδαλίσω	σκανδαλίζω	V-AAS-1S	1	S	confirmed	finite_verb_morphology	same	person_number_match	1	S	φάγω	unresolved	candidate
410	1corintios	9	1	1corintios-9-1-P01	1corintios-8-13-P03	εἰμὶ	εἰμί	V-PAI-1S	1	S	confirmed	finite_verb_morphology	same	person_number_match	1	S	σκανδαλίσω	candidate	not_detected
411	1corintios	9	1	1corintios-9-1-P02	1corintios-9-1-P01	εἰμὶ	εἰμί	V-PAI-1S	1	S	confirmed	finite_verb_morphology	same	person_number_match	1	S	εἰμὶ	candidate	not_detected
412	1corintios	9	1	1corintios-9-1-P03	1corintios-9-1-P02	ἑόρακα	ὁράω	V-XAI-1S	1	S	confirmed	finite_verb_morphology	same	person_number_match	1	S	εἰμὶ	candidate	not_detected
413	1corintios	9	1	1corintios-9-1-P04	1corintios-9-1-P03	ἐστε	εἰμί	V-PAI-2P	2	P	confirmed	finite_verb_morphology	shift	person_number_change	1	S	ἑόρακα	candidate	not_detected
414	1corintios	9	2	1corintios-9-2-P01	1corintios-9-1-P04	εἰμὶ	εἰμί	V-PAI-1S	1	S	confirmed	finite_verb_morphology	shift	person_number_change	2	P	ἐστε	unresolved	candidate
415	1corintios	9	2	1corintios-9-2-P02	1corintios-9-2-P01	εἰμι	εἰμί	V-PAI-1S	1	S	confirmed	finite_verb_morphology	same	person_number_match	1	S	εἰμὶ	candidate	not_detected
416	1corintios	9	2	1corintios-9-2-P03	1corintios-9-2-P02	ἐστε	εἰμί	V-PAI-2P	2	P	confirmed	finite_verb_morphology	shift	person_number_change	1	S	εἰμι	candidate	not_detected
417	1corintios	9	3	1corintios-9-3-P01	1corintios-9-2-P03	ἐστιν	εἰμί	V-PAI-3S			candidate	nearest_agreeing_nominative_no_visible_boundary	unresolved	missing_subject_person_or_number	2	P	ἐστε	candidate	not_detected
418	1corintios	9	4	1corintios-9-4-P01	1corintios-9-3-P01	ἔχομεν	ἔχω	V-PAI-1P	1	P	confirmed	finite_verb_morphology	unresolved	missing_subject_person_or_number			ἐστιν	candidate	not_detected
419	1corintios	9	5	1corintios-9-5-P01	1corintios-9-4-P01	ἔχομεν	ἔχω	V-PAI-1P	1	P	confirmed	finite_verb_morphology	same	person_number_match	1	P	ἔχομεν	candidate	not_detected
420	1corintios	9	6	1corintios-9-6-P01	1corintios-9-5-P01	ἔχομεν	ἔχω	V-PAI-1P	1	P	confirmed	finite_verb_morphology	same	person_number_match	1	P	ἔχομεν	candidate	not_detected
421	1corintios	9	7	1corintios-9-7-P01	1corintios-9-6-P01	στρατεύεται	στρατεύομαι	V-PMI-3S			candidate	nearest_agreeing_nominative_no_visible_boundary	unresolved	missing_subject_person_or_number	1	P	ἔχομεν	candidate	not_detected
422	1corintios	9	7	1corintios-9-7-P02	1corintios-9-7-P01	φυτεύει	φυτεύω	V-PAI-3S			candidate	nearest_agreeing_nominative_no_visible_boundary	unresolved	missing_subject_person_or_number			στρατεύεται	candidate	not_detected
423	1corintios	9	7	1corintios-9-7-P03	1corintios-9-7-P02	ἐσθίει	ἐσθίω	V-PAI-3S	3	S	confirmed	finite_verb_morphology	unresolved	missing_subject_person_or_number			φυτεύει	candidate	not_detected
424	1corintios	9	7	1corintios-9-7-P04	1corintios-9-7-P03	ποιμαίνει	ποιμαίνω	V-PAI-3S			candidate	nearest_agreeing_nominative_no_visible_boundary	unresolved	missing_subject_person_or_number	3	S	ἐσθίει	candidate	not_detected
425	1corintios	9	7	1corintios-9-7-P05	1corintios-9-7-P04	ἐσθίει	ἐσθίω	V-PAI-3S	3	S	confirmed	finite_verb_morphology	unresolved	missing_subject_person_or_number			ποιμαίνει	candidate	not_detected
426	1corintios	9	8	1corintios-9-8-P01	1corintios-9-7-P05	λαλῶ	λαλέω	V-PAI-1S	1	S	confirmed	finite_verb_morphology	shift	person_number_change	3	S	ἐσθίει	candidate	not_detected
427	1corintios	9	8	1corintios-9-8-P02	1corintios-9-8-P01	λέγει	λέγω	V-PAI-3S			candidate	nearest_agreeing_nominative_no_visible_boundary	unresolved	missing_subject_person_or_number	1	S	λαλῶ	candidate	not_detected
428	1corintios	9	9	1corintios-9-9-P01	1corintios-9-8-P02	γέγραπται	γράφω	V-XPI-3S	3	S	confirmed	finite_verb_morphology	unresolved	missing_subject_person_or_number			λέγει	candidate	not_detected
429	1corintios	9	9	1corintios-9-9-P02	1corintios-9-9-P01	κημώσεις	κημόω	V-FAI-2S	2	S	confirmed	finite_verb_morphology	shift	person_number_change	3	S	γέγραπται	candidate	not_detected
430	1corintios	9	9	1corintios-9-9-P03	1corintios-9-9-P02	μέλει	μέλει	V-PAI-3S	3	S	confirmed	finite_verb_morphology	shift	person_number_change	2	S	κημώσεις	candidate	not_detected
431	1corintios	9	10	1corintios-9-10-P01	1corintios-9-9-P03	λέγει	λέγω	V-PAI-3S	3	S	confirmed	finite_verb_morphology	same	person_number_match	3	S	μέλει	candidate	not_detected
432	1corintios	9	10	1corintios-9-10-P02	1corintios-9-10-P01	ἐγράφη	γράφω	V-API-3S	3	S	confirmed	finite_verb_morphology	same	person_number_match	3	S	λέγει	candidate	not_detected
433	1corintios	9	10	1corintios-9-10-P03	1corintios-9-10-P02	ὀφείλει	ὀφείλω	V-PAI-3S	3	S	confirmed	finite_verb_morphology	same	person_number_match	3	S	ἐγράφη	unresolved	candidate
434	1corintios	9	11	1corintios-9-11-P01	1corintios-9-10-P03	ἐσπείραμεν	σπείρω	V-AAI-1P	1	P	confirmed	finite_verb_morphology	shift	person_number_change	3	S	ὀφείλει	unresolved	candidate
435	1corintios	9	11	1corintios-9-11-P02	1corintios-9-11-P01	θερίσομεν	θερίζω	V-FAI-1P	1	P	confirmed	finite_verb_morphology	same	person_number_match	1	P	ἐσπείραμεν	unresolved	candidate
436	1corintios	9	12	1corintios-9-12-P01	1corintios-9-11-P02	μετέχουσιν	μετέχω	V-PAI-3P			candidate	nearest_agreeing_nominative_no_visible_boundary	unresolved	missing_subject_person_or_number	1	P	θερίσομεν	unresolved	candidate
437	1corintios	9	12	1corintios-9-12-P02	1corintios-9-12-P01	ἐχρησάμεθα	χράομαι	V-AMI-1P	1	P	confirmed	finite_verb_morphology	unresolved	missing_subject_person_or_number			μετέχουσιν	candidate	not_detected
438	1corintios	9	12	1corintios-9-12-P03	1corintios-9-12-P02	στέγομεν	στέγω	V-PAI-1P	1	P	confirmed	finite_verb_morphology	same	person_number_match	1	P	ἐχρησάμεθα	candidate	not_detected
439	1corintios	9	12	1corintios-9-12-P04	1corintios-9-12-P03	δῶμεν	δίδωμι	V-AAS-1P	1	P	confirmed	finite_verb_morphology	same	person_number_match	1	P	στέγομεν	unresolved	candidate
440	1corintios	9	13	1corintios-9-13-P01	1corintios-9-12-P04	οἴδατε	οἶδα	V-XAI-2P	2	P	confirmed	finite_verb_morphology	shift	person_number_change	1	P	δῶμεν	candidate	not_detected
441	1corintios	9	13	1corintios-9-13-P02	1corintios-9-13-P01	ἐσθίουσιν	ἐσθίω	V-PAI-3P	3	P	confirmed	finite_verb_morphology	shift	person_number_change	2	P	οἴδατε	unresolved	candidate
442	1corintios	9	13	1corintios-9-13-P03	1corintios-9-13-P02	συμμερίζονται	συμμερίζομαι	V-PMI-3P			candidate	nearest_agreeing_nominative_no_visible_boundary	unresolved	missing_subject_person_or_number	3	P	ἐσθίουσιν	candidate	not_detected
443	1corintios	9	14	1corintios-9-14-P01	1corintios-9-13-P03	διέταξεν	διατάσσω	V-AAI-3S			candidate	nearest_agreeing_nominative_no_visible_boundary	unresolved	missing_subject_person_or_number			συμμερίζονται	candidate	not_detected
444	1corintios	9	15	1corintios-9-15-P01	1corintios-9-14-P01	κέχρημαι	χράομαι	V-XMI-1S	1	S	confirmed	finite_verb_morphology	unresolved	missing_subject_person_or_number			διέταξεν	candidate	not_detected
445	1corintios	9	15	1corintios-9-15-P02	1corintios-9-15-P01	ἔγραψα	γράφω	V-AAI-1S	1	S	confirmed	finite_verb_morphology	same	person_number_match	1	S	κέχρημαι	candidate	not_detected
446	1corintios	9	15	1corintios-9-15-P03	1corintios-9-15-P02	γένηται	γίνομαι	V-AMS-3S	3	S	confirmed	finite_verb_morphology	shift	person_number_change	1	S	ἔγραψα	unresolved	candidate
447	1corintios	9	15	1corintios-9-15-P04	1corintios-9-15-P03	κενώσει	κενόω	V-FAI-3S			candidate	nearest_agreeing_nominative_no_visible_boundary	unresolved	missing_subject_person_or_number	3	S	γένηται	candidate	not_detected
448	1corintios	9	16	1corintios-9-16-P01	1corintios-9-15-P04	εὐαγγελίζωμαι	εὐαγγελίζω	V-PMS-1S	1	S	confirmed	finite_verb_morphology	unresolved	missing_subject_person_or_number			κενώσει	unresolved	candidate
449	1corintios	9	16	1corintios-9-16-P02	1corintios-9-16-P01	ἔστιν	εἰμί	V-PAI-3S	3	S	confirmed	finite_verb_morphology	shift	person_number_change	1	S	εὐαγγελίζωμαι	candidate	not_detected
450	1corintios	9	16	1corintios-9-16-P03	1corintios-9-16-P02	ἐπίκειται	ἐπίκειμαι	V-PMI-3S	3	S	confirmed	finite_verb_morphology	same	person_number_match	3	S	ἔστιν	candidate	not_detected
451	1corintios	9	16	1corintios-9-16-P04	1corintios-9-16-P03	ἐστιν	εἰμί	V-PAI-3S	3	S	confirmed	finite_verb_morphology	same	person_number_match	3	S	ἐπίκειται	candidate	not_detected
452	1corintios	9	16	1corintios-9-16-P05	1corintios-9-16-P04	εὐαγγελίσωμαι	εὐαγγελίζω	V-AMS-1S	1	S	confirmed	finite_verb_morphology	shift	person_number_change	3	S	ἐστιν	unresolved	candidate
453	1corintios	9	17	1corintios-9-17-P01	1corintios-9-16-P05	πράσσω	πράσσω	V-PAI-1S	1	S	confirmed	finite_verb_morphology	same	person_number_match	1	S	εὐαγγελίσωμαι	unresolved	candidate
454	1corintios	9	17	1corintios-9-17-P02	1corintios-9-17-P01	ἔχω	ἔχω	V-PAI-1S	1	S	confirmed	finite_verb_morphology	same	person_number_match	1	S	πράσσω	candidate	not_detected
455	1corintios	9	17	1corintios-9-17-P03	1corintios-9-17-P02	πεπίστευμαι	πιστεύω	V-XPI-1S	1	S	confirmed	finite_verb_morphology	same	person_number_match	1	S	ἔχω	unresolved	candidate
456	1corintios	9	18	1corintios-9-18-P01	1corintios-9-17-P03	ἐστιν	εἰμί	V-PAI-3S	3	S	confirmed	finite_verb_morphology	shift	person_number_change	1	S	πεπίστευμαι	candidate	not_detected
457	1corintios	9	18	1corintios-9-18-P02	1corintios-9-18-P01	θήσω	τίθημι	V-AAS-1S	1	S	confirmed	finite_verb_morphology	shift	person_number_change	3	S	ἐστιν	unresolved	candidate
458	1corintios	9	19	1corintios-9-19-P01	1corintios-9-18-P02	ἐδούλωσα	δουλόω	V-AAI-1S	1	S	confirmed	finite_verb_morphology	same	person_number_match	1	S	θήσω	candidate	not_detected
459	1corintios	9	19	1corintios-9-19-P02	1corintios-9-19-P01	κερδήσω	κερδαίνω	V-AAS-1S	1	S	confirmed	finite_verb_morphology	same	person_number_match	1	S	ἐδούλωσα	unresolved	candidate
460	1corintios	9	20	1corintios-9-20-P01	1corintios-9-19-P02	ἐγενόμην	γίνομαι	V-AMI-1S	1	S	confirmed	finite_verb_morphology	same	person_number_match	1	S	κερδήσω	candidate	not_detected
461	1corintios	9	20	1corintios-9-20-P02	1corintios-9-20-P01	κερδήσω	κερδαίνω	V-AAS-1S	1	S	confirmed	finite_verb_morphology	same	person_number_match	1	S	ἐγενόμην	unresolved	candidate
462	1corintios	9	20	1corintios-9-20-P03	1corintios-9-20-P02	κερδήσω	κερδαίνω	V-AAS-1S	1	S	confirmed	finite_verb_morphology	same	person_number_match	1	S	κερδήσω	unresolved	candidate
463	1corintios	9	21	1corintios-9-21-P01	1corintios-9-20-P03	κερδάνω	κερδαίνω	V-AAS-1S	1	S	confirmed	finite_verb_morphology	same	person_number_match	1	S	κερδήσω	unresolved	candidate
464	1corintios	9	22	1corintios-9-22-P01	1corintios-9-21-P01	ἐγενόμην	γίνομαι	V-AMI-1S	1	S	confirmed	finite_verb_morphology	same	person_number_match	1	S	κερδάνω	candidate	not_detected
465	1corintios	9	22	1corintios-9-22-P02	1corintios-9-22-P01	κερδήσω	κερδαίνω	V-AAS-1S	1	S	confirmed	finite_verb_morphology	same	person_number_match	1	S	ἐγενόμην	unresolved	candidate
466	1corintios	9	22	1corintios-9-22-P03	1corintios-9-22-P02	γέγονα	γίνομαι	V-XAI-1S	1	S	confirmed	finite_verb_morphology	same	person_number_match	1	S	κερδήσω	candidate	not_detected
467	1corintios	9	22	1corintios-9-22-P04	1corintios-9-22-P03	σώσω	σῴζω	V-AAS-1S	1	S	confirmed	finite_verb_morphology	same	person_number_match	1	S	γέγονα	unresolved	candidate
468	1corintios	9	23	1corintios-9-23-P01	1corintios-9-22-P04	ποιῶ	ποιέω	V-PAI-1S	1	S	confirmed	finite_verb_morphology	same	person_number_match	1	S	σώσω	candidate	not_detected
469	1corintios	9	23	1corintios-9-23-P02	1corintios-9-23-P01	γένωμαι	γίνομαι	V-AMS-1S	1	S	confirmed	finite_verb_morphology	same	person_number_match	1	S	ποιῶ	unresolved	candidate
470	1corintios	9	24	1corintios-9-24-P01	1corintios-9-23-P02	οἴδατε	οἶδα	V-XAI-2P	2	P	confirmed	finite_verb_morphology	shift	person_number_change	1	S	γένωμαι	candidate	not_detected
471	1corintios	9	24	1corintios-9-24-P02	1corintios-9-24-P01	τρέχουσιν	τρέχω	V-PAI-3P	3	P	confirmed	finite_verb_morphology	shift	person_number_change	2	P	οἴδατε	unresolved	candidate
472	1corintios	9	24	1corintios-9-24-P03	1corintios-9-24-P02	λαμβάνει	λαμβάνω	V-PAI-3S	3	S	confirmed	finite_verb_morphology	shift	person_number_change	3	P	τρέχουσιν	candidate	not_detected
473	1corintios	9	24	1corintios-9-24-P04	1corintios-9-24-P03	τρέχετε	τρέχω	V-PAD-2P	2	P	confirmed	finite_verb_morphology	shift	person_number_change	3	S	λαμβάνει	candidate	not_detected
474	1corintios	9	24	1corintios-9-24-P05	1corintios-9-24-P04	καταλάβητε	καταλαμβάνω	V-AAS-2P	2	P	confirmed	finite_verb_morphology	same	person_number_match	2	P	τρέχετε	unresolved	candidate
475	1corintios	9	25	1corintios-9-25-P01	1corintios-9-24-P05	ἐγκρατεύεται	ἐγκρατεύομαι	V-PMI-3S			candidate	nearest_agreeing_nominative_no_visible_boundary	unresolved	missing_subject_person_or_number	2	P	καταλάβητε	candidate	not_detected
476	1corintios	9	25	1corintios-9-25-P02	1corintios-9-25-P01	λάβωσιν	λαμβάνω	V-AAS-3P	3	P	confirmed	finite_verb_morphology	unresolved	missing_subject_person_or_number			ἐγκρατεύεται	unresolved	candidate
477	1corintios	9	26	1corintios-9-26-P01	1corintios-9-25-P02	τρέχω	τρέχω	V-PAI-1S	1	S	confirmed	finite_verb_morphology	shift	person_number_change	3	P	λάβωσιν	candidate	not_detected
478	1corintios	9	26	1corintios-9-26-P02	1corintios-9-26-P01	πυκτεύω	πυκτεύω	V-PAI-1S	1	S	confirmed	finite_verb_morphology	same	person_number_match	1	S	τρέχω	unresolved	candidate
479	1corintios	9	27	1corintios-9-27-P01	1corintios-9-26-P02	ὑπωπιάζω	ὑπωπιάζω	V-PAI-1S	1	S	confirmed	finite_verb_morphology	same	person_number_match	1	S	πυκτεύω	candidate	not_detected
480	1corintios	9	27	1corintios-9-27-P02	1corintios-9-27-P01	δουλαγωγῶ	δουλαγωγέω	V-PAI-1S	1	S	confirmed	finite_verb_morphology	same	person_number_match	1	S	ὑπωπιάζω	candidate	not_detected
481	1corintios	9	27	1corintios-9-27-P03	1corintios-9-27-P02	γένωμαι	γίνομαι	V-AMS-1S	1	S	confirmed	finite_verb_morphology	same	person_number_match	1	S	δουλαγωγῶ	candidate	not_detected
482	1corintios	10	1	1corintios-10-1-P01	1corintios-9-27-P03	θέλω	θέλω	V-PAI-1S	1	S	confirmed	finite_verb_morphology	same	person_number_match	1	S	γένωμαι	candidate	not_detected
483	1corintios	10	1	1corintios-10-1-P02	1corintios-10-1-P01	ἦσαν	εἰμί	V-IAI-3P			candidate	nearest_agreeing_nominative_no_visible_boundary	unresolved	missing_subject_person_or_number	1	S	θέλω	unresolved	candidate
484	1corintios	10	1	1corintios-10-1-P03	1corintios-10-1-P02	διῆλθον	διέρχομαι	V-AAI-3P			candidate	nearest_agreeing_nominative_no_visible_boundary	unresolved	missing_subject_person_or_number			ἦσαν	candidate	not_detected
485	1corintios	10	2	1corintios-10-2-P01	1corintios-10-1-P03	ἐβαπτίσαντο	βαπτίζω	V-AMI-3P			candidate	nearest_agreeing_nominative_no_visible_boundary	unresolved	missing_subject_person_or_number			διῆλθον	candidate	not_detected
486	1corintios	10	3	1corintios-10-3-P01	1corintios-10-2-P01	ἔφαγον	ἐσθίω	V-AAI-3P			candidate	nearest_agreeing_nominative_no_visible_boundary	unresolved	missing_subject_person_or_number			ἐβαπτίσαντο	candidate	not_detected
487	1corintios	10	4	1corintios-10-4-P01	1corintios-10-3-P01	ἔπιον	πίνω	V-AAI-3P			candidate	nearest_agreeing_nominative_no_visible_boundary	unresolved	missing_subject_person_or_number			ἔφαγον	candidate	not_detected
488	1corintios	10	4	1corintios-10-4-P02	1corintios-10-4-P01	ἔπινον	πίνω	V-IAI-3P	3	P	confirmed	finite_verb_morphology	unresolved	missing_subject_person_or_number			ἔπιον	candidate	not_detected
489	1corintios	10	4	1corintios-10-4-P03	1corintios-10-4-P02	ἦν	εἰμί	V-IAI-3S	3	S	confirmed	finite_verb_morphology	shift	person_number_change	3	P	ἔπινον	candidate	not_detected
490	1corintios	10	5	1corintios-10-5-P01	1corintios-10-4-P03	ηὐδόκησεν	εὐδοκέω	V-AAI-3S	3	S	confirmed	finite_verb_morphology	same	person_number_match	3	S	ἦν	candidate	not_detected
491	1corintios	10	5	1corintios-10-5-P02	1corintios-10-5-P01	κατεστρώθησαν	καταστρώννυμι	V-API-3P	3	P	confirmed	finite_verb_morphology	shift	person_number_change	3	S	ηὐδόκησεν	candidate	not_detected
492	1corintios	10	6	1corintios-10-6-P01	1corintios-10-5-P02	ἐγενήθησαν	γίνομαι	V-API-3P			candidate	nearest_agreeing_nominative_no_visible_boundary	unresolved	missing_subject_person_or_number	3	P	κατεστρώθησαν	candidate	not_detected
493	1corintios	10	6	1corintios-10-6-P02	1corintios-10-6-P01	ἐπεθύμησαν	ἐπιθυμέω	V-AAI-3P			candidate	nearest_agreeing_nominative_no_visible_boundary	unresolved	missing_subject_person_or_number			ἐγενήθησαν	unresolved	candidate
494	1corintios	10	7	1corintios-10-7-P01	1corintios-10-6-P02	γίνεσθε	γίνομαι	V-PMD-2P	2	P	confirmed	finite_verb_morphology	unresolved	missing_subject_person_or_number			ἐπεθύμησαν	candidate	not_detected
495	1corintios	10	7	1corintios-10-7-P02	1corintios-10-7-P01	γέγραπται	γράφω	V-XPI-3S	3	S	confirmed	finite_verb_morphology	shift	person_number_change	2	P	γίνεσθε	unresolved	candidate
496	1corintios	10	7	1corintios-10-7-P03	1corintios-10-7-P02	ἐκάθισεν	καθίζω	V-AAI-3S	3	S	confirmed	finite_verb_morphology	same	person_number_match	3	S	γέγραπται	candidate	not_detected
497	1corintios	10	7	1corintios-10-7-P04	1corintios-10-7-P03	ἀνέστησαν	ἀνίστημι	V-AAI-3P	3	P	confirmed	finite_verb_morphology	shift	person_number_change	3	S	ἐκάθισεν	candidate	not_detected
498	1corintios	10	8	1corintios-10-8-P01	1corintios-10-7-P04	πορνεύωμεν	πορνεύω	V-PAS-1P	1	P	confirmed	finite_verb_morphology	shift	person_number_change	3	P	ἀνέστησαν	candidate	not_detected
499	1corintios	10	8	1corintios-10-8-P02	1corintios-10-8-P01	ἐπόρνευσαν	πορνεύω	V-AAI-3P			candidate	nearest_agreeing_nominative_no_visible_boundary	unresolved	missing_subject_person_or_number	1	P	πορνεύωμεν	unresolved	candidate
500	1corintios	10	8	1corintios-10-8-P03	1corintios-10-8-P02	ἔπεσαν	πίπτω	V-AAI-3P	3	P	confirmed	finite_verb_morphology	unresolved	missing_subject_person_or_number			ἐπόρνευσαν	candidate	not_detected
501	1corintios	10	9	1corintios-10-9-P01	1corintios-10-8-P03	ἐκπειράζωμεν	ἐκπειράζω	V-PAS-1P	1	P	confirmed	finite_verb_morphology	shift	person_number_change	3	P	ἔπεσαν	candidate	not_detected
502	1corintios	10	9	1corintios-10-9-P02	1corintios-10-9-P01	ἐπείρασαν	πειράζω	V-AAI-3P			candidate	nearest_agreeing_nominative_no_visible_boundary	unresolved	missing_subject_person_or_number	1	P	ἐκπειράζωμεν	unresolved	candidate
503	1corintios	10	9	1corintios-10-9-P03	1corintios-10-9-P02	ἀπώλλυντο	ἀπόλλυμι	V-IPI-3P	3	P	confirmed	finite_verb_morphology	unresolved	missing_subject_person_or_number			ἐπείρασαν	candidate	not_detected
504	1corintios	10	10	1corintios-10-10-P01	1corintios-10-9-P03	γογγύζετε	γογγύζω	V-PAD-2P	2	P	confirmed	finite_verb_morphology	shift	person_number_change	3	P	ἀπώλλυντο	candidate	not_detected
505	1corintios	10	10	1corintios-10-10-P02	1corintios-10-10-P01	ἐγόγγυσαν	γογγύζω	V-AAI-3P			candidate	nearest_agreeing_nominative_no_visible_boundary	unresolved	missing_subject_person_or_number	2	P	γογγύζετε	candidate	not_detected
506	1corintios	10	10	1corintios-10-10-P03	1corintios-10-10-P02	ἀπώλοντο	ἀπόλλυμι	V-AMI-3P	3	P	confirmed	finite_verb_morphology	unresolved	missing_subject_person_or_number			ἐγόγγυσαν	candidate	not_detected
507	1corintios	10	11	1corintios-10-11-P01	1corintios-10-10-P03	συνέβαινεν	συμβαίνω	V-IAI-3S	3	S	confirmed	finite_verb_morphology	shift	person_number_change	3	P	ἀπώλοντο	candidate	not_detected
508	1corintios	10	11	1corintios-10-11-P02	1corintios-10-11-P01	ἐγράφη	γράφω	V-API-3S	3	S	confirmed	finite_verb_morphology	same	person_number_match	3	S	συνέβαινεν	candidate	not_detected
509	1corintios	10	11	1corintios-10-11-P03	1corintios-10-11-P02	κατήντηκεν	καταντάω	V-XAI-3S			candidate	nearest_agreeing_nominative_no_visible_boundary	unresolved	missing_subject_person_or_number	3	S	ἐγράφη	candidate	not_detected
510	1corintios	10	12	1corintios-10-12-P01	1corintios-10-11-P03	βλεπέτω	βλέπω	V-PAD-3S			candidate	nearest_agreeing_nominative_no_visible_boundary	unresolved	missing_subject_person_or_number			κατήντηκεν	unresolved	candidate
511	1corintios	10	12	1corintios-10-12-P02	1corintios-10-12-P01	πέσῃ	πίπτω	V-AAS-3S	3	S	confirmed	finite_verb_morphology	unresolved	missing_subject_person_or_number			βλεπέτω	candidate	not_detected
512	1corintios	10	13	1corintios-10-13-P01	1corintios-10-12-P02	εἴληφεν	λαμβάνω	V-XAI-3S			candidate	nearest_agreeing_nominative_no_visible_boundary	unresolved	missing_subject_person_or_number	3	S	πέσῃ	candidate	not_detected
513	1corintios	10	13	1corintios-10-13-P02	1corintios-10-13-P01	ἐάσει	ἐάω	V-FAI-3S			candidate	nearest_agreeing_nominative_no_visible_boundary	unresolved	missing_subject_person_or_number			εἴληφεν	unresolved	candidate
514	1corintios	10	13	1corintios-10-13-P03	1corintios-10-13-P02	δύνασθε	δύναμαι	V-PMI-2P	2	P	confirmed	finite_verb_morphology	unresolved	missing_subject_person_or_number			ἐάσει	candidate	not_detected
515	1corintios	10	13	1corintios-10-13-P04	1corintios-10-13-P03	ποιήσει	ποιέω	V-FAI-3S	3	S	confirmed	finite_verb_morphology	shift	person_number_change	2	P	δύνασθε	candidate	not_detected
516	1corintios	10	14	1corintios-10-14-P01	1corintios-10-13-P04	φεύγετε	φεύγω	V-PAD-2P	2	P	confirmed	finite_verb_morphology	shift	person_number_change	3	S	ποιήσει	candidate	not_detected
517	1corintios	10	15	1corintios-10-15-P01	1corintios-10-14-P01	λέγω	λέγω	V-PAI-1S	1	S	confirmed	finite_verb_morphology	shift	person_number_change	2	P	φεύγετε	unresolved	candidate
518	1corintios	10	15	1corintios-10-15-P02	1corintios-10-15-P01	κρίνατε	κρίνω	V-AAD-2P	2	P	confirmed	finite_verb_morphology	shift	person_number_change	1	S	λέγω	candidate	not_detected
519	1corintios	10	15	1corintios-10-15-P03	1corintios-10-15-P02	φημι	φημί	V-PAI-1S	1	S	confirmed	finite_verb_morphology	shift	person_number_change	2	P	κρίνατε	candidate	not_detected
520	1corintios	10	16	1corintios-10-16-P01	1corintios-10-15-P03	εὐλογοῦμεν	εὐλογέω	V-PAI-1P	1	P	confirmed	finite_verb_morphology	shift	person_number_change	1	S	φημι	candidate	not_detected
521	1corintios	10	16	1corintios-10-16-P02	1corintios-10-16-P01	ἐστὶν	εἰμί	V-PAI-3S			candidate	nearest_agreeing_nominative_no_visible_boundary	unresolved	missing_subject_person_or_number	1	P	εὐλογοῦμεν	candidate	not_detected
522	1corintios	10	16	1corintios-10-16-P03	1corintios-10-16-P02	κλῶμεν	κλάω	V-PAI-1P	1	P	confirmed	finite_verb_morphology	unresolved	missing_subject_person_or_number			ἐστὶν	candidate	not_detected
523	1corintios	10	16	1corintios-10-16-P04	1corintios-10-16-P03	ἐστιν	εἰμί	V-PAI-3S			candidate	nearest_agreeing_nominative_no_visible_boundary	unresolved	missing_subject_person_or_number	1	P	κλῶμεν	candidate	not_detected
524	1corintios	10	17	1corintios-10-17-P01	1corintios-10-16-P04	ἐσμεν	εἰμί	V-PAI-1P	1	P	confirmed	finite_verb_morphology	unresolved	missing_subject_person_or_number			ἐστιν	unresolved	candidate
525	1corintios	10	17	1corintios-10-17-P02	1corintios-10-17-P01	μετέχομεν	μετέχω	V-PAI-1P	1	P	confirmed	finite_verb_morphology	same	person_number_match	1	P	ἐσμεν	candidate	not_detected
526	1corintios	10	18	1corintios-10-18-P01	1corintios-10-17-P02	βλέπετε	βλέπω	V-PAD-2P	2	P	confirmed	finite_verb_morphology	shift	person_number_change	1	P	μετέχομεν	candidate	not_detected
527	1corintios	10	18	1corintios-10-18-P02	1corintios-10-18-P01	εἰσίν	εἰμί	V-PAI-3P			candidate	nearest_agreeing_nominative_no_visible_boundary	unresolved	missing_subject_person_or_number	2	P	βλέπετε	candidate	not_detected
528	1corintios	10	19	1corintios-10-19-P01	1corintios-10-18-P02	φημι	φημί	V-PAI-1S	1	S	confirmed	finite_verb_morphology	unresolved	missing_subject_person_or_number			εἰσίν	candidate	not_detected
529	1corintios	10	19	1corintios-10-19-P02	1corintios-10-19-P01	ἐστιν	εἰμί	V-PAI-3S			candidate	nearest_agreeing_nominative_no_visible_boundary	unresolved	missing_subject_person_or_number	1	S	φημι	unresolved	candidate
530	1corintios	10	19	1corintios-10-19-P03	1corintios-10-19-P02	ἐστιν	εἰμί	V-PAI-3S			candidate	nearest_agreeing_nominative_no_visible_boundary	unresolved	missing_subject_person_or_number			ἐστιν	unresolved	candidate
531	1corintios	10	20	1corintios-10-20-P01	1corintios-10-19-P03	θύουσιν	θύω	V-PAI-3P	3	P	confirmed	finite_verb_morphology	unresolved	missing_subject_person_or_number			ἐστιν	unresolved	candidate
532	1corintios	10	20	1corintios-10-20-P02	1corintios-10-20-P01	θύουσιν	θύω	V-PAI-3P	3	P	confirmed	finite_verb_morphology	same	person_number_match	3	P	θύουσιν	candidate	not_detected
533	1corintios	10	20	1corintios-10-20-P03	1corintios-10-20-P02	θέλω	θέλω	V-PAI-1S	1	S	confirmed	finite_verb_morphology	shift	person_number_change	3	P	θύουσιν	candidate	not_detected
534	1corintios	10	21	1corintios-10-21-P01	1corintios-10-20-P03	δύνασθε	δύναμαι	V-PMI-2P	2	P	confirmed	finite_verb_morphology	shift	person_number_change	1	S	θέλω	candidate	not_detected
535	1corintios	10	21	1corintios-10-21-P02	1corintios-10-21-P01	δύνασθε	δύναμαι	V-PMI-2P	2	P	confirmed	finite_verb_morphology	same	person_number_match	2	P	δύνασθε	candidate	not_detected
536	1corintios	10	22	1corintios-10-22-P01	1corintios-10-21-P02	παραζηλοῦμεν	παραζηλόω	V-PAI-1P	1	P	confirmed	finite_verb_morphology	shift	person_number_change	2	P	δύνασθε	candidate	not_detected
537	1corintios	10	22	1corintios-10-22-P02	1corintios-10-22-P01	ἐσμεν	εἰμί	V-PAI-1P	1	P	confirmed	finite_verb_morphology	same	person_number_match	1	P	παραζηλοῦμεν	candidate	not_detected
538	1corintios	10	23	1corintios-10-23-P01	1corintios-10-22-P02	ἔξεστιν	ἔξεστι(ν)	V-PAI-3S			candidate	nearest_agreeing_nominative_no_visible_boundary	unresolved	missing_subject_person_or_number	1	P	ἐσμεν	candidate	not_detected
539	1corintios	10	23	1corintios-10-23-P02	1corintios-10-23-P01	συμφέρει	συμφέρω	V-PAI-3S			candidate	nearest_agreeing_nominative_no_visible_boundary	unresolved	missing_subject_person_or_number			ἔξεστιν	candidate	not_detected
540	1corintios	10	23	1corintios-10-23-P03	1corintios-10-23-P02	ἔξεστιν	ἔξεστι(ν)	V-PAI-3S			candidate	nearest_agreeing_nominative_no_visible_boundary	unresolved	missing_subject_person_or_number			συμφέρει	candidate	not_detected
541	1corintios	10	23	1corintios-10-23-P04	1corintios-10-23-P03	οἰκοδομεῖ	οἰκοδομέω	V-PAI-3S			candidate	nearest_agreeing_nominative_no_visible_boundary	unresolved	missing_subject_person_or_number			ἔξεστιν	candidate	not_detected
542	1corintios	10	24	1corintios-10-24-P01	1corintios-10-23-P04	ζητείτω	ζητέω	V-PAD-3S			candidate	nearest_agreeing_nominative_no_visible_boundary	unresolved	missing_subject_person_or_number			οἰκοδομεῖ	candidate	not_detected
543	1corintios	10	25	1corintios-10-25-P01	1corintios-10-24-P01	ἐσθίετε	ἐσθίω	V-PAD-2P	2	P	confirmed	finite_verb_morphology	unresolved	missing_subject_person_or_number			ζητείτω	candidate	not_detected
544	1corintios	10	27	1corintios-10-27-P01	1corintios-10-25-P01	καλεῖ	καλέω	V-PAI-3S			candidate	nearest_agreeing_nominative_no_visible_boundary	unresolved	missing_subject_person_or_number	2	P	ἐσθίετε	unresolved	candidate
545	1corintios	10	27	1corintios-10-27-P02	1corintios-10-27-P01	θέλετε	θέλω	V-PAI-2P	2	P	confirmed	finite_verb_morphology	unresolved	missing_subject_person_or_number			καλεῖ	candidate	not_detected
546	1corintios	10	27	1corintios-10-27-P03	1corintios-10-27-P02	ἐσθίετε	ἐσθίω	V-PAD-2P	2	P	confirmed	finite_verb_morphology	same	person_number_match	2	P	θέλετε	candidate	not_detected
547	1corintios	10	28	1corintios-10-28-P01	1corintios-10-27-P03	εἴπῃ	λέγω	V-AAS-3S			candidate	nearest_agreeing_nominative_no_visible_boundary	unresolved	missing_subject_person_or_number	2	P	ἐσθίετε	unresolved	candidate
548	1corintios	10	28	1corintios-10-28-P02	1corintios-10-28-P01	ἐστιν	εἰμί	V-PAI-3S			candidate	nearest_agreeing_nominative_no_visible_boundary	unresolved	missing_subject_person_or_number			εἴπῃ	candidate	not_detected
549	1corintios	10	28	1corintios-10-28-P03	1corintios-10-28-P02	ἐσθίετε	ἐσθίω	V-PAD-2P	2	P	confirmed	finite_verb_morphology	unresolved	missing_subject_person_or_number			ἐστιν	candidate	not_detected
550	1corintios	10	29	1corintios-10-29-P01	1corintios-10-28-P03	λέγω	λέγω	V-PAI-1S	1	S	confirmed	finite_verb_morphology	shift	person_number_change	2	P	ἐσθίετε	candidate	not_detected
551	1corintios	10	29	1corintios-10-29-P02	1corintios-10-29-P01	κρίνεται	κρίνω	V-PPI-3S			candidate	nearest_agreeing_nominative_no_visible_boundary	unresolved	missing_subject_person_or_number	1	S	λέγω	candidate	not_detected
552	1corintios	10	30	1corintios-10-30-P01	1corintios-10-29-P02	μετέχω	μετέχω	V-PAI-1S	1	S	confirmed	finite_verb_morphology	unresolved	missing_subject_person_or_number			κρίνεται	unresolved	candidate
553	1corintios	10	30	1corintios-10-30-P02	1corintios-10-30-P01	βλασφημοῦμαι	βλασφημέω	V-PPI-1S	1	S	confirmed	finite_verb_morphology	same	person_number_match	1	S	μετέχω	candidate	not_detected
554	1corintios	10	30	1corintios-10-30-P03	1corintios-10-30-P02	εὐχαριστῶ	εὐχαριστέω	V-PAI-1S	1	S	confirmed	finite_verb_morphology	same	person_number_match	1	S	βλασφημοῦμαι	candidate	not_detected
555	1corintios	10	31	1corintios-10-31-P01	1corintios-10-30-P03	ἐσθίετε	ἐσθίω	V-PAI-2P	2	P	confirmed	finite_verb_morphology	shift	person_number_change	1	S	εὐχαριστῶ	candidate	not_detected
556	1corintios	10	31	1corintios-10-31-P02	1corintios-10-31-P01	πίνετε	πίνω	V-PAI-2P	2	P	confirmed	finite_verb_morphology	same	person_number_match	2	P	ἐσθίετε	candidate	not_detected
557	1corintios	10	31	1corintios-10-31-P03	1corintios-10-31-P02	ποιεῖτε	ποιέω	V-PAI-2P	2	P	confirmed	finite_verb_morphology	same	person_number_match	2	P	πίνετε	candidate	not_detected
558	1corintios	10	31	1corintios-10-31-P04	1corintios-10-31-P03	ποιεῖτε	ποιέω	V-PAD-2P	2	P	confirmed	finite_verb_morphology	same	person_number_match	2	P	ποιεῖτε	candidate	not_detected
559	1corintios	10	32	1corintios-10-32-P01	1corintios-10-31-P04	γίνεσθε	γίνομαι	V-PMD-2P	2	P	confirmed	finite_verb_morphology	same	person_number_match	2	P	ποιεῖτε	candidate	not_detected
560	1corintios	10	33	1corintios-10-33-P01	1corintios-10-32-P01	ἀρέσκω	ἀρέσκω	V-PAI-1S	1	S	confirmed	finite_verb_morphology	shift	person_number_change	2	P	γίνεσθε	unresolved	candidate
561	1corintios	10	33	1corintios-10-33-P02	1corintios-10-33-P01	σωθῶσιν	σῴζω	V-APS-3P	3	P	confirmed	finite_verb_morphology	shift	person_number_change	1	S	ἀρέσκω	unresolved	candidate
562	1corintios	11	1	1corintios-11-1-P01	1corintios-10-33-P02	γίνεσθε	γίνομαι	V-PMD-2P	2	P	confirmed	finite_verb_morphology	shift	person_number_change	3	P	σωθῶσιν	candidate	not_detected
563	1corintios	11	2	1corintios-11-2-P01	1corintios-11-1-P01	ἐπαινῶ	ἐπαινέω	V-PAI-1S	1	S	confirmed	finite_verb_morphology	shift	person_number_change	2	P	γίνεσθε	candidate	not_detected
564	1corintios	11	2	1corintios-11-2-P02	1corintios-11-2-P01	μέμνησθε	μιμνῄσκομαι	V-XMI-2P	2	P	confirmed	finite_verb_morphology	shift	person_number_change	1	S	ἐπαινῶ	unresolved	candidate
565	1corintios	11	2	1corintios-11-2-P03	1corintios-11-2-P02	παρέδωκα	παραδίδωμι	V-AAI-1S	1	S	confirmed	finite_verb_morphology	shift	person_number_change	2	P	μέμνησθε	unresolved	candidate
566	1corintios	11	2	1corintios-11-2-P04	1corintios-11-2-P03	κατέχετε	κατέχω	V-PAI-2P	2	P	confirmed	finite_verb_morphology	shift	person_number_change	1	S	παρέδωκα	candidate	not_detected
567	1corintios	11	3	1corintios-11-3-P01	1corintios-11-2-P04	θέλω	θέλω	V-PAI-1S	1	S	confirmed	finite_verb_morphology	shift	person_number_change	2	P	κατέχετε	candidate	not_detected
568	1corintios	11	3	1corintios-11-3-P02	1corintios-11-3-P01	ἐστιν	εἰμί	V-PAI-3S			candidate	nearest_agreeing_nominative_no_visible_boundary	unresolved	missing_subject_person_or_number	1	S	θέλω	unresolved	candidate
569	1corintios	11	4	1corintios-11-4-P01	1corintios-11-3-P02	καταισχύνει	καταισχύνω	V-PAI-3S	3	S	confirmed	finite_verb_morphology	unresolved	missing_subject_person_or_number			ἐστιν	candidate	not_detected
570	1corintios	11	5	1corintios-11-5-P01	1corintios-11-4-P01	καταισχύνει	καταισχύνω	V-PAI-3S	3	S	confirmed	finite_verb_morphology	same	person_number_match	3	S	καταισχύνει	candidate	not_detected
571	1corintios	11	5	1corintios-11-5-P02	1corintios-11-5-P01	ἐστιν	εἰμί	V-PAI-3S	3	S	confirmed	finite_verb_morphology	same	person_number_match	3	S	καταισχύνει	candidate	not_detected
572	1corintios	11	6	1corintios-11-6-P01	1corintios-11-5-P02	κατακαλύπτεται	κατακαλύπτομαι	V-PMI-3S	3	S	confirmed	finite_verb_morphology	same	person_number_match	3	S	ἐστιν	unresolved	candidate
573	1corintios	11	6	1corintios-11-6-P02	1corintios-11-6-P01	κειράσθω	κείρω	V-AMD-3S	3	S	confirmed	finite_verb_morphology	same	person_number_match	3	S	κατακαλύπτεται	candidate	not_detected
574	1corintios	11	6	1corintios-11-6-P03	1corintios-11-6-P02	κατακαλυπτέσθω	κατακαλύπτομαι	V-PMD-3S	3	S	confirmed	finite_verb_morphology	same	person_number_match	3	S	κειράσθω	unresolved	candidate
575	1corintios	11	7	1corintios-11-7-P01	1corintios-11-6-P03	ὀφείλει	ὀφείλω	V-PAI-3S	3	S	confirmed	finite_verb_morphology	same	person_number_match	3	S	κατακαλυπτέσθω	candidate	not_detected
576	1corintios	11	7	1corintios-11-7-P02	1corintios-11-7-P01	ἐστιν	εἰμί	V-PAI-3S			candidate	nearest_agreeing_nominative_no_visible_boundary	unresolved	missing_subject_person_or_number	3	S	ὀφείλει	candidate	not_detected
577	1corintios	11	8	1corintios-11-8-P01	1corintios-11-7-P02	ἐστιν	εἰμί	V-PAI-3S	3	S	confirmed	finite_verb_morphology	unresolved	missing_subject_person_or_number			ἐστιν	candidate	not_detected
578	1corintios	11	9	1corintios-11-9-P01	1corintios-11-8-P01	ἐκτίσθη	κτίζω	V-API-3S	3	S	confirmed	finite_verb_morphology	same	person_number_match	3	S	ἐστιν	candidate	not_detected
579	1corintios	11	10	1corintios-11-10-P01	1corintios-11-9-P01	ὀφείλει	ὀφείλω	V-PAI-3S	3	S	confirmed	finite_verb_morphology	same	person_number_match	3	S	ἐκτίσθη	candidate	not_detected
580	1corintios	11	13	1corintios-11-13-P01	1corintios-11-10-P01	κρίνατε	κρίνω	V-AAD-2P	2	P	confirmed	finite_verb_morphology	shift	person_number_change	3	S	ὀφείλει	candidate	not_detected
581	1corintios	11	13	1corintios-11-13-P02	1corintios-11-13-P01	ἐστὶν	εἰμί	V-PAI-3S	3	S	confirmed	finite_verb_morphology	shift	person_number_change	2	P	κρίνατε	candidate	not_detected
582	1corintios	11	14	1corintios-11-14-P01	1corintios-11-13-P02	διδάσκει	διδάσκω	V-PAI-3S			candidate	nearest_agreeing_nominative_no_visible_boundary	unresolved	missing_subject_person_or_number	3	S	ἐστὶν	candidate	not_detected
583	1corintios	11	14	1corintios-11-14-P02	1corintios-11-14-P01	κομᾷ	κομάω	V-PAS-3S	3	S	confirmed	finite_verb_morphology	unresolved	missing_subject_person_or_number			διδάσκει	unresolved	candidate
584	1corintios	11	14	1corintios-11-14-P03	1corintios-11-14-P02	ἐστιν	εἰμί	V-PAI-3S			candidate	nearest_agreeing_nominative_no_visible_boundary	unresolved	missing_subject_person_or_number	3	S	κομᾷ	candidate	not_detected
585	1corintios	11	15	1corintios-11-15-P01	1corintios-11-14-P03	κομᾷ	κομάω	V-PAS-3S	3	S	confirmed	finite_verb_morphology	unresolved	missing_subject_person_or_number			ἐστιν	unresolved	candidate
586	1corintios	11	15	1corintios-11-15-P02	1corintios-11-15-P01	ἐστιν	εἰμί	V-PAI-3S			candidate	nearest_agreeing_nominative_no_visible_boundary	unresolved	missing_subject_person_or_number	3	S	κομᾷ	candidate	not_detected
587	1corintios	11	15	1corintios-11-15-P03	1corintios-11-15-P02	δέδοται	δίδωμι	V-XPI-3S			candidate	nearest_agreeing_nominative_no_visible_boundary	unresolved	missing_subject_person_or_number			ἐστιν	unresolved	candidate
588	1corintios	11	16	1corintios-11-16-P01	1corintios-11-15-P03	δοκεῖ	δοκέω	V-PAI-3S			candidate	nearest_agreeing_nominative_no_visible_boundary	unresolved	missing_subject_person_or_number			δέδοται	unresolved	candidate
589	1corintios	11	16	1corintios-11-16-P02	1corintios-11-16-P01	ἔχομεν	ἔχω	V-PAI-1P	1	P	confirmed	finite_verb_morphology	unresolved	missing_subject_person_or_number			δοκεῖ	candidate	not_detected
590	1corintios	11	17	1corintios-11-17-P01	1corintios-11-16-P02	ἐπαινῶ	ἐπαινέω	V-PAI-1S	1	S	confirmed	finite_verb_morphology	shift	person_number_change	1	P	ἔχομεν	candidate	not_detected
591	1corintios	11	17	1corintios-11-17-P02	1corintios-11-17-P01	συνέρχεσθε	συνέρχομαι	V-PMI-2P	2	P	confirmed	finite_verb_morphology	shift	person_number_change	1	S	ἐπαινῶ	unresolved	candidate
592	1corintios	11	18	1corintios-11-18-P01	1corintios-11-17-P02	ἀκούω	ἀκούω	V-PAI-1S	1	S	confirmed	finite_verb_morphology	shift	person_number_change	2	P	συνέρχεσθε	candidate	not_detected
593	1corintios	11	18	1corintios-11-18-P02	1corintios-11-18-P01	πιστεύω	πιστεύω	V-PAI-1S	1	S	confirmed	finite_verb_morphology	same	person_number_match	1	S	ἀκούω	candidate	not_detected
594	1corintios	11	19	1corintios-11-19-P01	1corintios-11-18-P02	δεῖ	δέω	V-PAI-3S	3	S	confirmed	finite_verb_morphology	shift	person_number_change	1	S	πιστεύω	candidate	not_detected
595	1corintios	11	19	1corintios-11-19-P02	1corintios-11-19-P01	γένωνται	γίνομαι	V-AMS-3P			candidate	nearest_agreeing_nominative_no_visible_boundary	unresolved	missing_subject_person_or_number	3	S	δεῖ	unresolved	candidate
596	1corintios	11	20	1corintios-11-20-P01	1corintios-11-19-P02	ἔστιν	εἰμί	V-PAI-3S	3	S	confirmed	finite_verb_morphology	unresolved	missing_subject_person_or_number			γένωνται	candidate	not_detected
597	1corintios	11	21	1corintios-11-21-P01	1corintios-11-20-P01	προλαμβάνει	προλαμβάνω	V-PAI-3S	3	S	confirmed	finite_verb_morphology	same	person_number_match	3	S	ἔστιν	candidate	not_detected
598	1corintios	11	21	1corintios-11-21-P02	1corintios-11-21-P01	πεινᾷ	πεινάω	V-PAI-3S	3	S	confirmed	finite_verb_morphology	same	person_number_match	3	S	προλαμβάνει	candidate	not_detected
599	1corintios	11	21	1corintios-11-21-P03	1corintios-11-21-P02	μεθύει	μεθύω	V-PAI-3S	3	S	confirmed	finite_verb_morphology	same	person_number_match	3	S	πεινᾷ	candidate	not_detected
600	1corintios	11	22	1corintios-11-22-P01	1corintios-11-21-P03	ἔχετε	ἔχω	V-PAI-2P	2	P	confirmed	finite_verb_morphology	shift	person_number_change	3	S	μεθύει	candidate	not_detected
601	1corintios	11	22	1corintios-11-22-P02	1corintios-11-22-P01	καταφρονεῖτε	καταφρονέω	V-PAI-2P	2	P	confirmed	finite_verb_morphology	same	person_number_match	2	P	ἔχετε	candidate	not_detected
602	1corintios	11	22	1corintios-11-22-P03	1corintios-11-22-P02	καταισχύνετε	καταισχύνω	V-PAI-2P	2	P	confirmed	finite_verb_morphology	same	person_number_match	2	P	καταφρονεῖτε	candidate	not_detected
603	1corintios	11	22	1corintios-11-22-P04	1corintios-11-22-P03	εἴπω	λέγω	V-AAS-1S	1	S	confirmed	finite_verb_morphology	shift	person_number_change	2	P	καταισχύνετε	candidate	not_detected
604	1corintios	11	22	1corintios-11-22-P05	1corintios-11-22-P04	ἐπαινέσω	ἐπαινέω	V-AAS-1S	1	S	confirmed	finite_verb_morphology	same	person_number_match	1	S	εἴπω	candidate	not_detected
605	1corintios	11	22	1corintios-11-22-P06	1corintios-11-22-P05	ἐπαινῶ	ἐπαινέω	V-PAI-1S	1	S	confirmed	finite_verb_morphology	same	person_number_match	1	S	ἐπαινέσω	candidate	not_detected
606	1corintios	11	23	1corintios-11-23-P01	1corintios-11-22-P06	παρέλαβον	παραλαμβάνω	V-AAI-1S	1	S	confirmed	finite_verb_morphology	same	person_number_match	1	S	ἐπαινῶ	candidate	not_detected
607	1corintios	11	23	1corintios-11-23-P02	1corintios-11-23-P01	παρέδωκα	παραδίδωμι	V-AAI-1S	1	S	confirmed	finite_verb_morphology	same	person_number_match	1	S	παρέλαβον	candidate	not_detected
608	1corintios	11	23	1corintios-11-23-P03	1corintios-11-23-P02	παρεδίδετο	παραδίδωμι	V-IPI-3S	3	S	confirmed	finite_verb_morphology	shift	person_number_change	1	S	παρέδωκα	unresolved	candidate
609	1corintios	11	23	1corintios-11-23-P04	1corintios-11-23-P03	ἔλαβεν	λαμβάνω	V-AAI-3S	3	S	confirmed	finite_verb_morphology	same	person_number_match	3	S	παρεδίδετο	candidate	not_detected
610	1corintios	11	24	1corintios-11-24-P01	1corintios-11-23-P04	ἔκλασεν	κλάω	V-AAI-3S	3	S	confirmed	finite_verb_morphology	same	person_number_match	3	S	ἔλαβεν	candidate	not_detected
611	1corintios	11	24	1corintios-11-24-P02	1corintios-11-24-P01	εἶπεν	λέγω	V-AAI-3S	3	S	confirmed	finite_verb_morphology	same	person_number_match	3	S	ἔκλασεν	candidate	not_detected
612	1corintios	11	24	1corintios-11-24-P03	1corintios-11-24-P02	ἐστιν	εἰμί	V-PAI-3S			candidate	nearest_agreeing_nominative_no_visible_boundary	unresolved	missing_subject_person_or_number	3	S	εἶπεν	candidate	not_detected
613	1corintios	11	24	1corintios-11-24-P04	1corintios-11-24-P03	ποιεῖτε	ποιέω	V-PAD-2P	2	P	confirmed	finite_verb_morphology	unresolved	missing_subject_person_or_number			ἐστιν	candidate	not_detected
614	1corintios	11	25	1corintios-11-25-P01	1corintios-11-24-P04	ἐστὶν	εἰμί	V-PAI-3S			candidate	nearest_agreeing_nominative_no_visible_boundary	unresolved	missing_subject_person_or_number	2	P	ποιεῖτε	candidate	not_detected
615	1corintios	11	25	1corintios-11-25-P02	1corintios-11-25-P01	ποιεῖτε	ποιέω	V-PAD-2P	2	P	confirmed	finite_verb_morphology	unresolved	missing_subject_person_or_number			ἐστὶν	candidate	not_detected
616	1corintios	11	25	1corintios-11-25-P03	1corintios-11-25-P02	πίνητε	πίνω	V-PAS-2P	2	P	confirmed	finite_verb_morphology	same	person_number_match	2	P	ποιεῖτε	unresolved	candidate
617	1corintios	11	26	1corintios-11-26-P01	1corintios-11-25-P03	ἐσθίητε	ἐσθίω	V-PAS-2P	2	P	confirmed	finite_verb_morphology	same	person_number_match	2	P	πίνητε	unresolved	candidate
618	1corintios	11	26	1corintios-11-26-P02	1corintios-11-26-P01	πίνητε	πίνω	V-PAS-2P	2	P	confirmed	finite_verb_morphology	same	person_number_match	2	P	ἐσθίητε	candidate	not_detected
619	1corintios	11	26	1corintios-11-26-P03	1corintios-11-26-P02	καταγγέλλετε	καταγγέλλω	V-PAI-2P	2	P	confirmed	finite_verb_morphology	same	person_number_match	2	P	πίνητε	candidate	not_detected
620	1corintios	11	26	1corintios-11-26-P04	1corintios-11-26-P03	ἔλθῃ	ἔρχομαι	V-AAS-3S	3	S	confirmed	finite_verb_morphology	shift	person_number_change	2	P	καταγγέλλετε	candidate	not_detected
621	1corintios	11	27	1corintios-11-27-P01	1corintios-11-26-P04	ἐσθίῃ	ἐσθίω	V-PAS-3S			candidate	nearest_agreeing_nominative_no_visible_boundary	unresolved	missing_subject_person_or_number	3	S	ἔλθῃ	unresolved	candidate
622	1corintios	11	27	1corintios-11-27-P02	1corintios-11-27-P01	πίνῃ	πίνω	V-PAS-3S	3	S	confirmed	finite_verb_morphology	unresolved	missing_subject_person_or_number			ἐσθίῃ	candidate	not_detected
623	1corintios	11	27	1corintios-11-27-P03	1corintios-11-27-P02	ἔσται	εἰμί	V-FMI-3S			candidate	nearest_agreeing_nominative_no_visible_boundary	unresolved	missing_subject_person_or_number	3	S	πίνῃ	candidate	not_detected
624	1corintios	11	28	1corintios-11-28-P01	1corintios-11-27-P03	δοκιμαζέτω	δοκιμάζω	V-PAD-3S	3	S	confirmed	finite_verb_morphology	unresolved	missing_subject_person_or_number			ἔσται	candidate	not_detected
625	1corintios	11	28	1corintios-11-28-P02	1corintios-11-28-P01	ἐσθιέτω	ἐσθίω	V-PAD-3S	3	S	confirmed	finite_verb_morphology	same	person_number_match	3	S	δοκιμαζέτω	candidate	not_detected
626	1corintios	11	28	1corintios-11-28-P03	1corintios-11-28-P02	πινέτω	πίνω	V-PAD-3S	3	S	confirmed	finite_verb_morphology	same	person_number_match	3	S	ἐσθιέτω	candidate	not_detected
627	1corintios	11	29	1corintios-11-29-P01	1corintios-11-28-P03	ἐσθίει	ἐσθίω	V-PAI-3S	3	S	confirmed	finite_verb_morphology	same	person_number_match	3	S	πινέτω	candidate	not_detected
628	1corintios	11	29	1corintios-11-29-P02	1corintios-11-29-P01	πίνει	πίνω	V-PAI-3S	3	S	confirmed	finite_verb_morphology	same	person_number_match	3	S	ἐσθίει	candidate	not_detected
629	1corintios	11	30	1corintios-11-30-P01	1corintios-11-29-P02	κοιμῶνται	κοιμάομαι	V-PMI-3P	3	P	confirmed	finite_verb_morphology	shift	person_number_change	3	S	πίνει	candidate	not_detected
630	1corintios	11	31	1corintios-11-31-P01	1corintios-11-30-P01	διεκρίνομεν	διακρίνω	V-IAI-1P	1	P	confirmed	finite_verb_morphology	shift	person_number_change	3	P	κοιμῶνται	unresolved	candidate
631	1corintios	11	31	1corintios-11-31-P02	1corintios-11-31-P01	ἐκρινόμεθα	κρίνω	V-IPI-1P	1	P	confirmed	finite_verb_morphology	same	person_number_match	1	P	διεκρίνομεν	candidate	not_detected
632	1corintios	11	32	1corintios-11-32-P01	1corintios-11-31-P02	παιδευόμεθα	παιδεύω	V-PPI-1P	1	P	confirmed	finite_verb_morphology	same	person_number_match	1	P	ἐκρινόμεθα	candidate	not_detected
633	1corintios	11	32	1corintios-11-32-P02	1corintios-11-32-P01	κατακριθῶμεν	κατακρίνω	V-APS-1P	1	P	confirmed	finite_verb_morphology	same	person_number_match	1	P	παιδευόμεθα	unresolved	candidate
634	1corintios	11	33	1corintios-11-33-P01	1corintios-11-32-P02	ἐκδέχεσθε	ἐκδέχομαι	V-PMD-2P	2	P	confirmed	finite_verb_morphology	shift	person_number_change	1	P	κατακριθῶμεν	unresolved	candidate
635	1corintios	11	34	1corintios-11-34-P01	1corintios-11-33-P01	πεινᾷ	πεινάω	V-PAI-3S			candidate	nearest_agreeing_nominative_no_visible_boundary	unresolved	missing_subject_person_or_number	2	P	ἐκδέχεσθε	unresolved	candidate
636	1corintios	11	34	1corintios-11-34-P02	1corintios-11-34-P01	ἐσθιέτω	ἐσθίω	V-PAD-3S	3	S	confirmed	finite_verb_morphology	unresolved	missing_subject_person_or_number			πεινᾷ	candidate	not_detected
637	1corintios	11	34	1corintios-11-34-P03	1corintios-11-34-P02	συνέρχησθε	συνέρχομαι	V-PMS-2P	2	P	confirmed	finite_verb_morphology	shift	person_number_change	3	S	ἐσθιέτω	unresolved	candidate
638	1corintios	11	34	1corintios-11-34-P04	1corintios-11-34-P03	ἔλθω	ἔρχομαι	V-AAS-1S	1	S	confirmed	finite_verb_morphology	shift	person_number_change	2	P	συνέρχησθε	unresolved	candidate
639	1corintios	11	34	1corintios-11-34-P05	1corintios-11-34-P04	διατάξομαι	διατάσσω	V-FMI-1S	1	S	confirmed	finite_verb_morphology	same	person_number_match	1	S	ἔλθω	candidate	not_detected
640	1corintios	12	1	1corintios-12-1-P01	1corintios-11-34-P05	θέλω	θέλω	V-PAI-1S	1	S	confirmed	finite_verb_morphology	same	person_number_match	1	S	διατάξομαι	candidate	not_detected
641	1corintios	12	2	1corintios-12-2-P01	1corintios-12-1-P01	οἴδατε	οἶδα	V-XAI-2P	2	P	confirmed	finite_verb_morphology	shift	person_number_change	1	S	θέλω	candidate	not_detected
642	1corintios	12	2	1corintios-12-2-P02	1corintios-12-2-P01	ἦτε	εἰμί	V-IAI-2P	2	P	confirmed	finite_verb_morphology	same	person_number_match	2	P	οἴδατε	unresolved	candidate
643	1corintios	12	2	1corintios-12-2-P03	1corintios-12-2-P02	ἤγεσθε	ἄγω	V-IPI-2P	2	P	confirmed	finite_verb_morphology	same	person_number_match	2	P	ἦτε	unresolved	candidate
644	1corintios	12	3	1corintios-12-3-P01	1corintios-12-2-P03	γνωρίζω	γνωρίζω	V-PAI-1S	1	S	confirmed	finite_verb_morphology	shift	person_number_change	2	P	ἤγεσθε	candidate	not_detected
645	1corintios	12	3	1corintios-12-3-P02	1corintios-12-3-P01	λέγει	λέγω	V-PAI-3S			candidate	nearest_agreeing_nominative_no_visible_boundary	unresolved	missing_subject_person_or_number	1	S	γνωρίζω	unresolved	candidate
646	1corintios	12	3	1corintios-12-3-P03	1corintios-12-3-P02	δύναται	δύναμαι	V-PMI-3S			candidate	nearest_agreeing_nominative_no_visible_boundary	unresolved	missing_subject_person_or_number			λέγει	candidate	not_detected
647	1corintios	12	4	1corintios-12-4-P01	1corintios-12-3-P03	εἰσίν	εἰμί	V-PAI-3P	3	P	confirmed	finite_verb_morphology	unresolved	missing_subject_person_or_number			δύναται	candidate	not_detected
648	1corintios	12	5	1corintios-12-5-P01	1corintios-12-4-P01	εἰσιν	εἰμί	V-PAI-3P			candidate	nearest_agreeing_nominative_no_visible_boundary	unresolved	missing_subject_person_or_number	3	P	εἰσίν	candidate	not_detected
649	1corintios	12	6	1corintios-12-6-P01	1corintios-12-5-P01	εἰσίν	εἰμί	V-PAI-3P			candidate	nearest_agreeing_nominative_no_visible_boundary	unresolved	missing_subject_person_or_number			εἰσιν	candidate	not_detected
650	1corintios	12	7	1corintios-12-7-P01	1corintios-12-6-P01	δίδοται	δίδωμι	V-PPI-3S	3	S	confirmed	finite_verb_morphology	unresolved	missing_subject_person_or_number			εἰσίν	candidate	not_detected
651	1corintios	12	8	1corintios-12-8-P01	1corintios-12-7-P01	δίδοται	δίδωμι	V-PPI-3S	3	S	confirmed	finite_verb_morphology	same	person_number_match	3	S	δίδοται	candidate	not_detected
652	1corintios	12	11	1corintios-12-11-P01	1corintios-12-8-P01	ἐνεργεῖ	ἐνεργέω	V-PAI-3S	3	S	confirmed	finite_verb_morphology	same	person_number_match	3	S	δίδοται	candidate	not_detected
653	1corintios	12	11	1corintios-12-11-P02	1corintios-12-11-P01	βούλεται	βούλομαι	V-PMI-3S			candidate	nearest_agreeing_nominative_no_visible_boundary	unresolved	missing_subject_person_or_number	3	S	ἐνεργεῖ	unresolved	candidate
654	1corintios	12	12	1corintios-12-12-P01	1corintios-12-11-P02	ἐστιν	εἰμί	V-PAI-3S			candidate	nearest_agreeing_nominative_no_visible_boundary	unresolved	missing_subject_person_or_number			βούλεται	candidate	not_detected
655	1corintios	12	12	1corintios-12-12-P02	1corintios-12-12-P01	ἔχει	ἔχω	V-PAI-3S	3	S	confirmed	finite_verb_morphology	unresolved	missing_subject_person_or_number			ἐστιν	candidate	not_detected
656	1corintios	12	12	1corintios-12-12-P03	1corintios-12-12-P02	ἐστιν	εἰμί	V-PAI-3S			candidate	nearest_agreeing_nominative_no_visible_boundary	unresolved	missing_subject_person_or_number	3	S	ἔχει	candidate	not_detected
657	1corintios	12	13	1corintios-12-13-P01	1corintios-12-12-P03	ἐβαπτίσθημεν	βαπτίζω	V-API-1P	1	P	confirmed	finite_verb_morphology	unresolved	missing_subject_person_or_number			ἐστιν	candidate	not_detected
658	1corintios	12	13	1corintios-12-13-P02	1corintios-12-13-P01	ἐποτίσθημεν	ποτίζω	V-API-1P	1	P	confirmed	finite_verb_morphology	same	person_number_match	1	P	ἐβαπτίσθημεν	candidate	not_detected
659	1corintios	12	14	1corintios-12-14-P01	1corintios-12-13-P02	ἔστιν	εἰμί	V-PAI-3S			candidate	nearest_agreeing_nominative_no_visible_boundary	unresolved	missing_subject_person_or_number	1	P	ἐποτίσθημεν	candidate	not_detected
660	1corintios	12	15	1corintios-12-15-P01	1corintios-12-14-P01	εἴπῃ	λέγω	V-AAS-3S	3	S	confirmed	finite_verb_morphology	unresolved	missing_subject_person_or_number			ἔστιν	unresolved	candidate
661	1corintios	12	15	1corintios-12-15-P02	1corintios-12-15-P01	εἰμὶ	εἰμί	V-PAI-1S	1	S	confirmed	finite_verb_morphology	shift	person_number_change	3	S	εἴπῃ	unresolved	candidate
662	1corintios	12	15	1corintios-12-15-P03	1corintios-12-15-P02	εἰμὶ	εἰμί	V-PAI-1S	1	S	confirmed	finite_verb_morphology	same	person_number_match	1	S	εἰμὶ	candidate	not_detected
663	1corintios	12	15	1corintios-12-15-P04	1corintios-12-15-P03	ἔστιν	εἰμί	V-PAI-3S	3	S	confirmed	finite_verb_morphology	shift	person_number_change	1	S	εἰμὶ	candidate	not_detected
664	1corintios	12	16	1corintios-12-16-P01	1corintios-12-15-P04	εἴπῃ	λέγω	V-AAS-3S	3	S	confirmed	finite_verb_morphology	same	person_number_match	3	S	ἔστιν	unresolved	candidate
665	1corintios	12	16	1corintios-12-16-P02	1corintios-12-16-P01	εἰμὶ	εἰμί	V-PAI-1S	1	S	confirmed	finite_verb_morphology	shift	person_number_change	3	S	εἴπῃ	unresolved	candidate
666	1corintios	12	16	1corintios-12-16-P03	1corintios-12-16-P02	εἰμὶ	εἰμί	V-PAI-1S	1	S	confirmed	finite_verb_morphology	same	person_number_match	1	S	εἰμὶ	candidate	not_detected
667	1corintios	12	16	1corintios-12-16-P04	1corintios-12-16-P03	ἔστιν	εἰμί	V-PAI-3S	3	S	confirmed	finite_verb_morphology	shift	person_number_change	1	S	εἰμὶ	candidate	not_detected
668	1corintios	12	18	1corintios-12-18-P01	1corintios-12-16-P04	ἔθετο	τίθημι	V-AMI-3S			candidate	nearest_agreeing_nominative_no_visible_boundary	unresolved	missing_subject_person_or_number	3	S	ἔστιν	candidate	not_detected
669	1corintios	12	18	1corintios-12-18-P02	1corintios-12-18-P01	ἠθέλησεν	θέλω	V-AAI-3S	3	S	confirmed	finite_verb_morphology	unresolved	missing_subject_person_or_number			ἔθετο	unresolved	candidate
670	1corintios	12	19	1corintios-12-19-P01	1corintios-12-18-P02	ἦν	εἰμί	V-IAI-3S	3	S	confirmed	finite_verb_morphology	same	person_number_match	3	S	ἠθέλησεν	unresolved	candidate
671	1corintios	12	21	1corintios-12-21-P01	1corintios-12-19-P01	δύναται	δύναμαι	V-PMI-3S	3	S	confirmed	finite_verb_morphology	same	person_number_match	3	S	ἦν	candidate	not_detected
672	1corintios	12	21	1corintios-12-21-P02	1corintios-12-21-P01	ἔχω	ἔχω	V-PAI-1S	1	S	confirmed	finite_verb_morphology	shift	person_number_change	3	S	δύναται	candidate	not_detected
673	1corintios	12	21	1corintios-12-21-P03	1corintios-12-21-P02	ἔχω	ἔχω	V-PAI-1S	1	S	confirmed	finite_verb_morphology	same	person_number_match	1	S	ἔχω	candidate	not_detected
674	1corintios	12	22	1corintios-12-22-P01	1corintios-12-21-P03	ἐστιν	εἰμί	V-PAI-3S			candidate	nearest_agreeing_nominative_no_visible_boundary	unresolved	missing_subject_person_or_number	1	S	ἔχω	candidate	not_detected
675	1corintios	12	23	1corintios-12-23-P01	1corintios-12-22-P01	δοκοῦμεν	δοκέω	V-PAI-1P	1	P	confirmed	finite_verb_morphology	unresolved	missing_subject_person_or_number			ἐστιν	candidate	not_detected
676	1corintios	12	23	1corintios-12-23-P02	1corintios-12-23-P01	περιτίθεμεν	περιτίθημι	V-PAI-1P	1	P	confirmed	finite_verb_morphology	same	person_number_match	1	P	δοκοῦμεν	candidate	not_detected
677	1corintios	12	23	1corintios-12-23-P03	1corintios-12-23-P02	ἔχει	ἔχω	V-PAI-3S			candidate	nearest_agreeing_nominative_no_visible_boundary	unresolved	missing_subject_person_or_number	1	P	περιτίθεμεν	candidate	not_detected
678	1corintios	12	24	1corintios-12-24-P01	1corintios-12-23-P03	ἔχει	ἔχω	V-PAI-3S			candidate	nearest_agreeing_nominative_no_visible_boundary	unresolved	missing_subject_person_or_number			ἔχει	candidate	not_detected
679	1corintios	12	24	1corintios-12-24-P02	1corintios-12-24-P01	συνεκέρασεν	συγκεράννυμι	V-AAI-3S			candidate	nearest_agreeing_nominative_no_visible_boundary	unresolved	missing_subject_person_or_number			ἔχει	candidate	not_detected
680	1corintios	12	25	1corintios-12-25-P01	1corintios-12-24-P02	ᾖ	εἰμί	V-PAS-3S	3	S	confirmed	finite_verb_morphology	unresolved	missing_subject_person_or_number			συνεκέρασεν	unresolved	candidate
681	1corintios	12	25	1corintios-12-25-P02	1corintios-12-25-P01	μεριμνῶσι	μεριμνάω	V-PAS-3P	3	P	confirmed	finite_verb_morphology	shift	person_number_change	3	S	ᾖ	candidate	not_detected
682	1corintios	12	26	1corintios-12-26-P01	1corintios-12-25-P02	πάσχει	πάσχω	V-PAI-3S	3	S	confirmed	finite_verb_morphology	shift	person_number_change	3	P	μεριμνῶσι	candidate	not_detected
683	1corintios	12	26	1corintios-12-26-P02	1corintios-12-26-P01	συμπάσχει	συμπάσχω	V-PAI-3S			candidate	nearest_agreeing_nominative_no_visible_boundary	unresolved	missing_subject_person_or_number	3	S	πάσχει	candidate	not_detected
684	1corintios	12	26	1corintios-12-26-P03	1corintios-12-26-P02	δοξάζεται	δοξάζω	V-PPI-3S	3	S	confirmed	finite_verb_morphology	unresolved	missing_subject_person_or_number			συμπάσχει	candidate	not_detected
685	1corintios	12	26	1corintios-12-26-P04	1corintios-12-26-P03	συγχαίρει	συγχαίρω	V-PAI-3S			candidate	nearest_agreeing_nominative_no_visible_boundary	unresolved	missing_subject_person_or_number	3	S	δοξάζεται	candidate	not_detected
686	1corintios	12	27	1corintios-12-27-P01	1corintios-12-26-P04	ἐστε	εἰμί	V-PAI-2P	2	P	confirmed	finite_verb_morphology	unresolved	missing_subject_person_or_number			συγχαίρει	candidate	not_detected
687	1corintios	12	28	1corintios-12-28-P01	1corintios-12-27-P01	ἔθετο	τίθημι	V-AMI-3S	3	S	confirmed	finite_verb_morphology	shift	person_number_change	2	P	ἐστε	candidate	not_detected
688	1corintios	12	30	1corintios-12-30-P01	1corintios-12-28-P01	ἔχουσιν	ἔχω	V-PAI-3P			candidate	nearest_agreeing_nominative_no_visible_boundary	unresolved	missing_subject_person_or_number	3	S	ἔθετο	candidate	not_detected
689	1corintios	12	30	1corintios-12-30-P02	1corintios-12-30-P01	λαλοῦσιν	λαλέω	V-PAI-3P			candidate	nearest_agreeing_nominative_no_visible_boundary	unresolved	missing_subject_person_or_number			ἔχουσιν	candidate	not_detected
690	1corintios	12	30	1corintios-12-30-P03	1corintios-12-30-P02	διερμηνεύουσιν	διερμηνεύω	V-PAI-3P			candidate	nearest_agreeing_nominative_no_visible_boundary	unresolved	missing_subject_person_or_number			λαλοῦσιν	candidate	not_detected
691	1corintios	12	31	1corintios-12-31-P01	1corintios-12-30-P03	ζηλοῦτε	ζηλόω	V-PAD-2P	2	P	confirmed	finite_verb_morphology	unresolved	missing_subject_person_or_number			διερμηνεύουσιν	candidate	not_detected
692	1corintios	12	31	1corintios-12-31-P02	1corintios-12-31-P01	δείκνυμι	δείκνυμι	V-PAI-1S	1	S	confirmed	finite_verb_morphology	shift	person_number_change	2	P	ζηλοῦτε	candidate	not_detected
693	1corintios	13	1	1corintios-13-1-P01	1corintios-12-31-P02	λαλῶ	λαλέω	V-PAS-1S	1	S	confirmed	finite_verb_morphology	same	person_number_match	1	S	δείκνυμι	unresolved	candidate
694	1corintios	13	1	1corintios-13-1-P02	1corintios-13-1-P01	ἔχω	ἔχω	V-PAS-1S	1	S	confirmed	finite_verb_morphology	same	person_number_match	1	S	λαλῶ	candidate	not_detected
695	1corintios	13	1	1corintios-13-1-P03	1corintios-13-1-P02	γέγονα	γίνομαι	V-XAI-1S	1	S	confirmed	finite_verb_morphology	same	person_number_match	1	S	ἔχω	candidate	not_detected
696	1corintios	13	2	1corintios-13-2-P01	1corintios-13-1-P03	ἔχω	ἔχω	V-PAS-1S	1	S	confirmed	finite_verb_morphology	same	person_number_match	1	S	γέγονα	unresolved	candidate
697	1corintios	13	2	1corintios-13-2-P02	1corintios-13-2-P01	εἰδῶ	οἶδα	V-XAS-1S	1	S	confirmed	finite_verb_morphology	same	person_number_match	1	S	ἔχω	candidate	not_detected
698	1corintios	13	2	1corintios-13-2-P03	1corintios-13-2-P02	ἔχω	ἔχω	V-PAS-1S	1	S	confirmed	finite_verb_morphology	same	person_number_match	1	S	εἰδῶ	candidate	not_detected
699	1corintios	13	2	1corintios-13-2-P04	1corintios-13-2-P03	ἔχω	ἔχω	V-PAS-1S	1	S	confirmed	finite_verb_morphology	same	person_number_match	1	S	ἔχω	unresolved	candidate
700	1corintios	13	2	1corintios-13-2-P05	1corintios-13-2-P04	εἰμι	εἰμί	V-PAI-1S	1	S	confirmed	finite_verb_morphology	same	person_number_match	1	S	ἔχω	candidate	not_detected
701	1corintios	13	4	1corintios-13-4-P01	1corintios-13-2-P05	μακροθυμεῖ	μακροθυμέω	V-PAI-3S			candidate	nearest_agreeing_nominative_no_visible_boundary	unresolved	missing_subject_person_or_number	1	S	εἰμι	candidate	not_detected
702	1corintios	13	4	1corintios-13-4-P02	1corintios-13-4-P01	χρηστεύεται	χρηστεύομαι	V-PMI-3S	3	S	confirmed	finite_verb_morphology	unresolved	missing_subject_person_or_number			μακροθυμεῖ	candidate	not_detected
703	1corintios	13	4	1corintios-13-4-P03	1corintios-13-4-P02	ζηλοῖ	ζηλόω	V-PAI-3S			candidate	nearest_agreeing_nominative_no_visible_boundary	unresolved	missing_subject_person_or_number	3	S	χρηστεύεται	candidate	not_detected
704	1corintios	13	4	1corintios-13-4-P04	1corintios-13-4-P03	περπερεύεται	περπερεύομαι	V-PMI-3S			candidate	nearest_agreeing_nominative_no_visible_boundary	unresolved	missing_subject_person_or_number			ζηλοῖ	candidate	not_detected
705	1corintios	13	4	1corintios-13-4-P05	1corintios-13-4-P04	φυσιοῦται	φυσιόω	V-PPI-3S	3	S	confirmed	finite_verb_morphology	unresolved	missing_subject_person_or_number			περπερεύεται	candidate	not_detected
706	1corintios	13	5	1corintios-13-5-P01	1corintios-13-4-P05	ἀσχημονεῖ	ἀσχημονέω	V-PAI-3S	3	S	confirmed	finite_verb_morphology	same	person_number_match	3	S	φυσιοῦται	candidate	not_detected
707	1corintios	13	5	1corintios-13-5-P02	1corintios-13-5-P01	ζητεῖ	ζητέω	V-PAI-3S	3	S	confirmed	finite_verb_morphology	same	person_number_match	3	S	ἀσχημονεῖ	candidate	not_detected
708	1corintios	13	5	1corintios-13-5-P03	1corintios-13-5-P02	παροξύνεται	παροξύνομαι	V-PPI-3S	3	S	confirmed	finite_verb_morphology	same	person_number_match	3	S	ζητεῖ	candidate	not_detected
709	1corintios	13	5	1corintios-13-5-P04	1corintios-13-5-P03	λογίζεται	λογίζομαι	V-PMI-3S	3	S	confirmed	finite_verb_morphology	same	person_number_match	3	S	παροξύνεται	candidate	not_detected
710	1corintios	13	6	1corintios-13-6-P01	1corintios-13-5-P04	χαίρει	χαίρω	V-PAI-3S	3	S	confirmed	finite_verb_morphology	same	person_number_match	3	S	λογίζεται	candidate	not_detected
711	1corintios	13	6	1corintios-13-6-P02	1corintios-13-6-P01	συγχαίρει	συγχαίρω	V-PAI-3S	3	S	confirmed	finite_verb_morphology	same	person_number_match	3	S	χαίρει	candidate	not_detected
712	1corintios	13	7	1corintios-13-7-P01	1corintios-13-6-P02	στέγει	στέγω	V-PAI-3S	3	S	confirmed	finite_verb_morphology	same	person_number_match	3	S	συγχαίρει	candidate	not_detected
713	1corintios	13	7	1corintios-13-7-P02	1corintios-13-7-P01	πιστεύει	πιστεύω	V-PAI-3S	3	S	confirmed	finite_verb_morphology	same	person_number_match	3	S	στέγει	candidate	not_detected
714	1corintios	13	7	1corintios-13-7-P03	1corintios-13-7-P02	ἐλπίζει	ἐλπίζω	V-PAI-3S	3	S	confirmed	finite_verb_morphology	same	person_number_match	3	S	πιστεύει	candidate	not_detected
715	1corintios	13	7	1corintios-13-7-P04	1corintios-13-7-P03	ὑπομένει	ὑπομένω	V-PAI-3S	3	S	confirmed	finite_verb_morphology	same	person_number_match	3	S	ἐλπίζει	candidate	not_detected
716	1corintios	13	8	1corintios-13-8-P01	1corintios-13-7-P04	πίπτει	πίπτω	V-PAI-3S			candidate	nearest_agreeing_nominative_no_visible_boundary	unresolved	missing_subject_person_or_number	3	S	ὑπομένει	candidate	not_detected
717	1corintios	13	8	1corintios-13-8-P02	1corintios-13-8-P01	καταργηθήσονται	καταργέω	V-FPI-3P			candidate	nearest_agreeing_nominative_no_visible_boundary	unresolved	missing_subject_person_or_number			πίπτει	candidate	not_detected
718	1corintios	13	8	1corintios-13-8-P03	1corintios-13-8-P02	παύσονται	παύω	V-FMI-3P			candidate	nearest_agreeing_nominative_no_visible_boundary	unresolved	missing_subject_person_or_number			καταργηθήσονται	candidate	not_detected
719	1corintios	13	8	1corintios-13-8-P04	1corintios-13-8-P03	καταργηθήσεται	καταργέω	V-FPI-3S			candidate	nearest_agreeing_nominative_no_visible_boundary	unresolved	missing_subject_person_or_number			παύσονται	candidate	not_detected
720	1corintios	13	9	1corintios-13-9-P01	1corintios-13-8-P04	γινώσκομεν	γινώσκω	V-PAI-1P	1	P	confirmed	finite_verb_morphology	unresolved	missing_subject_person_or_number			καταργηθήσεται	candidate	not_detected
721	1corintios	13	9	1corintios-13-9-P02	1corintios-13-9-P01	προφητεύομεν	προφητεύω	V-PAI-1P	1	P	confirmed	finite_verb_morphology	same	person_number_match	1	P	γινώσκομεν	candidate	not_detected
722	1corintios	13	10	1corintios-13-10-P01	1corintios-13-9-P02	ἔλθῃ	ἔρχομαι	V-AAS-3S	3	S	confirmed	finite_verb_morphology	shift	person_number_change	1	P	προφητεύομεν	unresolved	candidate
723	1corintios	13	10	1corintios-13-10-P02	1corintios-13-10-P01	καταργηθήσεται	καταργέω	V-FPI-3S			candidate	nearest_agreeing_nominative_no_visible_boundary	unresolved	missing_subject_person_or_number	3	S	ἔλθῃ	candidate	not_detected
724	1corintios	13	11	1corintios-13-11-P01	1corintios-13-10-P02	ἤμην	εἰμί	V-IMI-1S	1	S	confirmed	finite_verb_morphology	unresolved	missing_subject_person_or_number			καταργηθήσεται	unresolved	candidate
725	1corintios	13	11	1corintios-13-11-P02	1corintios-13-11-P01	ἐλάλουν	λαλέω	V-IAI-1S	1	S	confirmed	finite_verb_morphology	same	person_number_match	1	S	ἤμην	candidate	not_detected
726	1corintios	13	11	1corintios-13-11-P03	1corintios-13-11-P02	ἐφρόνουν	φρονέω	V-IAI-1S	1	S	confirmed	finite_verb_morphology	same	person_number_match	1	S	ἐλάλουν	unresolved	candidate
727	1corintios	13	11	1corintios-13-11-P04	1corintios-13-11-P03	ἐλογιζόμην	λογίζομαι	V-IMI-1S	1	S	confirmed	finite_verb_morphology	same	person_number_match	1	S	ἐφρόνουν	unresolved	candidate
728	1corintios	13	11	1corintios-13-11-P05	1corintios-13-11-P04	γέγονα	γίνομαι	V-XAI-1S	1	S	confirmed	finite_verb_morphology	same	person_number_match	1	S	ἐλογιζόμην	unresolved	candidate
729	1corintios	13	11	1corintios-13-11-P06	1corintios-13-11-P05	κατήργηκα	καταργέω	V-XAI-1S	1	S	confirmed	finite_verb_morphology	same	person_number_match	1	S	γέγονα	candidate	not_detected
730	1corintios	13	12	1corintios-13-12-P01	1corintios-13-11-P06	βλέπομεν	βλέπω	V-PAI-1P	1	P	confirmed	finite_verb_morphology	shift	person_number_change	1	S	κατήργηκα	candidate	not_detected
731	1corintios	13	12	1corintios-13-12-P02	1corintios-13-12-P01	γινώσκω	γινώσκω	V-PAI-1S	1	S	confirmed	finite_verb_morphology	shift	person_number_change	1	P	βλέπομεν	candidate	not_detected
732	1corintios	13	12	1corintios-13-12-P03	1corintios-13-12-P02	ἐπιγνώσομαι	ἐπιγινώσκω	V-FMI-1S	1	S	confirmed	finite_verb_morphology	same	person_number_match	1	S	γινώσκω	candidate	not_detected
733	1corintios	13	12	1corintios-13-12-P04	1corintios-13-12-P03	ἐπεγνώσθην	ἐπιγινώσκω	V-API-1S	1	S	confirmed	finite_verb_morphology	same	person_number_match	1	S	ἐπιγνώσομαι	unresolved	candidate
734	1corintios	13	13	1corintios-13-13-P01	1corintios-13-12-P04	μένει	μένω	V-PAI-3S	3	S	confirmed	finite_verb_morphology	shift	person_number_change	1	S	ἐπεγνώσθην	candidate	not_detected
735	1corintios	14	1	1corintios-14-1-P01	1corintios-13-13-P01	διώκετε	διώκω	V-PAD-2P	2	P	confirmed	finite_verb_morphology	shift	person_number_change	3	S	μένει	candidate	not_detected
736	1corintios	14	1	1corintios-14-1-P02	1corintios-14-1-P01	ζηλοῦτε	ζηλόω	V-PAD-2P	2	P	confirmed	finite_verb_morphology	same	person_number_match	2	P	διώκετε	candidate	not_detected
737	1corintios	14	1	1corintios-14-1-P03	1corintios-14-1-P02	προφητεύητε	προφητεύω	V-PAS-2P	2	P	confirmed	finite_verb_morphology	same	person_number_match	2	P	ζηλοῦτε	unresolved	candidate
738	1corintios	14	2	1corintios-14-2-P01	1corintios-14-1-P03	λαλεῖ	λαλέω	V-PAI-3S	3	S	confirmed	finite_verb_morphology	shift	person_number_change	2	P	προφητεύητε	candidate	not_detected
739	1corintios	14	2	1corintios-14-2-P02	1corintios-14-2-P01	ἀκούει	ἀκούω	V-PAI-3S	3	S	confirmed	finite_verb_morphology	same	person_number_match	3	S	λαλεῖ	candidate	not_detected
740	1corintios	14	2	1corintios-14-2-P03	1corintios-14-2-P02	λαλεῖ	λαλέω	V-PAI-3S	3	S	confirmed	finite_verb_morphology	same	person_number_match	3	S	ἀκούει	candidate	not_detected
741	1corintios	14	3	1corintios-14-3-P01	1corintios-14-2-P03	λαλεῖ	λαλέω	V-PAI-3S	3	S	confirmed	finite_verb_morphology	same	person_number_match	3	S	λαλεῖ	candidate	not_detected
742	1corintios	14	4	1corintios-14-4-P01	1corintios-14-3-P01	οἰκοδομεῖ	οἰκοδομέω	V-PAI-3S			candidate	nearest_agreeing_nominative_no_visible_boundary	unresolved	missing_subject_person_or_number	3	S	λαλεῖ	candidate	not_detected
743	1corintios	14	4	1corintios-14-4-P02	1corintios-14-4-P01	οἰκοδομεῖ	οἰκοδομέω	V-PAI-3S	3	S	confirmed	finite_verb_morphology	unresolved	missing_subject_person_or_number			οἰκοδομεῖ	candidate	not_detected
744	1corintios	14	5	1corintios-14-5-P01	1corintios-14-4-P02	θέλω	θέλω	V-PAI-1S	1	S	confirmed	finite_verb_morphology	shift	person_number_change	3	S	οἰκοδομεῖ	candidate	not_detected
745	1corintios	14	5	1corintios-14-5-P02	1corintios-14-5-P01	προφητεύητε	προφητεύω	V-PAS-2P	2	P	confirmed	finite_verb_morphology	shift	person_number_change	1	S	θέλω	unresolved	candidate
746	1corintios	14	5	1corintios-14-5-P03	1corintios-14-5-P02	διερμηνεύῃ	διερμηνεύω	V-PAS-3S			candidate	nearest_agreeing_nominative_no_visible_boundary	unresolved	missing_subject_person_or_number	2	P	προφητεύητε	unresolved	candidate
747	1corintios	14	5	1corintios-14-5-P04	1corintios-14-5-P03	λάβῃ	λαμβάνω	V-AAS-3S			candidate	nearest_agreeing_nominative_no_visible_boundary	unresolved	missing_subject_person_or_number			διερμηνεύῃ	unresolved	candidate
748	1corintios	14	6	1corintios-14-6-P01	1corintios-14-5-P04	ἔλθω	ἔρχομαι	V-AAS-1S	1	S	confirmed	finite_verb_morphology	unresolved	missing_subject_person_or_number			λάβῃ	unresolved	candidate
749	1corintios	14	6	1corintios-14-6-P02	1corintios-14-6-P01	ὠφελήσω	ὠφελέω	V-FAI-1S	1	S	confirmed	finite_verb_morphology	same	person_number_match	1	S	ἔλθω	candidate	not_detected
750	1corintios	14	6	1corintios-14-6-P03	1corintios-14-6-P02	λαλήσω	λαλέω	V-AAS-1S	1	S	confirmed	finite_verb_morphology	same	person_number_match	1	S	ὠφελήσω	unresolved	candidate
751	1corintios	14	7	1corintios-14-7-P01	1corintios-14-6-P03	δῷ	δίδωμι	V-AAS-3S			candidate	nearest_agreeing_nominative_no_visible_boundary	unresolved	missing_subject_person_or_number	1	S	λαλήσω	unresolved	candidate
752	1corintios	14	7	1corintios-14-7-P02	1corintios-14-7-P01	γνωσθήσεται	γινώσκω	V-FPI-3S	3	S	confirmed	finite_verb_morphology	unresolved	missing_subject_person_or_number			δῷ	candidate	not_detected
753	1corintios	14	8	1corintios-14-8-P01	1corintios-14-7-P02	δῷ	δίδωμι	V-AAS-3S			candidate	nearest_agreeing_nominative_no_visible_boundary	unresolved	missing_subject_person_or_number	3	S	γνωσθήσεται	unresolved	candidate
754	1corintios	14	8	1corintios-14-8-P02	1corintios-14-8-P01	παρασκευάσεται	παρασκευάζω	V-FMI-3S			candidate	nearest_agreeing_nominative_no_visible_boundary	unresolved	missing_subject_person_or_number			δῷ	candidate	not_detected
755	1corintios	14	9	1corintios-14-9-P01	1corintios-14-8-P02	δῶτε	δίδωμι	V-AAS-2P	2	P	confirmed	finite_verb_morphology	unresolved	missing_subject_person_or_number			παρασκευάσεται	unresolved	candidate
756	1corintios	14	9	1corintios-14-9-P02	1corintios-14-9-P01	γνωσθήσεται	γινώσκω	V-FPI-3S	3	S	confirmed	finite_verb_morphology	shift	person_number_change	2	P	δῶτε	candidate	not_detected
757	1corintios	14	9	1corintios-14-9-P03	1corintios-14-9-P02	ἔσεσθε	εἰμί	V-FMI-2P	2	P	confirmed	finite_verb_morphology	shift	person_number_change	3	S	γνωσθήσεται	candidate	not_detected
758	1corintios	14	10	1corintios-14-10-P01	1corintios-14-9-P03	τύχοι	τυγχάνω	V-AAO-3S			candidate	nearest_agreeing_nominative_no_visible_boundary	unresolved	missing_subject_person_or_number	2	P	ἔσεσθε	unresolved	candidate
759	1corintios	14	10	1corintios-14-10-P02	1corintios-14-10-P01	εἰσιν	εἰμί	V-PAI-3P			candidate	nearest_agreeing_nominative_no_visible_boundary	unresolved	missing_subject_person_or_number			τύχοι	candidate	not_detected
760	1corintios	14	11	1corintios-14-11-P01	1corintios-14-10-P02	εἰδῶ	οἶδα	V-XAS-1S	1	S	confirmed	finite_verb_morphology	unresolved	missing_subject_person_or_number			εἰσιν	unresolved	candidate
761	1corintios	14	11	1corintios-14-11-P02	1corintios-14-11-P01	ἔσομαι	εἰμί	V-FMI-1S	1	S	confirmed	finite_verb_morphology	same	person_number_match	1	S	εἰδῶ	candidate	not_detected
762	1corintios	14	12	1corintios-14-12-P01	1corintios-14-11-P02	ἐστε	εἰμί	V-PAI-2P	2	P	confirmed	finite_verb_morphology	shift	person_number_change	1	S	ἔσομαι	unresolved	candidate
763	1corintios	14	12	1corintios-14-12-P02	1corintios-14-12-P01	ζητεῖτε	ζητέω	V-PAD-2P	2	P	confirmed	finite_verb_morphology	same	person_number_match	2	P	ἐστε	candidate	not_detected
764	1corintios	14	12	1corintios-14-12-P03	1corintios-14-12-P02	περισσεύητε	περισσεύω	V-PAS-2P	2	P	confirmed	finite_verb_morphology	same	person_number_match	2	P	ζητεῖτε	unresolved	candidate
765	1corintios	14	13	1corintios-14-13-P01	1corintios-14-12-P03	προσευχέσθω	προσεύχομαι	V-PMD-3S			candidate	nearest_agreeing_nominative_no_visible_boundary	unresolved	missing_subject_person_or_number	2	P	περισσεύητε	candidate	not_detected
766	1corintios	14	13	1corintios-14-13-P02	1corintios-14-13-P01	διερμηνεύῃ	διερμηνεύω	V-PAS-3S	3	S	confirmed	finite_verb_morphology	unresolved	missing_subject_person_or_number			προσευχέσθω	unresolved	candidate
767	1corintios	14	14	1corintios-14-14-P01	1corintios-14-13-P02	προσεύχωμαι	προσεύχομαι	V-PMS-1S	1	S	confirmed	finite_verb_morphology	shift	person_number_change	3	S	διερμηνεύῃ	unresolved	candidate
768	1corintios	14	14	1corintios-14-14-P02	1corintios-14-14-P01	προσεύχεται	προσεύχομαι	V-PMI-3S			candidate	nearest_agreeing_nominative_no_visible_boundary	unresolved	missing_subject_person_or_number	1	S	προσεύχωμαι	candidate	not_detected
769	1corintios	14	14	1corintios-14-14-P03	1corintios-14-14-P02	ἐστιν	εἰμί	V-PAI-3S			candidate	nearest_agreeing_nominative_no_visible_boundary	unresolved	missing_subject_person_or_number			προσεύχεται	candidate	not_detected
770	1corintios	14	15	1corintios-14-15-P01	1corintios-14-14-P03	ἐστιν	εἰμί	V-PAI-3S	3	S	confirmed	finite_verb_morphology	unresolved	missing_subject_person_or_number			ἐστιν	candidate	not_detected
771	1corintios	14	15	1corintios-14-15-P02	1corintios-14-15-P01	προσεύξομαι	προσεύχομαι	V-FMI-1S	1	S	confirmed	finite_verb_morphology	shift	person_number_change	3	S	ἐστιν	candidate	not_detected
772	1corintios	14	15	1corintios-14-15-P03	1corintios-14-15-P02	προσεύξομαι	προσεύχομαι	V-FMI-1S	1	S	confirmed	finite_verb_morphology	same	person_number_match	1	S	προσεύξομαι	candidate	not_detected
773	1corintios	14	15	1corintios-14-15-P04	1corintios-14-15-P03	ψαλῶ	ψάλλω	V-FAI-1S	1	S	confirmed	finite_verb_morphology	same	person_number_match	1	S	προσεύξομαι	candidate	not_detected
774	1corintios	14	15	1corintios-14-15-P05	1corintios-14-15-P04	ψαλῶ	ψάλλω	V-FAI-1S	1	S	confirmed	finite_verb_morphology	same	person_number_match	1	S	ψαλῶ	candidate	not_detected
775	1corintios	14	16	1corintios-14-16-P01	1corintios-14-15-P05	εὐλογῇς	εὐλογέω	V-PAS-2S	2	S	confirmed	finite_verb_morphology	shift	person_number_change	1	S	ψαλῶ	unresolved	candidate
776	1corintios	14	16	1corintios-14-16-P02	1corintios-14-16-P01	ἐρεῖ	λέγω	V-FAI-3S	3	S	confirmed	finite_verb_morphology	shift	person_number_change	2	S	εὐλογῇς	candidate	not_detected
777	1corintios	14	16	1corintios-14-16-P03	1corintios-14-16-P02	λέγεις	λέγω	V-PAI-2S	2	S	confirmed	finite_verb_morphology	shift	person_number_change	3	S	ἐρεῖ	unresolved	candidate
778	1corintios	14	16	1corintios-14-16-P04	1corintios-14-16-P03	οἶδεν	οἶδα	V-XAI-3S	3	S	confirmed	finite_verb_morphology	shift	person_number_change	2	S	λέγεις	candidate	not_detected
779	1corintios	14	17	1corintios-14-17-P01	1corintios-14-16-P04	εὐχαριστεῖς	εὐχαριστέω	V-PAI-2S	2	S	confirmed	finite_verb_morphology	shift	person_number_change	3	S	οἶδεν	candidate	not_detected
780	1corintios	14	17	1corintios-14-17-P02	1corintios-14-17-P01	οἰκοδομεῖται	οἰκοδομέω	V-PPI-3S			candidate	nearest_agreeing_nominative_no_visible_boundary	unresolved	missing_subject_person_or_number	2	S	εὐχαριστεῖς	candidate	not_detected
781	1corintios	14	18	1corintios-14-18-P01	1corintios-14-17-P02	εὐχαριστῶ	εὐχαριστέω	V-PAI-1S	1	S	confirmed	finite_verb_morphology	unresolved	missing_subject_person_or_number			οἰκοδομεῖται	candidate	not_detected
782	1corintios	14	18	1corintios-14-18-P02	1corintios-14-18-P01	λαλῶ	λαλέω	V-PAI-1S	1	S	confirmed	finite_verb_morphology	same	person_number_match	1	S	εὐχαριστῶ	candidate	not_detected
783	1corintios	14	19	1corintios-14-19-P01	1corintios-14-18-P02	θέλω	θέλω	V-PAI-1S	1	S	confirmed	finite_verb_morphology	same	person_number_match	1	S	λαλῶ	candidate	not_detected
784	1corintios	14	19	1corintios-14-19-P02	1corintios-14-19-P01	κατηχήσω	κατηχέω	V-AAS-1S	1	S	confirmed	finite_verb_morphology	same	person_number_match	1	S	θέλω	unresolved	candidate
785	1corintios	14	20	1corintios-14-20-P01	1corintios-14-19-P02	γίνεσθε	γίνομαι	V-PMD-2P	2	P	confirmed	finite_verb_morphology	shift	person_number_change	1	S	κατηχήσω	candidate	not_detected
786	1corintios	14	20	1corintios-14-20-P02	1corintios-14-20-P01	νηπιάζετε	νηπιάζω	V-PAD-2P	2	P	confirmed	finite_verb_morphology	same	person_number_match	2	P	γίνεσθε	candidate	not_detected
787	1corintios	14	20	1corintios-14-20-P03	1corintios-14-20-P02	γίνεσθε	γίνομαι	V-PMD-2P	2	P	confirmed	finite_verb_morphology	same	person_number_match	2	P	νηπιάζετε	candidate	not_detected
788	1corintios	14	21	1corintios-14-21-P01	1corintios-14-20-P03	γέγραπται	γράφω	V-XPI-3S	3	S	confirmed	finite_verb_morphology	shift	person_number_change	2	P	γίνεσθε	candidate	not_detected
789	1corintios	14	21	1corintios-14-21-P02	1corintios-14-21-P01	λαλήσω	λαλέω	V-FAI-1S	1	S	confirmed	finite_verb_morphology	shift	person_number_change	3	S	γέγραπται	unresolved	candidate
790	1corintios	14	21	1corintios-14-21-P03	1corintios-14-21-P02	εἰσακούσονταί	εἰσακούω	V-FMI-3P	3	P	confirmed	finite_verb_morphology	shift	person_number_change	1	S	λαλήσω	candidate	not_detected
791	1corintios	14	21	1corintios-14-21-P04	1corintios-14-21-P03	λέγει	λέγω	V-PAI-3S	3	S	confirmed	finite_verb_morphology	shift	person_number_change	3	P	εἰσακούσονταί	candidate	not_detected
792	1corintios	14	22	1corintios-14-22-P01	1corintios-14-21-P04	εἰσιν	εἰμί	V-PAI-3P			candidate	nearest_agreeing_nominative_no_visible_boundary	unresolved	missing_subject_person_or_number	3	S	λέγει	unresolved	candidate
793	1corintios	14	23	1corintios-14-23-P01	1corintios-14-22-P01	συνέλθῃ	συνέρχομαι	V-AAS-3S	3	S	confirmed	finite_verb_morphology	unresolved	missing_subject_person_or_number			εἰσιν	unresolved	candidate
794	1corintios	14	23	1corintios-14-23-P02	1corintios-14-23-P01	λαλῶσιν	λαλέω	V-PAS-3P			candidate	nearest_agreeing_nominative_no_visible_boundary	unresolved	missing_subject_person_or_number	3	S	συνέλθῃ	candidate	not_detected
795	1corintios	14	23	1corintios-14-23-P03	1corintios-14-23-P02	εἰσέλθωσιν	εἰσέρχομαι	V-AAS-3P	3	P	confirmed	finite_verb_morphology	unresolved	missing_subject_person_or_number			λαλῶσιν	candidate	not_detected
796	1corintios	14	23	1corintios-14-23-P04	1corintios-14-23-P03	ἐροῦσιν	λέγω	V-FAI-3P			candidate	nearest_agreeing_nominative_no_visible_boundary	unresolved	missing_subject_person_or_number	3	P	εἰσέλθωσιν	candidate	not_detected
797	1corintios	14	23	1corintios-14-23-P05	1corintios-14-23-P04	μαίνεσθε	μαίνομαι	V-PMI-2P	2	P	confirmed	finite_verb_morphology	unresolved	missing_subject_person_or_number			ἐροῦσιν	unresolved	candidate
798	1corintios	14	24	1corintios-14-24-P01	1corintios-14-23-P05	προφητεύωσιν	προφητεύω	V-PAS-3P			candidate	nearest_agreeing_nominative_no_visible_boundary	unresolved	missing_subject_person_or_number	2	P	μαίνεσθε	unresolved	candidate
799	1corintios	14	24	1corintios-14-24-P02	1corintios-14-24-P01	εἰσέλθῃ	εἰσέρχομαι	V-AAS-3S	3	S	confirmed	finite_verb_morphology	unresolved	missing_subject_person_or_number			προφητεύωσιν	candidate	not_detected
800	1corintios	14	24	1corintios-14-24-P03	1corintios-14-24-P02	ἐλέγχεται	ἐλέγχω	V-PPI-3S			candidate	nearest_agreeing_nominative_no_visible_boundary	unresolved	missing_subject_person_or_number	3	S	εἰσέλθῃ	candidate	not_detected
801	1corintios	14	24	1corintios-14-24-P04	1corintios-14-24-P03	ἀνακρίνεται	ἀνακρίνω	V-PPI-3S	3	S	confirmed	finite_verb_morphology	unresolved	missing_subject_person_or_number			ἐλέγχεται	candidate	not_detected
802	1corintios	14	25	1corintios-14-25-P01	1corintios-14-24-P04	γίνεται	γίνομαι	V-PMI-3S			candidate	nearest_agreeing_nominative_no_visible_boundary	unresolved	missing_subject_person_or_number	3	S	ἀνακρίνεται	candidate	not_detected
803	1corintios	14	25	1corintios-14-25-P02	1corintios-14-25-P01	προσκυνήσει	προσκυνέω	V-FAI-3S	3	S	confirmed	finite_verb_morphology	unresolved	missing_subject_person_or_number			γίνεται	candidate	not_detected
804	1corintios	14	25	1corintios-14-25-P03	1corintios-14-25-P02	ἐστιν	εἰμί	V-PAI-3S			candidate	nearest_agreeing_nominative_no_visible_boundary	unresolved	missing_subject_person_or_number	3	S	προσκυνήσει	unresolved	candidate
805	1corintios	14	26	1corintios-14-26-P01	1corintios-14-25-P03	ἐστιν	εἰμί	V-PAI-3S	3	S	confirmed	finite_verb_morphology	unresolved	missing_subject_person_or_number			ἐστιν	candidate	not_detected
806	1corintios	14	26	1corintios-14-26-P02	1corintios-14-26-P01	συνέρχησθε	συνέρχομαι	V-PMS-2P	2	P	confirmed	finite_verb_morphology	shift	person_number_change	3	S	ἐστιν	unresolved	candidate
807	1corintios	14	26	1corintios-14-26-P03	1corintios-14-26-P02	ἔχει	ἔχω	V-PAI-3S			candidate	nearest_agreeing_nominative_no_visible_boundary	unresolved	missing_subject_person_or_number	2	P	συνέρχησθε	candidate	not_detected
808	1corintios	14	26	1corintios-14-26-P04	1corintios-14-26-P03	ἔχει	ἔχω	V-PAI-3S	3	S	confirmed	finite_verb_morphology	unresolved	missing_subject_person_or_number			ἔχει	candidate	not_detected
809	1corintios	14	26	1corintios-14-26-P05	1corintios-14-26-P04	ἔχει	ἔχω	V-PAI-3S	3	S	confirmed	finite_verb_morphology	same	person_number_match	3	S	ἔχει	candidate	not_detected
810	1corintios	14	26	1corintios-14-26-P06	1corintios-14-26-P05	ἔχει	ἔχω	V-PAI-3S	3	S	confirmed	finite_verb_morphology	same	person_number_match	3	S	ἔχει	candidate	not_detected
811	1corintios	14	26	1corintios-14-26-P07	1corintios-14-26-P06	ἔχει	ἔχω	V-PAI-3S	3	S	confirmed	finite_verb_morphology	same	person_number_match	3	S	ἔχει	candidate	not_detected
812	1corintios	14	26	1corintios-14-26-P08	1corintios-14-26-P07	γινέσθω	γίνομαι	V-PMD-3S			candidate	nearest_agreeing_nominative_no_visible_boundary	unresolved	missing_subject_person_or_number	3	S	ἔχει	candidate	not_detected
813	1corintios	14	27	1corintios-14-27-P01	1corintios-14-26-P08	λαλεῖ	λαλέω	V-PAI-3S			candidate	nearest_agreeing_nominative_no_visible_boundary	unresolved	missing_subject_person_or_number			γινέσθω	candidate	not_detected
814	1corintios	14	27	1corintios-14-27-P02	1corintios-14-27-P01	διερμηνευέτω	διερμηνεύω	V-PAD-3S			candidate	nearest_agreeing_nominative_no_visible_boundary	unresolved	missing_subject_person_or_number			λαλεῖ	candidate	not_detected
815	1corintios	14	28	1corintios-14-28-P01	1corintios-14-27-P02	ᾖ	εἰμί	V-PAS-3S	3	S	confirmed	finite_verb_morphology	unresolved	missing_subject_person_or_number			διερμηνευέτω	unresolved	candidate
816	1corintios	14	28	1corintios-14-28-P02	1corintios-14-28-P01	σιγάτω	σιγάω	V-PAD-3S			candidate	nearest_agreeing_nominative_no_visible_boundary	unresolved	missing_subject_person_or_number	3	S	ᾖ	candidate	not_detected
817	1corintios	14	28	1corintios-14-28-P03	1corintios-14-28-P02	λαλείτω	λαλέω	V-PAD-3S	3	S	confirmed	finite_verb_morphology	unresolved	missing_subject_person_or_number			σιγάτω	candidate	not_detected
818	1corintios	14	29	1corintios-14-29-P01	1corintios-14-28-P03	λαλείτωσαν	λαλέω	V-PAD-3P			candidate	nearest_agreeing_nominative_no_visible_boundary	unresolved	missing_subject_person_or_number	3	S	λαλείτω	candidate	not_detected
819	1corintios	14	29	1corintios-14-29-P02	1corintios-14-29-P01	διακρινέτωσαν	διακρίνω	V-PAD-3P			candidate	nearest_agreeing_nominative_no_visible_boundary	unresolved	missing_subject_person_or_number			λαλείτωσαν	candidate	not_detected
820	1corintios	14	30	1corintios-14-30-P01	1corintios-14-29-P02	ἀποκαλυφθῇ	ἀποκαλύπτω	V-APS-3S	3	S	confirmed	finite_verb_morphology	unresolved	missing_subject_person_or_number			διακρινέτωσαν	unresolved	candidate
821	1corintios	14	30	1corintios-14-30-P02	1corintios-14-30-P01	σιγάτω	σιγάω	V-PAD-3S			candidate	nearest_agreeing_nominative_no_visible_boundary	unresolved	missing_subject_person_or_number	3	S	ἀποκαλυφθῇ	candidate	not_detected
822	1corintios	14	31	1corintios-14-31-P01	1corintios-14-30-P02	δύνασθε	δύναμαι	V-PMI-2P	2	P	confirmed	finite_verb_morphology	unresolved	missing_subject_person_or_number			σιγάτω	candidate	not_detected
823	1corintios	14	31	1corintios-14-31-P02	1corintios-14-31-P01	μανθάνωσιν	μανθάνω	V-PAS-3P			candidate	nearest_agreeing_nominative_no_visible_boundary	unresolved	missing_subject_person_or_number	2	P	δύνασθε	unresolved	candidate
824	1corintios	14	31	1corintios-14-31-P03	1corintios-14-31-P02	παρακαλῶνται	παρακαλέω	V-PPS-3P			candidate	nearest_agreeing_nominative_no_visible_boundary	unresolved	missing_subject_person_or_number			μανθάνωσιν	candidate	not_detected
825	1corintios	14	32	1corintios-14-32-P01	1corintios-14-31-P03	ὑποτάσσεται	ὑποτάσσω	V-PPI-3S			candidate	nearest_agreeing_nominative_no_visible_boundary	unresolved	missing_subject_person_or_number			παρακαλῶνται	candidate	not_detected
826	1corintios	14	33	1corintios-14-33-P01	1corintios-14-32-P01	ἐστιν	εἰμί	V-PAI-3S	3	S	confirmed	finite_verb_morphology	unresolved	missing_subject_person_or_number			ὑποτάσσεται	candidate	not_detected
827	1corintios	14	34	1corintios-14-34-P01	1corintios-14-33-P01	σιγάτωσαν	σιγάω	V-PAD-3P			candidate	nearest_agreeing_nominative_no_visible_boundary	unresolved	missing_subject_person_or_number	3	S	ἐστιν	candidate	not_detected
828	1corintios	14	34	1corintios-14-34-P02	1corintios-14-34-P01	ἐπιτρέπεται	ἐπιτρέπω	V-PPI-3S	3	S	confirmed	finite_verb_morphology	unresolved	missing_subject_person_or_number			σιγάτωσαν	candidate	not_detected
829	1corintios	14	34	1corintios-14-34-P03	1corintios-14-34-P02	ὑποτασσέσθωσαν	ὑποτάσσω	V-PPD-3P	3	P	confirmed	finite_verb_morphology	shift	person_number_change	3	S	ἐπιτρέπεται	candidate	not_detected
830	1corintios	14	34	1corintios-14-34-P04	1corintios-14-34-P03	λέγει	λέγω	V-PAI-3S			candidate	nearest_agreeing_nominative_no_visible_boundary	unresolved	missing_subject_person_or_number	3	P	ὑποτασσέσθωσαν	unresolved	candidate
831	1corintios	14	35	1corintios-14-35-P01	1corintios-14-34-P04	θέλουσιν	θέλω	V-PAI-3P	3	P	confirmed	finite_verb_morphology	unresolved	missing_subject_person_or_number			λέγει	unresolved	candidate
832	1corintios	14	35	1corintios-14-35-P02	1corintios-14-35-P01	ἐπερωτάτωσαν	ἐπερωτάω	V-PAD-3P	3	P	confirmed	finite_verb_morphology	same	person_number_match	3	P	θέλουσιν	candidate	not_detected
833	1corintios	14	35	1corintios-14-35-P03	1corintios-14-35-P02	ἐστιν	εἰμί	V-PAI-3S	3	S	confirmed	finite_verb_morphology	shift	person_number_change	3	P	ἐπερωτάτωσαν	candidate	not_detected
834	1corintios	14	36	1corintios-14-36-P01	1corintios-14-35-P03	ἐξῆλθεν	ἐξέρχομαι	V-AAI-3S			candidate	nearest_agreeing_nominative_no_visible_boundary	unresolved	missing_subject_person_or_number	3	S	ἐστιν	candidate	not_detected
835	1corintios	14	36	1corintios-14-36-P02	1corintios-14-36-P01	κατήντησεν	καταντάω	V-AAI-3S	3	S	confirmed	finite_verb_morphology	unresolved	missing_subject_person_or_number			ἐξῆλθεν	candidate	not_detected
836	1corintios	14	37	1corintios-14-37-P01	1corintios-14-36-P02	δοκεῖ	δοκέω	V-PAI-3S			candidate	nearest_agreeing_nominative_no_visible_boundary	unresolved	missing_subject_person_or_number	3	S	κατήντησεν	unresolved	candidate
837	1corintios	14	37	1corintios-14-37-P02	1corintios-14-37-P01	ἐπιγινωσκέτω	ἐπιγινώσκω	V-PAD-3S			candidate	nearest_agreeing_nominative_no_visible_boundary	unresolved	missing_subject_person_or_number			δοκεῖ	candidate	not_detected
838	1corintios	14	37	1corintios-14-37-P03	1corintios-14-37-P02	γράφω	γράφω	V-PAI-1S	1	S	confirmed	finite_verb_morphology	unresolved	missing_subject_person_or_number			ἐπιγινωσκέτω	candidate	not_detected
839	1corintios	14	37	1corintios-14-37-P04	1corintios-14-37-P03	ἐστίν	εἰμί	V-PAI-3S	3	S	confirmed	finite_verb_morphology	shift	person_number_change	1	S	γράφω	unresolved	candidate
840	1corintios	14	38	1corintios-14-38-P01	1corintios-14-37-P04	ἀγνοεῖ	ἀγνοέω	V-PAI-3S			candidate	nearest_agreeing_nominative_no_visible_boundary	unresolved	missing_subject_person_or_number	3	S	ἐστίν	unresolved	candidate
841	1corintios	14	38	1corintios-14-38-P02	1corintios-14-38-P01	ἀγνοεῖται	ἀγνοέω	V-PPI-3S	3	S	confirmed	finite_verb_morphology	unresolved	missing_subject_person_or_number			ἀγνοεῖ	candidate	not_detected
842	1corintios	14	39	1corintios-14-39-P01	1corintios-14-38-P02	ζηλοῦτε	ζηλόω	V-PAD-2P	2	P	confirmed	finite_verb_morphology	shift	person_number_change	3	S	ἀγνοεῖται	unresolved	candidate
843	1corintios	14	39	1corintios-14-39-P02	1corintios-14-39-P01	κωλύετε	κωλύω	V-PAD-2P	2	P	confirmed	finite_verb_morphology	same	person_number_match	2	P	ζηλοῦτε	candidate	not_detected
844	1corintios	14	40	1corintios-14-40-P01	1corintios-14-39-P02	γινέσθω	γίνομαι	V-PMD-3S	3	S	confirmed	finite_verb_morphology	shift	person_number_change	2	P	κωλύετε	candidate	not_detected
845	1corintios	15	1	1corintios-15-1-P01	1corintios-14-40-P01	γνωρίζω	γνωρίζω	V-PAI-1S	1	S	confirmed	finite_verb_morphology	shift	person_number_change	3	S	γινέσθω	candidate	not_detected
846	1corintios	15	1	1corintios-15-1-P02	1corintios-15-1-P01	εὐηγγελισάμην	εὐαγγελίζω	V-AMI-1S	1	S	confirmed	finite_verb_morphology	same	person_number_match	1	S	γνωρίζω	candidate	not_detected
847	1corintios	15	1	1corintios-15-1-P03	1corintios-15-1-P02	παρελάβετε	παραλαμβάνω	V-AAI-2P	2	P	confirmed	finite_verb_morphology	shift	person_number_change	1	S	εὐηγγελισάμην	candidate	not_detected
848	1corintios	15	1	1corintios-15-1-P04	1corintios-15-1-P03	ἑστήκατε	ἵστημι	V-XAI-2P	2	P	confirmed	finite_verb_morphology	same	person_number_match	2	P	παρελάβετε	candidate	not_detected
849	1corintios	15	2	1corintios-15-2-P01	1corintios-15-1-P04	σῴζεσθε	σῴζω	V-PPI-2P	2	P	confirmed	finite_verb_morphology	same	person_number_match	2	P	ἑστήκατε	candidate	not_detected
850	1corintios	15	2	1corintios-15-2-P02	1corintios-15-2-P01	εὐηγγελισάμην	εὐαγγελίζω	V-AMI-1S	1	S	confirmed	finite_verb_morphology	shift	person_number_change	2	P	σῴζεσθε	candidate	not_detected
851	1corintios	15	2	1corintios-15-2-P03	1corintios-15-2-P02	κατέχετε	κατέχω	V-PAI-2P	2	P	confirmed	finite_verb_morphology	shift	person_number_change	1	S	εὐηγγελισάμην	unresolved	candidate
852	1corintios	15	2	1corintios-15-2-P04	1corintios-15-2-P03	ἐπιστεύσατε	πιστεύω	V-AAI-2P	2	P	confirmed	finite_verb_morphology	same	person_number_match	2	P	κατέχετε	unresolved	candidate
853	1corintios	15	3	1corintios-15-3-P01	1corintios-15-2-P04	παρέδωκα	παραδίδωμι	V-AAI-1S	1	S	confirmed	finite_verb_morphology	shift	person_number_change	2	P	ἐπιστεύσατε	candidate	not_detected
854	1corintios	15	3	1corintios-15-3-P02	1corintios-15-3-P01	παρέλαβον	παραλαμβάνω	V-AAI-1S	1	S	confirmed	finite_verb_morphology	same	person_number_match	1	S	παρέδωκα	candidate	not_detected
855	1corintios	15	3	1corintios-15-3-P03	1corintios-15-3-P02	ἀπέθανεν	ἀποθνῄσκω	V-AAI-3S			candidate	nearest_agreeing_nominative_no_visible_boundary	unresolved	missing_subject_person_or_number	1	S	παρέλαβον	unresolved	candidate
856	1corintios	15	4	1corintios-15-4-P01	1corintios-15-3-P03	ἐτάφη	θάπτω	V-API-3S	3	S	confirmed	finite_verb_morphology	unresolved	missing_subject_person_or_number			ἀπέθανεν	unresolved	candidate
857	1corintios	15	4	1corintios-15-4-P02	1corintios-15-4-P01	ἐγήγερται	ἐγείρω	V-XPI-3S	3	S	confirmed	finite_verb_morphology	same	person_number_match	3	S	ἐτάφη	unresolved	candidate
858	1corintios	15	5	1corintios-15-5-P01	1corintios-15-4-P02	ὤφθη	ὁράω	V-API-3S	3	S	confirmed	finite_verb_morphology	same	person_number_match	3	S	ἐγήγερται	unresolved	candidate
859	1corintios	15	6	1corintios-15-6-P01	1corintios-15-5-P01	ὤφθη	ὁράω	V-API-3S	3	S	confirmed	finite_verb_morphology	same	person_number_match	3	S	ὤφθη	candidate	not_detected
860	1corintios	15	6	1corintios-15-6-P02	1corintios-15-6-P01	μένουσιν	μένω	V-PAI-3P			candidate	nearest_agreeing_nominative_no_visible_boundary	unresolved	missing_subject_person_or_number	3	S	ὤφθη	candidate	not_detected
861	1corintios	15	6	1corintios-15-6-P03	1corintios-15-6-P02	ἐκοιμήθησαν	κοιμάομαι	V-API-3P	3	P	confirmed	finite_verb_morphology	unresolved	missing_subject_person_or_number			μένουσιν	candidate	not_detected
862	1corintios	15	7	1corintios-15-7-P01	1corintios-15-6-P03	ὤφθη	ὁράω	V-API-3S	3	S	confirmed	finite_verb_morphology	shift	person_number_change	3	P	ἐκοιμήθησαν	candidate	not_detected
863	1corintios	15	8	1corintios-15-8-P01	1corintios-15-7-P01	ὤφθη	ὁράω	V-API-3S	3	S	confirmed	finite_verb_morphology	same	person_number_match	3	S	ὤφθη	candidate	not_detected
864	1corintios	15	9	1corintios-15-9-P01	1corintios-15-8-P01	εἰμι	εἰμί	V-PAI-1S	1	S	confirmed	finite_verb_morphology	shift	person_number_change	3	S	ὤφθη	candidate	not_detected
865	1corintios	15	9	1corintios-15-9-P02	1corintios-15-9-P01	εἰμὶ	εἰμί	V-PAI-1S	1	S	confirmed	finite_verb_morphology	same	person_number_match	1	S	εἰμι	candidate	not_detected
866	1corintios	15	9	1corintios-15-9-P03	1corintios-15-9-P02	ἐδίωξα	διώκω	V-AAI-1S	1	S	confirmed	finite_verb_morphology	same	person_number_match	1	S	εἰμὶ	candidate	not_detected
867	1corintios	15	10	1corintios-15-10-P01	1corintios-15-9-P03	εἰμι	εἰμί	V-PAI-1S	1	S	confirmed	finite_verb_morphology	same	person_number_match	1	S	ἐδίωξα	candidate	not_detected
868	1corintios	15	10	1corintios-15-10-P02	1corintios-15-10-P01	εἰμι	εἰμί	V-PAI-1S	1	S	confirmed	finite_verb_morphology	same	person_number_match	1	S	εἰμι	candidate	not_detected
869	1corintios	15	10	1corintios-15-10-P03	1corintios-15-10-P02	ἐγενήθη	γίνομαι	V-API-3S			candidate	nearest_agreeing_nominative_no_visible_boundary	unresolved	missing_subject_person_or_number	1	S	εἰμι	candidate	not_detected
870	1corintios	15	10	1corintios-15-10-P04	1corintios-15-10-P03	ἐκοπίασα	κοπιάω	V-AAI-1S	1	S	confirmed	finite_verb_morphology	unresolved	missing_subject_person_or_number			ἐγενήθη	candidate	not_detected
871	1corintios	15	11	1corintios-15-11-P01	1corintios-15-10-P04	κηρύσσομεν	κηρύσσω	V-PAI-1P	1	P	confirmed	finite_verb_morphology	shift	person_number_change	1	S	ἐκοπίασα	candidate	not_detected
872	1corintios	15	11	1corintios-15-11-P02	1corintios-15-11-P01	ἐπιστεύσατε	πιστεύω	V-AAI-2P	2	P	confirmed	finite_verb_morphology	shift	person_number_change	1	P	κηρύσσομεν	candidate	not_detected
873	1corintios	15	12	1corintios-15-12-P01	1corintios-15-11-P02	κηρύσσεται	κηρύσσω	V-PPI-3S			candidate	nearest_agreeing_nominative_no_visible_boundary	unresolved	missing_subject_person_or_number	2	P	ἐπιστεύσατε	unresolved	candidate
874	1corintios	15	12	1corintios-15-12-P02	1corintios-15-12-P01	ἐγήγερται	ἐγείρω	V-XPI-3S	3	S	confirmed	finite_verb_morphology	unresolved	missing_subject_person_or_number			κηρύσσεται	unresolved	candidate
875	1corintios	15	12	1corintios-15-12-P03	1corintios-15-12-P02	λέγουσιν	λέγω	V-PAI-3P	3	P	confirmed	finite_verb_morphology	shift	person_number_change	3	S	ἐγήγερται	candidate	not_detected
876	1corintios	15	12	1corintios-15-12-P04	1corintios-15-12-P03	ἔστιν	εἰμί	V-PAI-3S			candidate	nearest_agreeing_nominative_no_visible_boundary	unresolved	missing_subject_person_or_number	3	P	λέγουσιν	unresolved	candidate
877	1corintios	15	13	1corintios-15-13-P01	1corintios-15-12-P04	ἔστιν	εἰμί	V-PAI-3S			candidate	nearest_agreeing_nominative_no_visible_boundary	unresolved	missing_subject_person_or_number			ἔστιν	unresolved	candidate
878	1corintios	15	13	1corintios-15-13-P02	1corintios-15-13-P01	ἐγήγερται	ἐγείρω	V-XPI-3S			candidate	nearest_agreeing_nominative_no_visible_boundary	unresolved	missing_subject_person_or_number			ἔστιν	candidate	not_detected
879	1corintios	15	14	1corintios-15-14-P01	1corintios-15-13-P02	ἐγήγερται	ἐγείρω	V-XPI-3S			candidate	nearest_agreeing_nominative_no_visible_boundary	unresolved	missing_subject_person_or_number			ἐγήγερται	unresolved	candidate
880	1corintios	15	15	1corintios-15-15-P01	1corintios-15-14-P01	εὑρισκόμεθα	εὑρίσκω	V-PPI-1P	1	P	confirmed	finite_verb_morphology	unresolved	missing_subject_person_or_number			ἐγήγερται	candidate	not_detected
881	1corintios	15	15	1corintios-15-15-P02	1corintios-15-15-P01	ἐμαρτυρήσαμεν	μαρτυρέω	V-AAI-1P	1	P	confirmed	finite_verb_morphology	same	person_number_match	1	P	εὑρισκόμεθα	unresolved	candidate
882	1corintios	15	15	1corintios-15-15-P03	1corintios-15-15-P02	ἤγειρεν	ἐγείρω	V-AAI-3S	3	S	confirmed	finite_verb_morphology	shift	person_number_change	1	P	ἐμαρτυρήσαμεν	unresolved	candidate
883	1corintios	15	15	1corintios-15-15-P04	1corintios-15-15-P03	ἤγειρεν	ἐγείρω	V-AAI-3S	3	S	confirmed	finite_verb_morphology	same	person_number_match	3	S	ἤγειρεν	candidate	not_detected
884	1corintios	15	15	1corintios-15-15-P05	1corintios-15-15-P04	ἐγείρονται	ἐγείρω	V-PPI-3P			candidate	nearest_agreeing_nominative_no_visible_boundary	unresolved	missing_subject_person_or_number	3	S	ἤγειρεν	candidate	not_detected
885	1corintios	15	16	1corintios-15-16-P01	1corintios-15-15-P05	ἐγείρονται	ἐγείρω	V-PPI-3P			candidate	nearest_agreeing_nominative_no_visible_boundary	unresolved	missing_subject_person_or_number			ἐγείρονται	unresolved	candidate
886	1corintios	15	16	1corintios-15-16-P02	1corintios-15-16-P01	ἐγήγερται	ἐγείρω	V-XPI-3S			candidate	nearest_agreeing_nominative_no_visible_boundary	unresolved	missing_subject_person_or_number			ἐγείρονται	candidate	not_detected
887	1corintios	15	17	1corintios-15-17-P01	1corintios-15-16-P02	ἐγήγερται	ἐγείρω	V-XPI-3S			candidate	nearest_agreeing_nominative_no_visible_boundary	unresolved	missing_subject_person_or_number			ἐγήγερται	unresolved	candidate
888	1corintios	15	17	1corintios-15-17-P02	1corintios-15-17-P01	ἐστὲ	εἰμί	V-PAI-2P	2	P	confirmed	finite_verb_morphology	unresolved	missing_subject_person_or_number			ἐγήγερται	candidate	not_detected
889	1corintios	15	18	1corintios-15-18-P01	1corintios-15-17-P02	ἀπώλοντο	ἀπόλλυμι	V-AMI-3P			candidate	nearest_agreeing_nominative_no_visible_boundary	unresolved	missing_subject_person_or_number	2	P	ἐστὲ	candidate	not_detected
890	1corintios	15	19	1corintios-15-19-P01	1corintios-15-18-P01	ἐσμὲν	εἰμί	V-PAI-1P	1	P	confirmed	finite_verb_morphology	unresolved	missing_subject_person_or_number			ἀπώλοντο	unresolved	candidate
891	1corintios	15	19	1corintios-15-19-P02	1corintios-15-19-P01	ἐσμέν	εἰμί	V-PAI-1P	1	P	confirmed	finite_verb_morphology	same	person_number_match	1	P	ἐσμὲν	candidate	not_detected
892	1corintios	15	20	1corintios-15-20-P01	1corintios-15-19-P02	ἐγήγερται	ἐγείρω	V-XPI-3S			candidate	nearest_agreeing_nominative_no_visible_boundary	unresolved	missing_subject_person_or_number	1	P	ἐσμέν	candidate	not_detected
893	1corintios	15	22	1corintios-15-22-P01	1corintios-15-20-P01	ἀποθνῄσκουσιν	ἀποθνῄσκω	V-PAI-3P			candidate	nearest_agreeing_nominative_no_visible_boundary	unresolved	missing_subject_person_or_number			ἐγήγερται	candidate	not_detected
894	1corintios	15	22	1corintios-15-22-P02	1corintios-15-22-P01	ζῳοποιηθήσονται	ζῳοποιέω	V-FPI-3P			candidate	nearest_agreeing_nominative_no_visible_boundary	unresolved	missing_subject_person_or_number			ἀποθνῄσκουσιν	candidate	not_detected
895	1corintios	15	24	1corintios-15-24-P01	1corintios-15-22-P02	παραδιδῷ	παραδίδωμι	V-PAS-3S			candidate	nearest_agreeing_nominative_no_visible_boundary	unresolved	missing_subject_person_or_number			ζῳοποιηθήσονται	unresolved	candidate
896	1corintios	15	24	1corintios-15-24-P02	1corintios-15-24-P01	καταργήσῃ	καταργέω	V-AAS-3S	3	S	confirmed	finite_verb_morphology	unresolved	missing_subject_person_or_number			παραδιδῷ	unresolved	candidate
897	1corintios	15	25	1corintios-15-25-P01	1corintios-15-24-P02	δεῖ	δέω	V-PAI-3S	3	S	confirmed	finite_verb_morphology	same	person_number_match	3	S	καταργήσῃ	candidate	not_detected
898	1corintios	15	25	1corintios-15-25-P02	1corintios-15-25-P01	θῇ	τίθημι	V-AAS-3S	3	S	confirmed	finite_verb_morphology	same	person_number_match	3	S	δεῖ	candidate	not_detected
899	1corintios	15	26	1corintios-15-26-P01	1corintios-15-25-P02	καταργεῖται	καταργέω	V-PPI-3S			candidate	nearest_agreeing_nominative_no_visible_boundary	unresolved	missing_subject_person_or_number	3	S	θῇ	candidate	not_detected
900	1corintios	15	27	1corintios-15-27-P01	1corintios-15-26-P01	ὑπέταξεν	ὑποτάσσω	V-AAI-3S	3	S	confirmed	finite_verb_morphology	unresolved	missing_subject_person_or_number			καταργεῖται	candidate	not_detected
901	1corintios	15	27	1corintios-15-27-P02	1corintios-15-27-P01	εἴπῃ	λέγω	V-AAS-3S	3	S	confirmed	finite_verb_morphology	same	person_number_match	3	S	ὑπέταξεν	unresolved	candidate
902	1corintios	15	27	1corintios-15-27-P03	1corintios-15-27-P02	ὑποτέτακται	ὑποτάσσω	V-XPI-3S			candidate	nearest_agreeing_nominative_no_visible_boundary	unresolved	missing_subject_person_or_number	3	S	εἴπῃ	unresolved	candidate
903	1corintios	15	28	1corintios-15-28-P01	1corintios-15-27-P03	ὑποταγῇ	ὑποτάσσω	V-APS-3S	3	S	confirmed	finite_verb_morphology	unresolved	missing_subject_person_or_number			ὑποτέτακται	unresolved	candidate
904	1corintios	15	28	1corintios-15-28-P02	1corintios-15-28-P01	ὑποταγήσεται	ὑποτάσσω	V-FPI-3S			candidate	nearest_agreeing_nominative_no_visible_boundary	unresolved	missing_subject_person_or_number	3	S	ὑποταγῇ	candidate	not_detected
905	1corintios	15	28	1corintios-15-28-P03	1corintios-15-28-P02	ᾖ	εἰμί	V-PAS-3S	3	S	confirmed	finite_verb_morphology	unresolved	missing_subject_person_or_number			ὑποταγήσεται	unresolved	candidate
906	1corintios	15	29	1corintios-15-29-P01	1corintios-15-28-P03	ποιήσουσιν	ποιέω	V-FAI-3P	3	P	confirmed	finite_verb_morphology	shift	person_number_change	3	S	ᾖ	unresolved	candidate
907	1corintios	15	29	1corintios-15-29-P02	1corintios-15-29-P01	ἐγείρονται	ἐγείρω	V-PPI-3P			candidate	nearest_agreeing_nominative_no_visible_boundary	unresolved	missing_subject_person_or_number	3	P	ποιήσουσιν	unresolved	candidate
908	1corintios	15	29	1corintios-15-29-P03	1corintios-15-29-P02	βαπτίζονται	βαπτίζω	V-PPI-3P	3	P	confirmed	finite_verb_morphology	unresolved	missing_subject_person_or_number			ἐγείρονται	candidate	not_detected
909	1corintios	15	30	1corintios-15-30-P01	1corintios-15-29-P03	κινδυνεύομεν	κινδυνεύω	V-PAI-1P	1	P	confirmed	finite_verb_morphology	shift	person_number_change	3	P	βαπτίζονται	candidate	not_detected
910	1corintios	15	31	1corintios-15-31-P01	1corintios-15-30-P01	ἀποθνῄσκω	ἀποθνῄσκω	V-PAI-1S	1	S	confirmed	finite_verb_morphology	shift	person_number_change	1	P	κινδυνεύομεν	candidate	not_detected
911	1corintios	15	31	1corintios-15-31-P02	1corintios-15-31-P01	ἔχω	ἔχω	V-PAI-1S	1	S	confirmed	finite_verb_morphology	same	person_number_match	1	S	ἀποθνῄσκω	candidate	not_detected
912	1corintios	15	32	1corintios-15-32-P01	1corintios-15-31-P02	ἐθηριομάχησα	θηριομαχέω	V-AAI-1S	1	S	confirmed	finite_verb_morphology	same	person_number_match	1	S	ἔχω	unresolved	candidate
913	1corintios	15	32	1corintios-15-32-P02	1corintios-15-32-P01	ἐγείρονται	ἐγείρω	V-PPI-3P			candidate	nearest_agreeing_nominative_no_visible_boundary	unresolved	missing_subject_person_or_number	1	S	ἐθηριομάχησα	unresolved	candidate
914	1corintios	15	32	1corintios-15-32-P03	1corintios-15-32-P02	φάγωμεν	ἐσθίω	V-AAS-1P	1	P	confirmed	finite_verb_morphology	unresolved	missing_subject_person_or_number			ἐγείρονται	candidate	not_detected
915	1corintios	15	32	1corintios-15-32-P04	1corintios-15-32-P03	πίωμεν	πίνω	V-AAS-1P	1	P	confirmed	finite_verb_morphology	same	person_number_match	1	P	φάγωμεν	candidate	not_detected
916	1corintios	15	32	1corintios-15-32-P05	1corintios-15-32-P04	ἀποθνῄσκομεν	ἀποθνῄσκω	V-PAI-1P	1	P	confirmed	finite_verb_morphology	same	person_number_match	1	P	πίωμεν	candidate	not_detected
917	1corintios	15	33	1corintios-15-33-P01	1corintios-15-32-P05	πλανᾶσθε	πλανάω	V-PPD-2P	2	P	confirmed	finite_verb_morphology	shift	person_number_change	1	P	ἀποθνῄσκομεν	candidate	not_detected
918	1corintios	15	33	1corintios-15-33-P02	1corintios-15-33-P01	φθείρουσιν	φθείρω	V-PAI-3P	3	P	confirmed	finite_verb_morphology	shift	person_number_change	2	P	πλανᾶσθε	candidate	not_detected
919	1corintios	15	34	1corintios-15-34-P01	1corintios-15-33-P02	ἐκνήψατε	ἐκνήφω	V-AAD-2P	2	P	confirmed	finite_verb_morphology	shift	person_number_change	3	P	φθείρουσιν	candidate	not_detected
920	1corintios	15	34	1corintios-15-34-P02	1corintios-15-34-P01	ἁμαρτάνετε	ἁμαρτάνω	V-PAD-2P	2	P	confirmed	finite_verb_morphology	same	person_number_match	2	P	ἐκνήψατε	candidate	not_detected
921	1corintios	15	34	1corintios-15-34-P03	1corintios-15-34-P02	ἔχουσιν	ἔχω	V-PAI-3P			candidate	nearest_agreeing_nominative_no_visible_boundary	unresolved	missing_subject_person_or_number	2	P	ἁμαρτάνετε	candidate	not_detected
922	1corintios	15	34	1corintios-15-34-P04	1corintios-15-34-P03	λαλῶ	λαλέω	V-PAI-1S	1	S	confirmed	finite_verb_morphology	unresolved	missing_subject_person_or_number			ἔχουσιν	candidate	not_detected
923	1corintios	15	35	1corintios-15-35-P01	1corintios-15-34-P04	ἐρεῖ	λέγω	V-FAI-3S	3	S	confirmed	finite_verb_morphology	shift	person_number_change	1	S	λαλῶ	candidate	not_detected
924	1corintios	15	35	1corintios-15-35-P02	1corintios-15-35-P01	ἐγείρονται	ἐγείρω	V-PPI-3P	3	P	confirmed	finite_verb_morphology	shift	person_number_change	3	S	ἐρεῖ	candidate	not_detected
925	1corintios	15	35	1corintios-15-35-P03	1corintios-15-35-P02	ἔρχονται	ἔρχομαι	V-PMI-3P	3	P	confirmed	finite_verb_morphology	same	person_number_match	3	P	ἐγείρονται	candidate	not_detected
926	1corintios	15	36	1corintios-15-36-P01	1corintios-15-35-P03	σπείρεις	σπείρω	V-PAI-2S	2	S	confirmed	finite_verb_morphology	shift	person_number_change	3	P	ἔρχονται	candidate	not_detected
927	1corintios	15	36	1corintios-15-36-P02	1corintios-15-36-P01	ζῳοποιεῖται	ζῳοποιέω	V-PPI-3S	3	S	confirmed	finite_verb_morphology	shift	person_number_change	2	S	σπείρεις	candidate	not_detected
928	1corintios	15	36	1corintios-15-36-P03	1corintios-15-36-P02	ἀποθάνῃ	ἀποθνῄσκω	V-AAS-3S	3	S	confirmed	finite_verb_morphology	same	person_number_match	3	S	ζῳοποιεῖται	unresolved	candidate
929	1corintios	15	37	1corintios-15-37-P01	1corintios-15-36-P03	σπείρεις	σπείρω	V-PAI-2S	2	S	confirmed	finite_verb_morphology	shift	person_number_change	3	S	ἀποθάνῃ	candidate	not_detected
930	1corintios	15	37	1corintios-15-37-P02	1corintios-15-37-P01	σπείρεις	σπείρω	V-PAI-2S	2	S	confirmed	finite_verb_morphology	same	person_number_match	2	S	σπείρεις	candidate	not_detected
931	1corintios	15	37	1corintios-15-37-P03	1corintios-15-37-P02	τύχοι	τυγχάνω	V-AAO-3S	3	S	confirmed	finite_verb_morphology	shift	person_number_change	2	S	σπείρεις	unresolved	candidate
932	1corintios	15	38	1corintios-15-38-P01	1corintios-15-37-P03	δίδωσιν	δίδωμι	V-PAI-3S			candidate	nearest_agreeing_nominative_no_visible_boundary	unresolved	missing_subject_person_or_number	3	S	τύχοι	candidate	not_detected
933	1corintios	15	38	1corintios-15-38-P02	1corintios-15-38-P01	ἠθέλησεν	θέλω	V-AAI-3S	3	S	confirmed	finite_verb_morphology	unresolved	missing_subject_person_or_number			δίδωσιν	unresolved	candidate
934	1corintios	15	41	1corintios-15-41-P01	1corintios-15-38-P02	διαφέρει	διαφέρω	V-PAI-3S	3	S	confirmed	finite_verb_morphology	same	person_number_match	3	S	ἠθέλησεν	candidate	not_detected
935	1corintios	15	42	1corintios-15-42-P01	1corintios-15-41-P01	σπείρεται	σπείρω	V-PPI-3S			candidate	nearest_agreeing_nominative_no_visible_boundary	unresolved	missing_subject_person_or_number	3	S	διαφέρει	candidate	not_detected
936	1corintios	15	42	1corintios-15-42-P02	1corintios-15-42-P01	ἐγείρεται	ἐγείρω	V-PPI-3S	3	S	confirmed	finite_verb_morphology	unresolved	missing_subject_person_or_number			σπείρεται	candidate	not_detected
937	1corintios	15	43	1corintios-15-43-P01	1corintios-15-42-P02	σπείρεται	σπείρω	V-PPI-3S	3	S	confirmed	finite_verb_morphology	same	person_number_match	3	S	ἐγείρεται	candidate	not_detected
938	1corintios	15	43	1corintios-15-43-P02	1corintios-15-43-P01	ἐγείρεται	ἐγείρω	V-PPI-3S	3	S	confirmed	finite_verb_morphology	same	person_number_match	3	S	σπείρεται	candidate	not_detected
939	1corintios	15	43	1corintios-15-43-P03	1corintios-15-43-P02	σπείρεται	σπείρω	V-PPI-3S	3	S	confirmed	finite_verb_morphology	same	person_number_match	3	S	ἐγείρεται	candidate	not_detected
940	1corintios	15	43	1corintios-15-43-P04	1corintios-15-43-P03	ἐγείρεται	ἐγείρω	V-PPI-3S	3	S	confirmed	finite_verb_morphology	same	person_number_match	3	S	σπείρεται	candidate	not_detected
941	1corintios	15	44	1corintios-15-44-P01	1corintios-15-43-P04	σπείρεται	σπείρω	V-PPI-3S	3	S	confirmed	finite_verb_morphology	same	person_number_match	3	S	ἐγείρεται	candidate	not_detected
942	1corintios	15	44	1corintios-15-44-P02	1corintios-15-44-P01	ἐγείρεται	ἐγείρω	V-PPI-3S			candidate	nearest_agreeing_nominative_no_visible_boundary	unresolved	missing_subject_person_or_number	3	S	σπείρεται	candidate	not_detected
943	1corintios	15	44	1corintios-15-44-P03	1corintios-15-44-P02	ἔστιν	εἰμί	V-PAI-3S			candidate	nearest_agreeing_nominative_no_visible_boundary	unresolved	missing_subject_person_or_number			ἐγείρεται	unresolved	candidate
944	1corintios	15	44	1corintios-15-44-P04	1corintios-15-44-P03	ἔστιν	εἰμί	V-PAI-3S			candidate	nearest_agreeing_nominative_no_visible_boundary	unresolved	missing_subject_person_or_number			ἔστιν	candidate	not_detected
945	1corintios	15	45	1corintios-15-45-P01	1corintios-15-44-P04	γέγραπται	γράφω	V-XPI-3S	3	S	confirmed	finite_verb_morphology	unresolved	missing_subject_person_or_number			ἔστιν	candidate	not_detected
946	1corintios	15	45	1corintios-15-45-P02	1corintios-15-45-P01	ἐγένετο	γίνομαι	V-AMI-3S	3	S	confirmed	finite_verb_morphology	same	person_number_match	3	S	γέγραπται	candidate	not_detected
947	1corintios	15	49	1corintios-15-49-P01	1corintios-15-45-P02	ἐφορέσαμεν	φορέω	V-AAI-1P	1	P	confirmed	finite_verb_morphology	shift	person_number_change	3	S	ἐγένετο	unresolved	candidate
948	1corintios	15	49	1corintios-15-49-P02	1corintios-15-49-P01	φορέσομεν	φορέω	V-FAI-1P	1	P	confirmed	finite_verb_morphology	same	person_number_match	1	P	ἐφορέσαμεν	candidate	not_detected
949	1corintios	15	50	1corintios-15-50-P01	1corintios-15-49-P02	φημι	φημί	V-PAI-1S	1	S	confirmed	finite_verb_morphology	shift	person_number_change	1	P	φορέσομεν	candidate	not_detected
950	1corintios	15	50	1corintios-15-50-P02	1corintios-15-50-P01	δύναται	δύναμαι	V-PMI-3S			candidate	nearest_agreeing_nominative_no_visible_boundary	unresolved	missing_subject_person_or_number	1	S	φημι	unresolved	candidate
951	1corintios	15	50	1corintios-15-50-P03	1corintios-15-50-P02	κληρονομεῖ	κληρονομέω	V-PAI-3S			candidate	nearest_agreeing_nominative_no_visible_boundary	unresolved	missing_subject_person_or_number			δύναται	candidate	not_detected
952	1corintios	15	51	1corintios-15-51-P01	1corintios-15-50-P03	λέγω	λέγω	V-PAI-1S	1	S	confirmed	finite_verb_morphology	unresolved	missing_subject_person_or_number			κληρονομεῖ	candidate	not_detected
953	1corintios	15	51	1corintios-15-51-P02	1corintios-15-51-P01	κοιμηθησόμεθα	κοιμάομαι	V-FPI-1P	1	P	confirmed	finite_verb_morphology	shift	person_number_change	1	S	λέγω	candidate	not_detected
954	1corintios	15	51	1corintios-15-51-P03	1corintios-15-51-P02	ἀλλαγησόμεθα	ἀλλάσσω	V-FPI-1P	1	P	confirmed	finite_verb_morphology	same	person_number_match	1	P	κοιμηθησόμεθα	candidate	not_detected
955	1corintios	15	52	1corintios-15-52-P01	1corintios-15-51-P03	σαλπίσει	σαλπίζω	V-FAI-3S	3	S	confirmed	finite_verb_morphology	shift	person_number_change	1	P	ἀλλαγησόμεθα	candidate	not_detected
956	1corintios	15	52	1corintios-15-52-P02	1corintios-15-52-P01	ἐγερθήσονται	ἐγείρω	V-FPI-3P			candidate	nearest_agreeing_nominative_no_visible_boundary	unresolved	missing_subject_person_or_number	3	S	σαλπίσει	candidate	not_detected
957	1corintios	15	52	1corintios-15-52-P03	1corintios-15-52-P02	ἀλλαγησόμεθα	ἀλλάσσω	V-FPI-1P	1	P	confirmed	finite_verb_morphology	unresolved	missing_subject_person_or_number			ἐγερθήσονται	candidate	not_detected
958	1corintios	15	53	1corintios-15-53-P01	1corintios-15-52-P03	δεῖ	δέω	V-PAI-3S	3	S	confirmed	finite_verb_morphology	shift	person_number_change	1	P	ἀλλαγησόμεθα	candidate	not_detected
959	1corintios	15	54	1corintios-15-54-P01	1corintios-15-53-P01	ἐνδύσηται	ἐνδύω	V-AMS-3S			candidate	nearest_agreeing_nominative_no_visible_boundary	unresolved	missing_subject_person_or_number	3	S	δεῖ	unresolved	candidate
960	1corintios	15	54	1corintios-15-54-P02	1corintios-15-54-P01	ἐνδύσηται	ἐνδύω	V-AMS-3S			candidate	nearest_agreeing_nominative_no_visible_boundary	unresolved	missing_subject_person_or_number			ἐνδύσηται	candidate	not_detected
961	1corintios	15	54	1corintios-15-54-P03	1corintios-15-54-P02	γενήσεται	γίνομαι	V-FMI-3S	3	S	confirmed	finite_verb_morphology	unresolved	missing_subject_person_or_number			ἐνδύσηται	candidate	not_detected
962	1corintios	15	54	1corintios-15-54-P04	1corintios-15-54-P03	κατεπόθη	καταπίνω	V-API-3S			candidate	nearest_agreeing_nominative_no_visible_boundary	unresolved	missing_subject_person_or_number	3	S	γενήσεται	candidate	not_detected
963	1corintios	15	58	1corintios-15-58-P01	1corintios-15-54-P04	γίνεσθε	γίνομαι	V-PMD-2P	2	P	confirmed	finite_verb_morphology	unresolved	missing_subject_person_or_number			κατεπόθη	unresolved	candidate
964	1corintios	15	58	1corintios-15-58-P02	1corintios-15-58-P01	ἔστιν	εἰμί	V-PAI-3S			candidate	nearest_agreeing_nominative_no_visible_boundary	unresolved	missing_subject_person_or_number	2	P	γίνεσθε	unresolved	candidate
965	1corintios	16	1	1corintios-16-1-P01	1corintios-15-58-P02	διέταξα	διατάσσω	V-AAI-1S	1	S	confirmed	finite_verb_morphology	unresolved	missing_subject_person_or_number			ἔστιν	candidate	not_detected
966	1corintios	16	1	1corintios-16-1-P02	1corintios-16-1-P01	ποιήσατε	ποιέω	V-AAD-2P	2	P	confirmed	finite_verb_morphology	shift	person_number_change	1	S	διέταξα	candidate	not_detected
967	1corintios	16	2	1corintios-16-2-P01	1corintios-16-1-P02	τιθέτω	τίθημι	V-PAD-3S			candidate	nearest_agreeing_nominative_no_visible_boundary	unresolved	missing_subject_person_or_number	2	P	ποιήσατε	candidate	not_detected
968	1corintios	16	2	1corintios-16-2-P02	1corintios-16-2-P01	εὐοδῶται	εὐοδόομαι	V-PPS-3S	3	S	confirmed	finite_verb_morphology	unresolved	missing_subject_person_or_number			τιθέτω	unresolved	candidate
969	1corintios	16	2	1corintios-16-2-P03	1corintios-16-2-P02	ἔλθω	ἔρχομαι	V-AAS-1S	1	S	confirmed	finite_verb_morphology	shift	person_number_change	3	S	εὐοδῶται	unresolved	candidate
970	1corintios	16	2	1corintios-16-2-P04	1corintios-16-2-P03	γίνωνται	γίνομαι	V-PMS-3P			candidate	nearest_agreeing_nominative_no_visible_boundary	unresolved	missing_subject_person_or_number	1	S	ἔλθω	candidate	not_detected
971	1corintios	16	3	1corintios-16-3-P01	1corintios-16-2-P04	παραγένωμαι	παραγίνομαι	V-AMS-1S	1	S	confirmed	finite_verb_morphology	unresolved	missing_subject_person_or_number			γίνωνται	unresolved	candidate
972	1corintios	16	3	1corintios-16-3-P02	1corintios-16-3-P01	δοκιμάσητε	δοκιμάζω	V-AAS-2P	2	P	confirmed	finite_verb_morphology	shift	person_number_change	1	S	παραγένωμαι	unresolved	candidate
973	1corintios	16	3	1corintios-16-3-P03	1corintios-16-3-P02	πέμψω	πέμπω	V-FAI-1S	1	S	confirmed	finite_verb_morphology	shift	person_number_change	2	P	δοκιμάσητε	candidate	not_detected
974	1corintios	16	4	1corintios-16-4-P01	1corintios-16-3-P03	ᾖ	εἰμί	V-PAS-3S			candidate	nearest_agreeing_nominative_no_visible_boundary	unresolved	missing_subject_person_or_number	1	S	πέμψω	unresolved	candidate
975	1corintios	16	4	1corintios-16-4-P02	1corintios-16-4-P01	πορεύσονται	πορεύομαι	V-FMI-3P	3	P	confirmed	finite_verb_morphology	unresolved	missing_subject_person_or_number			ᾖ	candidate	not_detected
976	1corintios	16	5	1corintios-16-5-P01	1corintios-16-4-P02	ἐλεύσομαι	ἔρχομαι	V-FMI-1S	1	S	confirmed	finite_verb_morphology	shift	person_number_change	3	P	πορεύσονται	candidate	not_detected
977	1corintios	16	5	1corintios-16-5-P02	1corintios-16-5-P01	διέλθω	διέρχομαι	V-AAS-1S	1	S	confirmed	finite_verb_morphology	same	person_number_match	1	S	ἐλεύσομαι	unresolved	candidate
978	1corintios	16	5	1corintios-16-5-P03	1corintios-16-5-P02	διέρχομαι	διέρχομαι	V-PMI-1S	1	S	confirmed	finite_verb_morphology	same	person_number_match	1	S	διέλθω	candidate	not_detected
979	1corintios	16	6	1corintios-16-6-P01	1corintios-16-5-P03	παραμενῶ	παραμένω	V-FAI-1S	1	S	confirmed	finite_verb_morphology	same	person_number_match	1	S	διέρχομαι	candidate	not_detected
980	1corintios	16	6	1corintios-16-6-P02	1corintios-16-6-P01	παραχειμάσω	παραχειμάζω	V-FAI-1S	1	S	confirmed	finite_verb_morphology	same	person_number_match	1	S	παραμενῶ	candidate	not_detected
981	1corintios	16	6	1corintios-16-6-P03	1corintios-16-6-P02	προπέμψητε	προπέμπω	V-AAS-2P	2	P	confirmed	finite_verb_morphology	shift	person_number_change	1	S	παραχειμάσω	unresolved	candidate
982	1corintios	16	6	1corintios-16-6-P04	1corintios-16-6-P03	πορεύωμαι	πορεύομαι	V-PMS-1S	1	S	confirmed	finite_verb_morphology	shift	person_number_change	2	P	προπέμψητε	unresolved	candidate
983	1corintios	16	7	1corintios-16-7-P01	1corintios-16-6-P04	θέλω	θέλω	V-PAI-1S	1	S	confirmed	finite_verb_morphology	same	person_number_match	1	S	πορεύωμαι	candidate	not_detected
984	1corintios	16	7	1corintios-16-7-P02	1corintios-16-7-P01	ἐλπίζω	ἐλπίζω	V-PAI-1S	1	S	confirmed	finite_verb_morphology	same	person_number_match	1	S	θέλω	candidate	not_detected
985	1corintios	16	7	1corintios-16-7-P03	1corintios-16-7-P02	ἐπιτρέψῃ	ἐπιτρέπω	V-AAS-3S			candidate	nearest_agreeing_nominative_no_visible_boundary	unresolved	missing_subject_person_or_number	1	S	ἐλπίζω	unresolved	candidate
986	1corintios	16	8	1corintios-16-8-P01	1corintios-16-7-P03	ἐπιμενῶ	ἐπιμένω	V-FAI-1S	1	S	confirmed	finite_verb_morphology	unresolved	missing_subject_person_or_number			ἐπιτρέψῃ	candidate	not_detected
987	1corintios	16	9	1corintios-16-9-P01	1corintios-16-8-P01	ἀνέῳγεν	ἀνοίγω	V-XAI-3S	3	S	confirmed	finite_verb_morphology	shift	person_number_change	1	S	ἐπιμενῶ	candidate	not_detected
988	1corintios	16	10	1corintios-16-10-P01	1corintios-16-9-P01	ἔλθῃ	ἔρχομαι	V-AAS-3S	3	S	confirmed	finite_verb_morphology	same	person_number_match	3	S	ἀνέῳγεν	unresolved	candidate
989	1corintios	16	10	1corintios-16-10-P02	1corintios-16-10-P01	βλέπετε	βλέπω	V-PAD-2P	2	P	confirmed	finite_verb_morphology	shift	person_number_change	3	S	ἔλθῃ	candidate	not_detected
990	1corintios	16	10	1corintios-16-10-P03	1corintios-16-10-P02	γένηται	γίνομαι	V-AMS-3S	3	S	confirmed	finite_verb_morphology	shift	person_number_change	2	P	βλέπετε	unresolved	candidate
991	1corintios	16	10	1corintios-16-10-P04	1corintios-16-10-P03	ἐργάζεται	ἐργάζομαι	V-PMI-3S	3	S	confirmed	finite_verb_morphology	same	person_number_match	3	S	γένηται	candidate	not_detected
992	1corintios	16	11	1corintios-16-11-P01	1corintios-16-10-P04	ἐξουθενήσῃ	ἐξουθενέω	V-AAS-3S	3	S	confirmed	finite_verb_morphology	same	person_number_match	3	S	ἐργάζεται	candidate	not_detected
993	1corintios	16	11	1corintios-16-11-P02	1corintios-16-11-P01	προπέμψατε	προπέμπω	V-AAD-2P	2	P	confirmed	finite_verb_morphology	shift	person_number_change	3	S	ἐξουθενήσῃ	candidate	not_detected
994	1corintios	16	11	1corintios-16-11-P03	1corintios-16-11-P02	ἔλθῃ	ἔρχομαι	V-AAS-3S	3	S	confirmed	finite_verb_morphology	shift	person_number_change	2	P	προπέμψατε	unresolved	candidate
995	1corintios	16	11	1corintios-16-11-P04	1corintios-16-11-P03	ἐκδέχομαι	ἐκδέχομαι	V-PMI-1S	1	S	confirmed	finite_verb_morphology	shift	person_number_change	3	S	ἔλθῃ	candidate	not_detected
996	1corintios	16	12	1corintios-16-12-P01	1corintios-16-11-P04	παρεκάλεσα	παρακαλέω	V-AAI-1S	1	S	confirmed	finite_verb_morphology	same	person_number_match	1	S	ἐκδέχομαι	candidate	not_detected
997	1corintios	16	12	1corintios-16-12-P02	1corintios-16-12-P01	ἔλθῃ	ἔρχομαι	V-AAS-3S	3	S	confirmed	finite_verb_morphology	shift	person_number_change	1	S	παρεκάλεσα	unresolved	candidate
998	1corintios	16	12	1corintios-16-12-P03	1corintios-16-12-P02	ἦν	εἰμί	V-IAI-3S	3	S	confirmed	finite_verb_morphology	same	person_number_match	3	S	ἔλθῃ	candidate	not_detected
999	1corintios	16	12	1corintios-16-12-P04	1corintios-16-12-P03	ἔλθῃ	ἔρχομαι	V-AAS-3S			candidate	nearest_agreeing_nominative_no_visible_boundary	unresolved	missing_subject_person_or_number	3	S	ἦν	unresolved	candidate
1000	1corintios	16	12	1corintios-16-12-P05	1corintios-16-12-P04	ἐλεύσεται	ἔρχομαι	V-FMI-3S	3	S	confirmed	finite_verb_morphology	unresolved	missing_subject_person_or_number			ἔλθῃ	candidate	not_detected
1001	1corintios	16	12	1corintios-16-12-P06	1corintios-16-12-P05	εὐκαιρήσῃ	εὐκαιρέω	V-AAS-3S	3	S	confirmed	finite_verb_morphology	same	person_number_match	3	S	ἐλεύσεται	unresolved	candidate
1002	1corintios	16	14	1corintios-16-14-P01	1corintios-16-12-P06	γινέσθω	γίνομαι	V-PMD-3S			candidate	nearest_agreeing_nominative_no_visible_boundary	unresolved	missing_subject_person_or_number	3	S	εὐκαιρήσῃ	candidate	not_detected
1003	1corintios	16	15	1corintios-16-15-P01	1corintios-16-14-P01	παρακαλῶ	παρακαλέω	V-PAI-1S	1	S	confirmed	finite_verb_morphology	unresolved	missing_subject_person_or_number			γινέσθω	candidate	not_detected
1004	1corintios	16	15	1corintios-16-15-P02	1corintios-16-15-P01	οἴδατε	οἶδα	V-XAI-2P	2	P	confirmed	finite_verb_morphology	shift	person_number_change	1	S	παρακαλῶ	candidate	not_detected
1005	1corintios	16	15	1corintios-16-15-P03	1corintios-16-15-P02	ἐστὶν	εἰμί	V-PAI-3S	3	S	confirmed	finite_verb_morphology	shift	person_number_change	2	P	οἴδατε	unresolved	candidate
1006	1corintios	16	15	1corintios-16-15-P04	1corintios-16-15-P03	ἔταξαν	τάσσω	V-AAI-3P	3	P	confirmed	finite_verb_morphology	shift	person_number_change	3	S	ἐστὶν	candidate	not_detected
1007	1corintios	16	16	1corintios-16-16-P01	1corintios-16-15-P04	ὑποτάσσησθε	ὑποτάσσω	V-PPS-2P	2	P	confirmed	finite_verb_morphology	shift	person_number_change	3	P	ἔταξαν	unresolved	candidate
1008	1corintios	16	17	1corintios-16-17-P01	1corintios-16-16-P01	χαίρω	χαίρω	V-PAI-1S	1	S	confirmed	finite_verb_morphology	shift	person_number_change	2	P	ὑποτάσσησθε	candidate	not_detected
1009	1corintios	16	17	1corintios-16-17-P02	1corintios-16-17-P01	ἀνεπλήρωσαν	ἀναπληρόω	V-AAI-3P			candidate	nearest_agreeing_nominative_no_visible_boundary	unresolved	missing_subject_person_or_number	1	S	χαίρω	unresolved	candidate
1010	1corintios	16	18	1corintios-16-18-P01	1corintios-16-17-P02	ἀνέπαυσαν	ἀναπαύω	V-AAI-3P	3	P	confirmed	finite_verb_morphology	unresolved	missing_subject_person_or_number			ἀνεπλήρωσαν	candidate	not_detected
1011	1corintios	16	18	1corintios-16-18-P02	1corintios-16-18-P01	ἐπιγινώσκετε	ἐπιγινώσκω	V-PAD-2P	2	P	confirmed	finite_verb_morphology	shift	person_number_change	3	P	ἀνέπαυσαν	candidate	not_detected
1012	1corintios	16	19	1corintios-16-19-P01	1corintios-16-18-P02	ἀσπάζονται	ἀσπάζομαι	V-PMI-3P	3	P	confirmed	finite_verb_morphology	shift	person_number_change	2	P	ἐπιγινώσκετε	candidate	not_detected
1013	1corintios	16	19	1corintios-16-19-P02	1corintios-16-19-P01	ἀσπάζεται	ἀσπάζομαι	V-PMI-3S	3	S	confirmed	finite_verb_morphology	shift	person_number_change	3	P	ἀσπάζονται	candidate	not_detected
1014	1corintios	16	20	1corintios-16-20-P01	1corintios-16-19-P02	ἀσπάζονται	ἀσπάζομαι	V-PMI-3P	3	P	confirmed	finite_verb_morphology	shift	person_number_change	3	S	ἀσπάζεται	candidate	not_detected
1015	1corintios	16	20	1corintios-16-20-P02	1corintios-16-20-P01	ἀσπάσασθε	ἀσπάζομαι	V-AMD-2P	2	P	confirmed	finite_verb_morphology	shift	person_number_change	3	P	ἀσπάζονται	candidate	not_detected
1016	1corintios	16	22	1corintios-16-22-P01	1corintios-16-20-P02	φιλεῖ	φιλέω	V-PAI-3S			candidate	nearest_agreeing_nominative_no_visible_boundary	unresolved	missing_subject_person_or_number	2	P	ἀσπάσασθε	unresolved	candidate
1017	1corintios	16	22	1corintios-16-22-P02	1corintios-16-22-P01	ἤτω	εἰμί	V-PAD-3S	3	S	confirmed	finite_verb_morphology	unresolved	missing_subject_person_or_number			φιλεῖ	candidate	not_detected
1018	1corintios	16	22	1corintios-16-22-P03	1corintios-16-22-P02	θά	θά	V-AAD-2S	2	S	confirmed	finite_verb_morphology	shift	person_number_change	3	S	ἤτω	candidate	not_detected
