decision	reason	greek_span	nbla_span	count	first_seen	last_seen	alignment_types
promote	accepted	ἐν	en	42	1cor 1:10	1corintios 11:25	direct
promote	accepted	τοῦ	de	36	1cor 1:10	1corintios 7:31	direct
promote	accepted	ἢ	o	29	1cor 1:13	1corintios 14:7	direct
promote	accepted	τοῦ	del	27	1cor 1:27	1corintios 9:14	direct
promote	accepted	οὐ	no	21	1cor 1:17	1corintios 14:34	direct
promote	accepted	ὅτι	que	19	1cor 1:11	1corintios 9:24	direct
promote	accepted	τὸ	el	18	1cor 1:13	1corintios 15:1	direct
promote	accepted	ἡ	la	14	1cor 2:5	1corintios 7:34	direct
promote	accepted	ἐὰν	si	12	1cor 4:19	1corintios 7:40	direct
promote	accepted	θεὸς	dios	11	1cor 1:20	1cor 6:14	direct
promote	accepted	κυρίου	señor	11	1cor 1:10	1corintios 7:32	direct
promote	accepted	τὸ	la	11	1cor 1:25	1corintios 7:31	direct
promote	accepted	ἀδελφοί	hermanos	11	1cor 1:10	1corintios 7:29	direct
promote	accepted	ἵνα	para que	11	1cor 1:15	1corintios 14:13	expanded
promote	accepted	ὑμῖν	ustedes	11	1cor 1:10	1cor 6:5	direct
promote	accepted	εἴτε	o	10	1cor 3:22	1corintios 14:7	direct
promote	accepted	κόσμου	mundo	10	1cor 1:20	1corintios 7:33	direct
promote	accepted	οἴδατε	saben	10	1cor 3:16	1corintios 9:24	direct
promote	accepted	ἡμῶν	nuestro	10	1cor 1:10	1cor 6:11	direct
promote	accepted	οὔτε	ni	9	1cor 3:7	1cor 6:9	direct
promote	accepted	σῶμα	cuerpo	9	1cor 6:13	1corintios 12:24	direct
promote	accepted	τῶν	de los	9	1cor 1:19	1corintios 14:33	expanded
promote	accepted	μὴ	acaso	8	1cor 1:13	1corintios 12:30	direct
promote	accepted	τις	alguien	8	1cor 3:12	1corintios 8:3	direct
promote	accepted	χριστῷ	cristo	8	1cor 1:2	1cor 4:17	direct
promote	accepted	ἀλλʼ	sino	8	1cor 2:13	1cor 5:8	direct
promote	accepted	μέλη	miembros	7	1cor 6:15	1corintios 12:25	direct
promote	accepted	οὐχὶ	no	7	1cor 1:20	1corintios 9:1	direct
promote	accepted	οὕτως	así	7	1cor 3:15	1corintios 9:14	direct
promote	accepted	πνεῦμα	espíritu	7	1cor 2:10	1cor 5:5	direct
promote	accepted	σώματος	cuerpo	7	1cor 7:4	1corintios 12:23	direct
promote	accepted	τοῖς	los	7	1cor 1:2	1corintios 9:3	direct
promote	accepted	τὰ	los	7	1cor 6:13	1corintios 14:25	direct
promote	accepted	ὑμεῖς	ustedes	7	1cor 1:30	1cor 5:2	direct
promote	accepted	ὑμῖν	les	7	1cor 1:4	1corintios 14:6	direct
promote	accepted	ὡς	como	7	1cor 3:15	1corintios 7:30	direct
promote	accepted	κύριος	señor	6	1cor 3:5	1corintios 11:23	direct
promote	accepted	οἱ	los	6	1cor 6:16	1corintios 9:5	direct
promote	accepted	σοφίαν	sabiduría	6	1cor 1:19	1cor 2:7	direct
promote	accepted	τί	qué	6	1cor 3:5	1corintios 14:6	direct
promote	accepted	τούτου	este	6	1cor 1:20	1cor 5:10	direct
promote	accepted	τὴν	la	6	1cor 1:19	1corintios 11:7	direct
promote	accepted	ἡ	el	6	1cor 3:13	1corintios 13:8	direct
promote	accepted	ὅτι	porque	6	1cor 1:25	1corintios 12:15	direct
promote	accepted	ὑμᾶς	les	6	1cor 1:7	1corintios 14:6	direct
promote	accepted	ὑμῶν	ustedes	6	1cor 1:11	1cor 5:2	direct
promote	accepted	ὑμῶν	de ustedes	6	1cor 1:12	1cor 6:1	expanded
promote	accepted	εἰμὶ	soy	5	1corintios 12:15	1corintios 9:1	direct
promote	accepted	πρὸς	a	5	1cor 2:1	1corintios 14:6	direct
promote	accepted	τὴν	su	5	1cor 7:2	1corintios 7:36	direct
promote	accepted	τῷ	el	5	1cor 5:4	1corintios 14:15	direct
promote	accepted	ἕκαστος	cada uno	5	1cor 1:12	1corintios 7:20	expanded
promote	accepted	ἡμεῖς	nosotros	5	1cor 1:23	1cor 4:8	direct
promote	accepted	ἰησοῦ	jesús	5	1cor 1:2	1cor 5:4	direct
promote	accepted	ὃ	que	5	1cor 3:14	1corintios 15:1	direct
promote	accepted	ὑμᾶς	ustedes	5	1cor 2:1	1corintios 14:6	direct
promote	accepted	ὡς	como a	5	1cor 3:1	1cor 4:9	expanded
skip	excluded discourse token	καὶ	y	64	1cor 1:1	1corintios 9:4	direct
skip	already exists	οὐκ	no	44	1cor 1:16	1corintios 9:24	direct
skip	excluded discourse token	δὲ	pero	29	1cor 1:18	1corintios 7:39	direct
skip	already exists	μὴ	no	28	1cor 1:10	1corintios 9:5	direct
skip	excluded discourse token	ὁ	el	28	1cor 1:21	1corintios 9:14	direct
skip	excluded discourse token	γὰρ	porque	25	1cor 1:18	1corintios 7:31	direct
skip	mixed types: direct,expanded	θεοῦ	dios	24	1cor 1:2	1corintios 11:16	direct,expanded
skip	already exists	ἐστιν	es	19	1cor 1:18	1corintios 9:3	direct
skip	already exists	θεοῦ	de dios	18	1cor 1:1	1corintios 7:40	expanded
skip	already exists	εἰ	si	13	1cor 2:8	1corintios 9:12	direct
skip	mixed types: direct,expanded	ἐν	con	13	1cor 1:17	1cor 5:8	direct,expanded
skip	already exists	ἀλλὰ	sino	12	1cor 1:17	1corintios 7:19	direct
skip	already exists	ἐγὼ	yo	11	1cor 1:12	1corintios 11:23	direct
skip	excluded discourse token	δὲ	y	10	1cor 1:23	1corintios 7:40	direct,expanded
skip	excluded discourse token	ὁ	el que	10	1cor 1:31	1corintios 7:38	expanded
skip	excluded discourse token	γὰρ	pues	9	1cor 1:17	1corintios 14:9	direct
skip	already exists	εἴ	si	8	1cor 1:16	1corintios 14:37	direct
skip	excluded discourse token	καὶ	también	8	1cor 1:16	1corintios 12:12	direct,expanded
skip	mixed types: direct,expanded	ἐν	entre	8	1cor 1:10	1cor 6:5	direct,expanded
skip	excluded discourse token	γάρ	porque	7	1cor 1:11	1corintios 14:33	direct
skip	excluded discourse token	δὲ	sin embargo	7	1cor 1:24	1corintios 7:28	expanded
skip	already exists	χριστοῦ	de cristo	7	1cor 1:12	1corintios 12:27	expanded
skip	unsupported types: expanded,merged-forward	ἰησοῦ	jesucristo	7	1cor 1:10	1cor 6:11	expanded,merged-forward
skip	already exists	θεός	dios	6	1cor 1:27	1corintios 12:6	direct
skip	excluded discourse token	καὶ	y que	6	1cor 1:10	1corintios 8:4	expanded
skip	mixed types: direct,expanded	τὸν	al	6	1cor 2:8	1corintios 10:9	direct,expanded
skip	already exists	γυνὴ	la mujer	5	1cor 7:13	1corintios 7:39	expanded
skip	excluded discourse token	καὶ	y si	5	1corintios 12:16	1corintios 7:36	expanded
skip	mixed types: direct,expanded	ἐν	de	5	1cor 3:18	1corintios 14:6	direct,expanded
skip	already exists	ἐστίν	es	5	1cor 1:18	1corintios 7:22	direct
skip	count too low	αἰῶνος	siglo	4	1cor 1:20	1cor 2:8	direct
skip	count too low	γέγραπται	está escrito	4	1cor 1:19	1cor 4:6	expanded
skip	count too low	γλώσσῃ	en lenguas	4	1corintios 14:13	1corintios 14:4	expanded
skip	count too low	δὲ	sino que	4	1cor 1:10	1corintios 14:2	expanded
skip	count too low	εἰ	excepto	4	1cor 1:14	1corintios 12:3	direct,merged-forward
skip	count too low	εἰς	en	4	1cor 1:13	1corintios 11:25	direct
skip	count too low	εἰς	para	4	1cor 2:7	1corintios 11:17	direct
skip	count too low	κυρίου	del señor	4	1cor 1:3	1corintios 7:22	expanded
skip	count too low	κυρίῳ	señor	4	1cor 6:13	1corintios 7:35	direct
skip	count too low	μηδὲ	ni	4	1cor 5:8	1corintios 10:9	direct
skip	count too low	μου	míos	4	1cor 1:11	1corintios 11:33	direct
skip	count too low	οὐ	ni	4	1cor 1:26	1cor 6:10	expanded
skip	count too low	πάντα	todo lo	4	1corintios 13:7	1corintios 13:7	expanded
skip	count too low	πάντες	todos	4	1cor 1:10	1corintios 9:24	direct
skip	count too low	πάντες	son todos	4	1corintios 12:29	1corintios 12:29	expanded
skip	count too low	παῦλος	pablo	4	1cor 1:1	1cor 3:5	direct
skip	count too low	πνεύματι	espíritu	4	1cor 5:3	1corintios 14:15	direct
skip	count too low	τίς	quién	4	1cor 2:11	1corintios 14:8	direct
skip	count too low	τοὺς	a los que	4	1cor 1:21	1cor 6:4	expanded
skip	count too low	τὰ	las cosas	4	1cor 2:14	1corintios 13:11	expanded
skip	count too low	τῷ	a	4	1cor 1:4	1corintios 7:34	direct,expanded
skip	count too low	χριστοῦ	cristo	4	1cor 1:17	1corintios 11:3	direct
skip	count too low	ἀδελφὸς	hermano	4	1cor 5:11	1cor 7:15	direct
skip	count too low	ἀλλὰ	sino que	4	1cor 1:27	1corintios 9:27	expanded
skip	count too low	ἀλλὰ	pero	4	1cor 3:6	1cor 6:11	direct
skip	count too low	ἀνὴρ	el hombre	4	1corintios 11:14	1corintios 11:9	expanded
skip	count too low	ἀνὴρ	marido	4	1cor 7:14	1corintios 7:39	direct
skip	count too low	ἄνδρα	marido	4	1cor 7:13	1cor 7:2	direct
skip	count too low	ἐστε	son	4	1cor 3:17	1cor 3:4	direct
skip	count too low	ἔργον	obra	4	1cor 3:13	1cor 3:15	direct
skip	count too low	ἤδη	ya	4	1cor 4:8	1cor 6:7	direct
skip	count too low	ἵνα	para	4	1cor 1:27	1cor 7:5	direct
skip	count too low	ὁ	pero	4	1corintios 12:6	1corintios 7:33	direct
skip	count too low	ὑμᾶς	los	4	1cor 1:8	1cor 7:5	direct
skip	count too low	ὑπὸ	por	4	1cor 1:11	1corintios 14:24	direct
skip	count too low	γάρ	pues	3	1cor 3:19	1cor 5:3	direct
skip	count too low	γυναῖκα	mujer	3	1cor 7:16	1corintios 7:27	direct
skip	count too low	δέ	y	3	1cor 3:4	1corintios 7:36	direct
skip	count too low	διὰ	por	3	1cor 1:1	1cor 4:17	direct
skip	count too low	δὲ	el que	3	1corintios 14:3	1corintios 7:37	expanded
skip	count too low	θεῷ	dios	3	1cor 1:4	1corintios 14:18	direct
skip	count too low	καθὼς	tal como	3	1cor 1:31	1corintios 11:2	expanded
skip	count too low	κατὰ	conforme a	3	1cor 1:26	1cor 3:8	expanded
skip	count too low	καὶ	y en	3	1corintios 11:18	1corintios 13:9	expanded
skip	count too low	καὶ	los que	3	1corintios 7:30	1corintios 7:31	expanded
skip	count too low	λέγω	digo	3	1cor 7:12	1cor 7:8	direct
skip	count too low	λαλοῦμεν	hablamos	3	1cor 2:13	1cor 2:7	direct
skip	count too low	λαλῶν	que habla	3	1corintios 14:13	1corintios 14:4	expanded
skip	count too low	μοι	me	3	1cor 3:10	1cor 6:12	direct
skip	count too low	μου	mi	3	1cor 1:4	1corintios 14:14	direct
skip	count too low	μωρία	necedad	3	1cor 1:18	1cor 3:19	direct
skip	count too low	οὐδεὶς	nadie	3	1cor 2:11	1corintios 14:2	direct
skip	count too low	οὐχ	no	3	1cor 7:12	1corintios 7:36	direct
skip	count too low	πάντα	todas	3	1cor 2:15	1corintios 12:6	direct
skip	count too low	παύλου	de pablo	3	1cor 1:12	1cor 3:4	expanded
skip	count too low	περὶ	en cuanto a	3	1cor 7:1	1corintios 8:1	expanded
skip	count too low	πνεύματος	espíritu	3	1cor 2:10	1corintios 12:7	direct
skip	count too low	πολλοὶ	muchos	3	1cor 1:26	1cor 1:26	direct
skip	count too low	ποῦ	dónde está	3	1cor 1:20	1cor 1:20	expanded
skip	count too low	προφητεύων	profetiza	3	1corintios 11:4	1corintios 14:4	direct
skip	count too low	πῶς	cómo	3	1cor 3:10	1corintios 7:34	direct
skip	count too low	σώματι	cuerpo	3	1cor 5:3	1cor 6:20	direct
skip	count too low	τι	algo	3	1cor 3:7	1corintios 14:35	direct
skip	count too low	τις	alguno	3	1cor 3:17	1corintios 7:18	direct
skip	count too low	τοῖς	para los	3	1cor 1:18	1cor 6:13	expanded
skip	count too low	τοῖς	a los	3	1cor 5:10	1cor 7:8	expanded
skip	count too low	τοῦ	de la	3	1cor 1:18	1corintios 11:27	expanded
skip	count too low	τὰ	lo	3	1cor 1:27	1cor 1:28	direct
skip	count too low	τὰ	lo que	3	1cor 1:28	1cor 2:12	expanded
skip	count too low	τὴν	el	3	1cor 1:19	1corintios 14:11	direct,expanded
skip	count too low	τὸ	no	3	1corintios 12:14	1corintios 9:1	direct
skip	count too low	τὸ	su	3	1cor 5:5	1cor 6:19	expanded
skip	count too low	τὸν	a	3	1cor 1:21	1corintios 8:3	direct,expanded
skip	count too low	τῆς	de	3	1cor 2:8	1corintios 14:25	direct
skip	count too low	τῇ	la	3	1cor 1:21	1cor 6:4	direct
skip	count too low	τῇ	el	3	1cor 1:8	1cor 5:5	direct,expanded
skip	count too low	τῶν	los	3	1cor 1:11	1cor 6:1	direct
skip	count too low	τῷ	y	3	1corintios 11:21	1corintios 14:28	direct
skip	count too low	τῷ	al	3	1cor 6:17	1corintios 7:35	direct,expanded
skip	count too low	χριστός	cristo	3	1cor 1:13	1corintios 12:12	direct
skip	count too low	ἀλλʼ	sin embargo	3	1cor 4:15	1corintios 9:12	expanded
skip	count too low	ἀλλʼ	pero	3	1cor 6:12	1corintios 8:6	direct
skip	count too low	ἀνδρός	hombre	3	1corintios 11:12	1corintios 11:8	direct
skip	count too low	ἀνθρώποις	los hombres	3	1cor 3:21	1corintios 14:2	expanded
skip	count too low	ἀπολλῶς	apolos	3	1cor 3:22	1cor 3:6	direct
skip	count too low	ἀπὸ	de	3	1cor 1:30	1corintios 7:27	direct
skip	count too low	ἀρέσῃ	agradar	3	1corintios 7:32	1corintios 7:34	direct
skip	count too low	ἐβάπτισα	bauticé	3	1cor 1:14	1cor 1:16	direct
skip	count too low	ἐκ	parte	3	1corintios 12:15	1corintios 13:9	direct
skip	count too low	ἐκ	de	3	1cor 5:2	1cor 7:7	direct
skip	count too low	ἐκκλησίᾳ	iglesia	3	1cor 1:2	1cor 6:4	direct
skip	count too low	ἐν	por medio de	3	1cor 7:14	1corintios 14:6	expanded
skip	count too low	ἐξελέξατο	ha escogido	3	1cor 1:27	1cor 1:28	expanded
skip	count too low	ἐπὶ	ante	3	1cor 6:1	1cor 6:6	direct
skip	count too low	ἐὰν	pero si	3	1corintios 14:24	1corintios 14:30	expanded
skip	count too low	ἡμᾶς	nos	3	1cor 4:1	1cor 7:15	direct
skip	count too low	ἵνα	a fin de que	3	1cor 5:5	1corintios 12:25	expanded
skip	count too low	ὁ	la	3	1cor 1:17	1cor 4:5	direct
skip	count too low	ὁ	dios	3	1cor 7:15	1corintios 7:17	direct,merged-forward
skip	count too low	ὁ	que	3	1cor 3:7	1corintios 14:5	direct,expanded
skip	count too low	ὄνομα	nombre	3	1cor 1:13	1cor 1:2	direct
skip	count too low	ὡς	como si	3	1cor 4:18	1corintios 7:30	expanded
skip	count too low	ὥστε	así que	3	1cor 3:21	1corintios 11:33	expanded
skip	count too low	αἱ	las	2	1corintios 11:16	1corintios 14:34	direct
skip	count too low	αὐτοῦ	él	2	1cor 7:12	1corintios 8:3	direct
skip	count too low	αὐτόν	lo	2	1cor 2:16	1cor 2:9	direct
skip	count too low	αὐτὸ	mismo	2	1cor 1:10	1cor 3:13	direct
skip	count too low	αὐτὸς	él	2	1cor 2:15	1cor 3:15	direct
skip	count too low	αὐτῷ	él	2	1cor 1:5	1cor 2:11	direct
skip	count too low	βασιλείαν	el reino	2	1cor 6:10	1cor 6:9	expanded
skip	count too low	βλέπετε	consideren	2	1cor 1:26	1corintios 10:18	direct
skip	count too low	γίνεσθε	sean	2	1cor 4:16	1corintios 14:20	direct
skip	count too low	γλωσσῶν	de lenguas	2	1corintios 12:10	1corintios 12:28	expanded
skip	count too low	γλώσσαις	en lenguas	2	1corintios 12:30	1corintios 14:6	expanded
skip	count too low	γλώσσαις	lenguas	2	1corintios 14:18	1corintios 14:39	direct
skip	count too low	γνώσει	conocimiento	2	1cor 1:5	1corintios 14:6	direct
skip	count too low	γράφω	escribo	2	1cor 4:14	1corintios 14:37	direct
skip	count too low	γυναικί	mujer	2	1cor 7:14	1corintios 7:33	direct
skip	count too low	γυνὴ	mujer	2	1cor 7:14	1corintios 11:7	direct
skip	count too low	γὰρ	si	2	1corintios 14:14	1corintios 9:17	direct
skip	count too low	δέ	si	2	1corintios 11:16	1corintios 14:35	direct
skip	count too low	δέ	pero	2	1corintios 7:40	1corintios 8:3	direct
skip	count too low	διὰ	mediante	2	1cor 1:21	1cor 6:14	direct,expanded
skip	count too low	διὰ	por medio	2	1cor 2:10	1cor 4:15	expanded
skip	count too low	διὰ	por qué	2	1cor 6:7	1cor 6:7	expanded
skip	count too low	δυνάμει	poder	2	1cor 4:20	1cor 5:4	direct
skip	count too low	δύο	dos	2	1cor 6:16	1corintios 14:27	direct
skip	count too low	δὲ	otro	2	1cor 1:12	1cor 1:12	expanded
skip	count too low	δὲ	pero el	2	1corintios 12:4	1corintios 13:13	expanded
skip	count too low	εἰ	pero	2	1corintios 11:16	1corintios 11:6	direct
skip	count too low	εἰ	pero si	2	1corintios 11:31	1corintios 14:38	expanded
skip	count too low	εἰ	sino	2	1cor 2:11	1cor 2:11	merged-forward
skip	count too low	εἰμι	soy	2	1cor 1:12	1cor 3:4	direct
skip	count too low	εἰς	a	2	1cor 1:9	1cor 4:6	direct
skip	count too low	εἰς	solo	2	1corintios 12:13	1corintios 14:36	direct
skip	count too low	εἰς	contra	2	1cor 6:18	1corintios 8:12	direct,expanded
skip	count too low	εἴτε	si hay	2	1corintios 13:8	1corintios 13:8	expanded
skip	count too low	εὐαγγελίου	evangelio	2	1cor 4:15	1corintios 9:14	direct
skip	count too low	εὐχαριστῶ	doy gracias	2	1cor 1:4	1corintios 14:18	direct,expanded
skip	count too low	ζύμῃ	la levadura	2	1cor 5:8	1cor 5:8	expanded
skip	count too low	θεμέλιον	fundamento	2	1cor 3:11	1cor 3:12	direct
skip	count too low	θεόν	dios	2	1cor 1:21	1corintios 8:3	direct
skip	count too low	καθὼς	como	2	1cor 2:9	1cor 8:2	direct
skip	count too low	καλὸν	que es bueno	2	1cor 7:8	1corintios 7:26	expanded
skip	count too low	καταισχύνει	deshonra	2	1corintios 11:4	1corintios 11:5	direct
skip	count too low	καταισχύνῃ	avergonzar	2	1cor 1:27	1cor 1:27	direct
skip	count too low	καὶ	en verdad	2	1cor 1:22	1corintios 11:9	expanded
skip	count too low	καὶ	y muchos	2	1corintios 11:30	1corintios 8:5	expanded
skip	count too low	καὶ	también ustedes	2	1corintios 14:12	1corintios 14:9	expanded
skip	count too low	καὶ	con el	2	1corintios 14:15	1corintios 14:15	expanded
skip	count too low	καὶ	y los	2	1corintios 14:29	1corintios 9:5	expanded
skip	count too low	καὶ	aun	2	1cor 2:10	1cor 5:7	expanded
skip	count too low	καὶ	ni	2	1cor 2:9	1cor 2:9	expanded
skip	count too low	καὶ	lo	2	1cor 4:7	1cor 7:11	direct,expanded
skip	count too low	κεφαλὴ	cabeza	2	1corintios 11:3	1corintios 11:3	direct
skip	count too low	κεφαλὴν	cabeza	2	1corintios 11:4	1corintios 11:5	direct
skip	count too low	κληρονομήσουσιν	heredarán	2	1cor 6:10	1cor 6:9	direct
skip	count too low	κολλώμενος	se une	2	1cor 6:16	1cor 6:17	expanded
skip	count too low	κομᾷ	tiene el cabello largo	2	1corintios 11:14	1corintios 11:15	expanded
skip	count too low	κυρίῳ	el señor	2	1cor 1:31	1cor 4:17	expanded
skip	count too low	κόσμος	mundo	2	1cor 1:21	1cor 6:2	direct
skip	count too low	κύριον	señor	2	1cor 2:8	1cor 6:14	direct
skip	count too low	κύριος	señor que	2	1cor 7:10	1corintios 9:14	expanded
skip	count too low	λήμψεται	recibirá	2	1cor 3:14	1cor 3:8	direct
skip	count too low	λαλεῖ	habla	2	1corintios 14:2	1corintios 14:27	direct
skip	count too low	λόγος	palabra	2	1cor 1:18	1corintios 12:8	direct
skip	count too low	μαρτύριον	testimonio	2	1cor 1:6	1cor 2:1	direct
skip	count too low	με	me	2	1cor 1:17	1cor 4:4	direct
skip	count too low	μεριμνᾷ	preocupa	2	1corintios 7:32	1corintios 7:33	direct
skip	count too low	μετʼ	con	2	1cor 7:12	1cor 7:13	direct
skip	count too low	μηδεὶς	nadie	2	1cor 3:18	1cor 3:21	direct
skip	count too low	μισθὸν	recompensa	2	1cor 3:14	1cor 3:8	direct
skip	count too low	μὲν	en	2	1corintios 11:18	1corintios 9:24	direct
skip	count too low	μὴ	que no anduvieran	2	1cor 5:11	1cor 5:9	expanded
skip	count too low	μὴ	de	2	1corintios 7:17	1corintios 9:18	direct
skip	count too low	μᾶλλον	mejor	2	1cor 6:7	1cor 6:7	direct
skip	count too low	νήπιος	como	2	1corintios 13:11	1corintios 13:11	direct
skip	count too low	ναὸς	templo	2	1cor 3:16	1cor 3:17	direct
skip	count too low	νοῦν	la mente	2	1cor 2:16	1cor 2:16	expanded
skip	count too low	νῦν	ahora	2	1cor 7:14	1corintios 14:6	direct
skip	count too low	οἰκεῖν	vivir	2	1cor 7:12	1cor 7:13	direct
skip	count too low	οἱ	que	2	1corintios 10:18	1corintios 11:19	direct
skip	count too low	οἶδας	sabes	2	1cor 7:16	1cor 7:16	direct
skip	count too low	οὐ	el	2	1corintios 13:4	1corintios 13:6	direct
skip	count too low	οὐ	no es	2	1cor 6:13	1corintios 13:4	expanded
skip	count too low	οὐδέν	nada	2	1corintios 7:19	1corintios 7:19	direct
skip	count too low	οὐδὲν	de nada	2	1cor 4:4	1corintios 13:3	expanded
skip	count too low	οὐκ	deja	2	1corintios 12:15	1corintios 12:16	direct
skip	count too low	οὐκ	tenemos	2	1corintios 9:4	1corintios 9:5	direct
skip	count too low	οὕτως	como está	2	1corintios 7:26	1corintios 7:40	expanded
skip	count too low	οὖν	por tanto	2	1cor 4:16	1corintios 11:20	expanded
skip	count too low	οὖν	pues	2	1cor 3:5	1corintios 7:26	direct
skip	count too low	πάντα	pero	2	1corintios 12:11	1corintios 14:40	direct
skip	count too low	πάντα	todo	2	1cor 2:10	1cor 3:21	direct
skip	count too low	πάντα	todas las cosas	2	1cor 6:12	1cor 6:12	expanded
skip	count too low	πάντες	el	2	1corintios 10:1	1corintios 10:3	direct
skip	count too low	πάντων	todos	2	1corintios 14:24	1corintios 14:24	direct
skip	count too low	πίστις	fe	2	1cor 2:5	1corintios 13:13	direct
skip	count too low	παρθένον	hija virgen	2	1corintios 7:36	1corintios 7:38	expanded
skip	count too low	παρὰ	por	2	1corintios 12:15	1corintios 12:16	direct
skip	count too low	παρὼν	presente	2	1cor 5:3	1cor 5:3	direct
skip	count too low	πατρὸς	padre	2	1cor 1:3	1cor 5:1	direct
skip	count too low	πολλὰ	muchos	2	1corintios 12:12	1corintios 12:12	direct
skip	count too low	ποτήριον	copa	2	1corintios 11:25	1corintios 11:27	direct
skip	count too low	ποτίζων	riega	2	1cor 3:7	1cor 3:8	direct
skip	count too low	πρὸς	para	2	1cor 6:5	1corintios 12:7	direct
skip	count too low	πᾶσιν	todos	2	1cor 1:2	1corintios 12:6	direct
skip	count too low	σαρκικοί	carnales	2	1cor 3:3	1cor 3:3	direct
skip	count too low	σοφία	sabiduría	2	1cor 1:30	1cor 3:19	direct
skip	count too low	σοφίας	de sabiduría	2	1cor 2:1	1cor 2:4	expanded
skip	count too low	σοφὸς	sabio	2	1cor 3:10	1cor 3:18	direct
skip	count too low	σοφῶν	sabios	2	1cor 1:19	1cor 3:20	direct
skip	count too low	συνευδοκεῖ	consiente en	2	1cor 7:12	1cor 7:13	expanded
skip	count too low	σώματος	del cuerpo	2	1corintios 12:15	1corintios 12:16	expanded
skip	count too low	σώσεις	salvarás	2	1cor 7:16	1cor 7:16	direct
skip	count too low	σὺν	con	2	1cor 1:2	1cor 5:4	direct
skip	count too low	τέκνα	hijos	2	1cor 4:14	1cor 7:14	direct
skip	count too low	τί	por qué	2	1cor 4:7	1cor 5:12	expanded
skip	count too low	τί	cómo	2	1cor 7:16	1cor 7:16	direct
skip	count too low	ταῖς	en	2	1corintios 14:20	1corintios 7:17	direct
skip	count too low	ταῦτα	esto	2	1cor 4:14	1cor 4:6	direct
skip	count too low	τε	y	2	1cor 1:30	1cor 4:21	direct
skip	count too low	τινες	algunos de ustedes	2	1cor 4:18	1cor 6:11	expanded
skip	count too low	τινος	de alguien	2	1cor 3:14	1cor 3:15	expanded
skip	count too low	τις	un	2	1cor 7:12	1corintios 14:24	direct
skip	count too low	τοὺς	a los	2	1cor 1:27	1cor 3:19	expanded
skip	count too low	τοὺς	los	2	1cor 3:20	1corintios 8:12	direct
skip	count too low	τοῦ	el	2	1cor 1:10	1cor 4:6	direct
skip	count too low	τοῦ	señor	2	1corintios 11:23	1corintios 9:5	direct
skip	count too low	τοῦ	parte	2	1corintios 12:15	1corintios 12:16	direct
skip	count too low	τοῦ	sobre su	2	1cor 7:4	1cor 7:4	expanded
skip	count too low	τοῦτο	pero	2	1corintios 11:17	1corintios 7:29	direct
skip	count too low	τοῦτο	hagan esto	2	1corintios 11:24	1corintios 11:25	expanded
skip	count too low	τοῦτο	eso	2	1corintios 12:15	1corintios 12:16	direct
skip	count too low	τοῦτο	esto	2	1cor 6:6	1corintios 7:35	direct
skip	count too low	τὰ	las	2	1cor 2:10	1corintios 14:7	direct
skip	count too low	τὰ	los pensamientos	2	1cor 2:11	1cor 2:11	expanded
skip	count too low	τὰ	por las cosas	2	1corintios 7:32	1corintios 7:33	expanded
skip	count too low	τὰς	los	2	1cor 4:5	1corintios 10:18	direct,expanded
skip	count too low	τὰς	las	2	1cor 7:2	1corintios 11:2	direct
skip	count too low	τὴν	memoria	2	1corintios 11:24	1corintios 11:25	direct
skip	count too low	τὸ	mismo	2	1corintios 10:3	1corintios 12:11	direct
skip	count too low	τὸ	que	2	1cor 2:12	1corintios 11:24	direct,expanded
skip	count too low	τὸν	el	2	1cor 3:17	1corintios 11:27	direct
skip	count too low	τὸν	su	2	1cor 6:1	1cor 7:2	direct,expanded
skip	count too low	τῇ	a la	2	1cor 1:2	1cor 7:5	expanded
skip	count too low	τῇ	que	2	1cor 1:2	1cor 1:4	expanded
skip	count too low	τῶν	que los	2	1cor 1:25	1cor 1:25	expanded
skip	count too low	τῷ	mi	2	1corintios 11:25	1corintios 14:19	direct
skip	count too low	τῷ	entendimiento	2	1corintios 14:15	1corintios 14:15	direct
skip	count too low	τῷ	para el	2	1cor 4:9	1cor 6:13	expanded
skip	count too low	τῷ	en	2	1cor 5:3	1cor 5:3	expanded
skip	count too low	τῷ	su	2	1cor 6:20	1cor 7:14	direct,expanded
skip	count too low	φαγεῖν	comer	2	1corintios 11:20	1corintios 9:4	direct
skip	count too low	φυτεύων	planta	2	1cor 3:7	1cor 3:8	direct
skip	count too low	φύραμα	masa	2	1cor 5:6	1cor 5:7	direct
skip	count too low	χαρίσματα	dones	2	1corintios 12:30	1corintios 12:9	direct
skip	count too low	χριστὸς	cristo	2	1cor 1:17	1cor 3:23	direct
skip	count too low	ἀγάπη	amor	2	1corintios 13:4	1corintios 13:8	direct
skip	count too low	ἀνθρώπων	hombres	2	1cor 1:25	1cor 1:25	direct
skip	count too low	ἀνθρώπων	de los hombres	2	1cor 2:5	1corintios 7:23	expanded
skip	count too low	ἀποκάλυψιν	revelación	2	1cor 1:7	1corintios 14:26	direct
skip	count too low	ἀπολλῶ	de apolos	2	1cor 1:12	1cor 3:4	expanded
skip	count too low	ἀπόστολοι	apóstoles	2	1corintios 12:29	1corintios 9:5	direct
skip	count too low	ἀπόστολος	apóstol	2	1cor 1:1	1corintios 9:1	direct
skip	count too low	ἀπὸ	de parte de	2	1cor 1:3	1cor 4:5	expanded
skip	count too low	ἀρχόντων	gobernantes	2	1cor 2:6	1cor 2:8	direct
skip	count too low	ἀφιέτω	abandone	2	1cor 7:12	1cor 7:13	direct
skip	count too low	ἁγίων	santos	2	1cor 6:1	1corintios 14:33	direct
skip	count too low	ἁμαρτάνει	peca	2	1cor 6:18	1corintios 7:36	direct
skip	count too low	ἄλλον	otro	2	1cor 1:16	1cor 3:11	direct
skip	count too low	ἄλλῳ	a otro	2	1corintios 12:10	1corintios 14:30	expanded
skip	count too low	ἄπιστος	no es creyente	2	1cor 7:14	1cor 7:14	expanded
skip	count too low	ἄρτον	pan	2	1corintios 11:23	1corintios 11:27	direct
skip	count too low	ἐβαπτίσθητε	fueron bautizados	2	1cor 1:13	1cor 1:15	expanded
skip	count too low	ἐγενήθημεν	hemos llegado a ser	2	1cor 4:13	1cor 4:9	expanded
skip	count too low	ἐκ	ser	2	1corintios 12:15	1corintios 12:16	direct
skip	count too low	ἐκκλησίαις	iglesias	2	1corintios 14:33	1corintios 14:34	direct
skip	count too low	ἐμὴν	de mí	2	1corintios 11:24	1corintios 11:25	expanded
skip	count too low	ἐν	en el cuerpo	2	1corintios 12:18	1corintios 12:25	expanded
skip	count too low	ἐν	en el mundo	2	1corintios 14:10	1corintios 8:4	expanded
skip	count too low	ἐν	por	2	1cor 4:4	1cor 6:2	expanded
skip	count too low	ἐξουσίαν	a	2	1corintios 9:4	1corintios 9:5	direct
skip	count too low	ἐξουσιάζει	tiene autoridad	2	1cor 7:4	1cor 7:4	expanded
skip	count too low	ἐπαινῶ	los alabo	2	1corintios 11:17	1corintios 11:2	expanded
skip	count too low	ἐπεὶ	de otra manera	2	1cor 7:14	1corintios 14:16	expanded
skip	count too low	ἐπὶ	a	2	1cor 7:5	1corintios 14:16	direct
skip	count too low	ἐσταυρωμένον	crucificado	2	1cor 1:23	1cor 2:2	direct
skip	count too low	ἐστε	ustedes son	2	1cor 3:16	1corintios 12:27	expanded
skip	count too low	ἐστιν	son	2	1cor 6:15	1cor 7:14	direct
skip	count too low	ἐχέτω	tenga	2	1cor 7:2	1cor 7:2	direct
skip	count too low	ἑαυτὸν	a sí mismo	2	1cor 3:18	1corintios 14:4	expanded
skip	count too low	ἑκάστου	de cada uno	2	1cor 3:13	1cor 3:13	expanded
skip	count too low	ἑκάστῳ	cada uno	2	1cor 4:5	1corintios 12:11	expanded
skip	count too low	ἑκάστῳ	a cada uno	2	1cor 3:5	1corintios 12:7	expanded
skip	count too low	ἓν	miembro	2	1corintios 12:14	1corintios 12:19	direct
skip	count too low	ἓν	un	2	1cor 6:16	1cor 6:17	direct
skip	count too low	ἔγραψα	escribí	2	1cor 5:11	1cor 5:9	direct
skip	count too low	ἔλαβες	recibiste	2	1cor 4:7	1cor 4:7	direct
skip	count too low	ἔλθῃ	venga	2	1cor 4:5	1corintios 11:26	direct
skip	count too low	ἔξεστιν	son lícitas	2	1cor 6:12	1cor 6:12	expanded
skip	count too low	ἔστιν	de	2	1corintios 12:15	1corintios 12:16	direct
skip	count too low	ἔχει	tiene	2	1cor 7:12	1corintios 12:12	direct
skip	count too low	ἔχομεν	derecho	2	1corintios 9:4	1corintios 9:5	direct
skip	count too low	ἕκαστος	cada cual	2	1cor 7:7	1corintios 14:26	expanded
skip	count too low	ἕως	hasta	2	1cor 1:8	1cor 4:13	direct
skip	count too low	ἡ	no	2	1corintios 13:4	1corintios 7:34	direct
skip	count too low	ἡ	se	2	1corintios 7:28	1corintios 7:34	direct
skip	count too low	ἡμέρᾳ	día	2	1cor 1:8	1cor 5:5	direct
skip	count too low	ἡμεῖς	nosotros somos	2	1cor 4:10	1cor 4:10	expanded
skip	count too low	ἡμῖν	nosotros	2	1cor 1:18	1cor 4:6	direct
skip	count too low	ἡμῖν	nos	2	1cor 2:10	1cor 2:12	direct
skip	count too low	ἢ	en	2	1corintios 14:19	1corintios 14:5	direct
skip	count too low	ἢ	que	2	1cor 7:9	1corintios 14:23	direct
skip	count too low	ἰδίου	propio	2	1cor 7:4	1cor 7:4	direct
skip	count too low	ἴδιον	su propio	2	1cor 3:8	1cor 7:7	expanded
skip	count too low	ἴδιον	propio	2	1cor 6:18	1cor 7:2	direct
skip	count too low	ἵνα	que	2	1cor 1:10	1cor 4:2	direct
skip	count too low	ὀνόματι	nombre	2	1cor 5:4	1cor 6:11	direct
skip	count too low	ὁ	cristo	2	1corintios 10:4	1corintios 11:3	direct
skip	count too low	ὁ	es	2	1corintios 12:12	1corintios 12:5	direct
skip	count too low	ὁ	ha	2	1corintios 12:18	1corintios 12:28	direct
skip	count too low	ὁ	el que fue llamado	2	1corintios 7:22	1corintios 7:22	expanded
skip	count too low	ὃς	el cual	2	1cor 1:30	1cor 4:5	expanded
skip	count too low	ὃς	él	2	1cor 1:8	1cor 4:17	expanded
skip	count too low	ὃς	que	2	1cor 6:5	1corintios 11:27	direct
skip	count too low	ὄντα	es	2	1cor 1:28	1cor 1:28	direct
skip	count too low	ὅλον	todo	2	1corintios 12:17	1corintios 12:17	direct
skip	count too low	ὅλως	en efecto	2	1cor 5:1	1cor 6:7	expanded
skip	count too low	ὅτι	pues	2	1cor 3:13	1corintios 11:15	direct
skip	count too low	ὅτι	no	2	1corintios 12:16	1corintios 8:4	direct
skip	count too low	ὑμᾶς	en	2	1corintios 11:2	1corintios 14:5	direct
skip	count too low	ὑμᾶς	verlos	2	1cor 4:18	1cor 4:19	direct
skip	count too low	ὑπʼ	por	2	1cor 2:15	1corintios 8:3	direct
skip	count too low	ὑπὲρ	por	2	1cor 1:13	1corintios 12:25	direct
skip	count too low	ὡς	según	2	1cor 3:5	1corintios 7:17	direct
skip	count too low	ὥστε	así	2	1corintios 14:22	1corintios 7:38	direct
skip	count too low	ὥστε	por tanto	2	1cor 4:5	1cor 5:8	expanded
skip	count too low	ᾖ	haya	2	1cor 1:10	1corintios 12:25	direct
skip	count too low	1ἄλλῳ	a otro	1	1corintios 12:10	1corintios 12:10	expanded
skip	count too low	2ἄλλῳ	y a otro	1	1corintios 12:10	1corintios 12:10	expanded
skip	count too low	Τοῖς	a	1	1cor 7:12	1cor 7:12	direct
skip	count too low	Τοῦτο	esto lo	1	1cor 7:6	1cor 7:6	expanded
skip	count too low	Χλόης	de cloé	1	1cor 1:11	1cor 1:11	expanded
skip	count too low	Χριστοῦ	de cristo	1	1corintios 7:22	1corintios 7:22	expanded
skip	count too low	αἰνίγματι	entonces	1	1corintios 13:12	1corintios 13:12	direct
skip	count too low	αἰσχρὸν	deshonroso	1	1corintios 11:6	1corintios 11:6	direct
skip	count too low	αἰσχρὸν	es	1	1corintios 14:35	1corintios 14:35	direct
skip	count too low	αἰτοῦσιν	piden	1	1cor 1:22	1cor 1:22	direct
skip	count too low	αἰώνων	siglos	1	1cor 2:7	1cor 2:7	direct
skip	count too low	αἰῶνι	mundo	1	1cor 3:18	1cor 3:18	expanded
skip	count too low	αἱ	que	1	1corintios 14:22	1corintios 14:22	direct
skip	count too low	αἱρέσεις	entre	1	1corintios 11:19	1corintios 11:19	direct
skip	count too low	αἵματι	sangre	1	1corintios 11:25	1corintios 11:25	direct
skip	count too low	αἵματος	sangre	1	1corintios 11:27	1corintios 11:27	direct
skip	count too low	αὐλούμενον	se toca en la flauta	1	1corintios 14:7	1corintios 14:7	expanded
skip	count too low	αὐλὸς	flauta	1	1corintios 14:7	1corintios 14:7	direct
skip	count too low	αὐξάνων	da el crecimiento	1	1cor 3:7	1cor 3:7	expanded
skip	count too low	αὐτήν	la	1	1cor 7:12	1cor 7:12	direct
skip	count too low	αὐταῖς	permitido	1	1corintios 14:34	1corintios 14:34	direct
skip	count too low	αὐτοῖς	propio	1	1corintios 11:13	1corintios 11:13	direct
skip	count too low	αὐτοῖς	para ellos	1	1cor 7:8	1cor 7:8	expanded
skip	count too low	αὐτοῦ	suya	1	1cor 1:30	1cor 1:30	direct
skip	count too low	αὐτοῦ	su	1	1cor 1:9	1cor 1:9	direct
skip	count too low	αὐτοῦ	corazón	1	1corintios 14:25	1corintios 14:25	direct
skip	count too low	αὐτοῦ	presión	1	1corintios 7:37	1corintios 7:37	direct
skip	count too low	αὐτὸ	alimento	1	1corintios 10:3	1corintios 10:3	direct
skip	count too low	αὐτὸ	misma	1	1corintios 10:4	1corintios 10:4	direct
skip	count too low	αὐτὸ	que	1	1corintios 11:5	1corintios 11:5	direct
skip	count too low	αὐτὸ	espíritu	1	1corintios 12:11	1corintios 12:11	direct
skip	count too low	αὐτὸ	el	1	1corintios 12:8	1corintios 12:8	direct
skip	count too low	αὐτὸ	hablan	1	1corintios 14:23	1corintios 14:23	direct
skip	count too low	αὐτὸς	el	1	1corintios 12:5	1corintios 12:5	direct
skip	count too low	αὐτὸς	mismo	1	1corintios 12:6	1corintios 12:6	direct
skip	count too low	αὐτῆς	porque	1	1corintios 11:5	1corintios 11:5	direct
skip	count too low	αὐτῆς	ella	1	1cor 7:13	1cor 7:13	direct
skip	count too low	αὐτῇ	mismo	1	1cor 1:10	1cor 1:10	direct
skip	count too low	αὐτῇ	a ella	1	1corintios 11:15	1corintios 11:15	expanded
skip	count too low	αὐτῶν	de ellos	1	1cor 1:2	1cor 1:2	expanded
skip	count too low	αὐτῶν	miembros	1	1corintios 12:18	1corintios 12:18	direct
skip	count too low	αὐτῶν	beneficio	1	1corintios 7:35	1corintios 7:35	direct
skip	count too low	αὐτῷ	le	1	1corintios 11:14	1corintios 11:14	direct
skip	count too low	αὐτῷ	espíritu	1	1corintios 12:9	1corintios 12:9	direct
skip	count too low	αὐτῷ	para él	1	1cor 2:14	1cor 2:14	expanded
skip	count too low	αὕτη	ella	1	1cor 7:12	1cor 7:12	direct
skip	count too low	αὕτη	esta	1	1corintios 9:3	1corintios 9:3	direct
skip	count too low	βάθη	profundidades	1	1cor 2:10	1cor 2:10	direct
skip	count too low	βάρβαρος	un extranjero	1	1corintios 14:11	1corintios 14:11	expanded
skip	count too low	βάρβαρος	será un extranjero	1	1corintios 14:11	1corintios 14:11	expanded
skip	count too low	βαπτίζειν	a bautizar	1	1cor 1:17	1cor 1:17	expanded
skip	count too low	βασιλεία	reino	1	1cor 4:20	1cor 4:20	direct
skip	count too low	βεβαιώσει	confirmará	1	1cor 1:8	1cor 1:8	direct
skip	count too low	βιωτικά	asuntos de esta vida	1	1cor 6:3	1cor 6:3	expanded
skip	count too low	βιωτικὰ	de esta vida	1	1cor 6:4	1cor 6:4	expanded
skip	count too low	βλέπετε	pero tengan cuidado no sea que esta libertad de ustedes de alguna manera se convierta en piedra de tropiezo para el débil	1	1corintios 8:9	1corintios 8:9	expanded
skip	count too low	βλέπομεν	porque	1	1corintios 13:12	1corintios 13:12	direct
skip	count too low	βλεπέτω	tenga cuidado	1	1cor 3:10	1cor 3:10	expanded
skip	count too low	βουλὰς	designios	1	1cor 4:5	1cor 4:5	direct
skip	count too low	βούλεται	voluntad	1	1corintios 12:11	1corintios 12:11	direct
skip	count too low	βραβεῖον	el	1	1corintios 9:24	1corintios 9:24	direct
skip	count too low	βρόχον	lo	1	1corintios 7:35	1corintios 7:35	direct
skip	count too low	βρώμασιν	alimentos	1	1cor 6:13	1cor 6:13	direct
skip	count too low	βρώματα	alimentos son	1	1cor 6:13	1cor 6:13	expanded
skip	count too low	βρῶμα	alimento sólido	1	1cor 3:2	1cor 3:2	expanded
skip	count too low	βρῶμα	pero la comida no nos recomendará a dios	1	1corintios 8:8	1corintios 8:8	expanded
skip	count too low	γάλα	leche	1	1cor 3:2	1cor 3:2	direct
skip	count too low	γάρ	porque nosotros	1	1cor 3:9	1cor 3:9	expanded
skip	count too low	γάϊον	a gayo	1	1cor 1:14	1cor 1:14	expanded
skip	count too low	γέγονα	como	1	1corintios 13:1	1corintios 13:1	direct
skip	count too low	γέγονα	llegué a ser	1	1corintios 13:11	1corintios 13:11	expanded
skip	count too low	γέγραπται	por	1	1corintios 14:21	1corintios 14:21	direct
skip	count too low	γέγραπται	escrito está	1	1cor 3:19	1cor 3:19	expanded
skip	count too low	γένη	diversas clases de	1	1corintios 12:10	1corintios 12:10	expanded
skip	count too low	γένη	clases	1	1corintios 12:28	1corintios 12:28	direct
skip	count too low	γένη	variedades	1	1corintios 14:10	1corintios 14:10	direct
skip	count too low	γένηται	llegar a ser	1	1cor 3:18	1cor 3:18	expanded
skip	count too low	γήμῃ	virgen	1	1corintios 7:28	1corintios 7:28	direct
skip	count too low	γίνεσθαι	que se haga	1	1corintios 7:36	1corintios 7:36	expanded
skip	count too low	γίνεσθε	niños	1	1corintios 14:20	1corintios 14:20	direct
skip	count too low	γίνεσθε	se hagan	1	1corintios 7:23	1corintios 7:23	expanded
skip	count too low	γίνεται	al	1	1corintios 14:25	1corintios 14:25	direct
skip	count too low	γαμήσας	se	1	1corintios 7:33	1corintios 7:33	direct
skip	count too low	γαμήσασα	las	1	1corintios 7:34	1corintios 7:34	direct
skip	count too low	γαμήσῃς	no	1	1corintios 7:28	1corintios 7:28	direct
skip	count too low	γαμίζων	el que da en matrimonio	1	1corintios 7:38	1corintios 7:38	expanded
skip	count too low	γαμείτωσαν	que se case	1	1corintios 7:36	1corintios 7:36	expanded
skip	count too low	γαμηθῆναι	de casarse con	1	1corintios 7:39	1corintios 7:39	expanded
skip	count too low	γαμησάτωσαν	cásense que	1	1cor 7:9	1cor 7:9	expanded
skip	count too low	γαμῆσαι	casarse	1	1cor 7:9	1cor 7:9	direct
skip	count too low	γεγαμηκόσιν	casados	1	1cor 7:10	1cor 7:10	direct
skip	count too low	γενέσθαι	tu	1	1corintios 7:21	1corintios 7:21	direct
skip	count too low	γενέσθω	hágase	1	1cor 3:18	1cor 3:18	direct
skip	count too low	γενήσεται	se hará	1	1cor 3:13	1cor 3:13	expanded
skip	count too low	γενήσεται	recibirá	1	1cor 4:5	1cor 4:5	expanded
skip	count too low	γεώργιον	el campo de cultivo	1	1cor 3:9	1cor 3:9	expanded
skip	count too low	γινέσθω	que se haga	1	1corintios 14:26	1corintios 14:26	expanded
skip	count too low	γινέσθω	orden	1	1corintios 14:40	1corintios 14:40	direct
skip	count too low	γινώσκει	conoce	1	1cor 3:20	1cor 3:20	direct
skip	count too low	γινώσκομεν	conocemos	1	1corintios 13:9	1corintios 13:9	direct
skip	count too low	γινώσκω	parte	1	1corintios 13:12	1corintios 13:12	direct
skip	count too low	γλωσσῶν	lenguas	1	1corintios 12:10	1corintios 12:10	direct
skip	count too low	γλώσσαις	hablara	1	1corintios 13:1	1corintios 13:1	direct
skip	count too low	γλώσσαις	algunos	1	1corintios 14:23	1corintios 14:23	direct
skip	count too low	γλώσσαις	pero	1	1corintios 14:5	1corintios 14:5	direct
skip	count too low	γλώσσαις	menos	1	1corintios 14:5	1corintios 14:5	direct
skip	count too low	γλώσσης	la	1	1corintios 14:9	1corintios 14:9	direct
skip	count too low	γλώσσῃ	oro	1	1corintios 14:14	1corintios 14:14	direct
skip	count too low	γλῶσσαι	lenguas	1	1corintios 13:8	1corintios 13:8	direct
skip	count too low	γλῶσσαι	las	1	1corintios 14:22	1corintios 14:22	direct
skip	count too low	γλῶσσαν	lenguas	1	1corintios 14:26	1corintios 14:26	direct
skip	count too low	γνωρίζω	tanto	1	1corintios 12:3	1corintios 12:3	direct
skip	count too low	γνωρίζω	ahora	1	1corintios 15:1	1corintios 15:1	direct
skip	count too low	γνωσθήσεται	se sabrá	1	1corintios 14:7	1corintios 14:7	expanded
skip	count too low	γνωσθήσεται	sabrá	1	1corintios 14:9	1corintios 14:9	direct
skip	count too low	γνώμην	señor	1	1corintios 7:25	1corintios 7:25	direct
skip	count too low	γνώμῃ	parecer	1	1cor 1:10	1cor 1:10	direct
skip	count too low	γνώσει	hermano	1	1corintios 8:11	1corintios 8:11	direct
skip	count too low	γνώσεως	de	1	1corintios 12:8	1corintios 12:8	direct
skip	count too low	γνώσομαι	conoceré	1	1cor 4:19	1cor 4:19	direct
skip	count too low	γνῶναι	entender	1	1cor 2:14	1cor 2:14	direct
skip	count too low	γνῶναι	saber	1	1cor 8:2	1cor 8:2	direct
skip	count too low	γνῶσιν	y	1	1corintios 13:2	1corintios 13:2	direct
skip	count too low	γνῶσιν	el	1	1corintios 8:1	1corintios 8:1	direct
skip	count too low	γνῶσις	conocimiento	1	1corintios 13:8	1corintios 13:8	direct
skip	count too low	γνῶσις	pero	1	1corintios 8:1	1corintios 8:1	direct
skip	count too low	γνῶσις	algunos	1	1corintios 8:7	1corintios 8:7	direct
skip	count too low	γογγύζετε	murmuren	1	1corintios 10:10	1corintios 10:10	direct
skip	count too low	γραμματεύς	el escriba	1	1cor 1:20	1cor 1:20	expanded
skip	count too low	γυμνιτεύομεν	andamos mal vestidos	1	1cor 4:11	1cor 4:11	expanded
skip	count too low	γυνή	la mujer	1	1corintios 11:6	1corintios 11:6	expanded
skip	count too low	γυνή	mujer	1	1cor 7:4	1cor 7:4	direct
skip	count too low	γυναικί;	a mujer	1	1corintios 7:27	1corintios 7:27	expanded
skip	count too low	γυναικός	las	1	1corintios 11:12	1corintios 11:12	direct
skip	count too low	γυναικός	mujer sino	1	1corintios 11:8	1corintios 11:8	expanded
skip	count too low	γυναικός;	mujer	1	1corintios 7:27	1corintios 7:27	direct
skip	count too low	γυναικὶ	para la mujer	1	1corintios 11:6	1corintios 11:6	expanded
skip	count too low	γυναικὶ	que	1	1corintios 14:35	1corintios 14:35	direct
skip	count too low	γυναικὶ	su mujer	1	1cor 7:3	1cor 7:3	expanded
skip	count too low	γυναικὸς	el hombre	1	1corintios 11:11	1corintios 11:11	expanded
skip	count too low	γυναικὸς	la	1	1corintios 11:3	1corintios 11:3	direct
skip	count too low	γυναικὸς	mujer	1	1cor 7:1	1cor 7:1	direct
skip	count too low	γυναῖκά	la mujer	1	1cor 5:1	1cor 5:1	expanded
skip	count too low	γυναῖκα	ore a dios	1	1corintios 11:13	1corintios 11:13	expanded
skip	count too low	γυναῖκα	la mujer	1	1cor 7:10	1cor 7:10	expanded
skip	count too low	γυναῖκα	a su mujer	1	1cor 7:11	1cor 7:11	expanded
skip	count too low	γυναῖκα	una mujer	1	1cor 7:12	1cor 7:12	expanded
skip	count too low	γυναῖκα	con nosotros una	1	1corintios 9:5	1corintios 9:5	expanded
skip	count too low	γυναῖκας	mujer	1	1corintios 7:29	1corintios 7:29	direct
skip	count too low	γυναῖκες	mujeres	1	1corintios 14:34	1corintios 14:34	direct
skip	count too low	γυνὴ	símbolo de	1	1corintios 11:10	1corintios 11:10	expanded
skip	count too low	γυνὴ	el señor	1	1corintios 11:11	1corintios 11:11	expanded
skip	count too low	γυνὴ	que tiene	1	1corintios 11:5	1corintios 11:5	expanded
skip	count too low	γυνὴ	a causa	1	1corintios 11:9	1corintios 11:9	expanded
skip	count too low	γυνὴ	mujer lo cumpla	1	1cor 7:3	1cor 7:3	expanded
skip	count too low	γυνὴ	mujer que	1	1corintios 7:34	1corintios 7:34	expanded
skip	count too low	γύναι	tú mujer	1	1cor 7:16	1cor 7:16	expanded
skip	count too low	γὰρ	que	1	1corintios 10:1	1corintios 10:1	direct
skip	count too low	γὰρ	de	1	1corintios 10:4	1corintios 10:4	direct
skip	count too low	γὰρ	por	1	1corintios 10:5	1corintios 10:5	direct
skip	count too low	γὰρ	así	1	1corintios 11:12	1corintios 11:12	direct
skip	count too low	γὰρ	primer	1	1corintios 11:18	1corintios 11:18	direct
skip	count too low	γὰρ	es	1	1corintios 11:19	1corintios 11:19	direct
skip	count too low	γὰρ	comer	1	1corintios 11:21	1corintios 11:21	direct
skip	count too low	γὰρ	tienen	1	1corintios 11:22	1corintios 11:22	direct
skip	count too low	γὰρ	un	1	1corintios 12:13	1corintios 12:13	direct
skip	count too low	γὰρ	cuerpo	1	1corintios 12:14	1corintios 12:14	direct
skip	count too low	γὰρ	uno	1	1corintios 12:8	1corintios 12:8	direct
skip	count too low	γὰρ	ahora	1	1corintios 13:12	1corintios 13:12	direct
skip	count too low	γὰρ	parte	1	1corintios 13:9	1corintios 13:9	direct
skip	count too low	γὰρ	bien	1	1corintios 14:17	1corintios 14:17	direct
skip	count too low	γὰρ	todos	1	1corintios 14:31	1corintios 14:31	direct
skip	count too low	γὰρ	les	1	1corintios 14:34	1corintios 14:34	direct
skip	count too low	γὰρ	la	1	1corintios 14:8	1corintios 14:8	direct
skip	count too low	γὰρ	pero	1	1cor 2:10	1cor 2:10	direct
skip	count too low	γὰρ	tu	1	1corintios 8:11	1corintios 8:11	direct
skip	count too low	γὰρ	haya	1	1corintios 8:5	1corintios 8:5	direct
skip	count too low	γῆς	por	1	1corintios 8:5	1corintios 8:5	direct
skip	count too low	δέ	entra	1	1corintios 14:24	1corintios 14:24	direct
skip	count too low	δέ	bien	1	1corintios 14:6	1corintios 14:6	direct
skip	count too low	δέ	ahora bien	1	1cor 3:12	1cor 3:12	expanded
skip	count too low	δέ	esto	1	1corintios 7:29	1corintios 7:29	direct
skip	count too low	δέδεσαι	estás unido	1	1corintios 7:27	1corintios 7:27	expanded
skip	count too low	δέδεται	está ligada	1	1corintios 7:39	1corintios 7:39	expanded
skip	count too low	δέδοται	es dado	1	1corintios 11:15	1corintios 11:15	expanded
skip	count too low	δέχεται	acepta	1	1cor 2:14	1cor 2:14	direct
skip	count too low	δίδοται	se le da	1	1corintios 12:7	1corintios 12:7	expanded
skip	count too low	δίδοται	sabiduría	1	1corintios 12:8	1corintios 12:8	direct
skip	count too low	δίδωμι	mi	1	1corintios 7:25	1corintios 7:25	direct
skip	count too low	δείκνυμι	excelente	1	1corintios 12:31	1corintios 12:31	direct
skip	count too low	δεδικαίωμαι	estoy sin culpa	1	1cor 4:4	1cor 4:4	expanded
skip	count too low	δεδούλωται	están obligados	1	1cor 7:15	1cor 7:15	expanded
skip	count too low	δειπνῆσαι	haber cenado	1	1corintios 11:25	1corintios 11:25	expanded
skip	count too low	δεύτερον	lugar	1	1corintios 12:28	1corintios 12:28	direct
skip	count too low	δεῖ	porque	1	1corintios 11:19	1corintios 11:19	direct
skip	count too low	δεῖ	debe	1	1cor 8:2	1cor 8:2	direct
skip	count too low	δεῖπνον	la cena	1	1corintios 11:20	1corintios 11:20	expanded
skip	count too low	δεῖπνον	toma	1	1corintios 11:21	1corintios 11:21	direct
skip	count too low	δηλώσει	la dará a conocer	1	1cor 3:13	1cor 3:13	expanded
skip	count too low	διʼ	por medio de	1	1cor 1:9	1cor 1:9	expanded
skip	count too low	διʼ	por	1	1corintios 13:12	1corintios 13:12	direct
skip	count too low	διʼ	mediante	1	1cor 3:5	1cor 3:5	direct
skip	count too low	διʼ	por amor a	1	1cor 4:6	1cor 4:6	expanded
skip	count too low	διʼ	cristo	1	1corintios 8:11	1corintios 8:11	direct
skip	count too low	διʼ	por quien son todas las cosas	1	1corintios 8:6	1corintios 8:6	expanded
skip	count too low	διάκονοι	servidores	1	1cor 3:5	1cor 3:5	direct
skip	count too low	διέταξεν	los	1	1corintios 9:14	1corintios 9:14	direct
skip	count too low	διαθήκη	pacto	1	1corintios 11:25	1corintios 11:25	direct
skip	count too low	διαιρέσεις	ahora	1	1corintios 12:4	1corintios 12:4	direct
skip	count too low	διαιρέσεις	de	1	1corintios 12:5	1corintios 12:5	direct
skip	count too low	διαιρέσεις	diversidad	1	1corintios 12:6	1corintios 12:6	direct
skip	count too low	διαιροῦν	individualmente	1	1corintios 12:11	1corintios 12:11	direct
skip	count too low	διακονιῶν	ministerios	1	1corintios 12:5	1corintios 12:5	direct
skip	count too low	διακρίνει	distingue	1	1cor 4:7	1cor 4:7	direct
skip	count too low	διακρίνων	discernir correctamente	1	1corintios 11:29	1corintios 11:29	expanded
skip	count too low	διακρίσεις	discernimiento	1	1corintios 12:10	1corintios 12:10	direct
skip	count too low	διακρῖναι	juzgar	1	1cor 6:5	1cor 6:5	direct
skip	count too low	διαλογισμοὺς	razonamientos	1	1cor 3:20	1cor 3:20	direct
skip	count too low	διαστολὴν	con distinción	1	1corintios 14:7	1corintios 14:7	expanded
skip	count too low	διατάσσομαι	iglesias	1	1corintios 7:17	1corintios 7:17	direct
skip	count too low	διδάσκαλοι	maestros	1	1corintios 12:29	1corintios 12:29	direct
skip	count too low	διδάσκει	enseña	1	1corintios 11:14	1corintios 11:14	direct
skip	count too low	διδάσκω	yo enseño	1	1cor 4:17	1cor 4:17	expanded
skip	count too low	διδακτοῖς	enseñadas	1	1cor 2:13	1cor 2:13	direct
skip	count too low	διδακτοῖς	las enseñadas	1	1cor 2:13	1cor 2:13	expanded
skip	count too low	διδασκάλους	milagros	1	1corintios 12:28	1corintios 12:28	direct
skip	count too low	διδαχὴν	enseñanza	1	1corintios 14:26	1corintios 14:26	direct
skip	count too low	διδαχῇ	enseñanza	1	1corintios 14:6	1corintios 14:6	direct
skip	count too low	διδόντα	al producir un	1	1corintios 14:7	1corintios 14:7	expanded
skip	count too low	διεκρίνομεν	nos juzgáramos a	1	1corintios 11:31	1corintios 11:31	expanded
skip	count too low	διερμηνευέτω	interprete	1	1corintios 14:27	1corintios 14:27	direct
skip	count too low	διερμηνευτής	intérprete	1	1corintios 14:28	1corintios 14:28	direct
skip	count too low	διερμηνεύῃ	pueda interpretar	1	1corintios 14:13	1corintios 14:13	expanded
skip	count too low	διερμηνεύῃ	interprete	1	1corintios 14:5	1corintios 14:5	direct
skip	count too low	δικαιοσύνη	justificación	1	1cor 1:30	1cor 1:30	direct
skip	count too low	διψῶμεν	sed	1	1cor 4:11	1cor 4:11	direct
skip	count too low	διωκόμενοι	cuando somos perseguidos	1	1cor 4:12	1cor 4:12	expanded
skip	count too low	διόπερ	por tanto amados míos huyan	1	1corintios 10:14	1corintios 10:14	expanded
skip	count too low	διόπερ	por tanto si la comida hace que mi hermano caiga en pecado	1	1corintios 8:13	1corintios 8:13	expanded
skip	count too low	διώκετε	procuren	1	1corintios 14:1	1corintios 14:1	direct
skip	count too low	διὰ	por medio de	1	1cor 1:21	1cor 1:21	expanded
skip	count too low	διὰ	mar	1	1corintios 10:1	1corintios 10:1	expanded
skip	count too low	διὰ	por tanto la	1	1corintios 11:10	1corintios 11:10	expanded
skip	count too low	διὰ	los ángeles	1	1corintios 11:10	1corintios 11:10	expanded
skip	count too low	διὰ	la mujer y	1	1corintios 11:12	1corintios 11:12	expanded
skip	count too low	διὰ	por esta razón	1	1corintios 11:30	1corintios 11:30	expanded
skip	count too low	διὰ	a causa de	1	1corintios 11:9	1corintios 11:9	expanded
skip	count too low	διὰ	del hombre	1	1corintios 11:9	1corintios 11:9	expanded
skip	count too low	διὰ	le es dada	1	1corintios 12:8	1corintios 12:8	expanded
skip	count too low	διὰ	menos de que	1	1corintios 14:9	1corintios 14:9	expanded
skip	count too low	διὰ	a través del	1	1cor 3:15	1cor 3:15	expanded
skip	count too low	διὰ	por amor de	1	1cor 4:10	1cor 4:10	expanded
skip	count too low	διὰ	obstante por razón de	1	1cor 7:2	1cor 7:2	expanded
skip	count too low	διὰ	vista de la	1	1corintios 7:26	1corintios 7:26	expanded
skip	count too low	διὰ	por causa de	1	1cor 7:5	1cor 7:5	expanded
skip	count too low	διὰ	por amor del	1	1corintios 9:23	1corintios 9:23	expanded
skip	count too low	διὸ	por	1	1corintios 12:3	1corintios 12:3	direct
skip	count too low	διὸ	por tanto	1	1corintios 14:13	1corintios 14:13	expanded
skip	count too low	δοθείσῃ	fue dada	1	1cor 1:4	1cor 1:4	direct
skip	count too low	δοθεῖσάν	fue dada	1	1cor 3:10	1cor 3:10	expanded
skip	count too low	δοκεῖ	parece ser	1	1corintios 11:16	1corintios 11:16	expanded
skip	count too low	δοκεῖ	alguien piensa	1	1corintios 14:37	1corintios 14:37	expanded
skip	count too low	δοκεῖ	se cree	1	1cor 3:18	1cor 3:18	expanded
skip	count too low	δοκεῖ	cree que	1	1cor 8:2	1cor 8:2	expanded
skip	count too low	δοκιμάσει	probará	1	1cor 3:13	1cor 3:13	direct
skip	count too low	δοκιμαζέτω	por	1	1corintios 11:28	1corintios 11:28	direct
skip	count too low	δοκοῦμεν	que estimamos	1	1corintios 12:23	1corintios 12:23	expanded
skip	count too low	δοκοῦντα	que parecen	1	1corintios 12:22	1corintios 12:22	expanded
skip	count too low	δοκῶ	pienso que	1	1cor 4:9	1cor 4:9	expanded
skip	count too low	δοκῶ	creo	1	1corintios 7:40	1corintios 7:40	direct
skip	count too low	δοξάζεται	es honrado	1	1corintios 12:26	1corintios 12:26	expanded
skip	count too low	δοξάσατε	glorifiquen	1	1cor 6:20	1cor 6:20	direct
skip	count too low	δοὺς	dando mayor	1	1corintios 12:24	1corintios 12:24	expanded
skip	count too low	δοῦλοι	libres	1	1corintios 12:13	1corintios 12:13	direct
skip	count too low	δοῦλοι	esclavos	1	1corintios 7:23	1corintios 7:23	direct
skip	count too low	δοῦλος	fuiste	1	1corintios 7:21	1corintios 7:21	direct
skip	count too low	δοῦλος	siendo esclavo	1	1corintios 7:22	1corintios 7:22	expanded
skip	count too low	δοῦλός	esclavo	1	1corintios 7:22	1corintios 7:22	direct
skip	count too low	δρασσόμενος	prende	1	1cor 3:19	1cor 3:19	direct
skip	count too low	δυνάμει	el poder	1	1cor 2:5	1cor 2:5	expanded
skip	count too low	δυνάμεις	dones	1	1corintios 12:28	1corintios 12:28	direct
skip	count too low	δυνάμεις	obradores de milagros	1	1corintios 12:29	1corintios 12:29	expanded
skip	count too low	δυνάμεων	milagros	1	1corintios 12:10	1corintios 12:10	direct
skip	count too low	δυνάμεως	de poder	1	1cor 2:4	1cor 2:4	expanded
skip	count too low	δυνάμεως	poder	1	1cor 6:14	1cor 6:14	direct
skip	count too low	δυνήσεται	pueda	1	1cor 6:5	1cor 6:5	direct
skip	count too low	δυνατοί	poderosos	1	1cor 1:26	1cor 1:26	direct
skip	count too low	δυσφημούμενοι	cuando hablan mal de nosotros	1	1cor 4:13	1cor 4:13	expanded
skip	count too low	δόκιμοι	son	1	1corintios 11:19	1corintios 11:19	direct
skip	count too low	δόξα	una gloria	1	1corintios 11:15	1corintios 11:15	expanded
skip	count too low	δόξα	gloria	1	1corintios 11:7	1corintios 11:7	direct
skip	count too low	δόξα	gloria del	1	1corintios 11:7	1corintios 11:7	expanded
skip	count too low	δόξαν	gloria	1	1cor 2:7	1cor 2:7	direct
skip	count too low	δόξης	gloria	1	1cor 2:8	1cor 2:8	direct
skip	count too low	δύναμιν	poder	1	1cor 1:24	1cor 1:24	direct
skip	count too low	δύναμιν	significado	1	1corintios 14:11	1corintios 14:11	direct
skip	count too low	δύναμιν	poder que tienen	1	1cor 4:19	1cor 4:19	expanded
skip	count too low	δύναμις	poder	1	1cor 1:18	1cor 1:18	direct
skip	count too low	δύνασαι	puedes	1	1corintios 7:21	1corintios 7:21	direct
skip	count too low	δύνασθε	porque	1	1corintios 14:31	1corintios 14:31	direct
skip	count too low	δύνασθε	pueden	1	1cor 3:2	1cor 3:2	direct
skip	count too low	δύναται	el	1	1corintios 12:21	1corintios 12:21	direct
skip	count too low	δύναται	decir	1	1corintios 12:3	1corintios 12:3	direct
skip	count too low	δύναται	las puede	1	1cor 2:14	1cor 2:14	expanded
skip	count too low	δύναται	puede	1	1cor 3:11	1cor 3:11	direct
skip	count too low	δύο	o	1	1corintios 14:29	1corintios 14:29	direct
skip	count too low	δὲ	y otro	1	1cor 1:12	1cor 1:12	expanded
skip	count too low	δὲ	cosas les	1	1corintios 10:11	1corintios 10:11	expanded
skip	count too low	δὲ	fueron escritas	1	1corintios 10:11	1corintios 10:11	expanded
skip	count too low	δὲ	la roca	1	1corintios 10:4	1corintios 10:4	expanded
skip	count too low	δὲ	proceden de	1	1corintios 11:12	1corintios 11:12	expanded
skip	count too low	δὲ	al darles	1	1corintios 11:17	1corintios 11:17	expanded
skip	count too low	δὲ	porque	1	1corintios 11:2	1corintios 11:2	direct
skip	count too low	δὲ	tanto examínese	1	1corintios 11:28	1corintios 11:28	expanded
skip	count too low	δὲ	la cabeza	1	1corintios 11:3	1corintios 11:3	expanded
skip	count too low	δὲ	el hombre y la	1	1corintios 11:3	1corintios 11:3	expanded
skip	count too low	δὲ	cuando somos	1	1corintios 11:32	1corintios 11:32	expanded
skip	count too low	δὲ	demás asuntos	1	1corintios 11:34	1corintios 11:34	expanded
skip	count too low	δὲ	toda mujer	1	1corintios 11:5	1corintios 11:5	expanded
skip	count too low	δὲ	si	1	1corintios 11:6	1corintios 11:6	direct
skip	count too low	δὲ	los dones	1	1corintios 12:1	1corintios 12:1	expanded
skip	count too low	δὲ	todas estas	1	1corintios 12:11	1corintios 12:11	expanded
skip	count too low	δὲ	bien dios	1	1corintios 12:18	1corintios 12:18	expanded
skip	count too low	δὲ	un solo	1	1corintios 12:20	1corintios 12:20	expanded
skip	count too low	δὲ	ojo no	1	1corintios 12:21	1corintios 12:21	expanded
skip	count too low	δὲ	que nuestras	1	1corintios 12:24	1corintios 12:24	expanded
skip	count too low	δὲ	deseen ardientemente	1	1corintios 12:31	1corintios 12:31	expanded
skip	count too low	δὲ	bien hay	1	1corintios 12:4	1corintios 12:4	expanded
skip	count too low	δὲ	es el	1	1corintios 12:6	1corintios 12:6	expanded
skip	count too low	δὲ	a otro	1	1corintios 12:8	1corintios 12:8	expanded
skip	count too low	δὲ	he llegado	1	1corintios 13:1	1corintios 13:1	expanded
skip	count too low	δὲ	cuando venga	1	1corintios 13:10	1corintios 13:10	expanded
skip	count too low	δὲ	cara a	1	1corintios 13:12	1corintios 13:12	expanded
skip	count too low	δὲ	plenamente como	1	1corintios 13:12	1corintios 13:12	expanded
skip	count too low	δὲ	ahora permanecen	1	1corintios 13:13	1corintios 13:13	expanded
skip	count too low	δὲ	no tengo	1	1corintios 13:2	1corintios 13:2	expanded
skip	count too low	δὲ	quemado pero	1	1corintios 13:3	1corintios 13:3	expanded
skip	count too low	δὲ	que se	1	1corintios 13:6	1corintios 13:6	expanded
skip	count too low	δὲ	ser pero	1	1corintios 13:8	1corintios 13:8	expanded
skip	count too low	δὲ	pero también	1	1corintios 14:1	1corintios 14:1	expanded
skip	count too low	δὲ	dones espirituales	1	1corintios 14:1	1corintios 14:1	expanded
skip	count too low	δὲ	pero mi	1	1corintios 14:14	1corintios 14:14	expanded
skip	count too low	δὲ	también oraré	1	1corintios 14:15	1corintios 14:15	expanded
skip	count too low	δὲ	también cantaré	1	1corintios 14:15	1corintios 14:15	expanded
skip	count too low	δὲ	ese don	1	1corintios 14:23	1corintios 14:23	expanded
skip	count too low	δὲ	y que	1	1corintios 14:28	1corintios 14:28	expanded
skip	count too low	δὲ	que dos	1	1corintios 14:29	1corintios 14:29	expanded
skip	count too low	δὲ	que todo	1	1corintios 14:40	1corintios 14:40	expanded
skip	count too low	δὲ	que todos	1	1corintios 14:5	1corintios 14:5	expanded
skip	count too low	δὲ	más que	1	1corintios 14:5	1corintios 14:5	expanded
skip	count too low	δὲ	superior al	1	1corintios 14:5	1corintios 14:5	expanded
skip	count too low	δὲ	les hago	1	1corintios 15:1	1corintios 15:1	expanded
skip	count too low	δὲ	en cambio	1	1cor 2:15	1cor 2:15	expanded
skip	count too low	δὲ	aunque	1	1cor 3:15	1cor 3:15	expanded
skip	count too low	δὲ	ahora bien	1	1cor 3:8	1cor 3:8	expanded
skip	count too low	δὲ	pues	1	1cor 4:4	1cor 4:4	direct
skip	count too low	δὲ	no	1	1cor 7:2	1cor 7:2	direct
skip	count too low	δὲ	cuanto a	1	1corintios 7:25	1corintios 7:25	expanded
skip	count too low	δὲ	pero doy	1	1corintios 7:25	1corintios 7:25	expanded
skip	count too low	δὲ	yo quiero	1	1corintios 7:28	1corintios 7:28	expanded
skip	count too low	δὲ	e	1	1cor 7:3	1cor 7:3	direct
skip	count too low	δὲ	quiero que	1	1corintios 7:32	1corintios 7:32	expanded
skip	count too low	δὲ	el casado	1	1corintios 7:33	1corintios 7:33	expanded
skip	count too low	δὲ	preocupa por	1	1corintios 7:34	1corintios 7:34	expanded
skip	count too low	δὲ	digo para	1	1corintios 7:35	1corintios 7:35	expanded
skip	count too low	δὲ	su propia	1	1corintios 7:37	1corintios 7:37	expanded
skip	count too low	δὲ	lo sacrificado	1	1corintios 8:1	1corintios 8:1	expanded
skip	count too low	δὲ	edifica	1	1corintios 8:1	1corintios 8:1	expanded
skip	count too low	δὲ	así al	1	1corintios 8:12	1corintios 8:12	expanded
skip	count too low	δὲ	acostumbrados al	1	1corintios 8:7	1corintios 8:7	expanded
skip	count too low	δὲ	todo lo	1	1corintios 9:23	1corintios 9:23	expanded
skip	count too low	δὲ	pero solo	1	1corintios 9:24	1corintios 9:24	expanded
skip	count too low	δὴ	por tanto	1	1cor 6:20	1cor 6:20	expanded
skip	count too low	δῶτε	cómo	1	1corintios 14:9	1corintios 14:9	direct
skip	count too low	δῷ	dan	1	1corintios 14:7	1corintios 14:7	direct
skip	count too low	δῷ	incierto	1	1corintios 14:8	1corintios 14:8	direct
skip	count too low	εἰ	si participo con agradecimiento por qué he de ser censurado a causa de aquello por lo cual doy gracias	1	1corintios 10:30	1corintios 10:30	expanded
skip	count too low	εἰ	porque si	1	1corintios 11:6	1corintios 11:6	expanded
skip	count too low	εἰ	y si todos	1	1corintios 12:19	1corintios 12:19	expanded
skip	count too low	εἰ	quizás	1	1corintios 14:10	1corintios 14:10	direct
skip	count too low	εἰ	y	1	1corintios 14:35	1corintios 14:35	direct
skip	count too low	εἰ	que	1	1corintios 14:5	1corintios 14:5	direct
skip	count too low	εἰ	fuera	1	1corintios 7:17	1corintios 7:17	direct
skip	count too low	εἰ	preocupes	1	1corintios 7:21	1corintios 7:21	direct
skip	count too low	εἰ	un	1	1corintios 8:4	1corintios 8:4	direct
skip	count too low	εἰ	si en ustedes sembramos lo espiritual será demasiado que de ustedes cosechemos lo material	1	1corintios 9:11	1corintios 9:11	expanded
skip	count too low	εἰ	porque	1	1corintios 9:17	1corintios 9:17	direct
skip	count too low	εἰ	pero si lo hago en contra de mi voluntad	1	1corintios 9:17	1corintios 9:17	expanded
skip	count too low	εἰ	si para otros no soy apóstol por lo menos para ustedes sí lo soy pues ustedes son el sello de mi apostolado en el señor	1	1corintios 9:2	1corintios 9:2	expanded
skip	count too low	εἰδέναι	saber	1	1cor 2:2	1cor 2:2	direct
skip	count too low	εἰδωλοθύτων	los ídolos sabemos que	1	1corintios 8:1	1corintios 8:1	expanded
skip	count too low	εἰδωλολάτραι	los idólatras	1	1cor 6:9	1cor 6:9	expanded
skip	count too low	εἰδωλολάτραις	a los idólatras	1	1cor 5:10	1cor 5:10	expanded
skip	count too low	εἰδωλολάτρης	idólatra	1	1cor 5:11	1cor 5:11	direct
skip	count too low	εἰδώλου	si	1	1corintios 8:7	1corintios 8:7	direct
skip	count too low	εἰδῶ	y	1	1corintios 13:2	1corintios 13:2	direct
skip	count too low	εἰδῶ	sé	1	1corintios 14:11	1corintios 14:11	direct
skip	count too low	εἰδῶμεν	conozcamos	1	1cor 2:12	1cor 2:12	direct
skip	count too low	εἰκὼν	imagen	1	1corintios 11:7	1corintios 11:7	direct
skip	count too low	εἰλικρινείας	de sinceridad	1	1cor 5:8	1cor 5:8	expanded
skip	count too low	εἰμὶ	soy ojo	1	1corintios 12:16	1corintios 12:16	expanded
skip	count too low	εἰπεῖν	a	1	1corintios 12:21	1corintios 12:21	direct
skip	count too low	εἰπεῖν	jesús	1	1corintios 12:3	1corintios 12:3	direct
skip	count too low	εἰρήνη	paz	1	1cor 1:3	1cor 1:3	direct
skip	count too low	εἰρήνης	paz	1	1corintios 14:33	1corintios 14:33	direct
skip	count too low	εἰρήνῃ	paz	1	1cor 7:15	1cor 7:15	direct
skip	count too low	εἰς	para quienes ha llegado el fin de los siglos	1	1corintios 10:11	1corintios 10:11	expanded
skip	count too low	εἰς	fueron	1	1corintios 10:2	1corintios 10:2	direct
skip	count too low	εἰς	y	1	1corintios 11:22	1corintios 11:22	direct
skip	count too low	εἰς	para comer	1	1corintios 11:33	1corintios 11:33	expanded
skip	count too low	εἰς	reúnan	1	1corintios 11:34	1corintios 11:34	direct
skip	count too low	εἰς	lenguas	1	1corintios 14:22	1corintios 14:22	direct
skip	count too low	εἰς	preparará	1	1corintios 14:8	1corintios 14:8	direct
skip	count too low	εἰς	hablarán	1	1corintios 14:9	1corintios 14:9	direct
skip	count too low	εἰς	de	1	1cor 4:3	1cor 4:3	expanded
skip	count too low	εἰς	una	1	1cor 6:16	1cor 6:16	expanded
skip	count too low	εἰς	pleno	1	1corintios 9:18	1corintios 9:18	direct
skip	count too low	εἰσέλθωσιν	sin	1	1corintios 14:23	1corintios 14:23	direct
skip	count too low	εἰσέλθῃ	y	1	1corintios 14:24	1corintios 14:24	direct
skip	count too low	εἰσίν	altar	1	1corintios 10:18	1corintios 10:18	direct
skip	count too low	εἰσίν	de	1	1corintios 12:4	1corintios 12:4	direct
skip	count too low	εἰσίν	operaciones	1	1corintios 12:6	1corintios 12:6	direct
skip	count too low	εἰσακούσονταί	el	1	1corintios 14:21	1corintios 14:21	direct
skip	count too low	εἰσιν	hay	1	1cor 1:11	1cor 1:11	direct
skip	count too low	εἰσιν	pero	1	1corintios 12:5	1corintios 12:5	direct
skip	count too low	εἰσιν	idiomas	1	1corintios 14:10	1corintios 14:10	direct
skip	count too low	εἰσιν	una	1	1corintios 14:22	1corintios 14:22	direct
skip	count too low	εἰσιν	son	1	1cor 3:8	1cor 3:8	direct
skip	count too low	εἰσὶν	son	1	1cor 3:20	1cor 3:20	direct
skip	count too low	εἰσὶν	llamados	1	1corintios 8:5	1corintios 8:5	direct
skip	count too low	εἰσὶν	hay	1	1corintios 8:5	1corintios 8:5	direct
skip	count too low	εἴ	si algún incrédulo los invita y quieren ir coman de todo lo que se les ponga delante sin preguntar nada por motivos de conciencia	1	1corintios 10:27	1corintios 10:27	expanded
skip	count too low	εἴ	que si	1	1cor 7:12	1cor 7:12	expanded
skip	count too low	εἴ	cuyo	1	1cor 7:13	1cor 7:13	direct
skip	count too low	εἴκοσι	mil	1	1corintios 10:8	1corintios 10:8	direct
skip	count too low	εἴπερ	algunos	1	1corintios 8:5	1corintios 8:5	direct
skip	count too low	εἴπῃ	diga	1	1cor 1:15	1cor 1:15	direct
skip	count too low	εἴπῃ	el	1	1corintios 12:15	1corintios 12:15	direct
skip	count too low	εἴπῃ	oído	1	1corintios 12:16	1corintios 12:16	direct
skip	count too low	εἴτε	entonces ya sea que coman que beban o que hagan cualquier otra cosa háganlo todo para la gloria de dios	1	1corintios 10:31	1corintios 10:31	expanded
skip	count too low	εἴτε	ya	1	1corintios 12:13	1corintios 12:13	direct
skip	count too low	εἴτε	a	1	1corintios 12:13	1corintios 12:13	direct
skip	count too low	εἴτε	miembro	1	1corintios 12:26	1corintios 12:26	direct
skip	count too low	εἴτε	y si	1	1corintios 12:26	1corintios 12:26	expanded
skip	count too low	εἴτε	de	1	1corintios 13:8	1corintios 13:8	direct
skip	count too low	εἴτε	si	1	1corintios 14:27	1corintios 14:27	direct
skip	count too low	εἴτε	como la	1	1corintios 14:7	1corintios 14:7	expanded
skip	count too low	εἴτε	ya sea	1	1cor 3:22	1cor 3:22	expanded
skip	count too low	εἴτε	sea	1	1corintios 8:5	1corintios 8:5	direct
skip	count too low	εἴτε	en	1	1corintios 8:5	1corintios 8:5	direct
skip	count too low	εἶδεν	vio	1	1cor 2:9	1cor 2:9	direct
skip	count too low	εἶναι	nosotros no	1	1corintios 11:16	1corintios 11:16	expanded
skip	count too low	εἶναι	fin de	1	1corintios 11:19	1corintios 11:19	expanded
skip	count too low	εἶναι	es profeta	1	1corintios 14:37	1corintios 14:37	expanded
skip	count too low	εἶναι	es	1	1corintios 7:25	1corintios 7:25	direct
skip	count too low	εἶναι	se quede	1	1corintios 7:26	1corintios 7:26	expanded
skip	count too low	εἶναι	de preocupación	1	1corintios 7:32	1corintios 7:32	expanded
skip	count too low	εἶναι	que fueran	1	1cor 7:7	1cor 7:7	expanded
skip	count too low	εἶπεν	dijo	1	1corintios 11:24	1corintios 11:24	direct
skip	count too low	εἷς	uno	1	1corintios 14:27	1corintios 14:27	direct
skip	count too low	εἷς	de ustedes	1	1cor 4:6	1cor 4:6	expanded
skip	count too low	εἷς	dios	1	1corintios 8:4	1corintios 8:4	direct
skip	count too low	εἷς	corren	1	1corintios 9:24	1corintios 9:24	direct
skip	count too low	εὐαγγέλιον	evangelio	1	1corintios 15:1	1corintios 15:1	direct
skip	count too low	εὐαγγέλιον	el	1	1corintios 9:14	1corintios 9:14	direct
skip	count too low	εὐαγγέλιον	hacer	1	1corintios 9:18	1corintios 9:18	direct
skip	count too low	εὐαγγέλιον	para	1	1corintios 9:23	1corintios 9:23	direct
skip	count too low	εὐαγγελίζεσθαι	a predicar el evangelio	1	1cor 1:17	1cor 1:17	expanded
skip	count too low	εὐαγγελιζόμενος	pueda	1	1corintios 9:18	1corintios 9:18	direct
skip	count too low	εὐγενεῖς	nobles	1	1cor 1:26	1cor 1:26	direct
skip	count too low	εὐδόκησεν	agradó	1	1cor 1:21	1cor 1:21	direct
skip	count too low	εὐηγγελισάμην	les	1	1corintios 15:1	1corintios 15:1	direct
skip	count too low	εὐλογοῦμεν	bendecimos	1	1cor 4:12	1cor 4:12	direct
skip	count too low	εὐλογῇς	bendices	1	1corintios 14:16	1corintios 14:16	direct
skip	count too low	εὐπάρεδρον	devoción	1	1corintios 7:35	1corintios 7:35	direct
skip	count too low	εὐσχήμονα	partes	1	1corintios 12:24	1corintios 12:24	direct
skip	count too low	εὐσχημοσύνην	un trato	1	1corintios 12:23	1corintios 12:23	expanded
skip	count too low	εὐσχημόνως	se	1	1corintios 14:40	1corintios 14:40	direct
skip	count too low	εὐχαριστήσας	después de dar gracias lo	1	1corintios 11:24	1corintios 11:24	expanded
skip	count too low	εὐχαριστίᾳ	gracias	1	1corintios 14:16	1corintios 14:16	direct
skip	count too low	εὐχαριστεῖς	gracias	1	1corintios 14:17	1corintios 14:17	direct
skip	count too low	εὐχαριστῶ	doy gracias a dios	1	1cor 1:14	1cor 1:14	expanded
skip	count too low	εὑρεθῇ	sea hallado	1	1cor 4:2	1cor 4:2	expanded
skip	count too low	εὔσημον	palabras	1	1corintios 14:9	1corintios 14:9	direct
skip	count too low	εὔσχημον	asegurar	1	1corintios 7:35	1corintios 7:35	direct
skip	count too low	ζήτει	procures	1	1corintios 7:27	1corintios 7:27	direct
skip	count too low	ζήτει	busques	1	1corintios 7:27	1corintios 7:27	direct
skip	count too low	ζηλοῖ	amor	1	1corintios 13:4	1corintios 13:4	direct
skip	count too low	ζηλοῦτε	pero	1	1corintios 12:31	1corintios 12:31	direct
skip	count too low	ζηλοῦτε	amor	1	1corintios 14:1	1corintios 14:1	direct
skip	count too low	ζηλοῦτε	míos	1	1corintios 14:39	1corintios 14:39	direct
skip	count too low	ζηλωταί	anhelan	1	1corintios 14:12	1corintios 14:12	direct
skip	count too low	ζημιωθήσεται	sufrirá pérdida	1	1cor 3:15	1cor 3:15	expanded
skip	count too low	ζητεῖ	indecorosamente	1	1corintios 13:5	1corintios 13:5	direct
skip	count too low	ζητεῖται	se requiere	1	1cor 4:2	1cor 4:2	expanded
skip	count too low	ζητεῖτε	la	1	1corintios 14:12	1corintios 14:12	direct
skip	count too low	ζητοῦσιν	buscan	1	1cor 1:22	1cor 1:22	direct
skip	count too low	ζυμοῖ	fermenta	1	1cor 5:6	1cor 5:6	direct
skip	count too low	ζωὴ	la vida	1	1cor 3:22	1cor 3:22	expanded
skip	count too low	ζύμη	de levadura	1	1cor 5:6	1cor 5:6	expanded
skip	count too low	ζύμην	levadura	1	1cor 5:7	1cor 5:7	direct
skip	count too low	ζῆλος	celos	1	1cor 3:3	1cor 3:3	direct
skip	count too low	ζῇ	vive	1	1corintios 7:39	1corintios 7:39	direct
skip	count too low	ηὔξανεν	ha dado el crecimiento	1	1cor 3:6	1cor 3:6	expanded
skip	count too low	θάνατον	la muerte	1	1corintios 11:26	1corintios 11:26	expanded
skip	count too low	θάνατος	la muerte	1	1cor 3:22	1cor 3:22	expanded
skip	count too low	θέατρον	un espectáculo	1	1cor 4:9	1cor 4:9	expanded
skip	count too low	θέλει	quiera	1	1corintios 7:36	1corintios 7:36	direct
skip	count too low	θέλει	desee	1	1corintios 7:39	1corintios 7:39	direct
skip	count too low	θέλετε	quieren	1	1cor 4:21	1cor 4:21	direct
skip	count too low	θέλω	no quiero	1	1corintios 10:1	1corintios 10:1	expanded
skip	count too low	θέλω	pero quiero	1	1corintios 11:3	1corintios 11:3	expanded
skip	count too low	θέλω	que sean	1	1corintios 12:1	1corintios 12:1	expanded
skip	count too low	θέλω	hablar cinco	1	1corintios 14:19	1corintios 14:19	expanded
skip	count too low	θέλω	yo quisiera	1	1corintios 14:5	1corintios 14:5	expanded
skip	count too low	θέλω	sin embargo	1	1corintios 7:32	1corintios 7:32	expanded
skip	count too low	θέλω	yo desearía	1	1cor 7:7	1cor 7:7	expanded
skip	count too low	θήσω	gratuitamente	1	1corintios 9:18	1corintios 9:18	direct
skip	count too low	θελήματος	la voluntad	1	1cor 1:1	1cor 1:1	expanded
skip	count too low	θελήματος	decidido	1	1corintios 7:37	1corintios 7:37	direct
skip	count too low	θελήσῃ	quiere	1	1cor 4:19	1cor 4:19	direct
skip	count too low	θεμέλιον	el fundamento	1	1cor 3:10	1cor 3:10	expanded
skip	count too low	θεοὶ	ya	1	1corintios 8:5	1corintios 8:5	direct
skip	count too low	θεοὶ	muchos	1	1corintios 8:5	1corintios 8:5	direct
skip	count too low	θεοῦ	a los	1	1corintios 11:22	1corintios 11:22	expanded
skip	count too low	θεοῦ	salió de	1	1corintios 14:36	1corintios 14:36	expanded
skip	count too low	θεοῦ;	dios	1	1cor 6:19	1cor 6:19	direct
skip	count too low	θεός	es dios	1	1corintios 11:3	1corintios 11:3	expanded
skip	count too low	θεὸν	dios	1	1cor 6:20	1cor 6:20	direct
skip	count too low	θεὸς	colocado	1	1corintios 12:18	1corintios 12:18	direct
skip	count too low	θεὸς	formó	1	1corintios 12:24	1corintios 12:24	direct
skip	count too low	θεὸς	designado	1	1corintios 12:28	1corintios 12:28	direct
skip	count too low	θεὸς	entre	1	1corintios 14:25	1corintios 14:25	direct
skip	count too low	θεὸς	sino	1	1corintios 8:4	1corintios 8:4	direct
skip	count too low	θεῖναι	poner	1	1cor 3:11	1cor 3:11	direct
skip	count too low	θεῷ	cabeza	1	1corintios 11:13	1corintios 11:13	direct
skip	count too low	θεῷ	a dios	1	1corintios 14:2	1corintios 14:2	expanded
skip	count too low	θεῷ	que	1	1corintios 14:25	1corintios 14:25	direct
skip	count too low	θεῷ	para dios	1	1corintios 14:28	1corintios 14:28	expanded
skip	count too low	θλῖψιν	pecado	1	1corintios 7:28	1corintios 7:28	direct
skip	count too low	θυσίας	sacrificios	1	1corintios 10:18	1corintios 10:18	direct
skip	count too low	θυσιαστηρίου	del	1	1corintios 10:18	1corintios 10:18	direct
skip	count too low	κέκληκεν	ha llamado	1	1cor 7:15	1cor 7:15	expanded
skip	count too low	κέκληκεν	uno según	1	1corintios 7:17	1corintios 7:17	expanded
skip	count too low	κέκρικα	he juzgado	1	1cor 5:3	1cor 5:3	expanded
skip	count too low	κέκρικεν	conservar	1	1corintios 7:37	1corintios 7:37	direct
skip	count too low	κήρυγμά	predicación	1	1cor 2:4	1cor 2:4	direct
skip	count too low	καθʼ	muestro	1	1corintios 12:31	1corintios 12:31	direct
skip	count too low	καθʼ	pueden	1	1corintios 14:31	1corintios 14:31	direct
skip	count too low	καθʼ	con	1	1cor 2:1	1cor 2:1	direct
skip	count too low	καθάπερ	como algunos de ellos murmuraron	1	1corintios 10:10	1corintios 10:10	expanded
skip	count too low	καθάπερ	porque así como	1	1corintios 12:12	1corintios 12:12	expanded
skip	count too low	καθίζετε	que juzgan los casos por qué ponen por jueces	1	1cor 6:4	1cor 6:4	expanded
skip	count too low	καθημένῳ	que está sentado	1	1corintios 14:30	1corintios 14:30	expanded
skip	count too low	καθώς	como fueron algunos de ellos	1	1corintios 10:7	1corintios 10:7	expanded
skip	count too low	καθώς	como algunos de ellos fornicaron	1	1corintios 10:8	1corintios 10:8	expanded
skip	count too low	καθώς	como algunos de ellos lo	1	1corintios 10:9	1corintios 10:9	expanded
skip	count too low	καθώς	así como	1	1cor 5:7	1cor 5:7	expanded
skip	count too low	καθὼς	así como	1	1cor 1:6	1cor 1:6	expanded
skip	count too low	καθὼς	así como también yo procuro agradar a todos en todo no buscando mi propio beneficio sino el de muchos para que sean salvos	1	1corintios 10:33	1corintios 10:33	expanded
skip	count too low	καθὼς	como también	1	1corintios 11:1	1corintios 11:1	expanded
skip	count too low	καθὼς	según su	1	1corintios 12:11	1corintios 12:11	expanded
skip	count too low	καθὼς	agradó	1	1corintios 12:18	1corintios 12:18	direct
skip	count too low	καθὼς	sido	1	1corintios 13:12	1corintios 13:12	direct
skip	count too low	καθὼς	se	1	1corintios 14:34	1corintios 14:34	direct
skip	count too low	καινὴ	nuevo	1	1corintios 11:25	1corintios 11:25	direct
skip	count too low	καιροῦ	tiempo sino esperen	1	1cor 4:5	1cor 4:5	expanded
skip	count too low	καιρὸν	cierto tiempo	1	1cor 7:5	1cor 7:5	expanded
skip	count too low	καιρὸς	tiempo	1	1corintios 7:29	1corintios 7:29	direct
skip	count too low	κακίας	de malicia	1	1cor 5:8	1cor 5:8	expanded
skip	count too low	κακίᾳ	bien	1	1corintios 14:20	1corintios 14:20	direct
skip	count too low	κακόν	mal recibido	1	1corintios 13:5	1corintios 13:5	expanded
skip	count too low	καλάμην	paja	1	1cor 3:12	1cor 3:12	direct
skip	count too low	καλὸν	es buena	1	1cor 5:6	1cor 5:6	expanded
skip	count too low	καλὸν	bueno es	1	1cor 7:1	1cor 7:1	expanded
skip	count too low	καλὸν	esto es bueno	1	1corintios 7:26	1corintios 7:26	expanded
skip	count too low	καλὸν	porque mejor me fuera morir que permitir que alguien me prive de esta gloria	1	1corintios 9:15	1corintios 9:15	expanded
skip	count too low	καλῶς	das	1	1corintios 14:17	1corintios 14:17	direct
skip	count too low	καλῶς	bien	1	1corintios 7:38	1corintios 7:38	direct
skip	count too low	καρδίαν	corazón	1	1cor 2:9	1cor 2:9	direct
skip	count too low	καρδίας	su	1	1corintios 14:25	1corintios 14:25	direct
skip	count too low	καρδίᾳ	sin	1	1corintios 7:37	1corintios 7:37	direct
skip	count too low	καρδιῶν	corazones	1	1cor 4:5	1cor 4:5	direct
skip	count too low	κατʼ	como	1	1cor 7:6	1cor 7:6	direct
skip	count too low	κατέχετε	guardan con firmeza	1	1corintios 11:2	1corintios 11:2	expanded
skip	count too low	κατέχοντες	tuvieran nada	1	1corintios 7:30	1corintios 7:30	expanded
skip	count too low	κατήντησεν	ha llegado	1	1corintios 14:36	1corintios 14:36	expanded
skip	count too low	κατήργηκα	dejé	1	1corintios 13:11	1corintios 13:11	direct
skip	count too low	καταγγέλλουσιν	evangelio	1	1corintios 9:14	1corintios 9:14	direct
skip	count too low	καταγγέλλων	proclamándoles	1	1cor 2:1	1cor 2:1	direct
skip	count too low	καταισχύνετε	qué	1	1corintios 11:22	1corintios 11:22	direct
skip	count too low	κατακαήσεται	es consumida por el fuego	1	1cor 3:15	1cor 3:15	expanded
skip	count too low	κατακαλυπτέσθω	es que se cubra	1	1corintios 11:6	1corintios 11:6	expanded
skip	count too low	κατακαλύπτεται	se cubre	1	1corintios 11:6	1corintios 11:6	expanded
skip	count too low	κατακριθῶμεν	mundo	1	1corintios 11:32	1corintios 11:32	direct
skip	count too low	καταλάβητε	ganen	1	1corintios 9:24	1corintios 9:24	direct
skip	count too low	καταλλαγήτω—	de lo contrario que se reconcilie	1	1cor 7:11	1cor 7:11	expanded
skip	count too low	καταργήσει	destruirá	1	1cor 6:13	1cor 6:13	direct
skip	count too low	καταργήσῃ	anular	1	1cor 1:28	1cor 1:28	direct
skip	count too low	καταργηθήσεται	se acabará	1	1corintios 13:8	1corintios 13:8	expanded
skip	count too low	καταργηθήσονται	se acabarán	1	1corintios 13:8	1corintios 13:8	expanded
skip	count too low	καταργουμένων	van desapareciendo	1	1cor 2:6	1cor 2:6	expanded
skip	count too low	καταφρονεῖτε	que	1	1corintios 11:22	1corintios 11:22	direct
skip	count too low	καταχρήσασθαι	mi	1	1corintios 9:18	1corintios 9:18	direct
skip	count too low	καταχρώμενοι	aprovecharan plenamente	1	1corintios 7:31	1corintios 7:31	expanded
skip	count too low	κατεργασάμενον	cometió	1	1cor 5:3	1cor 5:3	direct
skip	count too low	κατεστρώθησαν	y	1	1corintios 10:5	1corintios 10:5	direct
skip	count too low	κατηρτισμένοι	enteramente unidos	1	1cor 1:10	1cor 1:10	expanded
skip	count too low	κατηχήσω	palabras	1	1corintios 14:19	1corintios 14:19	direct
skip	count too low	κατὰ	de	1	1corintios 10:18	1corintios 10:18	direct
skip	count too low	κατὰ	que cubre su	1	1corintios 11:4	1corintios 11:4	expanded
skip	count too low	κατὰ	conocimiento	1	1corintios 12:8	1corintios 12:8	direct
skip	count too low	κατὰ	que hablen	1	1corintios 14:27	1corintios 14:27	expanded
skip	count too low	κατὰ	y	1	1corintios 14:40	1corintios 14:40	direct
skip	count too low	κατὰ	como	1	1cor 3:3	1cor 3:3	direct
skip	count too low	κατὰ	contra	1	1cor 4:6	1cor 4:6	direct
skip	count too low	κατὰ	en mi opinión	1	1corintios 7:40	1corintios 7:40	expanded
skip	count too low	κατὰ	por	1	1cor 7:6	1cor 7:6	direct
skip	count too low	καυθήσομαι	para	1	1corintios 13:3	1corintios 13:3	direct
skip	count too low	καυχάσθω	que se gloríe	1	1cor 1:31	1cor 1:31	expanded
skip	count too low	καυχάσθω	se jacte	1	1cor 3:21	1cor 3:21	expanded
skip	count too low	καυχήσηται	se jacte	1	1cor 1:29	1cor 1:29	expanded
skip	count too low	καυχώμενος	se gloría	1	1cor 1:31	1cor 1:31	expanded
skip	count too low	καυχᾶσαι	te jactas	1	1cor 4:7	1cor 4:7	expanded
skip	count too low	καύχημα	jactancia	1	1cor 5:6	1cor 5:6	direct
skip	count too low	καὶ	como	1	1cor 1:24	1cor 1:24	direct
skip	count too low	καὶ	pasaron por	1	1corintios 10:1	1corintios 10:1	expanded
skip	count too low	καὶ	y fueron destruidos por el destructor	1	1corintios 10:10	1corintios 10:10	expanded
skip	count too low	καὶ	en moisés	1	1corintios 10:2	1corintios 10:2	expanded
skip	count too low	καὶ	todos comieron	1	1corintios 10:3	1corintios 10:3	expanded
skip	count too low	καὶ	y todos	1	1corintios 10:4	1corintios 10:4	expanded
skip	count too low	καὶ	en un	1	1corintios 10:8	1corintios 10:8	expanded
skip	count too low	καὶ	y fueron	1	1corintios 10:9	1corintios 10:9	expanded
skip	count too low	καὶ	el hombre	1	1corintios 11:12	1corintios 11:12	expanded
skip	count too low	καὶ	necesario que	1	1corintios 11:19	1corintios 11:19	expanded
skip	count too low	καὶ	ustedes los	1	1corintios 11:19	1corintios 11:19	expanded
skip	count too low	καὶ	mí y	1	1corintios 11:2	1corintios 11:2	expanded
skip	count too low	καὶ	pasa hambre	1	1corintios 11:21	1corintios 11:21	expanded
skip	count too low	καὶ	desprecian la	1	1corintios 11:22	1corintios 11:22	expanded
skip	count too low	καὶ	nada tienen	1	1corintios 11:22	1corintios 11:22	expanded
skip	count too low	καὶ	les he	1	1corintios 11:23	1corintios 11:23	expanded
skip	count too low	καὶ	tomó también la	1	1corintios 11:25	1corintios 11:25	expanded
skip	count too low	καὶ	a sí	1	1corintios 11:28	1corintios 11:28	expanded
skip	count too low	καὶ	pan y	1	1corintios 11:28	1corintios 11:28	expanded
skip	count too low	καὶ	come y	1	1corintios 11:29	1corintios 11:29	expanded
skip	count too low	καὶ	y bebe	1	1corintios 11:29	1corintios 11:29	expanded
skip	count too low	καὶ	una con	1	1corintios 11:5	1corintios 11:5	expanded
skip	count too low	καὶ	la	1	1corintios 11:6	1corintios 11:6	direct
skip	count too low	καὶ	y el	1	1corintios 12:11	1corintios 12:11	expanded
skip	count too low	καὶ	pues por	1	1corintios 12:13	1corintios 12:13	expanded
skip	count too low	καὶ	se nos	1	1corintios 12:13	1corintios 12:13	expanded
skip	count too low	καὶ	porque el	1	1corintios 12:14	1corintios 12:14	expanded
skip	count too low	καὶ	y las	1	1corintios 12:23	1corintios 12:23	expanded
skip	count too low	καὶ	así	1	1corintios 12:23	1corintios 12:23	direct
skip	count too low	καὶ	si un	1	1corintios 12:26	1corintios 12:26	expanded
skip	count too low	καὶ	y cada	1	1corintios 12:27	1corintios 12:27	expanded
skip	count too low	καὶ	y nadie	1	1corintios 12:3	1corintios 12:3	expanded
skip	count too low	καὶ	aun yo	1	1corintios 12:31	1corintios 12:31	expanded
skip	count too low	καὶ	hay diversidad	1	1corintios 12:5	1corintios 12:5	expanded
skip	count too low	καὶ	el señor	1	1corintios 12:5	1corintios 12:5	expanded
skip	count too low	καὶ	y hay	1	1corintios 12:6	1corintios 12:6	expanded
skip	count too low	καὶ	angélicas pero	1	1corintios 13:1	1corintios 13:1	expanded
skip	count too low	καὶ	conocido	1	1corintios 13:12	1corintios 13:12	expanded
skip	count too low	καὶ	de profecía	1	1corintios 13:2	1corintios 13:2	expanded
skip	count too low	καὶ	misterios y	1	1corintios 13:2	1corintios 13:2	expanded
skip	count too low	καὶ	y ninguno	1	1corintios 14:10	1corintios 14:10	expanded
skip	count too low	καὶ	y el que	1	1corintios 14:11	1corintios 14:11	expanded
skip	count too low	καὶ	que diez	1	1corintios 14:19	1corintios 14:19	expanded
skip	count too low	καὶ	por boca	1	1corintios 14:21	1corintios 14:21	expanded
skip	count too low	καὶ	así me	1	1corintios 14:21	1corintios 14:21	expanded
skip	count too low	καὶ	en lenguas	1	1corintios 14:23	1corintios 14:23	expanded
skip	count too low	καὶ	descubierto y	1	1corintios 14:25	1corintios 14:25	expanded
skip	count too low	καὶ	para sí	1	1corintios 14:28	1corintios 14:28	expanded
skip	count too low	καὶ	hombres para	1	1corintios 14:3	1corintios 14:3	expanded
skip	count too low	καὶ	exhortación y	1	1corintios 14:3	1corintios 14:3	expanded
skip	count too low	καὶ	todos sean	1	1corintios 14:31	1corintios 14:31	expanded
skip	count too low	καὶ	los espíritus	1	1corintios 14:32	1corintios 14:32	expanded
skip	count too low	καὶ	sujeten como	1	1corintios 14:34	1corintios 14:34	expanded
skip	count too low	καὶ	profetizar y	1	1corintios 14:39	1corintios 14:39	expanded
skip	count too low	καὶ	haga decentemente	1	1corintios 14:40	1corintios 14:40	expanded
skip	count too low	καὶ	porque si	1	1corintios 14:8	1corintios 14:8	expanded
skip	count too low	καὶ	cual también	1	1corintios 15:1	1corintios 15:1	expanded
skip	count too low	καὶ	también están	1	1corintios 15:1	1corintios 15:1	expanded
skip	count too low	καὶ	entonces	1	1cor 4:5	1cor 4:5	expanded
skip	count too low	καὶ	tanto para	1	1cor 4:9	1cor 4:9	expanded
skip	count too low	καὶ	como para	1	1cor 4:9	1cor 4:9	expanded
skip	count too low	καὶ	en lugar de	1	1cor 5:2	1cor 5:2	expanded
skip	count too low	καὶ	a los dos	1	1cor 6:13	1cor 6:13	expanded
skip	count too low	καὶ	cada cual	1	1corintios 7:17	1corintios 7:17	expanded
skip	count too low	καὶ	aunque si	1	1corintios 7:21	1corintios 7:21	expanded
skip	count too low	καὶ	te casas	1	1corintios 7:28	1corintios 7:28	expanded
skip	count too low	καὶ	en adelante	1	1corintios 7:29	1corintios 7:29	expanded
skip	count too low	καὶ	se regocijaran	1	1corintios 7:30	1corintios 7:30	expanded
skip	count too low	καὶ	y sus	1	1corintios 7:34	1corintios 7:34	expanded
skip	count too low	καὶ	están divididos	1	1corintios 7:34	1corintios 7:34	expanded
skip	count too low	καὶ	y la	1	1corintios 7:34	1corintios 7:34	expanded
skip	count too low	καὶ	en cuerpo	1	1corintios 7:34	1corintios 7:34	expanded
skip	count too low	καὶ	espíritu pero	1	1corintios 7:34	1corintios 7:34	expanded
skip	count too low	καὶ	su constante	1	1corintios 7:35	1corintios 7:35	expanded
skip	count too low	καὶ	en su	1	1corintios 7:37	1corintios 7:37	expanded
skip	count too low	καὶ	los	1	1corintios 7:38	1corintios 7:38	direct
skip	count too low	καὶ	y herir su conciencia cuando esta es débil pecan contra cristo	1	1corintios 8:12	1corintios 8:12	expanded
skip	count too low	καὶ	porque aunque	1	1corintios 8:5	1corintios 8:5	expanded
skip	count too low	καὶ	y nosotros somos para él	1	1corintios 8:6	1corintios 8:6	expanded
skip	count too low	καὶ	y un solo señor jesucristo	1	1corintios 8:6	1corintios 8:6	expanded
skip	count too low	καὶ	y por medio de él existimos nosotros	1	1corintios 8:6	1corintios 8:6	expanded
skip	count too low	καὶ	también ordenó	1	1corintios 9:14	1corintios 9:14	expanded
skip	count too low	καὶ	a los judíos me hice como judío	1	1corintios 9:20	1corintios 9:20	expanded
skip	count too low	καὶ	y lo hago mi esclavo	1	1corintios 9:27	1corintios 9:27	expanded
skip	count too low	καὶ	así como	1	1corintios 9:5	1corintios 9:5	expanded
skip	count too low	καὶ	cefas	1	1corintios 9:5	1corintios 9:5	expanded
skip	count too low	κείμενον	ya está puesto	1	1cor 3:11	1cor 3:11	expanded
skip	count too low	κείρασθαι	el cabello	1	1corintios 11:6	1corintios 11:6	expanded
skip	count too low	κειράσθω	cabeza que también se corte el cabello	1	1corintios 11:6	1corintios 11:6	expanded
skip	count too low	κεκορεσμένοι	saciados	1	1cor 4:8	1cor 4:8	direct
skip	count too low	κενωθῇ	se haga vana	1	1cor 1:17	1cor 1:17	expanded
skip	count too low	κερδήσω	débiles	1	1corintios 9:22	1corintios 9:22	direct
skip	count too low	κεφαλήν	cabeza	1	1corintios 11:7	1corintios 11:7	direct
skip	count too low	κεφαλὴ	de	1	1corintios 11:3	1corintios 11:3	direct
skip	count too low	κεφαλῆς	de	1	1corintios 11:10	1corintios 11:10	direct
skip	count too low	κεφαλῆς	cabeza	1	1corintios 11:4	1corintios 11:4	direct
skip	count too low	κεφαλῇ	profetiza	1	1corintios 11:5	1corintios 11:5	direct
skip	count too low	κηρύγματος	predicación	1	1cor 1:21	1cor 1:21	direct
skip	count too low	κηρύσσομεν	predicamos	1	1cor 1:23	1cor 1:23	direct
skip	count too low	κηφᾶ	de cefas	1	1cor 1:12	1cor 1:12	expanded
skip	count too low	κηφᾶς	cefas	1	1cor 3:22	1cor 3:22	direct
skip	count too low	κιθάρα	el arpa	1	1corintios 14:7	1corintios 14:7	expanded
skip	count too low	κιθαριζόμενον	arpa	1	1corintios 14:7	1corintios 14:7	direct
skip	count too low	κλέπται	los ladrones	1	1cor 6:10	1cor 6:10	expanded
skip	count too low	κλήσει	que	1	1corintios 7:20	1corintios 7:20	direct
skip	count too low	κλαίοντες	como	1	1corintios 7:30	1corintios 7:30	direct
skip	count too low	κλαίοντες	lloraran	1	1corintios 7:30	1corintios 7:30	direct
skip	count too low	κλητοῖς	llamados a ser	1	1cor 1:2	1cor 1:2	expanded
skip	count too low	κλητοῖς	llamados	1	1cor 1:24	1cor 1:24	direct
skip	count too low	κλητὸς	llamado a ser	1	1cor 1:1	1cor 1:1	expanded
skip	count too low	κλῆσιν	llamamiento	1	1cor 1:26	1cor 1:26	direct
skip	count too low	κοιλία	estómago	1	1cor 6:13	1cor 6:13	direct
skip	count too low	κοιλίᾳ	estómago	1	1cor 6:13	1cor 6:13	direct
skip	count too low	κοιμηθῇ	muere	1	1corintios 7:39	1corintios 7:39	direct
skip	count too low	κοινωνίαν	la comunión con	1	1cor 1:9	1cor 1:9	expanded
skip	count too low	κοινωνοὶ	no	1	1corintios 10:18	1corintios 10:18	direct
skip	count too low	κολαφιζόμεθα	somos maltratados	1	1cor 4:11	1cor 4:11	expanded
skip	count too low	κοπιῶμεν	nos agotamos	1	1cor 4:12	1cor 4:12	expanded
skip	count too low	κορίνθῳ	corinto	1	1cor 1:2	1cor 1:2	direct
skip	count too low	κρίμα	juicio	1	1corintios 11:29	1corintios 11:29	direct
skip	count too low	κρίμα	para	1	1corintios 11:34	1corintios 11:34	direct
skip	count too low	κρίματα	litigios	1	1cor 6:7	1cor 6:7	direct
skip	count too low	κρίνατε	que	1	1corintios 11:13	1corintios 11:13	direct
skip	count too low	κρίνει;	juzga	1	1cor 5:13	1cor 5:13	direct
skip	count too low	κρίνεσθαι	a ir a juicio	1	1cor 6:1	1cor 6:1	expanded
skip	count too low	κρίνεται	es juzgado	1	1cor 6:2	1cor 6:2	expanded
skip	count too low	κρίνεται	litiga	1	1cor 6:6	1cor 6:6	direct
skip	count too low	κρίνετε	juzguen	1	1cor 4:5	1cor 4:5	direct
skip	count too low	κρίνετε	juzgan	1	1cor 5:12	1cor 5:12	direct
skip	count too low	κρίσπον	a crispo	1	1cor 1:14	1cor 1:14	expanded
skip	count too low	κρεῖσσον	lo bueno	1	1corintios 11:17	1corintios 11:17	expanded
skip	count too low	κρεῖσσον	mejor	1	1corintios 7:38	1corintios 7:38	direct
skip	count too low	κρεῖττον	mejor	1	1cor 7:9	1cor 7:9	direct
skip	count too low	κρινοῦμεν	hemos de juzgar	1	1cor 6:3	1cor 6:3	expanded
skip	count too low	κρινοῦσιν	han de juzgar	1	1cor 6:2	1cor 6:2	expanded
skip	count too low	κρινόμενοι	pero	1	1corintios 11:32	1corintios 11:32	direct
skip	count too low	κριτήρια	tribunales	1	1cor 6:4	1cor 6:4	direct
skip	count too low	κριτηρίων	para juzgar los casos	1	1cor 6:2	1cor 6:2	expanded
skip	count too low	κρυπτὰ	secretos	1	1corintios 14:25	1corintios 14:25	direct
skip	count too low	κρυπτὰ	ocultas	1	1cor 4:5	1cor 4:5	direct
skip	count too low	κυβερνήσεις	diversas	1	1corintios 12:28	1corintios 12:28	direct
skip	count too low	κυρίου	señor señor	1	1cor 1:2	1cor 1:2	expanded
skip	count too low	κυρίου	lo mismo	1	1corintios 11:23	1corintios 11:23	expanded
skip	count too low	κυρίου	señor hasta	1	1corintios 11:26	1corintios 11:26	expanded
skip	count too low	κυρίου	el señor	1	1corintios 11:32	1corintios 11:32	expanded
skip	count too low	κυρίου	señor jesús	1	1cor 5:5	1cor 5:5	expanded
skip	count too low	κυρίου	tengo	1	1corintios 7:25	1corintios 7:25	direct
skip	count too low	κυρίου	cosas	1	1corintios 7:34	1corintios 7:34	direct
skip	count too low	κυρίου	y	1	1corintios 9:5	1corintios 9:5	direct
skip	count too low	κυρίῳ	la mujer	1	1corintios 11:11	1corintios 11:11	expanded
skip	count too low	κυρίῳ	en el señor	1	1corintios 7:39	1corintios 7:39	expanded
skip	count too low	κυριακὸν	del señor	1	1corintios 11:20	1corintios 11:20	expanded
skip	count too low	κωλύετε	en	1	1corintios 14:39	1corintios 14:39	direct
skip	count too low	κόμη	cabello	1	1corintios 11:15	1corintios 11:15	direct
skip	count too low	κόπον	trabajo	1	1cor 3:8	1cor 3:8	direct
skip	count too low	κόσμον	mundo	1	1cor 6:2	1cor 6:2	direct
skip	count too low	κόσμον	como	1	1corintios 7:31	1corintios 7:31	direct
skip	count too low	κόσμος	el mundo	1	1cor 3:22	1cor 3:22	expanded
skip	count too low	κόσμου	este mundo	1	1corintios 7:31	1corintios 7:31	expanded
skip	count too low	κόσμου	de	1	1corintios 7:34	1corintios 7:34	direct
skip	count too low	κόσμῳ	el	1	1corintios 11:32	1corintios 11:32	direct
skip	count too low	κόσμῳ	mundo	1	1cor 4:9	1cor 4:9	direct
skip	count too low	κύμβαλον	címbalo	1	1corintios 13:1	1corintios 13:1	direct
skip	count too low	κύριοι	señores	1	1corintios 8:5	1corintios 8:5	direct
skip	count too low	κύριον	a	1	1corintios 9:1	1corintios 9:1	direct
skip	count too low	κύριος	es el	1	1corintios 12:3	1corintios 12:3	expanded
skip	count too low	κύριος	mismo	1	1corintios 12:5	1corintios 12:5	expanded
skip	count too low	κύριος	el señor	1	1cor 3:20	1cor 3:20	expanded
skip	count too low	κύριος	ha asignado	1	1corintios 7:17	1corintios 7:17	expanded
skip	count too low	κύριός	el señor	1	1cor 4:4	1cor 4:4	expanded
skip	count too low	κἀγώ	así que yo	1	1cor 3:1	1cor 3:1	expanded
skip	count too low	κἀγώ	yo	1	1cor 7:8	1cor 7:8	direct
skip	count too low	κἀγὼ	yo lo soy	1	1corintios 11:1	1corintios 11:1	expanded
skip	count too low	κἀγὼ	por eso	1	1cor 2:1	1cor 2:1	expanded
skip	count too low	κἀγὼ	estuve	1	1cor 2:3	1cor 2:3	direct
skip	count too low	κἀγὼ	que yo también	1	1corintios 7:40	1corintios 7:40	expanded
skip	count too low	λέγει	dice	1	1cor 1:12	1cor 1:12	direct
skip	count too low	λέγει	jesús	1	1corintios 12:3	1corintios 12:3	direct
skip	count too low	λέγητε	se pongan de acuerdo	1	1cor 1:10	1cor 1:10	expanded
skip	count too low	λέγω	me refiero	1	1cor 1:12	1cor 1:12	expanded
skip	count too low	λέγω	lo digo	1	1cor 6:5	1cor 6:5	expanded
skip	count too low	λέγω	para	1	1corintios 7:35	1corintios 7:35	direct
skip	count too low	λέγων	diciendo	1	1corintios 11:25	1corintios 11:25	direct
skip	count too low	λέγῃ	dice	1	1cor 3:4	1cor 3:4	direct
skip	count too low	λέλυσαι	estás libre	1	1corintios 7:27	1corintios 7:27	expanded
skip	count too low	λίθους	piedras	1	1cor 3:12	1cor 3:12	direct
skip	count too low	λαβών	hubieras recibido	1	1cor 4:7	1cor 4:7	expanded
skip	count too low	λαλήσω	pueblo	1	1corintios 14:21	1corintios 14:21	direct
skip	count too low	λαλήσω	hable	1	1corintios 14:6	1corintios 14:6	direct
skip	count too low	λαλείτω	hable	1	1corintios 14:28	1corintios 14:28	direct
skip	count too low	λαλείτωσαν	hablen	1	1corintios 14:29	1corintios 14:29	direct
skip	count too low	λαλεῖ	habla a	1	1corintios 14:2	1corintios 14:2	expanded
skip	count too low	λαλεῖ	a	1	1corintios 14:3	1corintios 14:3	direct
skip	count too low	λαλεῖν	hablar	1	1corintios 14:34	1corintios 14:34	direct
skip	count too low	λαλεῖν	la	1	1corintios 14:35	1corintios 14:35	direct
skip	count too low	λαλεῖν	prohíban	1	1corintios 14:39	1corintios 14:39	direct
skip	count too low	λαλεῖν	lenguas	1	1corintios 14:5	1corintios 14:5	direct
skip	count too low	λαλούμενον	que	1	1corintios 14:9	1corintios 14:9	direct
skip	count too low	λαλοῦντες	aire	1	1corintios 14:9	1corintios 14:9	direct
skip	count too low	λαλοῦντι	el que habla	1	1corintios 14:11	1corintios 14:11	expanded
skip	count too low	λαλῆσαι	instruir	1	1corintios 14:19	1corintios 14:19	direct
skip	count too low	λαλῆσαι	hablarles	1	1cor 3:1	1cor 3:1	direct
skip	count too low	λαλῶ	y	1	1corintios 13:1	1corintios 13:1	direct
skip	count too low	λαλῶν	dice	1	1corintios 12:3	1corintios 12:3	direct
skip	count too low	λαλῶν	a	1	1corintios 14:5	1corintios 14:5	direct
skip	count too low	λαλῶν	hablando	1	1corintios 14:6	1corintios 14:6	direct
skip	count too low	λαλῶσιν	entran	1	1corintios 14:23	1corintios 14:23	direct
skip	count too low	λαμβάνει	uno	1	1corintios 9:24	1corintios 9:24	direct
skip	count too low	λαῷ	ni	1	1corintios 14:21	1corintios 14:21	direct
skip	count too low	λεγόμενοι	dioses	1	1corintios 8:5	1corintios 8:5	direct
skip	count too low	λοίδοροι	los difamadores	1	1cor 6:10	1cor 6:10	expanded
skip	count too low	λοίδορος	difamador	1	1cor 5:11	1cor 5:11	direct
skip	count too low	λογίζεται	en cuenta	1	1corintios 13:5	1corintios 13:5	expanded
skip	count too low	λογιζέσθω	considere	1	1cor 4:1	1cor 4:1	direct
skip	count too low	λοιδορούμενοι	cuando nos ultrajan	1	1cor 4:12	1cor 4:12	expanded
skip	count too low	λοιποὶ	demás	1	1corintios 9:5	1corintios 9:5	direct
skip	count too low	λοιποῖς	los demás	1	1cor 7:12	1cor 7:12	expanded
skip	count too low	λοιπὰ	los	1	1corintios 11:34	1corintios 11:34	direct
skip	count too low	λοιπὸν	por lo demás	1	1cor 1:16	1cor 1:16	expanded
skip	count too low	λοιπὸν	además	1	1cor 4:2	1cor 4:2	direct
skip	count too low	λοιπὸν	de	1	1corintios 7:29	1corintios 7:29	direct
skip	count too low	λόγοις	palabras	1	1cor 2:13	1cor 2:13	direct
skip	count too low	λόγον	inteligibles	1	1corintios 14:9	1corintios 14:9	direct
skip	count too low	λόγον	palabras	1	1cor 4:19	1cor 4:19	direct
skip	count too low	λόγος	por	1	1corintios 12:8	1corintios 12:8	direct
skip	count too low	λόγος	de	1	1corintios 14:36	1corintios 14:36	direct
skip	count too low	λόγος	mensaje	1	1cor 2:4	1cor 2:4	direct
skip	count too low	λόγου	palabras	1	1cor 1:17	1cor 1:17	direct
skip	count too low	λόγου	de palabra	1	1cor 2:1	1cor 2:1	expanded
skip	count too low	λόγους	con	1	1corintios 14:19	1corintios 14:19	direct
skip	count too low	λόγῳ	palabra	1	1cor 1:5	1cor 1:5	direct
skip	count too low	λόγῳ	palabras	1	1cor 4:20	1cor 4:20	direct
skip	count too low	λύσιν	separarte	1	1corintios 7:27	1corintios 7:27	direct
skip	count too low	μάθητε	aprendan	1	1cor 4:6	1cor 4:6	direct
skip	count too low	μάταιοι	inútiles	1	1cor 3:20	1cor 3:20	direct
skip	count too low	μέθυσοι	los borrachos	1	1cor 6:10	1cor 6:10	expanded
skip	count too low	μέθυσος	borracho	1	1cor 5:11	1cor 5:11	direct
skip	count too low	μέλη	uno	1	1corintios 12:18	1corintios 12:18	direct
skip	count too low	μέλη	él	1	1corintios 12:26	1corintios 12:26	direct
skip	count too low	μέλη	con él	1	1corintios 12:26	1corintios 12:26	expanded
skip	count too low	μέλη	miembro	1	1corintios 12:27	1corintios 12:27	direct
skip	count too low	μέλλοντα	lo por venir	1	1cor 3:22	1cor 3:22	expanded
skip	count too low	μέλος	sino	1	1corintios 12:14	1corintios 12:14	direct
skip	count too low	μέλος	qué	1	1corintios 12:19	1corintios 12:19	direct
skip	count too low	μέλος	los	1	1corintios 12:26	1corintios 12:26	direct
skip	count too low	μέλος	un miembro	1	1corintios 12:26	1corintios 12:26	expanded
skip	count too low	μέμνησθε	acuerdan	1	1corintios 11:2	1corintios 11:2	direct
skip	count too low	μένει	la	1	1corintios 13:13	1corintios 13:13	direct
skip	count too low	μέρος	parte	1	1corintios 11:18	1corintios 11:18	direct
skip	count too low	μέρους	uno individualmente un	1	1corintios 12:27	1corintios 12:27	expanded
skip	count too low	μέρους	acabará	1	1corintios 13:10	1corintios 13:10	direct
skip	count too low	μέρους	entonces	1	1corintios 13:12	1corintios 13:12	direct
skip	count too low	μέρους	en	1	1corintios 13:9	1corintios 13:9	direct
skip	count too low	μέρους	profetizamos	1	1corintios 13:9	1corintios 13:9	direct
skip	count too low	μέσου	en medio de	1	1cor 5:2	1cor 5:2	expanded
skip	count too low	μή	siendo	1	1corintios 7:21	1corintios 7:21	direct
skip	count too low	μή	no sea que habiendo predicado a otros yo mismo sea descalificado	1	1corintios 9:27	1corintios 9:27	expanded
skip	count too low	μήτιγε	cuánto más	1	1cor 6:3	1cor 6:3	expanded
skip	count too low	μίαν	sola	1	1cor 6:16	1cor 6:16	direct
skip	count too low	μαίνεσθε	ustedes están locos	1	1corintios 14:23	1corintios 14:23	expanded
skip	count too low	μαθεῖν	quieren aprender	1	1corintios 14:35	1corintios 14:35	expanded
skip	count too low	μακαριωτέρα	más feliz	1	1corintios 7:40	1corintios 7:40	expanded
skip	count too low	μακροθυμεῖ	es	1	1corintios 13:4	1corintios 13:4	direct
skip	count too low	μαλακοὶ	los afeminados	1	1cor 6:9	1cor 6:9	expanded
skip	count too low	μανθάνωσιν	y	1	1corintios 14:31	1corintios 14:31	direct
skip	count too low	μείζονα	y	1	1corintios 12:31	1corintios 12:31	direct
skip	count too low	μείζων	tres	1	1corintios 13:13	1corintios 13:13	direct
skip	count too low	μείζων	es	1	1corintios 14:5	1corintios 14:5	direct
skip	count too low	μείνωσιν	se quedan	1	1cor 7:8	1cor 7:8	expanded
skip	count too low	μείνῃ	se queda	1	1corintios 7:40	1corintios 7:40	expanded
skip	count too low	μεθʼ	entre	1	1cor 6:7	1cor 6:7	direct
skip	count too low	μεθιστάναι	montañas	1	1corintios 13:2	1corintios 13:2	direct
skip	count too low	μελέτω	no	1	1corintios 7:21	1corintios 7:21	direct
skip	count too low	μεμέρισται	está dividido	1	1cor 1:13	1cor 1:13	expanded
skip	count too low	μεμέρισται	intereses	1	1corintios 7:34	1corintios 7:34	direct
skip	count too low	μενέτω	quédese	1	1cor 7:11	1cor 7:11	direct
skip	count too low	μενέτω	llamado	1	1corintios 7:24	1corintios 7:24	direct
skip	count too low	μενεῖ	permanece	1	1cor 3:14	1cor 3:14	direct
skip	count too low	μεριμνᾷ	preocupan	1	1corintios 7:34	1corintios 7:34	direct
skip	count too low	μεριμνᾷ	cosas	1	1corintios 7:34	1corintios 7:34	direct
skip	count too low	μεριμνῶσι	tengan cuidado unos	1	1corintios 12:25	1corintios 12:25	expanded
skip	count too low	μετεσχημάτισα	he aplicado en sentido figurado	1	1cor 4:6	1cor 4:6	expanded
skip	count too low	μετὰ	después de	1	1corintios 11:25	1corintios 11:25	expanded
skip	count too low	μετὰ	contra	1	1cor 6:6	1cor 6:6	direct
skip	count too low	μηδενὶ	ningún	1	1cor 1:7	1cor 1:7	direct
skip	count too low	μηδεὶς	nadie busque su propio bien sino el de su prójimo	1	1corintios 10:24	1corintios 10:24	expanded
skip	count too low	μηδὲ	no sean pues idólatras	1	1corintios 10:7	1corintios 10:7	expanded
skip	count too low	μηδὲ	ni siquiera	1	1cor 5:11	1cor 5:11	expanded
skip	count too low	μικρὰ	un poco	1	1cor 5:6	1cor 5:6	expanded
skip	count too low	μιμηταί	sean imitadores	1	1corintios 11:1	1corintios 11:1	expanded
skip	count too low	μιμηταί	imitadores	1	1cor 4:16	1cor 4:16	direct
skip	count too low	μισθός	que	1	1corintios 9:18	1corintios 9:18	direct
skip	count too low	μισθὸν	tengo recompensa	1	1corintios 9:17	1corintios 9:17	expanded
skip	count too low	μιᾷ	cayeron	1	1corintios 10:8	1corintios 10:8	direct
skip	count too low	μοι	he de juzgar yo	1	1cor 5:12	1cor 5:12	expanded
skip	count too low	μοιχοὶ	los adúlteros	1	1cor 6:9	1cor 6:9	expanded
skip	count too low	μου	de mí	1	1corintios 11:1	1corintios 11:1	expanded
skip	count too low	μου	de	1	1corintios 11:2	1corintios 11:2	direct
skip	count too low	μου	dar	1	1corintios 13:3	1corintios 13:3	direct
skip	count too low	μου	y	1	1corintios 13:3	1corintios 13:3	direct
skip	count too low	μου	queda	1	1corintios 14:14	1corintios 14:14	direct
skip	count too low	μου	para	1	1corintios 14:19	1corintios 14:19	direct
skip	count too low	μου	señor	1	1corintios 14:21	1corintios 14:21	direct
skip	count too low	μου	hermanos	1	1corintios 14:39	1corintios 14:39	direct
skip	count too low	μου	mis	1	1cor 4:17	1cor 4:17	direct
skip	count too low	μου	yo	1	1cor 4:18	1cor 4:18	direct
skip	count too low	μου	ustedes	1	1corintios 9:1	1corintios 9:1	direct
skip	count too low	μου	del	1	1corintios 9:18	1corintios 9:18	direct
skip	count too low	μού	mi	1	1corintios 11:24	1corintios 11:24	direct
skip	count too low	μού	entonces	1	1corintios 9:18	1corintios 9:18	direct
skip	count too low	μυρίους	lenguas	1	1corintios 14:19	1corintios 14:19	direct
skip	count too low	μυρίους	innumerables	1	1cor 4:15	1cor 4:15	direct
skip	count too low	μυστήρια	todos	1	1corintios 13:2	1corintios 13:2	direct
skip	count too low	μυστήρια	misterios	1	1corintios 14:2	1corintios 14:2	direct
skip	count too low	μυστηρίων	los misterios	1	1cor 4:1	1cor 4:1	expanded
skip	count too low	μυστηρίῳ	misterio	1	1cor 2:7	1cor 2:7	direct
skip	count too low	μωρίαν	necedad	1	1cor 1:23	1cor 1:23	direct
skip	count too low	μωρίας	necedad	1	1cor 1:21	1cor 1:21	direct
skip	count too low	μωροὶ	necios	1	1cor 4:10	1cor 4:10	direct
skip	count too low	μωρὰ	necio	1	1cor 1:27	1cor 1:27	direct
skip	count too low	μωρὸν	necedad	1	1cor 1:25	1cor 1:25	direct
skip	count too low	μωρὸς	necio	1	1cor 3:18	1cor 3:18	direct
skip	count too low	μωϋσῆν	en	1	1corintios 10:2	1corintios 10:2	direct
skip	count too low	μόνον	solo	1	1corintios 7:39	1corintios 7:39	direct
skip	count too low	μόνους	ustedes	1	1corintios 14:36	1corintios 14:36	direct
skip	count too low	μὲν	si	1	1corintios 11:14	1corintios 11:14	direct
skip	count too low	μὲν	otro	1	1corintios 11:21	1corintios 11:21	direct
skip	count too low	μὲν	pues	1	1corintios 11:7	1corintios 11:7	direct
skip	count too low	μὲν	muchos	1	1corintios 12:20	1corintios 12:20	direct
skip	count too low	μὲν	iglesia	1	1corintios 12:28	1corintios 12:28	direct
skip	count too low	μὲν	a	1	1corintios 12:8	1corintios 12:8	direct
skip	count too low	μὲν	tú	1	1corintios 14:17	1corintios 14:17	direct
skip	count too low	μὲν	por mi parte	1	1cor 5:3	1cor 5:3	expanded
skip	count too low	μὲν	de una manera	1	1cor 7:7	1cor 7:7	expanded
skip	count too low	μὴ	nada	1	1cor 1:7	1cor 1:7	expanded
skip	count too low	μὴ	qué no	1	1corintios 11:22	1corintios 11:22	expanded
skip	count too low	μὴ	diré	1	1corintios 11:22	1corintios 11:22	direct
skip	count too low	μὴ	sin	1	1corintios 11:29	1corintios 11:29	direct
skip	count too low	μὴ	seamos	1	1corintios 11:32	1corintios 11:32	direct
skip	count too low	μὴ	se	1	1corintios 11:34	1corintios 11:34	direct
skip	count too low	μὴ	por	1	1corintios 12:3	1corintios 12:3	direct
skip	count too low	μὴ	a	1	1corintios 13:1	1corintios 13:1	direct
skip	count too low	μὴ	amor	1	1corintios 13:2	1corintios 13:2	direct
skip	count too low	μὴ	yo no	1	1corintios 14:11	1corintios 14:11	expanded
skip	count too low	μὴ	hablar	1	1corintios 14:39	1corintios 14:39	direct
skip	count too low	μὴ	las	1	1corintios 14:5	1corintios 14:5	direct
skip	count too low	μὴ	pronuncien	1	1corintios 14:9	1corintios 14:9	direct
skip	count too low	μὴ	a no	1	1cor 4:6	1cor 4:6	expanded
skip	count too low	μὴ	ninguno	1	1cor 4:6	1cor 4:6	expanded
skip	count too low	μὴ	no lo	1	1cor 4:7	1cor 4:7	expanded
skip	count too low	μὴ	de ningún modo	1	1cor 6:15	1cor 6:15	expanded
skip	count too low	μὴ	no debe	1	1cor 7:10	1cor 7:10	expanded
skip	count too low	μὴ	si	1	1corintios 7:30	1corintios 7:30	direct
skip	count too low	μὴ	y	1	1corintios 7:37	1corintios 7:37	direct
skip	count too low	μὴ	solo	1	1corintios 8:4	1corintios 8:4	direct
skip	count too low	μὴ	aunque yo no estoy bajo la ley	1	1corintios 9:20	1corintios 9:20	expanded
skip	count too low	μὴ	aunque no estoy sin la ley de dios	1	1corintios 9:21	1corintios 9:21	expanded
skip	count too low	μὴ	acaso no	1	1corintios 9:4	1corintios 9:4	expanded
skip	count too low	μὴ	acaso digo esto según el juicio humano no dice también la ley esto mismo	1	1corintios 9:8	1corintios 9:8	expanded
skip	count too low	μᾶλλον	la verdad es que	1	1corintios 12:22	1corintios 12:22	expanded
skip	count too low	μᾶλλον	los	1	1corintios 14:1	1corintios 14:1	direct
skip	count too low	μᾶλλον	más	1	1corintios 14:18	1corintios 14:18	direct
skip	count too low	μᾶλλον	aún	1	1corintios 14:5	1corintios 14:5	direct
skip	count too low	μᾶλλον	libertad	1	1corintios 7:21	1corintios 7:21	direct
skip	count too low	νέον	nueva	1	1cor 5:7	1cor 5:7	direct
skip	count too low	νήπιος	era	1	1corintios 13:11	1corintios 13:11	direct
skip	count too low	νήπιος	niño	1	1corintios 13:11	1corintios 13:11	direct
skip	count too low	ναὸν	templo	1	1cor 3:17	1cor 3:17	direct
skip	count too low	ναὸς	es templo	1	1cor 6:19	1cor 6:19	expanded
skip	count too low	νεφέλην	y	1	1corintios 10:1	1corintios 10:1	direct
skip	count too low	νηπίοις	niños	1	1cor 3:1	1cor 3:1	direct
skip	count too low	νηπίου	niño	1	1corintios 13:11	1corintios 13:11	direct
skip	count too low	νηπιάζετε	sean niños	1	1corintios 14:20	1corintios 14:20	expanded
skip	count too low	νοΐ	cantaré	1	1corintios 14:15	1corintios 14:15	direct
skip	count too low	νοΐ	entendimiento	1	1corintios 14:19	1corintios 14:19	direct
skip	count too low	νομίζει	cree que	1	1corintios 7:36	1corintios 7:36	expanded
skip	count too low	νομίζω	creo	1	1corintios 7:26	1corintios 7:26	direct
skip	count too low	νουθετῶν	para amonestarlos	1	1cor 4:14	1cor 4:14	expanded
skip	count too low	νοῒ	sentir	1	1cor 1:10	1cor 1:10	direct
skip	count too low	νοῦς	entendimiento	1	1corintios 14:14	1corintios 14:14	direct
skip	count too low	νυνὶ	ahora	1	1corintios 12:18	1corintios 12:18	direct
skip	count too low	νυνὶ	y	1	1corintios 13:13	1corintios 13:13	direct
skip	count too low	νόμος	la ley	1	1corintios 14:34	1corintios 14:34	expanded
skip	count too low	νόμῳ	escrito	1	1corintios 14:21	1corintios 14:21	direct
skip	count too low	νῦν	sin embargo	1	1corintios 12:20	1corintios 12:20	expanded
skip	count too low	νῦν	en efecto	1	1cor 5:11	1cor 5:11	expanded
skip	count too low	ξυρᾶσθαι	raparse	1	1corintios 11:6	1corintios 11:6	direct
skip	count too low	ξύλα	madera	1	1cor 3:12	1cor 3:12	direct
skip	count too low	οἰκίας	casas	1	1corintios 11:22	1corintios 11:22	direct
skip	count too low	οἰκεῖ	habita	1	1cor 3:16	1cor 3:16	direct
skip	count too low	οἰκοδομή	el edificio	1	1cor 3:9	1cor 3:9	expanded
skip	count too low	οἰκοδομεῖ	se edifica	1	1corintios 14:4	1corintios 14:4	expanded
skip	count too low	οἰκοδομεῖ	edifica a	1	1corintios 14:4	1corintios 14:4	expanded
skip	count too low	οἰκοδομεῖται	edificado	1	1corintios 14:17	1corintios 14:17	direct
skip	count too low	οἰκοδομὴν	en	1	1corintios 14:12	1corintios 14:12	direct
skip	count too low	οἰκοδομὴν	los	1	1corintios 14:3	1corintios 14:3	direct
skip	count too low	οἰκονομίαν	un encargo se me ha confiado	1	1corintios 9:17	1corintios 9:17	expanded
skip	count too low	οἰκονόμοις	administradores es que	1	1cor 4:2	1cor 4:2	expanded
skip	count too low	οἰκονόμους	administradores de	1	1cor 4:1	1cor 4:1	expanded
skip	count too low	οἱ	nuestros	1	1corintios 10:1	1corintios 10:1	direct
skip	count too low	οἱ	demás	1	1corintios 14:29	1corintios 14:29	direct
skip	count too low	οἱ	esta	1	1corintios 7:28	1corintios 7:28	direct
skip	count too low	οἱ	lloran	1	1corintios 7:30	1corintios 7:30	direct
skip	count too low	οἱ	se	1	1corintios 7:30	1corintios 7:30	direct
skip	count too low	οἱ	aprovechan	1	1corintios 7:31	1corintios 7:31	direct
skip	count too low	οἱ	los que desempeñan los servicios sagrados	1	1corintios 9:13	1corintios 9:13	expanded
skip	count too low	οἱ	y los que regularmente sirven al altar del altar reciben su parte	1	1corintios 9:13	1corintios 9:13	expanded
skip	count too low	οἱ	hermanos	1	1corintios 9:5	1corintios 9:5	direct
skip	count too low	οἴδαμεν	todos	1	1corintios 8:1	1corintios 8:1	direct
skip	count too low	οἴδαμεν	sabemos	1	1corintios 8:4	1corintios 8:4	direct
skip	count too low	οἴδατε	ustedes	1	1corintios 12:2	1corintios 12:2	direct
skip	count too low	οἴκῳ	en	1	1corintios 11:34	1corintios 11:34	direct
skip	count too low	οἴκῳ	maridos	1	1corintios 14:35	1corintios 14:35	direct
skip	count too low	οἵτινές	y eso es lo que	1	1cor 3:17	1cor 3:17	expanded
skip	count too low	οἶδα	sé	1	1cor 1:16	1cor 1:16	direct
skip	count too low	οἶδεν	sabe	1	1corintios 14:16	1corintios 14:16	direct
skip	count too low	οἶδεν	conoce	1	1cor 2:11	1cor 2:11	direct
skip	count too low	οἶκον	de la casa	1	1cor 1:16	1cor 1:16	expanded
skip	count too low	οὐ	no hubo	1	1cor 1:26	1cor 1:26	expanded
skip	count too low	οὐ	porque	1	1corintios 10:1	1corintios 10:1	direct
skip	count too low	οὐ	ustedes no pueden beber la copa del señor y la copa de los demonios no pueden participar de la mesa del señor y de la mesa de los demonios	1	1corintios 10:21	1corintios 10:21	expanded
skip	count too low	οὐ	hermanos	1	1corintios 12:1	1corintios 12:1	direct
skip	count too low	οὐ	y	1	1corintios 12:21	1corintios 12:21	direct
skip	count too low	οὐ	envidia	1	1corintios 13:4	1corintios 13:4	direct
skip	count too low	οὐ	porta	1	1corintios 13:5	1corintios 13:5	direct
skip	count too low	οὐ	no toma	1	1corintios 13:5	1corintios 13:5	expanded
skip	count too low	οὐ	señal	1	1corintios 14:22	1corintios 14:22	direct
skip	count too low	οὐ	no para	1	1corintios 14:22	1corintios 14:22	expanded
skip	count too low	οὐ	nada	1	1cor 2:2	1cor 2:2	expanded
skip	count too low	οὐ	no tienen	1	1cor 4:15	1cor 4:15	expanded
skip	count too low	οὐ	no consiste	1	1cor 4:20	1cor 4:20	expanded
skip	count too low	οὐ	no comeré carne jamás para no hacer pecar a mi hermano	1	1corintios 8:13	1corintios 8:13	expanded
skip	count too low	οὐ	señor	1	1corintios 9:1	1corintios 9:1	direct
skip	count too low	οὐ	no lo tenemos aún más nosotros	1	1corintios 9:12	1corintios 9:12	expanded
skip	count too low	οὐαὶ	pues ay de mí si no predico el evangelio	1	1corintios 9:16	1corintios 9:16	expanded
skip	count too low	οὐδʼ	escucharán	1	1corintios 14:21	1corintios 14:21	direct
skip	count too low	οὐδένα	no a ninguno	1	1cor 1:14	1cor 1:14	expanded
skip	count too low	οὐδέποτε	nunca	1	1corintios 13:8	1corintios 13:8	direct
skip	count too low	οὐδενὸς	nadie	1	1cor 2:15	1cor 2:15	direct
skip	count too low	οὐδεὶς	saber	1	1corintios 12:3	1corintios 12:3	direct
skip	count too low	οὐδεὶς	puede	1	1corintios 12:3	1corintios 12:3	direct
skip	count too low	οὐδεὶς	ninguno	1	1cor 2:8	1cor 2:8	direct
skip	count too low	οὐδεὶς	algún	1	1cor 6:5	1cor 6:5	expanded
skip	count too low	οὐδεὶς	hay	1	1corintios 8:4	1corintios 8:4	direct
skip	count too low	οὐδὲ	no	1	1corintios 11:14	1corintios 11:14	direct
skip	count too low	οὐδὲ	tienen	1	1corintios 11:16	1corintios 11:16	direct
skip	count too low	οὐδὲ	ni	1	1cor 2:6	1cor 2:6	direct
skip	count too low	οὐδὲ	ni aun	1	1cor 3:2	1cor 3:2	expanded
skip	count too low	οὐδὲ	ni aun yo	1	1cor 4:3	1cor 4:3	expanded
skip	count too low	οὐδὲ	no existe ni siquiera	1	1cor 5:1	1cor 5:1	expanded
skip	count too low	οὐδὲν	carece	1	1corintios 14:10	1corintios 14:10	direct
skip	count too low	οὐδὲν	un ídolo no es nada	1	1corintios 8:4	1corintios 8:4	expanded
skip	count too low	οὐθέν	soy	1	1corintios 13:2	1corintios 13:2	direct
skip	count too low	οὐκ	ni	1	1corintios 11:16	1corintios 11:16	direct
skip	count too low	οὐκ	para	1	1corintios 11:22	1corintios 11:22	direct
skip	count too low	οὐκ	un	1	1corintios 12:14	1corintios 12:14	direct
skip	count too low	οὐκ	ni tampoco	1	1corintios 12:21	1corintios 12:21	expanded
skip	count too low	οὐκ	es	1	1corintios 14:17	1corintios 14:17	direct
skip	count too low	οὐκ	no fueron	1	1cor 2:4	1cor 2:4	expanded
skip	count too low	οὐκ	acaso no hay	1	1cor 6:5	1cor 6:5	expanded
skip	count too low	οὐκ	mandamiento	1	1corintios 7:25	1corintios 7:25	direct
skip	count too low	οὐκ	y no escribo esto para que así se haga conmigo	1	1corintios 9:15	1corintios 9:15	expanded
skip	count too low	οὐκ	no tengo nada de qué gloriarme	1	1corintios 9:16	1corintios 9:16	expanded
skip	count too low	οὐρανῷ	o	1	1corintios 8:5	1corintios 8:5	direct
skip	count too low	οὐχ	los	1	1corintios 10:18	1corintios 10:18	direct
skip	count too low	οὐχ	ni	1	1cor 6:10	1cor 6:10	expanded
skip	count too low	οὐχ	has	1	1corintios 7:28	1corintios 7:28	direct
skip	count too low	οὐχ	ponerles	1	1corintios 7:35	1corintios 7:35	direct
skip	count too low	οὓς	la	1	1corintios 12:28	1corintios 12:28	direct
skip	count too low	οὔπω	todavía no	1	1cor 3:2	1cor 3:2	expanded
skip	count too low	οὔπω	no todavía	1	1cor 8:2	1cor 8:2	expanded
skip	count too low	οὔσῃ	está	1	1cor 1:2	1cor 1:2	direct
skip	count too low	οὔτε	en	1	1corintios 11:11	1corintios 11:11	direct
skip	count too low	οὔτε	independiente	1	1corintios 11:11	1corintios 11:11	direct
skip	count too low	οὔτε	pues ni somos menos si no comemos ni somos más si comemos	1	1corintios 8:8	1corintios 8:8	expanded
skip	count too low	οὕτως	también	1	1corintios 11:12	1corintios 11:12	direct
skip	count too low	οὕτως	mismo	1	1corintios 11:28	1corintios 11:28	direct
skip	count too low	οὕτως	dice	1	1corintios 14:21	1corintios 14:21	direct
skip	count too low	οὕτως	él	1	1corintios 14:25	1corintios 14:25	direct
skip	count too low	οὕτως	asimismo	1	1cor 2:11	1cor 2:11	direct
skip	count too low	οὕτως	de esta manera	1	1cor 4:1	1cor 4:1	expanded
skip	count too low	οὕτως	tal	1	1cor 5:3	1cor 5:3	expanded
skip	count too low	οὕτως	llamó	1	1corintios 7:17	1corintios 7:17	direct
skip	count too low	οὕτως	de otra	1	1cor 7:7	1cor 7:7	expanded
skip	count too low	οὕτως	y	1	1corintios 8:12	1corintios 8:12	direct
skip	count too low	οὕτως	premio	1	1corintios 9:24	1corintios 9:24	direct
skip	count too low	οὕτως	de esta manera peleo no como dando golpes al aire	1	1corintios 9:26	1corintios 9:26	expanded
skip	count too low	οὖν	qué	1	1corintios 14:15	1corintios 14:15	direct
skip	count too low	οὖν	tanto	1	1corintios 14:23	1corintios 14:23	direct
skip	count too low	οὖν	hay	1	1corintios 14:26	1corintios 14:26	direct
skip	count too low	οὖν	entonces	1	1cor 6:4	1cor 6:4	direct
skip	count too low	οὖν	así que	1	1cor 6:7	1cor 6:7	expanded
skip	count too low	οὖν	es	1	1corintios 9:18	1corintios 9:18	direct
skip	count too low	οὖς	porque	1	1corintios 12:16	1corintios 12:16	direct
skip	count too low	οὖς	oído	1	1cor 2:9	1cor 2:9	direct
skip	count too low	οὗ	quien	1	1cor 1:9	1cor 1:9	direct
skip	count too low	οὗ	el cual	1	1cor 6:19	1cor 6:19	expanded
skip	count too low	οὗτος	él	1	1cor 7:13	1cor 7:13	direct
skip	count too low	οὗτος	ese	1	1corintios 8:3	1corintios 8:3	direct
skip	count too low	πάλιν	a	1	1corintios 12:21	1corintios 12:21	direct
skip	count too low	πάλιν	también	1	1cor 3:20	1cor 3:20	direct
skip	count too low	πάλιν	después	1	1cor 7:5	1cor 7:5	direct
skip	count too low	πάντα	todo es lícito pero no todo es de provecho todo es lícito pero no todo edifica	1	1corintios 10:23	1corintios 10:23	expanded
skip	count too low	πάντα	dios	1	1corintios 11:12	1corintios 11:12	direct
skip	count too low	πάντα	se	1	1corintios 11:2	1corintios 11:2	direct
skip	count too low	πάντα	pero todos	1	1corintios 12:12	1corintios 12:12	expanded
skip	count too low	πάντα	solo	1	1corintios 12:19	1corintios 12:19	direct
skip	count too low	πάντα	sufren	1	1corintios 12:26	1corintios 12:26	direct
skip	count too low	πάντα	todos los miembros	1	1corintios 12:26	1corintios 12:26	expanded
skip	count too low	πάντα	los	1	1corintios 13:2	1corintios 13:2	direct
skip	count too low	πάντα	mis	1	1corintios 13:3	1corintios 13:3	direct
skip	count too low	πάντα	o todo	1	1corintios 14:26	1corintios 14:26	expanded
skip	count too low	πάντα	todo es	1	1cor 3:22	1cor 3:22	expanded
skip	count too low	πάντα	sufrimos	1	1corintios 9:12	1corintios 9:12	direct
skip	count too low	πάντα	y	1	1corintios 9:23	1corintios 9:23	direct
skip	count too low	πάντας	hablaran	1	1corintios 14:5	1corintios 14:5	direct
skip	count too low	πάντας	todos	1	1cor 7:7	1cor 7:7	direct
skip	count too low	πάντες	bajo	1	1corintios 10:1	1corintios 10:1	direct
skip	count too low	πάντες	bebieron	1	1corintios 10:4	1corintios 10:4	direct
skip	count too low	πάντες	un	1	1corintios 12:13	1corintios 12:13	direct
skip	count too low	πάντες	tienen todos	1	1corintios 12:30	1corintios 12:30	expanded
skip	count too low	πάντες	hablan todos	1	1corintios 12:30	1corintios 12:30	expanded
skip	count too low	πάντες	interpretan todos	1	1corintios 12:30	1corintios 12:30	expanded
skip	count too low	πάντες	y	1	1corintios 14:23	1corintios 14:23	direct
skip	count too low	πάντες	uno	1	1corintios 14:31	1corintios 14:31	direct
skip	count too low	πάντες	aprendan	1	1corintios 14:31	1corintios 14:31	direct
skip	count too low	πάντες	exhortados	1	1corintios 14:31	1corintios 14:31	direct
skip	count too low	πάντες	conocimiento	1	1corintios 8:1	1corintios 8:1	direct
skip	count too low	πάντοτε	siempre	1	1cor 1:4	1cor 1:4	direct
skip	count too low	πάντων	que todos	1	1corintios 14:18	1corintios 14:18	expanded
skip	count too low	πάντων	de todo	1	1cor 4:13	1cor 4:13	expanded
skip	count too low	πάντως	me refería	1	1cor 5:10	1cor 5:10	expanded
skip	count too low	πάσαις	las	1	1corintios 7:17	1corintios 7:17	direct
skip	count too low	πάσχα	nuestra pascua	1	1cor 5:7	1cor 5:7	expanded
skip	count too low	πάσχει	sufre	1	1corintios 12:26	1corintios 12:26	direct
skip	count too low	πάσῃ	en todo	1	1cor 1:5	1cor 1:5	expanded
skip	count too low	πάσῃ	cada	1	1cor 4:17	1cor 4:17	expanded
skip	count too low	πέντε	palabras	1	1corintios 14:19	1corintios 14:19	direct
skip	count too low	πέτρα	seguía	1	1corintios 10:4	1corintios 10:4	direct
skip	count too low	πέτρας	que	1	1corintios 10:4	1corintios 10:4	direct
skip	count too low	πίνειν	iglesia	1	1corintios 11:22	1corintios 11:22	direct
skip	count too low	πίνητε	la beban	1	1corintios 11:25	1corintios 11:25	expanded
skip	count too low	πίνων	bebe	1	1corintios 11:29	1corintios 11:29	direct
skip	count too low	πίνῃ	beba la	1	1corintios 11:27	1corintios 11:27	expanded
skip	count too low	πίπτει	deja	1	1corintios 13:8	1corintios 13:8	direct
skip	count too low	πίστιν	como	1	1corintios 13:2	1corintios 13:2	direct
skip	count too low	πίστις	otro	1	1corintios 12:9	1corintios 12:9	direct
skip	count too low	παιδία	sean	1	1corintios 14:20	1corintios 14:20	direct
skip	count too low	παιδαγωγοὺς	maestros	1	1cor 4:15	1cor 4:15	direct
skip	count too low	παιδευόμεθα	nos	1	1corintios 11:32	1corintios 11:32	direct
skip	count too low	παλαιὰν	vieja	1	1cor 5:7	1cor 5:7	direct
skip	count too low	παλαιᾷ	vieja	1	1cor 5:8	1cor 5:8	direct
skip	count too low	πανουργίᾳ	astucia	1	1cor 3:19	1cor 3:19	direct
skip	count too low	πανταχοῦ	en todas partes	1	1cor 4:17	1cor 4:17	expanded
skip	count too low	παντὶ	cualquier	1	1cor 1:2	1cor 1:2	expanded
skip	count too low	παντὶ	todo	1	1cor 1:5	1cor 1:5	direct
skip	count too low	παντὶ	toda	1	1cor 1:5	1cor 1:5	expanded
skip	count too low	παντὸς	de todo	1	1corintios 11:3	1corintios 11:3	expanded
skip	count too low	παράγει	es pasajera	1	1corintios 7:31	1corintios 7:31	expanded
skip	count too low	παράκλησιν	edificación	1	1corintios 14:3	1corintios 14:3	direct
skip	count too low	παρέδωκα	yo se las entregué	1	1corintios 11:2	1corintios 11:2	expanded
skip	count too low	παρέδωκα	enseñado	1	1corintios 11:23	1corintios 11:23	direct
skip	count too low	παρέλαβον	recibí	1	1corintios 11:23	1corintios 11:23	direct
skip	count too low	παραγγέλλω	instruyo	1	1cor 7:10	1cor 7:10	direct
skip	count too low	παραγγέλλων	estas instrucciones	1	1corintios 11:17	1corintios 11:17	expanded
skip	count too low	παραδοῦναι	entreguen	1	1cor 5:5	1cor 5:5	direct
skip	count too low	παραδόσεις	tradiciones	1	1corintios 11:2	1corintios 11:2	direct
skip	count too low	παραδῶ	a	1	1corintios 13:3	1corintios 13:3	direct
skip	count too low	παρακαλοῦμεν	tratamos de reconciliar	1	1cor 4:13	1cor 4:13	expanded
skip	count too low	παρακαλῶ	les ruego	1	1cor 1:10	1cor 1:10	expanded
skip	count too low	παρακαλῶ	exhorto	1	1cor 4:16	1cor 4:16	direct
skip	count too low	παραμυθίαν	consolación	1	1corintios 14:3	1corintios 14:3	direct
skip	count too low	παρασκευάσεται	se	1	1corintios 14:8	1corintios 14:8	direct
skip	count too low	παρεδίδετο	entregado	1	1corintios 11:23	1corintios 11:23	direct
skip	count too low	παρελάβετε	ustedes	1	1corintios 15:1	1corintios 15:1	direct
skip	count too low	παρθένος	casa	1	1corintios 7:28	1corintios 7:28	direct
skip	count too low	παρθένος	se	1	1corintios 7:34	1corintios 7:34	direct
skip	count too low	παρθένων	vírgenes	1	1corintios 7:25	1corintios 7:25	direct
skip	count too low	παροξύνεται	no se irrita	1	1corintios 13:5	1corintios 13:5	expanded
skip	count too low	παρὰ	que	1	1cor 3:11	1cor 3:11	expanded
skip	count too low	παρὰ	ante	1	1cor 3:19	1cor 3:19	direct
skip	count too low	πατέρας	padres	1	1cor 4:15	1cor 4:15	direct
skip	count too low	πατέρες	padres	1	1corintios 10:1	1corintios 10:1	direct
skip	count too low	παύσονται	cesarán	1	1corintios 13:8	1corintios 13:8	direct
skip	count too low	πειθοῖ	palabras persuasivas	1	1cor 2:4	1cor 2:4	expanded
skip	count too low	πεινᾷ	se	1	1corintios 11:21	1corintios 11:21	direct
skip	count too low	πεινᾷ	alguien	1	1corintios 11:34	1corintios 11:34	direct
skip	count too low	πεινῶμεν	pasamos hambre	1	1cor 4:11	1cor 4:11	expanded
skip	count too low	πειράζῃ	tiente	1	1cor 7:5	1cor 7:5	direct
skip	count too low	πειρασμὸς	no les ha sobrevenido ninguna tentación que no sea común a los hombres	1	1corintios 10:13	1corintios 10:13	expanded
skip	count too low	περίψημα	el desecho	1	1cor 4:13	1cor 4:13	expanded
skip	count too low	περιάγειν	esposa	1	1corintios 9:5	1corintios 9:5	direct
skip	count too low	περιβολαίου	por velo	1	1corintios 11:15	1corintios 11:15	expanded
skip	count too low	περικαθάρματα	la basura	1	1cor 4:13	1cor 4:13	expanded
skip	count too low	περιπατείτω	a	1	1corintios 7:17	1corintios 7:17	direct
skip	count too low	περιπατεῖτε	andan	1	1cor 3:3	1cor 3:3	direct
skip	count too low	περισσοτέραν	honra	1	1corintios 12:23	1corintios 12:23	direct
skip	count too low	περισσοτέραν	más honroso	1	1corintios 12:23	1corintios 12:23	expanded
skip	count too low	περισσοτέραν	de ella	1	1corintios 12:24	1corintios 12:24	expanded
skip	count too low	περιτίθεμεν	las vestimos	1	1corintios 12:23	1corintios 12:23	expanded
skip	count too low	περιτεμνέσθω	se circuncide	1	1corintios 7:18	1corintios 7:18	expanded
skip	count too low	περιτετμημένος	ya circuncidado	1	1corintios 7:18	1corintios 7:18	expanded
skip	count too low	περιτομὴ	circuncisión	1	1corintios 7:19	1corintios 7:19	direct
skip	count too low	περπερεύεται	no es jactancioso	1	1corintios 13:4	1corintios 13:4	expanded
skip	count too low	περὶ	acerca de	1	1cor 1:11	1cor 1:11	expanded
skip	count too low	περὶ	por	1	1cor 1:4	1cor 1:4	direct
skip	count too low	περὶ	en	1	1corintios 7:25	1corintios 7:25	direct
skip	count too low	περὶ	voluntad	1	1corintios 7:37	1corintios 7:37	direct
skip	count too low	περὶ	por tanto en cuanto a comer de lo sacrificado a los ídolos	1	1corintios 8:4	1corintios 8:4	expanded
skip	count too low	πεσὼν	se	1	1corintios 14:25	1corintios 14:25	direct
skip	count too low	πεφυσιωμένοι	se han vuelto arrogantes	1	1cor 5:2	1cor 5:2	expanded
skip	count too low	πεφυσιωμένων	arrogantes	1	1cor 4:19	1cor 4:19	direct
skip	count too low	πεῖν	beber	1	1corintios 9:4	1corintios 9:4	direct
skip	count too low	πινέτω	copa	1	1corintios 11:28	1corintios 11:28	direct
skip	count too low	πιστεύει	cree	1	1corintios 13:7	1corintios 13:7	direct
skip	count too low	πιστεύοντας	creen	1	1cor 1:21	1cor 1:21	direct
skip	count too low	πιστεύουσιν	para	1	1corintios 14:22	1corintios 14:22	direct
skip	count too low	πιστεύουσιν	creyentes	1	1corintios 14:22	1corintios 14:22	direct
skip	count too low	πιστεύω	creo	1	1corintios 11:18	1corintios 11:18	direct
skip	count too low	πιστός	fiel	1	1cor 4:2	1cor 4:2	direct
skip	count too low	πιστὸν	fiel	1	1cor 4:17	1cor 4:17	direct
skip	count too low	πιστὸς	fiel es	1	1cor 1:9	1cor 1:9	expanded
skip	count too low	πιστὸς	fiel es dios que no permitirá que ustedes sean tentados más allá de lo que pueden soportar	1	1corintios 10:13	1corintios 10:13	expanded
skip	count too low	πιστὸς	digno de confianza	1	1corintios 7:25	1corintios 7:25	expanded
skip	count too low	πλανᾶσθε	se dejen engañar	1	1cor 6:9	1cor 6:9	expanded
skip	count too low	πλεονέκται	los avaros	1	1cor 6:10	1cor 6:10	expanded
skip	count too low	πλεονέκταις	codiciosos	1	1cor 5:10	1cor 5:10	direct
skip	count too low	πλεονέκτης	avaro	1	1cor 5:11	1cor 5:11	direct
skip	count too low	πλὴν	sin embargo	1	1corintios 11:11	1corintios 11:11	expanded
skip	count too low	πνευμάτων	de espíritus	1	1corintios 12:10	1corintios 12:10	expanded
skip	count too low	πνευμάτων	espirituales	1	1corintios 14:12	1corintios 14:12	direct
skip	count too low	πνευματικά	ardientemente	1	1corintios 14:1	1corintios 14:1	direct
skip	count too low	πνευματικοῖς	con palabras espirituales	1	1cor 2:13	1cor 2:13	expanded
skip	count too low	πνευματικοῖς	espirituales	1	1cor 3:1	1cor 3:1	direct
skip	count too low	πνευματικός	espiritual	1	1corintios 14:37	1corintios 14:37	direct
skip	count too low	πνευματικὰ	pensamientos espirituales	1	1cor 2:13	1cor 2:13	expanded
skip	count too low	πνευματικὸν	espiritual	1	1corintios 10:3	1corintios 10:3	direct
skip	count too low	πνευματικὸν	bebida	1	1corintios 10:4	1corintios 10:4	direct
skip	count too low	πνευματικὸς	espiritual	1	1cor 2:15	1cor 2:15	direct
skip	count too low	πνευματικῆς	roca	1	1corintios 10:4	1corintios 10:4	direct
skip	count too low	πνευματικῶν	no	1	1corintios 12:1	1corintios 12:1	direct
skip	count too low	πνευματικῶς	espiritualmente	1	1cor 2:14	1cor 2:14	direct
skip	count too low	πνεύματί	espíritu	1	1cor 4:21	1cor 4:21	direct
skip	count too low	πνεύματι	bautizados	1	1corintios 12:13	1corintios 12:13	direct
skip	count too low	πνεύματι	por	1	1corintios 12:3	1corintios 12:3	direct
skip	count too low	πνεύματι	el espíritu	1	1corintios 12:3	1corintios 12:3	expanded
skip	count too low	πνεύματι	a	1	1corintios 12:9	1corintios 12:9	direct
skip	count too low	πνεύματι	solo en el espíritu	1	1corintios 14:16	1corintios 14:16	expanded
skip	count too low	πνεύματι	en su espíritu	1	1corintios 14:2	1corintios 14:2	expanded
skip	count too low	πνεύματι	casada	1	1corintios 7:34	1corintios 7:34	direct
skip	count too low	πνεύματος	de	1	1corintios 12:8	1corintios 12:8	direct
skip	count too low	πνεύματος	por el espíritu	1	1cor 2:13	1cor 2:13	expanded
skip	count too low	πνεύματος	del espíritu	1	1cor 2:4	1cor 2:4	expanded
skip	count too low	πνεύματος	en espíritu	1	1cor 5:4	1cor 5:4	expanded
skip	count too low	πνεύματός	espíritu	1	1cor 6:19	1cor 6:19	direct
skip	count too low	πνεῦμά	lenguas	1	1corintios 14:14	1corintios 14:14	direct
skip	count too low	πνεῦμά	espíritu	1	1cor 6:17	1cor 6:17	direct
skip	count too low	πνεῦμα	distribuyendo	1	1corintios 12:11	1corintios 12:11	direct
skip	count too low	πνεῦμα	espíritu es	1	1corintios 12:4	1corintios 12:4	expanded
skip	count too low	πνεῦμα	mismo espíritu	1	1corintios 12:8	1corintios 12:8	expanded
skip	count too low	πνεῦμα	tengo el espíritu	1	1corintios 7:40	1corintios 7:40	expanded
skip	count too low	ποιήσας	de entre ustedes ha cometido	1	1cor 5:2	1cor 5:2	expanded
skip	count too low	ποιήσει	hace	1	1corintios 7:38	1corintios 7:38	direct
skip	count too low	ποιήσω	y los haré	1	1cor 6:15	1cor 6:15	expanded
skip	count too low	ποιήσῃ	comete	1	1cor 6:18	1cor 6:18	direct
skip	count too low	ποιείτω	que haga	1	1corintios 7:36	1corintios 7:36	expanded
skip	count too low	ποιεῖ	hace	1	1corintios 7:38	1corintios 7:38	direct
skip	count too low	ποιῶ	hago	1	1corintios 9:23	1corintios 9:23	direct
skip	count too low	πολλοὶ	entre	1	1corintios 11:30	1corintios 11:30	direct
skip	count too low	πολλοὶ	dioses	1	1corintios 8:5	1corintios 8:5	direct
skip	count too low	πολλοὺς	muchos	1	1cor 4:15	1cor 4:15	direct
skip	count too low	πολλὰ	hay	1	1corintios 12:20	1corintios 12:20	direct
skip	count too low	πολλῷ	contrario	1	1corintios 12:22	1corintios 12:22	direct
skip	count too low	πονηρίας	maldad	1	1cor 5:8	1cor 5:8	direct
skip	count too low	πονηρὸν	malvado	1	1cor 5:13	1cor 5:13	direct
skip	count too low	πορνεία	hay inmoralidad	1	1cor 5:1	1cor 5:1	expanded
skip	count too low	πορνεία	inmoralidad	1	1cor 5:1	1cor 5:1	direct
skip	count too low	πορνείαν	fornicación	1	1cor 6:18	1cor 6:18	direct
skip	count too low	πορνείας	inmoralidades que	1	1cor 7:2	1cor 7:2	expanded
skip	count too low	πορνείᾳ	fornicación	1	1cor 6:13	1cor 6:13	direct
skip	count too low	πορνεύωμεν	forniquemos	1	1corintios 10:8	1corintios 10:8	direct
skip	count too low	πορνεύων	fornicario	1	1cor 6:18	1cor 6:18	direct
skip	count too low	ποτήριον	esta copa	1	1corintios 11:26	1corintios 11:26	expanded
skip	count too low	ποτηρίου	la	1	1corintios 11:28	1corintios 11:28	direct
skip	count too low	πούς	dijera	1	1corintios 12:15	1corintios 12:15	direct
skip	count too low	ποῦ	ojo qué	1	1corintios 12:17	1corintios 12:17	expanded
skip	count too low	ποῦ	qué sería	1	1corintios 12:17	1corintios 12:17	expanded
skip	count too low	ποῦ	sería	1	1corintios 12:19	1corintios 12:19	direct
skip	count too low	πρέπον	la	1	1corintios 11:13	1corintios 11:13	direct
skip	count too low	πραΰτητος	de mansedumbre	1	1cor 4:21	1cor 4:21	expanded
skip	count too low	προλαμβάνει	primero	1	1corintios 11:21	1corintios 11:21	direct
skip	count too low	προσευχέσθω	pida en oración	1	1corintios 14:13	1corintios 14:13	expanded
skip	count too low	προσευχομένη	la	1	1corintios 11:5	1corintios 11:5	direct
skip	count too low	προσευχόμενος	mientras ora	1	1corintios 11:4	1corintios 11:4	expanded
skip	count too low	προσευχῇ	oración	1	1cor 7:5	1cor 7:5	direct
skip	count too low	προσεύξομαι	con	1	1corintios 14:15	1corintios 14:15	direct
skip	count too low	προσεύξομαι	pero	1	1corintios 14:15	1corintios 14:15	direct
skip	count too low	προσεύχεσθαι	descubierta	1	1corintios 11:13	1corintios 11:13	direct
skip	count too low	προσεύχεται	espíritu	1	1corintios 14:14	1corintios 14:14	direct
skip	count too low	προσεύχωμαι	yo	1	1corintios 14:14	1corintios 14:14	direct
skip	count too low	προσκυνήσει	dios	1	1corintios 14:25	1corintios 14:25	direct
skip	count too low	προφήταις	a los profetas	1	1corintios 14:32	1corintios 14:32	expanded
skip	count too low	προφήτας	maestros	1	1corintios 12:28	1corintios 12:28	direct
skip	count too low	προφήτης	que	1	1corintios 14:37	1corintios 14:37	direct
skip	count too low	προφητεία	profecía	1	1corintios 12:10	1corintios 12:10	direct
skip	count too low	προφητεία	profecía es una señal	1	1corintios 14:22	1corintios 14:22	expanded
skip	count too low	προφητείαν	don	1	1corintios 13:2	1corintios 13:2	direct
skip	count too low	προφητείᾳ	profecía	1	1corintios 14:6	1corintios 14:6	direct
skip	count too low	προφητεύειν	por	1	1corintios 14:31	1corintios 14:31	direct
skip	count too low	προφητεύειν	el	1	1corintios 14:39	1corintios 14:39	direct
skip	count too low	προφητεύητε	profetiza	1	1corintios 14:5	1corintios 14:5	direct
skip	count too low	προφητεύουσα	descubierta	1	1corintios 11:5	1corintios 11:5	direct
skip	count too low	προφητεύων	habla	1	1corintios 14:5	1corintios 14:5	direct
skip	count too low	προφητεύωσιν	profetizan	1	1corintios 14:24	1corintios 14:24	direct
skip	count too low	προφητεῖαι	si hay dones de profecía	1	1corintios 13:8	1corintios 13:8	expanded
skip	count too low	προφητῶν	de los profetas	1	1corintios 14:32	1corintios 14:32	expanded
skip	count too low	προφῆται	profetas	1	1corintios 12:29	1corintios 12:29	direct
skip	count too low	προφῆται	y	1	1corintios 14:29	1corintios 14:29	direct
skip	count too low	προώρισεν	predestinó	1	1cor 2:7	1cor 2:7	direct
skip	count too low	πρόσωπον	cara	1	1corintios 13:12	1corintios 13:12	direct
skip	count too low	πρόσωπον	conozco	1	1corintios 13:12	1corintios 13:12	direct
skip	count too low	πρόσωπον	a	1	1corintios 14:25	1corintios 14:25	direct
skip	count too low	πρὸ	desde antes	1	1cor 2:7	1cor 2:7	expanded
skip	count too low	πρὸ	antes de	1	1cor 4:5	1cor 4:5	expanded
skip	count too low	πρὸς	como enseñanza para nosotros	1	1corintios 10:11	1corintios 10:11	expanded
skip	count too low	πρὸς	hacia	1	1corintios 12:2	1corintios 12:2	direct
skip	count too low	πρὸς	ahora	1	1corintios 13:12	1corintios 13:12	direct
skip	count too low	πρὸς	procuren	1	1corintios 14:12	1corintios 14:12	direct
skip	count too low	πρὸς	para edificación	1	1corintios 14:26	1corintios 14:26	expanded
skip	count too low	πρὸς	entre	1	1cor 2:3	1cor 2:3	direct
skip	count too low	πρὸς	contra	1	1cor 6:1	1cor 6:1	direct
skip	count too low	πρὸς	su	1	1corintios 7:35	1corintios 7:35	direct
skip	count too low	πρὸς	y	1	1corintios 7:35	1corintios 7:35	direct
skip	count too low	πρὸς	por	1	1cor 7:5	1cor 7:5	direct
skip	count too low	πρᾶγμα	algo	1	1cor 6:1	1cor 6:1	direct
skip	count too low	πρῶτον	pues	1	1corintios 11:18	1corintios 11:18	direct
skip	count too low	πρῶτον	en	1	1corintios 12:28	1corintios 12:28	direct
skip	count too low	πρῶτος	primero	1	1corintios 14:30	1corintios 14:30	direct
skip	count too low	πυροῦσθαι	quemarse	1	1cor 7:9	1cor 7:9	direct
skip	count too low	πυρός	fuego	1	1cor 3:15	1cor 3:15	direct
skip	count too low	πυρὶ	fuego	1	1cor 3:13	1cor 3:13	direct
skip	count too low	πόλεμον	para la batalla	1	1corintios 14:8	1corintios 14:8	expanded
skip	count too low	πόμα	porque	1	1corintios 10:4	1corintios 10:4	direct
skip	count too low	πόρνης	de una ramera	1	1cor 6:15	1cor 6:15	expanded
skip	count too low	πόρνοι	los inmorales	1	1cor 6:9	1cor 6:9	expanded
skip	count too low	πόρνοις	inmoral	1	1cor 5:10	1cor 5:10	direct
skip	count too low	πόρνοις	de personas inmorales	1	1cor 5:9	1cor 5:9	expanded
skip	count too low	πόρνος	inmoral	1	1cor 5:11	1cor 5:11	direct
skip	count too low	πόρνῃ	ramera	1	1cor 6:16	1cor 6:16	direct
skip	count too low	πᾶν	coman de todo lo que se vende en la carnicería sin preguntar nada por motivos de conciencia	1	1corintios 10:25	1corintios 10:25	expanded
skip	count too low	πᾶν	todos los demás	1	1cor 6:18	1cor 6:18	expanded
skip	count too low	πᾶς	todo	1	1corintios 11:4	1corintios 11:4	direct
skip	count too low	πᾶς	y todo el que compite en los juegos se abstiene de todo	1	1corintios 9:25	1corintios 9:25	expanded
skip	count too low	πᾶσα	nadie	1	1cor 1:29	1cor 1:29	expanded
skip	count too low	πᾶσα	pero	1	1corintios 11:5	1corintios 11:5	direct
skip	count too low	πᾶσαν	todo	1	1corintios 13:2	1corintios 13:2	direct
skip	count too low	πᾶσαν	la	1	1corintios 13:2	1corintios 13:2	direct
skip	count too low	πᾶσιν	conocimiento	1	1corintios 8:7	1corintios 8:7	direct
skip	count too low	πᾶσιν	de todos me he hecho esclavo	1	1corintios 9:19	1corintios 9:19	expanded
skip	count too low	πῦρ	fuego	1	1cor 3:13	1cor 3:13	direct
skip	count too low	πῶς	cómo dirá	1	1corintios 14:16	1corintios 14:16	expanded
skip	count too low	πῶς	se	1	1corintios 14:9	1corintios 14:9	direct
skip	count too low	πῶς	cómo puede	1	1corintios 7:32	1corintios 7:32	expanded
skip	count too low	πῶς	de cómo	1	1corintios 7:33	1corintios 7:33	expanded
skip	count too low	σάλπιγξ	sonido	1	1corintios 14:8	1corintios 14:8	direct
skip	count too low	σάρκα	la carne	1	1cor 1:26	1cor 1:26	expanded
skip	count too low	σάρκα	israel	1	1corintios 10:18	1corintios 10:18	direct
skip	count too low	σάρκα	carne	1	1cor 6:16	1cor 6:16	direct
skip	count too low	σαρκίνοις	carnales	1	1cor 3:1	1cor 3:1	direct
skip	count too low	σαρκός	carne	1	1cor 5:5	1cor 5:5	direct
skip	count too low	σαρκὶ	problemas	1	1corintios 7:28	1corintios 7:28	direct
skip	count too low	σατανᾷ	satanás	1	1cor 5:5	1cor 5:5	direct
skip	count too low	σε	te	1	1cor 4:7	1cor 4:7	direct
skip	count too low	σημεῖα	señales	1	1cor 1:22	1cor 1:22	direct
skip	count too low	σημεῖόν	son	1	1corintios 14:22	1corintios 14:22	direct
skip	count too low	σιγάτω	que	1	1corintios 14:28	1corintios 14:28	direct
skip	count too low	σιγάτωσαν	porque	1	1corintios 14:34	1corintios 14:34	direct
skip	count too low	σκάνδαλον	piedra de tropiezo	1	1cor 1:23	1cor 1:23	expanded
skip	count too low	σκότους	tinieblas	1	1cor 4:5	1cor 4:5	direct
skip	count too low	σοι	esclavo	1	1corintios 7:21	1corintios 7:21	direct
skip	count too low	σου	necesito	1	1corintios 12:21	1corintios 12:21	direct
skip	count too low	σοφίαν	una sabiduría	1	1cor 2:6	1cor 2:6	expanded
skip	count too low	σοφίας	sabiduría	1	1cor 1:21	1cor 1:21	direct
skip	count too low	σοφίας	el	1	1corintios 12:8	1corintios 12:8	direct
skip	count too low	σοφίας	por sabiduría	1	1cor 2:13	1cor 2:13	expanded
skip	count too low	σοφίᾳ	elocuentes	1	1cor 1:17	1cor 1:17	expanded
skip	count too low	σοφίᾳ	sabiduría	1	1cor 1:21	1cor 1:21	direct
skip	count too low	σοφίᾳ	la sabiduría	1	1cor 2:5	1cor 2:5	expanded
skip	count too low	σοφούς	sabios	1	1cor 1:27	1cor 1:27	direct
skip	count too low	σοφοὶ	sabios	1	1cor 1:26	1cor 1:26	direct
skip	count too low	σοφοὺς	sabios	1	1cor 3:19	1cor 3:19	direct
skip	count too low	σοφός	el sabio	1	1cor 1:20	1cor 1:20	expanded
skip	count too low	σοφός	sabio	1	1cor 3:18	1cor 3:18	direct
skip	count too low	σοφώτερον	más sabia	1	1cor 1:25	1cor 1:25	expanded
skip	count too low	σοφὸς	hombre sabio	1	1cor 6:5	1cor 6:5	expanded
skip	count too low	στέγει	sufre	1	1corintios 13:7	1corintios 13:7	direct
skip	count too low	στέγομεν	todo	1	1corintios 9:12	1corintios 9:12	direct
skip	count too low	σταδίῳ	el	1	1corintios 9:24	1corintios 9:24	direct
skip	count too low	σταυροῦ	cruz	1	1cor 1:18	1cor 1:18	direct
skip	count too low	σταυρὸς	cruz	1	1cor 1:17	1cor 1:17	direct
skip	count too low	στεφανᾶ	de estéfanas	1	1cor 1:16	1cor 1:16	expanded
skip	count too low	συγγνώμην	vía de concesión	1	1cor 7:6	1cor 7:6	expanded
skip	count too low	συγκρίνοντες	combinando	1	1cor 2:13	1cor 2:13	direct
skip	count too low	συγχαίρει	se regocijan	1	1corintios 12:26	1corintios 12:26	expanded
skip	count too low	συγχαίρει	sino	1	1corintios 13:6	1corintios 13:6	direct
skip	count too low	συζητητὴς	el que sabe discutir	1	1cor 1:20	1cor 1:20	expanded
skip	count too low	συμβασιλεύσωμεν	reináramos	1	1cor 4:8	1cor 4:8	direct
skip	count too low	συμβιβάσει	instruya	1	1cor 2:16	1cor 2:16	direct
skip	count too low	συμπάσχει	miembros	1	1corintios 12:26	1corintios 12:26	direct
skip	count too low	συμφέρει	son de provecho	1	1cor 6:12	1cor 6:12	expanded
skip	count too low	συμφέρον	común	1	1corintios 12:7	1corintios 12:7	direct
skip	count too low	συμφώνου	común acuerdo	1	1cor 7:5	1cor 7:5	expanded
skip	count too low	συνέβαινεν	como	1	1corintios 10:11	1corintios 10:11	direct
skip	count too low	συνέλθῃ	si	1	1corintios 14:23	1corintios 14:23	direct
skip	count too low	συνέρχησθε	juicio	1	1corintios 11:34	1corintios 11:34	direct
skip	count too low	συνήθειαν	costumbre	1	1corintios 11:16	1corintios 11:16	direct
skip	count too low	συναναμίγνυσθαι	en compañía de	1	1cor 5:11	1cor 5:11	expanded
skip	count too low	συναναμίγνυσθαι	en compañía	1	1cor 5:9	1cor 5:9	expanded
skip	count too low	συναχθέντων	cuando estén reunidos	1	1cor 5:4	1cor 5:4	expanded
skip	count too low	συνείδησιν	quiero decir no la conciencia de ustedes sino la del otro pues por qué ha de ser juzgada mi libertad por la conciencia ajena	1	1corintios 10:29	1corintios 10:29	expanded
skip	count too low	συνεκέρασεν	dios	1	1corintios 12:24	1corintios 12:24	direct
skip	count too low	συνεργοί	colaboradores en la labor	1	1cor 3:9	1cor 3:9	expanded
skip	count too low	συνερχομένων	lugar	1	1corintios 11:18	1corintios 11:18	direct
skip	count too low	συνερχομένων	cuando se reúnen	1	1corintios 11:20	1corintios 11:20	expanded
skip	count too low	συνερχόμενοι	cuando se reúnan	1	1corintios 11:33	1corintios 11:33	expanded
skip	count too low	συνεσθίειν	coman	1	1cor 5:11	1cor 5:11	direct
skip	count too low	συνεσταλμένος	ha	1	1corintios 7:29	1corintios 7:29	direct
skip	count too low	συνετῶν	inteligentes	1	1cor 1:19	1cor 1:19	direct
skip	count too low	συνηθείᾳ	ahora	1	1corintios 8:7	1corintios 8:7	direct
skip	count too low	σχίσμα	división	1	1corintios 12:25	1corintios 12:25	direct
skip	count too low	σχίσματα	divisiones	1	1cor 1:10	1cor 1:10	direct
skip	count too low	σχίσματα	como	1	1corintios 11:18	1corintios 11:18	direct
skip	count too low	σχολάσητε	dedicarse	1	1cor 7:5	1cor 7:5	direct
skip	count too low	σχῆμα	apariencia	1	1corintios 7:31	1corintios 7:31	direct
skip	count too low	σωθήσεται	será salvo	1	1cor 3:15	1cor 3:15	expanded
skip	count too low	σωθῇ	sea salvo	1	1cor 5:5	1cor 5:5	expanded
skip	count too low	σωσθένης	sóstenes	1	1cor 1:1	1cor 1:1	direct
skip	count too low	σύμφορον	no	1	1corintios 7:35	1corintios 7:35	direct
skip	count too low	σύνεσιν	entendimiento	1	1cor 1:19	1cor 1:19	direct
skip	count too low	σύνοιδα	estoy consciente	1	1cor 4:4	1cor 4:4	expanded
skip	count too low	σώματα	cuerpos	1	1cor 6:15	1cor 6:15	direct
skip	count too low	σώματι	le	1	1corintios 12:18	1corintios 12:18	direct
skip	count too low	σώματι	en	1	1corintios 7:34	1corintios 7:34	direct
skip	count too low	σώματός	cuerpo	1	1cor 6:18	1cor 6:18	direct
skip	count too low	σὺ	porque	1	1corintios 14:17	1corintios 14:17	direct
skip	count too low	σὺν	condenados	1	1corintios 11:32	1corintios 11:32	direct
skip	count too low	σῇ	el	1	1corintios 8:11	1corintios 8:11	direct
skip	count too low	σῳζομένοις	los salvos	1	1cor 1:18	1cor 1:18	expanded
skip	count too low	σῶμά	pobres	1	1corintios 13:3	1corintios 13:3	direct
skip	count too low	σῶμά	cuerpo	1	1cor 6:16	1cor 6:16	direct
skip	count too low	σῶμα	del señor	1	1corintios 11:29	1corintios 11:29	expanded
skip	count too low	σῶμα	ya	1	1corintios 12:13	1corintios 12:13	direct
skip	count too low	σῶμα	es	1	1corintios 12:14	1corintios 12:14	direct
skip	count too low	σῶμα	el cuerpo	1	1corintios 12:27	1corintios 12:27	expanded
skip	count too low	σῶσαι	salvar	1	1cor 1:21	1cor 1:21	direct
skip	count too low	τάξιν	con	1	1corintios 14:40	1corintios 14:40	direct
skip	count too low	τέκνον	hijo	1	1cor 4:17	1cor 4:17	direct
skip	count too low	τέλειοι	maduros	1	1corintios 14:20	1corintios 14:20	direct
skip	count too low	τέλειον	lo	1	1corintios 13:10	1corintios 13:10	direct
skip	count too low	τέλους	el fin	1	1cor 1:8	1cor 1:8	expanded
skip	count too low	τήρησις	el guardar	1	1corintios 7:19	1corintios 7:19	expanded
skip	count too low	τί	qué quiero decir entonces que lo sacrificado a los ídolos es algo o que un ídolo es algo	1	1corintios 10:19	1corintios 10:19	expanded
skip	count too low	τί	entonces	1	1corintios 14:15	1corintios 14:15	direct
skip	count too low	τί	lo que dices	1	1corintios 14:16	1corintios 14:16	expanded
skip	count too low	τίς	cuál	1	1corintios 9:18	1corintios 9:18	direct
skip	count too low	τίς	quién ha servido alguna vez como soldado a sus propias expensas quién planta una viña y no come de su fruto o quién cuida un rebaño y no bebe de la leche del rebaño	1	1corintios 9:7	1corintios 9:7	expanded
skip	count too low	ταχέως	pronto	1	1cor 4:19	1cor 4:19	direct
skip	count too low	ταύτῃ	sino	1	1corintios 9:12	1corintios 9:12	direct
skip	count too low	ταῖς	yo	1	1corintios 13:1	1corintios 13:1	direct
skip	count too low	ταῖς	en la	1	1corintios 14:20	1corintios 14:20	expanded
skip	count too low	ταῖς	las	1	1corintios 14:34	1corintios 14:34	direct
skip	count too low	ταῖς	con	1	1cor 4:12	1cor 4:12	expanded
skip	count too low	ταῖς	a las	1	1cor 7:8	1cor 7:8	expanded
skip	count too low	ταῦτά	esto	1	1cor 6:11	1cor 6:11	direct
skip	count too low	ταῦτα	estas	1	1corintios 10:11	1corintios 10:11	direct
skip	count too low	ταῦτα	estas cosas sucedieron como ejemplo para nosotros a fin de que no codiciemos lo malo como ellos lo codiciaron	1	1corintios 10:6	1corintios 10:6	expanded
skip	count too low	ταῦτα	cosas	1	1corintios 12:11	1corintios 12:11	direct
skip	count too low	ταῦτα	estos	1	1corintios 13:13	1corintios 13:13	direct
skip	count too low	τε	tanto	1	1cor 1:24	1cor 1:24	direct
skip	count too low	τελείοις	madurez	1	1cor 2:6	1cor 2:6	direct
skip	count too low	τι	lo	1	1corintios 11:18	1corintios 11:18	direct
skip	count too low	τιμήν	honra a la	1	1corintios 12:24	1corintios 12:24	expanded
skip	count too low	τιμίους	preciosas	1	1cor 3:12	1cor 3:12	direct
skip	count too low	τιμόθεον	a timoteo	1	1cor 4:17	1cor 4:17	expanded
skip	count too low	τιμὴν	con más	1	1corintios 12:23	1corintios 12:23	expanded
skip	count too low	τιμῆς	por un precio	1	1cor 6:20	1cor 6:20	expanded
skip	count too low	τιμῆς	por precio	1	1corintios 7:23	1corintios 7:23	expanded
skip	count too low	τινα	a algún	1	1cor 1:16	1cor 1:16	expanded
skip	count too low	τινα	alguien	1	1cor 5:1	1cor 5:1	direct
skip	count too low	τινος	ninguna	1	1cor 6:12	1cor 6:12	expanded
skip	count too low	τινὲς	estando	1	1corintios 8:7	1corintios 8:7	direct
skip	count too low	τις	nadie	1	1cor 1:15	1cor 1:15	direct
skip	count too low	τις	uno	1	1cor 3:4	1cor 3:4	direct
skip	count too low	τις	cada uno	1	1cor 4:2	1cor 4:2	expanded
skip	count too low	τις	ninguno	1	1cor 5:11	1cor 5:11	direct
skip	count too low	τις;	alguien	1	1corintios 7:18	1corintios 7:18	direct
skip	count too low	τοιαύτη	una tal como	1	1cor 5:1	1cor 5:1	expanded
skip	count too low	τοιαύτην	tal	1	1corintios 11:16	1corintios 11:16	direct
skip	count too low	τοιούτοις	casos	1	1cor 7:15	1cor 7:15	direct
skip	count too low	τοιοῦτοι	vida	1	1corintios 7:28	1corintios 7:28	direct
skip	count too low	τολμᾷ	se atreve	1	1cor 6:1	1cor 6:1	expanded
skip	count too low	τοσαῦτα	hay	1	1corintios 14:10	1corintios 14:10	direct
skip	count too low	τούτοις	a estas	1	1corintios 12:23	1corintios 12:23	expanded
skip	count too low	τούτων	mayor de	1	1corintios 13:13	1corintios 13:13	expanded
skip	count too low	τούτῳ	aun	1	1corintios 14:21	1corintios 14:21	direct
skip	count too low	τούτῳ	eso	1	1cor 4:4	1cor 4:4	direct
skip	count too low	τούτῳ	fue	1	1corintios 7:24	1corintios 7:24	direct
skip	count too low	τοὺς	les	1	1corintios 11:22	1corintios 11:22	direct
skip	count too low	τοὺς	en	1	1corintios 14:35	1corintios 14:35	direct
skip	count too low	τοὺς	nosotros los	1	1cor 4:9	1cor 4:9	expanded
skip	count too low	τοὺς	a los de	1	1cor 5:12	1cor 5:12	expanded
skip	count too low	τοὺς	a	1	1corintios 9:22	1corintios 9:22	direct
skip	count too low	τοῖς	para	1	1cor 1:18	1cor 1:18	direct
skip	count too low	τοῖς	no	1	1corintios 14:22	1corintios 14:22	direct
skip	count too low	τοῖς	los incrédulos	1	1corintios 14:22	1corintios 14:22	expanded
skip	count too low	τοῖς	los que han alcanzado	1	1cor 2:6	1cor 2:6	expanded
skip	count too low	τοῖς	para los que	1	1cor 2:9	1cor 2:9	expanded
skip	count too low	τοῖς	a la gente	1	1cor 5:10	1cor 5:10	expanded
skip	count too low	τοῖς	tales	1	1cor 7:15	1cor 7:15	direct
skip	count too low	τοῖς	que	1	1corintios 9:14	1corintios 9:14	direct
skip	count too low	τοῖς	a los que están bajo la ley como bajo la ley	1	1corintios 9:20	1corintios 9:20	expanded
skip	count too low	τοῖς	a los que están sin ley como sin ley	1	1corintios 9:21	1corintios 9:21	expanded
skip	count too low	τοῖς	a todos me he hecho todo	1	1corintios 9:22	1corintios 9:22	expanded
skip	count too low	τοῦ	en	1	1cor 1:20	1cor 1:20	expanded
skip	count too low	τοῦ	de este	1	1cor 1:20	1cor 1:20	expanded
skip	count too low	τοῦ	acerca de	1	1cor 1:6	1cor 1:6	expanded
skip	count too low	τοῦ	participan	1	1corintios 10:18	1corintios 10:18	direct
skip	count too low	τοῦ	porque del señor es la tierra y todo lo que en ella hay	1	1corintios 10:26	1corintios 10:26	expanded
skip	count too low	τοῦ	avergüenzan	1	1corintios 11:22	1corintios 11:22	direct
skip	count too low	τοῦ	entonces	1	1corintios 11:28	1corintios 11:28	direct
skip	count too low	τοῦ	del cuerpo	1	1corintios 12:16	1corintios 12:16	expanded
skip	count too low	τοῦ	palabra	1	1corintios 12:8	1corintios 12:8	direct
skip	count too low	τοῦ	del que	1	1corintios 14:16	1corintios 14:16	expanded
skip	count too low	τοῦ	dios	1	1corintios 14:36	1corintios 14:36	direct
skip	count too low	τοῦ	en las	1	1cor 4:5	1cor 4:5	expanded
skip	count too low	τοῦ	de su	1	1cor 5:1	1cor 5:1	expanded
skip	count too low	τοῦ	sus	1	1cor 6:5	1cor 6:5	expanded
skip	count too low	τοῦ	las	1	1corintios 7:34	1corintios 7:34	direct
skip	count too low	τοῦ	mundo	1	1corintios 7:34	1corintios 7:34	direct
skip	count too low	τοῦ	y	1	1corintios 7:37	1corintios 7:37	direct
skip	count too low	τοῦ	como	1	1corintios 8:7	1corintios 8:7	direct
skip	count too low	τοῦτο	a	1	1cor 1:12	1cor 1:12	direct
skip	count too low	τοῦτο	mujer	1	1corintios 11:10	1corintios 11:10	direct
skip	count too low	τοῦτο	esta	1	1corintios 11:25	1corintios 11:25	direct
skip	count too low	τοῦτο	hay	1	1corintios 11:30	1corintios 11:30	direct
skip	count too low	τοῦτο	esta razón	1	1cor 4:17	1cor 4:17	expanded
skip	count too low	τοῦτο	acción	1	1cor 5:3	1cor 5:3	direct
skip	count too low	τοῦτο	esto aun	1	1cor 6:8	1cor 6:8	expanded
skip	count too low	τοῦτο	que	1	1corintios 7:26	1corintios 7:26	direct
skip	count too low	τοῦτο	corazón	1	1corintios 7:37	1corintios 7:37	direct
skip	count too low	τοῦτον	este	1	1cor 2:2	1cor 2:2	direct
skip	count too low	τοῦτον	a él	1	1cor 3:17	1cor 3:17	expanded
skip	count too low	τοῦτό	esto es	1	1corintios 11:24	1corintios 11:24	expanded
skip	count too low	τρέχετε	corran	1	1corintios 9:24	1corintios 9:24	direct
skip	count too low	τρέχοντες	estadio	1	1corintios 9:24	1corintios 9:24	direct
skip	count too low	τρέχουσιν	verdad	1	1corintios 9:24	1corintios 9:24	direct
skip	count too low	τρία	amor	1	1corintios 13:13	1corintios 13:13	direct
skip	count too low	τρίτον	luego	1	1corintios 12:28	1corintios 12:28	direct
skip	count too low	τρεῖς	a tres	1	1corintios 14:27	1corintios 14:27	expanded
skip	count too low	τρεῖς	profetas	1	1corintios 14:29	1corintios 14:29	direct
skip	count too low	τρόμῳ	temblor	1	1cor 2:3	1cor 2:3	direct
skip	count too low	τυπικῶς	sucedieron	1	1corintios 10:11	1corintios 10:11	direct
skip	count too low	τό	lo que	1	1cor 4:6	1cor 4:6	expanded
skip	count too low	τόπῳ	parte	1	1cor 1:2	1cor 1:2	direct
skip	count too low	τότε	veremos	1	1corintios 13:12	1corintios 13:12	direct
skip	count too low	τότε	conoceré	1	1corintios 13:12	1corintios 13:12	direct
skip	count too low	τύχοι	muchas	1	1corintios 14:10	1corintios 14:10	direct
skip	count too low	τὰ	a lo que es	1	1cor 1:27	1cor 1:27	expanded
skip	count too low	τὰ	cosas	1	1corintios 11:12	1corintios 11:12	direct
skip	count too low	τὰ	cada	1	1corintios 12:18	1corintios 12:18	direct
skip	count too low	τὰ	un	1	1corintios 12:19	1corintios 12:19	direct
skip	count too low	τὰ	los ídolos	1	1corintios 12:2	1corintios 12:2	expanded
skip	count too low	τὰ	mudos	1	1corintios 12:2	1corintios 12:2	direct
skip	count too low	τὰ	que las partes	1	1corintios 12:23	1corintios 12:23	expanded
skip	count too low	τὰ	ya	1	1corintios 12:24	1corintios 12:24	direct
skip	count too low	τὰ	que los	1	1corintios 12:25	1corintios 12:25	expanded
skip	count too low	τὰ	con	1	1corintios 12:26	1corintios 12:26	direct
skip	count too low	τὰ	dones	1	1corintios 12:31	1corintios 12:31	direct
skip	count too low	τὰ	hace	1	1corintios 12:6	1corintios 12:6	direct
skip	count too low	τὰ	el	1	1corintios 13:13	1corintios 13:13	direct
skip	count too low	τὰ	entendiera	1	1corintios 13:2	1corintios 13:2	direct
skip	count too low	τὰ	bienes	1	1corintios 13:3	1corintios 13:3	direct
skip	count too low	τὰ	no	1	1corintios 13:5	1corintios 13:5	direct
skip	count too low	τὰ	deseen	1	1corintios 14:1	1corintios 14:1	direct
skip	count too low	τὰ	sus	1	1cor 6:15	1cor 6:15	expanded
skip	count too low	τὰ	por	1	1corintios 7:34	1corintios 7:34	direct
skip	count too low	τὰ	del	1	1corintios 7:34	1corintios 7:34	direct
skip	count too low	τὰ	comen la comida del templo	1	1corintios 9:13	1corintios 9:13	expanded
skip	count too low	τὰς	los caminos	1	1cor 4:17	1cor 4:17	expanded
skip	count too low	τὴν	nube	1	1corintios 10:1	1corintios 10:1	direct
skip	count too low	τὴν	la mujer sino	1	1corintios 11:9	1corintios 11:9	expanded
skip	count too low	τὴν	conocimiento	1	1corintios 13:2	1corintios 13:2	direct
skip	count too low	τὴν	fe	1	1corintios 13:2	1corintios 13:2	direct
skip	count too low	τὴν	alcanzar	1	1corintios 14:1	1corintios 14:1	direct
skip	count too low	τὴν	abundar	1	1corintios 14:12	1corintios 14:12	direct
skip	count too low	τὴν	la sabiduría	1	1cor 2:7	1cor 2:7	expanded
skip	count too low	τὴν	que	1	1cor 3:10	1cor 3:10	expanded
skip	count too low	τὴν	de la	1	1cor 6:18	1cor 6:18	expanded
skip	count too low	τὴν	a tu	1	1cor 7:16	1cor 7:16	expanded
skip	count too low	τὴν	presente	1	1corintios 7:26	1corintios 7:26	direct
skip	count too low	τὴν	a su	1	1corintios 7:38	1corintios 7:38	expanded
skip	count too low	τὸ	la copa de bendición que bendecimos no es la participación en la sangre de cristo el pan que partimos no es la participación en el cuerpo de cristo	1	1corintios 10:16	1corintios 10:16	expanded
skip	count too low	τὸ	se congregan	1	1corintios 11:17	1corintios 11:17	expanded
skip	count too low	τὸ	lo malo	1	1corintios 11:17	1corintios 11:17	expanded
skip	count too low	τὸ	cada	1	1corintios 11:21	1corintios 11:21	direct
skip	count too low	τὸ	beber	1	1corintios 11:22	1corintios 11:22	direct
skip	count too low	τὸ	cuerpo	1	1corintios 11:24	1corintios 11:24	direct
skip	count too low	τὸ	copa	1	1corintios 11:25	1corintios 11:25	direct
skip	count too low	τὸ	beban	1	1corintios 11:26	1corintios 11:26	direct
skip	count too low	τὸ	el cuerpo	1	1corintios 11:29	1corintios 11:29	expanded
skip	count too low	τὸ	cortarse	1	1corintios 11:6	1corintios 11:6	direct
skip	count too low	τὸ	hace	1	1corintios 12:11	1corintios 12:11	direct
skip	count too low	τὸ	dijera	1	1corintios 12:16	1corintios 12:16	direct
skip	count too low	τὸ	del	1	1corintios 12:19	1corintios 12:19	direct
skip	count too low	τὸ	el mismo	1	1corintios 12:25	1corintios 12:25	expanded
skip	count too low	τὸ	dones el mismo	1	1corintios 12:4	1corintios 12:4	expanded
skip	count too low	τὸ	el bien	1	1corintios 12:7	1corintios 12:7	expanded
skip	count too low	τὸ	según	1	1corintios 12:8	1corintios 12:8	direct
skip	count too low	τὸ	perfecto	1	1corintios 13:10	1corintios 13:10	direct
skip	count too low	τὸ	incompleto	1	1corintios 13:10	1corintios 13:10	direct
skip	count too low	τὸ	los	1	1corintios 13:3	1corintios 13:3	direct
skip	count too low	τὸ	en	1	1corintios 14:14	1corintios 14:14	direct
skip	count too low	τὸ	todos	1	1corintios 14:23	1corintios 14:23	direct
skip	count too low	τὸ	lo más	1	1corintios 14:27	1corintios 14:27	expanded
skip	count too low	τὸ	anhelen	1	1corintios 14:39	1corintios 14:39	direct
skip	count too low	τὸ	lo que	1	1corintios 14:7	1corintios 14:7	expanded
skip	count too low	τὸ	en el	1	1corintios 14:7	1corintios 14:7	expanded
skip	count too low	τὸ	lo	1	1corintios 14:9	1corintios 14:9	direct
skip	count too low	τὸ	que está	1	1cor 2:11	1cor 2:11	expanded
skip	count too low	τὸ	mi	1	1cor 2:4	1cor 2:4	expanded
skip	count too low	τὸ	esta	1	1cor 5:2	1cor 5:2	expanded
skip	count too low	τὸ	acortado	1	1corintios 7:29	1corintios 7:29	direct
skip	count too low	τὸ	propio	1	1corintios 7:35	1corintios 7:35	direct
skip	count too low	τὸ	para	1	1corintios 7:35	1corintios 7:35	direct
skip	count too low	τὸ	juntarse	1	1cor 7:5	1cor 7:5	merged-forward
skip	count too low	τὸ	proclaman	1	1corintios 9:14	1corintios 9:14	direct
skip	count too low	τὸ	sin	1	1corintios 9:18	1corintios 9:18	direct
skip	count too low	τὸ	uso	1	1corintios 9:18	1corintios 9:18	direct
skip	count too low	τὸ	evangelio	1	1corintios 9:23	1corintios 9:23	direct
skip	count too low	τὸ	obtiene	1	1corintios 9:24	1corintios 9:24	direct
skip	count too low	τὸν	a los	1	1cor 1:16	1cor 1:16	expanded
skip	count too low	τὸν	bautizados	1	1corintios 10:2	1corintios 10:2	direct
skip	count too low	τὸν	este pan	1	1corintios 11:26	1corintios 11:26	expanded
skip	count too low	τὸν	proclaman	1	1corintios 11:26	1corintios 11:26	direct
skip	count too low	τὸν	el lugar	1	1corintios 14:16	1corintios 14:16	expanded
skip	count too low	τὸν	el que	1	1cor 3:11	1cor 3:11	expanded
skip	count too low	τὸν	este	1	1cor 3:12	1cor 3:12	expanded
skip	count too low	τὸν	las	1	1cor 4:19	1cor 4:19	expanded
skip	count too low	τὸν	al que	1	1cor 5:3	1cor 5:3	expanded
skip	count too low	τὸν	a ese tal	1	1cor 5:5	1cor 5:5	expanded
skip	count too low	τὸν	a su	1	1cor 7:13	1cor 7:13	expanded
skip	count too low	τὸν	a tu	1	1cor 7:16	1cor 7:16	expanded
skip	count too low	τὸν	mundo	1	1corintios 7:31	1corintios 7:31	direct
skip	count too low	τὸν	visto	1	1corintios 9:1	1corintios 9:1	direct
skip	count too low	τῆς	su propia	1	1cor 1:21	1cor 1:21	expanded
skip	count too low	τῆς	la	1	1cor 1:21	1cor 1:21	direct
skip	count too low	τῆς	causa	1	1corintios 11:10	1corintios 11:10	direct
skip	count too low	τῆς	todas	1	1corintios 11:12	1corintios 11:12	direct
skip	count too low	τῆς	dios	1	1corintios 11:22	1corintios 11:22	direct
skip	count too low	τῆς	ellos	1	1corintios 14:12	1corintios 14:12	direct
skip	count too low	τῆς	con	1	1corintios 14:9	1corintios 14:9	direct
skip	count too low	τῆς	el	1	1cor 4:11	1cor 4:11	direct
skip	count too low	τῆς	de su	1	1cor 5:5	1cor 5:5	expanded
skip	count too low	τῆς	su	1	1cor 6:14	1cor 6:14	expanded
skip	count too low	τῆς	tienen este derecho sobre ustedes	1	1corintios 9:12	1corintios 9:12	expanded
skip	count too low	τῇ	un	1	1cor 1:10	1cor 1:10	expanded
skip	count too low	τῇ	el mar	1	1corintios 10:2	1corintios 10:2	expanded
skip	count too low	τῇ	en el	1	1corintios 10:5	1corintios 10:5	expanded
skip	count too low	τῇ	la noche	1	1corintios 11:23	1corintios 11:23	expanded
skip	count too low	τῇ	ora o	1	1corintios 11:5	1corintios 11:5	expanded
skip	count too low	τῇ	está rapada	1	1corintios 11:5	1corintios 11:5	expanded
skip	count too low	τῇ	la mano	1	1corintios 12:21	1corintios 12:21	expanded
skip	count too low	τῇ	segundo lugar	1	1corintios 12:28	1corintios 12:28	expanded
skip	count too low	τῇ	de la	1	1corintios 13:6	1corintios 13:6	expanded
skip	count too low	τῇ	alegra con	1	1corintios 13:6	1corintios 13:6	expanded
skip	count too low	τῇ	tu acción de	1	1corintios 14:16	1corintios 14:16	expanded
skip	count too low	τῇ	pensar más	1	1corintios 14:20	1corintios 14:20	expanded
skip	count too low	τῇ	su propia	1	1cor 3:19	1cor 3:19	expanded
skip	count too low	τῇ	mi	1	1cor 5:9	1cor 5:9	expanded
skip	count too low	τῇ	para el	1	1cor 6:13	1cor 6:13	expanded
skip	count too low	τῇ	para la	1	1cor 6:13	1cor 6:13	expanded
skip	count too low	τῇ	a una	1	1cor 6:16	1cor 6:16	expanded
skip	count too low	τῇ	su	1	1cor 7:14	1cor 7:14	direct
skip	count too low	τῇ	condición en	1	1corintios 7:20	1corintios 7:20	expanded
skip	count too low	τῇ	ellos tendrán	1	1corintios 7:28	1corintios 7:28	expanded
skip	count too low	τῇ	para con	1	1cor 7:3	1cor 7:3	expanded
skip	count too low	τῇ	a su	1	1corintios 7:33	1corintios 7:33	expanded
skip	count too low	τῇ	corazón y	1	1corintios 7:37	1corintios 7:37	expanded
skip	count too low	τῇ	hija bien	1	1corintios 7:37	1corintios 7:37	expanded
skip	count too low	τῇ	es débil	1	1corintios 8:11	1corintios 8:11	expanded
skip	count too low	τῇ	ídolo hasta	1	1corintios 8:7	1corintios 8:7	expanded
skip	count too low	τῇ	usado este	1	1corintios 9:12	1corintios 9:12	expanded
skip	count too low	τῇ	derecho como	1	1corintios 9:18	1corintios 9:18	expanded
skip	count too low	τῶν	por	1	1corintios 10:9	1corintios 10:9	direct
skip	count too low	τῶν	espirituales	1	1corintios 12:1	1corintios 12:1	direct
skip	count too low	τῶν	lenguas	1	1corintios 13:1	1corintios 13:1	direct
skip	count too low	τῶν	no	1	1corintios 13:1	1corintios 13:1	direct
skip	count too low	τῶν	que	1	1cor 2:6	1cor 2:6	expanded
skip	count too low	τῶν	las	1	1corintios 7:25	1corintios 7:25	direct
skip	count too low	τῶν	a	1	1corintios 8:1	1corintios 8:1	direct
skip	count too low	τῷ	un	1	1cor 1:10	1cor 1:10	expanded
skip	count too low	τῷ	la	1	1corintios 11:13	1corintios 11:13	direct
skip	count too low	τῷ	con	1	1corintios 11:32	1corintios 11:32	direct
skip	count too low	τῷ	según	1	1corintios 12:18	1corintios 12:18	direct
skip	count too low	τῷ	parte	1	1corintios 12:24	1corintios 12:24	direct
skip	count too low	τῷ	mismo	1	1corintios 12:9	1corintios 12:9	direct
skip	count too low	τῷ	único	1	1corintios 12:9	1corintios 12:9	direct
skip	count too low	τῷ	para	1	1corintios 14:11	1corintios 14:11	direct
skip	count too low	τῷ	está	1	1corintios 14:21	1corintios 14:21	direct
skip	count too low	τῷ	declarando	1	1corintios 14:25	1corintios 14:25	direct
skip	count too low	τῷ	este	1	1cor 3:18	1cor 3:18	expanded
skip	count too low	τῷ	con esa persona	1	1cor 5:11	1cor 5:11	expanded
skip	count too low	τῷ	es para el	1	1cor 6:13	1cor 6:13	expanded
skip	count too low	τῷ	con su	1	1cor 7:11	1cor 7:11	expanded
skip	count too low	τῷ	con el	1	1cor 7:3	1cor 7:3	expanded
skip	count too low	τῷ	como	1	1corintios 7:34	1corintios 7:34	direct
skip	count too low	υἱοῦ	hijo	1	1cor 1:9	1cor 1:9	direct
skip	count too low	φαγεῖν	uno	1	1corintios 11:21	1corintios 11:21	direct
skip	count too low	φανέρωσις	manifestación	1	1corintios 12:7	1corintios 12:7	direct
skip	count too low	φανεροὶ	aprobados	1	1corintios 11:19	1corintios 11:19	direct
skip	count too low	φανερώσει	pondrá de manifiesto	1	1cor 4:5	1cor 4:5	expanded
skip	count too low	φανερὰ	quedarán	1	1corintios 14:25	1corintios 14:25	direct
skip	count too low	φανερὸν	evidente	1	1cor 3:13	1cor 3:13	direct
skip	count too low	φείδομαι	evitárselos	1	1corintios 7:28	1corintios 7:28	direct
skip	count too low	φεύγετε	huyan	1	1cor 6:18	1cor 6:18	direct
skip	count too low	φημι	digo	1	1corintios 7:29	1corintios 7:29	direct
skip	count too low	φησίν	él dice	1	1cor 6:16	1cor 6:16	expanded
skip	count too low	φθείρει	destruye	1	1cor 3:17	1cor 3:17	direct
skip	count too low	φθερεῖ	lo destruirá	1	1cor 3:17	1cor 3:17	expanded
skip	count too low	φθόγγοις	sonidos	1	1corintios 14:7	1corintios 14:7	direct
skip	count too low	φιλόνεικος	contencioso	1	1corintios 11:16	1corintios 11:16	direct
skip	count too low	φρεσίν	la	1	1corintios 14:20	1corintios 14:20	direct
skip	count too low	φρεσὶν	malicia en la manera de pensar	1	1corintios 14:20	1corintios 14:20	expanded
skip	count too low	φρόνιμοι	prudentes	1	1cor 4:10	1cor 4:10	direct
skip	count too low	φυσιοῖ	el	1	1corintios 8:1	1corintios 8:1	direct
skip	count too low	φυσιοῦσθε	se vuelva arrogante	1	1cor 4:6	1cor 4:6	expanded
skip	count too low	φυσιοῦται	arrogante	1	1corintios 13:4	1corintios 13:4	direct
skip	count too low	φωνὴν	sonido	1	1corintios 14:7	1corintios 14:7	direct
skip	count too low	φωνὴν	un	1	1corintios 14:8	1corintios 14:8	direct
skip	count too low	φωνῆς	las	1	1corintios 14:11	1corintios 14:11	direct
skip	count too low	φωνῶν	de	1	1corintios 14:10	1corintios 14:10	direct
skip	count too low	φωτίσει	sacará a la luz	1	1cor 4:5	1cor 4:5	expanded
skip	count too low	φόβῳ	temor	1	1cor 2:3	1cor 2:3	direct
skip	count too low	φύσις	misma naturaleza	1	1corintios 11:14	1corintios 11:14	expanded
skip	count too low	χάριν	gracia	1	1cor 3:10	1cor 3:10	direct
skip	count too low	χάρις	gracia	1	1cor 1:3	1cor 1:3	direct
skip	count too low	χάρισμα	don	1	1cor 7:7	1cor 7:7	direct
skip	count too low	χάριτι	gracia	1	1cor 1:4	1cor 1:4	direct
skip	count too low	χήραις	viudas	1	1cor 7:8	1cor 7:8	direct
skip	count too low	χαίρει	amor	1	1corintios 13:6	1corintios 13:6	direct
skip	count too low	χαίροντες	regocijan	1	1corintios 7:30	1corintios 7:30	direct
skip	count too low	χαίροντες	no	1	1corintios 7:30	1corintios 7:30	direct
skip	count too low	χαλκὸς	metal	1	1corintios 13:1	1corintios 13:1	direct
skip	count too low	χαρίσματα	sanidad	1	1corintios 12:28	1corintios 12:28	direct
skip	count too low	χαρίσματα	mejores	1	1corintios 12:31	1corintios 12:31	direct
skip	count too low	χαρίσματι	don	1	1cor 1:7	1cor 1:7	direct
skip	count too low	χαρισθέντα	ha dado gratuitamente	1	1cor 2:12	1cor 2:12	expanded
skip	count too low	χαρισμάτων	diversidad	1	1corintios 12:4	1corintios 12:4	direct
skip	count too low	χείλεσιν	a	1	1corintios 14:21	1corintios 14:21	direct
skip	count too low	χείρ	mano	1	1corintios 12:15	1corintios 12:15	direct
skip	count too low	χειρί	no	1	1corintios 12:21	1corintios 12:21	direct
skip	count too low	χερσίν	manos	1	1cor 4:12	1cor 4:12	direct
skip	count too low	χρείαν	te	1	1corintios 12:21	1corintios 12:21	direct
skip	count too low	χρείαν	necesito	1	1corintios 12:21	1corintios 12:21	direct
skip	count too low	χρείαν	lo	1	1corintios 12:24	1corintios 12:24	direct
skip	count too low	χρηστεύεται	paciente	1	1corintios 13:4	1corintios 13:4	direct
skip	count too low	χριστοῦ	de jesucristo	1	1cor 1:1	1cor 1:1	merged-forward
skip	count too low	χριστόν	señor	1	1corintios 10:9	1corintios 10:9	direct
skip	count too low	χριστόν	cristo	1	1cor 4:10	1cor 4:10	direct
skip	count too low	χριστός	y	1	1corintios 11:3	1corintios 11:3	direct
skip	count too low	χριστὸν	a cristo	1	1cor 1:23	1cor 1:23	expanded
skip	count too low	χριστὸν	cristo es	1	1cor 1:24	1cor 1:24	expanded
skip	count too low	χρυσόν	con oro	1	1cor 3:12	1cor 3:12	expanded
skip	count too low	χρώμενοι	el	1	1corintios 7:31	1corintios 7:31	direct
skip	count too low	χρῆσαι	prefiérelo	1	1corintios 7:21	1corintios 7:21	direct
skip	count too low	χωρίζεται	se separa	1	1cor 7:15	1cor 7:15	expanded
skip	count too low	χωριζέσθω	que se separe	1	1cor 7:15	1cor 7:15	expanded
skip	count too low	χωρισθῇ	deja	1	1cor 7:11	1cor 7:11	direct
skip	count too low	χωρὶς	ni la	1	1corintios 11:11	1corintios 11:11	expanded
skip	count too low	χωρὶς	ni	1	1corintios 11:11	1corintios 11:11	direct
skip	count too low	χωρὶς	sin necesidad de	1	1cor 4:8	1cor 4:8	expanded
skip	count too low	χόρτον	heno	1	1cor 3:12	1cor 3:12	direct
skip	count too low	ψαλμὸν	salmo	1	1corintios 14:26	1corintios 14:26	direct
skip	count too low	ψαλῶ	con	1	1corintios 14:15	1corintios 14:15	direct
skip	count too low	ψαλῶ	pero	1	1corintios 14:15	1corintios 14:15	direct
skip	count too low	ψυχικὸς	natural	1	1cor 2:14	1cor 2:14	direct
skip	count too low	ψωμίσω	todos	1	1corintios 13:3	1corintios 13:3	direct
skip	count too low	ἀέρα	al	1	1corintios 14:9	1corintios 14:9	direct
skip	count too low	ἀγάμοις	solteros	1	1cor 7:8	1cor 7:8	direct
skip	count too low	ἀγάπη	esperanza	1	1corintios 13:13	1corintios 13:13	direct
skip	count too low	ἀγάπη	es el amor	1	1corintios 13:13	1corintios 13:13	expanded
skip	count too low	ἀγάπη	bondadoso	1	1corintios 13:4	1corintios 13:4	direct
skip	count too low	ἀγάπη	tiene el amor	1	1corintios 13:4	1corintios 13:4	expanded
skip	count too low	ἀγάπην	amor	1	1corintios 13:1	1corintios 13:1	direct
skip	count too low	ἀγάπην	pero	1	1corintios 13:2	1corintios 13:2	direct
skip	count too low	ἀγάπην	ser	1	1corintios 13:3	1corintios 13:3	direct
skip	count too low	ἀγάπην	el	1	1corintios 14:1	1corintios 14:1	direct
skip	count too low	ἀγάπῃ	amor	1	1cor 4:21	1cor 4:21	direct
skip	count too low	ἀγαπητὰ	amados	1	1cor 4:14	1cor 4:14	direct
skip	count too low	ἀγαπητὸν	amado	1	1cor 4:17	1cor 4:17	direct
skip	count too low	ἀγαπᾷ	ama	1	1corintios 8:3	1corintios 8:3	direct
skip	count too low	ἀγαπῶσιν	aman	1	1cor 2:9	1cor 2:9	direct
skip	count too low	ἀγγέλοις	los ángeles	1	1cor 4:9	1cor 4:9	expanded
skip	count too low	ἀγγέλους	a los ángeles	1	1cor 6:3	1cor 6:3	expanded
skip	count too low	ἀγγέλων	tengo	1	1corintios 13:1	1corintios 13:1	direct
skip	count too low	ἀγενῆ	vil	1	1cor 1:28	1cor 1:28	direct
skip	count too low	ἀγνοεῖ	no reconoce esto	1	1corintios 14:38	1corintios 14:38	expanded
skip	count too low	ἀγνοεῖν	hermanos	1	1corintios 10:1	1corintios 10:1	direct
skip	count too low	ἀγνοεῖται	él no es reconocido	1	1corintios 14:38	1corintios 14:38	expanded
skip	count too low	ἀγοράζοντες	que compran	1	1corintios 7:30	1corintios 7:30	expanded
skip	count too low	ἀδάπανον	ofrecerlo	1	1corintios 9:18	1corintios 9:18	direct
skip	count too low	ἀδίκων	incrédulos	1	1cor 6:1	1cor 6:1	expanded
skip	count too low	ἀδελφοί	que	1	1corintios 10:1	1corintios 10:1	direct
skip	count too low	ἀδελφοί	quiero	1	1corintios 12:1	1corintios 12:1	direct
skip	count too low	ἀδελφοί	tanto	1	1corintios 14:39	1corintios 14:39	direct
skip	count too low	ἀδελφοί	hermanos lo	1	1cor 4:6	1cor 4:6	expanded
skip	count too low	ἀδελφοί	la	1	1corintios 7:24	1corintios 7:24	direct
skip	count too low	ἀδελφούς	a sus propios hermanos	1	1cor 6:8	1cor 6:8	expanded
skip	count too low	ἀδελφοὶ	del	1	1corintios 9:5	1corintios 9:5	direct
skip	count too low	ἀδελφοὺς	hermanos	1	1corintios 8:12	1corintios 8:12	direct
skip	count too low	ἀδελφοῦ	hermanos	1	1cor 6:5	1cor 6:5	expanded
skip	count too low	ἀδελφοῦ	hermano	1	1cor 6:6	1cor 6:6	direct
skip	count too low	ἀδελφὴ	hermana	1	1cor 7:15	1cor 7:15	direct
skip	count too low	ἀδελφὴν	llevar	1	1corintios 9:5	1corintios 9:5	direct
skip	count too low	ἀδελφὸς	nuestro hermano	1	1cor 1:1	1cor 1:1	expanded
skip	count too low	ἀδελφὸς	quien	1	1corintios 8:11	1corintios 8:11	direct
skip	count too low	ἀδελφῷ	marido creyente	1	1cor 7:14	1cor 7:14	expanded
skip	count too low	ἀδικίᾳ	injusticia	1	1corintios 13:6	1corintios 13:6	direct
skip	count too low	ἀδικεῖσθε	sufren la injusticia	1	1cor 6:7	1cor 6:7	expanded
skip	count too low	ἀδικεῖτε	cometen injusticias	1	1cor 6:8	1cor 6:8	expanded
skip	count too low	ἀζύμοις	panes sin levadura	1	1cor 5:8	1cor 5:8	expanded
skip	count too low	ἀθετήσω	desecharé	1	1cor 1:19	1cor 1:19	direct
skip	count too low	ἀκάθαρτά	inmundos	1	1cor 7:14	1cor 7:14	direct
skip	count too low	ἀκατακάλυπτον	con	1	1corintios 11:13	1corintios 11:13	direct
skip	count too low	ἀκατακαλύπτῳ	mientras	1	1corintios 11:5	1corintios 11:5	direct
skip	count too low	ἀκαταστασίας	dios de confusión	1	1corintios 14:33	1corintios 14:33	expanded
skip	count too low	ἀκοή	del oído	1	1corintios 12:17	1corintios 12:17	expanded
skip	count too low	ἀκοή	fuera oído	1	1corintios 12:17	1corintios 12:17	expanded
skip	count too low	ἀκολουθούσης	espiritual	1	1corintios 10:4	1corintios 10:4	direct
skip	count too low	ἀκούει	lo entiende	1	1corintios 14:2	1corintios 14:2	expanded
skip	count too low	ἀκούεται	se oye que	1	1cor 5:1	1cor 5:1	expanded
skip	count too low	ἀκούω	reúnen	1	1corintios 11:18	1corintios 11:18	direct
skip	count too low	ἀκρασίαν	falta de dominio propio	1	1cor 7:5	1cor 7:5	expanded
skip	count too low	ἀκροβυστία	incircuncisión	1	1corintios 7:19	1corintios 7:19	direct
skip	count too low	ἀκροβυστίᾳ	incircuncidado	1	1corintios 7:18	1corintios 7:18	direct
skip	count too low	ἀλαλάζον	que retiñe	1	1corintios 13:1	1corintios 13:1	expanded
skip	count too low	ἀληθείας	de verdad	1	1cor 5:8	1cor 5:8	expanded
skip	count too low	ἀληθείᾳ	la verdad	1	1corintios 13:6	1corintios 13:6	expanded
skip	count too low	ἀλλʼ	no sino que digo que lo que los gentiles sacrifican lo sacrifican a los demonios y no a dios no quiero que ustedes sean partícipes con los demonios	1	1corintios 10:20	1corintios 10:20	expanded
skip	count too low	ἀλλʼ	sin embargo dios no se agradó de la mayor parte de ellos	1	1corintios 10:5	1corintios 10:5	expanded
skip	count too low	ἀλλʼ	pero el	1	1corintios 14:17	1corintios 14:17	expanded
skip	count too low	ἀλλʼ	en verdad	1	1cor 3:2	1cor 3:2	expanded
skip	count too low	ἀλλʼ	de hecho	1	1cor 4:3	1cor 4:3	expanded
skip	count too low	ἀλλʼ	pero no	1	1cor 4:4	1cor 4:4	expanded
skip	count too low	ἀλλʼ	te	1	1corintios 7:21	1corintios 7:21	direct
skip	count too low	ἀλλʼ	sino bajo la ley de cristo	1	1corintios 9:21	1corintios 9:21	expanded
skip	count too low	ἀλλήλους	otros	1	1corintios 11:33	1corintios 11:33	direct
skip	count too low	ἀλλήλους	el uno del otro	1	1cor 7:5	1cor 7:5	expanded
skip	count too low	ἀλλήλων	otros	1	1corintios 12:25	1corintios 12:25	direct
skip	count too low	ἀλλὰ	sino que con la tentación proveerá también la vía de escape a fin de que puedan resistirla	1	1corintios 10:13	1corintios 10:13	expanded
skip	count too low	ἀλλὰ	la mujer	1	1corintios 11:9	1corintios 11:9	expanded
skip	count too low	ἀλλὰ	muchos	1	1corintios 12:14	1corintios 12:14	expanded
skip	count too low	ἀλλὰ	por el	1	1corintios 12:22	1corintios 12:22	expanded
skip	count too low	ἀλλὰ	necesitan pero	1	1corintios 12:24	1corintios 12:24	expanded
skip	count too low	ἀλλὰ	sin embargo	1	1corintios 14:19	1corintios 14:19	expanded
skip	count too low	ἀλλὰ	manera de	1	1corintios 14:20	1corintios 14:20	expanded
skip	count too low	ἀλλὰ	los que creen sino	1	1corintios 14:22	1corintios 14:22	expanded
skip	count too low	ἀλλὰ	sino para	1	1corintios 14:22	1corintios 14:22	expanded
skip	count too low	ἀλλὰ	sino de	1	1corintios 14:33	1corintios 14:33	expanded
skip	count too low	ἀλλὰ	antes bien	1	1corintios 14:34	1corintios 14:34	expanded
skip	count too low	ἀλλὰ	por el contrario	1	1cor 6:8	1cor 6:8	expanded
skip	count too low	ἀλλὰ	honesto	1	1corintios 7:35	1corintios 7:35	direct
skip	count too low	ἀλλὰ	no obstante	1	1cor 7:7	1cor 7:7	expanded
skip	count too low	ἀλλὰ	que	1	1corintios 9:12	1corintios 9:12	direct
skip	count too low	ἀμήν	amén	1	1corintios 14:16	1corintios 14:16	direct
skip	count too low	ἀμερίμνους	libres	1	1corintios 7:32	1corintios 7:32	direct
skip	count too low	ἀνάγκη	pues estoy bajo el deber de hacerlo	1	1corintios 9:16	1corintios 9:16	expanded
skip	count too low	ἀνάγκην	es	1	1corintios 7:26	1corintios 7:26	direct
skip	count too low	ἀνάγκην	control	1	1corintios 7:37	1corintios 7:37	direct
skip	count too low	ἀνάθεμα	es	1	1corintios 12:3	1corintios 12:3	direct
skip	count too low	ἀνάξιοί	no son competentes	1	1cor 6:2	1cor 6:2	expanded
skip	count too low	ἀνέβη	han entrado	1	1cor 2:9	1cor 2:9	expanded
skip	count too low	ἀνήρ	es	1	1corintios 11:3	1corintios 11:3	direct
skip	count too low	ἀνήρ	hombre	1	1corintios 13:11	1corintios 13:11	direct
skip	count too low	ἀνήρ	marido	1	1cor 7:4	1cor 7:4	direct
skip	count too low	ἀναγκαῖά	más necesarios	1	1corintios 12:22	1corintios 12:22	expanded
skip	count too low	ἀνακρίνει	juzga	1	1cor 2:15	1cor 2:15	direct
skip	count too low	ἀνακρίνεται	será juzgado	1	1corintios 14:24	1corintios 14:24	expanded
skip	count too low	ἀνακρίνεται	son cosas que se disciernen	1	1cor 2:14	1cor 2:14	expanded
skip	count too low	ἀνακρίνεται	no es juzgado	1	1cor 2:15	1cor 2:15	expanded
skip	count too low	ἀνακρίνουσίν	me examinan	1	1corintios 9:3	1corintios 9:3	expanded
skip	count too low	ἀνακρίνω	me juzgo	1	1cor 4:3	1cor 4:3	expanded
skip	count too low	ἀνακρίνων	juzga	1	1cor 4:4	1cor 4:4	direct
skip	count too low	ἀνακριθῶ	sea juzgado	1	1cor 4:3	1cor 4:3	expanded
skip	count too low	ἀναμνήσει	recordará	1	1cor 4:17	1cor 4:17	direct
skip	count too low	ἀναξίως	indignamente	1	1corintios 11:27	1corintios 11:27	direct
skip	count too low	ἀναπληρῶν	que ocupa	1	1corintios 14:16	1corintios 14:16	expanded
skip	count too low	ἀνδρί	marido	1	1cor 7:3	1cor 7:3	direct
skip	count too low	ἀνδρί	su marido	1	1corintios 7:34	1corintios 7:34	expanded
skip	count too low	ἀνδρὶ	marido	1	1cor 7:11	1cor 7:11	direct
skip	count too low	ἀνδρὸς	mujer es	1	1corintios 11:11	1corintios 11:11	expanded
skip	count too low	ἀνδρὸς	hombre	1	1corintios 11:3	1corintios 11:3	direct
skip	count too low	ἀνδρὸς	al marido	1	1cor 7:10	1cor 7:10	expanded
skip	count too low	ἀνεγκλήτους	para que sean irreprensibles	1	1cor 1:8	1cor 1:8	expanded
skip	count too low	ἀνεχόμεθα	lo soportamos	1	1cor 4:12	1cor 4:12	expanded
skip	count too low	ἀνθρωπίνης	humana	1	1cor 2:13	1cor 2:13	direct
skip	count too low	ἀνθρωπίνης	humano	1	1cor 4:3	1cor 4:3	direct
skip	count too low	ἀνθρώποις	habla	1	1corintios 14:3	1corintios 14:3	direct
skip	count too low	ἀνθρώπου	un hombre	1	1cor 2:11	1cor 2:11	expanded
skip	count too low	ἀνθρώπου	hombre	1	1cor 2:11	1cor 2:11	direct
skip	count too low	ἀνθρώπου	del hombre	1	1cor 2:9	1cor 2:9	expanded
skip	count too low	ἀνθρώπους	los hombres	1	1cor 7:7	1cor 7:7	expanded
skip	count too low	ἀνθρώπων	humanas	1	1corintios 13:1	1corintios 13:1	direct
skip	count too low	ἀνθρώπων	entre los hombres	1	1cor 2:11	1cor 2:11	expanded
skip	count too low	ἀνθρώπῳ	para el hombre	1	1cor 7:1	1cor 7:1	expanded
skip	count too low	ἀνθρώπῳ	que el hombre	1	1corintios 7:26	1corintios 7:26	expanded
skip	count too low	ἀντιλήμψεις	administraciones	1	1corintios 12:28	1corintios 12:28	direct
skip	count too low	ἀντὶ	le	1	1corintios 11:15	1corintios 11:15	direct
skip	count too low	ἀνὰ	por turno	1	1corintios 14:27	1corintios 14:27	expanded
skip	count too low	ἀνὰ	entre	1	1cor 6:5	1cor 6:5	direct
skip	count too low	ἀνὴρ	del hombre	1	1corintios 11:11	1corintios 11:11	expanded
skip	count too low	ἀνὴρ	de	1	1corintios 11:12	1corintios 11:12	direct
skip	count too low	ἀνὴρ	hombre	1	1corintios 11:4	1corintios 11:4	direct
skip	count too low	ἀπέδειξεν	ha exhibido a	1	1cor 4:9	1cor 4:9	expanded
skip	count too low	ἀπέστειλέν	envió	1	1cor 1:17	1cor 1:17	direct
skip	count too low	ἀπίστοις	para los incrédulos	1	1corintios 14:22	1corintios 14:22	expanded
skip	count too low	ἀπίστων	incrédulos	1	1cor 6:6	1cor 6:6	direct
skip	count too low	ἀπαγγέλλων	en	1	1corintios 14:25	1corintios 14:25	direct
skip	count too low	ἀπεκάλυψεν	las reveló	1	1cor 2:10	1cor 2:10	expanded
skip	count too low	ἀπεκδεχομένους	esperando ansiosamente	1	1cor 1:7	1cor 1:7	expanded
skip	count too low	ἀπελεύθερος	hombre libre	1	1corintios 7:22	1corintios 7:22	expanded
skip	count too low	ἀπελούσασθε	fueron lavados	1	1cor 6:11	1cor 6:11	expanded
skip	count too low	ἀποδείξει	demostración	1	1cor 2:4	1cor 2:4	direct
skip	count too low	ἀποδιδότω	que cumpla	1	1cor 7:3	1cor 7:3	expanded
skip	count too low	ἀποκαλυφθῇ	le es revelado algo que	1	1corintios 14:30	1corintios 14:30	expanded
skip	count too low	ἀποκαλύπτεται	será revelada	1	1cor 3:13	1cor 3:13	expanded
skip	count too low	ἀποκαλύψει	revelación	1	1corintios 14:6	1corintios 14:6	direct
skip	count too low	ἀποκεκρυμμένην	oculta	1	1cor 2:7	1cor 2:7	direct
skip	count too low	ἀπολλυμένοις	que se pierden	1	1cor 1:18	1cor 1:18	expanded
skip	count too low	ἀπολλῶν	a apolos	1	1cor 4:6	1cor 4:6	expanded
skip	count too low	ἀπολογία	contra	1	1corintios 9:3	1corintios 9:3	direct
skip	count too low	ἀπολύτρωσις	redención	1	1cor 1:30	1cor 1:30	direct
skip	count too low	ἀπολῶ	destruiré	1	1cor 1:19	1cor 1:19	direct
skip	count too low	ἀποστερεῖσθε	ser defraudados	1	1cor 6:7	1cor 6:7	expanded
skip	count too low	ἀποστερεῖτε	defraudan	1	1cor 6:8	1cor 6:8	direct
skip	count too low	ἀποστερεῖτε	se priven	1	1cor 7:5	1cor 7:5	expanded
skip	count too low	ἀποστόλους	tercer	1	1corintios 12:28	1corintios 12:28	direct
skip	count too low	ἀποστόλους	apóstoles	1	1cor 4:9	1cor 4:9	direct
skip	count too low	ἀπρόσκοποι	no sean motivo de tropiezo ni a judíos ni a griegos ni a la iglesia de dios	1	1corintios 10:32	1corintios 10:32	expanded
skip	count too low	ἀπόλλυται	por	1	1corintios 8:11	1corintios 8:11	direct
skip	count too low	ἀπώλλυντο	serpientes	1	1corintios 10:9	1corintios 10:9	direct
skip	count too low	ἀπὸ	de la idolatría	1	1corintios 10:14	1corintios 10:14	expanded
skip	count too low	ἀπὸ	del	1	1corintios 11:23	1corintios 11:23	direct
skip	count too low	ἀπὸ	dejar	1	1cor 7:10	1cor 7:10	merged-forward
skip	count too low	ἀπὼν	aunque ausente	1	1cor 5:3	1cor 5:3	expanded
skip	count too low	ἀρθῇ	fuera expulsado	1	1cor 5:2	1cor 5:2	expanded
skip	count too low	ἀρσενοκοῖται	los homosexuales	1	1cor 6:9	1cor 6:9	expanded
skip	count too low	ἀρχιτέκτων	arquitecto	1	1cor 3:10	1cor 3:10	direct
skip	count too low	ἀσθενέσιν	débiles	1	1corintios 9:22	1corintios 9:22	direct
skip	count too low	ἀσθενέστερα	más débiles	1	1corintios 12:22	1corintios 12:22	expanded
skip	count too low	ἀσθενής	me	1	1corintios 9:22	1corintios 9:22	direct
skip	count too low	ἀσθενείᾳ	debilidad	1	1cor 2:3	1cor 2:3	direct
skip	count too low	ἀσθενεῖς	ustedes	1	1corintios 11:30	1corintios 11:30	direct
skip	count too low	ἀσθενεῖς	débiles	1	1cor 4:10	1cor 4:10	direct
skip	count too low	ἀσθενεῖς	los	1	1corintios 9:22	1corintios 9:22	direct
skip	count too low	ἀσθενὲς	debilidad	1	1cor 1:25	1cor 1:25	direct
skip	count too low	ἀσθενῆ	débil	1	1cor 1:27	1cor 1:27	direct
skip	count too low	ἀσθενῶν	se	1	1corintios 8:11	1corintios 8:11	direct
skip	count too low	ἀστατοῦμεν	no tenemos dónde vivir	1	1cor 4:11	1cor 4:11	expanded
skip	count too low	ἀσχήμονα	más íntimas	1	1corintios 12:23	1corintios 12:23	expanded
skip	count too low	ἀσχημονεῖ	se	1	1corintios 13:5	1corintios 13:5	direct
skip	count too low	ἀσχημονεῖν	no está obrando correctamente	1	1corintios 7:36	1corintios 7:36	expanded
skip	count too low	ἀτιμία	deshonra	1	1corintios 11:14	1corintios 11:14	direct
skip	count too low	ἀτιμότερα	menos honrosas	1	1corintios 12:23	1corintios 12:23	expanded
skip	count too low	ἀφʼ	la	1	1corintios 14:36	1corintios 14:36	direct
skip	count too low	ἀφιέναι	abandone	1	1cor 7:11	1cor 7:11	direct
skip	count too low	ἁγία	tanto	1	1corintios 7:34	1corintios 7:34	direct
skip	count too low	ἁγίοις	santos	1	1cor 1:2	1cor 1:2	direct
skip	count too low	ἁγίου	santo	1	1cor 6:19	1cor 6:19	direct
skip	count too low	ἁγιασμὸς	santificación	1	1cor 1:30	1cor 1:30	direct
skip	count too low	ἁμάρτημα	pecados	1	1cor 6:18	1cor 6:18	expanded
skip	count too low	ἁμαρτάνοντες	pecar	1	1corintios 8:12	1corintios 8:12	direct
skip	count too low	ἂν	seríamos	1	1corintios 11:31	1corintios 11:31	direct
skip	count too low	ἂν	cuando	1	1corintios 11:34	1corintios 11:34	direct
skip	count too low	ἂν	habrían	1	1cor 2:8	1cor 2:8	direct
skip	count too low	ἃ	partes	1	1corintios 12:23	1corintios 12:23	direct
skip	count too low	ἃ	que lo que	1	1corintios 14:37	1corintios 14:37	expanded
skip	count too low	ἃ	de lo cual	1	1cor 2:13	1cor 2:13	expanded
skip	count too low	ἃ	cosas que	1	1cor 2:9	1cor 2:9	expanded
skip	count too low	ἄγαμος	sin casar	1	1cor 7:11	1cor 7:11	expanded
skip	count too low	ἄγαμος	soltero se	1	1corintios 7:32	1corintios 7:32	expanded
skip	count too low	ἄγαμος	está casada	1	1corintios 7:34	1corintios 7:34	expanded
skip	count too low	ἄδηλον	da	1	1corintios 14:8	1corintios 14:8	direct
skip	count too low	ἄδικοι	los injustos	1	1cor 6:9	1cor 6:9	expanded
skip	count too low	ἄζυμοι	sin levadura	1	1cor 5:7	1cor 5:7	expanded
skip	count too low	ἄκαρπός	sin	1	1corintios 14:14	1corintios 14:14	direct
skip	count too low	ἄλλοι	juzguen	1	1corintios 14:29	1corintios 14:29	direct
skip	count too low	ἄλλοι	otros	1	1corintios 9:12	1corintios 9:12	direct
skip	count too low	ἄλλος	otro	1	1cor 3:10	1cor 3:10	direct
skip	count too low	ἄλλους	mil	1	1corintios 14:19	1corintios 14:19	direct
skip	count too low	ἄλλῳ	espíritu	1	1corintios 12:8	1corintios 12:8	direct
skip	count too low	ἄλλῳ	otro	1	1corintios 12:9	1corintios 12:9	direct
skip	count too low	ἄνδρα	el marido	1	1cor 7:11	1cor 7:11	expanded
skip	count too low	ἄνδρας	porque	1	1corintios 14:35	1corintios 14:35	direct
skip	count too low	ἄνερ	tú marido	1	1cor 7:16	1cor 7:16	expanded
skip	count too low	ἄνθρωποί	como hombres del mundo	1	1cor 3:4	1cor 3:4	expanded
skip	count too low	ἄνθρωπον	hombres del mundo	1	1cor 3:3	1cor 3:3	expanded
skip	count too low	ἄνθρωπος	cada	1	1corintios 11:28	1corintios 11:28	direct
skip	count too low	ἄνθρωπος	el hombre	1	1cor 2:14	1cor 2:14	expanded
skip	count too low	ἄνθρωπος	que todo hombre	1	1cor 4:1	1cor 4:1	expanded
skip	count too low	ἄνθρωπος	un hombre	1	1cor 6:18	1cor 6:18	expanded
skip	count too low	ἄπιστοι	son incrédulos	1	1corintios 14:23	1corintios 14:23	expanded
skip	count too low	ἄπιστον	que no es creyente	1	1cor 7:12	1cor 7:12	expanded
skip	count too low	ἄπιστον	no es creyente	1	1cor 7:13	1cor 7:13	expanded
skip	count too low	ἄπιστος	incrédulo o uno	1	1corintios 14:24	1corintios 14:24	expanded
skip	count too low	ἄπιστος	que no es creyente	1	1cor 7:15	1cor 7:15	expanded
skip	count too low	ἄρα	entonces	1	1cor 5:10	1cor 5:10	direct
skip	count too low	ἄρας	tomaré acaso	1	1cor 6:15	1cor 6:15	expanded
skip	count too low	ἄργυρον	plata	1	1cor 3:12	1cor 3:12	direct
skip	count too low	ἄρρωστοι	duermen	1	1corintios 11:30	1corintios 11:30	direct
skip	count too low	ἄρτι	vemos	1	1corintios 13:12	1corintios 13:12	direct
skip	count too low	ἄρτι	en	1	1corintios 13:12	1corintios 13:12	direct
skip	count too low	ἄρτι	presente	1	1cor 4:11	1cor 4:11	direct
skip	count too low	ἄρτι	ahora	1	1cor 4:13	1cor 4:13	direct
skip	count too low	ἄρτι	alimento	1	1corintios 8:7	1corintios 8:7	direct
skip	count too low	ἄρτου	coma	1	1corintios 11:28	1corintios 11:28	direct
skip	count too low	ἄτιμοι	sin honra	1	1cor 4:10	1cor 4:10	expanded
skip	count too low	ἄφωνον	de significado	1	1corintios 14:10	1corintios 14:10	expanded
skip	count too low	ἄχρι	que él	1	1corintios 11:26	1corintios 11:26	expanded
skip	count too low	ἄχρι	hasta	1	1cor 4:11	1cor 4:11	direct
skip	count too low	ἄψυχα	cosas inanimadas	1	1corintios 14:7	1corintios 14:7	expanded
skip	count too low	ἅγιά	santos	1	1cor 7:14	1cor 7:14	direct
skip	count too low	ἅγιοι	santos	1	1cor 6:2	1cor 6:2	direct
skip	count too low	ἅγιός	santo	1	1cor 3:17	1cor 3:17	direct
skip	count too low	ἅπτεσθαι	tocar	1	1cor 7:1	1cor 7:1	direct
skip	count too low	ἅρπαγες	los estafadores	1	1cor 6:10	1cor 6:10	expanded
skip	count too low	ἅρπαξ	estafador	1	1cor 5:11	1cor 5:11	direct
skip	count too low	ἅρπαξιν	estafadores	1	1cor 5:10	1cor 5:10	direct
skip	count too low	ἐάν	que	1	1cor 5:11	1cor 5:11	expanded
skip	count too low	ἐβαπτίσαντο	la	1	1corintios 10:2	1corintios 10:2	direct
skip	count too low	ἐβαπτίσθημεν	judíos	1	1corintios 12:13	1corintios 12:13	direct
skip	count too low	ἐβασιλεύσατε	han llegado a reinar	1	1cor 4:8	1cor 4:8	expanded
skip	count too low	ἐβασιλεύσατε	hubieran llegado a reinar	1	1cor 4:8	1cor 4:8	expanded
skip	count too low	ἐβεβαιώθη	fue confirmado	1	1cor 1:6	1cor 1:6	direct
skip	count too low	ἐγέννησα	engendré	1	1cor 4:15	1cor 4:15	direct
skip	count too low	ἐγενήθη	se hizo	1	1cor 1:30	1cor 1:30	expanded
skip	count too low	ἐγενόμην	a	1	1corintios 9:22	1corintios 9:22	direct
skip	count too low	ἐγκρατεύονται	carecen de dominio propio	1	1cor 7:9	1cor 7:9	expanded
skip	count too low	ἐγνωκέναι	sabe	1	1cor 8:2	1cor 8:2	direct
skip	count too low	ἐγράφη	y	1	1corintios 10:11	1corintios 10:11	direct
skip	count too low	ἐγράψατε	me escribieron	1	1cor 7:1	1cor 7:1	expanded
skip	count too low	ἐγώ	yo	1	1cor 7:12	1cor 7:12	direct
skip	count too low	ἐγὼ	yo soy	1	1cor 3:4	1cor 3:4	expanded
skip	count too low	ἐγὼ	y	1	1corintios 7:28	1corintios 7:28	direct
skip	count too low	ἐγὼ	pero yo de nada de esto me he aprovechado	1	1corintios 9:15	1corintios 9:15	expanded
skip	count too low	ἐγὼ	por tanto yo de esta manera corro	1	1corintios 9:26	1corintios 9:26	expanded
skip	count too low	ἐδηλώθη	he sido informado	1	1cor 1:11	1cor 1:11	expanded
skip	count too low	ἐδικαιώθητε	fueron justificados	1	1cor 6:11	1cor 6:11	expanded
skip	count too low	ἐδύνασθε	podían recibirlo	1	1cor 3:2	1cor 3:2	expanded
skip	count too low	ἐκ	una	1	1corintios 10:4	1corintios 10:4	direct
skip	count too low	ἐκ	procede	1	1corintios 11:12	1corintios 11:12	direct
skip	count too low	ἐκ	y	1	1corintios 11:28	1corintios 11:28	direct
skip	count too low	ἐκ	beba	1	1corintios 11:28	1corintios 11:28	direct
skip	count too low	ἐκ	de la	1	1corintios 11:8	1corintios 11:8	expanded
skip	count too low	ἐκ	de él	1	1corintios 12:27	1corintios 12:27	expanded
skip	count too low	ἐκ	se	1	1corintios 13:10	1corintios 13:10	direct
skip	count too low	ἐκ	pero	1	1corintios 13:12	1corintios 13:12	direct
skip	count too low	ἐκ	porque	1	1corintios 13:9	1corintios 13:9	direct
skip	count too low	ἐκ	viene de	1	1cor 2:12	1cor 2:12	expanded
skip	count too low	ἐκ	salirse	1	1cor 5:10	1cor 5:10	expanded
skip	count too low	ἐκ	vivan	1	1corintios 9:14	1corintios 9:14	direct
skip	count too low	ἐκ	de todos	1	1corintios 9:19	1corintios 9:19	expanded
skip	count too low	ἐκάθισεν	el pueblo se sentó a comer y a beber y se levantó a jugar	1	1corintios 10:7	1corintios 10:7	expanded
skip	count too low	ἐκδέχεσθε	espérense unos a	1	1corintios 11:33	1corintios 11:33	expanded
skip	count too low	ἐκείνοις	ejemplo	1	1corintios 10:11	1corintios 10:11	direct
skip	count too low	ἐκεῖνοι	ellos lo hacen para recibir una corona corruptible pero nosotros una incorruptible	1	1corintios 9:25	1corintios 9:25	expanded
skip	count too low	ἐκκαθάρατε	limpien	1	1cor 5:7	1cor 5:7	direct
skip	count too low	ἐκκλησία	la	1	1corintios 14:23	1corintios 14:23	direct
skip	count too low	ἐκκλησία	edificación	1	1corintios 14:5	1corintios 14:5	direct
skip	count too low	ἐκκλησίαι	iglesias	1	1corintios 11:16	1corintios 11:16	direct
skip	count too low	ἐκκλησίαις	todas	1	1corintios 7:17	1corintios 7:17	direct
skip	count too low	ἐκκλησίαν	la iglesia	1	1corintios 14:4	1corintios 14:4	expanded
skip	count too low	ἐκκλησίας	y	1	1corintios 11:22	1corintios 11:22	direct
skip	count too low	ἐκκλησίας	para	1	1corintios 14:12	1corintios 14:12	direct
skip	count too low	ἐκκλησίᾳ	se	1	1corintios 11:18	1corintios 11:18	direct
skip	count too low	ἐκκλησίᾳ	profetas	1	1corintios 12:28	1corintios 12:28	direct
skip	count too low	ἐκκλησίᾳ	prefiero	1	1corintios 14:19	1corintios 14:19	direct
skip	count too low	ἐκκλησίᾳ	la	1	1corintios 14:28	1corintios 14:28	direct
skip	count too low	ἐκκλησίᾳ	la iglesia	1	1corintios 14:35	1corintios 14:35	expanded
skip	count too low	ἐκλήθη	llamado	1	1corintios 7:20	1corintios 7:20	direct
skip	count too low	ἐκλήθη	en	1	1corintios 7:24	1corintios 7:24	direct
skip	count too low	ἐκλήθη;	fue llamado circuncidado fue llamado	1	1corintios 7:18	1corintios 7:18	expanded
skip	count too low	ἐκλήθης;	llamado	1	1corintios 7:21	1corintios 7:21	direct
skip	count too low	ἐκλήθητε	fueron llamados	1	1cor 1:9	1cor 1:9	direct
skip	count too low	ἐκπειράζωμεν	provoquemos	1	1corintios 10:9	1corintios 10:9	direct
skip	count too low	ἐκρινόμεθα	juzgados	1	1corintios 11:31	1corintios 11:31	direct
skip	count too low	ἐκτίσθη	fue creado	1	1corintios 11:9	1corintios 11:9	expanded
skip	count too low	ἐκτὸς	de	1	1corintios 14:5	1corintios 14:5	direct
skip	count too low	ἐκτὸς	fuera	1	1cor 6:18	1cor 6:18	direct
skip	count too low	ἐλάβομεν	hemos recibido	1	1cor 2:12	1cor 2:12	expanded
skip	count too low	ἐλάλουν	niño	1	1corintios 13:11	1corintios 13:11	direct
skip	count too low	ἐλάχιστόν	poca importancia	1	1cor 4:3	1cor 4:3	expanded
skip	count too low	ἐλέγχεται	será convencido	1	1corintios 14:24	1corintios 14:24	expanded
skip	count too low	ἐλαχίστων	más sencillos	1	1cor 6:2	1cor 6:2	expanded
skip	count too low	ἐλευθέρα	está en libertad	1	1corintios 7:39	1corintios 7:39	expanded
skip	count too low	ἐλεύθεροι	todos	1	1corintios 12:13	1corintios 12:13	direct
skip	count too low	ἐλεύθερος	obtener	1	1corintios 7:21	1corintios 7:21	direct
skip	count too low	ἐλεύθερος	siendo libre	1	1corintios 7:22	1corintios 7:22	expanded
skip	count too low	ἐλεύθερος	libre	1	1corintios 9:1	1corintios 9:1	direct
skip	count too low	ἐλεύθερος	porque aunque soy libre	1	1corintios 9:19	1corintios 9:19	expanded
skip	count too low	ἐλεύσομαι	iré	1	1cor 4:19	1cor 4:19	direct
skip	count too low	ἐλθὼν	cuando fui	1	1cor 2:1	1cor 2:1	expanded
skip	count too low	ἐλογιζόμην	niño	1	1corintios 13:11	1corintios 13:11	direct
skip	count too low	ἐλπίζει	espera	1	1corintios 13:7	1corintios 13:7	direct
skip	count too low	ἐλπίς	la	1	1corintios 13:13	1corintios 13:13	direct
skip	count too low	ἐμέρισεν	el	1	1corintios 7:17	1corintios 7:17	direct
skip	count too low	ἐμαυτόν	yo	1	1cor 7:7	1cor 7:7	direct
skip	count too low	ἐμαυτὸν	a mí mismo	1	1cor 4:3	1cor 4:3	expanded
skip	count too low	ἐμαυτὸν	mí mismo	1	1cor 4:6	1cor 4:6	expanded
skip	count too low	ἐμαυτῷ	en contra mía	1	1cor 4:4	1cor 4:4	expanded
skip	count too low	ἐμοὶ	en cuanto a mí	1	1cor 4:3	1cor 4:3	expanded
skip	count too low	ἐμοῦ	yo	1	1cor 5:4	1cor 5:4	direct
skip	count too low	ἐμώρανεν	ha hecho que sea necedad	1	1cor 1:20	1cor 1:20	expanded
skip	count too low	ἐμὲ	que	1	1corintios 9:3	1corintios 9:3	direct
skip	count too low	ἐμὴ	defensa	1	1corintios 9:3	1corintios 9:3	direct
skip	count too low	ἐμὸν	mi	1	1cor 1:15	1cor 1:15	direct
skip	count too low	ἐν	nube y en	1	1corintios 10:2	1corintios 10:2	expanded
skip	count too low	ἐν	eso quedaron tendidos	1	1corintios 10:5	1corintios 10:5	expanded
skip	count too low	ἐν	independiente de	1	1corintios 11:11	1corintios 11:11	expanded
skip	count too low	ἐν	juzguen ustedes mismos	1	1corintios 11:13	1corintios 11:13	expanded
skip	count too low	ἐν	oigo que cuando	1	1corintios 11:18	1corintios 11:18	expanded
skip	count too low	ἐν	iglesia hay divisiones	1	1corintios 11:18	1corintios 11:18	expanded
skip	count too low	ἐν	ustedes haya bandos	1	1corintios 11:19	1corintios 11:19	expanded
skip	count too low	ἐν	su propia cena	1	1corintios 11:21	1corintios 11:21	expanded
skip	count too low	ἐν	muchos débiles y	1	1corintios 11:30	1corintios 11:30	expanded
skip	count too low	ἐν	tiene hambre coma	1	1corintios 11:34	1corintios 11:34	expanded
skip	count too low	ἐν	mismo espíritu todos	1	1corintios 12:13	1corintios 12:13	expanded
skip	count too low	ἐν	primeramente apóstoles en	1	1corintios 12:28	1corintios 12:28	expanded
skip	count too low	ἐν	que nadie hablando	1	1corintios 12:3	1corintios 12:3	expanded
skip	count too low	ἐν	el espíritu santo	1	1corintios 12:3	1corintios 12:3	expanded
skip	count too low	ἐν	las cosas en	1	1corintios 12:6	1corintios 12:6	expanded
skip	count too low	ἐν	fe por el	1	1corintios 12:9	1corintios 12:9	expanded
skip	count too low	ἐν	sanidad por el	1	1corintios 12:9	1corintios 12:9	expanded
skip	count too low	ἐν	espejo veladamente pero	1	1corintios 13:12	1corintios 13:12	expanded
skip	count too low	ἐν	para mí	1	1corintios 14:11	1corintios 14:11	expanded
skip	count too low	ἐν	en la iglesia	1	1corintios 14:19	1corintios 14:19	expanded
skip	count too low	ἐν	en la ley	1	1corintios 14:21	1corintios 14:21	expanded
skip	count too low	ἐν	de lenguas extrañas	1	1corintios 14:21	1corintios 14:21	expanded
skip	count too low	ἐν	de extraños hablaré	1	1corintios 14:21	1corintios 14:21	expanded
skip	count too low	ἐν	ustedes	1	1corintios 14:25	1corintios 14:25	expanded
skip	count too low	ἐν	guarde silencio en	1	1corintios 14:28	1corintios 14:28	expanded
skip	count too low	ἐν	en todas las	1	1corintios 14:33	1corintios 14:33	expanded
skip	count too low	ἐν	guarden silencio en	1	1corintios 14:34	1corintios 14:34	expanded
skip	count too low	ἐν	a sus propios	1	1corintios 14:35	1corintios 14:35	expanded
skip	count too low	ἐν	mujer hable en	1	1corintios 14:35	1corintios 14:35	expanded
skip	count too low	ἐν	recibieron en el	1	1corintios 15:1	1corintios 15:1	expanded
skip	count too low	ἐν	mucho	1	1cor 2:3	1cor 2:3	expanded
skip	count too low	ἐν	según	1	1cor 3:18	1cor 3:18	expanded
skip	count too low	ἐν	que está en	1	1cor 6:19	1cor 6:19	expanded
skip	count too low	ἐν	para vivir en	1	1cor 7:15	1cor 7:15	expanded
skip	count too low	ἐν	ande esto ordeno	1	1corintios 7:17	1corintios 7:17	expanded
skip	count too low	ἐν	estando	1	1corintios 7:18	1corintios 7:18	direct
skip	count too low	ἐν	permanezca en la	1	1corintios 7:20	1corintios 7:20	expanded
skip	count too low	ἐν	por el señor	1	1corintios 7:22	1corintios 7:22	expanded
skip	count too low	ἐν	uno permanezca con	1	1corintios 7:24	1corintios 7:24	expanded
skip	count too low	ἐν	condición en que	1	1corintios 7:24	1corintios 7:24	expanded
skip	count too low	ἐν	firme en su	1	1corintios 7:37	1corintios 7:37	expanded
skip	count too low	ἐν	virgen a su	1	1corintios 7:37	1corintios 7:37	expanded
skip	count too low	ἐν	que sea	1	1corintios 7:39	1corintios 7:39	expanded
skip	count too low	ἐν	perderá el que	1	1corintios 8:11	1corintios 8:11	expanded
skip	count too low	ἐν	en el cielo	1	1corintios 8:5	1corintios 8:5	expanded
skip	count too low	ἐν	todos tienen este	1	1corintios 8:7	1corintios 8:7	expanded
skip	count too low	ἐν	en el señor	1	1corintios 9:1	1corintios 9:1	expanded
skip	count too low	ἐν	evangelio	1	1corintios 9:18	1corintios 9:18	expanded
skip	count too low	ἐν	que corren en	1	1corintios 9:24	1corintios 9:24	expanded
skip	count too low	ἐν	pues en la ley de moisés está escrito no pondrás bozal al buey cuando trilla acaso le preocupan a dios los bueyes	1	1corintios 9:9	1corintios 9:9	expanded
skip	count too low	ἐνεργήματα	poder de	1	1corintios 12:10	1corintios 12:10	expanded
skip	count too low	ἐνεργεῖ	las	1	1corintios 12:11	1corintios 12:11	direct
skip	count too low	ἐνεργημάτων	de	1	1corintios 12:6	1corintios 12:6	direct
skip	count too low	ἐνεργῶν	que	1	1corintios 12:6	1corintios 12:6	direct
skip	count too low	ἐνεστῶσαν	aflicción	1	1corintios 7:26	1corintios 7:26	direct
skip	count too low	ἐνεστῶτα	lo presente	1	1cor 3:22	1cor 3:22	expanded
skip	count too low	ἐντολῶν	los mandamientos	1	1corintios 7:19	1corintios 7:19	expanded
skip	count too low	ἐντρέπων	para avergonzarlos	1	1cor 4:14	1cor 4:14	expanded
skip	count too low	ἐντροπὴν	vergüenza	1	1cor 6:5	1cor 6:5	direct
skip	count too low	ἐνώπιον	delante	1	1cor 1:29	1cor 1:29	direct
skip	count too low	ἐξ	por obra	1	1cor 1:30	1cor 1:30	expanded
skip	count too low	ἐξ	del	1	1corintios 11:8	1corintios 11:8	direct
skip	count too low	ἐξ	de entre	1	1cor 5:13	1cor 5:13	expanded
skip	count too low	ἐξ	de quien proceden todas las cosas	1	1corintios 8:6	1corintios 8:6	expanded
skip	count too low	ἐξάρατε	expulsen	1	1cor 5:13	1cor 5:13	direct
skip	count too low	ἐξαπατάτω	se engañe	1	1cor 3:18	1cor 3:18	expanded
skip	count too low	ἐξεγερεῖ	resucitará	1	1cor 6:14	1cor 6:14	direct
skip	count too low	ἐξελθεῖν	que	1	1cor 5:10	1cor 5:10	expanded
skip	count too low	ἐξουθενημένα	despreciado	1	1cor 1:28	1cor 1:28	direct
skip	count too low	ἐξουθενημένους	nada son	1	1cor 6:4	1cor 6:4	expanded
skip	count too low	ἐξουσίαν	autoridad	1	1corintios 11:10	1corintios 11:10	direct
skip	count too low	ἐξουσίαν	sobre	1	1corintios 7:37	1corintios 7:37	direct
skip	count too low	ἐξουσίᾳ	derecho	1	1corintios 9:12	1corintios 9:12	direct
skip	count too low	ἐξουσίᾳ	predicador	1	1corintios 9:18	1corintios 9:18	direct
skip	count too low	ἐξουσιασθήσομαι	me dejaré dominar	1	1cor 6:12	1cor 6:12	expanded
skip	count too low	ἐξῆλθεν	ustedes	1	1corintios 14:36	1corintios 14:36	direct
skip	count too low	ἐπαινέσω	alabaré	1	1corintios 11:22	1corintios 11:22	direct
skip	count too low	ἐπαινῶ	los	1	1corintios 11:22	1corintios 11:22	direct
skip	count too low	ἐπείρασαν	provocaron	1	1corintios 10:9	1corintios 10:9	direct
skip	count too low	ἐπειδὴ	ya que	1	1cor 1:21	1cor 1:21	expanded
skip	count too low	ἐπειδὴ	porque	1	1cor 1:22	1cor 1:22	direct
skip	count too low	ἐπειδὴ	puesto que	1	1corintios 14:16	1corintios 14:16	expanded
skip	count too low	ἐπενθήσατε	haberse entristecido	1	1cor 5:2	1cor 5:2	expanded
skip	count too low	ἐπερωτάτωσαν	pregunten	1	1corintios 14:35	1corintios 14:35	direct
skip	count too low	ἐπεὶ	que	1	1corintios 14:12	1corintios 14:12	direct
skip	count too low	ἐπεὶ	porque	1	1cor 5:10	1cor 5:10	direct
skip	count too low	ἐπιβάλω	es	1	1corintios 7:35	1corintios 7:35	direct
skip	count too low	ἐπιγινωσκέτω	reconozca	1	1corintios 14:37	1corintios 14:37	direct
skip	count too low	ἐπιγνώσομαι	he	1	1corintios 13:12	1corintios 13:12	direct
skip	count too low	ἐπιθανατίους	sentenciados a muerte	1	1cor 4:9	1cor 4:9	expanded
skip	count too low	ἐπικαλουμένοις	que invocan	1	1cor 1:2	1cor 1:2	expanded
skip	count too low	ἐπισπάσθω	quédese	1	1corintios 7:18	1corintios 7:18	direct
skip	count too low	ἐπιστεύσατε	ustedes han creído	1	1cor 3:5	1cor 3:5	expanded
skip	count too low	ἐπιστολῇ	carta	1	1cor 5:9	1cor 5:9	direct
skip	count too low	ἐπιταγήν	una orden	1	1cor 7:6	1cor 7:6	expanded
skip	count too low	ἐπιταγὴν	no	1	1corintios 7:25	1corintios 7:25	direct
skip	count too low	ἐπιτρέπεται	es	1	1corintios 14:34	1corintios 14:34	direct
skip	count too low	ἐπλουτήσατε	se han hecho ricos ya	1	1cor 4:8	1cor 4:8	expanded
skip	count too low	ἐπλουτίσθητε	ustedes fueron enriquecidos	1	1cor 1:5	1cor 1:5	expanded
skip	count too low	ἐποικοδομεῖ	edifica sobre él	1	1cor 3:10	1cor 3:10	expanded
skip	count too low	ἐποικοδομεῖ	edifica encima	1	1cor 3:10	1cor 3:10	expanded
skip	count too low	ἐποικοδομεῖ	edifica	1	1cor 3:12	1cor 3:12	direct
skip	count too low	ἐποικοδόμησεν	ha edificado sobre el fundamento	1	1cor 3:14	1cor 3:14	expanded
skip	count too low	ἐποτίσθημεν	dio a beber del	1	1corintios 12:13	1corintios 12:13	expanded
skip	count too low	ἐπόρνευσαν	y	1	1corintios 10:8	1corintios 10:8	direct
skip	count too low	ἐπότισα	di a beber	1	1cor 3:2	1cor 3:2	expanded
skip	count too low	ἐπότισεν	regó	1	1cor 3:6	1cor 3:6	direct
skip	count too low	ἐπὶ	por	1	1cor 1:4	1cor 1:4	direct
skip	count too low	ἐπὶ	la cabeza por	1	1corintios 11:10	1corintios 11:10	expanded
skip	count too low	ἐπὶ	esto ya	1	1corintios 11:20	1corintios 11:20	expanded
skip	count too low	ἐπὶ	no se regocija	1	1corintios 13:6	1corintios 13:6	expanded
skip	count too low	ἐπὶ	se reúne y	1	1corintios 14:23	1corintios 14:23	expanded
skip	count too low	ἐπὶ	postrará y adorará	1	1corintios 14:25	1corintios 14:25	expanded
skip	count too low	ἐπὶ	al	1	1cor 2:9	1cor 2:9	expanded
skip	count too low	ἐπὶ	sobre	1	1cor 3:12	1cor 3:12	direct
skip	count too low	ἐπὶ	con respecto a	1	1corintios 7:36	1corintios 7:36	expanded
skip	count too low	ἐπὶ	la tierra como	1	1corintios 8:5	1corintios 8:5	expanded
skip	count too low	ἐρήμῳ	desierto	1	1corintios 10:5	1corintios 10:5	direct
skip	count too low	ἐραυνᾷ	lo escudriña	1	1cor 2:10	1cor 2:10	expanded
skip	count too low	ἐργαζόμενοι	trabajando	1	1cor 4:12	1cor 4:12	direct
skip	count too low	ἐροῦσιν	dirán	1	1corintios 14:23	1corintios 14:23	direct
skip	count too low	ἐρχομένου	hubiera de ir	1	1cor 4:18	1cor 4:18	expanded
skip	count too low	ἐσθίει	come	1	1corintios 11:29	1corintios 11:29	direct
skip	count too low	ἐσθίειν	o	1	1corintios 11:22	1corintios 11:22	direct
skip	count too low	ἐσθίητε	coman	1	1corintios 11:26	1corintios 11:26	direct
skip	count too low	ἐσθίοντες	comen	1	1corintios 10:18	1corintios 10:18	direct
skip	count too low	ἐσθίων	que	1	1corintios 11:29	1corintios 11:29	direct
skip	count too low	ἐσθίῃ	el que coma	1	1corintios 11:27	1corintios 11:27	expanded
skip	count too low	ἐσθιέτω	del	1	1corintios 11:28	1corintios 11:28	direct
skip	count too low	ἐσθιέτω	su	1	1corintios 11:34	1corintios 11:34	direct
skip	count too low	ἐσμεν	somos	1	1cor 3:9	1cor 3:9	direct
skip	count too low	ἐστέ	están	1	1cor 4:8	1cor 4:8	direct
skip	count too low	ἐστίν	mandamiento	1	1corintios 14:37	1corintios 14:37	direct
skip	count too low	ἐστίν	son	1	1cor 2:14	1cor 2:14	direct
skip	count too low	ἐστίν	sido	1	1corintios 7:29	1corintios 7:29	direct
skip	count too low	ἐσταυρώθη	fue crucificado	1	1cor 1:13	1cor 1:13	expanded
skip	count too low	ἐσταύρωσαν	crucificado	1	1cor 2:8	1cor 2:8	direct
skip	count too low	ἐστε	están	1	1cor 1:30	1cor 1:30	direct
skip	count too low	ἐστε	dones	1	1corintios 14:12	1corintios 14:12	direct
skip	count too low	ἐστε	y ustedes son	1	1cor 3:9	1cor 3:9	expanded
skip	count too low	ἐστε	lo son en realidad	1	1cor 5:7	1cor 5:7	expanded
skip	count too low	ἐστε	obra	1	1corintios 9:1	1corintios 9:1	direct
skip	count too low	ἐστιν	le es	1	1corintios 11:15	1corintios 11:15	expanded
skip	count too low	ἐστιν	hace	1	1corintios 11:5	1corintios 11:5	direct
skip	count too low	ἐστιν	es la	1	1corintios 11:7	1corintios 11:7	expanded
skip	count too low	ἐστιν	procede	1	1corintios 11:8	1corintios 11:8	direct
skip	count too low	ἐστιν	constituyen	1	1corintios 12:12	1corintios 12:12	direct
skip	count too low	ἐστιν	son los	1	1corintios 12:22	1corintios 12:22	expanded
skip	count too low	ἐστιν	fruto	1	1corintios 14:14	1corintios 14:14	direct
skip	count too low	ἐστιν	oraré	1	1corintios 14:15	1corintios 14:15	direct
skip	count too low	ἐστιν	que hacer	1	1corintios 14:26	1corintios 14:26	expanded
skip	count too low	ἐστιν	correcto	1	1corintios 14:35	1corintios 14:35	direct
skip	count too low	ἐστιν	es con ella	1	1cor 6:16	1cor 6:16	expanded
skip	count too low	ἐστιν	es con él	1	1cor 6:17	1cor 6:17	expanded
skip	count too low	ἐστιν	están	1	1cor 6:18	1cor 6:18	direct
skip	count too low	ἐστιν	serían	1	1cor 7:14	1cor 7:14	direct
skip	count too low	ἐστιν	será	1	1corintios 7:40	1corintios 7:40	direct
skip	count too low	ἐστιν	mi	1	1corintios 9:18	1corintios 9:18	direct
skip	count too low	ἐστὲ	se pertenecen	1	1cor 6:19	1cor 6:19	expanded
skip	count too low	ἐστὶν	mujer	1	1corintios 11:13	1corintios 11:13	direct
skip	count too low	ἐσχάτους	en último lugar	1	1cor 4:9	1cor 4:9	expanded
skip	count too low	ἐσόπτρου	un	1	1corintios 13:12	1corintios 13:12	direct
skip	count too low	ἐτύθη	ha sido sacrificado	1	1cor 5:7	1cor 5:7	expanded
skip	count too low	ἐφρόνουν	niño	1	1corintios 13:11	1corintios 13:11	direct
skip	count too low	ἐφυσιώθησάν	se han vuelto arrogantes	1	1cor 4:18	1cor 4:18	expanded
skip	count too low	ἐφύτευσα	planté	1	1cor 3:6	1cor 3:6	direct
skip	count too low	ἐχρησάμεθα	hemos	1	1corintios 9:12	1corintios 9:12	direct
skip	count too low	ἐὰν	pero si alguien les dice esto ha sido sacrificado a los ídolos no lo coman por causa del que se lo dijo y por motivos de conciencia porque del señor es la tierra y todo lo que en ella hay	1	1corintios 10:28	1corintios 10:28	expanded
skip	count too low	ἐὰν	que si	1	1corintios 11:15	1corintios 11:15	expanded
skip	count too low	ἐὰν	que	1	1corintios 11:26	1corintios 11:26	direct
skip	count too low	ἐὰν	el	1	1corintios 12:16	1corintios 12:16	direct
skip	count too low	ἐὰν	tuviera	1	1corintios 13:2	1corintios 13:2	direct
skip	count too low	ἐὰν	diera	1	1corintios 13:3	1corintios 13:3	direct
skip	count too low	ἐὰν	pues si	1	1corintios 14:11	1corintios 14:11	expanded
skip	count too low	ἐὰν	porque	1	1corintios 14:14	1corintios 14:14	direct
skip	count too low	ἐὰν	por	1	1corintios 14:23	1corintios 14:23	direct
skip	count too low	ἐὰν	menos de que	1	1corintios 14:6	1corintios 14:6	expanded
skip	count too low	ἐὰν	trompeta	1	1corintios 14:8	1corintios 14:8	direct
skip	count too low	ἐὰν	boca	1	1corintios 14:9	1corintios 14:9	direct
skip	count too low	ἐὰν	aunque ustedes	1	1cor 4:15	1cor 4:15	expanded
skip	count too low	ἐὰν	y si	1	1corintios 7:28	1corintios 7:28	expanded
skip	count too low	ἐὰν	una	1	1corintios 7:28	1corintios 7:28	direct
skip	count too low	ἐὰν	porque si alguien te ve a ti que tienes conocimiento sentado a la mesa en un templo de ídolos no será estimulada su conciencia si él es débil a comer lo sacrificado a los ídolos	1	1corintios 8:10	1corintios 8:10	expanded
skip	count too low	ἐὰν	porque si predico el evangelio	1	1corintios 9:16	1corintios 9:16	expanded
skip	count too low	ἐὰν⸅	tuviera	1	1corintios 13:2	1corintios 13:2	direct
skip	count too low	ἐὰν⸅	comer	1	1corintios 13:3	1corintios 13:3	direct
skip	count too low	ἑαυτοὺς	nosotros mismos	1	1corintios 11:31	1corintios 11:31	expanded
skip	count too low	ἑαυτοῦ	propia	1	1cor 7:2	1cor 7:2	direct
skip	count too low	ἑαυτόν	uno	1	1corintios 11:28	1corintios 11:28	direct
skip	count too low	ἑαυτῆς	busca lo suyo	1	1corintios 13:5	1corintios 13:5	expanded
skip	count too low	ἑαυτῶν	ustedes a sí mismos	1	1cor 6:19	1cor 6:19	expanded
skip	count too low	ἑαυτῶν	sí	1	1cor 6:7	1cor 6:7	direct
skip	count too low	ἑαυτῷ	para sí	1	1corintios 11:29	1corintios 11:29	expanded
skip	count too low	ἑαυτῷ	iglesia	1	1corintios 14:28	1corintios 14:28	direct
skip	count too low	ἑδραῖος	alguna	1	1corintios 7:37	1corintios 7:37	direct
skip	count too low	ἑκάστη	cada una	1	1cor 7:2	1cor 7:2	expanded
skip	count too low	ἑκάστῳ	esto	1	1corintios 7:17	1corintios 7:17	direct
skip	count too low	ἑκὼν	hago esto voluntariamente	1	1corintios 9:17	1corintios 9:17	expanded
skip	count too low	ἑνὶ	fuimos	1	1corintios 12:13	1corintios 12:13	direct
skip	count too low	ἑνὶ	espíritu	1	1corintios 12:9	1corintios 12:9	direct
skip	count too low	ἑνὸς	uno	1	1cor 4:6	1cor 4:6	direct
skip	count too low	ἑορτάζωμεν	celebremos la fiesta	1	1cor 5:8	1cor 5:8	expanded
skip	count too low	ἑρμηνεία	interpretación	1	1corintios 12:10	1corintios 12:10	direct
skip	count too low	ἑρμηνείαν	interpretación	1	1corintios 14:26	1corintios 14:26	direct
skip	count too low	ἑστήκατε	firmes	1	1corintios 15:1	1corintios 15:1	direct
skip	count too low	ἑτέρου	otro	1	1cor 4:6	1cor 4:6	direct
skip	count too low	ἑτέρων	este	1	1corintios 14:21	1corintios 14:21	direct
skip	count too low	ἑτέρῳ	a otro	1	1corintios 12:10	1corintios 12:10	expanded
skip	count too low	ἑτέρῳ	a	1	1corintios 12:9	1corintios 12:9	direct
skip	count too low	ἑτερογλώσσοις	y	1	1corintios 14:21	1corintios 14:21	direct
skip	count too low	ἑόρακα	nuestro	1	1corintios 9:1	1corintios 9:1	direct
skip	count too low	ἓν	se	1	1corintios 11:5	1corintios 11:5	direct
skip	count too low	ἓν	uno	1	1corintios 12:11	1corintios 12:11	direct
skip	count too low	ἓν	cuerpo	1	1corintios 12:13	1corintios 12:13	direct
skip	count too low	ἓν	mismo espíritu	1	1corintios 12:13	1corintios 12:13	expanded
skip	count too low	ἓν	de	1	1corintios 12:18	1corintios 12:18	direct
skip	count too low	ἓν	pero	1	1corintios 12:20	1corintios 12:20	direct
skip	count too low	ἓν	todos	1	1corintios 12:26	1corintios 12:26	direct
skip	count too low	ἔγνω	conoció	1	1cor 1:21	1cor 1:21	direct
skip	count too low	ἔγνω	ha conocido	1	1cor 2:16	1cor 2:16	expanded
skip	count too low	ἔγνω	ha aprendido	1	1cor 8:2	1cor 8:2	expanded
skip	count too low	ἔγνωκεν	conoce	1	1cor 2:11	1cor 2:11	direct
skip	count too low	ἔγνωκεν	ha entendido	1	1cor 2:8	1cor 2:8	expanded
skip	count too low	ἔγνωσαν	la hubieran entendido	1	1cor 2:8	1cor 2:8	expanded
skip	count too low	ἔγνωσται	es conocido	1	1corintios 8:3	1corintios 8:3	expanded
skip	count too low	ἔδωκεν	dio oportunidad	1	1cor 3:5	1cor 3:5	expanded
skip	count too low	ἔθετο	a	1	1corintios 12:18	1corintios 12:18	direct
skip	count too low	ἔθετο	dios	1	1corintios 12:28	1corintios 12:28	direct
skip	count too low	ἔθηκα	puse	1	1cor 3:10	1cor 3:10	direct
skip	count too low	ἔθνεσιν	para los gentiles	1	1cor 1:23	1cor 1:23	expanded
skip	count too low	ἔθνεσιν	gentiles	1	1cor 5:1	1cor 5:1	direct
skip	count too low	ἔθνη	cuando	1	1corintios 12:2	1corintios 12:2	direct
skip	count too low	ἔκλασεν	partió	1	1corintios 11:24	1corintios 11:24	direct
skip	count too low	ἔκρινά	me propuse	1	1cor 2:2	1cor 2:2	expanded
skip	count too low	ἔλαβεν	tomó	1	1corintios 11:23	1corintios 11:23	direct
skip	count too low	ἔλθω	vaya	1	1corintios 11:34	1corintios 11:34	direct
skip	count too low	ἔλθω	yo voy	1	1corintios 14:6	1corintios 14:6	expanded
skip	count too low	ἔλθω	iré	1	1cor 4:21	1cor 4:21	direct
skip	count too low	ἔλθῃ	lo	1	1corintios 13:10	1corintios 13:10	direct
skip	count too low	ἔνδοξοι	distinguidos	1	1cor 4:10	1cor 4:10	direct
skip	count too low	ἔνοχος	culpable	1	1corintios 11:27	1corintios 11:27	direct
skip	count too low	ἔξω	afuera	1	1cor 5:12	1cor 5:12	direct
skip	count too low	ἔξω	están fuera	1	1cor 5:13	1cor 5:13	expanded
skip	count too low	ἔπαινος	alabanza que le corresponda	1	1cor 4:5	1cor 4:5	expanded
skip	count too low	ἔπειτα	después	1	1corintios 12:28	1corintios 12:28	direct
skip	count too low	ἔπειτα	de	1	1corintios 12:28	1corintios 12:28	direct
skip	count too low	ἔπεμψα	he enviado	1	1cor 4:17	1cor 4:17	expanded
skip	count too low	ἔπεσαν	día	1	1corintios 10:8	1corintios 10:8	direct
skip	count too low	ἔπινον	bebían	1	1corintios 10:4	1corintios 10:4	direct
skip	count too low	ἔπιον	espiritual	1	1corintios 10:4	1corintios 10:4	direct
skip	count too low	ἔργον	acción	1	1cor 5:2	1cor 5:2	direct
skip	count too low	ἔργον	son	1	1corintios 9:1	1corintios 9:1	direct
skip	count too low	ἔριδες	discusiones	1	1cor 1:11	1cor 1:11	direct
skip	count too low	ἔρις	discusiones	1	1cor 3:3	1cor 3:3	direct
skip	count too low	ἔσεσθε	dicen	1	1corintios 14:9	1corintios 14:9	direct
skip	count too low	ἔσομαι	palabras seré	1	1corintios 14:11	1corintios 14:11	expanded
skip	count too low	ἔσονται	vendrán a ser	1	1cor 6:16	1cor 6:16	expanded
skip	count too low	ἔσται	será	1	1corintios 11:27	1corintios 11:27	direct
skip	count too low	ἔστιν	es	1	1corintios 11:20	1corintios 11:20	direct
skip	count too low	ἔστιν	solo	1	1corintios 12:14	1corintios 12:14	direct
skip	count too low	ἔσω	están dentro de la iglesia	1	1cor 5:12	1cor 5:12	expanded
skip	count too low	ἔτι	les	1	1corintios 12:31	1corintios 12:31	direct
skip	count too low	ἔτι	ahora	1	1cor 3:2	1cor 3:2	expanded
skip	count too low	ἔτι	todavía	1	1cor 3:3	1cor 3:3	direct
skip	count too low	ἔχει	reciben	1	1corintios 12:23	1corintios 12:23	direct
skip	count too low	ἔχει	aporte	1	1corintios 14:26	1corintios 14:26	direct
skip	count too low	ἔχει	ha recibido	1	1cor 7:7	1cor 7:7	expanded
skip	count too low	ἔχειν	sobre	1	1corintios 11:10	1corintios 11:10	direct
skip	count too low	ἔχειν	tiene	1	1cor 5:1	1cor 5:1	direct
skip	count too low	ἔχεις	tienes	1	1cor 4:7	1cor 4:7	direct
skip	count too low	ἔχετε	comer	1	1corintios 11:22	1corintios 11:22	direct
skip	count too low	ἔχετε	tienen	1	1cor 6:19	1cor 6:19	direct
skip	count too low	ἔχετε	tengan	1	1cor 6:7	1cor 6:7	direct
skip	count too low	ἔχητε	tengan	1	1cor 4:15	1cor 4:15	direct
skip	count too low	ἔχητε	tienen	1	1cor 6:4	1cor 6:4	direct
skip	count too low	ἔχομεν	la	1	1corintios 11:16	1corintios 11:16	direct
skip	count too low	ἔχομεν	tenemos	1	1cor 2:16	1cor 2:16	direct
skip	count too low	ἔχομεν	conocimiento	1	1corintios 8:1	1corintios 8:1	direct
skip	count too low	ἔχοντας	los alabaré	1	1corintios 11:22	1corintios 11:22	expanded
skip	count too low	ἔχοντες	que tienen	1	1corintios 7:29	1corintios 7:29	expanded
skip	count too low	ἔχοντες	la tuvieran	1	1corintios 7:29	1corintios 7:29	expanded
skip	count too low	ἔχω	no los	1	1corintios 12:21	1corintios 12:21	expanded
skip	count too low	ἔχω	ser	1	1corintios 13:1	1corintios 13:1	direct
skip	count too low	ἔχω	el	1	1corintios 13:2	1corintios 13:2	direct
skip	count too low	ἔχω	toda	1	1corintios 13:2	1corintios 13:2	direct
skip	count too low	ἔχω	nada	1	1corintios 13:2	1corintios 13:2	direct
skip	count too low	ἔχω	tengo amor	1	1corintios 13:3	1corintios 13:3	expanded
skip	count too low	ἔχω	del	1	1corintios 7:25	1corintios 7:25	direct
skip	count too low	ἔχων	cuando tiene	1	1cor 6:1	1cor 6:1	expanded
skip	count too low	ἔχων	tiene	1	1corintios 7:37	1corintios 7:37	direct
skip	count too low	ἕκαστον	los	1	1corintios 12:18	1corintios 12:18	direct
skip	count too low	ἕκαστον	a	1	1corintios 7:17	1corintios 7:17	direct
skip	count too low	ἕκαστος	porque al	1	1corintios 11:21	1corintios 11:21	expanded
skip	count too low	ἕκαστος	hermanos cada	1	1corintios 7:24	1corintios 7:24	expanded
skip	count too low	ἕλληνες	los griegos	1	1cor 1:22	1cor 1:22	expanded
skip	count too low	ἕλληνες	esclavos	1	1corintios 12:13	1corintios 12:13	direct
skip	count too low	ἕλλησιν	griegos	1	1cor 1:24	1cor 1:24	direct
skip	count too low	ἕν	uno	1	1corintios 12:12	1corintios 12:12	direct
skip	count too low	ἕν	un solo	1	1corintios 12:12	1corintios 12:12	expanded
skip	count too low	ἕν	una misma cosa	1	1cor 3:8	1cor 3:8	expanded
skip	count too low	ἕνα	profetizar	1	1corintios 14:31	1corintios 14:31	direct
skip	count too low	ἕξουσιν	en	1	1corintios 7:28	1corintios 7:28	direct
skip	count too low	ἕστηκεν	está	1	1corintios 7:37	1corintios 7:37	direct
skip	count too low	ἕτερον	prójimo	1	1cor 6:1	1cor 6:1	direct
skip	count too low	ἕτερος	no	1	1corintios 14:17	1corintios 14:17	direct
skip	count too low	ἕτερος	otro	1	1cor 3:4	1cor 3:4	direct
skip	count too low	ἕως	hasta que	1	1cor 4:5	1cor 4:5	expanded
skip	count too low	ἕως	comen	1	1corintios 8:7	1corintios 8:7	direct
skip	count too low	ἠγοράσθητε	han sido comprados	1	1cor 6:20	1cor 6:20	expanded
skip	count too low	ἠγοράσθητε	ustedes fueron comprados	1	1corintios 7:23	1corintios 7:23	expanded
skip	count too low	ἠδυνήθην	pude	1	1cor 3:1	1cor 3:1	direct
skip	count too low	ἠλεημένος	como el que habiendo recibido la misericordia	1	1corintios 7:25	1corintios 7:25	expanded
skip	count too low	ἠχῶν	que resuena	1	1corintios 13:1	1corintios 13:1	expanded
skip	count too low	ἡ	los	1	1corintios 10:4	1corintios 10:4	direct
skip	count too low	ἡ	un	1	1corintios 11:10	1corintios 11:10	direct
skip	count too low	ἡ	como	1	1corintios 11:12	1corintios 11:12	direct
skip	count too low	ἡ	es el	1	1corintios 11:25	1corintios 11:25	expanded
skip	count too low	ἡ	sería	1	1corintios 12:17	1corintios 12:17	direct
skip	count too low	ἡ	del	1	1corintios 12:17	1corintios 12:17	direct
skip	count too low	ἡ	ellos	1	1corintios 13:13	1corintios 13:13	direct
skip	count too low	ἡ	es	1	1corintios 13:4	1corintios 13:4	direct
skip	count too low	ἡ	toda	1	1corintios 14:23	1corintios 14:23	direct
skip	count too low	ἡ	reciba	1	1corintios 14:5	1corintios 14:5	direct
skip	count too low	ἡ	que	1	1cor 7:14	1cor 7:14	direct
skip	count too low	ἡ	virgen	1	1corintios 7:34	1corintios 7:34	direct
skip	count too low	ἡ	la mujer	1	1cor 7:4	1cor 7:4	expanded
skip	count too low	ἡ	envanece	1	1corintios 8:1	1corintios 8:1	direct
skip	count too low	ἡ	amor	1	1corintios 8:1	1corintios 8:1	direct
skip	count too low	ἡ	porque	1	1corintios 8:7	1corintios 8:7	direct
skip	count too low	ἡ	mi	1	1corintios 9:3	1corintios 9:3	direct
skip	count too low	ἡγίασται	es santificado	1	1cor 7:14	1cor 7:14	expanded
skip	count too low	ἡγίασται	es santificada	1	1cor 7:14	1cor 7:14	expanded
skip	count too low	ἡγιάσθητε	fueron santificados	1	1cor 6:11	1cor 6:11	expanded
skip	count too low	ἡγιασμένοις	a los que han sido santificados	1	1cor 1:2	1cor 1:2	expanded
skip	count too low	ἡμέρα	día	1	1cor 3:13	1cor 3:13	direct
skip	count too low	ἡμέρας	cualquier tribunal	1	1cor 4:3	1cor 4:3	expanded
skip	count too low	ἡμέρᾳ	veintitrés	1	1corintios 10:8	1corintios 10:8	direct
skip	count too low	ἡμεῖς	tenemos	1	1corintios 11:16	1corintios 11:16	direct
skip	count too low	ἡμεῖς	en	1	1corintios 12:13	1corintios 12:13	direct
skip	count too low	ἡμᾶς	nos a nosotros	1	1cor 6:14	1cor 6:14	expanded
skip	count too low	ἡμῖν	para nosotros	1	1cor 1:30	1cor 1:30	expanded
skip	count too low	ἡμῖν	para nosotros hay un solo dios el padre	1	1corintios 8:6	1corintios 8:6	expanded
skip	count too low	ἡμῶν	estuvieron	1	1corintios 10:1	1corintios 10:1	direct
skip	count too low	ἡμῶν	que consideramos	1	1corintios 12:23	1corintios 12:23	expanded
skip	count too low	ἡμῶν	presentables	1	1corintios 12:24	1corintios 12:24	direct
skip	count too low	ἡμῶν	nuestra	1	1cor 2:7	1cor 2:7	direct
skip	count too low	ἡμῶν	nosotros	1	1cor 4:8	1cor 4:8	direct
skip	count too low	ἡμῶν	jesús	1	1corintios 9:1	1corintios 9:1	direct
skip	count too low	ἡτοίμασεν	ha preparado	1	1cor 2:9	1cor 2:9	expanded
skip	count too low	ἢ	o provocaremos a celos al señor somos acaso más fuertes que él	1	1corintios 10:22	1corintios 10:22	expanded
skip	count too low	ἢ	de	1	1corintios 11:22	1corintios 11:22	direct
skip	count too low	ἢ	cabeza	1	1corintios 11:5	1corintios 11:5	direct
skip	count too low	ἢ	la cabeza	1	1corintios 12:21	1corintios 12:21	expanded
skip	count too low	ἢ	tres	1	1corintios 14:29	1corintios 14:29	direct
skip	count too low	ἢ	acaso	1	1corintios 14:36	1corintios 14:36	direct
skip	count too low	ἢ	o lo dice especialmente por nosotros sí se escribió por nosotros porque el que ara debe arar con esperanza y el que trilla debe trillar con la esperanza de recibir de la cosecha	1	1corintios 9:10	1corintios 9:10	expanded
skip	count too low	ἢ	o acaso solo bernabé y yo no tenemos el derecho a no trabajar	1	1corintios 9:6	1corintios 9:6	expanded
skip	count too low	ἣν	que	1	1cor 2:7	1cor 2:7	direct
skip	count too low	ἣν	esta sabiduría que	1	1cor 2:8	1cor 2:8	expanded
skip	count too low	ἤγειρεν	que resucitó	1	1cor 6:14	1cor 6:14	expanded
skip	count too low	ἤκουσεν	oyó	1	1cor 2:9	1cor 2:9	direct
skip	count too low	ἤμην	yo	1	1corintios 13:11	1corintios 13:11	direct
skip	count too low	ἥμαρτεν	ha	1	1corintios 7:28	1corintios 7:28	direct
skip	count too low	ἥμαρτες	pecado	1	1corintios 7:28	1corintios 7:28	direct
skip	count too low	ἥττημα	un fallo	1	1cor 6:7	1cor 6:7	expanded
skip	count too low	ἦλθον	fui	1	1cor 2:1	1cor 2:1	direct
skip	count too low	ἦν	era	1	1corintios 10:4	1corintios 10:4	direct
skip	count too low	ἦν	fueran	1	1corintios 12:19	1corintios 12:19	direct
skip	count too low	ἦσαν	todos	1	1corintios 10:1	1corintios 10:1	direct
skip	count too low	ἦτε	estén	1	1cor 1:10	1cor 1:10	direct
skip	count too low	ἦτε	eran paganos	1	1corintios 12:2	1corintios 12:2	expanded
skip	count too low	ἦτε	sean	1	1cor 5:7	1cor 5:7	direct
skip	count too low	ἦτε	eran	1	1cor 6:11	1cor 6:11	direct
skip	count too low	ἦτε	vuelvan	1	1cor 7:5	1cor 7:5	direct
skip	count too low	ἰαμάτων	ayudas	1	1corintios 12:28	1corintios 12:28	direct
skip	count too low	ἰαμάτων	de sanidad	1	1corintios 12:30	1corintios 12:30	expanded
skip	count too low	ἰαμάτων	de	1	1corintios 12:9	1corintios 12:9	direct
skip	count too low	ἰδίαις	nuestras propias	1	1cor 4:12	1cor 4:12	expanded
skip	count too low	ἰδίου	ha	1	1corintios 7:37	1corintios 7:37	direct
skip	count too low	ἰδίους	casa	1	1corintios 14:35	1corintios 14:35	direct
skip	count too low	ἰδίᾳ	a	1	1corintios 12:11	1corintios 12:11	direct
skip	count too low	ἰδίᾳ	hará	1	1corintios 7:37	1corintios 7:37	direct
skip	count too low	ἰδιώτου	no tiene ese don	1	1corintios 14:16	1corintios 14:16	expanded
skip	count too low	ἰδιῶται	o	1	1corintios 14:23	1corintios 14:23	direct
skip	count too low	ἰησοῦν	a jesucristo	1	1cor 2:2	1cor 2:2	expanded
skip	count too low	ἰησοῦν	he	1	1corintios 9:1	1corintios 9:1	direct
skip	count too low	ἰησοῦς	jesús	1	1corintios 11:23	1corintios 11:23	direct
skip	count too low	ἰησοῦς	anatema	1	1corintios 12:3	1corintios 12:3	direct
skip	count too low	ἰησοῦς	señor	1	1corintios 12:3	1corintios 12:3	direct
skip	count too low	ἰησοῦς	jesucristo	1	1cor 3:11	1cor 3:11	merged-forward
skip	count too low	ἰουδαίοις	para los judíos	1	1cor 1:23	1cor 1:23	expanded
skip	count too low	ἰουδαίοις	judíos	1	1cor 1:24	1cor 1:24	direct
skip	count too low	ἰουδαῖοι	los judíos	1	1cor 1:22	1cor 1:22	expanded
skip	count too low	ἰουδαῖοι	griegos	1	1corintios 12:13	1corintios 12:13	direct
skip	count too low	ἰσραὴλ	pueblo	1	1corintios 10:18	1corintios 10:18	direct
skip	count too low	ἰσχυρά	fuerte	1	1cor 1:27	1cor 1:27	direct
skip	count too low	ἰσχυροί	fuertes	1	1cor 4:10	1cor 4:10	direct
skip	count too low	ἰσχυρότερον	es más fuerte	1	1cor 1:25	1cor 1:25	expanded
skip	count too low	ἴδιον	uno	1	1corintios 11:21	1corintios 11:21	direct
skip	count too low	ἴδιον	su propia	1	1cor 3:8	1cor 3:8	expanded
skip	count too low	ἵνα	que se manifiesten entre	1	1corintios 11:19	1corintios 11:19	expanded
skip	count too low	ἵνα	disciplina para que no	1	1corintios 11:32	1corintios 11:32	expanded
skip	count too low	ἵνα	casa para que no	1	1corintios 11:34	1corintios 11:34	expanded
skip	count too low	ἵνα	si entregara mi cuerpo	1	1corintios 13:3	1corintios 13:3	expanded
skip	count too low	ἵνα	sobre todo que profeticen	1	1corintios 14:1	1corintios 14:1	expanded
skip	count too low	ἵνα	edificación de la iglesia	1	1corintios 14:12	1corintios 14:12	expanded
skip	count too low	ἵνα	también a otros antes	1	1corintios 14:19	1corintios 14:19	expanded
skip	count too low	ἵνα	uno para que todos	1	1corintios 14:31	1corintios 14:31	expanded
skip	count too low	ἵνα	profetizaran porque el que	1	1corintios 14:5	1corintios 14:5	expanded
skip	count too low	ἵνα	para que la iglesia	1	1corintios 14:5	1corintios 14:5	expanded
skip	count too low	ἵνα	a fin de	1	1cor 3:18	1cor 3:18	expanded
skip	count too low	ἵνα	que yo	1	1cor 4:3	1cor 4:3	expanded
skip	count too low	ἵνα	modo que de ahora	1	1corintios 7:29	1corintios 7:29	expanded
skip	count too low	ἵνα	del señor para ser	1	1corintios 7:34	1corintios 7:34	expanded
skip	count too low	ἵνα	restricción sino para promover	1	1corintios 7:35	1corintios 7:35	expanded
skip	count too low	ἵνα	para no causar estorbo al evangelio de cristo	1	1corintios 9:12	1corintios 9:12	expanded
skip	count too low	ἵνα	al predicar el evangelio	1	1corintios 9:18	1corintios 9:18	expanded
skip	count too low	ἵνα	para ganar al mayor número posible	1	1corintios 9:19	1corintios 9:19	expanded
skip	count too low	ἵνα	para poder ganar a los judíos	1	1corintios 9:20	1corintios 9:20	expanded
skip	count too low	ἵνα	para poder ganar a los que están bajo la ley	1	1corintios 9:20	1corintios 9:20	expanded
skip	count too low	ἵνα	para poder ganar a los que están sin ley	1	1corintios 9:21	1corintios 9:21	expanded
skip	count too low	ἵνα	hice débil para ganar	1	1corintios 9:22	1corintios 9:22	expanded
skip	count too low	ἵνα	para que por todos los medios salve a algunos	1	1corintios 9:22	1corintios 9:22	expanded
skip	count too low	ἵνα	ser partícipe de él	1	1corintios 9:23	1corintios 9:23	expanded
skip	count too low	ἵνα	de tal modo que	1	1corintios 9:24	1corintios 9:24	expanded
skip	count too low	ὀνομαζόμενος	llamándose	1	1cor 5:11	1cor 5:11	direct
skip	count too low	ὀνόματος	nombre	1	1cor 1:10	1cor 1:10	direct
skip	count too low	ὀφείλει	debe tener	1	1corintios 11:10	1corintios 11:10	expanded
skip	count too low	ὀφείλει	debe cubrirse	1	1corintios 11:7	1corintios 11:7	expanded
skip	count too low	ὀφείλει	es necesario	1	1corintios 7:36	1corintios 7:36	expanded
skip	count too low	ὀφειλὴν	deber	1	1cor 7:3	1cor 7:3	direct
skip	count too low	ὀφθαλμός	fuera	1	1corintios 12:17	1corintios 12:17	direct
skip	count too low	ὀφθαλμὸς	decirle	1	1corintios 12:21	1corintios 12:21	direct
skip	count too low	ὀφθαλμὸς	ojo	1	1cor 2:9	1cor 2:9	direct
skip	count too low	ὁ	a	1	1cor 1:21	1cor 1:21	expanded
skip	count too low	ὁ	nace	1	1corintios 11:12	1corintios 11:12	direct
skip	count too low	ὁ	mujer	1	1corintios 11:3	1corintios 11:3	direct
skip	count too low	ὁ	pie	1	1corintios 12:15	1corintios 12:15	direct
skip	count too low	ὁ	puede	1	1corintios 12:21	1corintios 12:21	direct
skip	count too low	ὁ	así	1	1corintios 12:24	1corintios 12:24	direct
skip	count too low	ὁ	habla	1	1corintios 14:11	1corintios 14:11	direct
skip	count too low	ὁ	ora	1	1corintios 14:14	1corintios 14:14	direct
skip	count too low	ὁ	otro	1	1corintios 14:17	1corintios 14:17	direct
skip	count too low	ὁ	está	1	1corintios 14:25	1corintios 14:25	direct
skip	count too low	ὁ	dice	1	1corintios 14:34	1corintios 14:34	direct
skip	count too low	ὁ	palabra	1	1corintios 14:36	1corintios 14:36	direct
skip	count too low	ὁ	lenguas	1	1corintios 14:5	1corintios 14:5	direct
skip	count too low	ὁ	el que es	1	1cor 2:15	1cor 2:15	expanded
skip	count too low	ὁ	mi	1	1cor 2:4	1cor 2:4	expanded
skip	count too low	ὁ	él es el que	1	1cor 3:19	1cor 3:19	expanded
skip	count too low	ὁ	señor	1	1corintios 7:17	1corintios 7:17	direct
skip	count too low	ὁ	dos	1	1corintios 7:38	1corintios 7:38	direct
skip	count too low	ὁ	el marido	1	1corintios 7:39	1corintios 7:39	expanded
skip	count too low	ὁ	satanás	1	1cor 7:5	1cor 7:5	merged-forward
skip	count too low	ὁ	unos	1	1cor 7:7	1cor 7:7	direct
skip	count too low	ὁ	conocimiento	1	1corintios 8:11	1corintios 8:11	direct
skip	count too low	ὁ	por	1	1corintios 8:11	1corintios 8:11	direct
skip	count too low	ὁ	recompensa	1	1corintios 9:18	1corintios 9:18	direct
skip	count too low	ὁδούς	caminos	1	1cor 4:17	1cor 4:17	direct
skip	count too low	ὁδὸν	camino	1	1corintios 12:31	1corintios 12:31	direct
skip	count too low	ὁμοίως	de la misma manera	1	1corintios 7:22	1corintios 7:22	expanded
skip	count too low	ὁμοίως	igualmente	1	1cor 7:3	1cor 7:3	direct
skip	count too low	ὁμοίως	asimismo	1	1cor 7:4	1cor 7:4	direct
skip	count too low	ὁποῖόν	la calidad de	1	1cor 3:13	1cor 3:13	expanded
skip	count too low	ὁσάκις	cuantas veces	1	1corintios 11:25	1corintios 11:25	expanded
skip	count too low	ὁσάκις	porque todas las veces	1	1corintios 11:26	1corintios 11:26	expanded
skip	count too low	ὃ	el	1	1corintios 15:1	1corintios 15:1	direct
skip	count too low	ὃ	lo que	1	1corintios 7:36	1corintios 7:36	expanded
skip	count too low	ὃν	murió	1	1corintios 8:11	1corintios 8:11	direct
skip	count too low	ὃς	y	1	1corintios 11:21	1corintios 11:21	direct
skip	count too low	ὃς	embriaga	1	1corintios 11:21	1corintios 11:21	direct
skip	count too low	ὃς	para que	1	1cor 2:16	1cor 2:16	expanded
skip	count too low	ὃς	pero	1	1corintios 7:37	1corintios 7:37	direct
skip	count too low	ὄλεθρον	la destrucción	1	1cor 5:5	1cor 5:5	expanded
skip	count too low	ὄντα	aunque son	1	1corintios 12:12	1corintios 12:12	expanded
skip	count too low	ὄντως	dios	1	1corintios 14:25	1corintios 14:25	direct
skip	count too low	ὄρη	trasladar	1	1corintios 13:2	1corintios 13:2	direct
skip	count too low	ὄσφρησις	olfato	1	1corintios 12:17	1corintios 12:17	direct
skip	count too low	ὄφελόν	ojalá	1	1cor 4:8	1cor 4:8	direct
skip	count too low	ὄφεων	las	1	1corintios 10:9	1corintios 10:9	direct
skip	count too low	ὅλη	iglesia	1	1corintios 14:23	1corintios 14:23	direct
skip	count too low	ὅλον	toda	1	1cor 5:6	1cor 5:6	direct
skip	count too low	ὅμως	aun	1	1corintios 14:7	1corintios 14:7	direct
skip	count too low	ὅπου	habiendo	1	1cor 3:3	1cor 3:3	expanded
skip	count too low	ὅπως	para que	1	1cor 1:29	1cor 1:29	expanded
skip	count too low	ὅς	el cual	1	1cor 3:11	1cor 3:11	expanded
skip	count too low	ὅς	que	1	1cor 4:17	1cor 4:17	direct
skip	count too low	ὅσα	son las cosas que	1	1cor 2:9	1cor 2:9	expanded
skip	count too low	ὅσον	mientras	1	1corintios 7:39	1corintios 7:39	direct
skip	count too low	ὅταν	pero	1	1corintios 13:10	1corintios 13:10	direct
skip	count too low	ὅταν	pues cuando se reúnan	1	1corintios 14:26	1corintios 14:26	expanded
skip	count too low	ὅταν	cuando	1	1cor 3:4	1cor 3:4	direct
skip	count too low	ὅτε	que	1	1corintios 12:2	1corintios 12:2	direct
skip	count too low	ὅτε	cuando	1	1corintios 13:11	1corintios 13:11	direct
skip	count too low	ὅτε	pero cuando	1	1corintios 13:11	1corintios 13:11	expanded
skip	count too low	ὅτι	todos	1	1corintios 10:1	1corintios 10:1	direct
skip	count too low	ὅτι	puesto que el pan es uno nosotros que somos muchos somos un cuerpo porque todos participamos de aquel mismo pan	1	1corintios 10:17	1corintios 10:17	expanded
skip	count too low	ὅτι	todo	1	1corintios 11:2	1corintios 11:2	direct
skip	count too low	ὅτι	saben	1	1corintios 12:2	1corintios 12:2	direct
skip	count too low	ὅτι	hago	1	1corintios 12:3	1corintios 12:3	direct
skip	count too low	ὅτι	hombres	1	1corintios 14:21	1corintios 14:21	direct
skip	count too low	ὅτι	verdad	1	1corintios 14:25	1corintios 14:25	direct
skip	count too low	ὅτι	es	1	1corintios 14:37	1corintios 14:37	direct
skip	count too low	ὅτι	los cuales	1	1cor 3:20	1cor 3:20	expanded
skip	count too low	ὅτι	el hecho de que	1	1cor 6:7	1cor 6:7	expanded
skip	count too low	ὅτι	decir	1	1corintios 7:26	1corintios 7:26	direct
skip	count too low	ὅτι	tenemos	1	1corintios 8:1	1corintios 8:1	direct
skip	count too low	ὑμεῖς	ahora bien	1	1corintios 12:27	1corintios 12:27	expanded
skip	count too low	ὑμεῖς	puesto	1	1corintios 14:12	1corintios 14:12	direct
skip	count too low	ὑμεῖς	a	1	1corintios 14:9	1corintios 14:9	direct
skip	count too low	ὑμεῖς	ustedes son	1	1cor 4:10	1cor 4:10	expanded
skip	count too low	ὑμεῖς	ustedes mismos	1	1cor 6:8	1cor 6:8	expanded
skip	count too low	ὑμεῖς	mi	1	1corintios 9:1	1corintios 9:1	direct
skip	count too low	ὑμᾶς	ignoren	1	1corintios 10:1	1corintios 10:1	direct
skip	count too low	ὑμᾶς	que sepan	1	1corintios 11:3	1corintios 11:3	expanded
skip	count too low	ὑμᾶς	ignorantes	1	1corintios 12:1	1corintios 12:1	direct
skip	count too low	ὑμᾶς	a	1	1corintios 14:36	1corintios 14:36	direct
skip	count too low	ὑμᾶς	estén	1	1corintios 7:32	1corintios 7:32	direct
skip	count too low	ὑμῖν	a ustedes	1	1cor 1:3	1cor 1:3	expanded
skip	count too low	ὑμῖν	es	1	1corintios 11:13	1corintios 11:13	direct
skip	count too low	ὑμῖν	entre	1	1corintios 11:18	1corintios 11:18	direct
skip	count too low	ὑμῖν	a	1	1corintios 11:19	1corintios 11:19	direct
skip	count too low	ὑμῖν	en esto	1	1corintios 11:22	1corintios 11:22	expanded
skip	count too low	ὑμῖν	enfermos	1	1corintios 11:30	1corintios 11:30	direct
skip	count too low	ὑμῖν	más	1	1corintios 12:31	1corintios 12:31	direct
skip	count too low	ὑμῖν	saber	1	1corintios 15:1	1corintios 15:1	direct
skip	count too low	ὑμῖν	prediqué	1	1corintios 15:1	1corintios 15:1	direct
skip	count too low	ὑμῖν	con ustedes	1	1cor 4:8	1cor 4:8	expanded
skip	count too low	ὑμῖν	suya	1	1cor 6:5	1cor 6:5	direct
skip	count too low	ὑμῖν	entre ustedes	1	1cor 6:7	1cor 6:7	expanded
skip	count too low	ὑμῖν	que	1	1corintios 7:35	1corintios 7:35	direct
skip	count too low	ὑμῶν	su	1	1cor 1:26	1cor 1:26	direct
skip	count too low	ὑμῶν	suyo	1	1cor 3:22	1cor 3:22	direct
skip	count too low	ὑμῶν	con ustedes	1	1cor 5:4	1cor 5:4	expanded
skip	count too low	ὑμῶν	y en su espíritu los cuales son de dios	1	1cor 6:20	1cor 6:20	expanded
skip	count too low	ὑμῶν	sus	1	1cor 7:14	1cor 7:14	direct
skip	count too low	ὑπάρχειν	ustedes	1	1corintios 11:18	1corintios 11:18	direct
skip	count too low	ὑπάρχειν	ser los	1	1corintios 12:22	1corintios 12:22	expanded
skip	count too low	ὑπάρχειν	en	1	1corintios 7:26	1corintios 7:26	direct
skip	count too low	ὑπάρχοντά	para	1	1corintios 13:3	1corintios 13:3	direct
skip	count too low	ὑπάρχων	ya que él es la	1	1corintios 11:7	1corintios 11:7	expanded
skip	count too low	ὑπέρακμος	de edad madura	1	1corintios 7:36	1corintios 7:36	expanded
skip	count too low	ὑπερβολὴν	un	1	1corintios 12:31	1corintios 12:31	direct
skip	count too low	ὑπεροχὴν	superioridad	1	1cor 2:1	1cor 2:1	direct
skip	count too low	ὑπηρέτας	servidores	1	1cor 4:1	1cor 4:1	direct
skip	count too low	ὑπομένει	soporta	1	1corintios 13:7	1corintios 13:7	direct
skip	count too low	ὑποτάσσεται	están sujetos	1	1corintios 14:32	1corintios 14:32	expanded
skip	count too low	ὑποτασσέσθωσαν	que	1	1corintios 14:34	1corintios 14:34	direct
skip	count too low	ὑπωπιάζω	golpeo mi cuerpo	1	1corintios 9:27	1corintios 9:27	expanded
skip	count too low	ὑπό	por	1	1cor 6:12	1cor 6:12	direct
skip	count too low	ὑπὲρ	es para ustedes	1	1corintios 11:24	1corintios 11:24	expanded
skip	count too low	ὑπὲρ	sobrepasar	1	1cor 4:6	1cor 4:6	direct
skip	count too low	ὑπὲρ	a favor del	1	1cor 4:6	1cor 4:6	expanded
skip	count too low	ὑπὸ	la	1	1corintios 10:1	1corintios 10:1	direct
skip	count too low	ὑπὸ	destruidos	1	1corintios 10:9	1corintios 10:9	direct
skip	count too low	ὑπὸ	juzgados	1	1corintios 11:32	1corintios 11:32	direct
skip	count too low	ὑπὸ	del	1	1corintios 7:25	1corintios 7:25	merged-forward
skip	count too low	ὑστερεῖσθαι	falta	1	1cor 1:7	1cor 1:7	direct
skip	count too low	ὑστεροῦντι	que carecía	1	1corintios 12:24	1corintios 12:24	expanded
skip	count too low	ὑφʼ	por	1	1cor 4:3	1cor 4:3	direct
skip	count too low	ὠφείλετε	tendrían ustedes	1	1cor 5:10	1cor 5:10	expanded
skip	count too low	ὠφελήσω	de provecho seré a	1	1corintios 14:6	1corintios 14:6	expanded
skip	count too low	ὠφελοῦμαι	me aprovecha	1	1corintios 13:3	1corintios 13:3	expanded
skip	count too low	ὡς	les hablo como a sabios juzguen ustedes lo que digo	1	1corintios 10:15	1corintios 10:15	expanded
skip	count too low	ὡς	arreglaré	1	1corintios 11:34	1corintios 11:34	direct
skip	count too low	ὡς	de una manera u otra eran arrastrados	1	1corintios 12:2	1corintios 12:2	expanded
skip	count too low	ὡς	hablaba	1	1corintios 13:11	1corintios 13:11	direct
skip	count too low	ὡς	pensaba	1	1corintios 13:11	1corintios 13:11	direct
skip	count too low	ὡς	razonaba como	1	1corintios 13:11	1corintios 13:11	expanded
skip	count too low	ὡς	yo como	1	1cor 3:10	1cor 3:10	expanded
skip	count too low	ὡς	como si estuviera	1	1cor 5:3	1cor 5:3	expanded
skip	count too low	ὡς	cada	1	1corintios 7:17	1corintios 7:17	direct
skip	count too low	ὡς	opinión	1	1corintios 7:25	1corintios 7:25	direct
skip	count too low	ὡς	si	1	1corintios 7:30	1corintios 7:30	direct
skip	count too low	ὡς	si no lo	1	1corintios 7:31	1corintios 7:31	expanded
skip	count too low	ὡς	este fuera sacrificado a un ídolo y su conciencia siendo débil se mancha	1	1corintios 8:7	1corintios 8:7	expanded
skip	count too low	ὡς	no como sin tener meta	1	1corintios 9:26	1corintios 9:26	expanded
skip	count too low	ὡς	creyente	1	1corintios 9:5	1corintios 9:5	direct
skip	count too low	ὡσαύτως	de la misma manera	1	1corintios 11:25	1corintios 11:25	expanded
skip	count too low	ὥρας	momento	1	1cor 4:11	1cor 4:11	direct
skip	count too low	ὥσπερ	según está escrito	1	1corintios 10:7	1corintios 10:7	expanded
skip	count too low	ὥσπερ	porque	1	1corintios 11:12	1corintios 11:12	direct
skip	count too low	ὥσπερ	cierto	1	1corintios 8:5	1corintios 8:5	direct
skip	count too low	ὥστε	de manera que	1	1cor 1:7	1cor 1:7	expanded
skip	count too low	ὥστε	por tanto el que cree que está firme tenga cuidado no sea que caiga	1	1corintios 10:12	1corintios 10:12	expanded
skip	count too low	ὥστε	de manera	1	1corintios 11:27	1corintios 11:27	expanded
skip	count too low	ὥστε	para	1	1corintios 13:2	1corintios 13:2	direct
skip	count too low	ὥστε	por	1	1corintios 14:39	1corintios 14:39	direct
skip	count too low	ὥστε	al extremo de que	1	1cor 5:1	1cor 5:1	expanded
skip	count too low	ὦσιν	sean si	1	1corintios 7:29	1corintios 7:29	expanded
skip	count too low	ὧδε	ahora bien lo	1	1cor 4:2	1cor 4:2	expanded
skip	count too low	ὧν	los cuales	1	1cor 3:5	1cor 3:5	expanded
skip	count too low	ὧν	las cosas de que	1	1cor 7:1	1cor 7:1	expanded
skip	count too low	ᾖ	hay	1	1corintios 14:28	1corintios 14:28	direct
skip	count too low	ᾖ	descanse	1	1cor 2:5	1cor 2:5	direct
skip	count too low	ᾖ	es una persona	1	1cor 5:11	1cor 5:11	expanded
skip	count too low	ᾖ	santas	1	1corintios 7:34	1corintios 7:34	direct
skip	count too low	ᾖ	ella es	1	1corintios 7:36	1corintios 7:36	expanded
skip	count too low	ᾗ	fue	1	1corintios 7:20	1corintios 7:20	direct
skip	count too low	ᾧ	pues	1	1corintios 12:8	1corintios 12:8	direct
skip	count too low	ᾧ	cual	1	1corintios 15:1	1corintios 15:1	direct
skip	count too low	ᾧ	dios	1	1corintios 7:24	1corintios 7:24	direct
skip	count too low	ᾧ	quien	1	1corintios 7:39	1corintios 7:39	direct
skip	count too low	ῥάβδῳ	vara	1	1cor 4:21	1cor 4:21	direct
skip	count too low	⸁γαμίζων	la da en matrimonio	1	1corintios 7:38	1corintios 7:38	expanded
skip	count too low	⸁τῷ	la	1	1corintios 7:34	1corintios 7:34	direct
skip	count too low	⸁ἄλλῳ	a otro	1	1corintios 12:10	1corintios 12:10	expanded
skip	count too low	⸁ἰησοῦ	jesús	1	1cor 5:4	1cor 5:4	direct
skip	count too low	⸁ὁ	otros	1	1cor 7:7	1cor 7:7	direct
skip	count too low	⸄καὶ	si	1	1corintios 13:2	1corintios 13:2	direct
skip	count too low	⸄καὶ	de	1	1corintios 13:3	1corintios 13:3	direct
