center_stream_index	center_reference	window_size	movement_sequence	continuity_sequence	reason_sequence
1	1:4	3	"[""strong"", ""strong"", ""strong""]"	"[""initial"", ""shift"", ""shift""]"	"[[""stream_start""], [""independence_transition"", ""number_change"", ""person_change"", ""subject_shift"", ""subordination_transition""], [""number_change"", ""person_change"", ""subject_shift""]]"
2	1:5	4	"[""strong"", ""strong"", ""strong"", ""candidate""]"	"[""initial"", ""shift"", ""shift"", ""same""]"	"[[""stream_start""], [""independence_transition"", ""number_change"", ""person_change"", ""subject_shift"", ""subordination_transition""], [""number_change"", ""person_change"", ""subject_shift""], [""independence_transition"", ""subordination_transition""]]"
3	1:6	5	"[""strong"", ""strong"", ""strong"", ""candidate"", ""strong""]"	"[""initial"", ""shift"", ""shift"", ""same"", ""shift""]"	"[[""stream_start""], [""independence_transition"", ""number_change"", ""person_change"", ""subject_shift"", ""subordination_transition""], [""number_change"", ""person_change"", ""subject_shift""], [""independence_transition"", ""subordination_transition""], [""number_change"", ""person_change"", ""subject_shift""]]"
4	1:8	5	"[""strong"", ""strong"", ""candidate"", ""strong"", ""strong""]"	"[""shift"", ""shift"", ""same"", ""shift"", ""shift""]"	"[[""independence_transition"", ""number_change"", ""person_change"", ""subject_shift"", ""subordination_transition""], [""number_change"", ""person_change"", ""subject_shift""], [""independence_transition"", ""subordination_transition""], [""number_change"", ""person_change"", ""subject_shift""], [""number_change"", ""person_change"", ""subject_shift""]]"
5	1:9	5	"[""strong"", ""candidate"", ""strong"", ""strong"", ""strong""]"	"[""shift"", ""same"", ""shift"", ""shift"", ""shift""]"	"[[""number_change"", ""person_change"", ""subject_shift""], [""independence_transition"", ""subordination_transition""], [""number_change"", ""person_change"", ""subject_shift""], [""number_change"", ""person_change"", ""subject_shift""], [""independence_transition"", ""number_change"", ""person_change"", ""subject_shift"", ""subordination_transition""]]"
6	1:10	5	"[""candidate"", ""strong"", ""strong"", ""strong"", ""strong""]"	"[""same"", ""shift"", ""shift"", ""shift"", ""shift""]"	"[[""independence_transition"", ""subordination_transition""], [""number_change"", ""person_change"", ""subject_shift""], [""number_change"", ""person_change"", ""subject_shift""], [""independence_transition"", ""number_change"", ""person_change"", ""subject_shift"", ""subordination_transition""], [""independence_transition"", ""number_change"", ""person_change"", ""subject_shift"", ""subordination_transition""]]"
7	1:10	5	"[""strong"", ""strong"", ""strong"", ""strong"", ""strong""]"	"[""shift"", ""shift"", ""shift"", ""shift"", ""shift""]"	"[[""number_change"", ""person_change"", ""subject_shift""], [""number_change"", ""person_change"", ""subject_shift""], [""independence_transition"", ""number_change"", ""person_change"", ""subject_shift"", ""subordination_transition""], [""independence_transition"", ""number_change"", ""person_change"", ""subject_shift"", ""subordination_transition""], [""number_change"", ""person_change"", ""subject_shift""]]"
8	1:10	5	"[""strong"", ""strong"", ""strong"", ""strong"", ""strong""]"	"[""shift"", ""shift"", ""shift"", ""shift"", ""shift""]"	"[[""number_change"", ""person_change"", ""subject_shift""], [""independence_transition"", ""number_change"", ""person_change"", ""subject_shift"", ""subordination_transition""], [""independence_transition"", ""number_change"", ""person_change"", ""subject_shift"", ""subordination_transition""], [""number_change"", ""person_change"", ""subject_shift""], [""number_change"", ""person_change"", ""subject_shift""]]"
9	1:10	5	"[""strong"", ""strong"", ""strong"", ""strong"", ""strong""]"	"[""shift"", ""shift"", ""shift"", ""shift"", ""shift""]"	"[[""independence_transition"", ""number_change"", ""person_change"", ""subject_shift"", ""subordination_transition""], [""independence_transition"", ""number_change"", ""person_change"", ""subject_shift"", ""subordination_transition""], [""number_change"", ""person_change"", ""subject_shift""], [""number_change"", ""person_change"", ""subject_shift""], [""independence_transition"", ""number_change"", ""subject_shift"", ""subordination_transition""]]"
10	1:11	5	"[""strong"", ""strong"", ""strong"", ""strong"", ""strong""]"	"[""shift"", ""shift"", ""shift"", ""shift"", ""shift""]"	"[[""independence_transition"", ""number_change"", ""person_change"", ""subject_shift"", ""subordination_transition""], [""number_change"", ""person_change"", ""subject_shift""], [""number_change"", ""person_change"", ""subject_shift""], [""independence_transition"", ""number_change"", ""subject_shift"", ""subordination_transition""], [""independence_transition"", ""number_change"", ""person_change"", ""subject_shift"", ""subordination_transition""]]"
11	1:11	5	"[""strong"", ""strong"", ""strong"", ""strong"", ""strong""]"	"[""shift"", ""shift"", ""shift"", ""shift"", ""shift""]"	"[[""number_change"", ""person_change"", ""subject_shift""], [""number_change"", ""person_change"", ""subject_shift""], [""independence_transition"", ""number_change"", ""subject_shift"", ""subordination_transition""], [""independence_transition"", ""number_change"", ""person_change"", ""subject_shift"", ""subordination_transition""], [""independence_transition"", ""person_change"", ""subject_shift"", ""subordination_transition""]]"
12	1:12	5	"[""strong"", ""strong"", ""strong"", ""strong"", ""strong""]"	"[""shift"", ""shift"", ""shift"", ""shift"", ""shift""]"	"[[""number_change"", ""person_change"", ""subject_shift""], [""independence_transition"", ""number_change"", ""subject_shift"", ""subordination_transition""], [""independence_transition"", ""number_change"", ""person_change"", ""subject_shift"", ""subordination_transition""], [""independence_transition"", ""person_change"", ""subject_shift"", ""subordination_transition""], [""independence_transition"", ""person_change"", ""subject_shift"", ""subordination_transition""]]"
13	1:12	5	"[""strong"", ""strong"", ""strong"", ""strong"", ""candidate""]"	"[""shift"", ""shift"", ""shift"", ""shift"", ""shift""]"	"[[""independence_transition"", ""number_change"", ""subject_shift"", ""subordination_transition""], [""independence_transition"", ""number_change"", ""person_change"", ""subject_shift"", ""subordination_transition""], [""independence_transition"", ""person_change"", ""subject_shift"", ""subordination_transition""], [""independence_transition"", ""person_change"", ""subject_shift"", ""subordination_transition""], [""person_change"", ""subject_shift""]]"
14	1:12	5	"[""strong"", ""strong"", ""strong"", ""candidate"", ""none""]"	"[""shift"", ""shift"", ""shift"", ""shift"", ""same""]"	"[[""independence_transition"", ""number_change"", ""person_change"", ""subject_shift"", ""subordination_transition""], [""independence_transition"", ""person_change"", ""subject_shift"", ""subordination_transition""], [""independence_transition"", ""person_change"", ""subject_shift"", ""subordination_transition""], [""person_change"", ""subject_shift""], []]"
15	1:13	5	"[""strong"", ""strong"", ""candidate"", ""none"", ""strong""]"	"[""shift"", ""shift"", ""shift"", ""same"", ""shift""]"	"[[""independence_transition"", ""person_change"", ""subject_shift"", ""subordination_transition""], [""independence_transition"", ""person_change"", ""subject_shift"", ""subordination_transition""], [""person_change"", ""subject_shift""], [], [""number_change"", ""person_change"", ""subject_shift""]]"
17	1:13	5	"[""candidate"", ""none"", ""strong"", ""strong"", ""candidate""]"	"[""shift"", ""same"", ""shift"", ""shift"", ""same""]"	"[[""person_change"", ""subject_shift""], [], [""number_change"", ""person_change"", ""subject_shift""], [""number_change"", ""person_change"", ""subject_shift""], [""independence_transition"", ""subordination_transition""]]"
18	1:14	5	"[""none"", ""strong"", ""strong"", ""candidate"", ""candidate""]"	"[""same"", ""shift"", ""shift"", ""same"", ""shift""]"	"[[], [""number_change"", ""person_change"", ""subject_shift""], [""number_change"", ""person_change"", ""subject_shift""], [""independence_transition"", ""subordination_transition""], [""person_change"", ""subject_shift""]]"
19	1:14	5	"[""strong"", ""strong"", ""candidate"", ""candidate"", ""strong""]"	"[""shift"", ""shift"", ""same"", ""shift"", ""shift""]"	"[[""number_change"", ""person_change"", ""subject_shift""], [""number_change"", ""person_change"", ""subject_shift""], [""independence_transition"", ""subordination_transition""], [""person_change"", ""subject_shift""], [""number_change"", ""person_change"", ""subject_shift""]]"
20	1:15	5	"[""strong"", ""candidate"", ""candidate"", ""strong"", ""strong""]"	"[""shift"", ""same"", ""shift"", ""shift"", ""shift""]"	"[[""number_change"", ""person_change"", ""subject_shift""], [""independence_transition"", ""subordination_transition""], [""person_change"", ""subject_shift""], [""number_change"", ""person_change"", ""subject_shift""], [""independence_transition"", ""number_change"", ""person_change"", ""subject_shift"", ""subordination_transition""]]"
21	1:15	5	"[""candidate"", ""candidate"", ""strong"", ""strong"", ""none""]"	"[""same"", ""shift"", ""shift"", ""shift"", ""same""]"	"[[""independence_transition"", ""subordination_transition""], [""person_change"", ""subject_shift""], [""number_change"", ""person_change"", ""subject_shift""], [""independence_transition"", ""number_change"", ""person_change"", ""subject_shift"", ""subordination_transition""], []]"
22	1:16	5	"[""candidate"", ""strong"", ""strong"", ""none"", ""candidate""]"	"[""shift"", ""shift"", ""shift"", ""same"", ""same""]"	"[[""person_change"", ""subject_shift""], [""number_change"", ""person_change"", ""subject_shift""], [""independence_transition"", ""number_change"", ""person_change"", ""subject_shift"", ""subordination_transition""], [], [""independence_transition"", ""subordination_transition""]]"
24	1:16	5	"[""strong"", ""none"", ""candidate"", ""strong"", ""candidate""]"	"[""shift"", ""same"", ""same"", ""shift"", ""same""]"	"[[""independence_transition"", ""number_change"", ""person_change"", ""subject_shift"", ""subordination_transition""], [], [""independence_transition"", ""subordination_transition""], [""independence_transition"", ""person_change"", ""subject_shift"", ""subordination_transition""], [""independence_transition"", ""subordination_transition""]]"
25	1:17	5	"[""none"", ""candidate"", ""strong"", ""candidate"", ""candidate""]"	"[""same"", ""same"", ""shift"", ""same"", ""same""]"	"[[], [""independence_transition"", ""subordination_transition""], [""independence_transition"", ""person_change"", ""subject_shift"", ""subordination_transition""], [""independence_transition"", ""subordination_transition""], [""independence_transition"", ""subordination_transition""]]"
26	1:17	5	"[""candidate"", ""strong"", ""candidate"", ""candidate"", ""none""]"	"[""same"", ""shift"", ""same"", ""same"", ""same""]"	"[[""independence_transition"", ""subordination_transition""], [""independence_transition"", ""person_change"", ""subject_shift"", ""subordination_transition""], [""independence_transition"", ""subordination_transition""], [""independence_transition"", ""subordination_transition""], []]"
27	1:18	5	"[""strong"", ""candidate"", ""candidate"", ""none"", ""none""]"	"[""shift"", ""same"", ""same"", ""same"", ""same""]"	"[[""independence_transition"", ""person_change"", ""subject_shift"", ""subordination_transition""], [""independence_transition"", ""subordination_transition""], [""independence_transition"", ""subordination_transition""], [], []]"
30	1:19	5	"[""none"", ""none"", ""candidate"", ""none"", ""candidate""]"	"[""same"", ""same"", ""shift"", ""same"", ""shift""]"	"[[], [], [""person_change"", ""subject_shift""], [], [""person_change"", ""subject_shift""]]"
32	1:20	5	"[""candidate"", ""none"", ""candidate"", ""candidate"", ""candidate""]"	"[""shift"", ""same"", ""shift"", ""same"", ""same""]"	"[[""person_change"", ""subject_shift""], [], [""person_change"", ""subject_shift""], [""independence_transition"", ""subordination_transition""], [""independence_transition"", ""subordination_transition""]]"
33	1:21	5	"[""none"", ""candidate"", ""candidate"", ""candidate"", ""strong""]"	"[""same"", ""shift"", ""same"", ""same"", ""shift""]"	"[[], [""person_change"", ""subject_shift""], [""independence_transition"", ""subordination_transition""], [""independence_transition"", ""subordination_transition""], [""independence_transition"", ""number_change"", ""subject_shift"", ""subordination_transition""]]"
34	1:21	5	"[""candidate"", ""candidate"", ""candidate"", ""strong"", ""candidate""]"	"[""shift"", ""same"", ""same"", ""shift"", ""same""]"	"[[""person_change"", ""subject_shift""], [""independence_transition"", ""subordination_transition""], [""independence_transition"", ""subordination_transition""], [""independence_transition"", ""number_change"", ""subject_shift"", ""subordination_transition""], [""independence_transition"", ""subordination_transition""]]"
35	1:22	5	"[""candidate"", ""candidate"", ""strong"", ""candidate"", ""candidate""]"	"[""same"", ""same"", ""shift"", ""same"", ""shift""]"	"[[""independence_transition"", ""subordination_transition""], [""independence_transition"", ""subordination_transition""], [""independence_transition"", ""number_change"", ""subject_shift"", ""subordination_transition""], [""independence_transition"", ""subordination_transition""], [""person_change"", ""subject_shift""]]"
36	1:22	5	"[""candidate"", ""strong"", ""candidate"", ""candidate"", ""strong""]"	"[""same"", ""shift"", ""same"", ""shift"", ""shift""]"	"[[""independence_transition"", ""subordination_transition""], [""independence_transition"", ""number_change"", ""subject_shift"", ""subordination_transition""], [""independence_transition"", ""subordination_transition""], [""person_change"", ""subject_shift""], [""independence_transition"", ""number_change"", ""person_change"", ""subject_shift"", ""subordination_transition""]]"
37	1:23	5	"[""strong"", ""candidate"", ""candidate"", ""strong"", ""strong""]"	"[""shift"", ""same"", ""shift"", ""shift"", ""shift""]"	"[[""independence_transition"", ""number_change"", ""subject_shift"", ""subordination_transition""], [""independence_transition"", ""subordination_transition""], [""person_change"", ""subject_shift""], [""independence_transition"", ""number_change"", ""person_change"", ""subject_shift"", ""subordination_transition""], [""independence_transition"", ""number_change"", ""person_change"", ""subject_shift"", ""subordination_transition""]]"
38	1:25	5	"[""candidate"", ""candidate"", ""strong"", ""strong"", ""strong""]"	"[""same"", ""shift"", ""shift"", ""shift"", ""shift""]"	"[[""independence_transition"", ""subordination_transition""], [""person_change"", ""subject_shift""], [""independence_transition"", ""number_change"", ""person_change"", ""subject_shift"", ""subordination_transition""], [""independence_transition"", ""number_change"", ""person_change"", ""subject_shift"", ""subordination_transition""], [""number_change"", ""person_change"", ""subject_shift""]]"
39	1:26	5	"[""candidate"", ""strong"", ""strong"", ""strong"", ""candidate""]"	"[""shift"", ""shift"", ""shift"", ""shift"", ""same""]"	"[[""person_change"", ""subject_shift""], [""independence_transition"", ""number_change"", ""person_change"", ""subject_shift"", ""subordination_transition""], [""independence_transition"", ""number_change"", ""person_change"", ""subject_shift"", ""subordination_transition""], [""number_change"", ""person_change"", ""subject_shift""], [""independence_transition"", ""subordination_transition""]]"
40	1:27	5	"[""strong"", ""strong"", ""strong"", ""candidate"", ""candidate""]"	"[""shift"", ""shift"", ""shift"", ""same"", ""same""]"	"[[""independence_transition"", ""number_change"", ""person_change"", ""subject_shift"", ""subordination_transition""], [""independence_transition"", ""number_change"", ""person_change"", ""subject_shift"", ""subordination_transition""], [""number_change"", ""person_change"", ""subject_shift""], [""independence_transition"", ""subordination_transition""], [""independence_transition"", ""subordination_transition""]]"
41	1:27	5	"[""strong"", ""strong"", ""candidate"", ""candidate"", ""candidate""]"	"[""shift"", ""shift"", ""same"", ""same"", ""same""]"	"[[""independence_transition"", ""number_change"", ""person_change"", ""subject_shift"", ""subordination_transition""], [""number_change"", ""person_change"", ""subject_shift""], [""independence_transition"", ""subordination_transition""], [""independence_transition"", ""subordination_transition""], [""independence_transition"", ""subordination_transition""]]"
42	1:27	5	"[""strong"", ""candidate"", ""candidate"", ""candidate"", ""candidate""]"	"[""shift"", ""same"", ""same"", ""same"", ""same""]"	"[[""number_change"", ""person_change"", ""subject_shift""], [""independence_transition"", ""subordination_transition""], [""independence_transition"", ""subordination_transition""], [""independence_transition"", ""subordination_transition""], [""independence_transition"", ""subordination_transition""]]"
43	1:27	5	"[""candidate"", ""candidate"", ""candidate"", ""candidate"", ""candidate""]"	"[""same"", ""same"", ""same"", ""same"", ""same""]"	"[[""independence_transition"", ""subordination_transition""], [""independence_transition"", ""subordination_transition""], [""independence_transition"", ""subordination_transition""], [""independence_transition"", ""subordination_transition""], [""independence_transition"", ""subordination_transition""]]"
44	1:28	5	"[""candidate"", ""candidate"", ""candidate"", ""candidate"", ""none""]"	"[""same"", ""same"", ""same"", ""same"", ""same""]"	"[[""independence_transition"", ""subordination_transition""], [""independence_transition"", ""subordination_transition""], [""independence_transition"", ""subordination_transition""], [""independence_transition"", ""subordination_transition""], []]"
45	1:28	5	"[""candidate"", ""candidate"", ""candidate"", ""none"", ""strong""]"	"[""same"", ""same"", ""same"", ""same"", ""shift""]"	"[[""independence_transition"", ""subordination_transition""], [""independence_transition"", ""subordination_transition""], [""independence_transition"", ""subordination_transition""], [], [""independence_transition"", ""number_change"", ""person_change"", ""subject_shift"", ""subordination_transition""]]"
47	1:30	5	"[""candidate"", ""none"", ""strong"", ""strong"", ""candidate""]"	"[""same"", ""same"", ""shift"", ""shift"", ""same""]"	"[[""independence_transition"", ""subordination_transition""], [], [""independence_transition"", ""number_change"", ""person_change"", ""subject_shift"", ""subordination_transition""], [""number_change"", ""person_change"", ""subject_shift""], [""independence_transition"", ""subordination_transition""]]"
48	1:30	5	"[""none"", ""strong"", ""strong"", ""candidate"", ""candidate""]"	"[""same"", ""shift"", ""shift"", ""same"", ""same""]"	"[[], [""independence_transition"", ""number_change"", ""person_change"", ""subject_shift"", ""subordination_transition""], [""number_change"", ""person_change"", ""subject_shift""], [""independence_transition"", ""subordination_transition""], [""independence_transition"", ""subordination_transition""]]"
49	1:31	5	"[""strong"", ""strong"", ""candidate"", ""candidate"", ""candidate""]"	"[""shift"", ""shift"", ""same"", ""same"", ""shift""]"	"[[""independence_transition"", ""number_change"", ""person_change"", ""subject_shift"", ""subordination_transition""], [""number_change"", ""person_change"", ""subject_shift""], [""independence_transition"", ""subordination_transition""], [""independence_transition"", ""subordination_transition""], [""person_change"", ""subject_shift""]]"
50	1:31	5	"[""strong"", ""candidate"", ""candidate"", ""candidate"", ""none""]"	"[""shift"", ""same"", ""same"", ""shift"", ""same""]"	"[[""number_change"", ""person_change"", ""subject_shift""], [""independence_transition"", ""subordination_transition""], [""independence_transition"", ""subordination_transition""], [""person_change"", ""subject_shift""], []]"
51	2:1	5	"[""candidate"", ""candidate"", ""candidate"", ""none"", ""none""]"	"[""same"", ""same"", ""shift"", ""same"", ""same""]"	"[[""independence_transition"", ""subordination_transition""], [""independence_transition"", ""subordination_transition""], [""person_change"", ""subject_shift""], [], []]"
54	2:5	5	"[""none"", ""none"", ""strong"", ""strong"", ""none""]"	"[""same"", ""same"", ""shift"", ""shift"", ""same""]"	"[[], [], [""independence_transition"", ""person_change"", ""subject_shift"", ""subordination_transition""], [""independence_transition"", ""number_change"", ""person_change"", ""subject_shift"", ""subordination_transition""], []]"
55	2:6	5	"[""none"", ""strong"", ""strong"", ""none"", ""strong""]"	"[""same"", ""shift"", ""shift"", ""same"", ""shift""]"	"[[], [""independence_transition"", ""person_change"", ""subject_shift"", ""subordination_transition""], [""independence_transition"", ""number_change"", ""person_change"", ""subject_shift"", ""subordination_transition""], [], [""number_change"", ""person_change"", ""subject_shift""]]"
57	2:7	5	"[""strong"", ""none"", ""strong"", ""none"", ""strong""]"	"[""shift"", ""same"", ""shift"", ""same"", ""shift""]"	"[[""independence_transition"", ""number_change"", ""person_change"", ""subject_shift"", ""subordination_transition""], [], [""number_change"", ""person_change"", ""subject_shift""], [], [""independence_transition"", ""number_change"", ""subject_shift"", ""subordination_transition""]]"
59	2:8	5	"[""strong"", ""none"", ""strong"", ""candidate"", ""strong""]"	"[""shift"", ""same"", ""shift"", ""same"", ""shift""]"	"[[""number_change"", ""person_change"", ""subject_shift""], [], [""independence_transition"", ""number_change"", ""subject_shift"", ""subordination_transition""], [""independence_transition"", ""subordination_transition""], [""independence_transition"", ""number_change"", ""subject_shift"", ""subordination_transition""]]"
60	2:8	5	"[""none"", ""strong"", ""candidate"", ""strong"", ""candidate""]"	"[""same"", ""shift"", ""same"", ""shift"", ""same""]"	"[[], [""independence_transition"", ""number_change"", ""subject_shift"", ""subordination_transition""], [""independence_transition"", ""subordination_transition""], [""independence_transition"", ""number_change"", ""subject_shift"", ""subordination_transition""], [""independence_transition"", ""subordination_transition""]]"
61	2:9	5	"[""strong"", ""candidate"", ""strong"", ""candidate"", ""none""]"	"[""shift"", ""same"", ""shift"", ""same"", ""same""]"	"[[""independence_transition"", ""number_change"", ""subject_shift"", ""subordination_transition""], [""independence_transition"", ""subordination_transition""], [""independence_transition"", ""number_change"", ""subject_shift"", ""subordination_transition""], [""independence_transition"", ""subordination_transition""], []]"
62	2:9	5	"[""candidate"", ""strong"", ""candidate"", ""none"", ""none""]"	"[""same"", ""shift"", ""same"", ""same"", ""same""]"	"[[""independence_transition"", ""subordination_transition""], [""independence_transition"", ""number_change"", ""subject_shift"", ""subordination_transition""], [""independence_transition"", ""subordination_transition""], [], []]"
69	2:11	5	"[""none"", ""none"", ""candidate"", ""strong"", ""candidate""]"	"[""same"", ""same"", ""same"", ""shift"", ""same""]"	"[[], [], [""independence_transition"", ""subordination_transition""], [""independence_transition"", ""number_change"", ""person_change"", ""subject_shift"", ""subordination_transition""], [""independence_transition"", ""subordination_transition""]]"
70	2:12	5	"[""none"", ""candidate"", ""strong"", ""candidate"", ""candidate""]"	"[""same"", ""same"", ""shift"", ""same"", ""same""]"	"[[], [""independence_transition"", ""subordination_transition""], [""independence_transition"", ""number_change"", ""person_change"", ""subject_shift"", ""subordination_transition""], [""independence_transition"", ""subordination_transition""], [""independence_transition"", ""subordination_transition""]]"
71	2:12	5	"[""candidate"", ""strong"", ""candidate"", ""candidate"", ""strong""]"	"[""same"", ""shift"", ""same"", ""same"", ""shift""]"	"[[""independence_transition"", ""subordination_transition""], [""independence_transition"", ""number_change"", ""person_change"", ""subject_shift"", ""subordination_transition""], [""independence_transition"", ""subordination_transition""], [""independence_transition"", ""subordination_transition""], [""number_change"", ""person_change"", ""subject_shift""]]"
72	2:13	5	"[""strong"", ""candidate"", ""candidate"", ""strong"", ""none""]"	"[""shift"", ""same"", ""same"", ""shift"", ""same""]"	"[[""independence_transition"", ""number_change"", ""person_change"", ""subject_shift"", ""subordination_transition""], [""independence_transition"", ""subordination_transition""], [""independence_transition"", ""subordination_transition""], [""number_change"", ""person_change"", ""subject_shift""], []]"
73	2:14	5	"[""candidate"", ""candidate"", ""strong"", ""none"", ""none""]"	"[""same"", ""same"", ""shift"", ""same"", ""same""]"	"[[""independence_transition"", ""subordination_transition""], [""independence_transition"", ""subordination_transition""], [""number_change"", ""person_change"", ""subject_shift""], [], []]"
76	2:14	5	"[""none"", ""none"", ""candidate"", ""candidate"", ""none""]"	"[""same"", ""same"", ""same"", ""same"", ""same""]"	"[[], [], [""independence_transition"", ""subordination_transition""], [""independence_transition"", ""subordination_transition""], []]"
77	2:15	5	"[""none"", ""candidate"", ""candidate"", ""none"", ""none""]"	"[""same"", ""same"", ""same"", ""same"", ""same""]"	"[[], [""independence_transition"", ""subordination_transition""], [""independence_transition"", ""subordination_transition""], [], []]"
81	2:16	5	"[""none"", ""none"", ""strong"", ""candidate"", ""none""]"	"[""same"", ""same"", ""shift"", ""shift"", ""same""]"	"[[], [], [""number_change"", ""person_change"", ""subject_shift""], [""number_change"", ""subject_shift""], []]"
82	3:1	5	"[""none"", ""strong"", ""candidate"", ""none"", ""strong""]"	"[""same"", ""shift"", ""shift"", ""same"", ""shift""]"	"[[], [""number_change"", ""person_change"", ""subject_shift""], [""number_change"", ""subject_shift""], [], [""number_change"", ""person_change"", ""subject_shift""]]"
84	3:2	5	"[""candidate"", ""none"", ""strong"", ""none"", ""none""]"	"[""shift"", ""same"", ""shift"", ""same"", ""same""]"	"[[""number_change"", ""subject_shift""], [], [""number_change"", ""person_change"", ""subject_shift""], [], []]"
89	3:4	5	"[""none"", ""none"", ""strong"", ""strong"", ""strong""]"	"[""same"", ""same"", ""shift"", ""shift"", ""shift""]"	"[[], [], [""independence_transition"", ""number_change"", ""person_change"", ""subject_shift"", ""subordination_transition""], [""independence_transition"", ""person_change"", ""subject_shift"", ""subordination_transition""], [""number_change"", ""person_change"", ""subject_shift""]]"
90	3:4	5	"[""none"", ""strong"", ""strong"", ""strong"", ""strong""]"	"[""same"", ""shift"", ""shift"", ""shift"", ""shift""]"	"[[], [""independence_transition"", ""number_change"", ""person_change"", ""subject_shift"", ""subordination_transition""], [""independence_transition"", ""person_change"", ""subject_shift"", ""subordination_transition""], [""number_change"", ""person_change"", ""subject_shift""], [""number_change"", ""person_change"", ""subject_shift""]]"
91	3:4	5	"[""strong"", ""strong"", ""strong"", ""strong"", ""none""]"	"[""shift"", ""shift"", ""shift"", ""shift"", ""same""]"	"[[""independence_transition"", ""number_change"", ""person_change"", ""subject_shift"", ""subordination_transition""], [""independence_transition"", ""person_change"", ""subject_shift"", ""subordination_transition""], [""number_change"", ""person_change"", ""subject_shift""], [""number_change"", ""person_change"", ""subject_shift""], []]"
92	3:5	5	"[""strong"", ""strong"", ""strong"", ""none"", ""strong""]"	"[""shift"", ""shift"", ""shift"", ""same"", ""shift""]"	"[[""independence_transition"", ""person_change"", ""subject_shift"", ""subordination_transition""], [""number_change"", ""person_change"", ""subject_shift""], [""number_change"", ""person_change"", ""subject_shift""], [], [""number_change"", ""person_change"", ""subject_shift""]]"
94	3:5	5	"[""strong"", ""none"", ""strong"", ""strong"", ""strong""]"	"[""shift"", ""same"", ""shift"", ""shift"", ""shift""]"	"[[""number_change"", ""person_change"", ""subject_shift""], [], [""number_change"", ""person_change"", ""subject_shift""], [""independence_transition"", ""number_change"", ""person_change"", ""subject_shift"", ""subordination_transition""], [""independence_transition"", ""person_change"", ""subject_shift"", ""subordination_transition""]]"
95	3:5	5	"[""none"", ""strong"", ""strong"", ""strong"", ""candidate""]"	"[""same"", ""shift"", ""shift"", ""shift"", ""shift""]"	"[[], [""number_change"", ""person_change"", ""subject_shift""], [""independence_transition"", ""number_change"", ""person_change"", ""subject_shift"", ""subordination_transition""], [""independence_transition"", ""person_change"", ""subject_shift"", ""subordination_transition""], [""person_change"", ""subject_shift""]]"
96	3:6	5	"[""strong"", ""strong"", ""strong"", ""candidate"", ""none""]"	"[""shift"", ""shift"", ""shift"", ""shift"", ""same""]"	"[[""number_change"", ""person_change"", ""subject_shift""], [""independence_transition"", ""number_change"", ""person_change"", ""subject_shift"", ""subordination_transition""], [""independence_transition"", ""person_change"", ""subject_shift"", ""subordination_transition""], [""person_change"", ""subject_shift""], []]"
97	3:6	5	"[""strong"", ""strong"", ""candidate"", ""none"", ""candidate""]"	"[""shift"", ""shift"", ""shift"", ""same"", ""same""]"	"[[""independence_transition"", ""number_change"", ""person_change"", ""subject_shift"", ""subordination_transition""], [""independence_transition"", ""person_change"", ""subject_shift"", ""subordination_transition""], [""person_change"", ""subject_shift""], [], [""independence_transition"", ""subordination_transition""]]"
99	3:7	5	"[""candidate"", ""none"", ""candidate"", ""strong"", ""candidate""]"	"[""shift"", ""same"", ""same"", ""shift"", ""shift""]"	"[[""person_change"", ""subject_shift""], [], [""independence_transition"", ""subordination_transition""], [""independence_transition"", ""number_change"", ""subject_shift"", ""subordination_transition""], [""number_change"", ""subject_shift""]]"
100	3:8	5	"[""none"", ""candidate"", ""strong"", ""candidate"", ""strong""]"	"[""same"", ""same"", ""shift"", ""shift"", ""shift""]"	"[[], [""independence_transition"", ""subordination_transition""], [""independence_transition"", ""number_change"", ""subject_shift"", ""subordination_transition""], [""number_change"", ""subject_shift""], [""number_change"", ""person_change"", ""subject_shift""]]"
101	3:8	5	"[""candidate"", ""strong"", ""candidate"", ""strong"", ""candidate""]"	"[""same"", ""shift"", ""shift"", ""shift"", ""shift""]"	"[[""independence_transition"", ""subordination_transition""], [""independence_transition"", ""number_change"", ""subject_shift"", ""subordination_transition""], [""number_change"", ""subject_shift""], [""number_change"", ""person_change"", ""subject_shift""], [""person_change"", ""subject_shift""]]"
102	3:9	5	"[""strong"", ""candidate"", ""strong"", ""candidate"", ""strong""]"	"[""shift"", ""shift"", ""shift"", ""shift"", ""shift""]"	"[[""independence_transition"", ""number_change"", ""subject_shift"", ""subordination_transition""], [""number_change"", ""subject_shift""], [""number_change"", ""person_change"", ""subject_shift""], [""person_change"", ""subject_shift""], [""independence_transition"", ""number_change"", ""person_change"", ""subject_shift"", ""subordination_transition""]]"
103	3:9	5	"[""candidate"", ""strong"", ""candidate"", ""strong"", ""strong""]"	"[""shift"", ""shift"", ""shift"", ""shift"", ""shift""]"	"[[""number_change"", ""subject_shift""], [""number_change"", ""person_change"", ""subject_shift""], [""person_change"", ""subject_shift""], [""independence_transition"", ""number_change"", ""person_change"", ""subject_shift"", ""subordination_transition""], [""independence_transition"", ""person_change"", ""subject_shift"", ""subordination_transition""]]"
104	3:10	5	"[""strong"", ""candidate"", ""strong"", ""strong"", ""none""]"	"[""shift"", ""shift"", ""shift"", ""shift"", ""same""]"	"[[""number_change"", ""person_change"", ""subject_shift""], [""person_change"", ""subject_shift""], [""independence_transition"", ""number_change"", ""person_change"", ""subject_shift"", ""subordination_transition""], [""independence_transition"", ""person_change"", ""subject_shift"", ""subordination_transition""], []]"
105	3:10	5	"[""candidate"", ""strong"", ""strong"", ""none"", ""none""]"	"[""shift"", ""shift"", ""shift"", ""same"", ""same""]"	"[[""person_change"", ""subject_shift""], [""independence_transition"", ""number_change"", ""person_change"", ""subject_shift"", ""subordination_transition""], [""independence_transition"", ""person_change"", ""subject_shift"", ""subordination_transition""], [], []]"
110	3:12	5	"[""none"", ""none"", ""candidate"", ""candidate"", ""none""]"	"[""same"", ""same"", ""same"", ""same"", ""same""]"	"[[], [], [""independence_transition"", ""subordination_transition""], [""independence_transition"", ""subordination_transition""], []]"
111	3:13	5	"[""none"", ""candidate"", ""candidate"", ""none"", ""candidate""]"	"[""same"", ""same"", ""same"", ""same"", ""same""]"	"[[], [""independence_transition"", ""subordination_transition""], [""independence_transition"", ""subordination_transition""], [], [""independence_transition"", ""subordination_transition""]]"
113	3:13	5	"[""candidate"", ""none"", ""candidate"", ""candidate"", ""none""]"	"[""same"", ""same"", ""same"", ""same"", ""same""]"	"[[""independence_transition"", ""subordination_transition""], [], [""independence_transition"", ""subordination_transition""], [""independence_transition"", ""subordination_transition""], []]"
114	3:13	5	"[""none"", ""candidate"", ""candidate"", ""none"", ""candidate""]"	"[""same"", ""same"", ""same"", ""same"", ""same""]"	"[[], [""independence_transition"", ""subordination_transition""], [""independence_transition"", ""subordination_transition""], [], [""independence_transition"", ""subordination_transition""]]"
116	3:14	5	"[""candidate"", ""none"", ""candidate"", ""candidate"", ""none""]"	"[""same"", ""same"", ""same"", ""same"", ""same""]"	"[[""independence_transition"", ""subordination_transition""], [], [""independence_transition"", ""subordination_transition""], [""independence_transition"", ""subordination_transition""], []]"
117	3:14	5	"[""none"", ""candidate"", ""candidate"", ""none"", ""candidate""]"	"[""same"", ""same"", ""same"", ""same"", ""same""]"	"[[], [""independence_transition"", ""subordination_transition""], [""independence_transition"", ""subordination_transition""], [], [""independence_transition"", ""subordination_transition""]]"
119	3:15	5	"[""candidate"", ""none"", ""candidate"", ""candidate"", ""none""]"	"[""same"", ""same"", ""same"", ""same"", ""same""]"	"[[""independence_transition"", ""subordination_transition""], [], [""independence_transition"", ""subordination_transition""], [""independence_transition"", ""subordination_transition""], []]"
120	3:15	5	"[""none"", ""candidate"", ""candidate"", ""none"", ""strong""]"	"[""same"", ""same"", ""same"", ""same"", ""shift""]"	"[[], [""independence_transition"", ""subordination_transition""], [""independence_transition"", ""subordination_transition""], [], [""number_change"", ""person_change"", ""subject_shift""]]"
122	3:16	5	"[""candidate"", ""none"", ""strong"", ""candidate"", ""strong""]"	"[""same"", ""same"", ""shift"", ""same"", ""shift""]"	"[[""independence_transition"", ""subordination_transition""], [], [""number_change"", ""person_change"", ""subject_shift""], [""independence_transition"", ""subordination_transition""], [""independence_transition"", ""number_change"", ""person_change"", ""subject_shift"", ""subordination_transition""]]"
123	3:16	5	"[""none"", ""strong"", ""candidate"", ""strong"", ""candidate""]"	"[""same"", ""shift"", ""same"", ""shift"", ""same""]"	"[[], [""number_change"", ""person_change"", ""subject_shift""], [""independence_transition"", ""subordination_transition""], [""independence_transition"", ""number_change"", ""person_change"", ""subject_shift"", ""subordination_transition""], [""independence_transition"", ""subordination_transition""]]"
124	3:16	5	"[""strong"", ""candidate"", ""strong"", ""candidate"", ""candidate""]"	"[""shift"", ""same"", ""shift"", ""same"", ""same""]"	"[[""number_change"", ""person_change"", ""subject_shift""], [""independence_transition"", ""subordination_transition""], [""independence_transition"", ""number_change"", ""person_change"", ""subject_shift"", ""subordination_transition""], [""independence_transition"", ""subordination_transition""], [""independence_transition"", ""subordination_transition""]]"
125	3:17	5	"[""candidate"", ""strong"", ""candidate"", ""candidate"", ""none""]"	"[""same"", ""shift"", ""same"", ""same"", ""same""]"	"[[""independence_transition"", ""subordination_transition""], [""independence_transition"", ""number_change"", ""person_change"", ""subject_shift"", ""subordination_transition""], [""independence_transition"", ""subordination_transition""], [""independence_transition"", ""subordination_transition""], []]"
126	3:17	5	"[""strong"", ""candidate"", ""candidate"", ""none"", ""strong""]"	"[""shift"", ""same"", ""same"", ""same"", ""shift""]"	"[[""independence_transition"", ""number_change"", ""person_change"", ""subject_shift"", ""subordination_transition""], [""independence_transition"", ""subordination_transition""], [""independence_transition"", ""subordination_transition""], [], [""number_change"", ""person_change"", ""subject_shift""]]"
128	3:17	5	"[""candidate"", ""none"", ""strong"", ""strong"", ""candidate""]"	"[""same"", ""same"", ""shift"", ""shift"", ""same""]"	"[[""independence_transition"", ""subordination_transition""], [], [""number_change"", ""person_change"", ""subject_shift""], [""number_change"", ""person_change"", ""subject_shift""], [""independence_transition"", ""subordination_transition""]]"
129	3:18	5	"[""none"", ""strong"", ""strong"", ""candidate"", ""candidate""]"	"[""same"", ""shift"", ""shift"", ""same"", ""same""]"	"[[], [""number_change"", ""person_change"", ""subject_shift""], [""number_change"", ""person_change"", ""subject_shift""], [""independence_transition"", ""subordination_transition""], [""independence_transition"", ""subordination_transition""]]"
130	3:18	5	"[""strong"", ""strong"", ""candidate"", ""candidate"", ""candidate""]"	"[""shift"", ""shift"", ""same"", ""same"", ""same""]"	"[[""number_change"", ""person_change"", ""subject_shift""], [""number_change"", ""person_change"", ""subject_shift""], [""independence_transition"", ""subordination_transition""], [""independence_transition"", ""subordination_transition""], [""independence_transition"", ""subordination_transition""]]"
131	3:18	5	"[""strong"", ""candidate"", ""candidate"", ""candidate"", ""candidate""]"	"[""shift"", ""same"", ""same"", ""same"", ""same""]"	"[[""number_change"", ""person_change"", ""subject_shift""], [""independence_transition"", ""subordination_transition""], [""independence_transition"", ""subordination_transition""], [""independence_transition"", ""subordination_transition""], [""independence_transition"", ""subordination_transition""]]"
132	3:18	5	"[""candidate"", ""candidate"", ""candidate"", ""candidate"", ""none""]"	"[""same"", ""same"", ""same"", ""same"", ""same""]"	"[[""independence_transition"", ""subordination_transition""], [""independence_transition"", ""subordination_transition""], [""independence_transition"", ""subordination_transition""], [""independence_transition"", ""subordination_transition""], []]"
133	3:19	5	"[""candidate"", ""candidate"", ""candidate"", ""none"", ""none""]"	"[""same"", ""same"", ""same"", ""same"", ""same""]"	"[[""independence_transition"", ""subordination_transition""], [""independence_transition"", ""subordination_transition""], [""independence_transition"", ""subordination_transition""], [], []]"
136	3:20	5	"[""none"", ""none"", ""strong"", ""candidate"", ""candidate""]"	"[""same"", ""same"", ""shift"", ""shift"", ""same""]"	"[[], [], [""independence_transition"", ""number_change"", ""subject_shift"", ""subordination_transition""], [""number_change"", ""subject_shift""], [""independence_transition"", ""subordination_transition""]]"
137	3:21	5	"[""none"", ""strong"", ""candidate"", ""candidate"", ""none""]"	"[""same"", ""shift"", ""shift"", ""same"", ""same""]"	"[[], [""independence_transition"", ""number_change"", ""subject_shift"", ""subordination_transition""], [""number_change"", ""subject_shift""], [""independence_transition"", ""subordination_transition""], []]"
138	3:21	5	"[""strong"", ""candidate"", ""candidate"", ""none"", ""none""]"	"[""shift"", ""shift"", ""same"", ""same"", ""same""]"	"[[""independence_transition"", ""number_change"", ""subject_shift"", ""subordination_transition""], [""number_change"", ""subject_shift""], [""independence_transition"", ""subordination_transition""], [], []]"
141	4:2	5	"[""none"", ""none"", ""candidate"", ""candidate"", ""strong""]"	"[""same"", ""same"", ""same"", ""same"", ""shift""]"	"[[], [], [""independence_transition"", ""subordination_transition""], [""independence_transition"", ""subordination_transition""], [""independence_transition"", ""person_change"", ""subject_shift"", ""subordination_transition""]]"
142	4:3	5	"[""none"", ""candidate"", ""candidate"", ""strong"", ""candidate""]"	"[""same"", ""same"", ""same"", ""shift"", ""same""]"	"[[], [""independence_transition"", ""subordination_transition""], [""independence_transition"", ""subordination_transition""], [""independence_transition"", ""person_change"", ""subject_shift"", ""subordination_transition""], [""independence_transition"", ""subordination_transition""]]"
143	4:3	5	"[""candidate"", ""candidate"", ""strong"", ""candidate"", ""none""]"	"[""same"", ""same"", ""shift"", ""same"", ""same""]"	"[[""independence_transition"", ""subordination_transition""], [""independence_transition"", ""subordination_transition""], [""independence_transition"", ""person_change"", ""subject_shift"", ""subordination_transition""], [""independence_transition"", ""subordination_transition""], []]"
144	4:3	5	"[""candidate"", ""strong"", ""candidate"", ""none"", ""none""]"	"[""same"", ""shift"", ""same"", ""same"", ""same""]"	"[[""independence_transition"", ""subordination_transition""], [""independence_transition"", ""person_change"", ""subject_shift"", ""subordination_transition""], [""independence_transition"", ""subordination_transition""], [], []]"
147	4:4	5	"[""none"", ""none"", ""candidate"", ""strong"", ""strong""]"	"[""same"", ""same"", ""shift"", ""shift"", ""shift""]"	"[[], [], [""person_change"", ""subject_shift""], [""independence_transition"", ""number_change"", ""person_change"", ""subject_shift"", ""subordination_transition""], [""independence_transition"", ""number_change"", ""person_change"", ""subject_shift"", ""subordination_transition""]]"
148	4:5	5	"[""none"", ""candidate"", ""strong"", ""strong"", ""none""]"	"[""same"", ""shift"", ""shift"", ""shift"", ""same""]"	"[[], [""person_change"", ""subject_shift""], [""independence_transition"", ""number_change"", ""person_change"", ""subject_shift"", ""subordination_transition""], [""independence_transition"", ""number_change"", ""person_change"", ""subject_shift"", ""subordination_transition""], []]"
149	4:5	5	"[""candidate"", ""strong"", ""strong"", ""none"", ""none""]"	"[""shift"", ""shift"", ""shift"", ""same"", ""same""]"	"[[""person_change"", ""subject_shift""], [""independence_transition"", ""number_change"", ""person_change"", ""subject_shift"", ""subordination_transition""], [""independence_transition"", ""number_change"", ""person_change"", ""subject_shift"", ""subordination_transition""], [], []]"
153	4:6	5	"[""none"", ""none"", ""candidate"", ""strong"", ""strong""]"	"[""same"", ""same"", ""shift"", ""shift"", ""shift""]"	"[[], [], [""person_change"", ""subject_shift""], [""independence_transition"", ""number_change"", ""person_change"", ""subject_shift"", ""subordination_transition""], [""independence_transition"", ""number_change"", ""person_change"", ""subject_shift"", ""subordination_transition""]]"
154	4:6	5	"[""none"", ""candidate"", ""strong"", ""strong"", ""strong""]"	"[""same"", ""shift"", ""shift"", ""shift"", ""shift""]"	"[[], [""person_change"", ""subject_shift""], [""independence_transition"", ""number_change"", ""person_change"", ""subject_shift"", ""subordination_transition""], [""independence_transition"", ""number_change"", ""person_change"", ""subject_shift"", ""subordination_transition""], [""independence_transition"", ""number_change"", ""person_change"", ""subject_shift"", ""subordination_transition""]]"
155	4:6	5	"[""candidate"", ""strong"", ""strong"", ""strong"", ""strong""]"	"[""shift"", ""shift"", ""shift"", ""shift"", ""shift""]"	"[[""person_change"", ""subject_shift""], [""independence_transition"", ""number_change"", ""person_change"", ""subject_shift"", ""subordination_transition""], [""independence_transition"", ""number_change"", ""person_change"", ""subject_shift"", ""subordination_transition""], [""independence_transition"", ""number_change"", ""person_change"", ""subject_shift"", ""subordination_transition""], [""independence_transition"", ""number_change"", ""person_change"", ""subject_shift"", ""subordination_transition""]]"
156	4:6	5	"[""strong"", ""strong"", ""strong"", ""strong"", ""candidate""]"	"[""shift"", ""shift"", ""shift"", ""shift"", ""shift""]"	"[[""independence_transition"", ""number_change"", ""person_change"", ""subject_shift"", ""subordination_transition""], [""independence_transition"", ""number_change"", ""person_change"", ""subject_shift"", ""subordination_transition""], [""independence_transition"", ""number_change"", ""person_change"", ""subject_shift"", ""subordination_transition""], [""independence_transition"", ""number_change"", ""person_change"", ""subject_shift"", ""subordination_transition""], [""person_change"", ""subject_shift""]]"
157	4:7	5	"[""strong"", ""strong"", ""strong"", ""candidate"", ""none""]"	"[""shift"", ""shift"", ""shift"", ""shift"", ""same""]"	"[[""independence_transition"", ""number_change"", ""person_change"", ""subject_shift"", ""subordination_transition""], [""independence_transition"", ""number_change"", ""person_change"", ""subject_shift"", ""subordination_transition""], [""independence_transition"", ""number_change"", ""person_change"", ""subject_shift"", ""subordination_transition""], [""person_change"", ""subject_shift""], []]"
158	4:7	5	"[""strong"", ""strong"", ""candidate"", ""none"", ""candidate""]"	"[""shift"", ""shift"", ""shift"", ""same"", ""same""]"	"[[""independence_transition"", ""number_change"", ""person_change"", ""subject_shift"", ""subordination_transition""], [""independence_transition"", ""number_change"", ""person_change"", ""subject_shift"", ""subordination_transition""], [""person_change"", ""subject_shift""], [], [""independence_transition"", ""subordination_transition""]]"
160	4:7	5	"[""candidate"", ""none"", ""candidate"", ""candidate"", ""candidate""]"	"[""shift"", ""same"", ""same"", ""same"", ""shift""]"	"[[""person_change"", ""subject_shift""], [], [""independence_transition"", ""subordination_transition""], [""independence_transition"", ""subordination_transition""], [""number_change"", ""subject_shift""]]"
161	4:7	5	"[""none"", ""candidate"", ""candidate"", ""candidate"", ""none""]"	"[""same"", ""same"", ""same"", ""shift"", ""same""]"	"[[], [""independence_transition"", ""subordination_transition""], [""independence_transition"", ""subordination_transition""], [""number_change"", ""subject_shift""], []]"
162	4:8	5	"[""candidate"", ""candidate"", ""candidate"", ""none"", ""none""]"	"[""same"", ""same"", ""shift"", ""same"", ""same""]"	"[[""independence_transition"", ""subordination_transition""], [""independence_transition"", ""subordination_transition""], [""number_change"", ""subject_shift""], [], []]"
166	4:8	5	"[""none"", ""none"", ""strong"", ""strong"", ""candidate""]"	"[""same"", ""same"", ""shift"", ""shift"", ""shift""]"	"[[], [], [""independence_transition"", ""person_change"", ""subject_shift"", ""subordination_transition""], [""independence_transition"", ""number_change"", ""subject_shift"", ""subordination_transition""], [""person_change"", ""subject_shift""]]"
167	4:9	5	"[""none"", ""strong"", ""strong"", ""candidate"", ""strong""]"	"[""same"", ""shift"", ""shift"", ""shift"", ""shift""]"	"[[], [""independence_transition"", ""person_change"", ""subject_shift"", ""subordination_transition""], [""independence_transition"", ""number_change"", ""subject_shift"", ""subordination_transition""], [""person_change"", ""subject_shift""], [""independence_transition"", ""number_change"", ""person_change"", ""subject_shift"", ""subordination_transition""]]"
168	4:9	5	"[""strong"", ""strong"", ""candidate"", ""strong"", ""candidate""]"	"[""shift"", ""shift"", ""shift"", ""shift"", ""same""]"	"[[""independence_transition"", ""person_change"", ""subject_shift"", ""subordination_transition""], [""independence_transition"", ""number_change"", ""subject_shift"", ""subordination_transition""], [""person_change"", ""subject_shift""], [""independence_transition"", ""number_change"", ""person_change"", ""subject_shift"", ""subordination_transition""], [""independence_transition"", ""subordination_transition""]]"
169	4:9	5	"[""strong"", ""candidate"", ""strong"", ""candidate"", ""none""]"	"[""shift"", ""shift"", ""shift"", ""same"", ""same""]"	"[[""independence_transition"", ""number_change"", ""subject_shift"", ""subordination_transition""], [""person_change"", ""subject_shift""], [""independence_transition"", ""number_change"", ""person_change"", ""subject_shift"", ""subordination_transition""], [""independence_transition"", ""subordination_transition""], []]"
170	4:11	5	"[""candidate"", ""strong"", ""candidate"", ""none"", ""none""]"	"[""shift"", ""shift"", ""same"", ""same"", ""same""]"	"[[""person_change"", ""subject_shift""], [""independence_transition"", ""number_change"", ""person_change"", ""subject_shift"", ""subordination_transition""], [""independence_transition"", ""subordination_transition""], [], []]"
179	4:13	5	"[""none"", ""none"", ""candidate"", ""strong"", ""strong""]"	"[""same"", ""same"", ""same"", ""shift"", ""shift""]"	"[[], [], [""independence_transition"", ""subordination_transition""], [""independence_transition"", ""number_change"", ""subject_shift"", ""subordination_transition""], [""independence_transition"", ""number_change"", ""person_change"", ""subject_shift"", ""subordination_transition""]]"
180	4:14	5	"[""none"", ""candidate"", ""strong"", ""strong"", ""strong""]"	"[""same"", ""same"", ""shift"", ""shift"", ""shift""]"	"[[], [""independence_transition"", ""subordination_transition""], [""independence_transition"", ""number_change"", ""subject_shift"", ""subordination_transition""], [""independence_transition"", ""number_change"", ""person_change"", ""subject_shift"", ""subordination_transition""], [""independence_transition"", ""number_change"", ""person_change"", ""subject_shift"", ""subordination_transition""]]"
181	4:15	5	"[""candidate"", ""strong"", ""strong"", ""strong"", ""none""]"	"[""same"", ""shift"", ""shift"", ""shift"", ""same""]"	"[[""independence_transition"", ""subordination_transition""], [""independence_transition"", ""number_change"", ""subject_shift"", ""subordination_transition""], [""independence_transition"", ""number_change"", ""person_change"", ""subject_shift"", ""subordination_transition""], [""independence_transition"", ""number_change"", ""person_change"", ""subject_shift"", ""subordination_transition""], []]"
182	4:15	5	"[""strong"", ""strong"", ""strong"", ""none"", ""strong""]"	"[""shift"", ""shift"", ""shift"", ""same"", ""shift""]"	"[[""independence_transition"", ""number_change"", ""subject_shift"", ""subordination_transition""], [""independence_transition"", ""number_change"", ""person_change"", ""subject_shift"", ""subordination_transition""], [""independence_transition"", ""number_change"", ""person_change"", ""subject_shift"", ""subordination_transition""], [], [""number_change"", ""person_change"", ""subject_shift""]]"
184	4:16	5	"[""strong"", ""none"", ""strong"", ""strong"", ""candidate""]"	"[""shift"", ""same"", ""shift"", ""shift"", ""shift""]"	"[[""independence_transition"", ""number_change"", ""person_change"", ""subject_shift"", ""subordination_transition""], [], [""number_change"", ""person_change"", ""subject_shift""], [""number_change"", ""person_change"", ""subject_shift""], [""person_change"", ""subject_shift""]]"
185	4:17	5	"[""none"", ""strong"", ""strong"", ""candidate"", ""none""]"	"[""same"", ""shift"", ""shift"", ""shift"", ""same""]"	"[[], [""number_change"", ""person_change"", ""subject_shift""], [""number_change"", ""person_change"", ""subject_shift""], [""person_change"", ""subject_shift""], []]"
186	4:17	5	"[""strong"", ""strong"", ""candidate"", ""none"", ""strong""]"	"[""shift"", ""shift"", ""shift"", ""same"", ""shift""]"	"[[""number_change"", ""person_change"", ""subject_shift""], [""number_change"", ""person_change"", ""subject_shift""], [""person_change"", ""subject_shift""], [], [""independence_transition"", ""person_change"", ""subject_shift"", ""subordination_transition""]]"
188	4:17	5	"[""candidate"", ""none"", ""strong"", ""strong"", ""strong""]"	"[""shift"", ""same"", ""shift"", ""shift"", ""shift""]"	"[[""person_change"", ""subject_shift""], [], [""independence_transition"", ""person_change"", ""subject_shift"", ""subordination_transition""], [""number_change"", ""person_change"", ""subject_shift""], [""independence_transition"", ""number_change"", ""person_change"", ""subject_shift"", ""subordination_transition""]]"
189	4:18	5	"[""none"", ""strong"", ""strong"", ""strong"", ""strong""]"	"[""same"", ""shift"", ""shift"", ""shift"", ""shift""]"	"[[], [""independence_transition"", ""person_change"", ""subject_shift"", ""subordination_transition""], [""number_change"", ""person_change"", ""subject_shift""], [""independence_transition"", ""number_change"", ""person_change"", ""subject_shift"", ""subordination_transition""], [""independence_transition"", ""person_change"", ""subject_shift"", ""subordination_transition""]]"
190	4:19	5	"[""strong"", ""strong"", ""strong"", ""strong"", ""strong""]"	"[""shift"", ""shift"", ""shift"", ""shift"", ""shift""]"	"[[""independence_transition"", ""person_change"", ""subject_shift"", ""subordination_transition""], [""number_change"", ""person_change"", ""subject_shift""], [""independence_transition"", ""number_change"", ""person_change"", ""subject_shift"", ""subordination_transition""], [""independence_transition"", ""person_change"", ""subject_shift"", ""subordination_transition""], [""independence_transition"", ""person_change"", ""subject_shift"", ""subordination_transition""]]"
191	4:19	5	"[""strong"", ""strong"", ""strong"", ""strong"", ""strong""]"	"[""shift"", ""shift"", ""shift"", ""shift"", ""shift""]"	"[[""number_change"", ""person_change"", ""subject_shift""], [""independence_transition"", ""number_change"", ""person_change"", ""subject_shift"", ""subordination_transition""], [""independence_transition"", ""person_change"", ""subject_shift"", ""subordination_transition""], [""independence_transition"", ""person_change"", ""subject_shift"", ""subordination_transition""], [""number_change"", ""person_change"", ""subject_shift""]]"
192	4:19	5	"[""strong"", ""strong"", ""strong"", ""strong"", ""strong""]"	"[""shift"", ""shift"", ""shift"", ""shift"", ""shift""]"	"[[""independence_transition"", ""number_change"", ""person_change"", ""subject_shift"", ""subordination_transition""], [""independence_transition"", ""person_change"", ""subject_shift"", ""subordination_transition""], [""independence_transition"", ""person_change"", ""subject_shift"", ""subordination_transition""], [""number_change"", ""person_change"", ""subject_shift""], [""number_change"", ""person_change"", ""subject_shift""]]"
193	4:21	5	"[""strong"", ""strong"", ""strong"", ""strong"", ""candidate""]"	"[""shift"", ""shift"", ""shift"", ""shift"", ""shift""]"	"[[""independence_transition"", ""person_change"", ""subject_shift"", ""subordination_transition""], [""independence_transition"", ""person_change"", ""subject_shift"", ""subordination_transition""], [""number_change"", ""person_change"", ""subject_shift""], [""number_change"", ""person_change"", ""subject_shift""], [""person_change"", ""subject_shift""]]"
194	4:21	5	"[""strong"", ""strong"", ""strong"", ""candidate"", ""strong""]"	"[""shift"", ""shift"", ""shift"", ""shift"", ""shift""]"	"[[""independence_transition"", ""person_change"", ""subject_shift"", ""subordination_transition""], [""number_change"", ""person_change"", ""subject_shift""], [""number_change"", ""person_change"", ""subject_shift""], [""person_change"", ""subject_shift""], [""number_change"", ""person_change"", ""subject_shift""]]"
195	5:1	5	"[""strong"", ""strong"", ""candidate"", ""strong"", ""none""]"	"[""shift"", ""shift"", ""shift"", ""shift"", ""same""]"	"[[""number_change"", ""person_change"", ""subject_shift""], [""number_change"", ""person_change"", ""subject_shift""], [""person_change"", ""subject_shift""], [""number_change"", ""person_change"", ""subject_shift""], []]"
196	5:2	5	"[""strong"", ""candidate"", ""strong"", ""none"", ""strong""]"	"[""shift"", ""shift"", ""shift"", ""same"", ""shift""]"	"[[""number_change"", ""person_change"", ""subject_shift""], [""person_change"", ""subject_shift""], [""number_change"", ""person_change"", ""subject_shift""], [], [""independence_transition"", ""number_change"", ""person_change"", ""subject_shift"", ""subordination_transition""]]"
198	5:2	5	"[""strong"", ""none"", ""strong"", ""strong"", ""strong""]"	"[""shift"", ""same"", ""shift"", ""shift"", ""shift""]"	"[[""number_change"", ""person_change"", ""subject_shift""], [], [""independence_transition"", ""number_change"", ""person_change"", ""subject_shift"", ""subordination_transition""], [""independence_transition"", ""person_change"", ""subject_shift"", ""subordination_transition""], [""independence_transition"", ""person_change"", ""subject_shift"", ""subordination_transition""]]"
199	5:3	5	"[""none"", ""strong"", ""strong"", ""strong"", ""strong""]"	"[""same"", ""shift"", ""shift"", ""shift"", ""shift""]"	"[[], [""independence_transition"", ""number_change"", ""person_change"", ""subject_shift"", ""subordination_transition""], [""independence_transition"", ""person_change"", ""subject_shift"", ""subordination_transition""], [""independence_transition"", ""person_change"", ""subject_shift"", ""subordination_transition""], [""independence_transition"", ""number_change"", ""person_change"", ""subject_shift"", ""subordination_transition""]]"
200	5:5	5	"[""strong"", ""strong"", ""strong"", ""strong"", ""strong""]"	"[""shift"", ""shift"", ""shift"", ""shift"", ""shift""]"	"[[""independence_transition"", ""number_change"", ""person_change"", ""subject_shift"", ""subordination_transition""], [""independence_transition"", ""person_change"", ""subject_shift"", ""subordination_transition""], [""independence_transition"", ""person_change"", ""subject_shift"", ""subordination_transition""], [""independence_transition"", ""number_change"", ""person_change"", ""subject_shift"", ""subordination_transition""], [""independence_transition"", ""number_change"", ""person_change"", ""subject_shift"", ""subordination_transition""]]"
201	5:6	5	"[""strong"", ""strong"", ""strong"", ""strong"", ""strong""]"	"[""shift"", ""shift"", ""shift"", ""shift"", ""shift""]"	"[[""independence_transition"", ""person_change"", ""subject_shift"", ""subordination_transition""], [""independence_transition"", ""person_change"", ""subject_shift"", ""subordination_transition""], [""independence_transition"", ""number_change"", ""person_change"", ""subject_shift"", ""subordination_transition""], [""independence_transition"", ""number_change"", ""person_change"", ""subject_shift"", ""subordination_transition""], [""independence_transition"", ""number_change"", ""person_change"", ""subject_shift"", ""subordination_transition""]]"
202	5:6	5	"[""strong"", ""strong"", ""strong"", ""strong"", ""candidate""]"	"[""shift"", ""shift"", ""shift"", ""shift"", ""same""]"	"[[""independence_transition"", ""person_change"", ""subject_shift"", ""subordination_transition""], [""independence_transition"", ""number_change"", ""person_change"", ""subject_shift"", ""subordination_transition""], [""independence_transition"", ""number_change"", ""person_change"", ""subject_shift"", ""subordination_transition""], [""independence_transition"", ""number_change"", ""person_change"", ""subject_shift"", ""subordination_transition""], [""independence_transition"", ""subordination_transition""]]"
203	5:7	5	"[""strong"", ""strong"", ""strong"", ""candidate"", ""none""]"	"[""shift"", ""shift"", ""shift"", ""same"", ""same""]"	"[[""independence_transition"", ""number_change"", ""person_change"", ""subject_shift"", ""subordination_transition""], [""independence_transition"", ""number_change"", ""person_change"", ""subject_shift"", ""subordination_transition""], [""independence_transition"", ""number_change"", ""person_change"", ""subject_shift"", ""subordination_transition""], [""independence_transition"", ""subordination_transition""], []]"
204	5:7	5	"[""strong"", ""strong"", ""candidate"", ""none"", ""strong""]"	"[""shift"", ""shift"", ""same"", ""same"", ""shift""]"	"[[""independence_transition"", ""number_change"", ""person_change"", ""subject_shift"", ""subordination_transition""], [""independence_transition"", ""number_change"", ""person_change"", ""subject_shift"", ""subordination_transition""], [""independence_transition"", ""subordination_transition""], [], [""independence_transition"", ""number_change"", ""person_change"", ""subject_shift"", ""subordination_transition""]]"
206	5:7	5	"[""candidate"", ""none"", ""strong"", ""strong"", ""strong""]"	"[""same"", ""same"", ""shift"", ""shift"", ""shift""]"	"[[""independence_transition"", ""subordination_transition""], [], [""independence_transition"", ""number_change"", ""person_change"", ""subject_shift"", ""subordination_transition""], [""independence_transition"", ""number_change"", ""person_change"", ""subject_shift"", ""subordination_transition""], [""independence_transition"", ""number_change"", ""subject_shift"", ""subordination_transition""]]"
207	5:8	5	"[""none"", ""strong"", ""strong"", ""strong"", ""strong""]"	"[""same"", ""shift"", ""shift"", ""shift"", ""shift""]"	"[[], [""independence_transition"", ""number_change"", ""person_change"", ""subject_shift"", ""subordination_transition""], [""independence_transition"", ""number_change"", ""person_change"", ""subject_shift"", ""subordination_transition""], [""independence_transition"", ""number_change"", ""subject_shift"", ""subordination_transition""], [""independence_transition"", ""number_change"", ""person_change"", ""subject_shift"", ""subordination_transition""]]"
208	5:9	5	"[""strong"", ""strong"", ""strong"", ""strong"", ""strong""]"	"[""shift"", ""shift"", ""shift"", ""shift"", ""shift""]"	"[[""independence_transition"", ""number_change"", ""person_change"", ""subject_shift"", ""subordination_transition""], [""independence_transition"", ""number_change"", ""person_change"", ""subject_shift"", ""subordination_transition""], [""independence_transition"", ""number_change"", ""subject_shift"", ""subordination_transition""], [""independence_transition"", ""number_change"", ""person_change"", ""subject_shift"", ""subordination_transition""], [""independence_transition"", ""number_change"", ""person_change"", ""subject_shift"", ""subordination_transition""]]"
209	5:10	5	"[""strong"", ""strong"", ""strong"", ""strong"", ""strong""]"	"[""shift"", ""shift"", ""shift"", ""shift"", ""shift""]"	"[[""independence_transition"", ""number_change"", ""person_change"", ""subject_shift"", ""subordination_transition""], [""independence_transition"", ""number_change"", ""subject_shift"", ""subordination_transition""], [""independence_transition"", ""number_change"", ""person_change"", ""subject_shift"", ""subordination_transition""], [""independence_transition"", ""number_change"", ""person_change"", ""subject_shift"", ""subordination_transition""], [""independence_transition"", ""person_change"", ""subject_shift"", ""subordination_transition""]]"
210	5:11	5	"[""strong"", ""strong"", ""strong"", ""strong"", ""strong""]"	"[""shift"", ""shift"", ""shift"", ""shift"", ""shift""]"	"[[""independence_transition"", ""number_change"", ""subject_shift"", ""subordination_transition""], [""independence_transition"", ""number_change"", ""person_change"", ""subject_shift"", ""subordination_transition""], [""independence_transition"", ""number_change"", ""person_change"", ""subject_shift"", ""subordination_transition""], [""independence_transition"", ""person_change"", ""subject_shift"", ""subordination_transition""], [""independence_transition"", ""number_change"", ""person_change"", ""subject_shift"", ""subordination_transition""]]"
211	5:11	5	"[""strong"", ""strong"", ""strong"", ""strong"", ""strong""]"	"[""shift"", ""shift"", ""shift"", ""shift"", ""shift""]"	"[[""independence_transition"", ""number_change"", ""person_change"", ""subject_shift"", ""subordination_transition""], [""independence_transition"", ""number_change"", ""person_change"", ""subject_shift"", ""subordination_transition""], [""independence_transition"", ""person_change"", ""subject_shift"", ""subordination_transition""], [""independence_transition"", ""number_change"", ""person_change"", ""subject_shift"", ""subordination_transition""], [""number_change"", ""person_change"", ""subject_shift""]]"
212	5:12	5	"[""strong"", ""strong"", ""strong"", ""strong"", ""strong""]"	"[""shift"", ""shift"", ""shift"", ""shift"", ""shift""]"	"[[""independence_transition"", ""number_change"", ""person_change"", ""subject_shift"", ""subordination_transition""], [""independence_transition"", ""person_change"", ""subject_shift"", ""subordination_transition""], [""independence_transition"", ""number_change"", ""person_change"", ""subject_shift"", ""subordination_transition""], [""number_change"", ""person_change"", ""subject_shift""], [""number_change"", ""person_change"", ""subject_shift""]]"
213	5:13	5	"[""strong"", ""strong"", ""strong"", ""strong"", ""strong""]"	"[""shift"", ""shift"", ""shift"", ""shift"", ""shift""]"	"[[""independence_transition"", ""person_change"", ""subject_shift"", ""subordination_transition""], [""independence_transition"", ""number_change"", ""person_change"", ""subject_shift"", ""subordination_transition""], [""number_change"", ""person_change"", ""subject_shift""], [""number_change"", ""person_change"", ""subject_shift""], [""number_change"", ""person_change"", ""subject_shift""]]"
214	5:13	5	"[""strong"", ""strong"", ""strong"", ""strong"", ""strong""]"	"[""shift"", ""shift"", ""shift"", ""shift"", ""shift""]"	"[[""independence_transition"", ""number_change"", ""person_change"", ""subject_shift"", ""subordination_transition""], [""number_change"", ""person_change"", ""subject_shift""], [""number_change"", ""person_change"", ""subject_shift""], [""number_change"", ""person_change"", ""subject_shift""], [""number_change"", ""person_change"", ""subject_shift""]]"
215	6:1	5	"[""strong"", ""strong"", ""strong"", ""strong"", ""strong""]"	"[""shift"", ""shift"", ""shift"", ""shift"", ""shift""]"	"[[""number_change"", ""person_change"", ""subject_shift""], [""number_change"", ""person_change"", ""subject_shift""], [""number_change"", ""person_change"", ""subject_shift""], [""number_change"", ""person_change"", ""subject_shift""], [""independence_transition"", ""person_change"", ""subject_shift"", ""subordination_transition""]]"
216	6:2	5	"[""strong"", ""strong"", ""strong"", ""strong"", ""candidate""]"	"[""shift"", ""shift"", ""shift"", ""shift"", ""shift""]"	"[[""number_change"", ""person_change"", ""subject_shift""], [""number_change"", ""person_change"", ""subject_shift""], [""number_change"", ""person_change"", ""subject_shift""], [""independence_transition"", ""person_change"", ""subject_shift"", ""subordination_transition""], [""number_change"", ""subject_shift""]]"
217	6:2	5	"[""strong"", ""strong"", ""strong"", ""candidate"", ""strong""]"	"[""shift"", ""shift"", ""shift"", ""shift"", ""shift""]"	"[[""number_change"", ""person_change"", ""subject_shift""], [""number_change"", ""person_change"", ""subject_shift""], [""independence_transition"", ""person_change"", ""subject_shift"", ""subordination_transition""], [""number_change"", ""subject_shift""], [""independence_transition"", ""number_change"", ""person_change"", ""subject_shift"", ""subordination_transition""]]"
218	6:2	5	"[""strong"", ""strong"", ""candidate"", ""strong"", ""none""]"	"[""shift"", ""shift"", ""shift"", ""shift"", ""same""]"	"[[""number_change"", ""person_change"", ""subject_shift""], [""independence_transition"", ""person_change"", ""subject_shift"", ""subordination_transition""], [""number_change"", ""subject_shift""], [""independence_transition"", ""number_change"", ""person_change"", ""subject_shift"", ""subordination_transition""], []]"
219	6:2	5	"[""strong"", ""candidate"", ""strong"", ""none"", ""strong""]"	"[""shift"", ""shift"", ""shift"", ""same"", ""shift""]"	"[[""independence_transition"", ""person_change"", ""subject_shift"", ""subordination_transition""], [""number_change"", ""subject_shift""], [""independence_transition"", ""number_change"", ""person_change"", ""subject_shift"", ""subordination_transition""], [], [""independence_transition"", ""person_change"", ""subject_shift"", ""subordination_transition""]]"
221	6:3	5	"[""strong"", ""none"", ""strong"", ""candidate"", ""candidate""]"	"[""shift"", ""same"", ""shift"", ""shift"", ""same""]"	"[[""independence_transition"", ""number_change"", ""person_change"", ""subject_shift"", ""subordination_transition""], [], [""independence_transition"", ""person_change"", ""subject_shift"", ""subordination_transition""], [""person_change"", ""subject_shift""], [""independence_transition"", ""subordination_transition""]]"
222	6:4	5	"[""none"", ""strong"", ""candidate"", ""candidate"", ""strong""]"	"[""same"", ""shift"", ""shift"", ""same"", ""shift""]"	"[[], [""independence_transition"", ""person_change"", ""subject_shift"", ""subordination_transition""], [""person_change"", ""subject_shift""], [""independence_transition"", ""subordination_transition""], [""number_change"", ""person_change"", ""subject_shift""]]"
223	6:4	5	"[""strong"", ""candidate"", ""candidate"", ""strong"", ""candidate""]"	"[""shift"", ""shift"", ""same"", ""shift"", ""shift""]"	"[[""independence_transition"", ""person_change"", ""subject_shift"", ""subordination_transition""], [""person_change"", ""subject_shift""], [""independence_transition"", ""subordination_transition""], [""number_change"", ""person_change"", ""subject_shift""], [""person_change"", ""subject_shift""]]"
224	6:5	5	"[""candidate"", ""candidate"", ""strong"", ""candidate"", ""none""]"	"[""shift"", ""same"", ""shift"", ""shift"", ""same""]"	"[[""person_change"", ""subject_shift""], [""independence_transition"", ""subordination_transition""], [""number_change"", ""person_change"", ""subject_shift""], [""person_change"", ""subject_shift""], []]"
225	6:5	5	"[""candidate"", ""strong"", ""candidate"", ""none"", ""none""]"	"[""same"", ""shift"", ""shift"", ""same"", ""same""]"	"[[""independence_transition"", ""subordination_transition""], [""number_change"", ""person_change"", ""subject_shift""], [""person_change"", ""subject_shift""], [], []]"
229	6:7	5	"[""none"", ""none"", ""strong"", ""candidate"", ""none""]"	"[""same"", ""same"", ""shift"", ""same"", ""same""]"	"[[], [], [""independence_transition"", ""number_change"", ""person_change"", ""subject_shift"", ""subordination_transition""], [""independence_transition"", ""subordination_transition""], []]"
230	6:7	5	"[""none"", ""strong"", ""candidate"", ""none"", ""none""]"	"[""same"", ""shift"", ""same"", ""same"", ""same""]"	"[[], [""independence_transition"", ""number_change"", ""person_change"", ""subject_shift"", ""subordination_transition""], [""independence_transition"", ""subordination_transition""], [], []]"
235	6:9	5	"[""none"", ""none"", ""strong"", ""strong"", ""candidate""]"	"[""same"", ""same"", ""shift"", ""shift"", ""shift""]"	"[[], [], [""independence_transition"", ""person_change"", ""subject_shift"", ""subordination_transition""], [""independence_transition"", ""person_change"", ""subject_shift"", ""subordination_transition""], [""person_change"", ""subject_shift""]]"
236	6:9	5	"[""none"", ""strong"", ""strong"", ""candidate"", ""candidate""]"	"[""same"", ""shift"", ""shift"", ""shift"", ""shift""]"	"[[], [""independence_transition"", ""person_change"", ""subject_shift"", ""subordination_transition""], [""independence_transition"", ""person_change"", ""subject_shift"", ""subordination_transition""], [""person_change"", ""subject_shift""], [""person_change"", ""subject_shift""]]"
237	6:10	5	"[""strong"", ""strong"", ""candidate"", ""candidate"", ""none""]"	"[""shift"", ""shift"", ""shift"", ""shift"", ""same""]"	"[[""independence_transition"", ""person_change"", ""subject_shift"", ""subordination_transition""], [""independence_transition"", ""person_change"", ""subject_shift"", ""subordination_transition""], [""person_change"", ""subject_shift""], [""person_change"", ""subject_shift""], []]"
238	6:11	5	"[""strong"", ""candidate"", ""candidate"", ""none"", ""none""]"	"[""shift"", ""shift"", ""shift"", ""same"", ""same""]"	"[[""independence_transition"", ""person_change"", ""subject_shift"", ""subordination_transition""], [""person_change"", ""subject_shift""], [""person_change"", ""subject_shift""], [], []]"
242	6:12	5	"[""none"", ""none"", ""strong"", ""none"", ""none""]"	"[""same"", ""same"", ""shift"", ""same"", ""same""]"	"[[], [], [""number_change"", ""person_change"", ""subject_shift""], [], []]"
245	6:12	5	"[""none"", ""none"", ""candidate"", ""candidate"", ""none""]"	"[""same"", ""same"", ""shift"", ""shift"", ""same""]"	"[[], [], [""person_change"", ""subject_shift""], [""person_change"", ""subject_shift""], []]"
246	6:13	5	"[""none"", ""candidate"", ""candidate"", ""none"", ""none""]"	"[""same"", ""shift"", ""shift"", ""same"", ""same""]"	"[[], [""person_change"", ""subject_shift""], [""person_change"", ""subject_shift""], [], []]"
249	6:15	5	"[""none"", ""none"", ""strong"", ""strong"", ""strong""]"	"[""same"", ""same"", ""shift"", ""shift"", ""shift""]"	"[[], [], [""number_change"", ""person_change"", ""subject_shift""], [""independence_transition"", ""number_change"", ""person_change"", ""subject_shift"", ""subordination_transition""], [""independence_transition"", ""person_change"", ""subject_shift"", ""subordination_transition""]]"
250	6:15	5	"[""none"", ""strong"", ""strong"", ""strong"", ""candidate""]"	"[""same"", ""shift"", ""shift"", ""shift"", ""shift""]"	"[[], [""number_change"", ""person_change"", ""subject_shift""], [""independence_transition"", ""number_change"", ""person_change"", ""subject_shift"", ""subordination_transition""], [""independence_transition"", ""person_change"", ""subject_shift"", ""subordination_transition""], [""person_change"", ""subject_shift""]]"
251	6:15	5	"[""strong"", ""strong"", ""strong"", ""candidate"", ""strong""]"	"[""shift"", ""shift"", ""shift"", ""shift"", ""shift""]"	"[[""number_change"", ""person_change"", ""subject_shift""], [""independence_transition"", ""number_change"", ""person_change"", ""subject_shift"", ""subordination_transition""], [""independence_transition"", ""person_change"", ""subject_shift"", ""subordination_transition""], [""person_change"", ""subject_shift""], [""number_change"", ""person_change"", ""subject_shift""]]"
252	6:15	5	"[""strong"", ""strong"", ""candidate"", ""strong"", ""strong""]"	"[""shift"", ""shift"", ""shift"", ""shift"", ""shift""]"	"[[""independence_transition"", ""number_change"", ""person_change"", ""subject_shift"", ""subordination_transition""], [""independence_transition"", ""person_change"", ""subject_shift"", ""subordination_transition""], [""person_change"", ""subject_shift""], [""number_change"", ""person_change"", ""subject_shift""], [""independence_transition"", ""number_change"", ""person_change"", ""subject_shift"", ""subordination_transition""]]"
253	6:16	5	"[""strong"", ""candidate"", ""strong"", ""strong"", ""strong""]"	"[""shift"", ""shift"", ""shift"", ""shift"", ""shift""]"	"[[""independence_transition"", ""person_change"", ""subject_shift"", ""subordination_transition""], [""person_change"", ""subject_shift""], [""number_change"", ""person_change"", ""subject_shift""], [""independence_transition"", ""number_change"", ""person_change"", ""subject_shift"", ""subordination_transition""], [""independence_transition"", ""number_change"", ""subject_shift"", ""subordination_transition""]]"
254	6:16	5	"[""candidate"", ""strong"", ""strong"", ""strong"", ""candidate""]"	"[""shift"", ""shift"", ""shift"", ""shift"", ""shift""]"	"[[""person_change"", ""subject_shift""], [""number_change"", ""person_change"", ""subject_shift""], [""independence_transition"", ""number_change"", ""person_change"", ""subject_shift"", ""subordination_transition""], [""independence_transition"", ""number_change"", ""subject_shift"", ""subordination_transition""], [""number_change"", ""subject_shift""]]"
255	6:16	5	"[""strong"", ""strong"", ""strong"", ""candidate"", ""none""]"	"[""shift"", ""shift"", ""shift"", ""shift"", ""same""]"	"[[""number_change"", ""person_change"", ""subject_shift""], [""independence_transition"", ""number_change"", ""person_change"", ""subject_shift"", ""subordination_transition""], [""independence_transition"", ""number_change"", ""subject_shift"", ""subordination_transition""], [""number_change"", ""subject_shift""], []]"
256	6:16	5	"[""strong"", ""strong"", ""candidate"", ""none"", ""strong""]"	"[""shift"", ""shift"", ""shift"", ""same"", ""shift""]"	"[[""independence_transition"", ""number_change"", ""person_change"", ""subject_shift"", ""subordination_transition""], [""independence_transition"", ""number_change"", ""subject_shift"", ""subordination_transition""], [""number_change"", ""subject_shift""], [], [""number_change"", ""person_change"", ""subject_shift""]]"
258	6:18	5	"[""candidate"", ""none"", ""strong"", ""strong"", ""candidate""]"	"[""shift"", ""same"", ""shift"", ""shift"", ""same""]"	"[[""number_change"", ""subject_shift""], [], [""number_change"", ""person_change"", ""subject_shift""], [""independence_transition"", ""number_change"", ""person_change"", ""subject_shift"", ""subordination_transition""], [""independence_transition"", ""subordination_transition""]]"
259	6:18	5	"[""none"", ""strong"", ""strong"", ""candidate"", ""none""]"	"[""same"", ""shift"", ""shift"", ""same"", ""same""]"	"[[], [""number_change"", ""person_change"", ""subject_shift""], [""independence_transition"", ""number_change"", ""person_change"", ""subject_shift"", ""subordination_transition""], [""independence_transition"", ""subordination_transition""], []]"
260	6:18	5	"[""strong"", ""strong"", ""candidate"", ""none"", ""strong""]"	"[""shift"", ""shift"", ""same"", ""same"", ""shift""]"	"[[""number_change"", ""person_change"", ""subject_shift""], [""independence_transition"", ""number_change"", ""person_change"", ""subject_shift"", ""subordination_transition""], [""independence_transition"", ""subordination_transition""], [], [""number_change"", ""person_change"", ""subject_shift""]]"
262	6:19	5	"[""candidate"", ""none"", ""strong"", ""strong"", ""strong""]"	"[""same"", ""same"", ""shift"", ""shift"", ""shift""]"	"[[""independence_transition"", ""subordination_transition""], [], [""number_change"", ""person_change"", ""subject_shift""], [""independence_transition"", ""number_change"", ""person_change"", ""subject_shift"", ""subordination_transition""], [""independence_transition"", ""number_change"", ""person_change"", ""subject_shift"", ""subordination_transition""]]"
263	6:19	5	"[""none"", ""strong"", ""strong"", ""strong"", ""none""]"	"[""same"", ""shift"", ""shift"", ""shift"", ""same""]"	"[[], [""number_change"", ""person_change"", ""subject_shift""], [""independence_transition"", ""number_change"", ""person_change"", ""subject_shift"", ""subordination_transition""], [""independence_transition"", ""number_change"", ""person_change"", ""subject_shift"", ""subordination_transition""], []]"
264	6:19	5	"[""strong"", ""strong"", ""strong"", ""none"", ""none""]"	"[""shift"", ""shift"", ""shift"", ""same"", ""same""]"	"[[""number_change"", ""person_change"", ""subject_shift""], [""independence_transition"", ""number_change"", ""person_change"", ""subject_shift"", ""subordination_transition""], [""independence_transition"", ""number_change"", ""person_change"", ""subject_shift"", ""subordination_transition""], [], []]"
269	7:2	5	"[""none"", ""none"", ""strong"", ""none"", ""none""]"	"[""same"", ""same"", ""shift"", ""same"", ""same""]"	"[[], [], [""number_change"", ""person_change"", ""subject_shift""], [], []]"
274	7:5	5	"[""none"", ""none"", ""strong"", ""candidate"", ""candidate""]"	"[""same"", ""same"", ""shift"", ""same"", ""same""]"	"[[], [], [""number_change"", ""person_change"", ""subject_shift""], [""independence_transition"", ""subordination_transition""], [""independence_transition"", ""subordination_transition""]]"
275	7:5	5	"[""none"", ""strong"", ""candidate"", ""candidate"", ""strong""]"	"[""same"", ""shift"", ""same"", ""same"", ""shift""]"	"[[], [""number_change"", ""person_change"", ""subject_shift""], [""independence_transition"", ""subordination_transition""], [""independence_transition"", ""subordination_transition""], [""independence_transition"", ""number_change"", ""person_change"", ""subject_shift"", ""subordination_transition""]]"
276	7:5	5	"[""strong"", ""candidate"", ""candidate"", ""strong"", ""strong""]"	"[""shift"", ""same"", ""same"", ""shift"", ""shift""]"	"[[""number_change"", ""person_change"", ""subject_shift""], [""independence_transition"", ""subordination_transition""], [""independence_transition"", ""subordination_transition""], [""independence_transition"", ""number_change"", ""person_change"", ""subject_shift"", ""subordination_transition""], [""independence_transition"", ""person_change"", ""subject_shift"", ""subordination_transition""]]"
277	7:5	5	"[""candidate"", ""candidate"", ""strong"", ""strong"", ""none""]"	"[""same"", ""same"", ""shift"", ""shift"", ""same""]"	"[[""independence_transition"", ""subordination_transition""], [""independence_transition"", ""subordination_transition""], [""independence_transition"", ""number_change"", ""person_change"", ""subject_shift"", ""subordination_transition""], [""independence_transition"", ""person_change"", ""subject_shift"", ""subordination_transition""], []]"
278	7:6	5	"[""candidate"", ""strong"", ""strong"", ""none"", ""strong""]"	"[""same"", ""shift"", ""shift"", ""same"", ""shift""]"	"[[""independence_transition"", ""subordination_transition""], [""independence_transition"", ""number_change"", ""person_change"", ""subject_shift"", ""subordination_transition""], [""independence_transition"", ""person_change"", ""subject_shift"", ""subordination_transition""], [], [""independence_transition"", ""person_change"", ""subject_shift"", ""subordination_transition""]]"
280	7:7	5	"[""strong"", ""none"", ""strong"", ""strong"", ""strong""]"	"[""shift"", ""same"", ""shift"", ""shift"", ""shift""]"	"[[""independence_transition"", ""person_change"", ""subject_shift"", ""subordination_transition""], [], [""independence_transition"", ""person_change"", ""subject_shift"", ""subordination_transition""], [""independence_transition"", ""person_change"", ""subject_shift"", ""subordination_transition""], [""independence_transition"", ""number_change"", ""person_change"", ""subject_shift"", ""subordination_transition""]]"
281	7:8	5	"[""none"", ""strong"", ""strong"", ""strong"", ""none""]"	"[""same"", ""shift"", ""shift"", ""shift"", ""same""]"	"[[], [""independence_transition"", ""person_change"", ""subject_shift"", ""subordination_transition""], [""independence_transition"", ""person_change"", ""subject_shift"", ""subordination_transition""], [""independence_transition"", ""number_change"", ""person_change"", ""subject_shift"", ""subordination_transition""], []]"
282	7:8	5	"[""strong"", ""strong"", ""strong"", ""none"", ""candidate""]"	"[""shift"", ""shift"", ""shift"", ""same"", ""same""]"	"[[""independence_transition"", ""person_change"", ""subject_shift"", ""subordination_transition""], [""independence_transition"", ""person_change"", ""subject_shift"", ""subordination_transition""], [""independence_transition"", ""number_change"", ""person_change"", ""subject_shift"", ""subordination_transition""], [], [""independence_transition"", ""subordination_transition""]]"
284	7:9	5	"[""strong"", ""none"", ""candidate"", ""candidate"", ""candidate""]"	"[""shift"", ""same"", ""same"", ""shift"", ""shift""]"	"[[""independence_transition"", ""number_change"", ""person_change"", ""subject_shift"", ""subordination_transition""], [], [""independence_transition"", ""subordination_transition""], [""number_change"", ""subject_shift""], [""person_change"", ""subject_shift""]]"
285	7:9	5	"[""none"", ""candidate"", ""candidate"", ""candidate"", ""strong""]"	"[""same"", ""same"", ""shift"", ""shift"", ""shift""]"	"[[], [""independence_transition"", ""subordination_transition""], [""number_change"", ""subject_shift""], [""person_change"", ""subject_shift""], [""independence_transition"", ""person_change"", ""subject_shift"", ""subordination_transition""]]"
286	7:10	5	"[""candidate"", ""candidate"", ""candidate"", ""strong"", ""candidate""]"	"[""same"", ""shift"", ""shift"", ""shift"", ""same""]"	"[[""independence_transition"", ""subordination_transition""], [""number_change"", ""subject_shift""], [""person_change"", ""subject_shift""], [""independence_transition"", ""person_change"", ""subject_shift"", ""subordination_transition""], [""independence_transition"", ""subordination_transition""]]"
287	7:11	5	"[""candidate"", ""candidate"", ""strong"", ""candidate"", ""none""]"	"[""shift"", ""shift"", ""shift"", ""same"", ""same""]"	"[[""number_change"", ""subject_shift""], [""person_change"", ""subject_shift""], [""independence_transition"", ""person_change"", ""subject_shift"", ""subordination_transition""], [""independence_transition"", ""subordination_transition""], []]"
288	7:11	5	"[""candidate"", ""strong"", ""candidate"", ""none"", ""candidate""]"	"[""shift"", ""shift"", ""same"", ""same"", ""shift""]"	"[[""person_change"", ""subject_shift""], [""independence_transition"", ""person_change"", ""subject_shift"", ""subordination_transition""], [""independence_transition"", ""subordination_transition""], [], [""person_change"", ""subject_shift""]]"
290	7:12	5	"[""candidate"", ""none"", ""candidate"", ""strong"", ""candidate""]"	"[""same"", ""same"", ""shift"", ""shift"", ""same""]"	"[[""independence_transition"", ""subordination_transition""], [], [""person_change"", ""subject_shift""], [""independence_transition"", ""person_change"", ""subject_shift"", ""subordination_transition""], [""independence_transition"", ""subordination_transition""]]"
291	7:12	5	"[""none"", ""candidate"", ""strong"", ""candidate"", ""none""]"	"[""same"", ""shift"", ""shift"", ""same"", ""same""]"	"[[], [""person_change"", ""subject_shift""], [""independence_transition"", ""person_change"", ""subject_shift"", ""subordination_transition""], [""independence_transition"", ""subordination_transition""], []]"
292	7:12	5	"[""candidate"", ""strong"", ""candidate"", ""none"", ""candidate""]"	"[""shift"", ""shift"", ""same"", ""same"", ""same""]"	"[[""person_change"", ""subject_shift""], [""independence_transition"", ""person_change"", ""subject_shift"", ""subordination_transition""], [""independence_transition"", ""subordination_transition""], [], [""independence_transition"", ""subordination_transition""]]"
294	7:13	5	"[""candidate"", ""none"", ""candidate"", ""candidate"", ""none""]"	"[""same"", ""same"", ""same"", ""same"", ""same""]"	"[[""independence_transition"", ""subordination_transition""], [], [""independence_transition"", ""subordination_transition""], [""independence_transition"", ""subordination_transition""], []]"
295	7:13	5	"[""none"", ""candidate"", ""candidate"", ""none"", ""none""]"	"[""same"", ""same"", ""same"", ""same"", ""same""]"	"[[], [""independence_transition"", ""subordination_transition""], [""independence_transition"", ""subordination_transition""], [], []]"
299	7:14	5	"[""none"", ""none"", ""candidate"", ""candidate"", ""candidate""]"	"[""same"", ""same"", ""same"", ""same"", ""same""]"	"[[], [], [""independence_transition"", ""subordination_transition""], [""independence_transition"", ""subordination_transition""], [""independence_transition"", ""subordination_transition""]]"
300	7:14	5	"[""none"", ""candidate"", ""candidate"", ""candidate"", ""candidate""]"	"[""same"", ""same"", ""same"", ""same"", ""same""]"	"[[], [""independence_transition"", ""subordination_transition""], [""independence_transition"", ""subordination_transition""], [""independence_transition"", ""subordination_transition""], [""independence_transition"", ""subordination_transition""]]"
301	7:15	5	"[""candidate"", ""candidate"", ""candidate"", ""candidate"", ""none""]"	"[""same"", ""same"", ""same"", ""same"", ""same""]"	"[[""independence_transition"", ""subordination_transition""], [""independence_transition"", ""subordination_transition""], [""independence_transition"", ""subordination_transition""], [""independence_transition"", ""subordination_transition""], []]"
302	7:15	5	"[""candidate"", ""candidate"", ""candidate"", ""none"", ""none""]"	"[""same"", ""same"", ""same"", ""same"", ""same""]"	"[[""independence_transition"", ""subordination_transition""], [""independence_transition"", ""subordination_transition""], [""independence_transition"", ""subordination_transition""], [], []]"
305	7:16	5	"[""none"", ""none"", ""candidate"", ""candidate"", ""candidate""]"	"[""same"", ""same"", ""shift"", ""same"", ""same""]"	"[[], [], [""person_change"", ""subject_shift""], [""independence_transition"", ""subordination_transition""], [""independence_transition"", ""subordination_transition""]]"
306	7:16	5	"[""none"", ""candidate"", ""candidate"", ""candidate"", ""candidate""]"	"[""same"", ""shift"", ""same"", ""same"", ""same""]"	"[[], [""person_change"", ""subject_shift""], [""independence_transition"", ""subordination_transition""], [""independence_transition"", ""subordination_transition""], [""independence_transition"", ""subordination_transition""]]"
307	7:16	5	"[""candidate"", ""candidate"", ""candidate"", ""candidate"", ""candidate""]"	"[""shift"", ""same"", ""same"", ""same"", ""shift""]"	"[[""person_change"", ""subject_shift""], [""independence_transition"", ""subordination_transition""], [""independence_transition"", ""subordination_transition""], [""independence_transition"", ""subordination_transition""], [""person_change"", ""subject_shift""]]"
308	7:16	5	"[""candidate"", ""candidate"", ""candidate"", ""candidate"", ""none""]"	"[""same"", ""same"", ""same"", ""shift"", ""same""]"	"[[""independence_transition"", ""subordination_transition""], [""independence_transition"", ""subordination_transition""], [""independence_transition"", ""subordination_transition""], [""person_change"", ""subject_shift""], []]"
309	7:17	5	"[""candidate"", ""candidate"", ""candidate"", ""none"", ""candidate""]"	"[""same"", ""same"", ""shift"", ""same"", ""same""]"	"[[""independence_transition"", ""subordination_transition""], [""independence_transition"", ""subordination_transition""], [""person_change"", ""subject_shift""], [], [""independence_transition"", ""subordination_transition""]]"
311	7:17	5	"[""candidate"", ""none"", ""candidate"", ""candidate"", ""candidate""]"	"[""shift"", ""same"", ""same"", ""shift"", ""shift""]"	"[[""person_change"", ""subject_shift""], [], [""independence_transition"", ""subordination_transition""], [""person_change"", ""subject_shift""], [""person_change"", ""subject_shift""]]"
312	7:17	5	"[""none"", ""candidate"", ""candidate"", ""candidate"", ""none""]"	"[""same"", ""same"", ""shift"", ""shift"", ""same""]"	"[[], [""independence_transition"", ""subordination_transition""], [""person_change"", ""subject_shift""], [""person_change"", ""subject_shift""], []]"
313	7:18	5	"[""candidate"", ""candidate"", ""candidate"", ""none"", ""none""]"	"[""same"", ""shift"", ""shift"", ""same"", ""same""]"	"[[""independence_transition"", ""subordination_transition""], [""person_change"", ""subject_shift""], [""person_change"", ""subject_shift""], [], []]"
321	7:21	5	"[""none"", ""none"", ""candidate"", ""candidate"", ""strong""]"	"[""same"", ""same"", ""shift"", ""shift"", ""shift""]"	"[[], [], [""person_change"", ""subject_shift""], [""person_change"", ""subject_shift""], [""independence_transition"", ""person_change"", ""subject_shift"", ""subordination_transition""]]"
322	7:21	5	"[""none"", ""candidate"", ""candidate"", ""strong"", ""candidate""]"	"[""same"", ""shift"", ""shift"", ""shift"", ""same""]"	"[[], [""person_change"", ""subject_shift""], [""person_change"", ""subject_shift""], [""independence_transition"", ""person_change"", ""subject_shift"", ""subordination_transition""], [""independence_transition"", ""subordination_transition""]]"
323	7:21	5	"[""candidate"", ""candidate"", ""strong"", ""candidate"", ""candidate""]"	"[""shift"", ""shift"", ""shift"", ""same"", ""shift""]"	"[[""person_change"", ""subject_shift""], [""person_change"", ""subject_shift""], [""independence_transition"", ""person_change"", ""subject_shift"", ""subordination_transition""], [""independence_transition"", ""subordination_transition""], [""person_change"", ""subject_shift""]]"
324	7:21	5	"[""candidate"", ""strong"", ""candidate"", ""candidate"", ""none""]"	"[""shift"", ""shift"", ""same"", ""shift"", ""same""]"	"[[""person_change"", ""subject_shift""], [""independence_transition"", ""person_change"", ""subject_shift"", ""subordination_transition""], [""independence_transition"", ""subordination_transition""], [""person_change"", ""subject_shift""], []]"
325	7:22	5	"[""strong"", ""candidate"", ""candidate"", ""none"", ""strong""]"	"[""shift"", ""same"", ""shift"", ""same"", ""shift""]"	"[[""independence_transition"", ""person_change"", ""subject_shift"", ""subordination_transition""], [""independence_transition"", ""subordination_transition""], [""person_change"", ""subject_shift""], [], [""number_change"", ""person_change"", ""subject_shift""]]"
327	7:23	5	"[""candidate"", ""none"", ""strong"", ""none"", ""strong""]"	"[""shift"", ""same"", ""shift"", ""same"", ""shift""]"	"[[""person_change"", ""subject_shift""], [], [""number_change"", ""person_change"", ""subject_shift""], [], [""number_change"", ""person_change"", ""subject_shift""]]"
329	7:24	5	"[""strong"", ""none"", ""strong"", ""none"", ""candidate""]"	"[""shift"", ""same"", ""shift"", ""same"", ""shift""]"	"[[""number_change"", ""person_change"", ""subject_shift""], [], [""number_change"", ""person_change"", ""subject_shift""], [], [""person_change"", ""subject_shift""]]"
331	7:25	5	"[""strong"", ""none"", ""candidate"", ""none"", ""none""]"	"[""shift"", ""same"", ""shift"", ""same"", ""same""]"	"[[""number_change"", ""person_change"", ""subject_shift""], [], [""person_change"", ""subject_shift""], [], []]"
334	7:27	5	"[""none"", ""none"", ""candidate"", ""none"", ""none""]"	"[""same"", ""same"", ""shift"", ""same"", ""same""]"	"[[], [], [""person_change"", ""subject_shift""], [], []]"
338	7:28	5	"[""none"", ""none"", ""candidate"", ""candidate"", ""strong""]"	"[""same"", ""same"", ""same"", ""same"", ""shift""]"	"[[], [], [""independence_transition"", ""subordination_transition""], [""independence_transition"", ""subordination_transition""], [""independence_transition"", ""person_change"", ""subject_shift"", ""subordination_transition""]]"
339	7:28	5	"[""none"", ""candidate"", ""candidate"", ""strong"", ""candidate""]"	"[""same"", ""same"", ""same"", ""shift"", ""same""]"	"[[], [""independence_transition"", ""subordination_transition""], [""independence_transition"", ""subordination_transition""], [""independence_transition"", ""person_change"", ""subject_shift"", ""subordination_transition""], [""independence_transition"", ""subordination_transition""]]"
340	7:28	5	"[""candidate"", ""candidate"", ""strong"", ""candidate"", ""candidate""]"	"[""same"", ""same"", ""shift"", ""same"", ""shift""]"	"[[""independence_transition"", ""subordination_transition""], [""independence_transition"", ""subordination_transition""], [""independence_transition"", ""person_change"", ""subject_shift"", ""subordination_transition""], [""independence_transition"", ""subordination_transition""], [""number_change"", ""subject_shift""]]"
341	7:28	5	"[""candidate"", ""strong"", ""candidate"", ""candidate"", ""strong""]"	"[""same"", ""shift"", ""same"", ""shift"", ""shift""]"	"[[""independence_transition"", ""subordination_transition""], [""independence_transition"", ""person_change"", ""subject_shift"", ""subordination_transition""], [""independence_transition"", ""subordination_transition""], [""number_change"", ""subject_shift""], [""number_change"", ""person_change"", ""subject_shift""]]"
342	7:28	5	"[""strong"", ""candidate"", ""candidate"", ""strong"", ""none""]"	"[""shift"", ""same"", ""shift"", ""shift"", ""same""]"	"[[""independence_transition"", ""person_change"", ""subject_shift"", ""subordination_transition""], [""independence_transition"", ""subordination_transition""], [""number_change"", ""subject_shift""], [""number_change"", ""person_change"", ""subject_shift""], []]"
343	7:28	5	"[""candidate"", ""candidate"", ""strong"", ""none"", ""candidate""]"	"[""same"", ""shift"", ""shift"", ""same"", ""shift""]"	"[[""independence_transition"", ""subordination_transition""], [""number_change"", ""subject_shift""], [""number_change"", ""person_change"", ""subject_shift""], [], [""person_change"", ""subject_shift""]]"
345	7:29	5	"[""strong"", ""none"", ""candidate"", ""strong"", ""candidate""]"	"[""shift"", ""same"", ""shift"", ""shift"", ""shift""]"	"[[""number_change"", ""person_change"", ""subject_shift""], [], [""person_change"", ""subject_shift""], [""independence_transition"", ""number_change"", ""subject_shift"", ""subordination_transition""], [""number_change"", ""subject_shift""]]"
346	7:29	5	"[""none"", ""candidate"", ""strong"", ""candidate"", ""strong""]"	"[""same"", ""shift"", ""shift"", ""shift"", ""shift""]"	"[[], [""person_change"", ""subject_shift""], [""independence_transition"", ""number_change"", ""subject_shift"", ""subordination_transition""], [""number_change"", ""subject_shift""], [""independence_transition"", ""person_change"", ""subject_shift"", ""subordination_transition""]]"
347	7:31	5	"[""candidate"", ""strong"", ""candidate"", ""strong"", ""candidate""]"	"[""shift"", ""shift"", ""shift"", ""shift"", ""shift""]"	"[[""person_change"", ""subject_shift""], [""independence_transition"", ""number_change"", ""subject_shift"", ""subordination_transition""], [""number_change"", ""subject_shift""], [""independence_transition"", ""person_change"", ""subject_shift"", ""subordination_transition""], [""person_change"", ""subject_shift""]]"
348	7:32	5	"[""strong"", ""candidate"", ""strong"", ""candidate"", ""none""]"	"[""shift"", ""shift"", ""shift"", ""shift"", ""same""]"	"[[""independence_transition"", ""number_change"", ""subject_shift"", ""subordination_transition""], [""number_change"", ""subject_shift""], [""independence_transition"", ""person_change"", ""subject_shift"", ""subordination_transition""], [""person_change"", ""subject_shift""], []]"
349	7:32	5	"[""candidate"", ""strong"", ""candidate"", ""none"", ""none""]"	"[""shift"", ""shift"", ""shift"", ""same"", ""same""]"	"[[""number_change"", ""subject_shift""], [""independence_transition"", ""person_change"", ""subject_shift"", ""subordination_transition""], [""person_change"", ""subject_shift""], [], []]"
355	7:34	5	"[""none"", ""none"", ""candidate"", ""candidate"", ""none""]"	"[""same"", ""same"", ""same"", ""same"", ""same""]"	"[[], [], [""independence_transition"", ""subordination_transition""], [""independence_transition"", ""subordination_transition""], []]"
356	7:34	5	"[""none"", ""candidate"", ""candidate"", ""none"", ""candidate""]"	"[""same"", ""same"", ""same"", ""same"", ""shift""]"	"[[], [""independence_transition"", ""subordination_transition""], [""independence_transition"", ""subordination_transition""], [], [""person_change"", ""subject_shift""]]"
358	7:35	5	"[""candidate"", ""none"", ""candidate"", ""candidate"", ""candidate""]"	"[""same"", ""same"", ""shift"", ""same"", ""shift""]"	"[[""independence_transition"", ""subordination_transition""], [], [""person_change"", ""subject_shift""], [""independence_transition"", ""subordination_transition""], [""person_change"", ""subject_shift""]]"
359	7:35	5	"[""none"", ""candidate"", ""candidate"", ""candidate"", ""none""]"	"[""same"", ""shift"", ""same"", ""shift"", ""same""]"	"[[], [""person_change"", ""subject_shift""], [""independence_transition"", ""subordination_transition""], [""person_change"", ""subject_shift""], []]"
360	7:36	5	"[""candidate"", ""candidate"", ""candidate"", ""none"", ""candidate""]"	"[""shift"", ""same"", ""shift"", ""same"", ""same""]"	"[[""person_change"", ""subject_shift""], [""independence_transition"", ""subordination_transition""], [""person_change"", ""subject_shift""], [], [""independence_transition"", ""subordination_transition""]]"
362	7:36	5	"[""candidate"", ""none"", ""candidate"", ""none"", ""none""]"	"[""shift"", ""same"", ""same"", ""same"", ""same""]"	"[[""person_change"", ""subject_shift""], [], [""independence_transition"", ""subordination_transition""], [], []]"
366	7:36	5	"[""none"", ""none"", ""candidate"", ""candidate"", ""none""]"	"[""same"", ""same"", ""shift"", ""shift"", ""same""]"	"[[], [], [""number_change"", ""subject_shift""], [""number_change"", ""subject_shift""], []]"
367	7:37	5	"[""none"", ""candidate"", ""candidate"", ""none"", ""none""]"	"[""same"", ""shift"", ""shift"", ""same"", ""same""]"	"[[], [""number_change"", ""subject_shift""], [""number_change"", ""subject_shift""], [], []]"
371	7:38	5	"[""none"", ""none"", ""candidate"", ""candidate"", ""none""]"	"[""same"", ""same"", ""same"", ""same"", ""same""]"	"[[], [], [""independence_transition"", ""subordination_transition""], [""independence_transition"", ""subordination_transition""], []]"
372	7:38	5	"[""none"", ""candidate"", ""candidate"", ""none"", ""none""]"	"[""same"", ""same"", ""same"", ""same"", ""same""]"	"[[], [""independence_transition"", ""subordination_transition""], [""independence_transition"", ""subordination_transition""], [], []]"
375	7:39	5	"[""none"", ""none"", ""candidate"", ""candidate"", ""none""]"	"[""same"", ""same"", ""same"", ""same"", ""same""]"	"[[], [], [""independence_transition"", ""subordination_transition""], [""independence_transition"", ""subordination_transition""], []]"
376	7:39	5	"[""none"", ""candidate"", ""candidate"", ""none"", ""none""]"	"[""same"", ""same"", ""same"", ""same"", ""same""]"	"[[], [""independence_transition"", ""subordination_transition""], [""independence_transition"", ""subordination_transition""], [], []]"
379	7:40	5	"[""none"", ""none"", ""candidate"", ""strong"", ""candidate""]"	"[""same"", ""same"", ""same"", ""shift"", ""shift""]"	"[[], [], [""independence_transition"", ""subordination_transition""], [""independence_transition"", ""person_change"", ""subject_shift"", ""subordination_transition""], [""number_change"", ""subject_shift""]]"
380	7:40	5	"[""none"", ""candidate"", ""strong"", ""candidate"", ""candidate""]"	"[""same"", ""same"", ""shift"", ""shift"", ""same""]"	"[[], [""independence_transition"", ""subordination_transition""], [""independence_transition"", ""person_change"", ""subject_shift"", ""subordination_transition""], [""number_change"", ""subject_shift""], [""independence_transition"", ""subordination_transition""]]"
381	8:1	5	"[""candidate"", ""strong"", ""candidate"", ""candidate"", ""strong""]"	"[""same"", ""shift"", ""shift"", ""same"", ""shift""]"	"[[""independence_transition"", ""subordination_transition""], [""independence_transition"", ""person_change"", ""subject_shift"", ""subordination_transition""], [""number_change"", ""subject_shift""], [""independence_transition"", ""subordination_transition""], [""independence_transition"", ""number_change"", ""person_change"", ""subject_shift"", ""subordination_transition""]]"
382	8:1	5	"[""strong"", ""candidate"", ""candidate"", ""strong"", ""none""]"	"[""shift"", ""shift"", ""same"", ""shift"", ""same""]"	"[[""independence_transition"", ""person_change"", ""subject_shift"", ""subordination_transition""], [""number_change"", ""subject_shift""], [""independence_transition"", ""subordination_transition""], [""independence_transition"", ""number_change"", ""person_change"", ""subject_shift"", ""subordination_transition""], []]"
383	8:1	5	"[""candidate"", ""candidate"", ""strong"", ""none"", ""candidate""]"	"[""shift"", ""same"", ""shift"", ""same"", ""same""]"	"[[""number_change"", ""subject_shift""], [""independence_transition"", ""subordination_transition""], [""independence_transition"", ""number_change"", ""person_change"", ""subject_shift"", ""subordination_transition""], [], [""independence_transition"", ""subordination_transition""]]"
385	8:2	5	"[""strong"", ""none"", ""candidate"", ""candidate"", ""candidate""]"	"[""shift"", ""same"", ""same"", ""same"", ""same""]"	"[[""independence_transition"", ""number_change"", ""person_change"", ""subject_shift"", ""subordination_transition""], [], [""independence_transition"", ""subordination_transition""], [""independence_transition"", ""subordination_transition""], [""independence_transition"", ""subordination_transition""]]"
386	8:2	5	"[""none"", ""candidate"", ""candidate"", ""candidate"", ""none""]"	"[""same"", ""same"", ""same"", ""same"", ""same""]"	"[[], [""independence_transition"", ""subordination_transition""], [""independence_transition"", ""subordination_transition""], [""independence_transition"", ""subordination_transition""], []]"
387	8:2	5	"[""candidate"", ""candidate"", ""candidate"", ""none"", ""candidate""]"	"[""same"", ""same"", ""same"", ""same"", ""same""]"	"[[""independence_transition"", ""subordination_transition""], [""independence_transition"", ""subordination_transition""], [""independence_transition"", ""subordination_transition""], [], [""independence_transition"", ""subordination_transition""]]"
389	8:3	5	"[""candidate"", ""none"", ""candidate"", ""strong"", ""candidate""]"	"[""same"", ""same"", ""same"", ""shift"", ""shift""]"	"[[""independence_transition"", ""subordination_transition""], [], [""independence_transition"", ""subordination_transition""], [""number_change"", ""person_change"", ""subject_shift""], [""person_change"", ""subject_shift""]]"
390	8:4	5	"[""none"", ""candidate"", ""strong"", ""candidate"", ""none""]"	"[""same"", ""same"", ""shift"", ""shift"", ""same""]"	"[[], [""independence_transition"", ""subordination_transition""], [""number_change"", ""person_change"", ""subject_shift""], [""person_change"", ""subject_shift""], []]"
391	8:5	5	"[""candidate"", ""strong"", ""candidate"", ""none"", ""candidate""]"	"[""same"", ""shift"", ""shift"", ""same"", ""same""]"	"[[""independence_transition"", ""subordination_transition""], [""number_change"", ""person_change"", ""subject_shift""], [""person_change"", ""subject_shift""], [], [""independence_transition"", ""subordination_transition""]]"
393	8:7	5	"[""candidate"", ""none"", ""candidate"", ""strong"", ""none""]"	"[""shift"", ""same"", ""same"", ""shift"", ""same""]"	"[[""person_change"", ""subject_shift""], [], [""independence_transition"", ""subordination_transition""], [""independence_transition"", ""number_change"", ""subject_shift"", ""subordination_transition""], []]"
394	8:7	5	"[""none"", ""candidate"", ""strong"", ""none"", ""strong""]"	"[""same"", ""same"", ""shift"", ""same"", ""shift""]"	"[[], [""independence_transition"", ""subordination_transition""], [""independence_transition"", ""number_change"", ""subject_shift"", ""subordination_transition""], [], [""independence_transition"", ""number_change"", ""person_change"", ""subject_shift"", ""subordination_transition""]]"
396	8:8	5	"[""strong"", ""none"", ""strong"", ""candidate"", ""candidate""]"	"[""shift"", ""same"", ""shift"", ""same"", ""same""]"	"[[""independence_transition"", ""number_change"", ""subject_shift"", ""subordination_transition""], [], [""independence_transition"", ""number_change"", ""person_change"", ""subject_shift"", ""subordination_transition""], [""independence_transition"", ""subordination_transition""], [""independence_transition"", ""subordination_transition""]]"
397	8:8	5	"[""none"", ""strong"", ""candidate"", ""candidate"", ""candidate""]"	"[""same"", ""shift"", ""same"", ""same"", ""same""]"	"[[], [""independence_transition"", ""number_change"", ""person_change"", ""subject_shift"", ""subordination_transition""], [""independence_transition"", ""subordination_transition""], [""independence_transition"", ""subordination_transition""], [""independence_transition"", ""subordination_transition""]]"
398	8:8	5	"[""strong"", ""candidate"", ""candidate"", ""candidate"", ""candidate""]"	"[""shift"", ""same"", ""same"", ""same"", ""shift""]"	"[[""independence_transition"", ""number_change"", ""person_change"", ""subject_shift"", ""subordination_transition""], [""independence_transition"", ""subordination_transition""], [""independence_transition"", ""subordination_transition""], [""independence_transition"", ""subordination_transition""], [""person_change"", ""subject_shift""]]"
399	8:8	5	"[""candidate"", ""candidate"", ""candidate"", ""candidate"", ""strong""]"	"[""same"", ""same"", ""same"", ""shift"", ""shift""]"	"[[""independence_transition"", ""subordination_transition""], [""independence_transition"", ""subordination_transition""], [""independence_transition"", ""subordination_transition""], [""person_change"", ""subject_shift""], [""number_change"", ""person_change"", ""subject_shift""]]"
400	8:9	5	"[""candidate"", ""candidate"", ""candidate"", ""strong"", ""candidate""]"	"[""same"", ""same"", ""shift"", ""shift"", ""same""]"	"[[""independence_transition"", ""subordination_transition""], [""independence_transition"", ""subordination_transition""], [""person_change"", ""subject_shift""], [""number_change"", ""person_change"", ""subject_shift""], [""independence_transition"", ""subordination_transition""]]"
401	8:9	5	"[""candidate"", ""candidate"", ""strong"", ""candidate"", ""candidate""]"	"[""same"", ""shift"", ""shift"", ""same"", ""same""]"	"[[""independence_transition"", ""subordination_transition""], [""person_change"", ""subject_shift""], [""number_change"", ""person_change"", ""subject_shift""], [""independence_transition"", ""subordination_transition""], [""independence_transition"", ""subordination_transition""]]"
402	8:10	5	"[""candidate"", ""strong"", ""candidate"", ""candidate"", ""none""]"	"[""shift"", ""shift"", ""same"", ""same"", ""same""]"	"[[""person_change"", ""subject_shift""], [""number_change"", ""person_change"", ""subject_shift""], [""independence_transition"", ""subordination_transition""], [""independence_transition"", ""subordination_transition""], []]"
403	8:10	5	"[""strong"", ""candidate"", ""candidate"", ""none"", ""none""]"	"[""shift"", ""same"", ""same"", ""same"", ""same""]"	"[[""number_change"", ""person_change"", ""subject_shift""], [""independence_transition"", ""subordination_transition""], [""independence_transition"", ""subordination_transition""], [], []]"
406	8:12	5	"[""none"", ""none"", ""strong"", ""strong"", ""strong""]"	"[""same"", ""same"", ""shift"", ""shift"", ""shift""]"	"[[], [], [""number_change"", ""person_change"", ""subject_shift""], [""independence_transition"", ""number_change"", ""person_change"", ""subject_shift"", ""subordination_transition""], [""independence_transition"", ""person_change"", ""subject_shift"", ""subordination_transition""]]"
407	8:13	5	"[""none"", ""strong"", ""strong"", ""strong"", ""candidate""]"	"[""same"", ""shift"", ""shift"", ""shift"", ""same""]"	"[[], [""number_change"", ""person_change"", ""subject_shift""], [""independence_transition"", ""number_change"", ""person_change"", ""subject_shift"", ""subordination_transition""], [""independence_transition"", ""person_change"", ""subject_shift"", ""subordination_transition""], [""independence_transition"", ""subordination_transition""]]"
408	8:13	5	"[""strong"", ""strong"", ""strong"", ""candidate"", ""candidate""]"	"[""shift"", ""shift"", ""shift"", ""same"", ""same""]"	"[[""number_change"", ""person_change"", ""subject_shift""], [""independence_transition"", ""number_change"", ""person_change"", ""subject_shift"", ""subordination_transition""], [""independence_transition"", ""person_change"", ""subject_shift"", ""subordination_transition""], [""independence_transition"", ""subordination_transition""], [""independence_transition"", ""subordination_transition""]]"
409	8:13	5	"[""strong"", ""strong"", ""candidate"", ""candidate"", ""none""]"	"[""shift"", ""shift"", ""same"", ""same"", ""same""]"	"[[""independence_transition"", ""number_change"", ""person_change"", ""subject_shift"", ""subordination_transition""], [""independence_transition"", ""person_change"", ""subject_shift"", ""subordination_transition""], [""independence_transition"", ""subordination_transition""], [""independence_transition"", ""subordination_transition""], []]"
410	9:1	5	"[""strong"", ""candidate"", ""candidate"", ""none"", ""none""]"	"[""shift"", ""same"", ""same"", ""same"", ""same""]"	"[[""independence_transition"", ""person_change"", ""subject_shift"", ""subordination_transition""], [""independence_transition"", ""subordination_transition""], [""independence_transition"", ""subordination_transition""], [], []]"
413	9:1	5	"[""none"", ""none"", ""strong"", ""strong"", ""candidate""]"	"[""same"", ""same"", ""shift"", ""shift"", ""same""]"	"[[], [], [""number_change"", ""person_change"", ""subject_shift""], [""independence_transition"", ""number_change"", ""person_change"", ""subject_shift"", ""subordination_transition""], [""independence_transition"", ""subordination_transition""]]"
414	9:2	5	"[""none"", ""strong"", ""strong"", ""candidate"", ""strong""]"	"[""same"", ""shift"", ""shift"", ""same"", ""shift""]"	"[[], [""number_change"", ""person_change"", ""subject_shift""], [""independence_transition"", ""number_change"", ""person_change"", ""subject_shift"", ""subordination_transition""], [""independence_transition"", ""subordination_transition""], [""number_change"", ""person_change"", ""subject_shift""]]"
415	9:2	5	"[""strong"", ""strong"", ""candidate"", ""strong"", ""strong""]"	"[""shift"", ""shift"", ""same"", ""shift"", ""shift""]"	"[[""number_change"", ""person_change"", ""subject_shift""], [""independence_transition"", ""number_change"", ""person_change"", ""subject_shift"", ""subordination_transition""], [""independence_transition"", ""subordination_transition""], [""number_change"", ""person_change"", ""subject_shift""], [""number_change"", ""person_change"", ""subject_shift""]]"
416	9:2	5	"[""strong"", ""candidate"", ""strong"", ""strong"", ""strong""]"	"[""shift"", ""same"", ""shift"", ""shift"", ""shift""]"	"[[""independence_transition"", ""number_change"", ""person_change"", ""subject_shift"", ""subordination_transition""], [""independence_transition"", ""subordination_transition""], [""number_change"", ""person_change"", ""subject_shift""], [""number_change"", ""person_change"", ""subject_shift""], [""number_change"", ""person_change"", ""subject_shift""]]"
417	9:3	5	"[""candidate"", ""strong"", ""strong"", ""strong"", ""none""]"	"[""same"", ""shift"", ""shift"", ""shift"", ""same""]"	"[[""independence_transition"", ""subordination_transition""], [""number_change"", ""person_change"", ""subject_shift""], [""number_change"", ""person_change"", ""subject_shift""], [""number_change"", ""person_change"", ""subject_shift""], []]"
418	9:4	5	"[""strong"", ""strong"", ""strong"", ""none"", ""none""]"	"[""shift"", ""shift"", ""shift"", ""same"", ""same""]"	"[[""number_change"", ""person_change"", ""subject_shift""], [""number_change"", ""person_change"", ""subject_shift""], [""number_change"", ""person_change"", ""subject_shift""], [], []]"
421	9:7	5	"[""none"", ""none"", ""strong"", ""none"", ""none""]"	"[""same"", ""same"", ""shift"", ""same"", ""same""]"	"[[], [], [""number_change"", ""person_change"", ""subject_shift""], [], []]"
426	9:8	5	"[""none"", ""none"", ""candidate"", ""candidate"", ""none""]"	"[""same"", ""same"", ""shift"", ""shift"", ""same""]"	"[[], [], [""person_change"", ""subject_shift""], [""person_change"", ""subject_shift""], []]"
427	9:8	5	"[""none"", ""candidate"", ""candidate"", ""none"", ""candidate""]"	"[""same"", ""shift"", ""shift"", ""same"", ""shift""]"	"[[], [""person_change"", ""subject_shift""], [""person_change"", ""subject_shift""], [], [""person_change"", ""subject_shift""]]"
429	9:9	5	"[""candidate"", ""none"", ""candidate"", ""candidate"", ""none""]"	"[""shift"", ""same"", ""shift"", ""shift"", ""same""]"	"[[""person_change"", ""subject_shift""], [], [""person_change"", ""subject_shift""], [""person_change"", ""subject_shift""], []]"
430	9:9	5	"[""none"", ""candidate"", ""candidate"", ""none"", ""none""]"	"[""same"", ""shift"", ""shift"", ""same"", ""same""]"	"[[], [""person_change"", ""subject_shift""], [""person_change"", ""subject_shift""], [], []]"
433	9:10	5	"[""none"", ""none"", ""candidate"", ""strong"", ""none""]"	"[""same"", ""same"", ""same"", ""shift"", ""same""]"	"[[], [], [""independence_transition"", ""subordination_transition""], [""number_change"", ""person_change"", ""subject_shift""], []]"
434	9:11	5	"[""none"", ""candidate"", ""strong"", ""none"", ""candidate""]"	"[""same"", ""same"", ""shift"", ""same"", ""shift""]"	"[[], [""independence_transition"", ""subordination_transition""], [""number_change"", ""person_change"", ""subject_shift""], [], [""person_change"", ""subject_shift""]]"
436	9:12	5	"[""strong"", ""none"", ""candidate"", ""strong"", ""none""]"	"[""shift"", ""same"", ""shift"", ""shift"", ""same""]"	"[[""number_change"", ""person_change"", ""subject_shift""], [], [""person_change"", ""subject_shift""], [""independence_transition"", ""person_change"", ""subject_shift"", ""subordination_transition""], []]"
437	9:12	5	"[""none"", ""candidate"", ""strong"", ""none"", ""candidate""]"	"[""same"", ""shift"", ""shift"", ""same"", ""same""]"	"[[], [""person_change"", ""subject_shift""], [""independence_transition"", ""person_change"", ""subject_shift"", ""subordination_transition""], [], [""independence_transition"", ""subordination_transition""]]"
439	9:12	5	"[""strong"", ""none"", ""candidate"", ""strong"", ""strong""]"	"[""shift"", ""same"", ""same"", ""shift"", ""shift""]"	"[[""independence_transition"", ""person_change"", ""subject_shift"", ""subordination_transition""], [], [""independence_transition"", ""subordination_transition""], [""independence_transition"", ""person_change"", ""subject_shift"", ""subordination_transition""], [""independence_transition"", ""person_change"", ""subject_shift"", ""subordination_transition""]]"
440	9:13	5	"[""none"", ""candidate"", ""strong"", ""strong"", ""candidate""]"	"[""same"", ""same"", ""shift"", ""shift"", ""same""]"	"[[], [""independence_transition"", ""subordination_transition""], [""independence_transition"", ""person_change"", ""subject_shift"", ""subordination_transition""], [""independence_transition"", ""person_change"", ""subject_shift"", ""subordination_transition""], [""independence_transition"", ""subordination_transition""]]"
441	9:13	5	"[""candidate"", ""strong"", ""strong"", ""candidate"", ""candidate""]"	"[""same"", ""shift"", ""shift"", ""same"", ""shift""]"	"[[""independence_transition"", ""subordination_transition""], [""independence_transition"", ""person_change"", ""subject_shift"", ""subordination_transition""], [""independence_transition"", ""person_change"", ""subject_shift"", ""subordination_transition""], [""independence_transition"", ""subordination_transition""], [""number_change"", ""subject_shift""]]"
442	9:13	5	"[""strong"", ""strong"", ""candidate"", ""candidate"", ""candidate""]"	"[""shift"", ""shift"", ""same"", ""shift"", ""shift""]"	"[[""independence_transition"", ""person_change"", ""subject_shift"", ""subordination_transition""], [""independence_transition"", ""person_change"", ""subject_shift"", ""subordination_transition""], [""independence_transition"", ""subordination_transition""], [""number_change"", ""subject_shift""], [""person_change"", ""subject_shift""]]"
443	9:14	5	"[""strong"", ""candidate"", ""candidate"", ""candidate"", ""none""]"	"[""shift"", ""same"", ""shift"", ""shift"", ""same""]"	"[[""independence_transition"", ""person_change"", ""subject_shift"", ""subordination_transition""], [""independence_transition"", ""subordination_transition""], [""number_change"", ""subject_shift""], [""person_change"", ""subject_shift""], []]"
444	9:15	5	"[""candidate"", ""candidate"", ""candidate"", ""none"", ""strong""]"	"[""same"", ""shift"", ""shift"", ""same"", ""shift""]"	"[[""independence_transition"", ""subordination_transition""], [""number_change"", ""subject_shift""], [""person_change"", ""subject_shift""], [], [""independence_transition"", ""person_change"", ""subject_shift"", ""subordination_transition""]]"
446	9:15	5	"[""candidate"", ""none"", ""strong"", ""candidate"", ""strong""]"	"[""shift"", ""same"", ""shift"", ""same"", ""shift""]"	"[[""person_change"", ""subject_shift""], [], [""independence_transition"", ""person_change"", ""subject_shift"", ""subordination_transition""], [""independence_transition"", ""subordination_transition""], [""independence_transition"", ""person_change"", ""subject_shift"", ""subordination_transition""]]"
447	9:15	5	"[""none"", ""strong"", ""candidate"", ""strong"", ""strong""]"	"[""same"", ""shift"", ""same"", ""shift"", ""shift""]"	"[[], [""independence_transition"", ""person_change"", ""subject_shift"", ""subordination_transition""], [""independence_transition"", ""subordination_transition""], [""independence_transition"", ""person_change"", ""subject_shift"", ""subordination_transition""], [""independence_transition"", ""person_change"", ""subject_shift"", ""subordination_transition""]]"
448	9:16	5	"[""strong"", ""candidate"", ""strong"", ""strong"", ""none""]"	"[""shift"", ""same"", ""shift"", ""shift"", ""same""]"	"[[""independence_transition"", ""person_change"", ""subject_shift"", ""subordination_transition""], [""independence_transition"", ""subordination_transition""], [""independence_transition"", ""person_change"", ""subject_shift"", ""subordination_transition""], [""independence_transition"", ""person_change"", ""subject_shift"", ""subordination_transition""], []]"
449	9:16	5	"[""candidate"", ""strong"", ""strong"", ""none"", ""none""]"	"[""same"", ""shift"", ""shift"", ""same"", ""same""]"	"[[""independence_transition"", ""subordination_transition""], [""independence_transition"", ""person_change"", ""subject_shift"", ""subordination_transition""], [""independence_transition"", ""person_change"", ""subject_shift"", ""subordination_transition""], [], []]"
452	9:16	5	"[""none"", ""none"", ""strong"", ""none"", ""candidate""]"	"[""same"", ""same"", ""shift"", ""same"", ""same""]"	"[[], [], [""independence_transition"", ""person_change"", ""subject_shift"", ""subordination_transition""], [], [""independence_transition"", ""subordination_transition""]]"
454	9:17	5	"[""strong"", ""none"", ""candidate"", ""candidate"", ""strong""]"	"[""shift"", ""same"", ""same"", ""same"", ""shift""]"	"[[""independence_transition"", ""person_change"", ""subject_shift"", ""subordination_transition""], [], [""independence_transition"", ""subordination_transition""], [""independence_transition"", ""subordination_transition""], [""independence_transition"", ""person_change"", ""subject_shift"", ""subordination_transition""]]"
455	9:17	5	"[""none"", ""candidate"", ""candidate"", ""strong"", ""strong""]"	"[""same"", ""same"", ""same"", ""shift"", ""shift""]"	"[[], [""independence_transition"", ""subordination_transition""], [""independence_transition"", ""subordination_transition""], [""independence_transition"", ""person_change"", ""subject_shift"", ""subordination_transition""], [""independence_transition"", ""person_change"", ""subject_shift"", ""subordination_transition""]]"
456	9:18	5	"[""candidate"", ""candidate"", ""strong"", ""strong"", ""candidate""]"	"[""same"", ""same"", ""shift"", ""shift"", ""same""]"	"[[""independence_transition"", ""subordination_transition""], [""independence_transition"", ""subordination_transition""], [""independence_transition"", ""person_change"", ""subject_shift"", ""subordination_transition""], [""independence_transition"", ""person_change"", ""subject_shift"", ""subordination_transition""], [""independence_transition"", ""subordination_transition""]]"
457	9:18	5	"[""candidate"", ""strong"", ""strong"", ""candidate"", ""candidate""]"	"[""same"", ""shift"", ""shift"", ""same"", ""same""]"	"[[""independence_transition"", ""subordination_transition""], [""independence_transition"", ""person_change"", ""subject_shift"", ""subordination_transition""], [""independence_transition"", ""person_change"", ""subject_shift"", ""subordination_transition""], [""independence_transition"", ""subordination_transition""], [""independence_transition"", ""subordination_transition""]]"
458	9:19	5	"[""strong"", ""strong"", ""candidate"", ""candidate"", ""candidate""]"	"[""shift"", ""shift"", ""same"", ""same"", ""same""]"	"[[""independence_transition"", ""person_change"", ""subject_shift"", ""subordination_transition""], [""independence_transition"", ""person_change"", ""subject_shift"", ""subordination_transition""], [""independence_transition"", ""subordination_transition""], [""independence_transition"", ""subordination_transition""], [""independence_transition"", ""subordination_transition""]]"
459	9:19	5	"[""strong"", ""candidate"", ""candidate"", ""candidate"", ""candidate""]"	"[""shift"", ""same"", ""same"", ""same"", ""same""]"	"[[""independence_transition"", ""person_change"", ""subject_shift"", ""subordination_transition""], [""independence_transition"", ""subordination_transition""], [""independence_transition"", ""subordination_transition""], [""independence_transition"", ""subordination_transition""], [""independence_transition"", ""subordination_transition""]]"
460	9:20	5	"[""candidate"", ""candidate"", ""candidate"", ""candidate"", ""none""]"	"[""same"", ""same"", ""same"", ""same"", ""same""]"	"[[""independence_transition"", ""subordination_transition""], [""independence_transition"", ""subordination_transition""], [""independence_transition"", ""subordination_transition""], [""independence_transition"", ""subordination_transition""], []]"
461	9:20	5	"[""candidate"", ""candidate"", ""candidate"", ""none"", ""none""]"	"[""same"", ""same"", ""same"", ""same"", ""same""]"	"[[""independence_transition"", ""subordination_transition""], [""independence_transition"", ""subordination_transition""], [""independence_transition"", ""subordination_transition""], [], []]"
464	9:22	5	"[""none"", ""none"", ""candidate"", ""candidate"", ""candidate""]"	"[""same"", ""same"", ""same"", ""same"", ""same""]"	"[[], [], [""independence_transition"", ""subordination_transition""], [""independence_transition"", ""subordination_transition""], [""independence_transition"", ""subordination_transition""]]"
465	9:22	5	"[""none"", ""candidate"", ""candidate"", ""candidate"", ""candidate""]"	"[""same"", ""same"", ""same"", ""same"", ""same""]"	"[[], [""independence_transition"", ""subordination_transition""], [""independence_transition"", ""subordination_transition""], [""independence_transition"", ""subordination_transition""], [""independence_transition"", ""subordination_transition""]]"
466	9:22	5	"[""candidate"", ""candidate"", ""candidate"", ""candidate"", ""candidate""]"	"[""same"", ""same"", ""same"", ""same"", ""same""]"	"[[""independence_transition"", ""subordination_transition""], [""independence_transition"", ""subordination_transition""], [""independence_transition"", ""subordination_transition""], [""independence_transition"", ""subordination_transition""], [""independence_transition"", ""subordination_transition""]]"
467	9:22	5	"[""candidate"", ""candidate"", ""candidate"", ""candidate"", ""candidate""]"	"[""same"", ""same"", ""same"", ""same"", ""same""]"	"[[""independence_transition"", ""subordination_transition""], [""independence_transition"", ""subordination_transition""], [""independence_transition"", ""subordination_transition""], [""independence_transition"", ""subordination_transition""], [""independence_transition"", ""subordination_transition""]]"
468	9:23	5	"[""candidate"", ""candidate"", ""candidate"", ""candidate"", ""strong""]"	"[""same"", ""same"", ""same"", ""same"", ""shift""]"	"[[""independence_transition"", ""subordination_transition""], [""independence_transition"", ""subordination_transition""], [""independence_transition"", ""subordination_transition""], [""independence_transition"", ""subordination_transition""], [""independence_transition"", ""number_change"", ""person_change"", ""subject_shift"", ""subordination_transition""]]"
469	9:23	5	"[""candidate"", ""candidate"", ""candidate"", ""strong"", ""strong""]"	"[""same"", ""same"", ""same"", ""shift"", ""shift""]"	"[[""independence_transition"", ""subordination_transition""], [""independence_transition"", ""subordination_transition""], [""independence_transition"", ""subordination_transition""], [""independence_transition"", ""number_change"", ""person_change"", ""subject_shift"", ""subordination_transition""], [""independence_transition"", ""person_change"", ""subject_shift"", ""subordination_transition""]]"
470	9:24	5	"[""candidate"", ""candidate"", ""strong"", ""strong"", ""strong""]"	"[""same"", ""same"", ""shift"", ""shift"", ""shift""]"	"[[""independence_transition"", ""subordination_transition""], [""independence_transition"", ""subordination_transition""], [""independence_transition"", ""number_change"", ""person_change"", ""subject_shift"", ""subordination_transition""], [""independence_transition"", ""person_change"", ""subject_shift"", ""subordination_transition""], [""independence_transition"", ""number_change"", ""subject_shift"", ""subordination_transition""]]"
471	9:24	5	"[""candidate"", ""strong"", ""strong"", ""strong"", ""strong""]"	"[""same"", ""shift"", ""shift"", ""shift"", ""shift""]"	"[[""independence_transition"", ""subordination_transition""], [""independence_transition"", ""number_change"", ""person_change"", ""subject_shift"", ""subordination_transition""], [""independence_transition"", ""person_change"", ""subject_shift"", ""subordination_transition""], [""independence_transition"", ""number_change"", ""subject_shift"", ""subordination_transition""], [""number_change"", ""person_change"", ""subject_shift""]]"
472	9:24	5	"[""strong"", ""strong"", ""strong"", ""strong"", ""candidate""]"	"[""shift"", ""shift"", ""shift"", ""shift"", ""same""]"	"[[""independence_transition"", ""number_change"", ""person_change"", ""subject_shift"", ""subordination_transition""], [""independence_transition"", ""person_change"", ""subject_shift"", ""subordination_transition""], [""independence_transition"", ""number_change"", ""subject_shift"", ""subordination_transition""], [""number_change"", ""person_change"", ""subject_shift""], [""independence_transition"", ""subordination_transition""]]"
473	9:24	5	"[""strong"", ""strong"", ""strong"", ""candidate"", ""strong""]"	"[""shift"", ""shift"", ""shift"", ""same"", ""shift""]"	"[[""independence_transition"", ""person_change"", ""subject_shift"", ""subordination_transition""], [""independence_transition"", ""number_change"", ""subject_shift"", ""subordination_transition""], [""number_change"", ""person_change"", ""subject_shift""], [""independence_transition"", ""subordination_transition""], [""independence_transition"", ""number_change"", ""person_change"", ""subject_shift"", ""subordination_transition""]]"
474	9:24	5	"[""strong"", ""strong"", ""candidate"", ""strong"", ""strong""]"	"[""shift"", ""shift"", ""same"", ""shift"", ""shift""]"	"[[""independence_transition"", ""number_change"", ""subject_shift"", ""subordination_transition""], [""number_change"", ""person_change"", ""subject_shift""], [""independence_transition"", ""subordination_transition""], [""independence_transition"", ""number_change"", ""person_change"", ""subject_shift"", ""subordination_transition""], [""independence_transition"", ""number_change"", ""subject_shift"", ""subordination_transition""]]"
475	9:25	5	"[""strong"", ""candidate"", ""strong"", ""strong"", ""strong""]"	"[""shift"", ""same"", ""shift"", ""shift"", ""shift""]"	"[[""number_change"", ""person_change"", ""subject_shift""], [""independence_transition"", ""subordination_transition""], [""independence_transition"", ""number_change"", ""person_change"", ""subject_shift"", ""subordination_transition""], [""independence_transition"", ""number_change"", ""subject_shift"", ""subordination_transition""], [""independence_transition"", ""number_change"", ""person_change"", ""subject_shift"", ""subordination_transition""]]"
476	9:25	5	"[""candidate"", ""strong"", ""strong"", ""strong"", ""candidate""]"	"[""same"", ""shift"", ""shift"", ""shift"", ""same""]"	"[[""independence_transition"", ""subordination_transition""], [""independence_transition"", ""number_change"", ""person_change"", ""subject_shift"", ""subordination_transition""], [""independence_transition"", ""number_change"", ""subject_shift"", ""subordination_transition""], [""independence_transition"", ""number_change"", ""person_change"", ""subject_shift"", ""subordination_transition""], [""independence_transition"", ""subordination_transition""]]"
477	9:26	5	"[""strong"", ""strong"", ""strong"", ""candidate"", ""candidate""]"	"[""shift"", ""shift"", ""shift"", ""same"", ""same""]"	"[[""independence_transition"", ""number_change"", ""person_change"", ""subject_shift"", ""subordination_transition""], [""independence_transition"", ""number_change"", ""subject_shift"", ""subordination_transition""], [""independence_transition"", ""number_change"", ""person_change"", ""subject_shift"", ""subordination_transition""], [""independence_transition"", ""subordination_transition""], [""independence_transition"", ""subordination_transition""]]"
478	9:26	5	"[""strong"", ""strong"", ""candidate"", ""candidate"", ""none""]"	"[""shift"", ""shift"", ""same"", ""same"", ""same""]"	"[[""independence_transition"", ""number_change"", ""subject_shift"", ""subordination_transition""], [""independence_transition"", ""number_change"", ""person_change"", ""subject_shift"", ""subordination_transition""], [""independence_transition"", ""subordination_transition""], [""independence_transition"", ""subordination_transition""], []]"
479	9:27	5	"[""strong"", ""candidate"", ""candidate"", ""none"", ""none""]"	"[""shift"", ""same"", ""same"", ""same"", ""same""]"	"[[""independence_transition"", ""number_change"", ""person_change"", ""subject_shift"", ""subordination_transition""], [""independence_transition"", ""subordination_transition""], [""independence_transition"", ""subordination_transition""], [], []]"
483	10:1	5	"[""none"", ""none"", ""strong"", ""candidate"", ""none""]"	"[""same"", ""same"", ""shift"", ""same"", ""same""]"	"[[], [], [""independence_transition"", ""number_change"", ""person_change"", ""subject_shift"", ""subordination_transition""], [""independence_transition"", ""subordination_transition""], []]"
484	10:1	5	"[""none"", ""strong"", ""candidate"", ""none"", ""none""]"	"[""same"", ""shift"", ""same"", ""same"", ""same""]"	"[[], [""independence_transition"", ""number_change"", ""person_change"", ""subject_shift"", ""subordination_transition""], [""independence_transition"", ""subordination_transition""], [], []]"
489	10:4	5	"[""none"", ""none"", ""candidate"", ""none"", ""candidate""]"	"[""same"", ""same"", ""shift"", ""same"", ""shift""]"	"[[], [], [""number_change"", ""subject_shift""], [], [""number_change"", ""subject_shift""]]"
491	10:5	5	"[""candidate"", ""none"", ""candidate"", ""none"", ""candidate""]"	"[""shift"", ""same"", ""shift"", ""same"", ""same""]"	"[[""number_change"", ""subject_shift""], [], [""number_change"", ""subject_shift""], [], [""independence_transition"", ""subordination_transition""]]"
493	10:6	5	"[""candidate"", ""none"", ""candidate"", ""strong"", ""strong""]"	"[""shift"", ""same"", ""same"", ""shift"", ""shift""]"	"[[""number_change"", ""subject_shift""], [], [""independence_transition"", ""subordination_transition""], [""independence_transition"", ""person_change"", ""subject_shift"", ""subordination_transition""], [""independence_transition"", ""number_change"", ""person_change"", ""subject_shift"", ""subordination_transition""]]"
494	10:7	5	"[""none"", ""candidate"", ""strong"", ""strong"", ""candidate""]"	"[""same"", ""same"", ""shift"", ""shift"", ""same""]"	"[[], [""independence_transition"", ""subordination_transition""], [""independence_transition"", ""person_change"", ""subject_shift"", ""subordination_transition""], [""independence_transition"", ""number_change"", ""person_change"", ""subject_shift"", ""subordination_transition""], [""independence_transition"", ""subordination_transition""]]"
495	10:7	5	"[""candidate"", ""strong"", ""strong"", ""candidate"", ""candidate""]"	"[""same"", ""shift"", ""shift"", ""same"", ""shift""]"	"[[""independence_transition"", ""subordination_transition""], [""independence_transition"", ""person_change"", ""subject_shift"", ""subordination_transition""], [""independence_transition"", ""number_change"", ""person_change"", ""subject_shift"", ""subordination_transition""], [""independence_transition"", ""subordination_transition""], [""number_change"", ""subject_shift""]]"
496	10:7	5	"[""strong"", ""strong"", ""candidate"", ""candidate"", ""candidate""]"	"[""shift"", ""shift"", ""same"", ""shift"", ""shift""]"	"[[""independence_transition"", ""person_change"", ""subject_shift"", ""subordination_transition""], [""independence_transition"", ""number_change"", ""person_change"", ""subject_shift"", ""subordination_transition""], [""independence_transition"", ""subordination_transition""], [""number_change"", ""subject_shift""], [""person_change"", ""subject_shift""]]"
497	10:7	5	"[""strong"", ""candidate"", ""candidate"", ""candidate"", ""strong""]"	"[""shift"", ""same"", ""shift"", ""shift"", ""shift""]"	"[[""independence_transition"", ""number_change"", ""person_change"", ""subject_shift"", ""subordination_transition""], [""independence_transition"", ""subordination_transition""], [""number_change"", ""subject_shift""], [""person_change"", ""subject_shift""], [""independence_transition"", ""person_change"", ""subject_shift"", ""subordination_transition""]]"
498	10:8	5	"[""candidate"", ""candidate"", ""candidate"", ""strong"", ""candidate""]"	"[""same"", ""shift"", ""shift"", ""shift"", ""same""]"	"[[""independence_transition"", ""subordination_transition""], [""number_change"", ""subject_shift""], [""person_change"", ""subject_shift""], [""independence_transition"", ""person_change"", ""subject_shift"", ""subordination_transition""], [""independence_transition"", ""subordination_transition""]]"
499	10:8	5	"[""candidate"", ""candidate"", ""strong"", ""candidate"", ""candidate""]"	"[""shift"", ""shift"", ""shift"", ""same"", ""shift""]"	"[[""number_change"", ""subject_shift""], [""person_change"", ""subject_shift""], [""independence_transition"", ""person_change"", ""subject_shift"", ""subordination_transition""], [""independence_transition"", ""subordination_transition""], [""person_change"", ""subject_shift""]]"
500	10:8	5	"[""candidate"", ""strong"", ""candidate"", ""candidate"", ""strong""]"	"[""shift"", ""shift"", ""same"", ""shift"", ""shift""]"	"[[""person_change"", ""subject_shift""], [""independence_transition"", ""person_change"", ""subject_shift"", ""subordination_transition""], [""independence_transition"", ""subordination_transition""], [""person_change"", ""subject_shift""], [""independence_transition"", ""person_change"", ""subject_shift"", ""subordination_transition""]]"
501	10:9	5	"[""strong"", ""candidate"", ""candidate"", ""strong"", ""candidate""]"	"[""shift"", ""same"", ""shift"", ""shift"", ""same""]"	"[[""independence_transition"", ""person_change"", ""subject_shift"", ""subordination_transition""], [""independence_transition"", ""subordination_transition""], [""person_change"", ""subject_shift""], [""independence_transition"", ""person_change"", ""subject_shift"", ""subordination_transition""], [""independence_transition"", ""subordination_transition""]]"
502	10:9	5	"[""candidate"", ""candidate"", ""strong"", ""candidate"", ""candidate""]"	"[""same"", ""shift"", ""shift"", ""same"", ""shift""]"	"[[""independence_transition"", ""subordination_transition""], [""person_change"", ""subject_shift""], [""independence_transition"", ""person_change"", ""subject_shift"", ""subordination_transition""], [""independence_transition"", ""subordination_transition""], [""person_change"", ""subject_shift""]]"
503	10:9	5	"[""candidate"", ""strong"", ""candidate"", ""candidate"", ""candidate""]"	"[""shift"", ""shift"", ""same"", ""shift"", ""shift""]"	"[[""person_change"", ""subject_shift""], [""independence_transition"", ""person_change"", ""subject_shift"", ""subordination_transition""], [""independence_transition"", ""subordination_transition""], [""person_change"", ""subject_shift""], [""person_change"", ""subject_shift""]]"
504	10:10	5	"[""strong"", ""candidate"", ""candidate"", ""candidate"", ""none""]"	"[""shift"", ""same"", ""shift"", ""shift"", ""same""]"	"[[""independence_transition"", ""person_change"", ""subject_shift"", ""subordination_transition""], [""independence_transition"", ""subordination_transition""], [""person_change"", ""subject_shift""], [""person_change"", ""subject_shift""], []]"
505	10:10	5	"[""candidate"", ""candidate"", ""candidate"", ""none"", ""candidate""]"	"[""same"", ""shift"", ""shift"", ""same"", ""shift""]"	"[[""independence_transition"", ""subordination_transition""], [""person_change"", ""subject_shift""], [""person_change"", ""subject_shift""], [], [""number_change"", ""subject_shift""]]"
507	10:11	5	"[""candidate"", ""none"", ""candidate"", ""none"", ""none""]"	"[""shift"", ""same"", ""shift"", ""same"", ""same""]"	"[[""person_change"", ""subject_shift""], [], [""number_change"", ""subject_shift""], [], []]"
510	10:12	5	"[""none"", ""none"", ""candidate"", ""candidate"", ""none""]"	"[""same"", ""same"", ""same"", ""same"", ""same""]"	"[[], [], [""independence_transition"", ""subordination_transition""], [""independence_transition"", ""subordination_transition""], []]"
511	10:12	5	"[""none"", ""candidate"", ""candidate"", ""none"", ""candidate""]"	"[""same"", ""same"", ""same"", ""same"", ""same""]"	"[[], [""independence_transition"", ""subordination_transition""], [""independence_transition"", ""subordination_transition""], [], [""independence_transition"", ""subordination_transition""]]"
513	10:13	5	"[""candidate"", ""none"", ""candidate"", ""strong"", ""strong""]"	"[""same"", ""same"", ""same"", ""shift"", ""shift""]"	"[[""independence_transition"", ""subordination_transition""], [], [""independence_transition"", ""subordination_transition""], [""independence_transition"", ""number_change"", ""person_change"", ""subject_shift"", ""subordination_transition""], [""number_change"", ""person_change"", ""subject_shift""]]"
514	10:13	5	"[""none"", ""candidate"", ""strong"", ""strong"", ""strong""]"	"[""same"", ""same"", ""shift"", ""shift"", ""shift""]"	"[[], [""independence_transition"", ""subordination_transition""], [""independence_transition"", ""number_change"", ""person_change"", ""subject_shift"", ""subordination_transition""], [""number_change"", ""person_change"", ""subject_shift""], [""number_change"", ""person_change"", ""subject_shift""]]"
515	10:13	5	"[""candidate"", ""strong"", ""strong"", ""strong"", ""strong""]"	"[""same"", ""shift"", ""shift"", ""shift"", ""shift""]"	"[[""independence_transition"", ""subordination_transition""], [""independence_transition"", ""number_change"", ""person_change"", ""subject_shift"", ""subordination_transition""], [""number_change"", ""person_change"", ""subject_shift""], [""number_change"", ""person_change"", ""subject_shift""], [""independence_transition"", ""number_change"", ""person_change"", ""subject_shift"", ""subordination_transition""]]"
516	10:14	5	"[""strong"", ""strong"", ""strong"", ""strong"", ""strong""]"	"[""shift"", ""shift"", ""shift"", ""shift"", ""shift""]"	"[[""independence_transition"", ""number_change"", ""person_change"", ""subject_shift"", ""subordination_transition""], [""number_change"", ""person_change"", ""subject_shift""], [""number_change"", ""person_change"", ""subject_shift""], [""independence_transition"", ""number_change"", ""person_change"", ""subject_shift"", ""subordination_transition""], [""independence_transition"", ""number_change"", ""person_change"", ""subject_shift"", ""subordination_transition""]]"
517	10:15	5	"[""strong"", ""strong"", ""strong"", ""strong"", ""strong""]"	"[""shift"", ""shift"", ""shift"", ""shift"", ""shift""]"	"[[""number_change"", ""person_change"", ""subject_shift""], [""number_change"", ""person_change"", ""subject_shift""], [""independence_transition"", ""number_change"", ""person_change"", ""subject_shift"", ""subordination_transition""], [""independence_transition"", ""number_change"", ""person_change"", ""subject_shift"", ""subordination_transition""], [""number_change"", ""person_change"", ""subject_shift""]]"
518	10:15	5	"[""strong"", ""strong"", ""strong"", ""strong"", ""candidate""]"	"[""shift"", ""shift"", ""shift"", ""shift"", ""shift""]"	"[[""number_change"", ""person_change"", ""subject_shift""], [""independence_transition"", ""number_change"", ""person_change"", ""subject_shift"", ""subordination_transition""], [""independence_transition"", ""number_change"", ""person_change"", ""subject_shift"", ""subordination_transition""], [""number_change"", ""person_change"", ""subject_shift""], [""number_change"", ""subject_shift""]]"
519	10:15	5	"[""strong"", ""strong"", ""strong"", ""candidate"", ""strong""]"	"[""shift"", ""shift"", ""shift"", ""shift"", ""shift""]"	"[[""independence_transition"", ""number_change"", ""person_change"", ""subject_shift"", ""subordination_transition""], [""independence_transition"", ""number_change"", ""person_change"", ""subject_shift"", ""subordination_transition""], [""number_change"", ""person_change"", ""subject_shift""], [""number_change"", ""subject_shift""], [""number_change"", ""person_change"", ""subject_shift""]]"
520	10:16	5	"[""strong"", ""strong"", ""candidate"", ""strong"", ""strong""]"	"[""shift"", ""shift"", ""shift"", ""shift"", ""shift""]"	"[[""independence_transition"", ""number_change"", ""person_change"", ""subject_shift"", ""subordination_transition""], [""number_change"", ""person_change"", ""subject_shift""], [""number_change"", ""subject_shift""], [""number_change"", ""person_change"", ""subject_shift""], [""number_change"", ""person_change"", ""subject_shift""]]"
521	10:16	5	"[""strong"", ""candidate"", ""strong"", ""strong"", ""strong""]"	"[""shift"", ""shift"", ""shift"", ""shift"", ""shift""]"	"[[""number_change"", ""person_change"", ""subject_shift""], [""number_change"", ""subject_shift""], [""number_change"", ""person_change"", ""subject_shift""], [""number_change"", ""person_change"", ""subject_shift""], [""number_change"", ""person_change"", ""subject_shift""]]"
522	10:16	5	"[""candidate"", ""strong"", ""strong"", ""strong"", ""strong""]"	"[""shift"", ""shift"", ""shift"", ""shift"", ""shift""]"	"[[""number_change"", ""subject_shift""], [""number_change"", ""person_change"", ""subject_shift""], [""number_change"", ""person_change"", ""subject_shift""], [""number_change"", ""person_change"", ""subject_shift""], [""independence_transition"", ""number_change"", ""person_change"", ""subject_shift"", ""subordination_transition""]]"
523	10:16	5	"[""strong"", ""strong"", ""strong"", ""strong"", ""candidate""]"	"[""shift"", ""shift"", ""shift"", ""shift"", ""same""]"	"[[""number_change"", ""person_change"", ""subject_shift""], [""number_change"", ""person_change"", ""subject_shift""], [""number_change"", ""person_change"", ""subject_shift""], [""independence_transition"", ""number_change"", ""person_change"", ""subject_shift"", ""subordination_transition""], [""independence_transition"", ""subordination_transition""]]"
524	10:17	5	"[""strong"", ""strong"", ""strong"", ""candidate"", ""candidate""]"	"[""shift"", ""shift"", ""shift"", ""same"", ""shift""]"	"[[""number_change"", ""person_change"", ""subject_shift""], [""number_change"", ""person_change"", ""subject_shift""], [""independence_transition"", ""number_change"", ""person_change"", ""subject_shift"", ""subordination_transition""], [""independence_transition"", ""subordination_transition""], [""person_change"", ""subject_shift""]]"
525	10:17	5	"[""strong"", ""strong"", ""candidate"", ""candidate"", ""candidate""]"	"[""shift"", ""shift"", ""same"", ""shift"", ""shift""]"	"[[""number_change"", ""person_change"", ""subject_shift""], [""independence_transition"", ""number_change"", ""person_change"", ""subject_shift"", ""subordination_transition""], [""independence_transition"", ""subordination_transition""], [""person_change"", ""subject_shift""], [""person_change"", ""subject_shift""]]"
526	10:18	5	"[""strong"", ""candidate"", ""candidate"", ""candidate"", ""strong""]"	"[""shift"", ""same"", ""shift"", ""shift"", ""shift""]"	"[[""independence_transition"", ""number_change"", ""person_change"", ""subject_shift"", ""subordination_transition""], [""independence_transition"", ""subordination_transition""], [""person_change"", ""subject_shift""], [""person_change"", ""subject_shift""], [""number_change"", ""person_change"", ""subject_shift""]]"
527	10:18	5	"[""candidate"", ""candidate"", ""candidate"", ""strong"", ""strong""]"	"[""same"", ""shift"", ""shift"", ""shift"", ""shift""]"	"[[""independence_transition"", ""subordination_transition""], [""person_change"", ""subject_shift""], [""person_change"", ""subject_shift""], [""number_change"", ""person_change"", ""subject_shift""], [""independence_transition"", ""person_change"", ""subject_shift"", ""subordination_transition""]]"
528	10:19	5	"[""candidate"", ""candidate"", ""strong"", ""strong"", ""none""]"	"[""shift"", ""shift"", ""shift"", ""shift"", ""same""]"	"[[""person_change"", ""subject_shift""], [""person_change"", ""subject_shift""], [""number_change"", ""person_change"", ""subject_shift""], [""independence_transition"", ""person_change"", ""subject_shift"", ""subordination_transition""], []]"
529	10:19	5	"[""candidate"", ""strong"", ""strong"", ""none"", ""candidate""]"	"[""shift"", ""shift"", ""shift"", ""same"", ""shift""]"	"[[""person_change"", ""subject_shift""], [""number_change"", ""person_change"", ""subject_shift""], [""independence_transition"", ""person_change"", ""subject_shift"", ""subordination_transition""], [], [""number_change"", ""subject_shift""]]"
531	10:20	5	"[""strong"", ""none"", ""candidate"", ""candidate"", ""strong""]"	"[""shift"", ""same"", ""shift"", ""same"", ""shift""]"	"[[""independence_transition"", ""person_change"", ""subject_shift"", ""subordination_transition""], [], [""number_change"", ""subject_shift""], [""independence_transition"", ""subordination_transition""], [""number_change"", ""person_change"", ""subject_shift""]]"
532	10:20	5	"[""none"", ""candidate"", ""candidate"", ""strong"", ""strong""]"	"[""same"", ""shift"", ""same"", ""shift"", ""shift""]"	"[[], [""number_change"", ""subject_shift""], [""independence_transition"", ""subordination_transition""], [""number_change"", ""person_change"", ""subject_shift""], [""number_change"", ""person_change"", ""subject_shift""]]"
533	10:20	5	"[""candidate"", ""candidate"", ""strong"", ""strong"", ""none""]"	"[""shift"", ""same"", ""shift"", ""shift"", ""same""]"	"[[""number_change"", ""subject_shift""], [""independence_transition"", ""subordination_transition""], [""number_change"", ""person_change"", ""subject_shift""], [""number_change"", ""person_change"", ""subject_shift""], []]"
534	10:21	5	"[""candidate"", ""strong"", ""strong"", ""none"", ""candidate""]"	"[""same"", ""shift"", ""shift"", ""same"", ""shift""]"	"[[""independence_transition"", ""subordination_transition""], [""number_change"", ""person_change"", ""subject_shift""], [""number_change"", ""person_change"", ""subject_shift""], [], [""person_change"", ""subject_shift""]]"
536	10:22	5	"[""strong"", ""none"", ""candidate"", ""none"", ""strong""]"	"[""shift"", ""same"", ""shift"", ""same"", ""shift""]"	"[[""number_change"", ""person_change"", ""subject_shift""], [], [""person_change"", ""subject_shift""], [], [""number_change"", ""person_change"", ""subject_shift""]]"
538	10:23	5	"[""candidate"", ""none"", ""strong"", ""none"", ""none""]"	"[""shift"", ""same"", ""shift"", ""same"", ""same""]"	"[[""person_change"", ""subject_shift""], [], [""number_change"", ""person_change"", ""subject_shift""], [], []]"
543	10:25	5	"[""none"", ""none"", ""strong"", ""strong"", ""strong""]"	"[""same"", ""same"", ""shift"", ""shift"", ""shift""]"	"[[], [], [""number_change"", ""person_change"", ""subject_shift""], [""independence_transition"", ""number_change"", ""person_change"", ""subject_shift"", ""subordination_transition""], [""independence_transition"", ""number_change"", ""person_change"", ""subject_shift"", ""subordination_transition""]]"
544	10:27	5	"[""none"", ""strong"", ""strong"", ""strong"", ""none""]"	"[""same"", ""shift"", ""shift"", ""shift"", ""same""]"	"[[], [""number_change"", ""person_change"", ""subject_shift""], [""independence_transition"", ""number_change"", ""person_change"", ""subject_shift"", ""subordination_transition""], [""independence_transition"", ""number_change"", ""person_change"", ""subject_shift"", ""subordination_transition""], []]"
545	10:27	5	"[""strong"", ""strong"", ""strong"", ""none"", ""strong""]"	"[""shift"", ""shift"", ""shift"", ""same"", ""shift""]"	"[[""number_change"", ""person_change"", ""subject_shift""], [""independence_transition"", ""number_change"", ""person_change"", ""subject_shift"", ""subordination_transition""], [""independence_transition"", ""number_change"", ""person_change"", ""subject_shift"", ""subordination_transition""], [], [""independence_transition"", ""number_change"", ""person_change"", ""subject_shift"", ""subordination_transition""]]"
547	10:28	5	"[""strong"", ""none"", ""strong"", ""candidate"", ""strong""]"	"[""shift"", ""same"", ""shift"", ""same"", ""shift""]"	"[[""independence_transition"", ""number_change"", ""person_change"", ""subject_shift"", ""subordination_transition""], [], [""independence_transition"", ""number_change"", ""person_change"", ""subject_shift"", ""subordination_transition""], [""independence_transition"", ""subordination_transition""], [""number_change"", ""person_change"", ""subject_shift""]]"
548	10:28	5	"[""none"", ""strong"", ""candidate"", ""strong"", ""strong""]"	"[""same"", ""shift"", ""same"", ""shift"", ""shift""]"	"[[], [""independence_transition"", ""number_change"", ""person_change"", ""subject_shift"", ""subordination_transition""], [""independence_transition"", ""subordination_transition""], [""number_change"", ""person_change"", ""subject_shift""], [""number_change"", ""person_change"", ""subject_shift""]]"
549	10:28	5	"[""strong"", ""candidate"", ""strong"", ""strong"", ""candidate""]"	"[""shift"", ""same"", ""shift"", ""shift"", ""shift""]"	"[[""independence_transition"", ""number_change"", ""person_change"", ""subject_shift"", ""subordination_transition""], [""independence_transition"", ""subordination_transition""], [""number_change"", ""person_change"", ""subject_shift""], [""number_change"", ""person_change"", ""subject_shift""], [""person_change"", ""subject_shift""]]"
550	10:29	5	"[""candidate"", ""strong"", ""strong"", ""candidate"", ""strong""]"	"[""same"", ""shift"", ""shift"", ""shift"", ""shift""]"	"[[""independence_transition"", ""subordination_transition""], [""number_change"", ""person_change"", ""subject_shift""], [""number_change"", ""person_change"", ""subject_shift""], [""person_change"", ""subject_shift""], [""independence_transition"", ""person_change"", ""subject_shift"", ""subordination_transition""]]"
551	10:29	5	"[""strong"", ""strong"", ""candidate"", ""strong"", ""candidate""]"	"[""shift"", ""shift"", ""shift"", ""shift"", ""same""]"	"[[""number_change"", ""person_change"", ""subject_shift""], [""number_change"", ""person_change"", ""subject_shift""], [""person_change"", ""subject_shift""], [""independence_transition"", ""person_change"", ""subject_shift"", ""subordination_transition""], [""independence_transition"", ""subordination_transition""]]"
552	10:30	5	"[""strong"", ""candidate"", ""strong"", ""candidate"", ""none""]"	"[""shift"", ""shift"", ""shift"", ""same"", ""same""]"	"[[""number_change"", ""person_change"", ""subject_shift""], [""person_change"", ""subject_shift""], [""independence_transition"", ""person_change"", ""subject_shift"", ""subordination_transition""], [""independence_transition"", ""subordination_transition""], []]"
553	10:30	5	"[""candidate"", ""strong"", ""candidate"", ""none"", ""strong""]"	"[""shift"", ""shift"", ""same"", ""same"", ""shift""]"	"[[""person_change"", ""subject_shift""], [""independence_transition"", ""person_change"", ""subject_shift"", ""subordination_transition""], [""independence_transition"", ""subordination_transition""], [], [""number_change"", ""person_change"", ""subject_shift""]]"
555	10:31	5	"[""candidate"", ""none"", ""strong"", ""none"", ""none""]"	"[""same"", ""same"", ""shift"", ""same"", ""same""]"	"[[""independence_transition"", ""subordination_transition""], [], [""number_change"", ""person_change"", ""subject_shift""], [], []]"
560	10:33	5	"[""none"", ""none"", ""strong"", ""strong"", ""strong""]"	"[""same"", ""same"", ""shift"", ""shift"", ""shift""]"	"[[], [], [""independence_transition"", ""number_change"", ""person_change"", ""subject_shift"", ""subordination_transition""], [""number_change"", ""person_change"", ""subject_shift""], [""independence_transition"", ""person_change"", ""subject_shift"", ""subordination_transition""]]"
561	10:33	5	"[""none"", ""strong"", ""strong"", ""strong"", ""strong""]"	"[""same"", ""shift"", ""shift"", ""shift"", ""shift""]"	"[[], [""independence_transition"", ""number_change"", ""person_change"", ""subject_shift"", ""subordination_transition""], [""number_change"", ""person_change"", ""subject_shift""], [""independence_transition"", ""person_change"", ""subject_shift"", ""subordination_transition""], [""number_change"", ""person_change"", ""subject_shift""]]"
562	11:1	5	"[""strong"", ""strong"", ""strong"", ""strong"", ""strong""]"	"[""shift"", ""shift"", ""shift"", ""shift"", ""shift""]"	"[[""independence_transition"", ""number_change"", ""person_change"", ""subject_shift"", ""subordination_transition""], [""number_change"", ""person_change"", ""subject_shift""], [""independence_transition"", ""person_change"", ""subject_shift"", ""subordination_transition""], [""number_change"", ""person_change"", ""subject_shift""], [""independence_transition"", ""number_change"", ""person_change"", ""subject_shift"", ""subordination_transition""]]"
563	11:2	5	"[""strong"", ""strong"", ""strong"", ""strong"", ""strong""]"	"[""shift"", ""shift"", ""shift"", ""shift"", ""shift""]"	"[[""number_change"", ""person_change"", ""subject_shift""], [""independence_transition"", ""person_change"", ""subject_shift"", ""subordination_transition""], [""number_change"", ""person_change"", ""subject_shift""], [""independence_transition"", ""number_change"", ""person_change"", ""subject_shift"", ""subordination_transition""], [""number_change"", ""person_change"", ""subject_shift""]]"
564	11:2	5	"[""strong"", ""strong"", ""strong"", ""strong"", ""strong""]"	"[""shift"", ""shift"", ""shift"", ""shift"", ""shift""]"	"[[""independence_transition"", ""person_change"", ""subject_shift"", ""subordination_transition""], [""number_change"", ""person_change"", ""subject_shift""], [""independence_transition"", ""number_change"", ""person_change"", ""subject_shift"", ""subordination_transition""], [""number_change"", ""person_change"", ""subject_shift""], [""independence_transition"", ""number_change"", ""person_change"", ""subject_shift"", ""subordination_transition""]]"
565	11:2	5	"[""strong"", ""strong"", ""strong"", ""strong"", ""strong""]"	"[""shift"", ""shift"", ""shift"", ""shift"", ""shift""]"	"[[""number_change"", ""person_change"", ""subject_shift""], [""independence_transition"", ""number_change"", ""person_change"", ""subject_shift"", ""subordination_transition""], [""number_change"", ""person_change"", ""subject_shift""], [""independence_transition"", ""number_change"", ""person_change"", ""subject_shift"", ""subordination_transition""], [""number_change"", ""person_change"", ""subject_shift""]]"
566	11:2	5	"[""strong"", ""strong"", ""strong"", ""strong"", ""strong""]"	"[""shift"", ""shift"", ""shift"", ""shift"", ""shift""]"	"[[""independence_transition"", ""number_change"", ""person_change"", ""subject_shift"", ""subordination_transition""], [""number_change"", ""person_change"", ""subject_shift""], [""independence_transition"", ""number_change"", ""person_change"", ""subject_shift"", ""subordination_transition""], [""number_change"", ""person_change"", ""subject_shift""], [""independence_transition"", ""person_change"", ""subject_shift"", ""subordination_transition""]]"
567	11:3	5	"[""strong"", ""strong"", ""strong"", ""strong"", ""candidate""]"	"[""shift"", ""shift"", ""shift"", ""shift"", ""same""]"	"[[""number_change"", ""person_change"", ""subject_shift""], [""independence_transition"", ""number_change"", ""person_change"", ""subject_shift"", ""subordination_transition""], [""number_change"", ""person_change"", ""subject_shift""], [""independence_transition"", ""person_change"", ""subject_shift"", ""subordination_transition""], [""independence_transition"", ""subordination_transition""]]"
568	11:3	5	"[""strong"", ""strong"", ""strong"", ""candidate"", ""none""]"	"[""shift"", ""shift"", ""shift"", ""same"", ""same""]"	"[[""independence_transition"", ""number_change"", ""person_change"", ""subject_shift"", ""subordination_transition""], [""number_change"", ""person_change"", ""subject_shift""], [""independence_transition"", ""person_change"", ""subject_shift"", ""subordination_transition""], [""independence_transition"", ""subordination_transition""], []]"
569	11:4	5	"[""strong"", ""strong"", ""candidate"", ""none"", ""none""]"	"[""shift"", ""shift"", ""same"", ""same"", ""same""]"	"[[""number_change"", ""person_change"", ""subject_shift""], [""independence_transition"", ""person_change"", ""subject_shift"", ""subordination_transition""], [""independence_transition"", ""subordination_transition""], [], []]"
572	11:6	5	"[""none"", ""none"", ""candidate"", ""candidate"", ""candidate""]"	"[""same"", ""same"", ""same"", ""same"", ""same""]"	"[[], [], [""independence_transition"", ""subordination_transition""], [""independence_transition"", ""subordination_transition""], [""independence_transition"", ""subordination_transition""]]"
573	11:6	5	"[""none"", ""candidate"", ""candidate"", ""candidate"", ""candidate""]"	"[""same"", ""same"", ""same"", ""same"", ""same""]"	"[[], [""independence_transition"", ""subordination_transition""], [""independence_transition"", ""subordination_transition""], [""independence_transition"", ""subordination_transition""], [""independence_transition"", ""subordination_transition""]]"
574	11:6	5	"[""candidate"", ""candidate"", ""candidate"", ""candidate"", ""none""]"	"[""same"", ""same"", ""same"", ""same"", ""same""]"	"[[""independence_transition"", ""subordination_transition""], [""independence_transition"", ""subordination_transition""], [""independence_transition"", ""subordination_transition""], [""independence_transition"", ""subordination_transition""], []]"
575	11:7	5	"[""candidate"", ""candidate"", ""candidate"", ""none"", ""none""]"	"[""same"", ""same"", ""same"", ""same"", ""same""]"	"[[""independence_transition"", ""subordination_transition""], [""independence_transition"", ""subordination_transition""], [""independence_transition"", ""subordination_transition""], [], []]"
580	11:13	5	"[""none"", ""none"", ""strong"", ""strong"", ""none""]"	"[""same"", ""same"", ""shift"", ""shift"", ""same""]"	"[[], [], [""number_change"", ""person_change"", ""subject_shift""], [""number_change"", ""person_change"", ""subject_shift""], []]"
581	11:13	5	"[""none"", ""strong"", ""strong"", ""none"", ""candidate""]"	"[""same"", ""shift"", ""shift"", ""same"", ""same""]"	"[[], [""number_change"", ""person_change"", ""subject_shift""], [""number_change"", ""person_change"", ""subject_shift""], [], [""independence_transition"", ""subordination_transition""]]"
583	11:14	5	"[""strong"", ""none"", ""candidate"", ""candidate"", ""candidate""]"	"[""shift"", ""same"", ""same"", ""same"", ""same""]"	"[[""number_change"", ""person_change"", ""subject_shift""], [], [""independence_transition"", ""subordination_transition""], [""independence_transition"", ""subordination_transition""], [""independence_transition"", ""subordination_transition""]]"
584	11:14	5	"[""none"", ""candidate"", ""candidate"", ""candidate"", ""candidate""]"	"[""same"", ""same"", ""same"", ""same"", ""same""]"	"[[], [""independence_transition"", ""subordination_transition""], [""independence_transition"", ""subordination_transition""], [""independence_transition"", ""subordination_transition""], [""independence_transition"", ""subordination_transition""]]"
585	11:15	5	"[""candidate"", ""candidate"", ""candidate"", ""candidate"", ""candidate""]"	"[""same"", ""same"", ""same"", ""same"", ""same""]"	"[[""independence_transition"", ""subordination_transition""], [""independence_transition"", ""subordination_transition""], [""independence_transition"", ""subordination_transition""], [""independence_transition"", ""subordination_transition""], [""independence_transition"", ""subordination_transition""]]"
586	11:15	5	"[""candidate"", ""candidate"", ""candidate"", ""candidate"", ""none""]"	"[""same"", ""same"", ""same"", ""same"", ""same""]"	"[[""independence_transition"", ""subordination_transition""], [""independence_transition"", ""subordination_transition""], [""independence_transition"", ""subordination_transition""], [""independence_transition"", ""subordination_transition""], []]"
587	11:15	5	"[""candidate"", ""candidate"", ""candidate"", ""none"", ""strong""]"	"[""same"", ""same"", ""same"", ""same"", ""shift""]"	"[[""independence_transition"", ""subordination_transition""], [""independence_transition"", ""subordination_transition""], [""independence_transition"", ""subordination_transition""], [], [""independence_transition"", ""number_change"", ""person_change"", ""subject_shift"", ""subordination_transition""]]"
589	11:16	5	"[""candidate"", ""none"", ""strong"", ""candidate"", ""strong""]"	"[""same"", ""same"", ""shift"", ""shift"", ""shift""]"	"[[""independence_transition"", ""subordination_transition""], [], [""independence_transition"", ""number_change"", ""person_change"", ""subject_shift"", ""subordination_transition""], [""number_change"", ""subject_shift""], [""independence_transition"", ""number_change"", ""person_change"", ""subject_shift"", ""subordination_transition""]]"
590	11:17	5	"[""none"", ""strong"", ""candidate"", ""strong"", ""strong""]"	"[""same"", ""shift"", ""shift"", ""shift"", ""shift""]"	"[[], [""independence_transition"", ""number_change"", ""person_change"", ""subject_shift"", ""subordination_transition""], [""number_change"", ""subject_shift""], [""independence_transition"", ""number_change"", ""person_change"", ""subject_shift"", ""subordination_transition""], [""independence_transition"", ""number_change"", ""person_change"", ""subject_shift"", ""subordination_transition""]]"
591	11:17	5	"[""strong"", ""candidate"", ""strong"", ""strong"", ""none""]"	"[""shift"", ""shift"", ""shift"", ""shift"", ""same""]"	"[[""independence_transition"", ""number_change"", ""person_change"", ""subject_shift"", ""subordination_transition""], [""number_change"", ""subject_shift""], [""independence_transition"", ""number_change"", ""person_change"", ""subject_shift"", ""subordination_transition""], [""independence_transition"", ""number_change"", ""person_change"", ""subject_shift"", ""subordination_transition""], []]"
592	11:18	5	"[""candidate"", ""strong"", ""strong"", ""none"", ""candidate""]"	"[""shift"", ""shift"", ""shift"", ""same"", ""shift""]"	"[[""number_change"", ""subject_shift""], [""independence_transition"", ""number_change"", ""person_change"", ""subject_shift"", ""subordination_transition""], [""independence_transition"", ""number_change"", ""person_change"", ""subject_shift"", ""subordination_transition""], [], [""person_change"", ""subject_shift""]]"
594	11:19	5	"[""strong"", ""none"", ""candidate"", ""strong"", ""strong""]"	"[""shift"", ""same"", ""shift"", ""shift"", ""shift""]"	"[[""independence_transition"", ""number_change"", ""person_change"", ""subject_shift"", ""subordination_transition""], [], [""person_change"", ""subject_shift""], [""independence_transition"", ""number_change"", ""subject_shift"", ""subordination_transition""], [""independence_transition"", ""number_change"", ""subject_shift"", ""subordination_transition""]]"
595	11:19	5	"[""none"", ""candidate"", ""strong"", ""strong"", ""none""]"	"[""same"", ""shift"", ""shift"", ""shift"", ""same""]"	"[[], [""person_change"", ""subject_shift""], [""independence_transition"", ""number_change"", ""subject_shift"", ""subordination_transition""], [""independence_transition"", ""number_change"", ""subject_shift"", ""subordination_transition""], []]"
596	11:20	5	"[""candidate"", ""strong"", ""strong"", ""none"", ""none""]"	"[""shift"", ""shift"", ""shift"", ""same"", ""same""]"	"[[""person_change"", ""subject_shift""], [""independence_transition"", ""number_change"", ""subject_shift"", ""subordination_transition""], [""independence_transition"", ""number_change"", ""subject_shift"", ""subordination_transition""], [], []]"
600	11:22	5	"[""none"", ""none"", ""strong"", ""none"", ""none""]"	"[""same"", ""same"", ""shift"", ""same"", ""same""]"	"[[], [], [""number_change"", ""person_change"", ""subject_shift""], [], []]"
603	11:22	5	"[""none"", ""none"", ""strong"", ""none"", ""none""]"	"[""same"", ""same"", ""shift"", ""same"", ""same""]"	"[[], [], [""number_change"", ""person_change"", ""subject_shift""], [], []]"
608	11:23	5	"[""none"", ""none"", ""strong"", ""candidate"", ""none""]"	"[""same"", ""same"", ""shift"", ""same"", ""same""]"	"[[], [], [""independence_transition"", ""person_change"", ""subject_shift"", ""subordination_transition""], [""independence_transition"", ""subordination_transition""], []]"
609	11:23	5	"[""none"", ""strong"", ""candidate"", ""none"", ""none""]"	"[""same"", ""shift"", ""same"", ""same"", ""same""]"	"[[], [""independence_transition"", ""person_change"", ""subject_shift"", ""subordination_transition""], [""independence_transition"", ""subordination_transition""], [], []]"
613	11:24	5	"[""none"", ""none"", ""strong"", ""strong"", ""strong""]"	"[""same"", ""same"", ""shift"", ""shift"", ""shift""]"	"[[], [], [""number_change"", ""person_change"", ""subject_shift""], [""number_change"", ""person_change"", ""subject_shift""], [""number_change"", ""person_change"", ""subject_shift""]]"
614	11:25	5	"[""none"", ""strong"", ""strong"", ""strong"", ""candidate""]"	"[""same"", ""shift"", ""shift"", ""shift"", ""same""]"	"[[], [""number_change"", ""person_change"", ""subject_shift""], [""number_change"", ""person_change"", ""subject_shift""], [""number_change"", ""person_change"", ""subject_shift""], [""independence_transition"", ""subordination_transition""]]"
615	11:25	5	"[""strong"", ""strong"", ""strong"", ""candidate"", ""none""]"	"[""shift"", ""shift"", ""shift"", ""same"", ""same""]"	"[[""number_change"", ""person_change"", ""subject_shift""], [""number_change"", ""person_change"", ""subject_shift""], [""number_change"", ""person_change"", ""subject_shift""], [""independence_transition"", ""subordination_transition""], []]"
616	11:25	5	"[""strong"", ""strong"", ""candidate"", ""none"", ""candidate""]"	"[""shift"", ""shift"", ""same"", ""same"", ""same""]"	"[[""number_change"", ""person_change"", ""subject_shift""], [""number_change"", ""person_change"", ""subject_shift""], [""independence_transition"", ""subordination_transition""], [], [""independence_transition"", ""subordination_transition""]]"
618	11:26	5	"[""candidate"", ""none"", ""candidate"", ""none"", ""strong""]"	"[""same"", ""same"", ""same"", ""same"", ""shift""]"	"[[""independence_transition"", ""subordination_transition""], [], [""independence_transition"", ""subordination_transition""], [], [""number_change"", ""person_change"", ""subject_shift""]]"
620	11:26	5	"[""candidate"", ""none"", ""strong"", ""candidate"", ""candidate""]"	"[""same"", ""same"", ""shift"", ""same"", ""same""]"	"[[""independence_transition"", ""subordination_transition""], [], [""number_change"", ""person_change"", ""subject_shift""], [""independence_transition"", ""subordination_transition""], [""independence_transition"", ""subordination_transition""]]"
621	11:27	5	"[""none"", ""strong"", ""candidate"", ""candidate"", ""none""]"	"[""same"", ""shift"", ""same"", ""same"", ""same""]"	"[[], [""number_change"", ""person_change"", ""subject_shift""], [""independence_transition"", ""subordination_transition""], [""independence_transition"", ""subordination_transition""], []]"
622	11:27	5	"[""strong"", ""candidate"", ""candidate"", ""none"", ""none""]"	"[""shift"", ""same"", ""same"", ""same"", ""same""]"	"[[""number_change"", ""person_change"", ""subject_shift""], [""independence_transition"", ""subordination_transition""], [""independence_transition"", ""subordination_transition""], [], []]"
629	11:30	5	"[""none"", ""none"", ""candidate"", ""strong"", ""candidate""]"	"[""same"", ""same"", ""shift"", ""shift"", ""same""]"	"[[], [], [""number_change"", ""subject_shift""], [""independence_transition"", ""person_change"", ""subject_shift"", ""subordination_transition""], [""independence_transition"", ""subordination_transition""]]"
630	11:31	5	"[""none"", ""candidate"", ""strong"", ""candidate"", ""none""]"	"[""same"", ""shift"", ""shift"", ""same"", ""same""]"	"[[], [""number_change"", ""subject_shift""], [""independence_transition"", ""person_change"", ""subject_shift"", ""subordination_transition""], [""independence_transition"", ""subordination_transition""], []]"
631	11:31	5	"[""candidate"", ""strong"", ""candidate"", ""none"", ""candidate""]"	"[""shift"", ""shift"", ""same"", ""same"", ""same""]"	"[[""number_change"", ""subject_shift""], [""independence_transition"", ""person_change"", ""subject_shift"", ""subordination_transition""], [""independence_transition"", ""subordination_transition""], [], [""independence_transition"", ""subordination_transition""]]"
633	11:32	5	"[""candidate"", ""none"", ""candidate"", ""candidate"", ""strong""]"	"[""same"", ""same"", ""same"", ""shift"", ""shift""]"	"[[""independence_transition"", ""subordination_transition""], [], [""independence_transition"", ""subordination_transition""], [""person_change"", ""subject_shift""], [""number_change"", ""person_change"", ""subject_shift""]]"
634	11:33	5	"[""none"", ""candidate"", ""candidate"", ""strong"", ""candidate""]"	"[""same"", ""same"", ""shift"", ""shift"", ""same""]"	"[[], [""independence_transition"", ""subordination_transition""], [""person_change"", ""subject_shift""], [""number_change"", ""person_change"", ""subject_shift""], [""independence_transition"", ""subordination_transition""]]"
635	11:34	5	"[""candidate"", ""candidate"", ""strong"", ""candidate"", ""strong""]"	"[""same"", ""shift"", ""shift"", ""same"", ""shift""]"	"[[""independence_transition"", ""subordination_transition""], [""person_change"", ""subject_shift""], [""number_change"", ""person_change"", ""subject_shift""], [""independence_transition"", ""subordination_transition""], [""independence_transition"", ""number_change"", ""person_change"", ""subject_shift"", ""subordination_transition""]]"
636	11:34	5	"[""candidate"", ""strong"", ""candidate"", ""strong"", ""strong""]"	"[""shift"", ""shift"", ""same"", ""shift"", ""shift""]"	"[[""person_change"", ""subject_shift""], [""number_change"", ""person_change"", ""subject_shift""], [""independence_transition"", ""subordination_transition""], [""independence_transition"", ""number_change"", ""person_change"", ""subject_shift"", ""subordination_transition""], [""number_change"", ""person_change"", ""subject_shift""]]"
637	11:34	5	"[""strong"", ""candidate"", ""strong"", ""strong"", ""candidate""]"	"[""shift"", ""same"", ""shift"", ""shift"", ""same""]"	"[[""number_change"", ""person_change"", ""subject_shift""], [""independence_transition"", ""subordination_transition""], [""independence_transition"", ""number_change"", ""person_change"", ""subject_shift"", ""subordination_transition""], [""number_change"", ""person_change"", ""subject_shift""], [""independence_transition"", ""subordination_transition""]]"
638	11:34	5	"[""candidate"", ""strong"", ""strong"", ""candidate"", ""none""]"	"[""same"", ""shift"", ""shift"", ""same"", ""same""]"	"[[""independence_transition"", ""subordination_transition""], [""independence_transition"", ""number_change"", ""person_change"", ""subject_shift"", ""subordination_transition""], [""number_change"", ""person_change"", ""subject_shift""], [""independence_transition"", ""subordination_transition""], []]"
639	11:34	5	"[""strong"", ""strong"", ""candidate"", ""none"", ""strong""]"	"[""shift"", ""shift"", ""same"", ""same"", ""shift""]"	"[[""independence_transition"", ""number_change"", ""person_change"", ""subject_shift"", ""subordination_transition""], [""number_change"", ""person_change"", ""subject_shift""], [""independence_transition"", ""subordination_transition""], [], [""number_change"", ""person_change"", ""subject_shift""]]"
641	12:2	5	"[""candidate"", ""none"", ""strong"", ""candidate"", ""none""]"	"[""same"", ""same"", ""shift"", ""same"", ""same""]"	"[[""independence_transition"", ""subordination_transition""], [], [""number_change"", ""person_change"", ""subject_shift""], [""independence_transition"", ""subordination_transition""], []]"
642	12:2	5	"[""none"", ""strong"", ""candidate"", ""none"", ""strong""]"	"[""same"", ""shift"", ""same"", ""same"", ""shift""]"	"[[], [""number_change"", ""person_change"", ""subject_shift""], [""independence_transition"", ""subordination_transition""], [], [""independence_transition"", ""number_change"", ""person_change"", ""subject_shift"", ""subordination_transition""]]"
644	12:3	5	"[""candidate"", ""none"", ""strong"", ""strong"", ""candidate""]"	"[""same"", ""same"", ""shift"", ""shift"", ""same""]"	"[[""independence_transition"", ""subordination_transition""], [], [""independence_transition"", ""number_change"", ""person_change"", ""subject_shift"", ""subordination_transition""], [""independence_transition"", ""person_change"", ""subject_shift"", ""subordination_transition""], [""independence_transition"", ""subordination_transition""]]"
645	12:3	5	"[""none"", ""strong"", ""strong"", ""candidate"", ""candidate""]"	"[""same"", ""shift"", ""shift"", ""same"", ""shift""]"	"[[], [""independence_transition"", ""number_change"", ""person_change"", ""subject_shift"", ""subordination_transition""], [""independence_transition"", ""person_change"", ""subject_shift"", ""subordination_transition""], [""independence_transition"", ""subordination_transition""], [""number_change"", ""subject_shift""]]"
646	12:3	5	"[""strong"", ""strong"", ""candidate"", ""candidate"", ""none""]"	"[""shift"", ""shift"", ""same"", ""shift"", ""same""]"	"[[""independence_transition"", ""number_change"", ""person_change"", ""subject_shift"", ""subordination_transition""], [""independence_transition"", ""person_change"", ""subject_shift"", ""subordination_transition""], [""independence_transition"", ""subordination_transition""], [""number_change"", ""subject_shift""], []]"
647	12:4	5	"[""strong"", ""candidate"", ""candidate"", ""none"", ""none""]"	"[""shift"", ""same"", ""shift"", ""same"", ""same""]"	"[[""independence_transition"", ""person_change"", ""subject_shift"", ""subordination_transition""], [""independence_transition"", ""subordination_transition""], [""number_change"", ""subject_shift""], [], []]"
650	12:7	5	"[""none"", ""none"", ""candidate"", ""none"", ""none""]"	"[""same"", ""same"", ""shift"", ""same"", ""same""]"	"[[], [], [""number_change"", ""subject_shift""], [], []]"
653	12:11	5	"[""none"", ""none"", ""candidate"", ""candidate"", ""none""]"	"[""same"", ""same"", ""same"", ""same"", ""same""]"	"[[], [], [""independence_transition"", ""subordination_transition""], [""independence_transition"", ""subordination_transition""], []]"
654	12:12	5	"[""none"", ""candidate"", ""candidate"", ""none"", ""none""]"	"[""same"", ""same"", ""same"", ""same"", ""same""]"	"[[], [""independence_transition"", ""subordination_transition""], [""independence_transition"", ""subordination_transition""], [], []]"
657	12:13	5	"[""none"", ""none"", ""strong"", ""none"", ""strong""]"	"[""same"", ""same"", ""shift"", ""same"", ""shift""]"	"[[], [], [""number_change"", ""person_change"", ""subject_shift""], [], [""number_change"", ""person_change"", ""subject_shift""]]"
659	12:14	5	"[""strong"", ""none"", ""strong"", ""candidate"", ""candidate""]"	"[""shift"", ""same"", ""shift"", ""same"", ""shift""]"	"[[""number_change"", ""person_change"", ""subject_shift""], [], [""number_change"", ""person_change"", ""subject_shift""], [""independence_transition"", ""subordination_transition""], [""person_change"", ""subject_shift""]]"
660	12:15	5	"[""none"", ""strong"", ""candidate"", ""candidate"", ""candidate""]"	"[""same"", ""shift"", ""same"", ""shift"", ""same""]"	"[[], [""number_change"", ""person_change"", ""subject_shift""], [""independence_transition"", ""subordination_transition""], [""person_change"", ""subject_shift""], [""independence_transition"", ""subordination_transition""]]"
661	12:15	5	"[""strong"", ""candidate"", ""candidate"", ""candidate"", ""candidate""]"	"[""shift"", ""same"", ""shift"", ""same"", ""shift""]"	"[[""number_change"", ""person_change"", ""subject_shift""], [""independence_transition"", ""subordination_transition""], [""person_change"", ""subject_shift""], [""independence_transition"", ""subordination_transition""], [""person_change"", ""subject_shift""]]"
662	12:15	5	"[""candidate"", ""candidate"", ""candidate"", ""candidate"", ""candidate""]"	"[""same"", ""shift"", ""same"", ""shift"", ""same""]"	"[[""independence_transition"", ""subordination_transition""], [""person_change"", ""subject_shift""], [""independence_transition"", ""subordination_transition""], [""person_change"", ""subject_shift""], [""independence_transition"", ""subordination_transition""]]"
663	12:15	5	"[""candidate"", ""candidate"", ""candidate"", ""candidate"", ""candidate""]"	"[""shift"", ""same"", ""shift"", ""same"", ""shift""]"	"[[""person_change"", ""subject_shift""], [""independence_transition"", ""subordination_transition""], [""person_change"", ""subject_shift""], [""independence_transition"", ""subordination_transition""], [""person_change"", ""subject_shift""]]"
664	12:16	5	"[""candidate"", ""candidate"", ""candidate"", ""candidate"", ""candidate""]"	"[""same"", ""shift"", ""same"", ""shift"", ""same""]"	"[[""independence_transition"", ""subordination_transition""], [""person_change"", ""subject_shift""], [""independence_transition"", ""subordination_transition""], [""person_change"", ""subject_shift""], [""independence_transition"", ""subordination_transition""]]"
665	12:16	5	"[""candidate"", ""candidate"", ""candidate"", ""candidate"", ""candidate""]"	"[""shift"", ""same"", ""shift"", ""same"", ""shift""]"	"[[""person_change"", ""subject_shift""], [""independence_transition"", ""subordination_transition""], [""person_change"", ""subject_shift""], [""independence_transition"", ""subordination_transition""], [""person_change"", ""subject_shift""]]"
666	12:16	5	"[""candidate"", ""candidate"", ""candidate"", ""candidate"", ""none""]"	"[""same"", ""shift"", ""same"", ""shift"", ""same""]"	"[[""independence_transition"", ""subordination_transition""], [""person_change"", ""subject_shift""], [""independence_transition"", ""subordination_transition""], [""person_change"", ""subject_shift""], []]"
667	12:16	5	"[""candidate"", ""candidate"", ""candidate"", ""none"", ""candidate""]"	"[""shift"", ""same"", ""shift"", ""same"", ""same""]"	"[[""person_change"", ""subject_shift""], [""independence_transition"", ""subordination_transition""], [""person_change"", ""subject_shift""], [], [""independence_transition"", ""subordination_transition""]]"
669	12:18	5	"[""candidate"", ""none"", ""candidate"", ""none"", ""candidate""]"	"[""shift"", ""same"", ""same"", ""same"", ""same""]"	"[[""person_change"", ""subject_shift""], [], [""independence_transition"", ""subordination_transition""], [], [""independence_transition"", ""subordination_transition""]]"
671	12:21	5	"[""candidate"", ""none"", ""candidate"", ""candidate"", ""none""]"	"[""same"", ""same"", ""same"", ""shift"", ""same""]"	"[[""independence_transition"", ""subordination_transition""], [], [""independence_transition"", ""subordination_transition""], [""person_change"", ""subject_shift""], []]"
672	12:21	5	"[""none"", ""candidate"", ""candidate"", ""none"", ""candidate""]"	"[""same"", ""same"", ""shift"", ""same"", ""shift""]"	"[[], [""independence_transition"", ""subordination_transition""], [""person_change"", ""subject_shift""], [], [""person_change"", ""subject_shift""]]"
674	12:22	5	"[""candidate"", ""none"", ""candidate"", ""strong"", ""none""]"	"[""shift"", ""same"", ""shift"", ""shift"", ""same""]"	"[[""person_change"", ""subject_shift""], [], [""person_change"", ""subject_shift""], [""number_change"", ""person_change"", ""subject_shift""], []]"
675	12:23	5	"[""none"", ""candidate"", ""strong"", ""none"", ""strong""]"	"[""same"", ""shift"", ""shift"", ""same"", ""shift""]"	"[[], [""person_change"", ""subject_shift""], [""number_change"", ""person_change"", ""subject_shift""], [], [""number_change"", ""person_change"", ""subject_shift""]]"
677	12:23	5	"[""strong"", ""none"", ""strong"", ""none"", ""none""]"	"[""shift"", ""same"", ""shift"", ""same"", ""same""]"	"[[""number_change"", ""person_change"", ""subject_shift""], [], [""number_change"", ""person_change"", ""subject_shift""], [], []]"
680	12:25	5	"[""none"", ""none"", ""candidate"", ""strong"", ""candidate""]"	"[""same"", ""same"", ""same"", ""shift"", ""shift""]"	"[[], [], [""independence_transition"", ""subordination_transition""], [""independence_transition"", ""number_change"", ""subject_shift"", ""subordination_transition""], [""number_change"", ""subject_shift""]]"
681	12:25	5	"[""none"", ""candidate"", ""strong"", ""candidate"", ""none""]"	"[""same"", ""same"", ""shift"", ""shift"", ""same""]"	"[[], [""independence_transition"", ""subordination_transition""], [""independence_transition"", ""number_change"", ""subject_shift"", ""subordination_transition""], [""number_change"", ""subject_shift""], []]"
682	12:26	5	"[""candidate"", ""strong"", ""candidate"", ""none"", ""none""]"	"[""same"", ""shift"", ""shift"", ""same"", ""same""]"	"[[""independence_transition"", ""subordination_transition""], [""independence_transition"", ""number_change"", ""subject_shift"", ""subordination_transition""], [""number_change"", ""subject_shift""], [], []]"
686	12:27	5	"[""none"", ""none"", ""strong"", ""strong"", ""candidate""]"	"[""same"", ""same"", ""shift"", ""shift"", ""shift""]"	"[[], [], [""number_change"", ""person_change"", ""subject_shift""], [""number_change"", ""person_change"", ""subject_shift""], [""number_change"", ""subject_shift""]]"
687	12:28	5	"[""none"", ""strong"", ""strong"", ""candidate"", ""none""]"	"[""same"", ""shift"", ""shift"", ""shift"", ""same""]"	"[[], [""number_change"", ""person_change"", ""subject_shift""], [""number_change"", ""person_change"", ""subject_shift""], [""number_change"", ""subject_shift""], []]"
688	12:30	5	"[""strong"", ""strong"", ""candidate"", ""none"", ""none""]"	"[""shift"", ""shift"", ""shift"", ""same"", ""same""]"	"[[""number_change"", ""person_change"", ""subject_shift""], [""number_change"", ""person_change"", ""subject_shift""], [""number_change"", ""subject_shift""], [], []]"
691	12:31	5	"[""none"", ""none"", ""candidate"", ""strong"", ""candidate""]"	"[""same"", ""same"", ""shift"", ""shift"", ""same""]"	"[[], [], [""person_change"", ""subject_shift""], [""number_change"", ""person_change"", ""subject_shift""], [""independence_transition"", ""subordination_transition""]]"
692	12:31	5	"[""none"", ""candidate"", ""strong"", ""candidate"", ""candidate""]"	"[""same"", ""shift"", ""shift"", ""same"", ""same""]"	"[[], [""person_change"", ""subject_shift""], [""number_change"", ""person_change"", ""subject_shift""], [""independence_transition"", ""subordination_transition""], [""independence_transition"", ""subordination_transition""]]"
693	13:1	5	"[""candidate"", ""strong"", ""candidate"", ""candidate"", ""none""]"	"[""shift"", ""shift"", ""same"", ""same"", ""same""]"	"[[""person_change"", ""subject_shift""], [""number_change"", ""person_change"", ""subject_shift""], [""independence_transition"", ""subordination_transition""], [""independence_transition"", ""subordination_transition""], []]"
694	13:1	5	"[""strong"", ""candidate"", ""candidate"", ""none"", ""candidate""]"	"[""shift"", ""same"", ""same"", ""same"", ""same""]"	"[[""number_change"", ""person_change"", ""subject_shift""], [""independence_transition"", ""subordination_transition""], [""independence_transition"", ""subordination_transition""], [], [""independence_transition"", ""subordination_transition""]]"
696	13:2	5	"[""candidate"", ""none"", ""candidate"", ""candidate"", ""none""]"	"[""same"", ""same"", ""same"", ""same"", ""same""]"	"[[""independence_transition"", ""subordination_transition""], [], [""independence_transition"", ""subordination_transition""], [""independence_transition"", ""subordination_transition""], []]"
697	13:2	5	"[""none"", ""candidate"", ""candidate"", ""none"", ""candidate""]"	"[""same"", ""same"", ""same"", ""same"", ""same""]"	"[[], [""independence_transition"", ""subordination_transition""], [""independence_transition"", ""subordination_transition""], [], [""independence_transition"", ""subordination_transition""]]"
699	13:2	5	"[""candidate"", ""none"", ""candidate"", ""candidate"", ""candidate""]"	"[""same"", ""same"", ""same"", ""same"", ""shift""]"	"[[""independence_transition"", ""subordination_transition""], [], [""independence_transition"", ""subordination_transition""], [""independence_transition"", ""subordination_transition""], [""person_change"", ""subject_shift""]]"
700	13:2	5	"[""none"", ""candidate"", ""candidate"", ""candidate"", ""none""]"	"[""same"", ""same"", ""same"", ""shift"", ""same""]"	"[[], [""independence_transition"", ""subordination_transition""], [""independence_transition"", ""subordination_transition""], [""person_change"", ""subject_shift""], []]"
701	13:4	5	"[""candidate"", ""candidate"", ""candidate"", ""none"", ""none""]"	"[""same"", ""same"", ""shift"", ""same"", ""same""]"	"[[""independence_transition"", ""subordination_transition""], [""independence_transition"", ""subordination_transition""], [""person_change"", ""subject_shift""], [], []]"
717	13:8	5	"[""none"", ""none"", ""candidate"", ""none"", ""candidate""]"	"[""same"", ""same"", ""shift"", ""same"", ""shift""]"	"[[], [], [""number_change"", ""subject_shift""], [], [""number_change"", ""subject_shift""]]"
719	13:8	5	"[""candidate"", ""none"", ""candidate"", ""strong"", ""none""]"	"[""shift"", ""same"", ""shift"", ""shift"", ""same""]"	"[[""number_change"", ""subject_shift""], [], [""number_change"", ""subject_shift""], [""number_change"", ""person_change"", ""subject_shift""], []]"
720	13:9	5	"[""none"", ""candidate"", ""strong"", ""none"", ""strong""]"	"[""same"", ""shift"", ""shift"", ""same"", ""shift""]"	"[[], [""number_change"", ""subject_shift""], [""number_change"", ""person_change"", ""subject_shift""], [], [""independence_transition"", ""number_change"", ""person_change"", ""subject_shift"", ""subordination_transition""]]"
722	13:10	5	"[""strong"", ""none"", ""strong"", ""candidate"", ""strong""]"	"[""shift"", ""same"", ""shift"", ""same"", ""shift""]"	"[[""number_change"", ""person_change"", ""subject_shift""], [], [""independence_transition"", ""number_change"", ""person_change"", ""subject_shift"", ""subordination_transition""], [""independence_transition"", ""subordination_transition""], [""independence_transition"", ""person_change"", ""subject_shift"", ""subordination_transition""]]"
723	13:10	5	"[""none"", ""strong"", ""candidate"", ""strong"", ""candidate""]"	"[""same"", ""shift"", ""same"", ""shift"", ""same""]"	"[[], [""independence_transition"", ""number_change"", ""person_change"", ""subject_shift"", ""subordination_transition""], [""independence_transition"", ""subordination_transition""], [""independence_transition"", ""person_change"", ""subject_shift"", ""subordination_transition""], [""independence_transition"", ""subordination_transition""]]"
724	13:11	5	"[""strong"", ""candidate"", ""strong"", ""candidate"", ""candidate""]"	"[""shift"", ""same"", ""shift"", ""same"", ""same""]"	"[[""independence_transition"", ""number_change"", ""person_change"", ""subject_shift"", ""subordination_transition""], [""independence_transition"", ""subordination_transition""], [""independence_transition"", ""person_change"", ""subject_shift"", ""subordination_transition""], [""independence_transition"", ""subordination_transition""], [""independence_transition"", ""subordination_transition""]]"
725	13:11	5	"[""candidate"", ""strong"", ""candidate"", ""candidate"", ""none""]"	"[""same"", ""shift"", ""same"", ""same"", ""same""]"	"[[""independence_transition"", ""subordination_transition""], [""independence_transition"", ""person_change"", ""subject_shift"", ""subordination_transition""], [""independence_transition"", ""subordination_transition""], [""independence_transition"", ""subordination_transition""], []]"
726	13:11	5	"[""strong"", ""candidate"", ""candidate"", ""none"", ""none""]"	"[""shift"", ""same"", ""same"", ""same"", ""same""]"	"[[""independence_transition"", ""person_change"", ""subject_shift"", ""subordination_transition""], [""independence_transition"", ""subordination_transition""], [""independence_transition"", ""subordination_transition""], [], []]"
729	13:11	5	"[""none"", ""none"", ""candidate"", ""candidate"", ""candidate""]"	"[""same"", ""same"", ""same"", ""shift"", ""shift""]"	"[[], [], [""independence_transition"", ""subordination_transition""], [""number_change"", ""subject_shift""], [""number_change"", ""subject_shift""]]"
730	13:12	5	"[""none"", ""candidate"", ""candidate"", ""candidate"", ""none""]"	"[""same"", ""same"", ""shift"", ""shift"", ""same""]"	"[[], [""independence_transition"", ""subordination_transition""], [""number_change"", ""subject_shift""], [""number_change"", ""subject_shift""], []]"
731	13:12	5	"[""candidate"", ""candidate"", ""candidate"", ""none"", ""candidate""]"	"[""same"", ""shift"", ""shift"", ""same"", ""same""]"	"[[""independence_transition"", ""subordination_transition""], [""number_change"", ""subject_shift""], [""number_change"", ""subject_shift""], [], [""independence_transition"", ""subordination_transition""]]"
733	13:12	5	"[""candidate"", ""none"", ""candidate"", ""strong"", ""strong""]"	"[""shift"", ""same"", ""same"", ""shift"", ""shift""]"	"[[""number_change"", ""subject_shift""], [], [""independence_transition"", ""subordination_transition""], [""independence_transition"", ""person_change"", ""subject_shift"", ""subordination_transition""], [""number_change"", ""person_change"", ""subject_shift""]]"
734	13:13	5	"[""none"", ""candidate"", ""strong"", ""strong"", ""none""]"	"[""same"", ""same"", ""shift"", ""shift"", ""same""]"	"[[], [""independence_transition"", ""subordination_transition""], [""independence_transition"", ""person_change"", ""subject_shift"", ""subordination_transition""], [""number_change"", ""person_change"", ""subject_shift""], []]"
735	14:1	5	"[""candidate"", ""strong"", ""strong"", ""none"", ""candidate""]"	"[""same"", ""shift"", ""shift"", ""same"", ""same""]"	"[[""independence_transition"", ""subordination_transition""], [""independence_transition"", ""person_change"", ""subject_shift"", ""subordination_transition""], [""number_change"", ""person_change"", ""subject_shift""], [], [""independence_transition"", ""subordination_transition""]]"
737	14:1	5	"[""strong"", ""none"", ""candidate"", ""strong"", ""none""]"	"[""shift"", ""same"", ""same"", ""shift"", ""same""]"	"[[""number_change"", ""person_change"", ""subject_shift""], [], [""independence_transition"", ""subordination_transition""], [""independence_transition"", ""number_change"", ""person_change"", ""subject_shift"", ""subordination_transition""], []]"
738	14:2	5	"[""none"", ""candidate"", ""strong"", ""none"", ""none""]"	"[""same"", ""same"", ""shift"", ""same"", ""same""]"	"[[], [""independence_transition"", ""subordination_transition""], [""independence_transition"", ""number_change"", ""person_change"", ""subject_shift"", ""subordination_transition""], [], []]"
744	14:5	5	"[""none"", ""none"", ""candidate"", ""strong"", ""strong""]"	"[""same"", ""same"", ""shift"", ""shift"", ""shift""]"	"[[], [], [""person_change"", ""subject_shift""], [""independence_transition"", ""number_change"", ""person_change"", ""subject_shift"", ""subordination_transition""], [""number_change"", ""person_change"", ""subject_shift""]]"
745	14:5	5	"[""none"", ""candidate"", ""strong"", ""strong"", ""none""]"	"[""same"", ""shift"", ""shift"", ""shift"", ""same""]"	"[[], [""person_change"", ""subject_shift""], [""independence_transition"", ""number_change"", ""person_change"", ""subject_shift"", ""subordination_transition""], [""number_change"", ""person_change"", ""subject_shift""], []]"
746	14:5	5	"[""candidate"", ""strong"", ""strong"", ""none"", ""candidate""]"	"[""shift"", ""shift"", ""shift"", ""same"", ""shift""]"	"[[""person_change"", ""subject_shift""], [""independence_transition"", ""number_change"", ""person_change"", ""subject_shift"", ""subordination_transition""], [""number_change"", ""person_change"", ""subject_shift""], [], [""person_change"", ""subject_shift""]]"
748	14:6	5	"[""strong"", ""none"", ""candidate"", ""candidate"", ""candidate""]"	"[""shift"", ""same"", ""shift"", ""same"", ""same""]"	"[[""number_change"", ""person_change"", ""subject_shift""], [], [""person_change"", ""subject_shift""], [""independence_transition"", ""subordination_transition""], [""independence_transition"", ""subordination_transition""]]"
749	14:6	5	"[""none"", ""candidate"", ""candidate"", ""candidate"", ""candidate""]"	"[""same"", ""shift"", ""same"", ""same"", ""shift""]"	"[[], [""person_change"", ""subject_shift""], [""independence_transition"", ""subordination_transition""], [""independence_transition"", ""subordination_transition""], [""person_change"", ""subject_shift""]]"
750	14:6	5	"[""candidate"", ""candidate"", ""candidate"", ""candidate"", ""candidate""]"	"[""shift"", ""same"", ""same"", ""shift"", ""same""]"	"[[""person_change"", ""subject_shift""], [""independence_transition"", ""subordination_transition""], [""independence_transition"", ""subordination_transition""], [""person_change"", ""subject_shift""], [""independence_transition"", ""subordination_transition""]]"
751	14:7	5	"[""candidate"", ""candidate"", ""candidate"", ""candidate"", ""candidate""]"	"[""same"", ""same"", ""shift"", ""same"", ""same""]"	"[[""independence_transition"", ""subordination_transition""], [""independence_transition"", ""subordination_transition""], [""person_change"", ""subject_shift""], [""independence_transition"", ""subordination_transition""], [""independence_transition"", ""subordination_transition""]]"
752	14:7	5	"[""candidate"", ""candidate"", ""candidate"", ""candidate"", ""candidate""]"	"[""same"", ""shift"", ""same"", ""same"", ""same""]"	"[[""independence_transition"", ""subordination_transition""], [""person_change"", ""subject_shift""], [""independence_transition"", ""subordination_transition""], [""independence_transition"", ""subordination_transition""], [""independence_transition"", ""subordination_transition""]]"
753	14:8	5	"[""candidate"", ""candidate"", ""candidate"", ""candidate"", ""strong""]"	"[""shift"", ""same"", ""same"", ""same"", ""shift""]"	"[[""person_change"", ""subject_shift""], [""independence_transition"", ""subordination_transition""], [""independence_transition"", ""subordination_transition""], [""independence_transition"", ""subordination_transition""], [""independence_transition"", ""number_change"", ""person_change"", ""subject_shift"", ""subordination_transition""]]"
754	14:8	5	"[""candidate"", ""candidate"", ""candidate"", ""strong"", ""strong""]"	"[""same"", ""same"", ""same"", ""shift"", ""shift""]"	"[[""independence_transition"", ""subordination_transition""], [""independence_transition"", ""subordination_transition""], [""independence_transition"", ""subordination_transition""], [""independence_transition"", ""number_change"", ""person_change"", ""subject_shift"", ""subordination_transition""], [""independence_transition"", ""number_change"", ""person_change"", ""subject_shift"", ""subordination_transition""]]"
755	14:9	5	"[""candidate"", ""candidate"", ""strong"", ""strong"", ""strong""]"	"[""same"", ""same"", ""shift"", ""shift"", ""shift""]"	"[[""independence_transition"", ""subordination_transition""], [""independence_transition"", ""subordination_transition""], [""independence_transition"", ""number_change"", ""person_change"", ""subject_shift"", ""subordination_transition""], [""independence_transition"", ""number_change"", ""person_change"", ""subject_shift"", ""subordination_transition""], [""number_change"", ""person_change"", ""subject_shift""]]"
756	14:9	5	"[""candidate"", ""strong"", ""strong"", ""strong"", ""strong""]"	"[""same"", ""shift"", ""shift"", ""shift"", ""shift""]"	"[[""independence_transition"", ""subordination_transition""], [""independence_transition"", ""number_change"", ""person_change"", ""subject_shift"", ""subordination_transition""], [""independence_transition"", ""number_change"", ""person_change"", ""subject_shift"", ""subordination_transition""], [""number_change"", ""person_change"", ""subject_shift""], [""independence_transition"", ""number_change"", ""person_change"", ""subject_shift"", ""subordination_transition""]]"
757	14:9	5	"[""strong"", ""strong"", ""strong"", ""strong"", ""strong""]"	"[""shift"", ""shift"", ""shift"", ""shift"", ""shift""]"	"[[""independence_transition"", ""number_change"", ""person_change"", ""subject_shift"", ""subordination_transition""], [""independence_transition"", ""number_change"", ""person_change"", ""subject_shift"", ""subordination_transition""], [""number_change"", ""person_change"", ""subject_shift""], [""independence_transition"", ""number_change"", ""person_change"", ""subject_shift"", ""subordination_transition""], [""independence_transition"", ""number_change"", ""subject_shift"", ""subordination_transition""]]"
758	14:10	5	"[""strong"", ""strong"", ""strong"", ""strong"", ""strong""]"	"[""shift"", ""shift"", ""shift"", ""shift"", ""shift""]"	"[[""independence_transition"", ""number_change"", ""person_change"", ""subject_shift"", ""subordination_transition""], [""number_change"", ""person_change"", ""subject_shift""], [""independence_transition"", ""number_change"", ""person_change"", ""subject_shift"", ""subordination_transition""], [""independence_transition"", ""number_change"", ""subject_shift"", ""subordination_transition""], [""independence_transition"", ""number_change"", ""person_change"", ""subject_shift"", ""subordination_transition""]]"
759	14:10	5	"[""strong"", ""strong"", ""strong"", ""strong"", ""candidate""]"	"[""shift"", ""shift"", ""shift"", ""shift"", ""same""]"	"[[""number_change"", ""person_change"", ""subject_shift""], [""independence_transition"", ""number_change"", ""person_change"", ""subject_shift"", ""subordination_transition""], [""independence_transition"", ""number_change"", ""subject_shift"", ""subordination_transition""], [""independence_transition"", ""number_change"", ""person_change"", ""subject_shift"", ""subordination_transition""], [""independence_transition"", ""subordination_transition""]]"
760	14:11	5	"[""strong"", ""strong"", ""strong"", ""candidate"", ""strong""]"	"[""shift"", ""shift"", ""shift"", ""same"", ""shift""]"	"[[""independence_transition"", ""number_change"", ""person_change"", ""subject_shift"", ""subordination_transition""], [""independence_transition"", ""number_change"", ""subject_shift"", ""subordination_transition""], [""independence_transition"", ""number_change"", ""person_change"", ""subject_shift"", ""subordination_transition""], [""independence_transition"", ""subordination_transition""], [""independence_transition"", ""number_change"", ""person_change"", ""subject_shift"", ""subordination_transition""]]"
761	14:11	5	"[""strong"", ""strong"", ""candidate"", ""strong"", ""candidate""]"	"[""shift"", ""shift"", ""same"", ""shift"", ""same""]"	"[[""independence_transition"", ""number_change"", ""subject_shift"", ""subordination_transition""], [""independence_transition"", ""number_change"", ""person_change"", ""subject_shift"", ""subordination_transition""], [""independence_transition"", ""subordination_transition""], [""independence_transition"", ""number_change"", ""person_change"", ""subject_shift"", ""subordination_transition""], [""independence_transition"", ""subordination_transition""]]"
762	14:12	5	"[""strong"", ""candidate"", ""strong"", ""candidate"", ""candidate""]"	"[""shift"", ""same"", ""shift"", ""same"", ""same""]"	"[[""independence_transition"", ""number_change"", ""person_change"", ""subject_shift"", ""subordination_transition""], [""independence_transition"", ""subordination_transition""], [""independence_transition"", ""number_change"", ""person_change"", ""subject_shift"", ""subordination_transition""], [""independence_transition"", ""subordination_transition""], [""independence_transition"", ""subordination_transition""]]"
763	14:12	5	"[""candidate"", ""strong"", ""candidate"", ""candidate"", ""strong""]"	"[""same"", ""shift"", ""same"", ""same"", ""shift""]"	"[[""independence_transition"", ""subordination_transition""], [""independence_transition"", ""number_change"", ""person_change"", ""subject_shift"", ""subordination_transition""], [""independence_transition"", ""subordination_transition""], [""independence_transition"", ""subordination_transition""], [""independence_transition"", ""number_change"", ""person_change"", ""subject_shift"", ""subordination_transition""]]"
764	14:12	5	"[""strong"", ""candidate"", ""candidate"", ""strong"", ""candidate""]"	"[""shift"", ""same"", ""same"", ""shift"", ""same""]"	"[[""independence_transition"", ""number_change"", ""person_change"", ""subject_shift"", ""subordination_transition""], [""independence_transition"", ""subordination_transition""], [""independence_transition"", ""subordination_transition""], [""independence_transition"", ""number_change"", ""person_change"", ""subject_shift"", ""subordination_transition""], [""independence_transition"", ""subordination_transition""]]"
765	14:13	5	"[""candidate"", ""candidate"", ""strong"", ""candidate"", ""candidate""]"	"[""same"", ""same"", ""shift"", ""same"", ""shift""]"	"[[""independence_transition"", ""subordination_transition""], [""independence_transition"", ""subordination_transition""], [""independence_transition"", ""number_change"", ""person_change"", ""subject_shift"", ""subordination_transition""], [""independence_transition"", ""subordination_transition""], [""person_change"", ""subject_shift""]]"
766	14:13	5	"[""candidate"", ""strong"", ""candidate"", ""candidate"", ""strong""]"	"[""same"", ""shift"", ""same"", ""shift"", ""shift""]"	"[[""independence_transition"", ""subordination_transition""], [""independence_transition"", ""number_change"", ""person_change"", ""subject_shift"", ""subordination_transition""], [""independence_transition"", ""subordination_transition""], [""person_change"", ""subject_shift""], [""independence_transition"", ""person_change"", ""subject_shift"", ""subordination_transition""]]"
767	14:14	5	"[""strong"", ""candidate"", ""candidate"", ""strong"", ""none""]"	"[""shift"", ""same"", ""shift"", ""shift"", ""same""]"	"[[""independence_transition"", ""number_change"", ""person_change"", ""subject_shift"", ""subordination_transition""], [""independence_transition"", ""subordination_transition""], [""person_change"", ""subject_shift""], [""independence_transition"", ""person_change"", ""subject_shift"", ""subordination_transition""], []]"
768	14:14	5	"[""candidate"", ""candidate"", ""strong"", ""none"", ""none""]"	"[""same"", ""shift"", ""shift"", ""same"", ""same""]"	"[[""independence_transition"", ""subordination_transition""], [""person_change"", ""subject_shift""], [""independence_transition"", ""person_change"", ""subject_shift"", ""subordination_transition""], [], []]"
771	14:15	5	"[""none"", ""none"", ""candidate"", ""none"", ""none""]"	"[""same"", ""same"", ""shift"", ""same"", ""same""]"	"[[], [], [""person_change"", ""subject_shift""], [], []]"
775	14:16	5	"[""none"", ""none"", ""strong"", ""strong"", ""strong""]"	"[""same"", ""same"", ""shift"", ""shift"", ""shift""]"	"[[], [], [""independence_transition"", ""person_change"", ""subject_shift"", ""subordination_transition""], [""independence_transition"", ""person_change"", ""subject_shift"", ""subordination_transition""], [""independence_transition"", ""person_change"", ""subject_shift"", ""subordination_transition""]]"
776	14:16	5	"[""none"", ""strong"", ""strong"", ""strong"", ""strong""]"	"[""same"", ""shift"", ""shift"", ""shift"", ""shift""]"	"[[], [""independence_transition"", ""person_change"", ""subject_shift"", ""subordination_transition""], [""independence_transition"", ""person_change"", ""subject_shift"", ""subordination_transition""], [""independence_transition"", ""person_change"", ""subject_shift"", ""subordination_transition""], [""independence_transition"", ""person_change"", ""subject_shift"", ""subordination_transition""]]"
777	14:16	5	"[""strong"", ""strong"", ""strong"", ""strong"", ""candidate""]"	"[""shift"", ""shift"", ""shift"", ""shift"", ""shift""]"	"[[""independence_transition"", ""person_change"", ""subject_shift"", ""subordination_transition""], [""independence_transition"", ""person_change"", ""subject_shift"", ""subordination_transition""], [""independence_transition"", ""person_change"", ""subject_shift"", ""subordination_transition""], [""independence_transition"", ""person_change"", ""subject_shift"", ""subordination_transition""], [""person_change"", ""subject_shift""]]"
778	14:16	5	"[""strong"", ""strong"", ""strong"", ""candidate"", ""candidate""]"	"[""shift"", ""shift"", ""shift"", ""shift"", ""shift""]"	"[[""independence_transition"", ""person_change"", ""subject_shift"", ""subordination_transition""], [""independence_transition"", ""person_change"", ""subject_shift"", ""subordination_transition""], [""independence_transition"", ""person_change"", ""subject_shift"", ""subordination_transition""], [""person_change"", ""subject_shift""], [""person_change"", ""subject_shift""]]"
779	14:17	5	"[""strong"", ""strong"", ""candidate"", ""candidate"", ""candidate""]"	"[""shift"", ""shift"", ""shift"", ""shift"", ""shift""]"	"[[""independence_transition"", ""person_change"", ""subject_shift"", ""subordination_transition""], [""independence_transition"", ""person_change"", ""subject_shift"", ""subordination_transition""], [""person_change"", ""subject_shift""], [""person_change"", ""subject_shift""], [""person_change"", ""subject_shift""]]"
780	14:17	5	"[""strong"", ""candidate"", ""candidate"", ""candidate"", ""none""]"	"[""shift"", ""shift"", ""shift"", ""shift"", ""same""]"	"[[""independence_transition"", ""person_change"", ""subject_shift"", ""subordination_transition""], [""person_change"", ""subject_shift""], [""person_change"", ""subject_shift""], [""person_change"", ""subject_shift""], []]"
781	14:18	5	"[""candidate"", ""candidate"", ""candidate"", ""none"", ""none""]"	"[""shift"", ""shift"", ""shift"", ""same"", ""same""]"	"[[""person_change"", ""subject_shift""], [""person_change"", ""subject_shift""], [""person_change"", ""subject_shift""], [], []]"
784	14:19	5	"[""none"", ""none"", ""candidate"", ""strong"", ""none""]"	"[""same"", ""same"", ""same"", ""shift"", ""same""]"	"[[], [], [""independence_transition"", ""subordination_transition""], [""independence_transition"", ""number_change"", ""person_change"", ""subject_shift"", ""subordination_transition""], []]"
785	14:20	5	"[""none"", ""candidate"", ""strong"", ""none"", ""none""]"	"[""same"", ""same"", ""shift"", ""same"", ""same""]"	"[[], [""independence_transition"", ""subordination_transition""], [""independence_transition"", ""number_change"", ""person_change"", ""subject_shift"", ""subordination_transition""], [], []]"
788	14:21	5	"[""none"", ""none"", ""strong"", ""strong"", ""strong""]"	"[""same"", ""same"", ""shift"", ""shift"", ""shift""]"	"[[], [], [""number_change"", ""person_change"", ""subject_shift""], [""independence_transition"", ""person_change"", ""subject_shift"", ""subordination_transition""], [""independence_transition"", ""number_change"", ""person_change"", ""subject_shift"", ""subordination_transition""]]"
789	14:21	5	"[""none"", ""strong"", ""strong"", ""strong"", ""candidate""]"	"[""same"", ""shift"", ""shift"", ""shift"", ""shift""]"	"[[], [""number_change"", ""person_change"", ""subject_shift""], [""independence_transition"", ""person_change"", ""subject_shift"", ""subordination_transition""], [""independence_transition"", ""number_change"", ""person_change"", ""subject_shift"", ""subordination_transition""], [""number_change"", ""subject_shift""]]"
790	14:21	5	"[""strong"", ""strong"", ""strong"", ""candidate"", ""strong""]"	"[""shift"", ""shift"", ""shift"", ""shift"", ""shift""]"	"[[""number_change"", ""person_change"", ""subject_shift""], [""independence_transition"", ""person_change"", ""subject_shift"", ""subordination_transition""], [""independence_transition"", ""number_change"", ""person_change"", ""subject_shift"", ""subordination_transition""], [""number_change"", ""subject_shift""], [""independence_transition"", ""number_change"", ""subject_shift"", ""subordination_transition""]]"
791	14:21	5	"[""strong"", ""strong"", ""candidate"", ""strong"", ""candidate""]"	"[""shift"", ""shift"", ""shift"", ""shift"", ""shift""]"	"[[""independence_transition"", ""person_change"", ""subject_shift"", ""subordination_transition""], [""independence_transition"", ""number_change"", ""person_change"", ""subject_shift"", ""subordination_transition""], [""number_change"", ""subject_shift""], [""independence_transition"", ""number_change"", ""subject_shift"", ""subordination_transition""], [""number_change"", ""subject_shift""]]"
792	14:22	5	"[""strong"", ""candidate"", ""strong"", ""candidate"", ""strong""]"	"[""shift"", ""shift"", ""shift"", ""shift"", ""shift""]"	"[[""independence_transition"", ""number_change"", ""person_change"", ""subject_shift"", ""subordination_transition""], [""number_change"", ""subject_shift""], [""independence_transition"", ""number_change"", ""subject_shift"", ""subordination_transition""], [""number_change"", ""subject_shift""], [""independence_transition"", ""number_change"", ""subject_shift"", ""subordination_transition""]]"
793	14:23	5	"[""candidate"", ""strong"", ""candidate"", ""strong"", ""none""]"	"[""shift"", ""shift"", ""shift"", ""shift"", ""same""]"	"[[""number_change"", ""subject_shift""], [""independence_transition"", ""number_change"", ""subject_shift"", ""subordination_transition""], [""number_change"", ""subject_shift""], [""independence_transition"", ""number_change"", ""subject_shift"", ""subordination_transition""], []]"
794	14:23	5	"[""strong"", ""candidate"", ""strong"", ""none"", ""none""]"	"[""shift"", ""shift"", ""shift"", ""same"", ""same""]"	"[[""independence_transition"", ""number_change"", ""subject_shift"", ""subordination_transition""], [""number_change"", ""subject_shift""], [""independence_transition"", ""number_change"", ""subject_shift"", ""subordination_transition""], [], []]"
797	14:23	5	"[""none"", ""none"", ""strong"", ""candidate"", ""strong""]"	"[""same"", ""same"", ""shift"", ""shift"", ""shift""]"	"[[], [], [""independence_transition"", ""person_change"", ""subject_shift"", ""subordination_transition""], [""person_change"", ""subject_shift""], [""independence_transition"", ""number_change"", ""subject_shift"", ""subordination_transition""]]"
798	14:24	5	"[""none"", ""strong"", ""candidate"", ""strong"", ""none""]"	"[""same"", ""shift"", ""shift"", ""shift"", ""same""]"	"[[], [""independence_transition"", ""person_change"", ""subject_shift"", ""subordination_transition""], [""person_change"", ""subject_shift""], [""independence_transition"", ""number_change"", ""subject_shift"", ""subordination_transition""], []]"
799	14:24	5	"[""strong"", ""candidate"", ""strong"", ""none"", ""none""]"	"[""shift"", ""shift"", ""shift"", ""same"", ""same""]"	"[[""independence_transition"", ""person_change"", ""subject_shift"", ""subordination_transition""], [""person_change"", ""subject_shift""], [""independence_transition"", ""number_change"", ""subject_shift"", ""subordination_transition""], [], []]"
804	14:25	5	"[""none"", ""none"", ""candidate"", ""candidate"", ""strong""]"	"[""same"", ""same"", ""same"", ""same"", ""shift""]"	"[[], [], [""independence_transition"", ""subordination_transition""], [""independence_transition"", ""subordination_transition""], [""independence_transition"", ""number_change"", ""person_change"", ""subject_shift"", ""subordination_transition""]]"
805	14:26	5	"[""none"", ""candidate"", ""candidate"", ""strong"", ""strong""]"	"[""same"", ""same"", ""same"", ""shift"", ""shift""]"	"[[], [""independence_transition"", ""subordination_transition""], [""independence_transition"", ""subordination_transition""], [""independence_transition"", ""number_change"", ""person_change"", ""subject_shift"", ""subordination_transition""], [""independence_transition"", ""number_change"", ""person_change"", ""subject_shift"", ""subordination_transition""]]"
806	14:26	5	"[""candidate"", ""candidate"", ""strong"", ""strong"", ""none""]"	"[""same"", ""same"", ""shift"", ""shift"", ""same""]"	"[[""independence_transition"", ""subordination_transition""], [""independence_transition"", ""subordination_transition""], [""independence_transition"", ""number_change"", ""person_change"", ""subject_shift"", ""subordination_transition""], [""independence_transition"", ""number_change"", ""person_change"", ""subject_shift"", ""subordination_transition""], []]"
807	14:26	5	"[""candidate"", ""strong"", ""strong"", ""none"", ""none""]"	"[""same"", ""shift"", ""shift"", ""same"", ""same""]"	"[[""independence_transition"", ""subordination_transition""], [""independence_transition"", ""number_change"", ""person_change"", ""subject_shift"", ""subordination_transition""], [""independence_transition"", ""number_change"", ""person_change"", ""subject_shift"", ""subordination_transition""], [], []]"
815	14:28	5	"[""none"", ""none"", ""candidate"", ""candidate"", ""none""]"	"[""same"", ""same"", ""same"", ""same"", ""same""]"	"[[], [], [""independence_transition"", ""subordination_transition""], [""independence_transition"", ""subordination_transition""], []]"
816	14:28	5	"[""none"", ""candidate"", ""candidate"", ""none"", ""candidate""]"	"[""same"", ""same"", ""same"", ""same"", ""shift""]"	"[[], [""independence_transition"", ""subordination_transition""], [""independence_transition"", ""subordination_transition""], [], [""number_change"", ""subject_shift""]]"
818	14:29	5	"[""candidate"", ""none"", ""candidate"", ""none"", ""strong""]"	"[""same"", ""same"", ""shift"", ""same"", ""shift""]"	"[[""independence_transition"", ""subordination_transition""], [], [""number_change"", ""subject_shift""], [], [""independence_transition"", ""number_change"", ""subject_shift"", ""subordination_transition""]]"
820	14:30	5	"[""candidate"", ""none"", ""strong"", ""candidate"", ""strong""]"	"[""shift"", ""same"", ""shift"", ""same"", ""shift""]"	"[[""number_change"", ""subject_shift""], [], [""independence_transition"", ""number_change"", ""subject_shift"", ""subordination_transition""], [""independence_transition"", ""subordination_transition""], [""number_change"", ""person_change"", ""subject_shift""]]"
821	14:30	5	"[""none"", ""strong"", ""candidate"", ""strong"", ""strong""]"	"[""same"", ""shift"", ""same"", ""shift"", ""shift""]"	"[[], [""independence_transition"", ""number_change"", ""subject_shift"", ""subordination_transition""], [""independence_transition"", ""subordination_transition""], [""number_change"", ""person_change"", ""subject_shift""], [""independence_transition"", ""person_change"", ""subject_shift"", ""subordination_transition""]]"
822	14:31	5	"[""strong"", ""candidate"", ""strong"", ""strong"", ""candidate""]"	"[""shift"", ""same"", ""shift"", ""shift"", ""same""]"	"[[""independence_transition"", ""number_change"", ""subject_shift"", ""subordination_transition""], [""independence_transition"", ""subordination_transition""], [""number_change"", ""person_change"", ""subject_shift""], [""independence_transition"", ""person_change"", ""subject_shift"", ""subordination_transition""], [""independence_transition"", ""subordination_transition""]]"
823	14:31	5	"[""candidate"", ""strong"", ""strong"", ""candidate"", ""candidate""]"	"[""same"", ""shift"", ""shift"", ""same"", ""shift""]"	"[[""independence_transition"", ""subordination_transition""], [""number_change"", ""person_change"", ""subject_shift""], [""independence_transition"", ""person_change"", ""subject_shift"", ""subordination_transition""], [""independence_transition"", ""subordination_transition""], [""number_change"", ""subject_shift""]]"
824	14:31	5	"[""strong"", ""strong"", ""candidate"", ""candidate"", ""none""]"	"[""shift"", ""shift"", ""same"", ""shift"", ""same""]"	"[[""number_change"", ""person_change"", ""subject_shift""], [""independence_transition"", ""person_change"", ""subject_shift"", ""subordination_transition""], [""independence_transition"", ""subordination_transition""], [""number_change"", ""subject_shift""], []]"
825	14:32	5	"[""strong"", ""candidate"", ""candidate"", ""none"", ""candidate""]"	"[""shift"", ""same"", ""shift"", ""same"", ""shift""]"	"[[""independence_transition"", ""person_change"", ""subject_shift"", ""subordination_transition""], [""independence_transition"", ""subordination_transition""], [""number_change"", ""subject_shift""], [], [""number_change"", ""subject_shift""]]"
827	14:34	5	"[""candidate"", ""none"", ""candidate"", ""candidate"", ""candidate""]"	"[""shift"", ""same"", ""shift"", ""shift"", ""shift""]"	"[[""number_change"", ""subject_shift""], [], [""number_change"", ""subject_shift""], [""number_change"", ""subject_shift""], [""number_change"", ""subject_shift""]]"
828	14:34	5	"[""none"", ""candidate"", ""candidate"", ""candidate"", ""strong""]"	"[""same"", ""shift"", ""shift"", ""shift"", ""shift""]"	"[[], [""number_change"", ""subject_shift""], [""number_change"", ""subject_shift""], [""number_change"", ""subject_shift""], [""independence_transition"", ""number_change"", ""subject_shift"", ""subordination_transition""]]"
829	14:34	5	"[""candidate"", ""candidate"", ""candidate"", ""strong"", ""candidate""]"	"[""shift"", ""shift"", ""shift"", ""shift"", ""shift""]"	"[[""number_change"", ""subject_shift""], [""number_change"", ""subject_shift""], [""number_change"", ""subject_shift""], [""independence_transition"", ""number_change"", ""subject_shift"", ""subordination_transition""], [""number_change"", ""subject_shift""]]"
830	14:34	5	"[""candidate"", ""candidate"", ""strong"", ""candidate"", ""candidate""]"	"[""shift"", ""shift"", ""shift"", ""shift"", ""same""]"	"[[""number_change"", ""subject_shift""], [""number_change"", ""subject_shift""], [""independence_transition"", ""number_change"", ""subject_shift"", ""subordination_transition""], [""number_change"", ""subject_shift""], [""independence_transition"", ""subordination_transition""]]"
831	14:35	5	"[""candidate"", ""strong"", ""candidate"", ""candidate"", ""candidate""]"	"[""shift"", ""shift"", ""shift"", ""same"", ""shift""]"	"[[""number_change"", ""subject_shift""], [""independence_transition"", ""number_change"", ""subject_shift"", ""subordination_transition""], [""number_change"", ""subject_shift""], [""independence_transition"", ""subordination_transition""], [""number_change"", ""subject_shift""]]"
832	14:35	5	"[""strong"", ""candidate"", ""candidate"", ""candidate"", ""none""]"	"[""shift"", ""shift"", ""same"", ""shift"", ""same""]"	"[[""independence_transition"", ""number_change"", ""subject_shift"", ""subordination_transition""], [""number_change"", ""subject_shift""], [""independence_transition"", ""subordination_transition""], [""number_change"", ""subject_shift""], []]"
833	14:35	5	"[""candidate"", ""candidate"", ""candidate"", ""none"", ""none""]"	"[""shift"", ""same"", ""shift"", ""same"", ""same""]"	"[[""number_change"", ""subject_shift""], [""independence_transition"", ""subordination_transition""], [""number_change"", ""subject_shift""], [], []]"
836	14:37	5	"[""none"", ""none"", ""candidate"", ""candidate"", ""candidate""]"	"[""same"", ""same"", ""same"", ""same"", ""shift""]"	"[[], [], [""independence_transition"", ""subordination_transition""], [""independence_transition"", ""subordination_transition""], [""person_change"", ""subject_shift""]]"
837	14:37	5	"[""none"", ""candidate"", ""candidate"", ""candidate"", ""strong""]"	"[""same"", ""same"", ""same"", ""shift"", ""shift""]"	"[[], [""independence_transition"", ""subordination_transition""], [""independence_transition"", ""subordination_transition""], [""person_change"", ""subject_shift""], [""independence_transition"", ""person_change"", ""subject_shift"", ""subordination_transition""]]"
838	14:37	5	"[""candidate"", ""candidate"", ""candidate"", ""strong"", ""none""]"	"[""same"", ""same"", ""shift"", ""shift"", ""same""]"	"[[""independence_transition"", ""subordination_transition""], [""independence_transition"", ""subordination_transition""], [""person_change"", ""subject_shift""], [""independence_transition"", ""person_change"", ""subject_shift"", ""subordination_transition""], []]"
839	14:37	5	"[""candidate"", ""candidate"", ""strong"", ""none"", ""candidate""]"	"[""same"", ""shift"", ""shift"", ""same"", ""same""]"	"[[""independence_transition"", ""subordination_transition""], [""person_change"", ""subject_shift""], [""independence_transition"", ""person_change"", ""subject_shift"", ""subordination_transition""], [], [""independence_transition"", ""subordination_transition""]]"
841	14:38	5	"[""strong"", ""none"", ""candidate"", ""strong"", ""candidate""]"	"[""shift"", ""same"", ""same"", ""shift"", ""same""]"	"[[""independence_transition"", ""person_change"", ""subject_shift"", ""subordination_transition""], [], [""independence_transition"", ""subordination_transition""], [""independence_transition"", ""number_change"", ""person_change"", ""subject_shift"", ""subordination_transition""], [""independence_transition"", ""subordination_transition""]]"
842	14:39	5	"[""none"", ""candidate"", ""strong"", ""candidate"", ""strong""]"	"[""same"", ""same"", ""shift"", ""same"", ""shift""]"	"[[], [""independence_transition"", ""subordination_transition""], [""independence_transition"", ""number_change"", ""person_change"", ""subject_shift"", ""subordination_transition""], [""independence_transition"", ""subordination_transition""], [""number_change"", ""person_change"", ""subject_shift""]]"
843	14:39	5	"[""candidate"", ""strong"", ""candidate"", ""strong"", ""candidate""]"	"[""same"", ""shift"", ""same"", ""shift"", ""shift""]"	"[[""independence_transition"", ""subordination_transition""], [""independence_transition"", ""number_change"", ""person_change"", ""subject_shift"", ""subordination_transition""], [""independence_transition"", ""subordination_transition""], [""number_change"", ""person_change"", ""subject_shift""], [""person_change"", ""subject_shift""]]"
844	14:40	5	"[""strong"", ""candidate"", ""strong"", ""candidate"", ""none""]"	"[""shift"", ""same"", ""shift"", ""shift"", ""same""]"	"[[""independence_transition"", ""number_change"", ""person_change"", ""subject_shift"", ""subordination_transition""], [""independence_transition"", ""subordination_transition""], [""number_change"", ""person_change"", ""subject_shift""], [""person_change"", ""subject_shift""], []]"
845	15:1	5	"[""candidate"", ""strong"", ""candidate"", ""none"", ""strong""]"	"[""same"", ""shift"", ""shift"", ""same"", ""shift""]"	"[[""independence_transition"", ""subordination_transition""], [""number_change"", ""person_change"", ""subject_shift""], [""person_change"", ""subject_shift""], [], [""number_change"", ""person_change"", ""subject_shift""]]"
847	15:1	5	"[""candidate"", ""none"", ""strong"", ""none"", ""none""]"	"[""shift"", ""same"", ""shift"", ""same"", ""same""]"	"[[""person_change"", ""subject_shift""], [], [""number_change"", ""person_change"", ""subject_shift""], [], []]"
850	15:2	5	"[""none"", ""none"", ""strong"", ""strong"", ""none""]"	"[""same"", ""same"", ""shift"", ""shift"", ""same""]"	"[[], [], [""number_change"", ""person_change"", ""subject_shift""], [""independence_transition"", ""number_change"", ""person_change"", ""subject_shift"", ""subordination_transition""], []]"
851	15:2	5	"[""none"", ""strong"", ""strong"", ""none"", ""strong""]"	"[""same"", ""shift"", ""shift"", ""same"", ""shift""]"	"[[], [""number_change"", ""person_change"", ""subject_shift""], [""independence_transition"", ""number_change"", ""person_change"", ""subject_shift"", ""subordination_transition""], [], [""independence_transition"", ""number_change"", ""person_change"", ""subject_shift"", ""subordination_transition""]]"
853	15:3	5	"[""strong"", ""none"", ""strong"", ""none"", ""strong""]"	"[""shift"", ""same"", ""shift"", ""same"", ""shift""]"	"[[""independence_transition"", ""number_change"", ""person_change"", ""subject_shift"", ""subordination_transition""], [], [""independence_transition"", ""number_change"", ""person_change"", ""subject_shift"", ""subordination_transition""], [], [""independence_transition"", ""person_change"", ""subject_shift"", ""subordination_transition""]]"
855	15:3	5	"[""strong"", ""none"", ""strong"", ""none"", ""none""]"	"[""shift"", ""same"", ""shift"", ""same"", ""same""]"	"[[""independence_transition"", ""number_change"", ""person_change"", ""subject_shift"", ""subordination_transition""], [], [""independence_transition"", ""person_change"", ""subject_shift"", ""subordination_transition""], [], []]"
859	15:6	5	"[""none"", ""none"", ""candidate"", ""candidate"", ""none""]"	"[""same"", ""same"", ""same"", ""shift"", ""same""]"	"[[], [], [""independence_transition"", ""subordination_transition""], [""number_change"", ""subject_shift""], []]"
860	15:6	5	"[""none"", ""candidate"", ""candidate"", ""none"", ""candidate""]"	"[""same"", ""same"", ""shift"", ""same"", ""shift""]"	"[[], [""independence_transition"", ""subordination_transition""], [""number_change"", ""subject_shift""], [], [""number_change"", ""subject_shift""]]"
862	15:7	5	"[""candidate"", ""none"", ""candidate"", ""none"", ""candidate""]"	"[""shift"", ""same"", ""shift"", ""same"", ""shift""]"	"[[""number_change"", ""subject_shift""], [], [""number_change"", ""subject_shift""], [], [""person_change"", ""subject_shift""]]"
864	15:9	5	"[""candidate"", ""none"", ""candidate"", ""none"", ""none""]"	"[""shift"", ""same"", ""shift"", ""same"", ""same""]"	"[[""number_change"", ""subject_shift""], [], [""person_change"", ""subject_shift""], [], []]"
869	15:10	5	"[""none"", ""none"", ""candidate"", ""candidate"", ""candidate""]"	"[""same"", ""same"", ""shift"", ""shift"", ""shift""]"	"[[], [], [""person_change"", ""subject_shift""], [""person_change"", ""subject_shift""], [""number_change"", ""subject_shift""]]"
870	15:10	5	"[""none"", ""candidate"", ""candidate"", ""candidate"", ""candidate""]"	"[""same"", ""shift"", ""shift"", ""shift"", ""shift""]"	"[[], [""person_change"", ""subject_shift""], [""person_change"", ""subject_shift""], [""number_change"", ""subject_shift""], [""person_change"", ""subject_shift""]]"
871	15:11	5	"[""candidate"", ""candidate"", ""candidate"", ""candidate"", ""strong""]"	"[""shift"", ""shift"", ""shift"", ""shift"", ""shift""]"	"[[""person_change"", ""subject_shift""], [""person_change"", ""subject_shift""], [""number_change"", ""subject_shift""], [""person_change"", ""subject_shift""], [""independence_transition"", ""number_change"", ""person_change"", ""subject_shift"", ""subordination_transition""]]"
872	15:11	5	"[""candidate"", ""candidate"", ""candidate"", ""strong"", ""none""]"	"[""shift"", ""shift"", ""shift"", ""shift"", ""same""]"	"[[""person_change"", ""subject_shift""], [""number_change"", ""subject_shift""], [""person_change"", ""subject_shift""], [""independence_transition"", ""number_change"", ""person_change"", ""subject_shift"", ""subordination_transition""], []]"
873	15:12	5	"[""candidate"", ""candidate"", ""strong"", ""none"", ""strong""]"	"[""shift"", ""shift"", ""shift"", ""same"", ""shift""]"	"[[""number_change"", ""subject_shift""], [""person_change"", ""subject_shift""], [""independence_transition"", ""number_change"", ""person_change"", ""subject_shift"", ""subordination_transition""], [], [""independence_transition"", ""number_change"", ""subject_shift"", ""subordination_transition""]]"
875	15:12	5	"[""strong"", ""none"", ""strong"", ""strong"", ""none""]"	"[""shift"", ""same"", ""shift"", ""shift"", ""same""]"	"[[""independence_transition"", ""number_change"", ""person_change"", ""subject_shift"", ""subordination_transition""], [], [""independence_transition"", ""number_change"", ""subject_shift"", ""subordination_transition""], [""independence_transition"", ""number_change"", ""subject_shift"", ""subordination_transition""], []]"
876	15:12	5	"[""none"", ""strong"", ""strong"", ""none"", ""candidate""]"	"[""same"", ""shift"", ""shift"", ""same"", ""same""]"	"[[], [""independence_transition"", ""number_change"", ""subject_shift"", ""subordination_transition""], [""independence_transition"", ""number_change"", ""subject_shift"", ""subordination_transition""], [], [""independence_transition"", ""subordination_transition""]]"
878	15:13	5	"[""strong"", ""none"", ""candidate"", ""candidate"", ""strong""]"	"[""shift"", ""same"", ""same"", ""same"", ""shift""]"	"[[""independence_transition"", ""number_change"", ""subject_shift"", ""subordination_transition""], [], [""independence_transition"", ""subordination_transition""], [""independence_transition"", ""subordination_transition""], [""independence_transition"", ""number_change"", ""person_change"", ""subject_shift"", ""subordination_transition""]]"
879	15:14	5	"[""none"", ""candidate"", ""candidate"", ""strong"", ""candidate""]"	"[""same"", ""same"", ""same"", ""shift"", ""same""]"	"[[], [""independence_transition"", ""subordination_transition""], [""independence_transition"", ""subordination_transition""], [""independence_transition"", ""number_change"", ""person_change"", ""subject_shift"", ""subordination_transition""], [""independence_transition"", ""subordination_transition""]]"
880	15:15	5	"[""candidate"", ""candidate"", ""strong"", ""candidate"", ""strong""]"	"[""same"", ""same"", ""shift"", ""same"", ""shift""]"	"[[""independence_transition"", ""subordination_transition""], [""independence_transition"", ""subordination_transition""], [""independence_transition"", ""number_change"", ""person_change"", ""subject_shift"", ""subordination_transition""], [""independence_transition"", ""subordination_transition""], [""number_change"", ""person_change"", ""subject_shift""]]"
881	15:15	5	"[""candidate"", ""strong"", ""candidate"", ""strong"", ""candidate""]"	"[""same"", ""shift"", ""same"", ""shift"", ""same""]"	"[[""independence_transition"", ""subordination_transition""], [""independence_transition"", ""number_change"", ""person_change"", ""subject_shift"", ""subordination_transition""], [""independence_transition"", ""subordination_transition""], [""number_change"", ""person_change"", ""subject_shift""], [""independence_transition"", ""subordination_transition""]]"
882	15:15	5	"[""strong"", ""candidate"", ""strong"", ""candidate"", ""candidate""]"	"[""shift"", ""same"", ""shift"", ""same"", ""shift""]"	"[[""independence_transition"", ""number_change"", ""person_change"", ""subject_shift"", ""subordination_transition""], [""independence_transition"", ""subordination_transition""], [""number_change"", ""person_change"", ""subject_shift""], [""independence_transition"", ""subordination_transition""], [""number_change"", ""subject_shift""]]"
883	15:15	5	"[""candidate"", ""strong"", ""candidate"", ""candidate"", ""candidate""]"	"[""same"", ""shift"", ""same"", ""shift"", ""same""]"	"[[""independence_transition"", ""subordination_transition""], [""number_change"", ""person_change"", ""subject_shift""], [""independence_transition"", ""subordination_transition""], [""number_change"", ""subject_shift""], [""independence_transition"", ""subordination_transition""]]"
884	15:15	5	"[""strong"", ""candidate"", ""candidate"", ""candidate"", ""strong""]"	"[""shift"", ""same"", ""shift"", ""same"", ""shift""]"	"[[""number_change"", ""person_change"", ""subject_shift""], [""independence_transition"", ""subordination_transition""], [""number_change"", ""subject_shift""], [""independence_transition"", ""subordination_transition""], [""independence_transition"", ""number_change"", ""subject_shift"", ""subordination_transition""]]"
885	15:16	5	"[""candidate"", ""candidate"", ""candidate"", ""strong"", ""candidate""]"	"[""same"", ""shift"", ""same"", ""shift"", ""same""]"	"[[""independence_transition"", ""subordination_transition""], [""number_change"", ""subject_shift""], [""independence_transition"", ""subordination_transition""], [""independence_transition"", ""number_change"", ""subject_shift"", ""subordination_transition""], [""independence_transition"", ""subordination_transition""]]"
886	15:16	5	"[""candidate"", ""candidate"", ""strong"", ""candidate"", ""strong""]"	"[""shift"", ""same"", ""shift"", ""same"", ""shift""]"	"[[""number_change"", ""subject_shift""], [""independence_transition"", ""subordination_transition""], [""independence_transition"", ""number_change"", ""subject_shift"", ""subordination_transition""], [""independence_transition"", ""subordination_transition""], [""independence_transition"", ""number_change"", ""person_change"", ""subject_shift"", ""subordination_transition""]]"
887	15:17	5	"[""candidate"", ""strong"", ""candidate"", ""strong"", ""candidate""]"	"[""same"", ""shift"", ""same"", ""shift"", ""shift""]"	"[[""independence_transition"", ""subordination_transition""], [""independence_transition"", ""number_change"", ""subject_shift"", ""subordination_transition""], [""independence_transition"", ""subordination_transition""], [""independence_transition"", ""number_change"", ""person_change"", ""subject_shift"", ""subordination_transition""], [""person_change"", ""subject_shift""]]"
888	15:17	5	"[""strong"", ""candidate"", ""strong"", ""candidate"", ""strong""]"	"[""shift"", ""same"", ""shift"", ""shift"", ""shift""]"	"[[""independence_transition"", ""number_change"", ""subject_shift"", ""subordination_transition""], [""independence_transition"", ""subordination_transition""], [""independence_transition"", ""number_change"", ""person_change"", ""subject_shift"", ""subordination_transition""], [""person_change"", ""subject_shift""], [""independence_transition"", ""person_change"", ""subject_shift"", ""subordination_transition""]]"
889	15:18	5	"[""candidate"", ""strong"", ""candidate"", ""strong"", ""candidate""]"	"[""same"", ""shift"", ""shift"", ""shift"", ""same""]"	"[[""independence_transition"", ""subordination_transition""], [""independence_transition"", ""number_change"", ""person_change"", ""subject_shift"", ""subordination_transition""], [""person_change"", ""subject_shift""], [""independence_transition"", ""person_change"", ""subject_shift"", ""subordination_transition""], [""independence_transition"", ""subordination_transition""]]"
890	15:19	5	"[""strong"", ""candidate"", ""strong"", ""candidate"", ""strong""]"	"[""shift"", ""shift"", ""shift"", ""same"", ""shift""]"	"[[""independence_transition"", ""number_change"", ""person_change"", ""subject_shift"", ""subordination_transition""], [""person_change"", ""subject_shift""], [""independence_transition"", ""person_change"", ""subject_shift"", ""subordination_transition""], [""independence_transition"", ""subordination_transition""], [""number_change"", ""person_change"", ""subject_shift""]]"
891	15:19	5	"[""candidate"", ""strong"", ""candidate"", ""strong"", ""candidate""]"	"[""shift"", ""shift"", ""same"", ""shift"", ""shift""]"	"[[""person_change"", ""subject_shift""], [""independence_transition"", ""person_change"", ""subject_shift"", ""subordination_transition""], [""independence_transition"", ""subordination_transition""], [""number_change"", ""person_change"", ""subject_shift""], [""number_change"", ""subject_shift""]]"
892	15:20	5	"[""strong"", ""candidate"", ""strong"", ""candidate"", ""none""]"	"[""shift"", ""same"", ""shift"", ""shift"", ""same""]"	"[[""independence_transition"", ""person_change"", ""subject_shift"", ""subordination_transition""], [""independence_transition"", ""subordination_transition""], [""number_change"", ""person_change"", ""subject_shift""], [""number_change"", ""subject_shift""], []]"
893	15:22	5	"[""candidate"", ""strong"", ""candidate"", ""none"", ""strong""]"	"[""same"", ""shift"", ""shift"", ""same"", ""shift""]"	"[[""independence_transition"", ""subordination_transition""], [""number_change"", ""person_change"", ""subject_shift""], [""number_change"", ""subject_shift""], [], [""independence_transition"", ""number_change"", ""subject_shift"", ""subordination_transition""]]"
895	15:24	5	"[""candidate"", ""none"", ""strong"", ""none"", ""candidate""]"	"[""shift"", ""same"", ""shift"", ""same"", ""same""]"	"[[""number_change"", ""subject_shift""], [], [""independence_transition"", ""number_change"", ""subject_shift"", ""subordination_transition""], [], [""independence_transition"", ""subordination_transition""]]"
897	15:25	5	"[""strong"", ""none"", ""candidate"", ""none"", ""none""]"	"[""shift"", ""same"", ""same"", ""same"", ""same""]"	"[[""independence_transition"", ""number_change"", ""subject_shift"", ""subordination_transition""], [], [""independence_transition"", ""subordination_transition""], [], []]"
901	15:27	5	"[""none"", ""none"", ""candidate"", ""none"", ""none""]"	"[""same"", ""same"", ""same"", ""same"", ""same""]"	"[[], [], [""independence_transition"", ""subordination_transition""], [], []]"
904	15:28	5	"[""none"", ""none"", ""candidate"", ""candidate"", ""candidate""]"	"[""same"", ""same"", ""same"", ""same"", ""shift""]"	"[[], [], [""independence_transition"", ""subordination_transition""], [""independence_transition"", ""subordination_transition""], [""number_change"", ""subject_shift""]]"
905	15:28	5	"[""none"", ""candidate"", ""candidate"", ""candidate"", ""none""]"	"[""same"", ""same"", ""same"", ""shift"", ""same""]"	"[[], [""independence_transition"", ""subordination_transition""], [""independence_transition"", ""subordination_transition""], [""number_change"", ""subject_shift""], []]"
906	15:29	5	"[""candidate"", ""candidate"", ""candidate"", ""none"", ""candidate""]"	"[""same"", ""same"", ""shift"", ""same"", ""same""]"	"[[""independence_transition"", ""subordination_transition""], [""independence_transition"", ""subordination_transition""], [""number_change"", ""subject_shift""], [], [""independence_transition"", ""subordination_transition""]]"
908	15:29	5	"[""candidate"", ""none"", ""candidate"", ""candidate"", ""candidate""]"	"[""shift"", ""same"", ""same"", ""shift"", ""shift""]"	"[[""number_change"", ""subject_shift""], [], [""independence_transition"", ""subordination_transition""], [""person_change"", ""subject_shift""], [""number_change"", ""subject_shift""]]"
909	15:30	5	"[""none"", ""candidate"", ""candidate"", ""candidate"", ""none""]"	"[""same"", ""same"", ""shift"", ""shift"", ""same""]"	"[[], [""independence_transition"", ""subordination_transition""], [""person_change"", ""subject_shift""], [""number_change"", ""subject_shift""], []]"
910	15:31	5	"[""candidate"", ""candidate"", ""candidate"", ""none"", ""candidate""]"	"[""same"", ""shift"", ""shift"", ""same"", ""same""]"	"[[""independence_transition"", ""subordination_transition""], [""person_change"", ""subject_shift""], [""number_change"", ""subject_shift""], [], [""independence_transition"", ""subordination_transition""]]"
912	15:32	5	"[""candidate"", ""none"", ""candidate"", ""strong"", ""strong""]"	"[""shift"", ""same"", ""same"", ""shift"", ""shift""]"	"[[""number_change"", ""subject_shift""], [], [""independence_transition"", ""subordination_transition""], [""number_change"", ""person_change"", ""subject_shift""], [""independence_transition"", ""person_change"", ""subject_shift"", ""subordination_transition""]]"
913	15:32	5	"[""none"", ""candidate"", ""strong"", ""strong"", ""none""]"	"[""same"", ""same"", ""shift"", ""shift"", ""same""]"	"[[], [""independence_transition"", ""subordination_transition""], [""number_change"", ""person_change"", ""subject_shift""], [""independence_transition"", ""person_change"", ""subject_shift"", ""subordination_transition""], []]"
914	15:32	5	"[""candidate"", ""strong"", ""strong"", ""none"", ""none""]"	"[""same"", ""shift"", ""shift"", ""same"", ""same""]"	"[[""independence_transition"", ""subordination_transition""], [""number_change"", ""person_change"", ""subject_shift""], [""independence_transition"", ""person_change"", ""subject_shift"", ""subordination_transition""], [], []]"
917	15:33	5	"[""none"", ""none"", ""candidate"", ""candidate"", ""candidate""]"	"[""same"", ""same"", ""shift"", ""shift"", ""shift""]"	"[[], [], [""person_change"", ""subject_shift""], [""person_change"", ""subject_shift""], [""person_change"", ""subject_shift""]]"
918	15:33	5	"[""none"", ""candidate"", ""candidate"", ""candidate"", ""none""]"	"[""same"", ""shift"", ""shift"", ""shift"", ""same""]"	"[[], [""person_change"", ""subject_shift""], [""person_change"", ""subject_shift""], [""person_change"", ""subject_shift""], []]"
919	15:34	5	"[""candidate"", ""candidate"", ""candidate"", ""none"", ""candidate""]"	"[""shift"", ""shift"", ""shift"", ""same"", ""shift""]"	"[[""person_change"", ""subject_shift""], [""person_change"", ""subject_shift""], [""person_change"", ""subject_shift""], [], [""person_change"", ""subject_shift""]]"
921	15:34	5	"[""candidate"", ""none"", ""candidate"", ""strong"", ""candidate""]"	"[""shift"", ""same"", ""shift"", ""shift"", ""shift""]"	"[[""person_change"", ""subject_shift""], [], [""person_change"", ""subject_shift""], [""number_change"", ""person_change"", ""subject_shift""], [""person_change"", ""subject_shift""]]"
922	15:34	5	"[""none"", ""candidate"", ""strong"", ""candidate"", ""candidate""]"	"[""same"", ""shift"", ""shift"", ""shift"", ""shift""]"	"[[], [""person_change"", ""subject_shift""], [""number_change"", ""person_change"", ""subject_shift""], [""person_change"", ""subject_shift""], [""number_change"", ""subject_shift""]]"
923	15:35	5	"[""candidate"", ""strong"", ""candidate"", ""candidate"", ""none""]"	"[""shift"", ""shift"", ""shift"", ""shift"", ""same""]"	"[[""person_change"", ""subject_shift""], [""number_change"", ""person_change"", ""subject_shift""], [""person_change"", ""subject_shift""], [""number_change"", ""subject_shift""], []]"
924	15:35	5	"[""strong"", ""candidate"", ""candidate"", ""none"", ""strong""]"	"[""shift"", ""shift"", ""shift"", ""same"", ""shift""]"	"[[""number_change"", ""person_change"", ""subject_shift""], [""person_change"", ""subject_shift""], [""number_change"", ""subject_shift""], [], [""number_change"", ""person_change"", ""subject_shift""]]"
926	15:36	5	"[""candidate"", ""none"", ""strong"", ""candidate"", ""candidate""]"	"[""shift"", ""same"", ""shift"", ""shift"", ""same""]"	"[[""number_change"", ""subject_shift""], [], [""number_change"", ""person_change"", ""subject_shift""], [""person_change"", ""subject_shift""], [""independence_transition"", ""subordination_transition""]]"
927	15:36	5	"[""none"", ""strong"", ""candidate"", ""candidate"", ""strong""]"	"[""same"", ""shift"", ""shift"", ""same"", ""shift""]"	"[[], [""number_change"", ""person_change"", ""subject_shift""], [""person_change"", ""subject_shift""], [""independence_transition"", ""subordination_transition""], [""independence_transition"", ""person_change"", ""subject_shift"", ""subordination_transition""]]"
928	15:36	5	"[""strong"", ""candidate"", ""candidate"", ""strong"", ""none""]"	"[""shift"", ""shift"", ""same"", ""shift"", ""same""]"	"[[""number_change"", ""person_change"", ""subject_shift""], [""person_change"", ""subject_shift""], [""independence_transition"", ""subordination_transition""], [""independence_transition"", ""person_change"", ""subject_shift"", ""subordination_transition""], []]"
929	15:37	5	"[""candidate"", ""candidate"", ""strong"", ""none"", ""strong""]"	"[""shift"", ""same"", ""shift"", ""same"", ""shift""]"	"[[""person_change"", ""subject_shift""], [""independence_transition"", ""subordination_transition""], [""independence_transition"", ""person_change"", ""subject_shift"", ""subordination_transition""], [], [""independence_transition"", ""person_change"", ""subject_shift"", ""subordination_transition""]]"
931	15:37	5	"[""strong"", ""none"", ""strong"", ""candidate"", ""candidate""]"	"[""shift"", ""same"", ""shift"", ""same"", ""same""]"	"[[""independence_transition"", ""person_change"", ""subject_shift"", ""subordination_transition""], [], [""independence_transition"", ""person_change"", ""subject_shift"", ""subordination_transition""], [""independence_transition"", ""subordination_transition""], [""independence_transition"", ""subordination_transition""]]"
932	15:38	5	"[""none"", ""strong"", ""candidate"", ""candidate"", ""candidate""]"	"[""same"", ""shift"", ""same"", ""same"", ""same""]"	"[[], [""independence_transition"", ""person_change"", ""subject_shift"", ""subordination_transition""], [""independence_transition"", ""subordination_transition""], [""independence_transition"", ""subordination_transition""], [""independence_transition"", ""subordination_transition""]]"
933	15:38	5	"[""strong"", ""candidate"", ""candidate"", ""candidate"", ""none""]"	"[""shift"", ""same"", ""same"", ""same"", ""same""]"	"[[""independence_transition"", ""person_change"", ""subject_shift"", ""subordination_transition""], [""independence_transition"", ""subordination_transition""], [""independence_transition"", ""subordination_transition""], [""independence_transition"", ""subordination_transition""], []]"
934	15:41	5	"[""candidate"", ""candidate"", ""candidate"", ""none"", ""none""]"	"[""same"", ""same"", ""same"", ""same"", ""same""]"	"[[""independence_transition"", ""subordination_transition""], [""independence_transition"", ""subordination_transition""], [""independence_transition"", ""subordination_transition""], [], []]"
943	15:44	5	"[""none"", ""none"", ""candidate"", ""candidate"", ""none""]"	"[""same"", ""same"", ""same"", ""same"", ""same""]"	"[[], [], [""independence_transition"", ""subordination_transition""], [""independence_transition"", ""subordination_transition""], []]"
944	15:44	5	"[""none"", ""candidate"", ""candidate"", ""none"", ""none""]"	"[""same"", ""same"", ""same"", ""same"", ""same""]"	"[[], [""independence_transition"", ""subordination_transition""], [""independence_transition"", ""subordination_transition""], [], []]"
947	15:49	5	"[""none"", ""none"", ""strong"", ""candidate"", ""candidate""]"	"[""same"", ""same"", ""shift"", ""same"", ""shift""]"	"[[], [], [""independence_transition"", ""number_change"", ""person_change"", ""subject_shift"", ""subordination_transition""], [""independence_transition"", ""subordination_transition""], [""number_change"", ""subject_shift""]]"
948	15:49	5	"[""none"", ""strong"", ""candidate"", ""candidate"", ""strong""]"	"[""same"", ""shift"", ""same"", ""shift"", ""shift""]"	"[[], [""independence_transition"", ""number_change"", ""person_change"", ""subject_shift"", ""subordination_transition""], [""independence_transition"", ""subordination_transition""], [""number_change"", ""subject_shift""], [""independence_transition"", ""person_change"", ""subject_shift"", ""subordination_transition""]]"
949	15:50	5	"[""strong"", ""candidate"", ""candidate"", ""strong"", ""candidate""]"	"[""shift"", ""same"", ""shift"", ""shift"", ""same""]"	"[[""independence_transition"", ""number_change"", ""person_change"", ""subject_shift"", ""subordination_transition""], [""independence_transition"", ""subordination_transition""], [""number_change"", ""subject_shift""], [""independence_transition"", ""person_change"", ""subject_shift"", ""subordination_transition""], [""independence_transition"", ""subordination_transition""]]"
950	15:50	5	"[""candidate"", ""candidate"", ""strong"", ""candidate"", ""candidate""]"	"[""same"", ""shift"", ""shift"", ""same"", ""shift""]"	"[[""independence_transition"", ""subordination_transition""], [""number_change"", ""subject_shift""], [""independence_transition"", ""person_change"", ""subject_shift"", ""subordination_transition""], [""independence_transition"", ""subordination_transition""], [""person_change"", ""subject_shift""]]"
951	15:50	5	"[""candidate"", ""strong"", ""candidate"", ""candidate"", ""candidate""]"	"[""shift"", ""shift"", ""same"", ""shift"", ""shift""]"	"[[""number_change"", ""subject_shift""], [""independence_transition"", ""person_change"", ""subject_shift"", ""subordination_transition""], [""independence_transition"", ""subordination_transition""], [""person_change"", ""subject_shift""], [""number_change"", ""subject_shift""]]"
952	15:51	5	"[""strong"", ""candidate"", ""candidate"", ""candidate"", ""none""]"	"[""shift"", ""same"", ""shift"", ""shift"", ""same""]"	"[[""independence_transition"", ""person_change"", ""subject_shift"", ""subordination_transition""], [""independence_transition"", ""subordination_transition""], [""person_change"", ""subject_shift""], [""number_change"", ""subject_shift""], []]"
953	15:51	5	"[""candidate"", ""candidate"", ""candidate"", ""none"", ""strong""]"	"[""same"", ""shift"", ""shift"", ""same"", ""shift""]"	"[[""independence_transition"", ""subordination_transition""], [""person_change"", ""subject_shift""], [""number_change"", ""subject_shift""], [], [""number_change"", ""person_change"", ""subject_shift""]]"
955	15:52	5	"[""candidate"", ""none"", ""strong"", ""candidate"", ""candidate""]"	"[""shift"", ""same"", ""shift"", ""shift"", ""shift""]"	"[[""number_change"", ""subject_shift""], [], [""number_change"", ""person_change"", ""subject_shift""], [""number_change"", ""subject_shift""], [""person_change"", ""subject_shift""]]"
956	15:52	5	"[""none"", ""strong"", ""candidate"", ""candidate"", ""strong""]"	"[""same"", ""shift"", ""shift"", ""shift"", ""shift""]"	"[[], [""number_change"", ""person_change"", ""subject_shift""], [""number_change"", ""subject_shift""], [""person_change"", ""subject_shift""], [""number_change"", ""person_change"", ""subject_shift""]]"
957	15:52	5	"[""strong"", ""candidate"", ""candidate"", ""strong"", ""candidate""]"	"[""shift"", ""shift"", ""shift"", ""shift"", ""same""]"	"[[""number_change"", ""person_change"", ""subject_shift""], [""number_change"", ""subject_shift""], [""person_change"", ""subject_shift""], [""number_change"", ""person_change"", ""subject_shift""], [""independence_transition"", ""subordination_transition""]]"
958	15:53	5	"[""candidate"", ""candidate"", ""strong"", ""candidate"", ""candidate""]"	"[""shift"", ""shift"", ""shift"", ""same"", ""same""]"	"[[""number_change"", ""subject_shift""], [""person_change"", ""subject_shift""], [""number_change"", ""person_change"", ""subject_shift""], [""independence_transition"", ""subordination_transition""], [""independence_transition"", ""subordination_transition""]]"
959	15:54	5	"[""candidate"", ""strong"", ""candidate"", ""candidate"", ""none""]"	"[""shift"", ""shift"", ""same"", ""same"", ""same""]"	"[[""person_change"", ""subject_shift""], [""number_change"", ""person_change"", ""subject_shift""], [""independence_transition"", ""subordination_transition""], [""independence_transition"", ""subordination_transition""], []]"
960	15:54	5	"[""strong"", ""candidate"", ""candidate"", ""none"", ""none""]"	"[""shift"", ""same"", ""same"", ""same"", ""same""]"	"[[""number_change"", ""person_change"", ""subject_shift""], [""independence_transition"", ""subordination_transition""], [""independence_transition"", ""subordination_transition""], [], []]"
963	15:58	5	"[""none"", ""none"", ""strong"", ""strong"", ""strong""]"	"[""same"", ""same"", ""shift"", ""shift"", ""shift""]"	"[[], [], [""independence_transition"", ""number_change"", ""person_change"", ""subject_shift"", ""subordination_transition""], [""number_change"", ""person_change"", ""subject_shift""], [""independence_transition"", ""person_change"", ""subject_shift"", ""subordination_transition""]]"
964	15:58	5	"[""none"", ""strong"", ""strong"", ""strong"", ""strong""]"	"[""same"", ""shift"", ""shift"", ""shift"", ""shift""]"	"[[], [""independence_transition"", ""number_change"", ""person_change"", ""subject_shift"", ""subordination_transition""], [""number_change"", ""person_change"", ""subject_shift""], [""independence_transition"", ""person_change"", ""subject_shift"", ""subordination_transition""], [""number_change"", ""person_change"", ""subject_shift""]]"
965	16:1	5	"[""strong"", ""strong"", ""strong"", ""strong"", ""strong""]"	"[""shift"", ""shift"", ""shift"", ""shift"", ""shift""]"	"[[""independence_transition"", ""number_change"", ""person_change"", ""subject_shift"", ""subordination_transition""], [""number_change"", ""person_change"", ""subject_shift""], [""independence_transition"", ""person_change"", ""subject_shift"", ""subordination_transition""], [""number_change"", ""person_change"", ""subject_shift""], [""number_change"", ""person_change"", ""subject_shift""]]"
966	16:1	5	"[""strong"", ""strong"", ""strong"", ""strong"", ""candidate""]"	"[""shift"", ""shift"", ""shift"", ""shift"", ""same""]"	"[[""number_change"", ""person_change"", ""subject_shift""], [""independence_transition"", ""person_change"", ""subject_shift"", ""subordination_transition""], [""number_change"", ""person_change"", ""subject_shift""], [""number_change"", ""person_change"", ""subject_shift""], [""independence_transition"", ""subordination_transition""]]"
967	16:2	5	"[""strong"", ""strong"", ""strong"", ""candidate"", ""candidate""]"	"[""shift"", ""shift"", ""shift"", ""same"", ""shift""]"	"[[""independence_transition"", ""person_change"", ""subject_shift"", ""subordination_transition""], [""number_change"", ""person_change"", ""subject_shift""], [""number_change"", ""person_change"", ""subject_shift""], [""independence_transition"", ""subordination_transition""], [""person_change"", ""subject_shift""]]"
968	16:2	5	"[""strong"", ""strong"", ""candidate"", ""candidate"", ""strong""]"	"[""shift"", ""shift"", ""same"", ""shift"", ""shift""]"	"[[""number_change"", ""person_change"", ""subject_shift""], [""number_change"", ""person_change"", ""subject_shift""], [""independence_transition"", ""subordination_transition""], [""person_change"", ""subject_shift""], [""independence_transition"", ""number_change"", ""person_change"", ""subject_shift"", ""subordination_transition""]]"
969	16:2	5	"[""strong"", ""candidate"", ""candidate"", ""strong"", ""strong""]"	"[""shift"", ""same"", ""shift"", ""shift"", ""shift""]"	"[[""number_change"", ""person_change"", ""subject_shift""], [""independence_transition"", ""subordination_transition""], [""person_change"", ""subject_shift""], [""independence_transition"", ""number_change"", ""person_change"", ""subject_shift"", ""subordination_transition""], [""independence_transition"", ""number_change"", ""person_change"", ""subject_shift"", ""subordination_transition""]]"
970	16:2	5	"[""candidate"", ""candidate"", ""strong"", ""strong"", ""strong""]"	"[""same"", ""shift"", ""shift"", ""shift"", ""shift""]"	"[[""independence_transition"", ""subordination_transition""], [""person_change"", ""subject_shift""], [""independence_transition"", ""number_change"", ""person_change"", ""subject_shift"", ""subordination_transition""], [""independence_transition"", ""number_change"", ""person_change"", ""subject_shift"", ""subordination_transition""], [""number_change"", ""person_change"", ""subject_shift""]]"
971	16:3	5	"[""candidate"", ""strong"", ""strong"", ""strong"", ""strong""]"	"[""shift"", ""shift"", ""shift"", ""shift"", ""shift""]"	"[[""person_change"", ""subject_shift""], [""independence_transition"", ""number_change"", ""person_change"", ""subject_shift"", ""subordination_transition""], [""independence_transition"", ""number_change"", ""person_change"", ""subject_shift"", ""subordination_transition""], [""number_change"", ""person_change"", ""subject_shift""], [""independence_transition"", ""number_change"", ""person_change"", ""subject_shift"", ""subordination_transition""]]"
972	16:3	5	"[""strong"", ""strong"", ""strong"", ""strong"", ""strong""]"	"[""shift"", ""shift"", ""shift"", ""shift"", ""shift""]"	"[[""independence_transition"", ""number_change"", ""person_change"", ""subject_shift"", ""subordination_transition""], [""independence_transition"", ""number_change"", ""person_change"", ""subject_shift"", ""subordination_transition""], [""number_change"", ""person_change"", ""subject_shift""], [""independence_transition"", ""number_change"", ""person_change"", ""subject_shift"", ""subordination_transition""], [""independence_transition"", ""person_change"", ""subject_shift"", ""subordination_transition""]]"
973	16:3	5	"[""strong"", ""strong"", ""strong"", ""strong"", ""strong""]"	"[""shift"", ""shift"", ""shift"", ""shift"", ""shift""]"	"[[""independence_transition"", ""number_change"", ""person_change"", ""subject_shift"", ""subordination_transition""], [""number_change"", ""person_change"", ""subject_shift""], [""independence_transition"", ""number_change"", ""person_change"", ""subject_shift"", ""subordination_transition""], [""independence_transition"", ""person_change"", ""subject_shift"", ""subordination_transition""], [""independence_transition"", ""number_change"", ""subject_shift"", ""subordination_transition""]]"
974	16:4	5	"[""strong"", ""strong"", ""strong"", ""strong"", ""strong""]"	"[""shift"", ""shift"", ""shift"", ""shift"", ""shift""]"	"[[""number_change"", ""person_change"", ""subject_shift""], [""independence_transition"", ""number_change"", ""person_change"", ""subject_shift"", ""subordination_transition""], [""independence_transition"", ""person_change"", ""subject_shift"", ""subordination_transition""], [""independence_transition"", ""number_change"", ""subject_shift"", ""subordination_transition""], [""number_change"", ""person_change"", ""subject_shift""]]"
975	16:4	5	"[""strong"", ""strong"", ""strong"", ""strong"", ""candidate""]"	"[""shift"", ""shift"", ""shift"", ""shift"", ""same""]"	"[[""independence_transition"", ""number_change"", ""person_change"", ""subject_shift"", ""subordination_transition""], [""independence_transition"", ""person_change"", ""subject_shift"", ""subordination_transition""], [""independence_transition"", ""number_change"", ""subject_shift"", ""subordination_transition""], [""number_change"", ""person_change"", ""subject_shift""], [""independence_transition"", ""subordination_transition""]]"
976	16:5	5	"[""strong"", ""strong"", ""strong"", ""candidate"", ""candidate""]"	"[""shift"", ""shift"", ""shift"", ""same"", ""same""]"	"[[""independence_transition"", ""person_change"", ""subject_shift"", ""subordination_transition""], [""independence_transition"", ""number_change"", ""subject_shift"", ""subordination_transition""], [""number_change"", ""person_change"", ""subject_shift""], [""independence_transition"", ""subordination_transition""], [""independence_transition"", ""subordination_transition""]]"
977	16:5	5	"[""strong"", ""strong"", ""candidate"", ""candidate"", ""none""]"	"[""shift"", ""shift"", ""same"", ""same"", ""same""]"	"[[""independence_transition"", ""number_change"", ""subject_shift"", ""subordination_transition""], [""number_change"", ""person_change"", ""subject_shift""], [""independence_transition"", ""subordination_transition""], [""independence_transition"", ""subordination_transition""], []]"
978	16:5	5	"[""strong"", ""candidate"", ""candidate"", ""none"", ""none""]"	"[""shift"", ""same"", ""same"", ""same"", ""same""]"	"[[""number_change"", ""person_change"", ""subject_shift""], [""independence_transition"", ""subordination_transition""], [""independence_transition"", ""subordination_transition""], [], []]"
981	16:6	5	"[""none"", ""none"", ""strong"", ""strong"", ""candidate""]"	"[""same"", ""same"", ""shift"", ""shift"", ""same""]"	"[[], [], [""independence_transition"", ""number_change"", ""person_change"", ""subject_shift"", ""subordination_transition""], [""number_change"", ""person_change"", ""subject_shift""], [""independence_transition"", ""subordination_transition""]]"
982	16:6	5	"[""none"", ""strong"", ""strong"", ""candidate"", ""none""]"	"[""same"", ""shift"", ""shift"", ""same"", ""same""]"	"[[], [""independence_transition"", ""number_change"", ""person_change"", ""subject_shift"", ""subordination_transition""], [""number_change"", ""person_change"", ""subject_shift""], [""independence_transition"", ""subordination_transition""], []]"
983	16:7	5	"[""strong"", ""strong"", ""candidate"", ""none"", ""strong""]"	"[""shift"", ""shift"", ""same"", ""same"", ""shift""]"	"[[""independence_transition"", ""number_change"", ""person_change"", ""subject_shift"", ""subordination_transition""], [""number_change"", ""person_change"", ""subject_shift""], [""independence_transition"", ""subordination_transition""], [], [""independence_transition"", ""person_change"", ""subject_shift"", ""subordination_transition""]]"
985	16:7	5	"[""candidate"", ""none"", ""strong"", ""strong"", ""candidate""]"	"[""same"", ""same"", ""shift"", ""shift"", ""shift""]"	"[[""independence_transition"", ""subordination_transition""], [], [""independence_transition"", ""person_change"", ""subject_shift"", ""subordination_transition""], [""independence_transition"", ""person_change"", ""subject_shift"", ""subordination_transition""], [""person_change"", ""subject_shift""]]"
986	16:8	5	"[""none"", ""strong"", ""strong"", ""candidate"", ""candidate""]"	"[""same"", ""shift"", ""shift"", ""shift"", ""same""]"	"[[], [""independence_transition"", ""person_change"", ""subject_shift"", ""subordination_transition""], [""independence_transition"", ""person_change"", ""subject_shift"", ""subordination_transition""], [""person_change"", ""subject_shift""], [""independence_transition"", ""subordination_transition""]]"
987	16:9	5	"[""strong"", ""strong"", ""candidate"", ""candidate"", ""strong""]"	"[""shift"", ""shift"", ""shift"", ""same"", ""shift""]"	"[[""independence_transition"", ""person_change"", ""subject_shift"", ""subordination_transition""], [""independence_transition"", ""person_change"", ""subject_shift"", ""subordination_transition""], [""person_change"", ""subject_shift""], [""independence_transition"", ""subordination_transition""], [""independence_transition"", ""number_change"", ""person_change"", ""subject_shift"", ""subordination_transition""]]"
988	16:10	5	"[""strong"", ""candidate"", ""candidate"", ""strong"", ""strong""]"	"[""shift"", ""shift"", ""same"", ""shift"", ""shift""]"	"[[""independence_transition"", ""person_change"", ""subject_shift"", ""subordination_transition""], [""person_change"", ""subject_shift""], [""independence_transition"", ""subordination_transition""], [""independence_transition"", ""number_change"", ""person_change"", ""subject_shift"", ""subordination_transition""], [""independence_transition"", ""number_change"", ""person_change"", ""subject_shift"", ""subordination_transition""]]"
989	16:10	5	"[""candidate"", ""candidate"", ""strong"", ""strong"", ""candidate""]"	"[""shift"", ""same"", ""shift"", ""shift"", ""same""]"	"[[""person_change"", ""subject_shift""], [""independence_transition"", ""subordination_transition""], [""independence_transition"", ""number_change"", ""person_change"", ""subject_shift"", ""subordination_transition""], [""independence_transition"", ""number_change"", ""person_change"", ""subject_shift"", ""subordination_transition""], [""independence_transition"", ""subordination_transition""]]"
990	16:10	5	"[""candidate"", ""strong"", ""strong"", ""candidate"", ""none""]"	"[""same"", ""shift"", ""shift"", ""same"", ""same""]"	"[[""independence_transition"", ""subordination_transition""], [""independence_transition"", ""number_change"", ""person_change"", ""subject_shift"", ""subordination_transition""], [""independence_transition"", ""number_change"", ""person_change"", ""subject_shift"", ""subordination_transition""], [""independence_transition"", ""subordination_transition""], []]"
991	16:10	5	"[""strong"", ""strong"", ""candidate"", ""none"", ""strong""]"	"[""shift"", ""shift"", ""same"", ""same"", ""shift""]"	"[[""independence_transition"", ""number_change"", ""person_change"", ""subject_shift"", ""subordination_transition""], [""independence_transition"", ""number_change"", ""person_change"", ""subject_shift"", ""subordination_transition""], [""independence_transition"", ""subordination_transition""], [], [""number_change"", ""person_change"", ""subject_shift""]]"
993	16:11	5	"[""candidate"", ""none"", ""strong"", ""strong"", ""strong""]"	"[""same"", ""same"", ""shift"", ""shift"", ""shift""]"	"[[""independence_transition"", ""subordination_transition""], [], [""number_change"", ""person_change"", ""subject_shift""], [""independence_transition"", ""number_change"", ""person_change"", ""subject_shift"", ""subordination_transition""], [""independence_transition"", ""person_change"", ""subject_shift"", ""subordination_transition""]]"
994	16:11	5	"[""none"", ""strong"", ""strong"", ""strong"", ""none""]"	"[""same"", ""shift"", ""shift"", ""shift"", ""same""]"	"[[], [""number_change"", ""person_change"", ""subject_shift""], [""independence_transition"", ""number_change"", ""person_change"", ""subject_shift"", ""subordination_transition""], [""independence_transition"", ""person_change"", ""subject_shift"", ""subordination_transition""], []]"
995	16:11	5	"[""strong"", ""strong"", ""strong"", ""none"", ""strong""]"	"[""shift"", ""shift"", ""shift"", ""same"", ""shift""]"	"[[""number_change"", ""person_change"", ""subject_shift""], [""independence_transition"", ""number_change"", ""person_change"", ""subject_shift"", ""subordination_transition""], [""independence_transition"", ""person_change"", ""subject_shift"", ""subordination_transition""], [], [""independence_transition"", ""person_change"", ""subject_shift"", ""subordination_transition""]]"
997	16:12	5	"[""strong"", ""none"", ""strong"", ""candidate"", ""candidate""]"	"[""shift"", ""same"", ""shift"", ""same"", ""same""]"	"[[""independence_transition"", ""person_change"", ""subject_shift"", ""subordination_transition""], [], [""independence_transition"", ""person_change"", ""subject_shift"", ""subordination_transition""], [""independence_transition"", ""subordination_transition""], [""independence_transition"", ""subordination_transition""]]"
998	16:12	5	"[""none"", ""strong"", ""candidate"", ""candidate"", ""candidate""]"	"[""same"", ""shift"", ""same"", ""same"", ""same""]"	"[[], [""independence_transition"", ""person_change"", ""subject_shift"", ""subordination_transition""], [""independence_transition"", ""subordination_transition""], [""independence_transition"", ""subordination_transition""], [""independence_transition"", ""subordination_transition""]]"
999	16:12	5	"[""strong"", ""candidate"", ""candidate"", ""candidate"", ""candidate""]"	"[""shift"", ""same"", ""same"", ""same"", ""same""]"	"[[""independence_transition"", ""person_change"", ""subject_shift"", ""subordination_transition""], [""independence_transition"", ""subordination_transition""], [""independence_transition"", ""subordination_transition""], [""independence_transition"", ""subordination_transition""], [""independence_transition"", ""subordination_transition""]]"
1000	16:12	5	"[""candidate"", ""candidate"", ""candidate"", ""candidate"", ""candidate""]"	"[""same"", ""same"", ""same"", ""same"", ""same""]"	"[[""independence_transition"", ""subordination_transition""], [""independence_transition"", ""subordination_transition""], [""independence_transition"", ""subordination_transition""], [""independence_transition"", ""subordination_transition""], [""independence_transition"", ""subordination_transition""]]"
1001	16:12	5	"[""candidate"", ""candidate"", ""candidate"", ""candidate"", ""candidate""]"	"[""same"", ""same"", ""same"", ""same"", ""shift""]"	"[[""independence_transition"", ""subordination_transition""], [""independence_transition"", ""subordination_transition""], [""independence_transition"", ""subordination_transition""], [""independence_transition"", ""subordination_transition""], [""person_change"", ""subject_shift""]]"
1002	16:14	5	"[""candidate"", ""candidate"", ""candidate"", ""candidate"", ""strong""]"	"[""same"", ""same"", ""same"", ""shift"", ""shift""]"	"[[""independence_transition"", ""subordination_transition""], [""independence_transition"", ""subordination_transition""], [""independence_transition"", ""subordination_transition""], [""person_change"", ""subject_shift""], [""number_change"", ""person_change"", ""subject_shift""]]"
1003	16:15	5	"[""candidate"", ""candidate"", ""candidate"", ""strong"", ""strong""]"	"[""same"", ""same"", ""shift"", ""shift"", ""shift""]"	"[[""independence_transition"", ""subordination_transition""], [""independence_transition"", ""subordination_transition""], [""person_change"", ""subject_shift""], [""number_change"", ""person_change"", ""subject_shift""], [""independence_transition"", ""number_change"", ""person_change"", ""subject_shift"", ""subordination_transition""]]"
1004	16:15	5	"[""candidate"", ""candidate"", ""strong"", ""strong"", ""strong""]"	"[""same"", ""shift"", ""shift"", ""shift"", ""shift""]"	"[[""independence_transition"", ""subordination_transition""], [""person_change"", ""subject_shift""], [""number_change"", ""person_change"", ""subject_shift""], [""independence_transition"", ""number_change"", ""person_change"", ""subject_shift"", ""subordination_transition""], [""independence_transition"", ""number_change"", ""subject_shift"", ""subordination_transition""]]"
1005	16:15	5	"[""candidate"", ""strong"", ""strong"", ""strong"", ""strong""]"	"[""shift"", ""shift"", ""shift"", ""shift"", ""shift""]"	"[[""person_change"", ""subject_shift""], [""number_change"", ""person_change"", ""subject_shift""], [""independence_transition"", ""number_change"", ""person_change"", ""subject_shift"", ""subordination_transition""], [""independence_transition"", ""number_change"", ""subject_shift"", ""subordination_transition""], [""independence_transition"", ""person_change"", ""subject_shift"", ""subordination_transition""]]"
1006	16:15	5	"[""strong"", ""strong"", ""strong"", ""strong"", ""strong""]"	"[""shift"", ""shift"", ""shift"", ""shift"", ""shift""]"	"[[""number_change"", ""person_change"", ""subject_shift""], [""independence_transition"", ""number_change"", ""person_change"", ""subject_shift"", ""subordination_transition""], [""independence_transition"", ""number_change"", ""subject_shift"", ""subordination_transition""], [""independence_transition"", ""person_change"", ""subject_shift"", ""subordination_transition""], [""independence_transition"", ""number_change"", ""person_change"", ""subject_shift"", ""subordination_transition""]]"
1007	16:16	5	"[""strong"", ""strong"", ""strong"", ""strong"", ""strong""]"	"[""shift"", ""shift"", ""shift"", ""shift"", ""shift""]"	"[[""independence_transition"", ""number_change"", ""person_change"", ""subject_shift"", ""subordination_transition""], [""independence_transition"", ""number_change"", ""subject_shift"", ""subordination_transition""], [""independence_transition"", ""person_change"", ""subject_shift"", ""subordination_transition""], [""independence_transition"", ""number_change"", ""person_change"", ""subject_shift"", ""subordination_transition""], [""independence_transition"", ""number_change"", ""person_change"", ""subject_shift"", ""subordination_transition""]]"
1008	16:17	5	"[""strong"", ""strong"", ""strong"", ""strong"", ""candidate""]"	"[""shift"", ""shift"", ""shift"", ""shift"", ""same""]"	"[[""independence_transition"", ""number_change"", ""subject_shift"", ""subordination_transition""], [""independence_transition"", ""person_change"", ""subject_shift"", ""subordination_transition""], [""independence_transition"", ""number_change"", ""person_change"", ""subject_shift"", ""subordination_transition""], [""independence_transition"", ""number_change"", ""person_change"", ""subject_shift"", ""subordination_transition""], [""independence_transition"", ""subordination_transition""]]"
1009	16:17	5	"[""strong"", ""strong"", ""strong"", ""candidate"", ""candidate""]"	"[""shift"", ""shift"", ""shift"", ""same"", ""shift""]"	"[[""independence_transition"", ""person_change"", ""subject_shift"", ""subordination_transition""], [""independence_transition"", ""number_change"", ""person_change"", ""subject_shift"", ""subordination_transition""], [""independence_transition"", ""number_change"", ""person_change"", ""subject_shift"", ""subordination_transition""], [""independence_transition"", ""subordination_transition""], [""person_change"", ""subject_shift""]]"
1010	16:18	5	"[""strong"", ""strong"", ""candidate"", ""candidate"", ""candidate""]"	"[""shift"", ""shift"", ""same"", ""shift"", ""shift""]"	"[[""independence_transition"", ""number_change"", ""person_change"", ""subject_shift"", ""subordination_transition""], [""independence_transition"", ""number_change"", ""person_change"", ""subject_shift"", ""subordination_transition""], [""independence_transition"", ""subordination_transition""], [""person_change"", ""subject_shift""], [""person_change"", ""subject_shift""]]"
1011	16:18	5	"[""strong"", ""candidate"", ""candidate"", ""candidate"", ""candidate""]"	"[""shift"", ""same"", ""shift"", ""shift"", ""shift""]"	"[[""independence_transition"", ""number_change"", ""person_change"", ""subject_shift"", ""subordination_transition""], [""independence_transition"", ""subordination_transition""], [""person_change"", ""subject_shift""], [""person_change"", ""subject_shift""], [""number_change"", ""subject_shift""]]"
1012	16:19	5	"[""candidate"", ""candidate"", ""candidate"", ""candidate"", ""candidate""]"	"[""same"", ""shift"", ""shift"", ""shift"", ""shift""]"	"[[""independence_transition"", ""subordination_transition""], [""person_change"", ""subject_shift""], [""person_change"", ""subject_shift""], [""number_change"", ""subject_shift""], [""number_change"", ""subject_shift""]]"
1013	16:19	5	"[""candidate"", ""candidate"", ""candidate"", ""candidate"", ""candidate""]"	"[""shift"", ""shift"", ""shift"", ""shift"", ""shift""]"	"[[""person_change"", ""subject_shift""], [""person_change"", ""subject_shift""], [""number_change"", ""subject_shift""], [""number_change"", ""subject_shift""], [""person_change"", ""subject_shift""]]"
1014	16:20	5	"[""candidate"", ""candidate"", ""candidate"", ""candidate"", ""strong""]"	"[""shift"", ""shift"", ""shift"", ""shift"", ""shift""]"	"[[""person_change"", ""subject_shift""], [""number_change"", ""subject_shift""], [""number_change"", ""subject_shift""], [""person_change"", ""subject_shift""], [""independence_transition"", ""number_change"", ""person_change"", ""subject_shift"", ""subordination_transition""]]"
1015	16:20	5	"[""candidate"", ""candidate"", ""candidate"", ""strong"", ""candidate""]"	"[""shift"", ""shift"", ""shift"", ""shift"", ""same""]"	"[[""number_change"", ""subject_shift""], [""number_change"", ""subject_shift""], [""person_change"", ""subject_shift""], [""independence_transition"", ""number_change"", ""person_change"", ""subject_shift"", ""subordination_transition""], [""independence_transition"", ""subordination_transition""]]"
1016	16:22	5	"[""candidate"", ""candidate"", ""strong"", ""candidate"", ""candidate""]"	"[""shift"", ""shift"", ""shift"", ""same"", ""shift""]"	"[[""number_change"", ""subject_shift""], [""person_change"", ""subject_shift""], [""independence_transition"", ""number_change"", ""person_change"", ""subject_shift"", ""subordination_transition""], [""independence_transition"", ""subordination_transition""], [""person_change"", ""subject_shift""]]"
1017	16:22	4	"[""candidate"", ""strong"", ""candidate"", ""candidate""]"	"[""shift"", ""shift"", ""same"", ""shift""]"	"[[""person_change"", ""subject_shift""], [""independence_transition"", ""number_change"", ""person_change"", ""subject_shift"", ""subordination_transition""], [""independence_transition"", ""subordination_transition""], [""person_change"", ""subject_shift""]]"
1018	16:22	3	"[""strong"", ""candidate"", ""candidate""]"	"[""shift"", ""same"", ""shift""]"	"[[""independence_transition"", ""number_change"", ""person_change"", ""subject_shift"", ""subordination_transition""], [""independence_transition"", ""subordination_transition""], [""person_change"", ""subject_shift""]]"
