stream_index	book	chapter	verse	predication_id	finite_verb	finite_compact	subject_person	subject_number	subject_status	subject_source	subject_refinement_status	subject_refinement_source	subject_inherited_from	independence_status	subordination_status
1	1corintios	1	4	1corintios-1-4-P01	εὐχαριστῶ	V-PAI-1S	1	S	confirmed	finite_verb_morphology	explicit_or_morphological	finite_verb_morphology		candidate	not_detected
2	1corintios	1	5	1corintios-1-5-P01	ἐπλουτίσθητε	V-API-2P	2	P	confirmed	finite_verb_morphology	explicit_or_morphological	finite_verb_morphology		unresolved	candidate
3	1corintios	1	6	1corintios-1-6-P01	ἐβεβαιώθη	V-API-3S	2	P	candidate	nearest_agreeing_nominative_no_visible_boundary	inherited	inheritance_allowed	1corintios-1-5-P01	unresolved	candidate
4	1corintios	1	8	1corintios-1-8-P01	βεβαιώσει	V-FAI-3S	3	S	confirmed	finite_verb_morphology	explicit_or_morphological	finite_verb_morphology		candidate	not_detected
5	1corintios	1	9	1corintios-1-9-P01	ἐκλήθητε	V-API-2P	2	P	confirmed	finite_verb_morphology	explicit_or_morphological	finite_verb_morphology		candidate	not_detected
6	1corintios	1	10	1corintios-1-10-P01	παρακαλῶ	V-PAI-1S	1	S	confirmed	finite_verb_morphology	explicit_or_morphological	finite_verb_morphology		candidate	not_detected
7	1corintios	1	10	1corintios-1-10-P02	λέγητε	V-PAS-2P	2	P	confirmed	finite_verb_morphology	explicit_or_morphological	finite_verb_morphology		unresolved	candidate
8	1corintios	1	10	1corintios-1-10-P03	ᾖ	V-PAS-3S	3	S	confirmed	finite_verb_morphology	explicit_or_morphological	finite_verb_morphology		candidate	not_detected
9	1corintios	1	10	1corintios-1-10-P04	ἦτε	V-PAS-2P	2	P	confirmed	finite_verb_morphology	explicit_or_morphological	finite_verb_morphology		candidate	not_detected
10	1corintios	1	11	1corintios-1-11-P01	ἐδηλώθη	V-API-3S	3	S	confirmed	finite_verb_morphology	explicit_or_morphological	finite_verb_morphology		candidate	not_detected
11	1corintios	1	11	1corintios-1-11-P02	εἰσιν	V-PAI-3P			candidate	nearest_agreeing_nominative_no_visible_boundary	unresolved	no_valid_inheritance		unresolved	candidate
12	1corintios	1	12	1corintios-1-12-P01	λέγω	V-PAI-1S	1	S	confirmed	finite_verb_morphology	explicit_or_morphological	finite_verb_morphology		candidate	not_detected
13	1corintios	1	12	1corintios-1-12-P02	λέγει	V-PAI-3S			candidate	nearest_agreeing_nominative_no_visible_boundary	unresolved	no_valid_inheritance		unresolved	candidate
14	1corintios	1	12	1corintios-1-12-P03	εἰμι	V-PAI-1S	1	S	confirmed	finite_verb_morphology	explicit_or_morphological	finite_verb_morphology		candidate	not_detected
15	1corintios	1	13	1corintios-1-13-P01	μεμέρισται	V-XPI-3S	3	S	confirmed	finite_verb_morphology	explicit_or_morphological	finite_verb_morphology		candidate	not_detected
16	1corintios	1	13	1corintios-1-13-P02	ἐσταυρώθη	V-API-3S	3	S	candidate	nearest_agreeing_nominative_no_visible_boundary	inherited	inheritance_allowed	1corintios-1-13-P01	candidate	not_detected
17	1corintios	1	13	1corintios-1-13-P03	ἐβαπτίσθητε	V-API-2P	2	P	confirmed	finite_verb_morphology	explicit_or_morphological	finite_verb_morphology		candidate	not_detected
18	1corintios	1	14	1corintios-1-14-P01	εὐχαριστῶ	V-PAI-1S	1	S	confirmed	finite_verb_morphology	explicit_or_morphological	finite_verb_morphology		candidate	not_detected
19	1corintios	1	14	1corintios-1-14-P02	ἐβάπτισα	V-AAI-1S	1	S	confirmed	finite_verb_morphology	explicit_or_morphological	finite_verb_morphology		unresolved	candidate
20	1corintios	1	15	1corintios-1-15-P01	εἴπῃ	V-AAS-3S	1	S	candidate	nearest_agreeing_nominative_no_visible_boundary	inherited	inheritance_allowed	1corintios-1-14-P02	unresolved	candidate
21	1corintios	1	15	1corintios-1-15-P02	ἐβαπτίσθητε	V-API-2P	2	P	confirmed	finite_verb_morphology	explicit_or_morphological	finite_verb_morphology		unresolved	candidate
22	1corintios	1	16	1corintios-1-16-P01	ἐβάπτισα	V-AAI-1S	1	S	confirmed	finite_verb_morphology	explicit_or_morphological	finite_verb_morphology		candidate	not_detected
23	1corintios	1	16	1corintios-1-16-P02	οἶδα	V-XAI-1S	1	S	confirmed	finite_verb_morphology	explicit_or_morphological	finite_verb_morphology		candidate	not_detected
24	1corintios	1	16	1corintios-1-16-P03	ἐβάπτισα	V-AAI-1S	1	S	confirmed	finite_verb_morphology	explicit_or_morphological	finite_verb_morphology		unresolved	candidate
25	1corintios	1	17	1corintios-1-17-P01	ἀπέστειλέν	V-AAI-3S	3	S	confirmed	finite_verb_morphology	explicit_or_morphological	finite_verb_morphology		candidate	not_detected
26	1corintios	1	17	1corintios-1-17-P02	κενωθῇ	V-APS-3S	3	S	confirmed	finite_verb_morphology	explicit_or_morphological	finite_verb_morphology		unresolved	candidate
27	1corintios	1	18	1corintios-1-18-P01	ἐστίν	V-PAI-3S	3	S	candidate	nearest_agreeing_nominative_no_visible_boundary	inherited	inheritance_allowed	1corintios-1-17-P01	candidate	not_detected
28	1corintios	1	18	1corintios-1-18-P02	ἐστιν	V-PAI-3S	3	S	candidate	nearest_agreeing_nominative_no_visible_boundary	inherited	inheritance_allowed	1corintios-1-18-P01	candidate	not_detected
29	1corintios	1	19	1corintios-1-19-P01	γέγραπται	V-XPI-3S	3	S	confirmed	finite_verb_morphology	explicit_or_morphological	finite_verb_morphology		candidate	not_detected
30	1corintios	1	19	1corintios-1-19-P02	ἀπολῶ	V-FAI-1S	1	S	confirmed	finite_verb_morphology	explicit_or_morphological	finite_verb_morphology		candidate	not_detected
31	1corintios	1	19	1corintios-1-19-P03	ἀθετήσω	V-FAI-1S	1	S	confirmed	finite_verb_morphology	explicit_or_morphological	finite_verb_morphology		candidate	not_detected
32	1corintios	1	20	1corintios-1-20-P01	ἐμώρανεν	V-AAI-3S	1	S	candidate	nearest_agreeing_nominative_no_visible_boundary	inherited	inheritance_allowed	1corintios-1-19-P03	candidate	not_detected
33	1corintios	1	21	1corintios-1-21-P01	ἔγνω	V-AAI-3S	3	S	confirmed	finite_verb_morphology	explicit_or_morphological	finite_verb_morphology		unresolved	candidate
34	1corintios	1	21	1corintios-1-21-P02	εὐδόκησεν	V-AAI-3S	1	S	candidate	nearest_agreeing_nominative_no_visible_boundary	inherited	inheritance_allowed	1corintios-1-20-P01	candidate	not_detected
35	1corintios	1	22	1corintios-1-22-P01	αἰτοῦσιν	V-PAI-3P	3	S	candidate	nearest_agreeing_nominative_no_visible_boundary	inherited	inheritance_allowed	1corintios-1-21-P01	unresolved	candidate
36	1corintios	1	22	1corintios-1-22-P02	ζητοῦσιν	V-PAI-3P	1	S	candidate	nearest_agreeing_nominative_no_visible_boundary	inherited	inheritance_allowed	1corintios-1-21-P02	candidate	not_detected
37	1corintios	1	23	1corintios-1-23-P01	κηρύσσομεν	V-PAI-1P	1	P	confirmed	finite_verb_morphology	explicit_or_morphological	finite_verb_morphology		candidate	not_detected
38	1corintios	1	25	1corintios-1-25-P01	ἐστίν	V-PAI-3S	3	S	candidate	nearest_agreeing_nominative_no_visible_boundary	inherited	inheritance_allowed	1corintios-1-22-P01	unresolved	candidate
39	1corintios	1	26	1corintios-1-26-P01	βλέπετε	V-PAI-2P	2	P	confirmed	finite_verb_morphology	explicit_or_morphological	finite_verb_morphology		candidate	not_detected
40	1corintios	1	27	1corintios-1-27-P01	ἐξελέξατο	V-AMI-3S	3	S	confirmed	finite_verb_morphology	explicit_or_morphological	finite_verb_morphology		candidate	not_detected
41	1corintios	1	27	1corintios-1-27-P02	καταισχύνῃ	V-PAS-3S	3	S	candidate	nearest_agreeing_nominative_no_visible_boundary	inherited	inheritance_allowed	1corintios-1-25-P01	unresolved	candidate
42	1corintios	1	27	1corintios-1-27-P03	ἐξελέξατο	V-AMI-3S	3	S	confirmed	finite_verb_morphology	explicit_or_morphological	finite_verb_morphology		candidate	not_detected
43	1corintios	1	27	1corintios-1-27-P04	καταισχύνῃ	V-PAS-3S	3	S	candidate	nearest_agreeing_nominative_no_visible_boundary	inherited	inheritance_allowed	1corintios-1-27-P02	unresolved	candidate
44	1corintios	1	28	1corintios-1-28-P01	ἐξελέξατο	V-AMI-3S	3	S	confirmed	finite_verb_morphology	explicit_or_morphological	finite_verb_morphology		candidate	not_detected
45	1corintios	1	28	1corintios-1-28-P02	καταργήσῃ	V-AAS-3S	3	S	confirmed	finite_verb_morphology	explicit_or_morphological	finite_verb_morphology		unresolved	candidate
46	1corintios	1	29	1corintios-1-29-P01	καυχήσηται	V-AMS-3S	3	S	confirmed	finite_verb_morphology	explicit_or_morphological	finite_verb_morphology		unresolved	candidate
47	1corintios	1	30	1corintios-1-30-P01	ἐστε	V-PAI-2P	2	P	confirmed	finite_verb_morphology	explicit_or_morphological	finite_verb_morphology		candidate	not_detected
48	1corintios	1	30	1corintios-1-30-P02	ἐγενήθη	V-API-3S	2	P	candidate	nearest_agreeing_nominative_no_visible_boundary	inherited	inheritance_allowed	1corintios-1-30-P01	candidate	not_detected
49	1corintios	1	31	1corintios-1-31-P01	γέγραπται	V-XPI-3S	3	S	confirmed	finite_verb_morphology	explicit_or_morphological	finite_verb_morphology		unresolved	candidate
50	1corintios	1	31	1corintios-1-31-P02	καυχάσθω	V-PMD-3S	2	P	candidate	nearest_agreeing_nominative_no_visible_boundary	inherited	inheritance_allowed	1corintios-1-30-P02	candidate	not_detected
51	1corintios	2	1	1corintios-2-1-P01	ἦλθον	V-AAI-1S	1	S	confirmed	finite_verb_morphology	explicit_or_morphological	finite_verb_morphology		candidate	not_detected
52	1corintios	2	2	1corintios-2-2-P01	ἔκρινά	V-AAI-1S	1	S	confirmed	finite_verb_morphology	explicit_or_morphological	finite_verb_morphology		candidate	not_detected
53	1corintios	2	3	1corintios-2-3-P01	ἐγενόμην	V-AMI-1S	1	S	confirmed	finite_verb_morphology	explicit_or_morphological	finite_verb_morphology		candidate	not_detected
54	1corintios	2	5	1corintios-2-5-P01	ᾖ	V-PAS-3S			candidate	nearest_agreeing_nominative_no_visible_boundary	unresolved	no_valid_inheritance		unresolved	candidate
55	1corintios	2	6	1corintios-2-6-P01	λαλοῦμεν	V-PAI-1P	1	P	confirmed	finite_verb_morphology	explicit_or_morphological	finite_verb_morphology		candidate	not_detected
56	1corintios	2	7	1corintios-2-7-P01	λαλοῦμεν	V-PAI-1P	1	P	confirmed	finite_verb_morphology	explicit_or_morphological	finite_verb_morphology		candidate	not_detected
57	1corintios	2	7	1corintios-2-7-P02	προώρισεν	V-AAI-3S	3	S	confirmed	finite_verb_morphology	explicit_or_morphological	finite_verb_morphology		candidate	not_detected
58	1corintios	2	8	1corintios-2-8-P01	ἔγνωκεν	V-XAI-3S	3	S	candidate	nearest_agreeing_nominative_no_visible_boundary	inherited	inheritance_allowed	1corintios-2-7-P02	candidate	not_detected
59	1corintios	2	8	1corintios-2-8-P02	ἔγνωσαν	V-AAI-3P	3	P	confirmed	finite_verb_morphology	explicit_or_morphological	finite_verb_morphology		unresolved	candidate
60	1corintios	2	8	1corintios-2-8-P03	ἐσταύρωσαν	V-AAI-3P	3	P	confirmed	finite_verb_morphology	explicit_or_morphological	finite_verb_morphology		candidate	not_detected
61	1corintios	2	9	1corintios-2-9-P01	γέγραπται	V-XPI-3S	3	S	confirmed	finite_verb_morphology	explicit_or_morphological	finite_verb_morphology		unresolved	candidate
62	1corintios	2	9	1corintios-2-9-P02	εἶδεν	V-AAI-3S	3	P	candidate	nearest_agreeing_nominative_no_visible_boundary	inherited	inheritance_allowed	1corintios-2-8-P03	candidate	not_detected
63	1corintios	2	9	1corintios-2-9-P03	ἤκουσεν	V-AAI-3S	3	P	candidate	nearest_agreeing_nominative_no_visible_boundary	inherited	inheritance_allowed	1corintios-2-9-P02	candidate	not_detected
64	1corintios	2	9	1corintios-2-9-P04	ἀνέβη	V-AAI-3S	3	S	confirmed	finite_verb_morphology	explicit_or_morphological	finite_verb_morphology		candidate	not_detected
65	1corintios	2	9	1corintios-2-9-P05	ἡτοίμασεν	V-AAI-3S	3	S	confirmed	finite_verb_morphology	explicit_or_morphological	finite_verb_morphology		candidate	not_detected
66	1corintios	2	10	1corintios-2-10-P01	ἀπεκάλυψεν	V-AAI-3S	3	S	confirmed	finite_verb_morphology	explicit_or_morphological	finite_verb_morphology		candidate	not_detected
67	1corintios	2	10	1corintios-2-10-P02	ἐραυνᾷ	V-PAI-3S	3	S	candidate	nearest_agreeing_nominative_no_visible_boundary	inherited	inheritance_allowed	1corintios-2-10-P01	candidate	not_detected
68	1corintios	2	11	1corintios-2-11-P01	οἶδεν	V-XAI-3S	3	S	confirmed	finite_verb_morphology	explicit_or_morphological	finite_verb_morphology		candidate	not_detected
69	1corintios	2	11	1corintios-2-11-P02	ἔγνωκεν	V-XAI-3S			candidate	nearest_agreeing_nominative_no_visible_boundary	unresolved	no_valid_inheritance		unresolved	candidate
70	1corintios	2	12	1corintios-2-12-P01	ἐλάβομεν	V-AAI-1P	1	P	confirmed	finite_verb_morphology	explicit_or_morphological	finite_verb_morphology		candidate	not_detected
71	1corintios	2	12	1corintios-2-12-P02	εἰδῶμεν	V-XAS-1P	1	P	confirmed	finite_verb_morphology	explicit_or_morphological	finite_verb_morphology		unresolved	candidate
72	1corintios	2	13	1corintios-2-13-P01	λαλοῦμεν	V-PAI-1P	1	P	confirmed	finite_verb_morphology	explicit_or_morphological	finite_verb_morphology		candidate	not_detected
73	1corintios	2	14	1corintios-2-14-P01	δέχεται	V-PMI-3S	1	P	candidate	nearest_agreeing_nominative_no_visible_boundary	inherited	inheritance_allowed	1corintios-2-13-P01	candidate	not_detected
74	1corintios	2	14	1corintios-2-14-P02	ἐστίν	V-PAI-3S	3	S	confirmed	finite_verb_morphology	explicit_or_morphological	finite_verb_morphology		candidate	not_detected
75	1corintios	2	14	1corintios-2-14-P03	δύναται	V-PMI-3S	3	S	confirmed	finite_verb_morphology	explicit_or_morphological	finite_verb_morphology		candidate	not_detected
76	1corintios	2	14	1corintios-2-14-P04	ἀνακρίνεται	V-PPI-3S	3	S	confirmed	finite_verb_morphology	explicit_or_morphological	finite_verb_morphology		unresolved	candidate
77	1corintios	2	15	1corintios-2-15-P01	ἀνακρίνει	V-PAI-3S	3	S	candidate	nearest_agreeing_nominative_no_visible_boundary	inherited	inheritance_allowed	1corintios-2-14-P03	candidate	not_detected
78	1corintios	2	15	1corintios-2-15-P02	ἀνακρίνεται	V-PPI-3S	3	S	confirmed	finite_verb_morphology	explicit_or_morphological	finite_verb_morphology		candidate	not_detected
79	1corintios	2	16	1corintios-2-16-P01	ἔγνω	V-AAI-3S	3	S	confirmed	finite_verb_morphology	explicit_or_morphological	finite_verb_morphology		candidate	not_detected
80	1corintios	2	16	1corintios-2-16-P02	συμβιβάσει	V-FAI-3S	3	S	candidate	nearest_agreeing_nominative_no_visible_boundary	inherited	inheritance_allowed	1corintios-2-16-P01	candidate	not_detected
81	1corintios	2	16	1corintios-2-16-P03	ἔχομεν	V-PAI-1P	1	P	confirmed	finite_verb_morphology	explicit_or_morphological	finite_verb_morphology		candidate	not_detected
82	1corintios	3	1	1corintios-3-1-P01	ἠδυνήθην	V-API-1S	1	S	confirmed	finite_verb_morphology	explicit_or_morphological	finite_verb_morphology		candidate	not_detected
83	1corintios	3	2	1corintios-3-2-P01	ἐπότισα	V-AAI-1S	1	S	confirmed	finite_verb_morphology	explicit_or_morphological	finite_verb_morphology		candidate	not_detected
84	1corintios	3	2	1corintios-3-2-P02	ἐδύνασθε	V-IMI-2P	2	P	confirmed	finite_verb_morphology	explicit_or_morphological	finite_verb_morphology		candidate	not_detected
85	1corintios	3	2	1corintios-3-2-P03	δύνασθε	V-PMI-2P	2	P	confirmed	finite_verb_morphology	explicit_or_morphological	finite_verb_morphology		candidate	not_detected
86	1corintios	3	3	1corintios-3-3-P01	ἐστε	V-PAI-2P	2	P	confirmed	finite_verb_morphology	explicit_or_morphological	finite_verb_morphology		candidate	not_detected
87	1corintios	3	3	1corintios-3-3-P02	ἐστε	V-PAI-2P	2	P	confirmed	finite_verb_morphology	explicit_or_morphological	finite_verb_morphology		candidate	not_detected
88	1corintios	3	3	1corintios-3-3-P03	περιπατεῖτε	V-PAI-2P	2	P	confirmed	finite_verb_morphology	explicit_or_morphological	finite_verb_morphology		candidate	not_detected
89	1corintios	3	4	1corintios-3-4-P01	λέγῃ	V-PAS-3S	3	S	confirmed	finite_verb_morphology	explicit_or_morphological	finite_verb_morphology		unresolved	candidate
90	1corintios	3	4	1corintios-3-4-P02	εἰμι	V-PAI-1S	1	S	confirmed	finite_verb_morphology	explicit_or_morphological	finite_verb_morphology		candidate	not_detected
91	1corintios	3	4	1corintios-3-4-P03	ἐστε	V-PAI-2P	2	P	confirmed	finite_verb_morphology	explicit_or_morphological	finite_verb_morphology		candidate	not_detected
92	1corintios	3	5	1corintios-3-5-P01	ἐστιν	V-PAI-3S	3	S	confirmed	finite_verb_morphology	explicit_or_morphological	finite_verb_morphology		candidate	not_detected
93	1corintios	3	5	1corintios-3-5-P02	ἐστιν	V-PAI-3S	3	S	confirmed	finite_verb_morphology	explicit_or_morphological	finite_verb_morphology		candidate	not_detected
94	1corintios	3	5	1corintios-3-5-P03	ἐπιστεύσατε	V-AAI-2P	2	P	confirmed	finite_verb_morphology	explicit_or_morphological	finite_verb_morphology		candidate	not_detected
95	1corintios	3	5	1corintios-3-5-P04	ἔδωκεν	V-AAI-3S			candidate	nearest_agreeing_nominative_no_visible_boundary	unresolved	no_valid_inheritance		unresolved	candidate
96	1corintios	3	6	1corintios-3-6-P01	ἐφύτευσα	V-AAI-1S	1	S	confirmed	finite_verb_morphology	explicit_or_morphological	finite_verb_morphology		candidate	not_detected
97	1corintios	3	6	1corintios-3-6-P02	ἐπότισεν	V-AAI-3S	1	S	candidate	nearest_agreeing_nominative_no_visible_boundary	inherited	inheritance_allowed	1corintios-3-6-P01	candidate	not_detected
98	1corintios	3	6	1corintios-3-6-P03	ηὔξανεν	V-IAI-3S	1	S	candidate	nearest_agreeing_nominative_no_visible_boundary	inherited	inheritance_allowed	1corintios-3-6-P02	candidate	not_detected
99	1corintios	3	7	1corintios-3-7-P01	ἐστίν	V-PAI-3S			candidate	nearest_agreeing_nominative_no_visible_boundary	unresolved	no_valid_inheritance		unresolved	candidate
100	1corintios	3	8	1corintios-3-8-P01	εἰσιν	V-PAI-3P	3	P	confirmed	finite_verb_morphology	explicit_or_morphological	finite_verb_morphology		candidate	not_detected
101	1corintios	3	8	1corintios-3-8-P02	λήμψεται	V-FMI-3S	3	S	confirmed	finite_verb_morphology	explicit_or_morphological	finite_verb_morphology		candidate	not_detected
102	1corintios	3	9	1corintios-3-9-P01	ἐσμεν	V-PAI-1P	1	P	confirmed	finite_verb_morphology	explicit_or_morphological	finite_verb_morphology		candidate	not_detected
103	1corintios	3	9	1corintios-3-9-P02	ἐστε	V-PAI-2P	2	P	confirmed	finite_verb_morphology	explicit_or_morphological	finite_verb_morphology		candidate	not_detected
104	1corintios	3	10	1corintios-3-10-P01	ἔθηκα	V-AAI-1S	1	S	confirmed	finite_verb_morphology	explicit_or_morphological	finite_verb_morphology		unresolved	candidate
105	1corintios	3	10	1corintios-3-10-P02	ἐποικοδομεῖ	V-PAI-3S	3	S	confirmed	finite_verb_morphology	explicit_or_morphological	finite_verb_morphology		candidate	not_detected
106	1corintios	3	10	1corintios-3-10-P03	βλεπέτω	V-PAD-3S	3	S	confirmed	finite_verb_morphology	explicit_or_morphological	finite_verb_morphology		candidate	not_detected
107	1corintios	3	10	1corintios-3-10-P04	ἐποικοδομεῖ	V-PAI-3S	3	S	confirmed	finite_verb_morphology	explicit_or_morphological	finite_verb_morphology		candidate	not_detected
108	1corintios	3	11	1corintios-3-11-P01	δύναται	V-PMI-3S	3	S	candidate	nearest_agreeing_nominative_no_visible_boundary	inherited	inheritance_allowed	1corintios-3-10-P04	candidate	not_detected
109	1corintios	3	11	1corintios-3-11-P02	ἐστιν	V-PAI-3S	3	S	candidate	nearest_agreeing_nominative_no_visible_boundary	inherited	inheritance_allowed	1corintios-3-11-P01	candidate	not_detected
110	1corintios	3	12	1corintios-3-12-P01	ἐποικοδομεῖ	V-PAI-3S			candidate	nearest_agreeing_nominative_no_visible_boundary	unresolved	no_valid_inheritance		unresolved	candidate
111	1corintios	3	13	1corintios-3-13-P01	γενήσεται	V-FMI-3S	3	S	candidate	nearest_agreeing_nominative_no_visible_boundary	inherited	inheritance_allowed	1corintios-3-11-P02	candidate	not_detected
112	1corintios	3	13	1corintios-3-13-P02	δηλώσει	V-FAI-3S	3	S	candidate	nearest_agreeing_nominative_no_visible_boundary	inherited	inheritance_allowed	1corintios-3-13-P01	candidate	not_detected
113	1corintios	3	13	1corintios-3-13-P03	ἀποκαλύπτεται	V-PPI-3S	3	S	confirmed	finite_verb_morphology	explicit_or_morphological	finite_verb_morphology		unresolved	candidate
114	1corintios	3	13	1corintios-3-13-P04	ἐστιν	V-PAI-3S	3	S	candidate	nearest_agreeing_nominative_no_visible_boundary	inherited	inheritance_allowed	1corintios-3-13-P02	candidate	not_detected
115	1corintios	3	13	1corintios-3-13-P05	δοκιμάσει	V-FAI-3S	3	S	candidate	nearest_agreeing_nominative_no_visible_boundary	inherited	inheritance_allowed	1corintios-3-13-P04	candidate	not_detected
116	1corintios	3	14	1corintios-3-14-P01	μενεῖ	V-FAI-3S	3	S	candidate	nearest_agreeing_nominative_no_visible_boundary	inherited	inheritance_allowed	1corintios-3-13-P03	unresolved	candidate
117	1corintios	3	14	1corintios-3-14-P02	ἐποικοδόμησεν	V-AAI-3S	3	S	confirmed	finite_verb_morphology	explicit_or_morphological	finite_verb_morphology		candidate	not_detected
118	1corintios	3	14	1corintios-3-14-P03	λήμψεται	V-FMI-3S	3	S	confirmed	finite_verb_morphology	explicit_or_morphological	finite_verb_morphology		candidate	not_detected
119	1corintios	3	15	1corintios-3-15-P01	κατακαήσεται	V-FPI-3S	3	S	candidate	nearest_agreeing_nominative_no_visible_boundary	inherited	inheritance_allowed	1corintios-3-14-P01	unresolved	candidate
120	1corintios	3	15	1corintios-3-15-P02	ζημιωθήσεται	V-FPI-3S	3	S	confirmed	finite_verb_morphology	explicit_or_morphological	finite_verb_morphology		candidate	not_detected
121	1corintios	3	15	1corintios-3-15-P03	σωθήσεται	V-FPI-3S	3	S	confirmed	finite_verb_morphology	explicit_or_morphological	finite_verb_morphology		candidate	not_detected
122	1corintios	3	16	1corintios-3-16-P01	οἴδατε	V-XAI-2P	2	P	confirmed	finite_verb_morphology	explicit_or_morphological	finite_verb_morphology		candidate	not_detected
123	1corintios	3	16	1corintios-3-16-P02	ἐστε	V-PAI-2P	2	P	confirmed	finite_verb_morphology	explicit_or_morphological	finite_verb_morphology		unresolved	candidate
124	1corintios	3	16	1corintios-3-16-P03	οἰκεῖ	V-PAI-3S	2	P	candidate	nearest_agreeing_nominative_no_visible_boundary	inherited	inheritance_allowed	1corintios-3-16-P01	candidate	not_detected
125	1corintios	3	17	1corintios-3-17-P01	φθείρει	V-PAI-3S	2	P	candidate	nearest_agreeing_nominative_no_visible_boundary	inherited	inheritance_allowed	1corintios-3-16-P02	unresolved	candidate
126	1corintios	3	17	1corintios-3-17-P02	φθερεῖ	V-FAI-3S	3	S	confirmed	finite_verb_morphology	explicit_or_morphological	finite_verb_morphology		candidate	not_detected
127	1corintios	3	17	1corintios-3-17-P03	ἐστιν	V-PAI-3S	3	S	candidate	nearest_agreeing_nominative_no_visible_boundary	inherited	inheritance_allowed	1corintios-3-17-P02	candidate	not_detected
128	1corintios	3	17	1corintios-3-17-P04	ἐστε	V-PAI-2P	2	P	confirmed	finite_verb_morphology	explicit_or_morphological	finite_verb_morphology		candidate	not_detected
129	1corintios	3	18	1corintios-3-18-P01	ἐξαπατάτω	V-PAD-3S	2	P	candidate	nearest_agreeing_nominative_no_visible_boundary	inherited	inheritance_allowed	1corintios-3-17-P04	candidate	not_detected
130	1corintios	3	18	1corintios-3-18-P02	δοκεῖ	V-PAI-3S			candidate	nearest_agreeing_nominative_no_visible_boundary	unresolved	no_valid_inheritance		unresolved	candidate
131	1corintios	3	18	1corintios-3-18-P03	γενέσθω	V-AMD-3S	2	P	candidate	nearest_agreeing_nominative_no_visible_boundary	inherited	inheritance_allowed	1corintios-3-18-P01	candidate	not_detected
132	1corintios	3	18	1corintios-3-18-P04	γένηται	V-AMS-3S	3	S	confirmed	finite_verb_morphology	explicit_or_morphological	finite_verb_morphology		unresolved	candidate
133	1corintios	3	19	1corintios-3-19-P01	ἐστιν	V-PAI-3S	2	P	candidate	nearest_agreeing_nominative_no_visible_boundary	inherited	inheritance_allowed	1corintios-3-18-P03	candidate	not_detected
134	1corintios	3	19	1corintios-3-19-P02	γέγραπται	V-XPI-3S	3	S	confirmed	finite_verb_morphology	explicit_or_morphological	finite_verb_morphology		candidate	not_detected
135	1corintios	3	20	1corintios-3-20-P01	γινώσκει	V-PAI-3S	3	S	candidate	nearest_agreeing_nominative_no_visible_boundary	inherited	inheritance_allowed	1corintios-3-19-P02	candidate	not_detected
136	1corintios	3	20	1corintios-3-20-P02	εἰσὶν	V-PAI-3P	3	P	confirmed	finite_verb_morphology	explicit_or_morphological	finite_verb_morphology		unresolved	candidate
137	1corintios	3	21	1corintios-3-21-P01	καυχάσθω	V-PMD-3S	3	P	candidate	nearest_agreeing_nominative_no_visible_boundary	inherited	inheritance_allowed	1corintios-3-20-P02	unresolved	candidate
138	1corintios	3	21	1corintios-3-21-P02	ἐστιν	V-PAI-3S	3	S	confirmed	finite_verb_morphology	explicit_or_morphological	finite_verb_morphology		candidate	not_detected
139	1corintios	4	1	1corintios-4-1-P01	λογιζέσθω	V-PMD-3S	3	S	confirmed	finite_verb_morphology	explicit_or_morphological	finite_verb_morphology		candidate	not_detected
140	1corintios	4	2	1corintios-4-2-P01	ζητεῖται	V-PPI-3S	3	S	confirmed	finite_verb_morphology	explicit_or_morphological	finite_verb_morphology		candidate	not_detected
141	1corintios	4	2	1corintios-4-2-P02	εὑρεθῇ	V-APS-3S			candidate	nearest_agreeing_nominative_no_visible_boundary	unresolved	no_valid_inheritance		unresolved	candidate
142	1corintios	4	3	1corintios-4-3-P01	ἐστιν	V-PAI-3S	3	S	confirmed	finite_verb_morphology	explicit_or_morphological	finite_verb_morphology		candidate	not_detected
143	1corintios	4	3	1corintios-4-3-P02	ἀνακριθῶ	V-APS-1S	1	S	confirmed	finite_verb_morphology	explicit_or_morphological	finite_verb_morphology		unresolved	candidate
144	1corintios	4	3	1corintios-4-3-P03	ἀνακρίνω	V-PAI-1S	1	S	confirmed	finite_verb_morphology	explicit_or_morphological	finite_verb_morphology		candidate	not_detected
145	1corintios	4	4	1corintios-4-4-P01	σύνοιδα	V-XAI-1S	1	S	confirmed	finite_verb_morphology	explicit_or_morphological	finite_verb_morphology		candidate	not_detected
146	1corintios	4	4	1corintios-4-4-P02	δεδικαίωμαι	V-XPI-1S	1	S	confirmed	finite_verb_morphology	explicit_or_morphological	finite_verb_morphology		candidate	not_detected
147	1corintios	4	4	1corintios-4-4-P03	ἐστιν	V-PAI-3S	1	S	candidate	nearest_agreeing_nominative_no_visible_boundary	inherited	inheritance_allowed	1corintios-4-4-P02	candidate	not_detected
148	1corintios	4	5	1corintios-4-5-P01	κρίνετε	V-PAD-2P	2	P	confirmed	finite_verb_morphology	explicit_or_morphological	finite_verb_morphology		unresolved	candidate
149	1corintios	4	5	1corintios-4-5-P02	ἔλθῃ	V-AAS-3S	3	S	confirmed	finite_verb_morphology	explicit_or_morphological	finite_verb_morphology		candidate	not_detected
150	1corintios	4	5	1corintios-4-5-P03	φωτίσει	V-FAI-3S	3	S	confirmed	finite_verb_morphology	explicit_or_morphological	finite_verb_morphology		candidate	not_detected
151	1corintios	4	5	1corintios-4-5-P04	φανερώσει	V-FAI-3S	3	S	confirmed	finite_verb_morphology	explicit_or_morphological	finite_verb_morphology		candidate	not_detected
152	1corintios	4	5	1corintios-4-5-P05	γενήσεται	V-FMI-3S	3	S	candidate	nearest_agreeing_nominative_no_visible_boundary	inherited	inheritance_allowed	1corintios-4-5-P04	candidate	not_detected
153	1corintios	4	6	1corintios-4-6-P01	μετεσχημάτισα	V-AAI-1S	1	S	confirmed	finite_verb_morphology	explicit_or_morphological	finite_verb_morphology		candidate	not_detected
154	1corintios	4	6	1corintios-4-6-P02	μάθητε	V-AAS-2P	2	P	confirmed	finite_verb_morphology	explicit_or_morphological	finite_verb_morphology		unresolved	candidate
155	1corintios	4	6	1corintios-4-6-P03	γέγραπται	V-XPI-3S	3	S	confirmed	finite_verb_morphology	explicit_or_morphological	finite_verb_morphology		candidate	not_detected
156	1corintios	4	6	1corintios-4-6-P04	φυσιοῦσθε	V-PPI-2P	2	P	confirmed	finite_verb_morphology	explicit_or_morphological	finite_verb_morphology		unresolved	candidate
157	1corintios	4	7	1corintios-4-7-P01	διακρίνει	V-PAI-3S	3	S	confirmed	finite_verb_morphology	explicit_or_morphological	finite_verb_morphology		candidate	not_detected
158	1corintios	4	7	1corintios-4-7-P02	ἔχεις	V-PAI-2S	2	S	confirmed	finite_verb_morphology	explicit_or_morphological	finite_verb_morphology		candidate	not_detected
159	1corintios	4	7	1corintios-4-7-P03	ἔλαβες	V-AAI-2S	2	S	confirmed	finite_verb_morphology	explicit_or_morphological	finite_verb_morphology		candidate	not_detected
160	1corintios	4	7	1corintios-4-7-P04	ἔλαβες	V-AAI-2S	2	S	confirmed	finite_verb_morphology	explicit_or_morphological	finite_verb_morphology		unresolved	candidate
161	1corintios	4	7	1corintios-4-7-P05	καυχᾶσαι	V-PMI-2S	2	S	confirmed	finite_verb_morphology	explicit_or_morphological	finite_verb_morphology		candidate	not_detected
162	1corintios	4	8	1corintios-4-8-P01	ἐστέ	V-PAI-2P	2	P	confirmed	finite_verb_morphology	explicit_or_morphological	finite_verb_morphology		candidate	not_detected
163	1corintios	4	8	1corintios-4-8-P02	ἐπλουτήσατε	V-AAI-2P	2	P	confirmed	finite_verb_morphology	explicit_or_morphological	finite_verb_morphology		candidate	not_detected
164	1corintios	4	8	1corintios-4-8-P03	ἐβασιλεύσατε	V-AAI-2P	2	P	confirmed	finite_verb_morphology	explicit_or_morphological	finite_verb_morphology		candidate	not_detected
165	1corintios	4	8	1corintios-4-8-P04	ἐβασιλεύσατε	V-AAI-2P	2	P	confirmed	finite_verb_morphology	explicit_or_morphological	finite_verb_morphology		candidate	not_detected
166	1corintios	4	8	1corintios-4-8-P05	συμβασιλεύσωμεν	V-AAS-1P	1	P	confirmed	finite_verb_morphology	explicit_or_morphological	finite_verb_morphology		unresolved	candidate
167	1corintios	4	9	1corintios-4-9-P01	δοκῶ	V-PAI-1S	1	S	confirmed	finite_verb_morphology	explicit_or_morphological	finite_verb_morphology		candidate	not_detected
168	1corintios	4	9	1corintios-4-9-P02	ἀπέδειξεν	V-AAI-3S	1	S	candidate	nearest_agreeing_nominative_no_visible_boundary	inherited	inheritance_allowed	1corintios-4-9-P01	candidate	not_detected
169	1corintios	4	9	1corintios-4-9-P03	ἐγενήθημεν	V-API-1P	1	P	confirmed	finite_verb_morphology	explicit_or_morphological	finite_verb_morphology		unresolved	candidate
170	1corintios	4	11	1corintios-4-11-P01	πεινῶμεν	V-PAI-1P	1	P	confirmed	finite_verb_morphology	explicit_or_morphological	finite_verb_morphology		candidate	not_detected
171	1corintios	4	11	1corintios-4-11-P02	διψῶμεν	V-PAI-1P	1	P	confirmed	finite_verb_morphology	explicit_or_morphological	finite_verb_morphology		candidate	not_detected
172	1corintios	4	11	1corintios-4-11-P03	γυμνιτεύομεν	V-PAI-1P	1	P	confirmed	finite_verb_morphology	explicit_or_morphological	finite_verb_morphology		candidate	not_detected
173	1corintios	4	11	1corintios-4-11-P04	κολαφιζόμεθα	V-PPI-1P	1	P	confirmed	finite_verb_morphology	explicit_or_morphological	finite_verb_morphology		candidate	not_detected
174	1corintios	4	11	1corintios-4-11-P05	ἀστατοῦμεν	V-PAI-1P	1	P	confirmed	finite_verb_morphology	explicit_or_morphological	finite_verb_morphology		candidate	not_detected
175	1corintios	4	12	1corintios-4-12-P01	κοπιῶμεν	V-PAI-1P	1	P	confirmed	finite_verb_morphology	explicit_or_morphological	finite_verb_morphology		candidate	not_detected
176	1corintios	4	12	1corintios-4-12-P02	εὐλογοῦμεν	V-PAI-1P	1	P	confirmed	finite_verb_morphology	explicit_or_morphological	finite_verb_morphology		candidate	not_detected
177	1corintios	4	12	1corintios-4-12-P03	ἀνεχόμεθα	V-PMI-1P	1	P	confirmed	finite_verb_morphology	explicit_or_morphological	finite_verb_morphology		candidate	not_detected
178	1corintios	4	13	1corintios-4-13-P01	παρακαλοῦμεν	V-PAI-1P	1	P	confirmed	finite_verb_morphology	explicit_or_morphological	finite_verb_morphology		candidate	not_detected
179	1corintios	4	13	1corintios-4-13-P02	ἐγενήθημεν	V-API-1P	1	P	confirmed	finite_verb_morphology	explicit_or_morphological	finite_verb_morphology		unresolved	candidate
180	1corintios	4	14	1corintios-4-14-P01	γράφω	V-PAI-1S	1	S	confirmed	finite_verb_morphology	explicit_or_morphological	finite_verb_morphology		candidate	not_detected
181	1corintios	4	15	1corintios-4-15-P01	ἔχητε	V-PAS-2P	2	P	confirmed	finite_verb_morphology	explicit_or_morphological	finite_verb_morphology		unresolved	candidate
182	1corintios	4	15	1corintios-4-15-P02	ἐγέννησα	V-AAI-1S	1	S	confirmed	finite_verb_morphology	explicit_or_morphological	finite_verb_morphology		candidate	not_detected
183	1corintios	4	16	1corintios-4-16-P01	παρακαλῶ	V-PAI-1S	1	S	confirmed	finite_verb_morphology	explicit_or_morphological	finite_verb_morphology		candidate	not_detected
184	1corintios	4	16	1corintios-4-16-P02	γίνεσθε	V-PMD-2P	2	P	confirmed	finite_verb_morphology	explicit_or_morphological	finite_verb_morphology		candidate	not_detected
185	1corintios	4	17	1corintios-4-17-P01	ἔπεμψα	V-AAI-1S	1	S	confirmed	finite_verb_morphology	explicit_or_morphological	finite_verb_morphology		candidate	not_detected
186	1corintios	4	17	1corintios-4-17-P02	ἐστίν	V-PAI-3S	1	S	candidate	nearest_agreeing_nominative_no_visible_boundary	inherited	inheritance_allowed	1corintios-4-17-P01	candidate	not_detected
187	1corintios	4	17	1corintios-4-17-P03	ἀναμνήσει	V-FAI-3S	1	S	candidate	nearest_agreeing_nominative_no_visible_boundary	inherited	inheritance_allowed	1corintios-4-17-P02	candidate	not_detected
188	1corintios	4	17	1corintios-4-17-P04	διδάσκω	V-PAI-1S	1	S	confirmed	finite_verb_morphology	explicit_or_morphological	finite_verb_morphology		unresolved	candidate
189	1corintios	4	18	1corintios-4-18-P01	ἐφυσιώθησάν	V-API-3P	3	P	confirmed	finite_verb_morphology	explicit_or_morphological	finite_verb_morphology		unresolved	candidate
190	1corintios	4	19	1corintios-4-19-P01	ἐλεύσομαι	V-FMI-1S	1	S	confirmed	finite_verb_morphology	explicit_or_morphological	finite_verb_morphology		candidate	not_detected
191	1corintios	4	19	1corintios-4-19-P02	θελήσῃ	V-AAS-3S	3	P	candidate	nearest_agreeing_nominative_no_visible_boundary	inherited	inheritance_allowed	1corintios-4-18-P01	unresolved	candidate
192	1corintios	4	19	1corintios-4-19-P03	γνώσομαι	V-FMI-1S	1	S	confirmed	finite_verb_morphology	explicit_or_morphological	finite_verb_morphology		candidate	not_detected
193	1corintios	4	21	1corintios-4-21-P01	θέλετε	V-PAI-2P	2	P	confirmed	finite_verb_morphology	explicit_or_morphological	finite_verb_morphology		candidate	not_detected
194	1corintios	4	21	1corintios-4-21-P02	ἔλθω	V-AAS-1S	1	S	confirmed	finite_verb_morphology	explicit_or_morphological	finite_verb_morphology		candidate	not_detected
195	1corintios	5	1	1corintios-5-1-P01	ἀκούεται	V-PPI-3S	3	S	confirmed	finite_verb_morphology	explicit_or_morphological	finite_verb_morphology		candidate	not_detected
196	1corintios	5	2	1corintios-5-2-P01	ἐστέ	V-PAI-2P	2	P	confirmed	finite_verb_morphology	explicit_or_morphological	finite_verb_morphology		candidate	not_detected
197	1corintios	5	2	1corintios-5-2-P02	ἐπενθήσατε	V-AAI-2P	2	P	confirmed	finite_verb_morphology	explicit_or_morphological	finite_verb_morphology		candidate	not_detected
198	1corintios	5	2	1corintios-5-2-P03	ἀρθῇ	V-APS-3S	3	S	confirmed	finite_verb_morphology	explicit_or_morphological	finite_verb_morphology		unresolved	candidate
199	1corintios	5	3	1corintios-5-3-P01	κέκρικα	V-XAI-1S	1	S	confirmed	finite_verb_morphology	explicit_or_morphological	finite_verb_morphology		candidate	not_detected
200	1corintios	5	5	1corintios-5-5-P01	σωθῇ	V-APS-3S	3	S	candidate	nearest_agreeing_nominative_no_visible_boundary	inherited	inheritance_allowed	1corintios-5-2-P03	unresolved	candidate
201	1corintios	5	6	1corintios-5-6-P01	οἴδατε	V-XAI-2P	2	P	confirmed	finite_verb_morphology	explicit_or_morphological	finite_verb_morphology		candidate	not_detected
202	1corintios	5	6	1corintios-5-6-P02	ζυμοῖ	V-PAI-3S	3	S	candidate	nearest_agreeing_nominative_no_visible_boundary	inherited	inheritance_allowed	1corintios-5-5-P01	unresolved	candidate
203	1corintios	5	7	1corintios-5-7-P01	ἐκκαθάρατε	V-AAD-2P	2	P	confirmed	finite_verb_morphology	explicit_or_morphological	finite_verb_morphology		candidate	not_detected
204	1corintios	5	7	1corintios-5-7-P02	ἦτε	V-PAS-2P	2	P	confirmed	finite_verb_morphology	explicit_or_morphological	finite_verb_morphology		unresolved	candidate
205	1corintios	5	7	1corintios-5-7-P03	ἐστε	V-PAI-2P	2	P	confirmed	finite_verb_morphology	explicit_or_morphological	finite_verb_morphology		unresolved	candidate
206	1corintios	5	7	1corintios-5-7-P04	ἐτύθη	V-API-3S	2	P	candidate	nearest_agreeing_nominative_no_visible_boundary	inherited	inheritance_allowed	1corintios-5-7-P01	candidate	not_detected
207	1corintios	5	8	1corintios-5-8-P01	ἑορτάζωμεν	V-PAS-1P	1	P	confirmed	finite_verb_morphology	explicit_or_morphological	finite_verb_morphology		unresolved	candidate
208	1corintios	5	9	1corintios-5-9-P01	ἔγραψα	V-AAI-1S	1	S	confirmed	finite_verb_morphology	explicit_or_morphological	finite_verb_morphology		candidate	not_detected
209	1corintios	5	10	1corintios-5-10-P01	ὠφείλετε	V-IAI-2P	2	P	confirmed	finite_verb_morphology	explicit_or_morphological	finite_verb_morphology		unresolved	candidate
210	1corintios	5	11	1corintios-5-11-P01	ἔγραψα	V-AAI-1S	1	S	confirmed	finite_verb_morphology	explicit_or_morphological	finite_verb_morphology		candidate	not_detected
211	1corintios	5	11	1corintios-5-11-P02	ᾖ	V-PAS-3S	2	P	candidate	nearest_agreeing_nominative_no_visible_boundary	inherited	inheritance_allowed	1corintios-5-10-P01	unresolved	candidate
212	1corintios	5	12	1corintios-5-12-P01	κρίνετε	V-PAI-2P	2	P	confirmed	finite_verb_morphology	explicit_or_morphological	finite_verb_morphology		candidate	not_detected
213	1corintios	5	13	1corintios-5-13-P01	κρίνει;	V-PAI-3S	2	P	candidate	nearest_agreeing_nominative_no_visible_boundary	inherited	inheritance_allowed	1corintios-5-12-P01	candidate	not_detected
214	1corintios	5	13	1corintios-5-13-P02	ἐξάρατε	V-AAD-2P	2	P	confirmed	finite_verb_morphology	explicit_or_morphological	finite_verb_morphology		candidate	not_detected
215	1corintios	6	1	1corintios-6-1-P01	τολμᾷ	V-PAI-3S	3	S	confirmed	finite_verb_morphology	explicit_or_morphological	finite_verb_morphology		candidate	not_detected
216	1corintios	6	2	1corintios-6-2-P01	οἴδατε	V-XAI-2P	2	P	confirmed	finite_verb_morphology	explicit_or_morphological	finite_verb_morphology		candidate	not_detected
217	1corintios	6	2	1corintios-6-2-P02	κρινοῦσιν	V-FAI-3P			candidate	nearest_agreeing_nominative_no_visible_boundary	unresolved	no_valid_inheritance		unresolved	candidate
218	1corintios	6	2	1corintios-6-2-P03	κρίνεται	V-PPI-3S	3	S	confirmed	finite_verb_morphology	explicit_or_morphological	finite_verb_morphology		unresolved	candidate
219	1corintios	6	2	1corintios-6-2-P04	ἐστε	V-PAI-2P	2	P	confirmed	finite_verb_morphology	explicit_or_morphological	finite_verb_morphology		candidate	not_detected
220	1corintios	6	3	1corintios-6-3-P01	οἴδατε	V-XAI-2P	2	P	confirmed	finite_verb_morphology	explicit_or_morphological	finite_verb_morphology		candidate	not_detected
221	1corintios	6	3	1corintios-6-3-P02	κρινοῦμεν	V-FAI-1P	1	P	confirmed	finite_verb_morphology	explicit_or_morphological	finite_verb_morphology		unresolved	candidate
222	1corintios	6	4	1corintios-6-4-P01	ἔχητε	V-PAS-2P	2	P	confirmed	finite_verb_morphology	explicit_or_morphological	finite_verb_morphology		unresolved	candidate
223	1corintios	6	4	1corintios-6-4-P02	καθίζετε	V-PAI-2P	2	P	confirmed	finite_verb_morphology	explicit_or_morphological	finite_verb_morphology		candidate	not_detected
224	1corintios	6	5	1corintios-6-5-P01	λέγω	V-PAI-1S	1	S	confirmed	finite_verb_morphology	explicit_or_morphological	finite_verb_morphology		candidate	not_detected
225	1corintios	6	5	1corintios-6-5-P02	ἔνι	V-PAI-3S	3	S	confirmed	finite_verb_morphology	explicit_or_morphological	finite_verb_morphology		candidate	not_detected
226	1corintios	6	5	1corintios-6-5-P03	δυνήσεται	V-FMI-3S	3	S	candidate	nearest_agreeing_nominative_no_visible_boundary	inherited	inheritance_allowed	1corintios-6-5-P02	candidate	not_detected
227	1corintios	6	6	1corintios-6-6-P01	κρίνεται	V-PPI-3S	3	S	candidate	nearest_agreeing_nominative_no_visible_boundary	inherited	inheritance_allowed	1corintios-6-5-P03	candidate	not_detected
228	1corintios	6	7	1corintios-6-7-P01	ἐστιν	V-PAI-3S	3	S	candidate	nearest_agreeing_nominative_no_visible_boundary	inherited	inheritance_allowed	1corintios-6-6-P01	candidate	not_detected
229	1corintios	6	7	1corintios-6-7-P02	ἔχετε	V-PAI-2P	2	P	confirmed	finite_verb_morphology	explicit_or_morphological	finite_verb_morphology		unresolved	candidate
230	1corintios	6	7	1corintios-6-7-P03	ἀδικεῖσθε	V-PPI-2P	2	P	confirmed	finite_verb_morphology	explicit_or_morphological	finite_verb_morphology		candidate	not_detected
231	1corintios	6	7	1corintios-6-7-P04	ἀποστερεῖσθε	V-PPI-2P	2	P	confirmed	finite_verb_morphology	explicit_or_morphological	finite_verb_morphology		candidate	not_detected
232	1corintios	6	8	1corintios-6-8-P01	ἀδικεῖτε	V-PAI-2P	2	P	confirmed	finite_verb_morphology	explicit_or_morphological	finite_verb_morphology		candidate	not_detected
233	1corintios	6	8	1corintios-6-8-P02	ἀποστερεῖτε	V-PAI-2P	2	P	confirmed	finite_verb_morphology	explicit_or_morphological	finite_verb_morphology		candidate	not_detected
234	1corintios	6	9	1corintios-6-9-P01	οἴδατε	V-XAI-2P	2	P	confirmed	finite_verb_morphology	explicit_or_morphological	finite_verb_morphology		candidate	not_detected
235	1corintios	6	9	1corintios-6-9-P02	κληρονομήσουσιν	V-FAI-3P			candidate	nearest_agreeing_nominative_no_visible_boundary	unresolved	no_valid_inheritance		unresolved	candidate
236	1corintios	6	9	1corintios-6-9-P03	πλανᾶσθε	V-PPD-2P	2	P	confirmed	finite_verb_morphology	explicit_or_morphological	finite_verb_morphology		candidate	not_detected
237	1corintios	6	10	1corintios-6-10-P01	κληρονομήσουσιν	V-FAI-3P	2	P	candidate	nearest_agreeing_nominative_no_visible_boundary	inherited	inheritance_allowed	1corintios-6-9-P03	candidate	not_detected
238	1corintios	6	11	1corintios-6-11-P01	ἦτε	V-IAI-2P	2	P	confirmed	finite_verb_morphology	explicit_or_morphological	finite_verb_morphology		candidate	not_detected
239	1corintios	6	11	1corintios-6-11-P02	ἀπελούσασθε	V-AMI-2P	2	P	confirmed	finite_verb_morphology	explicit_or_morphological	finite_verb_morphology		candidate	not_detected
240	1corintios	6	11	1corintios-6-11-P03	ἡγιάσθητε	V-API-2P	2	P	confirmed	finite_verb_morphology	explicit_or_morphological	finite_verb_morphology		candidate	not_detected
241	1corintios	6	11	1corintios-6-11-P04	ἐδικαιώθητε	V-API-2P	2	P	confirmed	finite_verb_morphology	explicit_or_morphological	finite_verb_morphology		candidate	not_detected
242	1corintios	6	12	1corintios-6-12-P01	ἔξεστιν	V-PAI-3S	2	P	candidate	nearest_agreeing_nominative_no_visible_boundary	inherited	inheritance_allowed	1corintios-6-11-P04	candidate	not_detected
243	1corintios	6	12	1corintios-6-12-P02	συμφέρει	V-PAI-3S	2	P	candidate	nearest_agreeing_nominative_no_visible_boundary	inherited	inheritance_allowed	1corintios-6-12-P01	candidate	not_detected
244	1corintios	6	12	1corintios-6-12-P03	ἔξεστιν	V-PAI-3S	2	P	candidate	nearest_agreeing_nominative_no_visible_boundary	inherited	inheritance_allowed	1corintios-6-12-P02	candidate	not_detected
245	1corintios	6	12	1corintios-6-12-P04	ἐξουσιασθήσομαι	V-FPI-1S	1	S	confirmed	finite_verb_morphology	explicit_or_morphological	finite_verb_morphology		candidate	not_detected
246	1corintios	6	13	1corintios-6-13-P01	καταργήσει	V-FAI-3S	3	S	confirmed	finite_verb_morphology	explicit_or_morphological	finite_verb_morphology		candidate	not_detected
247	1corintios	6	14	1corintios-6-14-P01	ἤγειρεν	V-AAI-3S	3	S	confirmed	finite_verb_morphology	explicit_or_morphological	finite_verb_morphology		candidate	not_detected
248	1corintios	6	14	1corintios-6-14-P02	ἐξεγερεῖ	V-FAI-3S	3	S	confirmed	finite_verb_morphology	explicit_or_morphological	finite_verb_morphology		candidate	not_detected
249	1corintios	6	15	1corintios-6-15-P01	οἴδατε	V-XAI-2P	2	P	confirmed	finite_verb_morphology	explicit_or_morphological	finite_verb_morphology		candidate	not_detected
250	1corintios	6	15	1corintios-6-15-P02	ἐστιν	V-PAI-3S			candidate	nearest_agreeing_nominative_no_visible_boundary	unresolved	no_valid_inheritance		unresolved	candidate
251	1corintios	6	15	1corintios-6-15-P03	ποιήσω	V-AAS-1S	1	S	confirmed	finite_verb_morphology	explicit_or_morphological	finite_verb_morphology		candidate	not_detected
252	1corintios	6	15	1corintios-6-15-P04	γένοιτο	V-AMO-3S	3	S	confirmed	finite_verb_morphology	explicit_or_morphological	finite_verb_morphology		candidate	not_detected
253	1corintios	6	16	1corintios-6-16-P01	οἴδατε	V-XAI-2P	2	P	confirmed	finite_verb_morphology	explicit_or_morphological	finite_verb_morphology		candidate	not_detected
254	1corintios	6	16	1corintios-6-16-P02	ἐστιν	V-PAI-3S			candidate	nearest_agreeing_nominative_no_visible_boundary	unresolved	no_valid_inheritance		unresolved	candidate
255	1corintios	6	16	1corintios-6-16-P03	ἔσονται	V-FMI-3P	3	P	confirmed	finite_verb_morphology	explicit_or_morphological	finite_verb_morphology		candidate	not_detected
256	1corintios	6	16	1corintios-6-16-P04	φησίν	V-PAI-3S	3	S	confirmed	finite_verb_morphology	explicit_or_morphological	finite_verb_morphology		candidate	not_detected
257	1corintios	6	17	1corintios-6-17-P01	ἐστιν	V-PAI-3S	3	S	candidate	nearest_agreeing_nominative_no_visible_boundary	inherited	inheritance_allowed	1corintios-6-16-P04	candidate	not_detected
258	1corintios	6	18	1corintios-6-18-P01	φεύγετε	V-PAD-2P	2	P	confirmed	finite_verb_morphology	explicit_or_morphological	finite_verb_morphology		candidate	not_detected
259	1corintios	6	18	1corintios-6-18-P02	ποιήσῃ	V-AAS-3S			candidate	nearest_agreeing_nominative_no_visible_boundary	unresolved	no_valid_inheritance		unresolved	candidate
260	1corintios	6	18	1corintios-6-18-P03	ἐστιν	V-PAI-3S	2	P	candidate	nearest_agreeing_nominative_no_visible_boundary	inherited	inheritance_allowed	1corintios-6-18-P01	candidate	not_detected
261	1corintios	6	18	1corintios-6-18-P04	ἁμαρτάνει	V-PAI-3S	3	S	confirmed	finite_verb_morphology	explicit_or_morphological	finite_verb_morphology		candidate	not_detected
262	1corintios	6	19	1corintios-6-19-P01	οἴδατε	V-XAI-2P	2	P	confirmed	finite_verb_morphology	explicit_or_morphological	finite_verb_morphology		candidate	not_detected
263	1corintios	6	19	1corintios-6-19-P02	ἐστιν	V-PAI-3S			candidate	nearest_agreeing_nominative_no_visible_boundary	unresolved	no_valid_inheritance		unresolved	candidate
264	1corintios	6	19	1corintios-6-19-P03	ἔχετε	V-PAI-2P	2	P	confirmed	finite_verb_morphology	explicit_or_morphological	finite_verb_morphology		candidate	not_detected
265	1corintios	6	19	1corintios-6-19-P04	ἐστὲ	V-PAI-2P	2	P	confirmed	finite_verb_morphology	explicit_or_morphological	finite_verb_morphology		candidate	not_detected
266	1corintios	6	20	1corintios-6-20-P01	ἠγοράσθητε	V-API-2P	2	P	confirmed	finite_verb_morphology	explicit_or_morphological	finite_verb_morphology		candidate	not_detected
267	1corintios	6	20	1corintios-6-20-P02	δοξάσατε	V-AAD-2P	2	P	confirmed	finite_verb_morphology	explicit_or_morphological	finite_verb_morphology		candidate	not_detected
268	1corintios	7	1	1corintios-7-1-P01	ἐγράψατε	V-AAI-2P	2	P	confirmed	finite_verb_morphology	explicit_or_morphological	finite_verb_morphology		candidate	not_detected
269	1corintios	7	2	1corintios-7-2-P01	ἐχέτω	V-PAD-3S	2	P	candidate	nearest_agreeing_nominative_no_visible_boundary	inherited	inheritance_allowed	1corintios-7-1-P01	candidate	not_detected
270	1corintios	7	2	1corintios-7-2-P02	ἐχέτω	V-PAD-3S	2	P	candidate	nearest_agreeing_nominative_no_visible_boundary	inherited	inheritance_allowed	1corintios-7-2-P01	candidate	not_detected
271	1corintios	7	3	1corintios-7-3-P01	ἀποδιδότω	V-PAD-3S	2	P	candidate	nearest_agreeing_nominative_no_visible_boundary	inherited	inheritance_allowed	1corintios-7-2-P02	candidate	not_detected
272	1corintios	7	4	1corintios-7-4-P01	ἐξουσιάζει	V-PAI-3S	2	P	candidate	nearest_agreeing_nominative_no_visible_boundary	inherited	inheritance_allowed	1corintios-7-3-P01	candidate	not_detected
273	1corintios	7	4	1corintios-7-4-P02	ἐξουσιάζει	V-PAI-3S	2	P	candidate	nearest_agreeing_nominative_no_visible_boundary	inherited	inheritance_allowed	1corintios-7-4-P01	candidate	not_detected
274	1corintios	7	5	1corintios-7-5-P01	ἀποστερεῖτε	V-PAD-2P	2	P	confirmed	finite_verb_morphology	explicit_or_morphological	finite_verb_morphology		candidate	not_detected
275	1corintios	7	5	1corintios-7-5-P02	σχολάσητε	V-AAS-2P	2	P	confirmed	finite_verb_morphology	explicit_or_morphological	finite_verb_morphology		unresolved	candidate
276	1corintios	7	5	1corintios-7-5-P03	ἦτε	V-PAS-2P	2	P	confirmed	finite_verb_morphology	explicit_or_morphological	finite_verb_morphology		candidate	not_detected
277	1corintios	7	5	1corintios-7-5-P04	πειράζῃ	V-PAS-3S	3	S	confirmed	finite_verb_morphology	explicit_or_morphological	finite_verb_morphology		unresolved	candidate
278	1corintios	7	6	1corintios-7-6-P01	λέγω	V-PAI-1S	1	S	confirmed	finite_verb_morphology	explicit_or_morphological	finite_verb_morphology		candidate	not_detected
279	1corintios	7	7	1corintios-7-7-P01	θέλω	V-PAI-1S	1	S	confirmed	finite_verb_morphology	explicit_or_morphological	finite_verb_morphology		candidate	not_detected
280	1corintios	7	7	1corintios-7-7-P02	ἔχει	V-PAI-3S	3	S	candidate	nearest_agreeing_nominative_no_visible_boundary	inherited	inheritance_allowed	1corintios-7-5-P04	unresolved	candidate
281	1corintios	7	8	1corintios-7-8-P01	λέγω	V-PAI-1S	1	S	confirmed	finite_verb_morphology	explicit_or_morphological	finite_verb_morphology		candidate	not_detected
282	1corintios	7	8	1corintios-7-8-P02	μείνωσιν	V-AAS-3P	3	P	confirmed	finite_verb_morphology	explicit_or_morphological	finite_verb_morphology		unresolved	candidate
283	1corintios	7	9	1corintios-7-9-P01	ἐγκρατεύονται	V-PMI-3P	3	P	confirmed	finite_verb_morphology	explicit_or_morphological	finite_verb_morphology		unresolved	candidate
284	1corintios	7	9	1corintios-7-9-P02	γαμησάτωσαν	V-AAD-3P	3	P	confirmed	finite_verb_morphology	explicit_or_morphological	finite_verb_morphology		candidate	not_detected
285	1corintios	7	9	1corintios-7-9-P03	ἐστιν	V-PAI-3S	3	S	confirmed	finite_verb_morphology	explicit_or_morphological	finite_verb_morphology		candidate	not_detected
286	1corintios	7	10	1corintios-7-10-P01	παραγγέλλω	V-PAI-1S	1	S	confirmed	finite_verb_morphology	explicit_or_morphological	finite_verb_morphology		candidate	not_detected
287	1corintios	7	11	1corintios-7-11-P01	χωρισθῇ	V-APS-3S	3	S	confirmed	finite_verb_morphology	explicit_or_morphological	finite_verb_morphology		unresolved	candidate
288	1corintios	7	11	1corintios-7-11-P02	μενέτω	V-PAD-3S	3	S	confirmed	finite_verb_morphology	explicit_or_morphological	finite_verb_morphology		candidate	not_detected
289	1corintios	7	11	1corintios-7-11-P03	καταλλαγήτω—	V-APD-3S	3	S	confirmed	finite_verb_morphology	explicit_or_morphological	finite_verb_morphology		candidate	not_detected
290	1corintios	7	12	1corintios-7-12-P01	λέγω	V-PAI-1S	1	S	confirmed	finite_verb_morphology	explicit_or_morphological	finite_verb_morphology		candidate	not_detected
291	1corintios	7	12	1corintios-7-12-P02	ἔχει	V-PAI-3S			candidate	nearest_agreeing_nominative_no_visible_boundary	unresolved	no_valid_inheritance		unresolved	candidate
292	1corintios	7	12	1corintios-7-12-P03	συνευδοκεῖ	V-PAI-3S	1	S	candidate	nearest_agreeing_nominative_no_visible_boundary	inherited	inheritance_allowed	1corintios-7-12-P01	candidate	not_detected
293	1corintios	7	12	1corintios-7-12-P04	ἀφιέτω	V-PAD-3S	3	S	confirmed	finite_verb_morphology	explicit_or_morphological	finite_verb_morphology		candidate	not_detected
294	1corintios	7	13	1corintios-7-13-P01	ἔχει	V-PAI-3S			candidate	nearest_agreeing_nominative_no_visible_boundary	unresolved	no_valid_inheritance		unresolved	candidate
295	1corintios	7	13	1corintios-7-13-P02	συνευδοκεῖ	V-PAI-3S	3	S	candidate	nearest_agreeing_nominative_no_visible_boundary	inherited	inheritance_allowed	1corintios-7-12-P04	candidate	not_detected
296	1corintios	7	13	1corintios-7-13-P03	ἀφιέτω	V-PAD-3S	3	S	confirmed	finite_verb_morphology	explicit_or_morphological	finite_verb_morphology		candidate	not_detected
297	1corintios	7	14	1corintios-7-14-P01	ἡγίασται	V-XPI-3S	3	S	confirmed	finite_verb_morphology	explicit_or_morphological	finite_verb_morphology		candidate	not_detected
298	1corintios	7	14	1corintios-7-14-P02	ἡγίασται	V-XPI-3S	3	S	confirmed	finite_verb_morphology	explicit_or_morphological	finite_verb_morphology		candidate	not_detected
299	1corintios	7	14	1corintios-7-14-P03	ἐστιν	V-PAI-3S			candidate	nearest_agreeing_nominative_no_visible_boundary	unresolved	no_valid_inheritance		unresolved	candidate
300	1corintios	7	14	1corintios-7-14-P04	ἐστιν	V-PAI-3S	3	S	candidate	nearest_agreeing_nominative_no_visible_boundary	inherited	inheritance_allowed	1corintios-7-14-P02	candidate	not_detected
301	1corintios	7	15	1corintios-7-15-P01	χωρίζεται	V-PPI-3S			candidate	nearest_agreeing_nominative_no_visible_boundary	unresolved	no_valid_inheritance		unresolved	candidate
302	1corintios	7	15	1corintios-7-15-P02	χωριζέσθω	V-PPD-3S	3	S	confirmed	finite_verb_morphology	explicit_or_morphological	finite_verb_morphology		candidate	not_detected
303	1corintios	7	15	1corintios-7-15-P03	δεδούλωται	V-XPI-3S	3	S	confirmed	finite_verb_morphology	explicit_or_morphological	finite_verb_morphology		candidate	not_detected
304	1corintios	7	15	1corintios-7-15-P04	κέκληκεν	V-XAI-3S	3	S	confirmed	finite_verb_morphology	explicit_or_morphological	finite_verb_morphology		candidate	not_detected
305	1corintios	7	16	1corintios-7-16-P01	οἶδας	V-XAI-2S	2	S	confirmed	finite_verb_morphology	explicit_or_morphological	finite_verb_morphology		candidate	not_detected
306	1corintios	7	16	1corintios-7-16-P02	σώσεις	V-FAI-2S	2	S	confirmed	finite_verb_morphology	explicit_or_morphological	finite_verb_morphology		unresolved	candidate
307	1corintios	7	16	1corintios-7-16-P03	οἶδας	V-XAI-2S	2	S	confirmed	finite_verb_morphology	explicit_or_morphological	finite_verb_morphology		candidate	not_detected
308	1corintios	7	16	1corintios-7-16-P04	σώσεις	V-FAI-2S	2	S	confirmed	finite_verb_morphology	explicit_or_morphological	finite_verb_morphology		unresolved	candidate
309	1corintios	7	17	1corintios-7-17-P01	ἐμέρισεν	V-AAI-3S	3	S	confirmed	finite_verb_morphology	explicit_or_morphological	finite_verb_morphology		unresolved	candidate
310	1corintios	7	17	1corintios-7-17-P02	κέκληκεν	V-XAI-3S	3	S	candidate	nearest_agreeing_nominative_no_visible_boundary	inherited	inheritance_allowed	1corintios-7-17-P01	unresolved	candidate
311	1corintios	7	17	1corintios-7-17-P03	περιπατείτω	V-PAD-3S			candidate	nearest_agreeing_nominative_no_visible_boundary	unresolved	no_valid_inheritance		candidate	not_detected
312	1corintios	7	17	1corintios-7-17-P04	διατάσσομαι	V-PMI-1S	1	S	confirmed	finite_verb_morphology	explicit_or_morphological	finite_verb_morphology		candidate	not_detected
313	1corintios	7	18	1corintios-7-18-P01	ἐκλήθη;	V-API-3S	1	S	candidate	nearest_agreeing_nominative_no_visible_boundary	inherited	inheritance_allowed	1corintios-7-17-P04	candidate	not_detected
314	1corintios	7	18	1corintios-7-18-P02	ἐπισπάσθω	V-PMD-3S	3	S	confirmed	finite_verb_morphology	explicit_or_morphological	finite_verb_morphology		candidate	not_detected
315	1corintios	7	18	1corintios-7-18-P03	κέκληταί	V-XPI-3S	3	S	confirmed	finite_verb_morphology	explicit_or_morphological	finite_verb_morphology		candidate	not_detected
316	1corintios	7	18	1corintios-7-18-P04	περιτεμνέσθω	V-PPD-3S	3	S	candidate	nearest_agreeing_nominative_no_visible_boundary	inherited	inheritance_allowed	1corintios-7-18-P03	candidate	not_detected
317	1corintios	7	19	1corintios-7-19-P01	ἐστιν	V-PAI-3S	3	S	candidate	nearest_agreeing_nominative_no_visible_boundary	inherited	inheritance_allowed	1corintios-7-18-P04	candidate	not_detected
318	1corintios	7	19	1corintios-7-19-P02	ἐστιν	V-PAI-3S	3	S	candidate	nearest_agreeing_nominative_no_visible_boundary	inherited	inheritance_allowed	1corintios-7-19-P01	candidate	not_detected
319	1corintios	7	20	1corintios-7-20-P01	ἐκλήθη	V-API-3S	3	S	confirmed	finite_verb_morphology	explicit_or_morphological	finite_verb_morphology		candidate	not_detected
320	1corintios	7	20	1corintios-7-20-P02	μενέτω	V-PAD-3S	3	S	confirmed	finite_verb_morphology	explicit_or_morphological	finite_verb_morphology		candidate	not_detected
321	1corintios	7	21	1corintios-7-21-P01	ἐκλήθης;	V-API-2S	2	S	confirmed	finite_verb_morphology	explicit_or_morphological	finite_verb_morphology		candidate	not_detected
322	1corintios	7	21	1corintios-7-21-P02	μελέτω	V-PAD-3S	3	S	confirmed	finite_verb_morphology	explicit_or_morphological	finite_verb_morphology		candidate	not_detected
323	1corintios	7	21	1corintios-7-21-P03	δύνασαι	V-PMI-2S	2	S	confirmed	finite_verb_morphology	explicit_or_morphological	finite_verb_morphology		unresolved	candidate
324	1corintios	7	21	1corintios-7-21-P04	χρῆσαι	V-AMD-2S	2	S	confirmed	finite_verb_morphology	explicit_or_morphological	finite_verb_morphology		candidate	not_detected
325	1corintios	7	22	1corintios-7-22-P01	ἐστίν	V-PAI-3S	2	S	candidate	nearest_agreeing_nominative_no_visible_boundary	inherited	inheritance_allowed	1corintios-7-21-P04	candidate	not_detected
326	1corintios	7	22	1corintios-7-22-P02	ἐστιν	V-PAI-3S	2	S	candidate	nearest_agreeing_nominative_no_visible_boundary	inherited	inheritance_allowed	1corintios-7-22-P01	candidate	not_detected
327	1corintios	7	23	1corintios-7-23-P01	ἠγοράσθητε	V-API-2P	2	P	confirmed	finite_verb_morphology	explicit_or_morphological	finite_verb_morphology		candidate	not_detected
328	1corintios	7	23	1corintios-7-23-P02	γίνεσθε	V-PMD-2P	2	P	confirmed	finite_verb_morphology	explicit_or_morphological	finite_verb_morphology		candidate	not_detected
329	1corintios	7	24	1corintios-7-24-P01	ἐκλήθη	V-API-3S	2	P	candidate	nearest_agreeing_nominative_no_visible_boundary	inherited	inheritance_allowed	1corintios-7-23-P02	candidate	not_detected
330	1corintios	7	24	1corintios-7-24-P02	μενέτω	V-PAD-3S	3	S	confirmed	finite_verb_morphology	explicit_or_morphological	finite_verb_morphology		candidate	not_detected
331	1corintios	7	25	1corintios-7-25-P01	ἔχω	V-PAI-1S	1	S	confirmed	finite_verb_morphology	explicit_or_morphological	finite_verb_morphology		candidate	not_detected
332	1corintios	7	25	1corintios-7-25-P02	δίδωμι	V-PAI-1S	1	S	confirmed	finite_verb_morphology	explicit_or_morphological	finite_verb_morphology		candidate	not_detected
333	1corintios	7	26	1corintios-7-26-P01	νομίζω	V-PAI-1S	1	S	confirmed	finite_verb_morphology	explicit_or_morphological	finite_verb_morphology		candidate	not_detected
334	1corintios	7	27	1corintios-7-27-P01	δέδεσαι	V-XPI-2S	2	S	confirmed	finite_verb_morphology	explicit_or_morphological	finite_verb_morphology		candidate	not_detected
335	1corintios	7	27	1corintios-7-27-P02	ζήτει	V-PAD-2S	2	S	confirmed	finite_verb_morphology	explicit_or_morphological	finite_verb_morphology		candidate	not_detected
336	1corintios	7	27	1corintios-7-27-P03	λέλυσαι	V-XPI-2S	2	S	confirmed	finite_verb_morphology	explicit_or_morphological	finite_verb_morphology		candidate	not_detected
337	1corintios	7	27	1corintios-7-27-P04	ζήτει	V-PAD-2S	2	S	confirmed	finite_verb_morphology	explicit_or_morphological	finite_verb_morphology		candidate	not_detected
338	1corintios	7	28	1corintios-7-28-P01	γαμήσῃς	V-AAS-2S	2	S	confirmed	finite_verb_morphology	explicit_or_morphological	finite_verb_morphology		unresolved	candidate
339	1corintios	7	28	1corintios-7-28-P02	ἥμαρτες	V-AAI-2S	2	S	confirmed	finite_verb_morphology	explicit_or_morphological	finite_verb_morphology		candidate	not_detected
340	1corintios	7	28	1corintios-7-28-P03	γήμῃ	V-AAS-3S	3	S	confirmed	finite_verb_morphology	explicit_or_morphological	finite_verb_morphology		unresolved	candidate
341	1corintios	7	28	1corintios-7-28-P04	ἥμαρτεν	V-AAI-3S	2	S	candidate	nearest_agreeing_nominative_no_visible_boundary	inherited	inheritance_allowed	1corintios-7-28-P02	candidate	not_detected
342	1corintios	7	28	1corintios-7-28-P05	ἕξουσιν	V-FAI-3P	3	P	confirmed	finite_verb_morphology	explicit_or_morphological	finite_verb_morphology		candidate	not_detected
343	1corintios	7	28	1corintios-7-28-P06	φείδομαι	V-PMI-1S	1	S	confirmed	finite_verb_morphology	explicit_or_morphological	finite_verb_morphology		candidate	not_detected
344	1corintios	7	29	1corintios-7-29-P01	φημι	V-PAI-1S	1	S	confirmed	finite_verb_morphology	explicit_or_morphological	finite_verb_morphology		candidate	not_detected
345	1corintios	7	29	1corintios-7-29-P02	ἐστίν	V-PAI-3S	1	S	candidate	nearest_agreeing_nominative_no_visible_boundary	inherited	inheritance_allowed	1corintios-7-29-P01	candidate	not_detected
346	1corintios	7	29	1corintios-7-29-P03	ὦσιν	V-PAS-3P			candidate	nearest_agreeing_nominative_no_visible_boundary	unresolved	no_valid_inheritance		unresolved	candidate
347	1corintios	7	31	1corintios-7-31-P01	παράγει	V-PAI-3S	3	S	confirmed	finite_verb_morphology	explicit_or_morphological	finite_verb_morphology		unresolved	candidate
348	1corintios	7	32	1corintios-7-32-P01	θέλω	V-PAI-1S	1	S	confirmed	finite_verb_morphology	explicit_or_morphological	finite_verb_morphology		candidate	not_detected
349	1corintios	7	32	1corintios-7-32-P02	μεριμνᾷ	V-PAI-3S	1	S	candidate	nearest_agreeing_nominative_no_visible_boundary	inherited	inheritance_allowed	1corintios-7-32-P01	candidate	not_detected
350	1corintios	7	32	1corintios-7-32-P03	ἀρέσῃ	V-AAS-3S	3	S	confirmed	finite_verb_morphology	explicit_or_morphological	finite_verb_morphology		candidate	not_detected
351	1corintios	7	33	1corintios-7-33-P01	μεριμνᾷ	V-PAI-3S	3	S	confirmed	finite_verb_morphology	explicit_or_morphological	finite_verb_morphology		candidate	not_detected
352	1corintios	7	33	1corintios-7-33-P02	ἀρέσῃ	V-AAS-3S	3	S	confirmed	finite_verb_morphology	explicit_or_morphological	finite_verb_morphology		candidate	not_detected
353	1corintios	7	34	1corintios-7-34-P01	μεμέρισται	V-XPI-3S	3	S	confirmed	finite_verb_morphology	explicit_or_morphological	finite_verb_morphology		candidate	not_detected
354	1corintios	7	34	1corintios-7-34-P02	μεριμνᾷ	V-PAI-3S	3	S	candidate	nearest_agreeing_nominative_no_visible_boundary	inherited	inheritance_allowed	1corintios-7-34-P01	candidate	not_detected
355	1corintios	7	34	1corintios-7-34-P03	ᾖ	V-PAS-3S	3	S	confirmed	finite_verb_morphology	explicit_or_morphological	finite_verb_morphology		unresolved	candidate
356	1corintios	7	34	1corintios-7-34-P04	μεριμνᾷ	V-PAI-3S	3	S	confirmed	finite_verb_morphology	explicit_or_morphological	finite_verb_morphology		candidate	not_detected
357	1corintios	7	34	1corintios-7-34-P05	ἀρέσῃ	V-AAS-3S	3	S	confirmed	finite_verb_morphology	explicit_or_morphological	finite_verb_morphology		candidate	not_detected
358	1corintios	7	35	1corintios-7-35-P01	λέγω	V-PAI-1S	1	S	confirmed	finite_verb_morphology	explicit_or_morphological	finite_verb_morphology		candidate	not_detected
359	1corintios	7	35	1corintios-7-35-P02	ἐπιβάλω	V-AAS-1S	1	S	confirmed	finite_verb_morphology	explicit_or_morphological	finite_verb_morphology		unresolved	candidate
360	1corintios	7	36	1corintios-7-36-P01	νομίζει	V-PAI-3S	1	S	candidate	nearest_agreeing_nominative_no_visible_boundary	inherited	inheritance_allowed	1corintios-7-35-P02	unresolved	candidate
361	1corintios	7	36	1corintios-7-36-P02	ᾖ	V-PAS-3S	3	S	confirmed	finite_verb_morphology	explicit_or_morphological	finite_verb_morphology		unresolved	candidate
362	1corintios	7	36	1corintios-7-36-P03	ὀφείλει	V-PAI-3S	3	S	confirmed	finite_verb_morphology	explicit_or_morphological	finite_verb_morphology		candidate	not_detected
363	1corintios	7	36	1corintios-7-36-P04	θέλει	V-PAI-3S	3	S	confirmed	finite_verb_morphology	explicit_or_morphological	finite_verb_morphology		candidate	not_detected
364	1corintios	7	36	1corintios-7-36-P05	ποιείτω	V-PAD-3S	3	S	confirmed	finite_verb_morphology	explicit_or_morphological	finite_verb_morphology		candidate	not_detected
365	1corintios	7	36	1corintios-7-36-P06	ἁμαρτάνει	V-PAI-3S	3	S	confirmed	finite_verb_morphology	explicit_or_morphological	finite_verb_morphology		candidate	not_detected
366	1corintios	7	36	1corintios-7-36-P07	γαμείτωσαν	V-PAD-3P	3	P	confirmed	finite_verb_morphology	explicit_or_morphological	finite_verb_morphology		candidate	not_detected
367	1corintios	7	37	1corintios-7-37-P01	ἕστηκεν	V-XAI-3S	3	S	confirmed	finite_verb_morphology	explicit_or_morphological	finite_verb_morphology		candidate	not_detected
368	1corintios	7	37	1corintios-7-37-P02	ἔχει	V-PAI-3S	3	S	confirmed	finite_verb_morphology	explicit_or_morphological	finite_verb_morphology		candidate	not_detected
369	1corintios	7	37	1corintios-7-37-P03	κέκρικεν	V-XAI-3S	3	S	confirmed	finite_verb_morphology	explicit_or_morphological	finite_verb_morphology		candidate	not_detected
370	1corintios	7	37	1corintios-7-37-P04	ποιήσει	V-FAI-3S	3	S	confirmed	finite_verb_morphology	explicit_or_morphological	finite_verb_morphology		candidate	not_detected
371	1corintios	7	38	1corintios-7-38-P01	ποιεῖ	V-PAI-3S			candidate	nearest_agreeing_nominative_no_visible_boundary	unresolved	no_valid_inheritance		unresolved	candidate
372	1corintios	7	38	1corintios-7-38-P02	ποιήσει	V-FAI-3S	3	S	candidate	nearest_agreeing_nominative_no_visible_boundary	inherited	inheritance_allowed	1corintios-7-37-P04	candidate	not_detected
373	1corintios	7	39	1corintios-7-39-P01	δέδεται	V-XPI-3S	3	S	candidate	nearest_agreeing_nominative_no_visible_boundary	inherited	inheritance_allowed	1corintios-7-38-P02	candidate	not_detected
374	1corintios	7	39	1corintios-7-39-P02	ζῇ	V-PAI-3S	3	S	confirmed	finite_verb_morphology	explicit_or_morphological	finite_verb_morphology		candidate	not_detected
375	1corintios	7	39	1corintios-7-39-P03	κοιμηθῇ	V-APS-3S	3	S	confirmed	finite_verb_morphology	explicit_or_morphological	finite_verb_morphology		unresolved	candidate
376	1corintios	7	39	1corintios-7-39-P04	ἐστὶν	V-PAI-3S	3	S	candidate	nearest_agreeing_nominative_no_visible_boundary	inherited	inheritance_allowed	1corintios-7-39-P02	candidate	not_detected
377	1corintios	7	39	1corintios-7-39-P05	θέλει	V-PAI-3S	3	S	confirmed	finite_verb_morphology	explicit_or_morphological	finite_verb_morphology		candidate	not_detected
378	1corintios	7	40	1corintios-7-40-P01	ἐστιν	V-PAI-3S	3	S	confirmed	finite_verb_morphology	explicit_or_morphological	finite_verb_morphology		candidate	not_detected
379	1corintios	7	40	1corintios-7-40-P02	μείνῃ	V-AAS-3S	3	S	confirmed	finite_verb_morphology	explicit_or_morphological	finite_verb_morphology		unresolved	candidate
380	1corintios	7	40	1corintios-7-40-P03	δοκῶ	V-PAI-1S	1	S	confirmed	finite_verb_morphology	explicit_or_morphological	finite_verb_morphology		candidate	not_detected
381	1corintios	8	1	1corintios-8-1-P01	οἴδαμεν	V-XAI-1P	1	P	confirmed	finite_verb_morphology	explicit_or_morphological	finite_verb_morphology		candidate	not_detected
382	1corintios	8	1	1corintios-8-1-P02	ἔχομεν	V-PAI-1P	1	P	confirmed	finite_verb_morphology	explicit_or_morphological	finite_verb_morphology		unresolved	candidate
383	1corintios	8	1	1corintios-8-1-P03	φυσιοῖ	V-PAI-3S	1	P	candidate	nearest_agreeing_nominative_no_visible_boundary	inherited	inheritance_allowed	1corintios-8-1-P01	candidate	not_detected
384	1corintios	8	1	1corintios-8-1-P04	οἰκοδομεῖ	V-PAI-3S	1	P	candidate	nearest_agreeing_nominative_no_visible_boundary	inherited	inheritance_allowed	1corintios-8-1-P03	candidate	not_detected
385	1corintios	8	2	1corintios-8-2-P01	δοκεῖ	V-PAI-3S	1	P	candidate	nearest_agreeing_nominative_no_visible_boundary	inherited	inheritance_allowed	1corintios-8-1-P02	unresolved	candidate
386	1corintios	8	2	1corintios-8-2-P02	ἔγνω	V-AAI-3S	3	S	confirmed	finite_verb_morphology	explicit_or_morphological	finite_verb_morphology		candidate	not_detected
387	1corintios	8	2	1corintios-8-2-P03	δεῖ	V-PAI-3S	3	S	confirmed	finite_verb_morphology	explicit_or_morphological	finite_verb_morphology		unresolved	candidate
388	1corintios	8	3	1corintios-8-3-P01	ἀγαπᾷ	V-PAI-3S	3	S	candidate	nearest_agreeing_nominative_no_visible_boundary	inherited	inheritance_allowed	1corintios-8-2-P03	unresolved	candidate
389	1corintios	8	3	1corintios-8-3-P02	ἔγνωσται	V-XPI-3S	3	S	candidate	nearest_agreeing_nominative_no_visible_boundary	inherited	inheritance_allowed	1corintios-8-2-P02	candidate	not_detected
390	1corintios	8	4	1corintios-8-4-P01	οἴδαμεν	V-XAI-1P	1	P	confirmed	finite_verb_morphology	explicit_or_morphological	finite_verb_morphology		candidate	not_detected
391	1corintios	8	5	1corintios-8-5-P01	εἰσὶν	V-PAI-3P	3	P	confirmed	finite_verb_morphology	explicit_or_morphological	finite_verb_morphology		candidate	not_detected
392	1corintios	8	5	1corintios-8-5-P02	εἰσὶν	V-PAI-3P	3	P	confirmed	finite_verb_morphology	explicit_or_morphological	finite_verb_morphology		candidate	not_detected
393	1corintios	8	7	1corintios-8-7-P01	ἐσθίουσιν	V-PAI-3P	3	P	confirmed	finite_verb_morphology	explicit_or_morphological	finite_verb_morphology		unresolved	candidate
394	1corintios	8	7	1corintios-8-7-P02	μολύνεται	V-PPI-3S	3	P	candidate	nearest_agreeing_nominative_no_visible_boundary	inherited	inheritance_allowed	1corintios-8-5-P02	candidate	not_detected
395	1corintios	8	8	1corintios-8-8-P01	παραστήσει	V-FAI-3S	3	S	confirmed	finite_verb_morphology	explicit_or_morphological	finite_verb_morphology		candidate	not_detected
396	1corintios	8	8	1corintios-8-8-P02	φάγωμεν	V-AAS-1P	1	P	confirmed	finite_verb_morphology	explicit_or_morphological	finite_verb_morphology		unresolved	candidate
397	1corintios	8	8	1corintios-8-8-P03	περισσεύομεν	V-PAI-1P	1	P	confirmed	finite_verb_morphology	explicit_or_morphological	finite_verb_morphology		candidate	not_detected
398	1corintios	8	8	1corintios-8-8-P04	φάγωμεν	V-AAS-1P	1	P	confirmed	finite_verb_morphology	explicit_or_morphological	finite_verb_morphology		unresolved	candidate
399	1corintios	8	8	1corintios-8-8-P05	ὑστερούμεθα	V-PPI-1P	1	P	confirmed	finite_verb_morphology	explicit_or_morphological	finite_verb_morphology		candidate	not_detected
400	1corintios	8	9	1corintios-8-9-P01	βλέπετε	V-PAD-2P	2	P	confirmed	finite_verb_morphology	explicit_or_morphological	finite_verb_morphology		candidate	not_detected
401	1corintios	8	9	1corintios-8-9-P02	γένηται	V-AMS-3S	2	P	candidate	nearest_agreeing_nominative_no_visible_boundary	inherited	inheritance_allowed	1corintios-8-9-P01	candidate	not_detected
402	1corintios	8	10	1corintios-8-10-P01	ἴδῃ	V-AAS-3S			candidate	nearest_agreeing_nominative_no_visible_boundary	unresolved	no_valid_inheritance		unresolved	candidate
403	1corintios	8	10	1corintios-8-10-P02	οἰκοδομηθήσεται	V-FPI-3S	2	P	candidate	nearest_agreeing_nominative_no_visible_boundary	inherited	inheritance_allowed	1corintios-8-9-P02	candidate	not_detected
404	1corintios	8	11	1corintios-8-11-P01	ἀπόλλυται	V-PPI-3S	3	S	confirmed	finite_verb_morphology	explicit_or_morphological	finite_verb_morphology		candidate	not_detected
405	1corintios	8	11	1corintios-8-11-P02	ἀπέθανεν	V-AAI-3S	3	S	candidate	nearest_agreeing_nominative_no_visible_boundary	inherited	inheritance_allowed	1corintios-8-11-P01	candidate	not_detected
406	1corintios	8	12	1corintios-8-12-P01	ἁμαρτάνετε	V-PAI-2P	2	P	confirmed	finite_verb_morphology	explicit_or_morphological	finite_verb_morphology		candidate	not_detected
407	1corintios	8	13	1corintios-8-13-P01	σκανδαλίζει	V-PAI-3S			candidate	nearest_agreeing_nominative_no_visible_boundary	unresolved	no_valid_inheritance		unresolved	candidate
408	1corintios	8	13	1corintios-8-13-P02	φάγω	V-AAS-1S	1	S	confirmed	finite_verb_morphology	explicit_or_morphological	finite_verb_morphology		candidate	not_detected
409	1corintios	8	13	1corintios-8-13-P03	σκανδαλίσω	V-AAS-1S	1	S	confirmed	finite_verb_morphology	explicit_or_morphological	finite_verb_morphology		unresolved	candidate
410	1corintios	9	1	1corintios-9-1-P01	εἰμὶ	V-PAI-1S	1	S	confirmed	finite_verb_morphology	explicit_or_morphological	finite_verb_morphology		candidate	not_detected
411	1corintios	9	1	1corintios-9-1-P02	εἰμὶ	V-PAI-1S	1	S	confirmed	finite_verb_morphology	explicit_or_morphological	finite_verb_morphology		candidate	not_detected
412	1corintios	9	1	1corintios-9-1-P03	ἑόρακα	V-XAI-1S	1	S	confirmed	finite_verb_morphology	explicit_or_morphological	finite_verb_morphology		candidate	not_detected
413	1corintios	9	1	1corintios-9-1-P04	ἐστε	V-PAI-2P	2	P	confirmed	finite_verb_morphology	explicit_or_morphological	finite_verb_morphology		candidate	not_detected
414	1corintios	9	2	1corintios-9-2-P01	εἰμὶ	V-PAI-1S	1	S	confirmed	finite_verb_morphology	explicit_or_morphological	finite_verb_morphology		unresolved	candidate
415	1corintios	9	2	1corintios-9-2-P02	εἰμι	V-PAI-1S	1	S	confirmed	finite_verb_morphology	explicit_or_morphological	finite_verb_morphology		candidate	not_detected
416	1corintios	9	2	1corintios-9-2-P03	ἐστε	V-PAI-2P	2	P	confirmed	finite_verb_morphology	explicit_or_morphological	finite_verb_morphology		candidate	not_detected
417	1corintios	9	3	1corintios-9-3-P01	ἐστιν	V-PAI-3S	2	P	candidate	nearest_agreeing_nominative_no_visible_boundary	inherited	inheritance_allowed	1corintios-9-2-P03	candidate	not_detected
418	1corintios	9	4	1corintios-9-4-P01	ἔχομεν	V-PAI-1P	1	P	confirmed	finite_verb_morphology	explicit_or_morphological	finite_verb_morphology		candidate	not_detected
419	1corintios	9	5	1corintios-9-5-P01	ἔχομεν	V-PAI-1P	1	P	confirmed	finite_verb_morphology	explicit_or_morphological	finite_verb_morphology		candidate	not_detected
420	1corintios	9	6	1corintios-9-6-P01	ἔχομεν	V-PAI-1P	1	P	confirmed	finite_verb_morphology	explicit_or_morphological	finite_verb_morphology		candidate	not_detected
421	1corintios	9	7	1corintios-9-7-P01	στρατεύεται	V-PMI-3S	1	P	candidate	nearest_agreeing_nominative_no_visible_boundary	inherited	inheritance_allowed	1corintios-9-6-P01	candidate	not_detected
422	1corintios	9	7	1corintios-9-7-P02	φυτεύει	V-PAI-3S	1	P	candidate	nearest_agreeing_nominative_no_visible_boundary	inherited	inheritance_allowed	1corintios-9-7-P01	candidate	not_detected
423	1corintios	9	7	1corintios-9-7-P03	ἐσθίει	V-PAI-3S	3	S	confirmed	finite_verb_morphology	explicit_or_morphological	finite_verb_morphology		candidate	not_detected
424	1corintios	9	7	1corintios-9-7-P04	ποιμαίνει	V-PAI-3S	3	S	candidate	nearest_agreeing_nominative_no_visible_boundary	inherited	inheritance_allowed	1corintios-9-7-P03	candidate	not_detected
425	1corintios	9	7	1corintios-9-7-P05	ἐσθίει	V-PAI-3S	3	S	confirmed	finite_verb_morphology	explicit_or_morphological	finite_verb_morphology		candidate	not_detected
426	1corintios	9	8	1corintios-9-8-P01	λαλῶ	V-PAI-1S	1	S	confirmed	finite_verb_morphology	explicit_or_morphological	finite_verb_morphology		candidate	not_detected
427	1corintios	9	8	1corintios-9-8-P02	λέγει	V-PAI-3S	1	S	candidate	nearest_agreeing_nominative_no_visible_boundary	inherited	inheritance_allowed	1corintios-9-8-P01	candidate	not_detected
428	1corintios	9	9	1corintios-9-9-P01	γέγραπται	V-XPI-3S	3	S	confirmed	finite_verb_morphology	explicit_or_morphological	finite_verb_morphology		candidate	not_detected
429	1corintios	9	9	1corintios-9-9-P02	κημώσεις	V-FAI-2S	2	S	confirmed	finite_verb_morphology	explicit_or_morphological	finite_verb_morphology		candidate	not_detected
430	1corintios	9	9	1corintios-9-9-P03	μέλει	V-PAI-3S	3	S	confirmed	finite_verb_morphology	explicit_or_morphological	finite_verb_morphology		candidate	not_detected
431	1corintios	9	10	1corintios-9-10-P01	λέγει	V-PAI-3S	3	S	confirmed	finite_verb_morphology	explicit_or_morphological	finite_verb_morphology		candidate	not_detected
432	1corintios	9	10	1corintios-9-10-P02	ἐγράφη	V-API-3S	3	S	confirmed	finite_verb_morphology	explicit_or_morphological	finite_verb_morphology		candidate	not_detected
433	1corintios	9	10	1corintios-9-10-P03	ὀφείλει	V-PAI-3S	3	S	confirmed	finite_verb_morphology	explicit_or_morphological	finite_verb_morphology		unresolved	candidate
434	1corintios	9	11	1corintios-9-11-P01	ἐσπείραμεν	V-AAI-1P	1	P	confirmed	finite_verb_morphology	explicit_or_morphological	finite_verb_morphology		unresolved	candidate
435	1corintios	9	11	1corintios-9-11-P02	θερίσομεν	V-FAI-1P	1	P	confirmed	finite_verb_morphology	explicit_or_morphological	finite_verb_morphology		unresolved	candidate
436	1corintios	9	12	1corintios-9-12-P01	μετέχουσιν	V-PAI-3P	1	P	candidate	nearest_agreeing_nominative_no_visible_boundary	inherited	inheritance_allowed	1corintios-9-11-P02	unresolved	candidate
437	1corintios	9	12	1corintios-9-12-P02	ἐχρησάμεθα	V-AMI-1P	1	P	confirmed	finite_verb_morphology	explicit_or_morphological	finite_verb_morphology		candidate	not_detected
438	1corintios	9	12	1corintios-9-12-P03	στέγομεν	V-PAI-1P	1	P	confirmed	finite_verb_morphology	explicit_or_morphological	finite_verb_morphology		candidate	not_detected
439	1corintios	9	12	1corintios-9-12-P04	δῶμεν	V-AAS-1P	1	P	confirmed	finite_verb_morphology	explicit_or_morphological	finite_verb_morphology		unresolved	candidate
440	1corintios	9	13	1corintios-9-13-P01	οἴδατε	V-XAI-2P	2	P	confirmed	finite_verb_morphology	explicit_or_morphological	finite_verb_morphology		candidate	not_detected
441	1corintios	9	13	1corintios-9-13-P02	ἐσθίουσιν	V-PAI-3P	3	P	confirmed	finite_verb_morphology	explicit_or_morphological	finite_verb_morphology		unresolved	candidate
442	1corintios	9	13	1corintios-9-13-P03	συμμερίζονται	V-PMI-3P	2	P	candidate	nearest_agreeing_nominative_no_visible_boundary	inherited	inheritance_allowed	1corintios-9-13-P01	candidate	not_detected
443	1corintios	9	14	1corintios-9-14-P01	διέταξεν	V-AAI-3S	2	P	candidate	nearest_agreeing_nominative_no_visible_boundary	inherited	inheritance_allowed	1corintios-9-13-P03	candidate	not_detected
444	1corintios	9	15	1corintios-9-15-P01	κέχρημαι	V-XMI-1S	1	S	confirmed	finite_verb_morphology	explicit_or_morphological	finite_verb_morphology		candidate	not_detected
445	1corintios	9	15	1corintios-9-15-P02	ἔγραψα	V-AAI-1S	1	S	confirmed	finite_verb_morphology	explicit_or_morphological	finite_verb_morphology		candidate	not_detected
446	1corintios	9	15	1corintios-9-15-P03	γένηται	V-AMS-3S	3	S	confirmed	finite_verb_morphology	explicit_or_morphological	finite_verb_morphology		unresolved	candidate
447	1corintios	9	15	1corintios-9-15-P04	κενώσει	V-FAI-3S	1	S	candidate	nearest_agreeing_nominative_no_visible_boundary	inherited	inheritance_allowed	1corintios-9-15-P02	candidate	not_detected
448	1corintios	9	16	1corintios-9-16-P01	εὐαγγελίζωμαι	V-PMS-1S	1	S	confirmed	finite_verb_morphology	explicit_or_morphological	finite_verb_morphology		unresolved	candidate
449	1corintios	9	16	1corintios-9-16-P02	ἔστιν	V-PAI-3S	3	S	confirmed	finite_verb_morphology	explicit_or_morphological	finite_verb_morphology		candidate	not_detected
450	1corintios	9	16	1corintios-9-16-P03	ἐπίκειται	V-PMI-3S	3	S	confirmed	finite_verb_morphology	explicit_or_morphological	finite_verb_morphology		candidate	not_detected
451	1corintios	9	16	1corintios-9-16-P04	ἐστιν	V-PAI-3S	3	S	confirmed	finite_verb_morphology	explicit_or_morphological	finite_verb_morphology		candidate	not_detected
452	1corintios	9	16	1corintios-9-16-P05	εὐαγγελίσωμαι	V-AMS-1S	1	S	confirmed	finite_verb_morphology	explicit_or_morphological	finite_verb_morphology		unresolved	candidate
453	1corintios	9	17	1corintios-9-17-P01	πράσσω	V-PAI-1S	1	S	confirmed	finite_verb_morphology	explicit_or_morphological	finite_verb_morphology		unresolved	candidate
454	1corintios	9	17	1corintios-9-17-P02	ἔχω	V-PAI-1S	1	S	confirmed	finite_verb_morphology	explicit_or_morphological	finite_verb_morphology		candidate	not_detected
455	1corintios	9	17	1corintios-9-17-P03	πεπίστευμαι	V-XPI-1S	1	S	confirmed	finite_verb_morphology	explicit_or_morphological	finite_verb_morphology		unresolved	candidate
456	1corintios	9	18	1corintios-9-18-P01	ἐστιν	V-PAI-3S	3	S	confirmed	finite_verb_morphology	explicit_or_morphological	finite_verb_morphology		candidate	not_detected
457	1corintios	9	18	1corintios-9-18-P02	θήσω	V-AAS-1S	1	S	confirmed	finite_verb_morphology	explicit_or_morphological	finite_verb_morphology		unresolved	candidate
458	1corintios	9	19	1corintios-9-19-P01	ἐδούλωσα	V-AAI-1S	1	S	confirmed	finite_verb_morphology	explicit_or_morphological	finite_verb_morphology		candidate	not_detected
459	1corintios	9	19	1corintios-9-19-P02	κερδήσω	V-AAS-1S	1	S	confirmed	finite_verb_morphology	explicit_or_morphological	finite_verb_morphology		unresolved	candidate
460	1corintios	9	20	1corintios-9-20-P01	ἐγενόμην	V-AMI-1S	1	S	confirmed	finite_verb_morphology	explicit_or_morphological	finite_verb_morphology		candidate	not_detected
461	1corintios	9	20	1corintios-9-20-P02	κερδήσω	V-AAS-1S	1	S	confirmed	finite_verb_morphology	explicit_or_morphological	finite_verb_morphology		unresolved	candidate
462	1corintios	9	20	1corintios-9-20-P03	κερδήσω	V-AAS-1S	1	S	confirmed	finite_verb_morphology	explicit_or_morphological	finite_verb_morphology		unresolved	candidate
463	1corintios	9	21	1corintios-9-21-P01	κερδάνω	V-AAS-1S	1	S	confirmed	finite_verb_morphology	explicit_or_morphological	finite_verb_morphology		unresolved	candidate
464	1corintios	9	22	1corintios-9-22-P01	ἐγενόμην	V-AMI-1S	1	S	confirmed	finite_verb_morphology	explicit_or_morphological	finite_verb_morphology		candidate	not_detected
465	1corintios	9	22	1corintios-9-22-P02	κερδήσω	V-AAS-1S	1	S	confirmed	finite_verb_morphology	explicit_or_morphological	finite_verb_morphology		unresolved	candidate
466	1corintios	9	22	1corintios-9-22-P03	γέγονα	V-XAI-1S	1	S	confirmed	finite_verb_morphology	explicit_or_morphological	finite_verb_morphology		candidate	not_detected
467	1corintios	9	22	1corintios-9-22-P04	σώσω	V-AAS-1S	1	S	confirmed	finite_verb_morphology	explicit_or_morphological	finite_verb_morphology		unresolved	candidate
468	1corintios	9	23	1corintios-9-23-P01	ποιῶ	V-PAI-1S	1	S	confirmed	finite_verb_morphology	explicit_or_morphological	finite_verb_morphology		candidate	not_detected
469	1corintios	9	23	1corintios-9-23-P02	γένωμαι	V-AMS-1S	1	S	confirmed	finite_verb_morphology	explicit_or_morphological	finite_verb_morphology		unresolved	candidate
470	1corintios	9	24	1corintios-9-24-P01	οἴδατε	V-XAI-2P	2	P	confirmed	finite_verb_morphology	explicit_or_morphological	finite_verb_morphology		candidate	not_detected
471	1corintios	9	24	1corintios-9-24-P02	τρέχουσιν	V-PAI-3P	3	P	confirmed	finite_verb_morphology	explicit_or_morphological	finite_verb_morphology		unresolved	candidate
472	1corintios	9	24	1corintios-9-24-P03	λαμβάνει	V-PAI-3S	3	S	confirmed	finite_verb_morphology	explicit_or_morphological	finite_verb_morphology		candidate	not_detected
473	1corintios	9	24	1corintios-9-24-P04	τρέχετε	V-PAD-2P	2	P	confirmed	finite_verb_morphology	explicit_or_morphological	finite_verb_morphology		candidate	not_detected
474	1corintios	9	24	1corintios-9-24-P05	καταλάβητε	V-AAS-2P	2	P	confirmed	finite_verb_morphology	explicit_or_morphological	finite_verb_morphology		unresolved	candidate
475	1corintios	9	25	1corintios-9-25-P01	ἐγκρατεύεται	V-PMI-3S	2	P	candidate	nearest_agreeing_nominative_no_visible_boundary	inherited	inheritance_allowed	1corintios-9-24-P04	candidate	not_detected
476	1corintios	9	25	1corintios-9-25-P02	λάβωσιν	V-AAS-3P	3	P	confirmed	finite_verb_morphology	explicit_or_morphological	finite_verb_morphology		unresolved	candidate
477	1corintios	9	26	1corintios-9-26-P01	τρέχω	V-PAI-1S	1	S	confirmed	finite_verb_morphology	explicit_or_morphological	finite_verb_morphology		candidate	not_detected
478	1corintios	9	26	1corintios-9-26-P02	πυκτεύω	V-PAI-1S	1	S	confirmed	finite_verb_morphology	explicit_or_morphological	finite_verb_morphology		unresolved	candidate
479	1corintios	9	27	1corintios-9-27-P01	ὑπωπιάζω	V-PAI-1S	1	S	confirmed	finite_verb_morphology	explicit_or_morphological	finite_verb_morphology		candidate	not_detected
480	1corintios	9	27	1corintios-9-27-P02	δουλαγωγῶ	V-PAI-1S	1	S	confirmed	finite_verb_morphology	explicit_or_morphological	finite_verb_morphology		candidate	not_detected
481	1corintios	9	27	1corintios-9-27-P03	γένωμαι	V-AMS-1S	1	S	confirmed	finite_verb_morphology	explicit_or_morphological	finite_verb_morphology		candidate	not_detected
482	1corintios	10	1	1corintios-10-1-P01	θέλω	V-PAI-1S	1	S	confirmed	finite_verb_morphology	explicit_or_morphological	finite_verb_morphology		candidate	not_detected
483	1corintios	10	1	1corintios-10-1-P02	ἦσαν	V-IAI-3P			candidate	nearest_agreeing_nominative_no_visible_boundary	unresolved	no_valid_inheritance		unresolved	candidate
484	1corintios	10	1	1corintios-10-1-P03	διῆλθον	V-AAI-3P	1	S	candidate	nearest_agreeing_nominative_no_visible_boundary	inherited	inheritance_allowed	1corintios-10-1-P01	candidate	not_detected
485	1corintios	10	2	1corintios-10-2-P01	ἐβαπτίσαντο	V-AMI-3P	1	S	candidate	nearest_agreeing_nominative_no_visible_boundary	inherited	inheritance_allowed	1corintios-10-1-P03	candidate	not_detected
486	1corintios	10	3	1corintios-10-3-P01	ἔφαγον	V-AAI-3P	1	S	candidate	nearest_agreeing_nominative_no_visible_boundary	inherited	inheritance_allowed	1corintios-10-2-P01	candidate	not_detected
487	1corintios	10	4	1corintios-10-4-P01	ἔπιον	V-AAI-3P	1	S	candidate	nearest_agreeing_nominative_no_visible_boundary	inherited	inheritance_allowed	1corintios-10-3-P01	candidate	not_detected
488	1corintios	10	4	1corintios-10-4-P02	ἔπινον	V-IAI-3P	3	P	confirmed	finite_verb_morphology	explicit_or_morphological	finite_verb_morphology		candidate	not_detected
489	1corintios	10	4	1corintios-10-4-P03	ἦν	V-IAI-3S	3	S	confirmed	finite_verb_morphology	explicit_or_morphological	finite_verb_morphology		candidate	not_detected
490	1corintios	10	5	1corintios-10-5-P01	ηὐδόκησεν	V-AAI-3S	3	S	confirmed	finite_verb_morphology	explicit_or_morphological	finite_verb_morphology		candidate	not_detected
491	1corintios	10	5	1corintios-10-5-P02	κατεστρώθησαν	V-API-3P	3	P	confirmed	finite_verb_morphology	explicit_or_morphological	finite_verb_morphology		candidate	not_detected
492	1corintios	10	6	1corintios-10-6-P01	ἐγενήθησαν	V-API-3P	3	P	candidate	nearest_agreeing_nominative_no_visible_boundary	inherited	inheritance_allowed	1corintios-10-5-P02	candidate	not_detected
493	1corintios	10	6	1corintios-10-6-P02	ἐπεθύμησαν	V-AAI-3P			candidate	nearest_agreeing_nominative_no_visible_boundary	unresolved	no_valid_inheritance		unresolved	candidate
494	1corintios	10	7	1corintios-10-7-P01	γίνεσθε	V-PMD-2P	2	P	confirmed	finite_verb_morphology	explicit_or_morphological	finite_verb_morphology		candidate	not_detected
495	1corintios	10	7	1corintios-10-7-P02	γέγραπται	V-XPI-3S	3	S	confirmed	finite_verb_morphology	explicit_or_morphological	finite_verb_morphology		unresolved	candidate
496	1corintios	10	7	1corintios-10-7-P03	ἐκάθισεν	V-AAI-3S	3	S	confirmed	finite_verb_morphology	explicit_or_morphological	finite_verb_morphology		candidate	not_detected
497	1corintios	10	7	1corintios-10-7-P04	ἀνέστησαν	V-AAI-3P	3	P	confirmed	finite_verb_morphology	explicit_or_morphological	finite_verb_morphology		candidate	not_detected
498	1corintios	10	8	1corintios-10-8-P01	πορνεύωμεν	V-PAS-1P	1	P	confirmed	finite_verb_morphology	explicit_or_morphological	finite_verb_morphology		candidate	not_detected
499	1corintios	10	8	1corintios-10-8-P02	ἐπόρνευσαν	V-AAI-3P			candidate	nearest_agreeing_nominative_no_visible_boundary	unresolved	no_valid_inheritance		unresolved	candidate
500	1corintios	10	8	1corintios-10-8-P03	ἔπεσαν	V-AAI-3P	3	P	confirmed	finite_verb_morphology	explicit_or_morphological	finite_verb_morphology		candidate	not_detected
501	1corintios	10	9	1corintios-10-9-P01	ἐκπειράζωμεν	V-PAS-1P	1	P	confirmed	finite_verb_morphology	explicit_or_morphological	finite_verb_morphology		candidate	not_detected
502	1corintios	10	9	1corintios-10-9-P02	ἐπείρασαν	V-AAI-3P			candidate	nearest_agreeing_nominative_no_visible_boundary	unresolved	no_valid_inheritance		unresolved	candidate
503	1corintios	10	9	1corintios-10-9-P03	ἀπώλλυντο	V-IPI-3P	3	P	confirmed	finite_verb_morphology	explicit_or_morphological	finite_verb_morphology		candidate	not_detected
504	1corintios	10	10	1corintios-10-10-P01	γογγύζετε	V-PAD-2P	2	P	confirmed	finite_verb_morphology	explicit_or_morphological	finite_verb_morphology		candidate	not_detected
505	1corintios	10	10	1corintios-10-10-P02	ἐγόγγυσαν	V-AAI-3P	2	P	candidate	nearest_agreeing_nominative_no_visible_boundary	inherited	inheritance_allowed	1corintios-10-10-P01	candidate	not_detected
506	1corintios	10	10	1corintios-10-10-P03	ἀπώλοντο	V-AMI-3P	3	P	confirmed	finite_verb_morphology	explicit_or_morphological	finite_verb_morphology		candidate	not_detected
507	1corintios	10	11	1corintios-10-11-P01	συνέβαινεν	V-IAI-3S	3	S	confirmed	finite_verb_morphology	explicit_or_morphological	finite_verb_morphology		candidate	not_detected
508	1corintios	10	11	1corintios-10-11-P02	ἐγράφη	V-API-3S	3	S	confirmed	finite_verb_morphology	explicit_or_morphological	finite_verb_morphology		candidate	not_detected
509	1corintios	10	11	1corintios-10-11-P03	κατήντηκεν	V-XAI-3S	3	S	candidate	nearest_agreeing_nominative_no_visible_boundary	inherited	inheritance_allowed	1corintios-10-11-P02	candidate	not_detected
510	1corintios	10	12	1corintios-10-12-P01	βλεπέτω	V-PAD-3S			candidate	nearest_agreeing_nominative_no_visible_boundary	unresolved	no_valid_inheritance		unresolved	candidate
511	1corintios	10	12	1corintios-10-12-P02	πέσῃ	V-AAS-3S	3	S	confirmed	finite_verb_morphology	explicit_or_morphological	finite_verb_morphology		candidate	not_detected
512	1corintios	10	13	1corintios-10-13-P01	εἴληφεν	V-XAI-3S	3	S	candidate	nearest_agreeing_nominative_no_visible_boundary	inherited	inheritance_allowed	1corintios-10-12-P02	candidate	not_detected
513	1corintios	10	13	1corintios-10-13-P02	ἐάσει	V-FAI-3S			candidate	nearest_agreeing_nominative_no_visible_boundary	unresolved	no_valid_inheritance		unresolved	candidate
514	1corintios	10	13	1corintios-10-13-P03	δύνασθε	V-PMI-2P	2	P	confirmed	finite_verb_morphology	explicit_or_morphological	finite_verb_morphology		candidate	not_detected
515	1corintios	10	13	1corintios-10-13-P04	ποιήσει	V-FAI-3S	3	S	confirmed	finite_verb_morphology	explicit_or_morphological	finite_verb_morphology		candidate	not_detected
516	1corintios	10	14	1corintios-10-14-P01	φεύγετε	V-PAD-2P	2	P	confirmed	finite_verb_morphology	explicit_or_morphological	finite_verb_morphology		candidate	not_detected
517	1corintios	10	15	1corintios-10-15-P01	λέγω	V-PAI-1S	1	S	confirmed	finite_verb_morphology	explicit_or_morphological	finite_verb_morphology		unresolved	candidate
518	1corintios	10	15	1corintios-10-15-P02	κρίνατε	V-AAD-2P	2	P	confirmed	finite_verb_morphology	explicit_or_morphological	finite_verb_morphology		candidate	not_detected
519	1corintios	10	15	1corintios-10-15-P03	φημι	V-PAI-1S	1	S	confirmed	finite_verb_morphology	explicit_or_morphological	finite_verb_morphology		candidate	not_detected
520	1corintios	10	16	1corintios-10-16-P01	εὐλογοῦμεν	V-PAI-1P	1	P	confirmed	finite_verb_morphology	explicit_or_morphological	finite_verb_morphology		candidate	not_detected
521	1corintios	10	16	1corintios-10-16-P02	ἐστὶν	V-PAI-3S	1	P	candidate	nearest_agreeing_nominative_no_visible_boundary	inherited	inheritance_allowed	1corintios-10-16-P01	candidate	not_detected
522	1corintios	10	16	1corintios-10-16-P03	κλῶμεν	V-PAI-1P	1	P	confirmed	finite_verb_morphology	explicit_or_morphological	finite_verb_morphology		candidate	not_detected
523	1corintios	10	16	1corintios-10-16-P04	ἐστιν	V-PAI-3S	1	P	candidate	nearest_agreeing_nominative_no_visible_boundary	inherited	inheritance_allowed	1corintios-10-16-P03	candidate	not_detected
524	1corintios	10	17	1corintios-10-17-P01	ἐσμεν	V-PAI-1P	1	P	confirmed	finite_verb_morphology	explicit_or_morphological	finite_verb_morphology		unresolved	candidate
525	1corintios	10	17	1corintios-10-17-P02	μετέχομεν	V-PAI-1P	1	P	confirmed	finite_verb_morphology	explicit_or_morphological	finite_verb_morphology		candidate	not_detected
526	1corintios	10	18	1corintios-10-18-P01	βλέπετε	V-PAD-2P	2	P	confirmed	finite_verb_morphology	explicit_or_morphological	finite_verb_morphology		candidate	not_detected
527	1corintios	10	18	1corintios-10-18-P02	εἰσίν	V-PAI-3P	2	P	candidate	nearest_agreeing_nominative_no_visible_boundary	inherited	inheritance_allowed	1corintios-10-18-P01	candidate	not_detected
528	1corintios	10	19	1corintios-10-19-P01	φημι	V-PAI-1S	1	S	confirmed	finite_verb_morphology	explicit_or_morphological	finite_verb_morphology		candidate	not_detected
529	1corintios	10	19	1corintios-10-19-P02	ἐστιν	V-PAI-3S			candidate	nearest_agreeing_nominative_no_visible_boundary	unresolved	no_valid_inheritance		unresolved	candidate
530	1corintios	10	19	1corintios-10-19-P03	ἐστιν	V-PAI-3S			candidate	nearest_agreeing_nominative_no_visible_boundary	unresolved	no_valid_inheritance		unresolved	candidate
531	1corintios	10	20	1corintios-10-20-P01	θύουσιν	V-PAI-3P	3	P	confirmed	finite_verb_morphology	explicit_or_morphological	finite_verb_morphology		unresolved	candidate
532	1corintios	10	20	1corintios-10-20-P02	θύουσιν	V-PAI-3P	3	P	confirmed	finite_verb_morphology	explicit_or_morphological	finite_verb_morphology		candidate	not_detected
533	1corintios	10	20	1corintios-10-20-P03	θέλω	V-PAI-1S	1	S	confirmed	finite_verb_morphology	explicit_or_morphological	finite_verb_morphology		candidate	not_detected
534	1corintios	10	21	1corintios-10-21-P01	δύνασθε	V-PMI-2P	2	P	confirmed	finite_verb_morphology	explicit_or_morphological	finite_verb_morphology		candidate	not_detected
535	1corintios	10	21	1corintios-10-21-P02	δύνασθε	V-PMI-2P	2	P	confirmed	finite_verb_morphology	explicit_or_morphological	finite_verb_morphology		candidate	not_detected
536	1corintios	10	22	1corintios-10-22-P01	παραζηλοῦμεν	V-PAI-1P	1	P	confirmed	finite_verb_morphology	explicit_or_morphological	finite_verb_morphology		candidate	not_detected
537	1corintios	10	22	1corintios-10-22-P02	ἐσμεν	V-PAI-1P	1	P	confirmed	finite_verb_morphology	explicit_or_morphological	finite_verb_morphology		candidate	not_detected
538	1corintios	10	23	1corintios-10-23-P01	ἔξεστιν	V-PAI-3S	1	P	candidate	nearest_agreeing_nominative_no_visible_boundary	inherited	inheritance_allowed	1corintios-10-22-P02	candidate	not_detected
539	1corintios	10	23	1corintios-10-23-P02	συμφέρει	V-PAI-3S	1	P	candidate	nearest_agreeing_nominative_no_visible_boundary	inherited	inheritance_allowed	1corintios-10-23-P01	candidate	not_detected
540	1corintios	10	23	1corintios-10-23-P03	ἔξεστιν	V-PAI-3S	1	P	candidate	nearest_agreeing_nominative_no_visible_boundary	inherited	inheritance_allowed	1corintios-10-23-P02	candidate	not_detected
541	1corintios	10	23	1corintios-10-23-P04	οἰκοδομεῖ	V-PAI-3S	1	P	candidate	nearest_agreeing_nominative_no_visible_boundary	inherited	inheritance_allowed	1corintios-10-23-P03	candidate	not_detected
542	1corintios	10	24	1corintios-10-24-P01	ζητείτω	V-PAD-3S	1	P	candidate	nearest_agreeing_nominative_no_visible_boundary	inherited	inheritance_allowed	1corintios-10-23-P04	candidate	not_detected
543	1corintios	10	25	1corintios-10-25-P01	ἐσθίετε	V-PAD-2P	2	P	confirmed	finite_verb_morphology	explicit_or_morphological	finite_verb_morphology		candidate	not_detected
544	1corintios	10	27	1corintios-10-27-P01	καλεῖ	V-PAI-3S			candidate	nearest_agreeing_nominative_no_visible_boundary	unresolved	no_valid_inheritance		unresolved	candidate
545	1corintios	10	27	1corintios-10-27-P02	θέλετε	V-PAI-2P	2	P	confirmed	finite_verb_morphology	explicit_or_morphological	finite_verb_morphology		candidate	not_detected
546	1corintios	10	27	1corintios-10-27-P03	ἐσθίετε	V-PAD-2P	2	P	confirmed	finite_verb_morphology	explicit_or_morphological	finite_verb_morphology		candidate	not_detected
547	1corintios	10	28	1corintios-10-28-P01	εἴπῃ	V-AAS-3S			candidate	nearest_agreeing_nominative_no_visible_boundary	unresolved	no_valid_inheritance		unresolved	candidate
548	1corintios	10	28	1corintios-10-28-P02	ἐστιν	V-PAI-3S	2	P	candidate	nearest_agreeing_nominative_no_visible_boundary	inherited	inheritance_allowed	1corintios-10-27-P03	candidate	not_detected
549	1corintios	10	28	1corintios-10-28-P03	ἐσθίετε	V-PAD-2P	2	P	confirmed	finite_verb_morphology	explicit_or_morphological	finite_verb_morphology		candidate	not_detected
550	1corintios	10	29	1corintios-10-29-P01	λέγω	V-PAI-1S	1	S	confirmed	finite_verb_morphology	explicit_or_morphological	finite_verb_morphology		candidate	not_detected
551	1corintios	10	29	1corintios-10-29-P02	κρίνεται	V-PPI-3S	1	S	candidate	nearest_agreeing_nominative_no_visible_boundary	inherited	inheritance_allowed	1corintios-10-29-P01	candidate	not_detected
552	1corintios	10	30	1corintios-10-30-P01	μετέχω	V-PAI-1S	1	S	confirmed	finite_verb_morphology	explicit_or_morphological	finite_verb_morphology		unresolved	candidate
553	1corintios	10	30	1corintios-10-30-P02	βλασφημοῦμαι	V-PPI-1S	1	S	confirmed	finite_verb_morphology	explicit_or_morphological	finite_verb_morphology		candidate	not_detected
554	1corintios	10	30	1corintios-10-30-P03	εὐχαριστῶ	V-PAI-1S	1	S	confirmed	finite_verb_morphology	explicit_or_morphological	finite_verb_morphology		candidate	not_detected
555	1corintios	10	31	1corintios-10-31-P01	ἐσθίετε	V-PAI-2P	2	P	confirmed	finite_verb_morphology	explicit_or_morphological	finite_verb_morphology		candidate	not_detected
556	1corintios	10	31	1corintios-10-31-P02	πίνετε	V-PAI-2P	2	P	confirmed	finite_verb_morphology	explicit_or_morphological	finite_verb_morphology		candidate	not_detected
557	1corintios	10	31	1corintios-10-31-P03	ποιεῖτε	V-PAI-2P	2	P	confirmed	finite_verb_morphology	explicit_or_morphological	finite_verb_morphology		candidate	not_detected
558	1corintios	10	31	1corintios-10-31-P04	ποιεῖτε	V-PAD-2P	2	P	confirmed	finite_verb_morphology	explicit_or_morphological	finite_verb_morphology		candidate	not_detected
559	1corintios	10	32	1corintios-10-32-P01	γίνεσθε	V-PMD-2P	2	P	confirmed	finite_verb_morphology	explicit_or_morphological	finite_verb_morphology		candidate	not_detected
560	1corintios	10	33	1corintios-10-33-P01	ἀρέσκω	V-PAI-1S	1	S	confirmed	finite_verb_morphology	explicit_or_morphological	finite_verb_morphology		unresolved	candidate
561	1corintios	10	33	1corintios-10-33-P02	σωθῶσιν	V-APS-3P	3	P	confirmed	finite_verb_morphology	explicit_or_morphological	finite_verb_morphology		unresolved	candidate
562	1corintios	11	1	1corintios-11-1-P01	γίνεσθε	V-PMD-2P	2	P	confirmed	finite_verb_morphology	explicit_or_morphological	finite_verb_morphology		candidate	not_detected
563	1corintios	11	2	1corintios-11-2-P01	ἐπαινῶ	V-PAI-1S	1	S	confirmed	finite_verb_morphology	explicit_or_morphological	finite_verb_morphology		candidate	not_detected
564	1corintios	11	2	1corintios-11-2-P02	μέμνησθε	V-XMI-2P	2	P	confirmed	finite_verb_morphology	explicit_or_morphological	finite_verb_morphology		unresolved	candidate
565	1corintios	11	2	1corintios-11-2-P03	παρέδωκα	V-AAI-1S	1	S	confirmed	finite_verb_morphology	explicit_or_morphological	finite_verb_morphology		unresolved	candidate
566	1corintios	11	2	1corintios-11-2-P04	κατέχετε	V-PAI-2P	2	P	confirmed	finite_verb_morphology	explicit_or_morphological	finite_verb_morphology		candidate	not_detected
567	1corintios	11	3	1corintios-11-3-P01	θέλω	V-PAI-1S	1	S	confirmed	finite_verb_morphology	explicit_or_morphological	finite_verb_morphology		candidate	not_detected
568	1corintios	11	3	1corintios-11-3-P02	ἐστιν	V-PAI-3S	1	S	candidate	nearest_agreeing_nominative_no_visible_boundary	inherited	inheritance_allowed	1corintios-11-2-P03	unresolved	candidate
569	1corintios	11	4	1corintios-11-4-P01	καταισχύνει	V-PAI-3S	3	S	confirmed	finite_verb_morphology	explicit_or_morphological	finite_verb_morphology		candidate	not_detected
570	1corintios	11	5	1corintios-11-5-P01	καταισχύνει	V-PAI-3S	3	S	confirmed	finite_verb_morphology	explicit_or_morphological	finite_verb_morphology		candidate	not_detected
571	1corintios	11	5	1corintios-11-5-P02	ἐστιν	V-PAI-3S	3	S	confirmed	finite_verb_morphology	explicit_or_morphological	finite_verb_morphology		candidate	not_detected
572	1corintios	11	6	1corintios-11-6-P01	κατακαλύπτεται	V-PMI-3S	3	S	confirmed	finite_verb_morphology	explicit_or_morphological	finite_verb_morphology		unresolved	candidate
573	1corintios	11	6	1corintios-11-6-P02	κειράσθω	V-AMD-3S	3	S	confirmed	finite_verb_morphology	explicit_or_morphological	finite_verb_morphology		candidate	not_detected
574	1corintios	11	6	1corintios-11-6-P03	κατακαλυπτέσθω	V-PMD-3S	3	S	confirmed	finite_verb_morphology	explicit_or_morphological	finite_verb_morphology		unresolved	candidate
575	1corintios	11	7	1corintios-11-7-P01	ὀφείλει	V-PAI-3S	3	S	confirmed	finite_verb_morphology	explicit_or_morphological	finite_verb_morphology		candidate	not_detected
576	1corintios	11	7	1corintios-11-7-P02	ἐστιν	V-PAI-3S	3	S	candidate	nearest_agreeing_nominative_no_visible_boundary	inherited	inheritance_allowed	1corintios-11-7-P01	candidate	not_detected
577	1corintios	11	8	1corintios-11-8-P01	ἐστιν	V-PAI-3S	3	S	confirmed	finite_verb_morphology	explicit_or_morphological	finite_verb_morphology		candidate	not_detected
578	1corintios	11	9	1corintios-11-9-P01	ἐκτίσθη	V-API-3S	3	S	confirmed	finite_verb_morphology	explicit_or_morphological	finite_verb_morphology		candidate	not_detected
579	1corintios	11	10	1corintios-11-10-P01	ὀφείλει	V-PAI-3S	3	S	confirmed	finite_verb_morphology	explicit_or_morphological	finite_verb_morphology		candidate	not_detected
580	1corintios	11	13	1corintios-11-13-P01	κρίνατε	V-AAD-2P	2	P	confirmed	finite_verb_morphology	explicit_or_morphological	finite_verb_morphology		candidate	not_detected
581	1corintios	11	13	1corintios-11-13-P02	ἐστὶν	V-PAI-3S	3	S	confirmed	finite_verb_morphology	explicit_or_morphological	finite_verb_morphology		candidate	not_detected
582	1corintios	11	14	1corintios-11-14-P01	διδάσκει	V-PAI-3S	3	S	candidate	nearest_agreeing_nominative_no_visible_boundary	inherited	inheritance_allowed	1corintios-11-13-P02	candidate	not_detected
583	1corintios	11	14	1corintios-11-14-P02	κομᾷ	V-PAS-3S	3	S	confirmed	finite_verb_morphology	explicit_or_morphological	finite_verb_morphology		unresolved	candidate
584	1corintios	11	14	1corintios-11-14-P03	ἐστιν	V-PAI-3S	3	S	candidate	nearest_agreeing_nominative_no_visible_boundary	inherited	inheritance_allowed	1corintios-11-14-P01	candidate	not_detected
585	1corintios	11	15	1corintios-11-15-P01	κομᾷ	V-PAS-3S	3	S	confirmed	finite_verb_morphology	explicit_or_morphological	finite_verb_morphology		unresolved	candidate
586	1corintios	11	15	1corintios-11-15-P02	ἐστιν	V-PAI-3S	3	S	candidate	nearest_agreeing_nominative_no_visible_boundary	inherited	inheritance_allowed	1corintios-11-14-P03	candidate	not_detected
587	1corintios	11	15	1corintios-11-15-P03	δέδοται	V-XPI-3S	3	S	candidate	nearest_agreeing_nominative_no_visible_boundary	inherited	inheritance_allowed	1corintios-11-15-P01	unresolved	candidate
588	1corintios	11	16	1corintios-11-16-P01	δοκεῖ	V-PAI-3S	3	S	candidate	nearest_agreeing_nominative_no_visible_boundary	inherited	inheritance_allowed	1corintios-11-15-P03	unresolved	candidate
589	1corintios	11	16	1corintios-11-16-P02	ἔχομεν	V-PAI-1P	1	P	confirmed	finite_verb_morphology	explicit_or_morphological	finite_verb_morphology		candidate	not_detected
590	1corintios	11	17	1corintios-11-17-P01	ἐπαινῶ	V-PAI-1S	1	S	confirmed	finite_verb_morphology	explicit_or_morphological	finite_verb_morphology		candidate	not_detected
591	1corintios	11	17	1corintios-11-17-P02	συνέρχεσθε	V-PMI-2P	2	P	confirmed	finite_verb_morphology	explicit_or_morphological	finite_verb_morphology		unresolved	candidate
592	1corintios	11	18	1corintios-11-18-P01	ἀκούω	V-PAI-1S	1	S	confirmed	finite_verb_morphology	explicit_or_morphological	finite_verb_morphology		candidate	not_detected
593	1corintios	11	18	1corintios-11-18-P02	πιστεύω	V-PAI-1S	1	S	confirmed	finite_verb_morphology	explicit_or_morphological	finite_verb_morphology		candidate	not_detected
594	1corintios	11	19	1corintios-11-19-P01	δεῖ	V-PAI-3S	3	S	confirmed	finite_verb_morphology	explicit_or_morphological	finite_verb_morphology		candidate	not_detected
595	1corintios	11	19	1corintios-11-19-P02	γένωνται	V-AMS-3P			candidate	nearest_agreeing_nominative_no_visible_boundary	unresolved	no_valid_inheritance		unresolved	candidate
596	1corintios	11	20	1corintios-11-20-P01	ἔστιν	V-PAI-3S	3	S	confirmed	finite_verb_morphology	explicit_or_morphological	finite_verb_morphology		candidate	not_detected
597	1corintios	11	21	1corintios-11-21-P01	προλαμβάνει	V-PAI-3S	3	S	confirmed	finite_verb_morphology	explicit_or_morphological	finite_verb_morphology		candidate	not_detected
598	1corintios	11	21	1corintios-11-21-P02	πεινᾷ	V-PAI-3S	3	S	confirmed	finite_verb_morphology	explicit_or_morphological	finite_verb_morphology		candidate	not_detected
599	1corintios	11	21	1corintios-11-21-P03	μεθύει	V-PAI-3S	3	S	confirmed	finite_verb_morphology	explicit_or_morphological	finite_verb_morphology		candidate	not_detected
600	1corintios	11	22	1corintios-11-22-P01	ἔχετε	V-PAI-2P	2	P	confirmed	finite_verb_morphology	explicit_or_morphological	finite_verb_morphology		candidate	not_detected
601	1corintios	11	22	1corintios-11-22-P02	καταφρονεῖτε	V-PAI-2P	2	P	confirmed	finite_verb_morphology	explicit_or_morphological	finite_verb_morphology		candidate	not_detected
602	1corintios	11	22	1corintios-11-22-P03	καταισχύνετε	V-PAI-2P	2	P	confirmed	finite_verb_morphology	explicit_or_morphological	finite_verb_morphology		candidate	not_detected
603	1corintios	11	22	1corintios-11-22-P04	εἴπω	V-AAS-1S	1	S	confirmed	finite_verb_morphology	explicit_or_morphological	finite_verb_morphology		candidate	not_detected
604	1corintios	11	22	1corintios-11-22-P05	ἐπαινέσω	V-AAS-1S	1	S	confirmed	finite_verb_morphology	explicit_or_morphological	finite_verb_morphology		candidate	not_detected
605	1corintios	11	22	1corintios-11-22-P06	ἐπαινῶ	V-PAI-1S	1	S	confirmed	finite_verb_morphology	explicit_or_morphological	finite_verb_morphology		candidate	not_detected
606	1corintios	11	23	1corintios-11-23-P01	παρέλαβον	V-AAI-1S	1	S	confirmed	finite_verb_morphology	explicit_or_morphological	finite_verb_morphology		candidate	not_detected
607	1corintios	11	23	1corintios-11-23-P02	παρέδωκα	V-AAI-1S	1	S	confirmed	finite_verb_morphology	explicit_or_morphological	finite_verb_morphology		candidate	not_detected
608	1corintios	11	23	1corintios-11-23-P03	παρεδίδετο	V-IPI-3S	3	S	confirmed	finite_verb_morphology	explicit_or_morphological	finite_verb_morphology		unresolved	candidate
609	1corintios	11	23	1corintios-11-23-P04	ἔλαβεν	V-AAI-3S	3	S	confirmed	finite_verb_morphology	explicit_or_morphological	finite_verb_morphology		candidate	not_detected
610	1corintios	11	24	1corintios-11-24-P01	ἔκλασεν	V-AAI-3S	3	S	confirmed	finite_verb_morphology	explicit_or_morphological	finite_verb_morphology		candidate	not_detected
611	1corintios	11	24	1corintios-11-24-P02	εἶπεν	V-AAI-3S	3	S	confirmed	finite_verb_morphology	explicit_or_morphological	finite_verb_morphology		candidate	not_detected
612	1corintios	11	24	1corintios-11-24-P03	ἐστιν	V-PAI-3S	3	S	candidate	nearest_agreeing_nominative_no_visible_boundary	inherited	inheritance_allowed	1corintios-11-24-P02	candidate	not_detected
613	1corintios	11	24	1corintios-11-24-P04	ποιεῖτε	V-PAD-2P	2	P	confirmed	finite_verb_morphology	explicit_or_morphological	finite_verb_morphology		candidate	not_detected
614	1corintios	11	25	1corintios-11-25-P01	ἐστὶν	V-PAI-3S	2	P	candidate	nearest_agreeing_nominative_no_visible_boundary	inherited	inheritance_allowed	1corintios-11-24-P04	candidate	not_detected
615	1corintios	11	25	1corintios-11-25-P02	ποιεῖτε	V-PAD-2P	2	P	confirmed	finite_verb_morphology	explicit_or_morphological	finite_verb_morphology		candidate	not_detected
616	1corintios	11	25	1corintios-11-25-P03	πίνητε	V-PAS-2P	2	P	confirmed	finite_verb_morphology	explicit_or_morphological	finite_verb_morphology		unresolved	candidate
617	1corintios	11	26	1corintios-11-26-P01	ἐσθίητε	V-PAS-2P	2	P	confirmed	finite_verb_morphology	explicit_or_morphological	finite_verb_morphology		unresolved	candidate
618	1corintios	11	26	1corintios-11-26-P02	πίνητε	V-PAS-2P	2	P	confirmed	finite_verb_morphology	explicit_or_morphological	finite_verb_morphology		candidate	not_detected
619	1corintios	11	26	1corintios-11-26-P03	καταγγέλλετε	V-PAI-2P	2	P	confirmed	finite_verb_morphology	explicit_or_morphological	finite_verb_morphology		candidate	not_detected
620	1corintios	11	26	1corintios-11-26-P04	ἔλθῃ	V-AAS-3S	3	S	confirmed	finite_verb_morphology	explicit_or_morphological	finite_verb_morphology		candidate	not_detected
621	1corintios	11	27	1corintios-11-27-P01	ἐσθίῃ	V-PAS-3S			candidate	nearest_agreeing_nominative_no_visible_boundary	unresolved	no_valid_inheritance		unresolved	candidate
622	1corintios	11	27	1corintios-11-27-P02	πίνῃ	V-PAS-3S	3	S	confirmed	finite_verb_morphology	explicit_or_morphological	finite_verb_morphology		candidate	not_detected
623	1corintios	11	27	1corintios-11-27-P03	ἔσται	V-FMI-3S	3	S	candidate	nearest_agreeing_nominative_no_visible_boundary	inherited	inheritance_allowed	1corintios-11-27-P02	candidate	not_detected
624	1corintios	11	28	1corintios-11-28-P01	δοκιμαζέτω	V-PAD-3S	3	S	confirmed	finite_verb_morphology	explicit_or_morphological	finite_verb_morphology		candidate	not_detected
625	1corintios	11	28	1corintios-11-28-P02	ἐσθιέτω	V-PAD-3S	3	S	confirmed	finite_verb_morphology	explicit_or_morphological	finite_verb_morphology		candidate	not_detected
626	1corintios	11	28	1corintios-11-28-P03	πινέτω	V-PAD-3S	3	S	confirmed	finite_verb_morphology	explicit_or_morphological	finite_verb_morphology		candidate	not_detected
627	1corintios	11	29	1corintios-11-29-P01	ἐσθίει	V-PAI-3S	3	S	confirmed	finite_verb_morphology	explicit_or_morphological	finite_verb_morphology		candidate	not_detected
628	1corintios	11	29	1corintios-11-29-P02	πίνει	V-PAI-3S	3	S	confirmed	finite_verb_morphology	explicit_or_morphological	finite_verb_morphology		candidate	not_detected
629	1corintios	11	30	1corintios-11-30-P01	κοιμῶνται	V-PMI-3P	3	P	confirmed	finite_verb_morphology	explicit_or_morphological	finite_verb_morphology		candidate	not_detected
630	1corintios	11	31	1corintios-11-31-P01	διεκρίνομεν	V-IAI-1P	1	P	confirmed	finite_verb_morphology	explicit_or_morphological	finite_verb_morphology		unresolved	candidate
631	1corintios	11	31	1corintios-11-31-P02	ἐκρινόμεθα	V-IPI-1P	1	P	confirmed	finite_verb_morphology	explicit_or_morphological	finite_verb_morphology		candidate	not_detected
632	1corintios	11	32	1corintios-11-32-P01	παιδευόμεθα	V-PPI-1P	1	P	confirmed	finite_verb_morphology	explicit_or_morphological	finite_verb_morphology		candidate	not_detected
633	1corintios	11	32	1corintios-11-32-P02	κατακριθῶμεν	V-APS-1P	1	P	confirmed	finite_verb_morphology	explicit_or_morphological	finite_verb_morphology		unresolved	candidate
634	1corintios	11	33	1corintios-11-33-P01	ἐκδέχεσθε	V-PMD-2P	2	P	confirmed	finite_verb_morphology	explicit_or_morphological	finite_verb_morphology		unresolved	candidate
635	1corintios	11	34	1corintios-11-34-P01	πεινᾷ	V-PAI-3S	2	P	candidate	nearest_agreeing_nominative_no_visible_boundary	inherited	inheritance_allowed	1corintios-11-33-P01	unresolved	candidate
636	1corintios	11	34	1corintios-11-34-P02	ἐσθιέτω	V-PAD-3S	3	S	confirmed	finite_verb_morphology	explicit_or_morphological	finite_verb_morphology		candidate	not_detected
637	1corintios	11	34	1corintios-11-34-P03	συνέρχησθε	V-PMS-2P	2	P	confirmed	finite_verb_morphology	explicit_or_morphological	finite_verb_morphology		unresolved	candidate
638	1corintios	11	34	1corintios-11-34-P04	ἔλθω	V-AAS-1S	1	S	confirmed	finite_verb_morphology	explicit_or_morphological	finite_verb_morphology		unresolved	candidate
639	1corintios	11	34	1corintios-11-34-P05	διατάξομαι	V-FMI-1S	1	S	confirmed	finite_verb_morphology	explicit_or_morphological	finite_verb_morphology		candidate	not_detected
640	1corintios	12	1	1corintios-12-1-P01	θέλω	V-PAI-1S	1	S	confirmed	finite_verb_morphology	explicit_or_morphological	finite_verb_morphology		candidate	not_detected
641	1corintios	12	2	1corintios-12-2-P01	οἴδατε	V-XAI-2P	2	P	confirmed	finite_verb_morphology	explicit_or_morphological	finite_verb_morphology		candidate	not_detected
642	1corintios	12	2	1corintios-12-2-P02	ἦτε	V-IAI-2P	2	P	confirmed	finite_verb_morphology	explicit_or_morphological	finite_verb_morphology		unresolved	candidate
643	1corintios	12	2	1corintios-12-2-P03	ἤγεσθε	V-IPI-2P	2	P	confirmed	finite_verb_morphology	explicit_or_morphological	finite_verb_morphology		unresolved	candidate
644	1corintios	12	3	1corintios-12-3-P01	γνωρίζω	V-PAI-1S	1	S	confirmed	finite_verb_morphology	explicit_or_morphological	finite_verb_morphology		candidate	not_detected
645	1corintios	12	3	1corintios-12-3-P02	λέγει	V-PAI-3S	2	P	candidate	nearest_agreeing_nominative_no_visible_boundary	inherited	inheritance_allowed	1corintios-12-2-P03	unresolved	candidate
646	1corintios	12	3	1corintios-12-3-P03	δύναται	V-PMI-3S	1	S	candidate	nearest_agreeing_nominative_no_visible_boundary	inherited	inheritance_allowed	1corintios-12-3-P01	candidate	not_detected
647	1corintios	12	4	1corintios-12-4-P01	εἰσίν	V-PAI-3P	3	P	confirmed	finite_verb_morphology	explicit_or_morphological	finite_verb_morphology		candidate	not_detected
648	1corintios	12	5	1corintios-12-5-P01	εἰσιν	V-PAI-3P	3	P	candidate	nearest_agreeing_nominative_no_visible_boundary	inherited	inheritance_allowed	1corintios-12-4-P01	candidate	not_detected
649	1corintios	12	6	1corintios-12-6-P01	εἰσίν	V-PAI-3P	3	P	candidate	nearest_agreeing_nominative_no_visible_boundary	inherited	inheritance_allowed	1corintios-12-5-P01	candidate	not_detected
650	1corintios	12	7	1corintios-12-7-P01	δίδοται	V-PPI-3S	3	S	confirmed	finite_verb_morphology	explicit_or_morphological	finite_verb_morphology		candidate	not_detected
651	1corintios	12	8	1corintios-12-8-P01	δίδοται	V-PPI-3S	3	S	confirmed	finite_verb_morphology	explicit_or_morphological	finite_verb_morphology		candidate	not_detected
652	1corintios	12	11	1corintios-12-11-P01	ἐνεργεῖ	V-PAI-3S	3	S	confirmed	finite_verb_morphology	explicit_or_morphological	finite_verb_morphology		candidate	not_detected
653	1corintios	12	11	1corintios-12-11-P02	βούλεται	V-PMI-3S			candidate	nearest_agreeing_nominative_no_visible_boundary	unresolved	no_valid_inheritance		unresolved	candidate
654	1corintios	12	12	1corintios-12-12-P01	ἐστιν	V-PAI-3S	3	S	candidate	nearest_agreeing_nominative_no_visible_boundary	inherited	inheritance_allowed	1corintios-12-11-P01	candidate	not_detected
655	1corintios	12	12	1corintios-12-12-P02	ἔχει	V-PAI-3S	3	S	confirmed	finite_verb_morphology	explicit_or_morphological	finite_verb_morphology		candidate	not_detected
656	1corintios	12	12	1corintios-12-12-P03	ἐστιν	V-PAI-3S	3	S	candidate	nearest_agreeing_nominative_no_visible_boundary	inherited	inheritance_allowed	1corintios-12-12-P02	candidate	not_detected
657	1corintios	12	13	1corintios-12-13-P01	ἐβαπτίσθημεν	V-API-1P	1	P	confirmed	finite_verb_morphology	explicit_or_morphological	finite_verb_morphology		candidate	not_detected
658	1corintios	12	13	1corintios-12-13-P02	ἐποτίσθημεν	V-API-1P	1	P	confirmed	finite_verb_morphology	explicit_or_morphological	finite_verb_morphology		candidate	not_detected
659	1corintios	12	14	1corintios-12-14-P01	ἔστιν	V-PAI-3S	1	P	candidate	nearest_agreeing_nominative_no_visible_boundary	inherited	inheritance_allowed	1corintios-12-13-P02	candidate	not_detected
660	1corintios	12	15	1corintios-12-15-P01	εἴπῃ	V-AAS-3S	3	S	confirmed	finite_verb_morphology	explicit_or_morphological	finite_verb_morphology		unresolved	candidate
661	1corintios	12	15	1corintios-12-15-P02	εἰμὶ	V-PAI-1S	1	S	confirmed	finite_verb_morphology	explicit_or_morphological	finite_verb_morphology		unresolved	candidate
662	1corintios	12	15	1corintios-12-15-P03	εἰμὶ	V-PAI-1S	1	S	confirmed	finite_verb_morphology	explicit_or_morphological	finite_verb_morphology		candidate	not_detected
663	1corintios	12	15	1corintios-12-15-P04	ἔστιν	V-PAI-3S	3	S	confirmed	finite_verb_morphology	explicit_or_morphological	finite_verb_morphology		candidate	not_detected
664	1corintios	12	16	1corintios-12-16-P01	εἴπῃ	V-AAS-3S	3	S	confirmed	finite_verb_morphology	explicit_or_morphological	finite_verb_morphology		unresolved	candidate
665	1corintios	12	16	1corintios-12-16-P02	εἰμὶ	V-PAI-1S	1	S	confirmed	finite_verb_morphology	explicit_or_morphological	finite_verb_morphology		unresolved	candidate
666	1corintios	12	16	1corintios-12-16-P03	εἰμὶ	V-PAI-1S	1	S	confirmed	finite_verb_morphology	explicit_or_morphological	finite_verb_morphology		candidate	not_detected
667	1corintios	12	16	1corintios-12-16-P04	ἔστιν	V-PAI-3S	3	S	confirmed	finite_verb_morphology	explicit_or_morphological	finite_verb_morphology		candidate	not_detected
668	1corintios	12	18	1corintios-12-18-P01	ἔθετο	V-AMI-3S	3	S	candidate	nearest_agreeing_nominative_no_visible_boundary	inherited	inheritance_allowed	1corintios-12-16-P04	candidate	not_detected
669	1corintios	12	18	1corintios-12-18-P02	ἠθέλησεν	V-AAI-3S	3	S	confirmed	finite_verb_morphology	explicit_or_morphological	finite_verb_morphology		unresolved	candidate
670	1corintios	12	19	1corintios-12-19-P01	ἦν	V-IAI-3S	3	S	confirmed	finite_verb_morphology	explicit_or_morphological	finite_verb_morphology		unresolved	candidate
671	1corintios	12	21	1corintios-12-21-P01	δύναται	V-PMI-3S	3	S	confirmed	finite_verb_morphology	explicit_or_morphological	finite_verb_morphology		candidate	not_detected
672	1corintios	12	21	1corintios-12-21-P02	ἔχω	V-PAI-1S	1	S	confirmed	finite_verb_morphology	explicit_or_morphological	finite_verb_morphology		candidate	not_detected
673	1corintios	12	21	1corintios-12-21-P03	ἔχω	V-PAI-1S	1	S	confirmed	finite_verb_morphology	explicit_or_morphological	finite_verb_morphology		candidate	not_detected
674	1corintios	12	22	1corintios-12-22-P01	ἐστιν	V-PAI-3S	1	S	candidate	nearest_agreeing_nominative_no_visible_boundary	inherited	inheritance_allowed	1corintios-12-21-P03	candidate	not_detected
675	1corintios	12	23	1corintios-12-23-P01	δοκοῦμεν	V-PAI-1P	1	P	confirmed	finite_verb_morphology	explicit_or_morphological	finite_verb_morphology		candidate	not_detected
676	1corintios	12	23	1corintios-12-23-P02	περιτίθεμεν	V-PAI-1P	1	P	confirmed	finite_verb_morphology	explicit_or_morphological	finite_verb_morphology		candidate	not_detected
677	1corintios	12	23	1corintios-12-23-P03	ἔχει	V-PAI-3S	1	P	candidate	nearest_agreeing_nominative_no_visible_boundary	inherited	inheritance_allowed	1corintios-12-23-P02	candidate	not_detected
678	1corintios	12	24	1corintios-12-24-P01	ἔχει	V-PAI-3S	1	P	candidate	nearest_agreeing_nominative_no_visible_boundary	inherited	inheritance_allowed	1corintios-12-23-P03	candidate	not_detected
679	1corintios	12	24	1corintios-12-24-P02	συνεκέρασεν	V-AAI-3S	1	P	candidate	nearest_agreeing_nominative_no_visible_boundary	inherited	inheritance_allowed	1corintios-12-24-P01	candidate	not_detected
680	1corintios	12	25	1corintios-12-25-P01	ᾖ	V-PAS-3S	3	S	confirmed	finite_verb_morphology	explicit_or_morphological	finite_verb_morphology		unresolved	candidate
681	1corintios	12	25	1corintios-12-25-P02	μεριμνῶσι	V-PAS-3P	3	P	confirmed	finite_verb_morphology	explicit_or_morphological	finite_verb_morphology		candidate	not_detected
682	1corintios	12	26	1corintios-12-26-P01	πάσχει	V-PAI-3S	3	S	confirmed	finite_verb_morphology	explicit_or_morphological	finite_verb_morphology		candidate	not_detected
683	1corintios	12	26	1corintios-12-26-P02	συμπάσχει	V-PAI-3S	3	S	candidate	nearest_agreeing_nominative_no_visible_boundary	inherited	inheritance_allowed	1corintios-12-26-P01	candidate	not_detected
684	1corintios	12	26	1corintios-12-26-P03	δοξάζεται	V-PPI-3S	3	S	confirmed	finite_verb_morphology	explicit_or_morphological	finite_verb_morphology		candidate	not_detected
685	1corintios	12	26	1corintios-12-26-P04	συγχαίρει	V-PAI-3S	3	S	candidate	nearest_agreeing_nominative_no_visible_boundary	inherited	inheritance_allowed	1corintios-12-26-P03	candidate	not_detected
686	1corintios	12	27	1corintios-12-27-P01	ἐστε	V-PAI-2P	2	P	confirmed	finite_verb_morphology	explicit_or_morphological	finite_verb_morphology		candidate	not_detected
687	1corintios	12	28	1corintios-12-28-P01	ἔθετο	V-AMI-3S	3	S	confirmed	finite_verb_morphology	explicit_or_morphological	finite_verb_morphology		candidate	not_detected
688	1corintios	12	30	1corintios-12-30-P01	ἔχουσιν	V-PAI-3P	3	S	candidate	nearest_agreeing_nominative_no_visible_boundary	inherited	inheritance_allowed	1corintios-12-28-P01	candidate	not_detected
689	1corintios	12	30	1corintios-12-30-P02	λαλοῦσιν	V-PAI-3P	3	S	candidate	nearest_agreeing_nominative_no_visible_boundary	inherited	inheritance_allowed	1corintios-12-30-P01	candidate	not_detected
690	1corintios	12	30	1corintios-12-30-P03	διερμηνεύουσιν	V-PAI-3P	3	S	candidate	nearest_agreeing_nominative_no_visible_boundary	inherited	inheritance_allowed	1corintios-12-30-P02	candidate	not_detected
691	1corintios	12	31	1corintios-12-31-P01	ζηλοῦτε	V-PAD-2P	2	P	confirmed	finite_verb_morphology	explicit_or_morphological	finite_verb_morphology		candidate	not_detected
692	1corintios	12	31	1corintios-12-31-P02	δείκνυμι	V-PAI-1S	1	S	confirmed	finite_verb_morphology	explicit_or_morphological	finite_verb_morphology		candidate	not_detected
693	1corintios	13	1	1corintios-13-1-P01	λαλῶ	V-PAS-1S	1	S	confirmed	finite_verb_morphology	explicit_or_morphological	finite_verb_morphology		unresolved	candidate
694	1corintios	13	1	1corintios-13-1-P02	ἔχω	V-PAS-1S	1	S	confirmed	finite_verb_morphology	explicit_or_morphological	finite_verb_morphology		candidate	not_detected
695	1corintios	13	1	1corintios-13-1-P03	γέγονα	V-XAI-1S	1	S	confirmed	finite_verb_morphology	explicit_or_morphological	finite_verb_morphology		candidate	not_detected
696	1corintios	13	2	1corintios-13-2-P01	ἔχω	V-PAS-1S	1	S	confirmed	finite_verb_morphology	explicit_or_morphological	finite_verb_morphology		unresolved	candidate
697	1corintios	13	2	1corintios-13-2-P02	εἰδῶ	V-XAS-1S	1	S	confirmed	finite_verb_morphology	explicit_or_morphological	finite_verb_morphology		candidate	not_detected
698	1corintios	13	2	1corintios-13-2-P03	ἔχω	V-PAS-1S	1	S	confirmed	finite_verb_morphology	explicit_or_morphological	finite_verb_morphology		candidate	not_detected
699	1corintios	13	2	1corintios-13-2-P04	ἔχω	V-PAS-1S	1	S	confirmed	finite_verb_morphology	explicit_or_morphological	finite_verb_morphology		unresolved	candidate
700	1corintios	13	2	1corintios-13-2-P05	εἰμι	V-PAI-1S	1	S	confirmed	finite_verb_morphology	explicit_or_morphological	finite_verb_morphology		candidate	not_detected
701	1corintios	13	4	1corintios-13-4-P01	μακροθυμεῖ	V-PAI-3S	1	S	candidate	nearest_agreeing_nominative_no_visible_boundary	inherited	inheritance_allowed	1corintios-13-2-P05	candidate	not_detected
702	1corintios	13	4	1corintios-13-4-P02	χρηστεύεται	V-PMI-3S	3	S	confirmed	finite_verb_morphology	explicit_or_morphological	finite_verb_morphology		candidate	not_detected
703	1corintios	13	4	1corintios-13-4-P03	ζηλοῖ	V-PAI-3S	3	S	candidate	nearest_agreeing_nominative_no_visible_boundary	inherited	inheritance_allowed	1corintios-13-4-P02	candidate	not_detected
704	1corintios	13	4	1corintios-13-4-P04	περπερεύεται	V-PMI-3S	3	S	candidate	nearest_agreeing_nominative_no_visible_boundary	inherited	inheritance_allowed	1corintios-13-4-P03	candidate	not_detected
705	1corintios	13	4	1corintios-13-4-P05	φυσιοῦται	V-PPI-3S	3	S	confirmed	finite_verb_morphology	explicit_or_morphological	finite_verb_morphology		candidate	not_detected
706	1corintios	13	5	1corintios-13-5-P01	ἀσχημονεῖ	V-PAI-3S	3	S	confirmed	finite_verb_morphology	explicit_or_morphological	finite_verb_morphology		candidate	not_detected
707	1corintios	13	5	1corintios-13-5-P02	ζητεῖ	V-PAI-3S	3	S	confirmed	finite_verb_morphology	explicit_or_morphological	finite_verb_morphology		candidate	not_detected
708	1corintios	13	5	1corintios-13-5-P03	παροξύνεται	V-PPI-3S	3	S	confirmed	finite_verb_morphology	explicit_or_morphological	finite_verb_morphology		candidate	not_detected
709	1corintios	13	5	1corintios-13-5-P04	λογίζεται	V-PMI-3S	3	S	confirmed	finite_verb_morphology	explicit_or_morphological	finite_verb_morphology		candidate	not_detected
710	1corintios	13	6	1corintios-13-6-P01	χαίρει	V-PAI-3S	3	S	confirmed	finite_verb_morphology	explicit_or_morphological	finite_verb_morphology		candidate	not_detected
711	1corintios	13	6	1corintios-13-6-P02	συγχαίρει	V-PAI-3S	3	S	confirmed	finite_verb_morphology	explicit_or_morphological	finite_verb_morphology		candidate	not_detected
712	1corintios	13	7	1corintios-13-7-P01	στέγει	V-PAI-3S	3	S	confirmed	finite_verb_morphology	explicit_or_morphological	finite_verb_morphology		candidate	not_detected
713	1corintios	13	7	1corintios-13-7-P02	πιστεύει	V-PAI-3S	3	S	confirmed	finite_verb_morphology	explicit_or_morphological	finite_verb_morphology		candidate	not_detected
714	1corintios	13	7	1corintios-13-7-P03	ἐλπίζει	V-PAI-3S	3	S	confirmed	finite_verb_morphology	explicit_or_morphological	finite_verb_morphology		candidate	not_detected
715	1corintios	13	7	1corintios-13-7-P04	ὑπομένει	V-PAI-3S	3	S	confirmed	finite_verb_morphology	explicit_or_morphological	finite_verb_morphology		candidate	not_detected
716	1corintios	13	8	1corintios-13-8-P01	πίπτει	V-PAI-3S	3	S	candidate	nearest_agreeing_nominative_no_visible_boundary	inherited	inheritance_allowed	1corintios-13-7-P04	candidate	not_detected
717	1corintios	13	8	1corintios-13-8-P02	καταργηθήσονται	V-FPI-3P	3	S	candidate	nearest_agreeing_nominative_no_visible_boundary	inherited	inheritance_allowed	1corintios-13-8-P01	candidate	not_detected
718	1corintios	13	8	1corintios-13-8-P03	παύσονται	V-FMI-3P	3	S	candidate	nearest_agreeing_nominative_no_visible_boundary	inherited	inheritance_allowed	1corintios-13-8-P02	candidate	not_detected
719	1corintios	13	8	1corintios-13-8-P04	καταργηθήσεται	V-FPI-3S	3	S	candidate	nearest_agreeing_nominative_no_visible_boundary	inherited	inheritance_allowed	1corintios-13-8-P03	candidate	not_detected
720	1corintios	13	9	1corintios-13-9-P01	γινώσκομεν	V-PAI-1P	1	P	confirmed	finite_verb_morphology	explicit_or_morphological	finite_verb_morphology		candidate	not_detected
721	1corintios	13	9	1corintios-13-9-P02	προφητεύομεν	V-PAI-1P	1	P	confirmed	finite_verb_morphology	explicit_or_morphological	finite_verb_morphology		candidate	not_detected
722	1corintios	13	10	1corintios-13-10-P01	ἔλθῃ	V-AAS-3S	3	S	confirmed	finite_verb_morphology	explicit_or_morphological	finite_verb_morphology		unresolved	candidate
723	1corintios	13	10	1corintios-13-10-P02	καταργηθήσεται	V-FPI-3S	1	P	candidate	nearest_agreeing_nominative_no_visible_boundary	inherited	inheritance_allowed	1corintios-13-9-P02	candidate	not_detected
724	1corintios	13	11	1corintios-13-11-P01	ἤμην	V-IMI-1S	1	S	confirmed	finite_verb_morphology	explicit_or_morphological	finite_verb_morphology		unresolved	candidate
725	1corintios	13	11	1corintios-13-11-P02	ἐλάλουν	V-IAI-1S	1	S	confirmed	finite_verb_morphology	explicit_or_morphological	finite_verb_morphology		candidate	not_detected
726	1corintios	13	11	1corintios-13-11-P03	ἐφρόνουν	V-IAI-1S	1	S	confirmed	finite_verb_morphology	explicit_or_morphological	finite_verb_morphology		unresolved	candidate
727	1corintios	13	11	1corintios-13-11-P04	ἐλογιζόμην	V-IMI-1S	1	S	confirmed	finite_verb_morphology	explicit_or_morphological	finite_verb_morphology		unresolved	candidate
728	1corintios	13	11	1corintios-13-11-P05	γέγονα	V-XAI-1S	1	S	confirmed	finite_verb_morphology	explicit_or_morphological	finite_verb_morphology		unresolved	candidate
729	1corintios	13	11	1corintios-13-11-P06	κατήργηκα	V-XAI-1S	1	S	confirmed	finite_verb_morphology	explicit_or_morphological	finite_verb_morphology		candidate	not_detected
730	1corintios	13	12	1corintios-13-12-P01	βλέπομεν	V-PAI-1P	1	P	confirmed	finite_verb_morphology	explicit_or_morphological	finite_verb_morphology		candidate	not_detected
731	1corintios	13	12	1corintios-13-12-P02	γινώσκω	V-PAI-1S	1	S	confirmed	finite_verb_morphology	explicit_or_morphological	finite_verb_morphology		candidate	not_detected
732	1corintios	13	12	1corintios-13-12-P03	ἐπιγνώσομαι	V-FMI-1S	1	S	confirmed	finite_verb_morphology	explicit_or_morphological	finite_verb_morphology		candidate	not_detected
733	1corintios	13	12	1corintios-13-12-P04	ἐπεγνώσθην	V-API-1S	1	S	confirmed	finite_verb_morphology	explicit_or_morphological	finite_verb_morphology		unresolved	candidate
734	1corintios	13	13	1corintios-13-13-P01	μένει	V-PAI-3S	3	S	confirmed	finite_verb_morphology	explicit_or_morphological	finite_verb_morphology		candidate	not_detected
735	1corintios	14	1	1corintios-14-1-P01	διώκετε	V-PAD-2P	2	P	confirmed	finite_verb_morphology	explicit_or_morphological	finite_verb_morphology		candidate	not_detected
736	1corintios	14	1	1corintios-14-1-P02	ζηλοῦτε	V-PAD-2P	2	P	confirmed	finite_verb_morphology	explicit_or_morphological	finite_verb_morphology		candidate	not_detected
737	1corintios	14	1	1corintios-14-1-P03	προφητεύητε	V-PAS-2P	2	P	confirmed	finite_verb_morphology	explicit_or_morphological	finite_verb_morphology		unresolved	candidate
738	1corintios	14	2	1corintios-14-2-P01	λαλεῖ	V-PAI-3S	3	S	confirmed	finite_verb_morphology	explicit_or_morphological	finite_verb_morphology		candidate	not_detected
739	1corintios	14	2	1corintios-14-2-P02	ἀκούει	V-PAI-3S	3	S	confirmed	finite_verb_morphology	explicit_or_morphological	finite_verb_morphology		candidate	not_detected
740	1corintios	14	2	1corintios-14-2-P03	λαλεῖ	V-PAI-3S	3	S	confirmed	finite_verb_morphology	explicit_or_morphological	finite_verb_morphology		candidate	not_detected
741	1corintios	14	3	1corintios-14-3-P01	λαλεῖ	V-PAI-3S	3	S	confirmed	finite_verb_morphology	explicit_or_morphological	finite_verb_morphology		candidate	not_detected
742	1corintios	14	4	1corintios-14-4-P01	οἰκοδομεῖ	V-PAI-3S	3	S	candidate	nearest_agreeing_nominative_no_visible_boundary	inherited	inheritance_allowed	1corintios-14-3-P01	candidate	not_detected
743	1corintios	14	4	1corintios-14-4-P02	οἰκοδομεῖ	V-PAI-3S	3	S	confirmed	finite_verb_morphology	explicit_or_morphological	finite_verb_morphology		candidate	not_detected
744	1corintios	14	5	1corintios-14-5-P01	θέλω	V-PAI-1S	1	S	confirmed	finite_verb_morphology	explicit_or_morphological	finite_verb_morphology		candidate	not_detected
745	1corintios	14	5	1corintios-14-5-P02	προφητεύητε	V-PAS-2P	2	P	confirmed	finite_verb_morphology	explicit_or_morphological	finite_verb_morphology		unresolved	candidate
746	1corintios	14	5	1corintios-14-5-P03	διερμηνεύῃ	V-PAS-3S	2	P	candidate	nearest_agreeing_nominative_no_visible_boundary	inherited	inheritance_allowed	1corintios-14-5-P02	unresolved	candidate
747	1corintios	14	5	1corintios-14-5-P04	λάβῃ	V-AAS-3S	2	P	candidate	nearest_agreeing_nominative_no_visible_boundary	inherited	inheritance_allowed	1corintios-14-5-P03	unresolved	candidate
748	1corintios	14	6	1corintios-14-6-P01	ἔλθω	V-AAS-1S	1	S	confirmed	finite_verb_morphology	explicit_or_morphological	finite_verb_morphology		unresolved	candidate
749	1corintios	14	6	1corintios-14-6-P02	ὠφελήσω	V-FAI-1S	1	S	confirmed	finite_verb_morphology	explicit_or_morphological	finite_verb_morphology		candidate	not_detected
750	1corintios	14	6	1corintios-14-6-P03	λαλήσω	V-AAS-1S	1	S	confirmed	finite_verb_morphology	explicit_or_morphological	finite_verb_morphology		unresolved	candidate
751	1corintios	14	7	1corintios-14-7-P01	δῷ	V-AAS-3S	1	S	candidate	nearest_agreeing_nominative_no_visible_boundary	inherited	inheritance_allowed	1corintios-14-6-P03	unresolved	candidate
752	1corintios	14	7	1corintios-14-7-P02	γνωσθήσεται	V-FPI-3S	3	S	confirmed	finite_verb_morphology	explicit_or_morphological	finite_verb_morphology		candidate	not_detected
753	1corintios	14	8	1corintios-14-8-P01	δῷ	V-AAS-3S	1	S	candidate	nearest_agreeing_nominative_no_visible_boundary	inherited	inheritance_allowed	1corintios-14-7-P01	unresolved	candidate
754	1corintios	14	8	1corintios-14-8-P02	παρασκευάσεται	V-FMI-3S	3	S	candidate	nearest_agreeing_nominative_no_visible_boundary	inherited	inheritance_allowed	1corintios-14-7-P02	candidate	not_detected
755	1corintios	14	9	1corintios-14-9-P01	δῶτε	V-AAS-2P	2	P	confirmed	finite_verb_morphology	explicit_or_morphological	finite_verb_morphology		unresolved	candidate
756	1corintios	14	9	1corintios-14-9-P02	γνωσθήσεται	V-FPI-3S	3	S	confirmed	finite_verb_morphology	explicit_or_morphological	finite_verb_morphology		candidate	not_detected
757	1corintios	14	9	1corintios-14-9-P03	ἔσεσθε	V-FMI-2P	2	P	confirmed	finite_verb_morphology	explicit_or_morphological	finite_verb_morphology		candidate	not_detected
758	1corintios	14	10	1corintios-14-10-P01	τύχοι	V-AAO-3S	2	P	candidate	nearest_agreeing_nominative_no_visible_boundary	inherited	inheritance_allowed	1corintios-14-9-P01	unresolved	candidate
759	1corintios	14	10	1corintios-14-10-P02	εἰσιν	V-PAI-3P	2	P	candidate	nearest_agreeing_nominative_no_visible_boundary	inherited	inheritance_allowed	1corintios-14-9-P03	candidate	not_detected
760	1corintios	14	11	1corintios-14-11-P01	εἰδῶ	V-XAS-1S	1	S	confirmed	finite_verb_morphology	explicit_or_morphological	finite_verb_morphology		unresolved	candidate
761	1corintios	14	11	1corintios-14-11-P02	ἔσομαι	V-FMI-1S	1	S	confirmed	finite_verb_morphology	explicit_or_morphological	finite_verb_morphology		candidate	not_detected
762	1corintios	14	12	1corintios-14-12-P01	ἐστε	V-PAI-2P	2	P	confirmed	finite_verb_morphology	explicit_or_morphological	finite_verb_morphology		unresolved	candidate
763	1corintios	14	12	1corintios-14-12-P02	ζητεῖτε	V-PAD-2P	2	P	confirmed	finite_verb_morphology	explicit_or_morphological	finite_verb_morphology		candidate	not_detected
764	1corintios	14	12	1corintios-14-12-P03	περισσεύητε	V-PAS-2P	2	P	confirmed	finite_verb_morphology	explicit_or_morphological	finite_verb_morphology		unresolved	candidate
765	1corintios	14	13	1corintios-14-13-P01	προσευχέσθω	V-PMD-3S	2	P	candidate	nearest_agreeing_nominative_no_visible_boundary	inherited	inheritance_allowed	1corintios-14-12-P02	candidate	not_detected
766	1corintios	14	13	1corintios-14-13-P02	διερμηνεύῃ	V-PAS-3S	3	S	confirmed	finite_verb_morphology	explicit_or_morphological	finite_verb_morphology		unresolved	candidate
767	1corintios	14	14	1corintios-14-14-P01	προσεύχωμαι	V-PMS-1S	1	S	confirmed	finite_verb_morphology	explicit_or_morphological	finite_verb_morphology		unresolved	candidate
768	1corintios	14	14	1corintios-14-14-P02	προσεύχεται	V-PMI-3S	2	P	candidate	nearest_agreeing_nominative_no_visible_boundary	inherited	inheritance_allowed	1corintios-14-13-P01	candidate	not_detected
769	1corintios	14	14	1corintios-14-14-P03	ἐστιν	V-PAI-3S	2	P	candidate	nearest_agreeing_nominative_no_visible_boundary	inherited	inheritance_allowed	1corintios-14-14-P02	candidate	not_detected
770	1corintios	14	15	1corintios-14-15-P01	ἐστιν	V-PAI-3S	3	S	confirmed	finite_verb_morphology	explicit_or_morphological	finite_verb_morphology		candidate	not_detected
771	1corintios	14	15	1corintios-14-15-P02	προσεύξομαι	V-FMI-1S	1	S	confirmed	finite_verb_morphology	explicit_or_morphological	finite_verb_morphology		candidate	not_detected
772	1corintios	14	15	1corintios-14-15-P03	προσεύξομαι	V-FMI-1S	1	S	confirmed	finite_verb_morphology	explicit_or_morphological	finite_verb_morphology		candidate	not_detected
773	1corintios	14	15	1corintios-14-15-P04	ψαλῶ	V-FAI-1S	1	S	confirmed	finite_verb_morphology	explicit_or_morphological	finite_verb_morphology		candidate	not_detected
774	1corintios	14	15	1corintios-14-15-P05	ψαλῶ	V-FAI-1S	1	S	confirmed	finite_verb_morphology	explicit_or_morphological	finite_verb_morphology		candidate	not_detected
775	1corintios	14	16	1corintios-14-16-P01	εὐλογῇς	V-PAS-2S	2	S	confirmed	finite_verb_morphology	explicit_or_morphological	finite_verb_morphology		unresolved	candidate
776	1corintios	14	16	1corintios-14-16-P02	ἐρεῖ	V-FAI-3S	3	S	confirmed	finite_verb_morphology	explicit_or_morphological	finite_verb_morphology		candidate	not_detected
777	1corintios	14	16	1corintios-14-16-P03	λέγεις	V-PAI-2S	2	S	confirmed	finite_verb_morphology	explicit_or_morphological	finite_verb_morphology		unresolved	candidate
778	1corintios	14	16	1corintios-14-16-P04	οἶδεν	V-XAI-3S	3	S	confirmed	finite_verb_morphology	explicit_or_morphological	finite_verb_morphology		candidate	not_detected
779	1corintios	14	17	1corintios-14-17-P01	εὐχαριστεῖς	V-PAI-2S	2	S	confirmed	finite_verb_morphology	explicit_or_morphological	finite_verb_morphology		candidate	not_detected
780	1corintios	14	17	1corintios-14-17-P02	οἰκοδομεῖται	V-PPI-3S	2	S	candidate	nearest_agreeing_nominative_no_visible_boundary	inherited	inheritance_allowed	1corintios-14-17-P01	candidate	not_detected
781	1corintios	14	18	1corintios-14-18-P01	εὐχαριστῶ	V-PAI-1S	1	S	confirmed	finite_verb_morphology	explicit_or_morphological	finite_verb_morphology		candidate	not_detected
782	1corintios	14	18	1corintios-14-18-P02	λαλῶ	V-PAI-1S	1	S	confirmed	finite_verb_morphology	explicit_or_morphological	finite_verb_morphology		candidate	not_detected
783	1corintios	14	19	1corintios-14-19-P01	θέλω	V-PAI-1S	1	S	confirmed	finite_verb_morphology	explicit_or_morphological	finite_verb_morphology		candidate	not_detected
784	1corintios	14	19	1corintios-14-19-P02	κατηχήσω	V-AAS-1S	1	S	confirmed	finite_verb_morphology	explicit_or_morphological	finite_verb_morphology		unresolved	candidate
785	1corintios	14	20	1corintios-14-20-P01	γίνεσθε	V-PMD-2P	2	P	confirmed	finite_verb_morphology	explicit_or_morphological	finite_verb_morphology		candidate	not_detected
786	1corintios	14	20	1corintios-14-20-P02	νηπιάζετε	V-PAD-2P	2	P	confirmed	finite_verb_morphology	explicit_or_morphological	finite_verb_morphology		candidate	not_detected
787	1corintios	14	20	1corintios-14-20-P03	γίνεσθε	V-PMD-2P	2	P	confirmed	finite_verb_morphology	explicit_or_morphological	finite_verb_morphology		candidate	not_detected
788	1corintios	14	21	1corintios-14-21-P01	γέγραπται	V-XPI-3S	3	S	confirmed	finite_verb_morphology	explicit_or_morphological	finite_verb_morphology		candidate	not_detected
789	1corintios	14	21	1corintios-14-21-P02	λαλήσω	V-FAI-1S	1	S	confirmed	finite_verb_morphology	explicit_or_morphological	finite_verb_morphology		unresolved	candidate
790	1corintios	14	21	1corintios-14-21-P03	εἰσακούσονταί	V-FMI-3P	3	P	confirmed	finite_verb_morphology	explicit_or_morphological	finite_verb_morphology		candidate	not_detected
791	1corintios	14	21	1corintios-14-21-P04	λέγει	V-PAI-3S	3	S	confirmed	finite_verb_morphology	explicit_or_morphological	finite_verb_morphology		candidate	not_detected
792	1corintios	14	22	1corintios-14-22-P01	εἰσιν	V-PAI-3P	1	S	candidate	nearest_agreeing_nominative_no_visible_boundary	inherited	inheritance_allowed	1corintios-14-21-P02	unresolved	candidate
793	1corintios	14	23	1corintios-14-23-P01	συνέλθῃ	V-AAS-3S	3	S	confirmed	finite_verb_morphology	explicit_or_morphological	finite_verb_morphology		unresolved	candidate
794	1corintios	14	23	1corintios-14-23-P02	λαλῶσιν	V-PAS-3P	3	S	candidate	nearest_agreeing_nominative_no_visible_boundary	inherited	inheritance_allowed	1corintios-14-21-P04	candidate	not_detected
795	1corintios	14	23	1corintios-14-23-P03	εἰσέλθωσιν	V-AAS-3P	3	P	confirmed	finite_verb_morphology	explicit_or_morphological	finite_verb_morphology		candidate	not_detected
796	1corintios	14	23	1corintios-14-23-P04	ἐροῦσιν	V-FAI-3P	3	P	candidate	nearest_agreeing_nominative_no_visible_boundary	inherited	inheritance_allowed	1corintios-14-23-P03	candidate	not_detected
797	1corintios	14	23	1corintios-14-23-P05	μαίνεσθε	V-PMI-2P	2	P	confirmed	finite_verb_morphology	explicit_or_morphological	finite_verb_morphology		unresolved	candidate
798	1corintios	14	24	1corintios-14-24-P01	προφητεύωσιν	V-PAS-3P	2	P	candidate	nearest_agreeing_nominative_no_visible_boundary	inherited	inheritance_allowed	1corintios-14-23-P05	unresolved	candidate
799	1corintios	14	24	1corintios-14-24-P02	εἰσέλθῃ	V-AAS-3S	3	S	confirmed	finite_verb_morphology	explicit_or_morphological	finite_verb_morphology		candidate	not_detected
800	1corintios	14	24	1corintios-14-24-P03	ἐλέγχεται	V-PPI-3S	3	S	candidate	nearest_agreeing_nominative_no_visible_boundary	inherited	inheritance_allowed	1corintios-14-24-P02	candidate	not_detected
801	1corintios	14	24	1corintios-14-24-P04	ἀνακρίνεται	V-PPI-3S	3	S	confirmed	finite_verb_morphology	explicit_or_morphological	finite_verb_morphology		candidate	not_detected
802	1corintios	14	25	1corintios-14-25-P01	γίνεται	V-PMI-3S	3	S	candidate	nearest_agreeing_nominative_no_visible_boundary	inherited	inheritance_allowed	1corintios-14-24-P04	candidate	not_detected
803	1corintios	14	25	1corintios-14-25-P02	προσκυνήσει	V-FAI-3S	3	S	confirmed	finite_verb_morphology	explicit_or_morphological	finite_verb_morphology		candidate	not_detected
804	1corintios	14	25	1corintios-14-25-P03	ἐστιν	V-PAI-3S			candidate	nearest_agreeing_nominative_no_visible_boundary	unresolved	no_valid_inheritance		unresolved	candidate
805	1corintios	14	26	1corintios-14-26-P01	ἐστιν	V-PAI-3S	3	S	confirmed	finite_verb_morphology	explicit_or_morphological	finite_verb_morphology		candidate	not_detected
806	1corintios	14	26	1corintios-14-26-P02	συνέρχησθε	V-PMS-2P	2	P	confirmed	finite_verb_morphology	explicit_or_morphological	finite_verb_morphology		unresolved	candidate
807	1corintios	14	26	1corintios-14-26-P03	ἔχει	V-PAI-3S	3	S	candidate	nearest_agreeing_nominative_no_visible_boundary	inherited	inheritance_allowed	1corintios-14-26-P01	candidate	not_detected
808	1corintios	14	26	1corintios-14-26-P04	ἔχει	V-PAI-3S	3	S	confirmed	finite_verb_morphology	explicit_or_morphological	finite_verb_morphology		candidate	not_detected
809	1corintios	14	26	1corintios-14-26-P05	ἔχει	V-PAI-3S	3	S	confirmed	finite_verb_morphology	explicit_or_morphological	finite_verb_morphology		candidate	not_detected
810	1corintios	14	26	1corintios-14-26-P06	ἔχει	V-PAI-3S	3	S	confirmed	finite_verb_morphology	explicit_or_morphological	finite_verb_morphology		candidate	not_detected
811	1corintios	14	26	1corintios-14-26-P07	ἔχει	V-PAI-3S	3	S	confirmed	finite_verb_morphology	explicit_or_morphological	finite_verb_morphology		candidate	not_detected
812	1corintios	14	26	1corintios-14-26-P08	γινέσθω	V-PMD-3S	3	S	candidate	nearest_agreeing_nominative_no_visible_boundary	inherited	inheritance_allowed	1corintios-14-26-P07	candidate	not_detected
813	1corintios	14	27	1corintios-14-27-P01	λαλεῖ	V-PAI-3S	3	S	candidate	nearest_agreeing_nominative_no_visible_boundary	inherited	inheritance_allowed	1corintios-14-26-P08	candidate	not_detected
814	1corintios	14	27	1corintios-14-27-P02	διερμηνευέτω	V-PAD-3S	3	S	candidate	nearest_agreeing_nominative_no_visible_boundary	inherited	inheritance_allowed	1corintios-14-27-P01	candidate	not_detected
815	1corintios	14	28	1corintios-14-28-P01	ᾖ	V-PAS-3S	3	S	confirmed	finite_verb_morphology	explicit_or_morphological	finite_verb_morphology		unresolved	candidate
816	1corintios	14	28	1corintios-14-28-P02	σιγάτω	V-PAD-3S	3	S	candidate	nearest_agreeing_nominative_no_visible_boundary	inherited	inheritance_allowed	1corintios-14-27-P02	candidate	not_detected
817	1corintios	14	28	1corintios-14-28-P03	λαλείτω	V-PAD-3S	3	S	confirmed	finite_verb_morphology	explicit_or_morphological	finite_verb_morphology		candidate	not_detected
818	1corintios	14	29	1corintios-14-29-P01	λαλείτωσαν	V-PAD-3P	3	S	candidate	nearest_agreeing_nominative_no_visible_boundary	inherited	inheritance_allowed	1corintios-14-28-P03	candidate	not_detected
819	1corintios	14	29	1corintios-14-29-P02	διακρινέτωσαν	V-PAD-3P	3	S	candidate	nearest_agreeing_nominative_no_visible_boundary	inherited	inheritance_allowed	1corintios-14-29-P01	candidate	not_detected
820	1corintios	14	30	1corintios-14-30-P01	ἀποκαλυφθῇ	V-APS-3S	3	S	confirmed	finite_verb_morphology	explicit_or_morphological	finite_verb_morphology		unresolved	candidate
821	1corintios	14	30	1corintios-14-30-P02	σιγάτω	V-PAD-3S	3	S	candidate	nearest_agreeing_nominative_no_visible_boundary	inherited	inheritance_allowed	1corintios-14-29-P02	candidate	not_detected
822	1corintios	14	31	1corintios-14-31-P01	δύνασθε	V-PMI-2P	2	P	confirmed	finite_verb_morphology	explicit_or_morphological	finite_verb_morphology		candidate	not_detected
823	1corintios	14	31	1corintios-14-31-P02	μανθάνωσιν	V-PAS-3P	3	S	candidate	nearest_agreeing_nominative_no_visible_boundary	inherited	inheritance_allowed	1corintios-14-30-P01	unresolved	candidate
824	1corintios	14	31	1corintios-14-31-P03	παρακαλῶνται	V-PPS-3P	2	P	candidate	nearest_agreeing_nominative_no_visible_boundary	inherited	inheritance_allowed	1corintios-14-31-P01	candidate	not_detected
825	1corintios	14	32	1corintios-14-32-P01	ὑποτάσσεται	V-PPI-3S	2	P	candidate	nearest_agreeing_nominative_no_visible_boundary	inherited	inheritance_allowed	1corintios-14-31-P03	candidate	not_detected
826	1corintios	14	33	1corintios-14-33-P01	ἐστιν	V-PAI-3S	3	S	confirmed	finite_verb_morphology	explicit_or_morphological	finite_verb_morphology		candidate	not_detected
827	1corintios	14	34	1corintios-14-34-P01	σιγάτωσαν	V-PAD-3P	3	S	candidate	nearest_agreeing_nominative_no_visible_boundary	inherited	inheritance_allowed	1corintios-14-33-P01	candidate	not_detected
828	1corintios	14	34	1corintios-14-34-P02	ἐπιτρέπεται	V-PPI-3S	3	S	confirmed	finite_verb_morphology	explicit_or_morphological	finite_verb_morphology		candidate	not_detected
829	1corintios	14	34	1corintios-14-34-P03	ὑποτασσέσθωσαν	V-PPD-3P	3	P	confirmed	finite_verb_morphology	explicit_or_morphological	finite_verb_morphology		candidate	not_detected
830	1corintios	14	34	1corintios-14-34-P04	λέγει	V-PAI-3S			candidate	nearest_agreeing_nominative_no_visible_boundary	unresolved	no_valid_inheritance		unresolved	candidate
831	1corintios	14	35	1corintios-14-35-P01	θέλουσιν	V-PAI-3P	3	P	confirmed	finite_verb_morphology	explicit_or_morphological	finite_verb_morphology		unresolved	candidate
832	1corintios	14	35	1corintios-14-35-P02	ἐπερωτάτωσαν	V-PAD-3P	3	P	confirmed	finite_verb_morphology	explicit_or_morphological	finite_verb_morphology		candidate	not_detected
833	1corintios	14	35	1corintios-14-35-P03	ἐστιν	V-PAI-3S	3	S	confirmed	finite_verb_morphology	explicit_or_morphological	finite_verb_morphology		candidate	not_detected
834	1corintios	14	36	1corintios-14-36-P01	ἐξῆλθεν	V-AAI-3S	3	S	candidate	nearest_agreeing_nominative_no_visible_boundary	inherited	inheritance_allowed	1corintios-14-35-P03	candidate	not_detected
835	1corintios	14	36	1corintios-14-36-P02	κατήντησεν	V-AAI-3S	3	S	confirmed	finite_verb_morphology	explicit_or_morphological	finite_verb_morphology		candidate	not_detected
836	1corintios	14	37	1corintios-14-37-P01	δοκεῖ	V-PAI-3S			candidate	nearest_agreeing_nominative_no_visible_boundary	unresolved	no_valid_inheritance		unresolved	candidate
837	1corintios	14	37	1corintios-14-37-P02	ἐπιγινωσκέτω	V-PAD-3S	3	S	candidate	nearest_agreeing_nominative_no_visible_boundary	inherited	inheritance_allowed	1corintios-14-36-P02	candidate	not_detected
838	1corintios	14	37	1corintios-14-37-P03	γράφω	V-PAI-1S	1	S	confirmed	finite_verb_morphology	explicit_or_morphological	finite_verb_morphology		candidate	not_detected
839	1corintios	14	37	1corintios-14-37-P04	ἐστίν	V-PAI-3S	3	S	confirmed	finite_verb_morphology	explicit_or_morphological	finite_verb_morphology		unresolved	candidate
840	1corintios	14	38	1corintios-14-38-P01	ἀγνοεῖ	V-PAI-3S	3	S	candidate	nearest_agreeing_nominative_no_visible_boundary	inherited	inheritance_allowed	1corintios-14-37-P04	unresolved	candidate
841	1corintios	14	38	1corintios-14-38-P02	ἀγνοεῖται	V-PPI-3S	3	S	confirmed	finite_verb_morphology	explicit_or_morphological	finite_verb_morphology		candidate	not_detected
842	1corintios	14	39	1corintios-14-39-P01	ζηλοῦτε	V-PAD-2P	2	P	confirmed	finite_verb_morphology	explicit_or_morphological	finite_verb_morphology		unresolved	candidate
843	1corintios	14	39	1corintios-14-39-P02	κωλύετε	V-PAD-2P	2	P	confirmed	finite_verb_morphology	explicit_or_morphological	finite_verb_morphology		candidate	not_detected
844	1corintios	14	40	1corintios-14-40-P01	γινέσθω	V-PMD-3S	3	S	confirmed	finite_verb_morphology	explicit_or_morphological	finite_verb_morphology		candidate	not_detected
845	1corintios	15	1	1corintios-15-1-P01	γνωρίζω	V-PAI-1S	1	S	confirmed	finite_verb_morphology	explicit_or_morphological	finite_verb_morphology		candidate	not_detected
846	1corintios	15	1	1corintios-15-1-P02	εὐηγγελισάμην	V-AMI-1S	1	S	confirmed	finite_verb_morphology	explicit_or_morphological	finite_verb_morphology		candidate	not_detected
847	1corintios	15	1	1corintios-15-1-P03	παρελάβετε	V-AAI-2P	2	P	confirmed	finite_verb_morphology	explicit_or_morphological	finite_verb_morphology		candidate	not_detected
848	1corintios	15	1	1corintios-15-1-P04	ἑστήκατε	V-XAI-2P	2	P	confirmed	finite_verb_morphology	explicit_or_morphological	finite_verb_morphology		candidate	not_detected
849	1corintios	15	2	1corintios-15-2-P01	σῴζεσθε	V-PPI-2P	2	P	confirmed	finite_verb_morphology	explicit_or_morphological	finite_verb_morphology		candidate	not_detected
850	1corintios	15	2	1corintios-15-2-P02	εὐηγγελισάμην	V-AMI-1S	1	S	confirmed	finite_verb_morphology	explicit_or_morphological	finite_verb_morphology		candidate	not_detected
851	1corintios	15	2	1corintios-15-2-P03	κατέχετε	V-PAI-2P	2	P	confirmed	finite_verb_morphology	explicit_or_morphological	finite_verb_morphology		unresolved	candidate
852	1corintios	15	2	1corintios-15-2-P04	ἐπιστεύσατε	V-AAI-2P	2	P	confirmed	finite_verb_morphology	explicit_or_morphological	finite_verb_morphology		unresolved	candidate
853	1corintios	15	3	1corintios-15-3-P01	παρέδωκα	V-AAI-1S	1	S	confirmed	finite_verb_morphology	explicit_or_morphological	finite_verb_morphology		candidate	not_detected
854	1corintios	15	3	1corintios-15-3-P02	παρέλαβον	V-AAI-1S	1	S	confirmed	finite_verb_morphology	explicit_or_morphological	finite_verb_morphology		candidate	not_detected
855	1corintios	15	3	1corintios-15-3-P03	ἀπέθανεν	V-AAI-3S	2	P	candidate	nearest_agreeing_nominative_no_visible_boundary	inherited	inheritance_allowed	1corintios-15-2-P04	unresolved	candidate
856	1corintios	15	4	1corintios-15-4-P01	ἐτάφη	V-API-3S	3	S	confirmed	finite_verb_morphology	explicit_or_morphological	finite_verb_morphology		unresolved	candidate
857	1corintios	15	4	1corintios-15-4-P02	ἐγήγερται	V-XPI-3S	3	S	confirmed	finite_verb_morphology	explicit_or_morphological	finite_verb_morphology		unresolved	candidate
858	1corintios	15	5	1corintios-15-5-P01	ὤφθη	V-API-3S	3	S	confirmed	finite_verb_morphology	explicit_or_morphological	finite_verb_morphology		unresolved	candidate
859	1corintios	15	6	1corintios-15-6-P01	ὤφθη	V-API-3S	3	S	confirmed	finite_verb_morphology	explicit_or_morphological	finite_verb_morphology		candidate	not_detected
860	1corintios	15	6	1corintios-15-6-P02	μένουσιν	V-PAI-3P	3	S	candidate	nearest_agreeing_nominative_no_visible_boundary	inherited	inheritance_allowed	1corintios-15-6-P01	candidate	not_detected
861	1corintios	15	6	1corintios-15-6-P03	ἐκοιμήθησαν	V-API-3P	3	P	confirmed	finite_verb_morphology	explicit_or_morphological	finite_verb_morphology		candidate	not_detected
862	1corintios	15	7	1corintios-15-7-P01	ὤφθη	V-API-3S	3	S	confirmed	finite_verb_morphology	explicit_or_morphological	finite_verb_morphology		candidate	not_detected
863	1corintios	15	8	1corintios-15-8-P01	ὤφθη	V-API-3S	3	S	confirmed	finite_verb_morphology	explicit_or_morphological	finite_verb_morphology		candidate	not_detected
864	1corintios	15	9	1corintios-15-9-P01	εἰμι	V-PAI-1S	1	S	confirmed	finite_verb_morphology	explicit_or_morphological	finite_verb_morphology		candidate	not_detected
865	1corintios	15	9	1corintios-15-9-P02	εἰμὶ	V-PAI-1S	1	S	confirmed	finite_verb_morphology	explicit_or_morphological	finite_verb_morphology		candidate	not_detected
866	1corintios	15	9	1corintios-15-9-P03	ἐδίωξα	V-AAI-1S	1	S	confirmed	finite_verb_morphology	explicit_or_morphological	finite_verb_morphology		candidate	not_detected
867	1corintios	15	10	1corintios-15-10-P01	εἰμι	V-PAI-1S	1	S	confirmed	finite_verb_morphology	explicit_or_morphological	finite_verb_morphology		candidate	not_detected
868	1corintios	15	10	1corintios-15-10-P02	εἰμι	V-PAI-1S	1	S	confirmed	finite_verb_morphology	explicit_or_morphological	finite_verb_morphology		candidate	not_detected
869	1corintios	15	10	1corintios-15-10-P03	ἐγενήθη	V-API-3S	1	S	candidate	nearest_agreeing_nominative_no_visible_boundary	inherited	inheritance_allowed	1corintios-15-10-P02	candidate	not_detected
870	1corintios	15	10	1corintios-15-10-P04	ἐκοπίασα	V-AAI-1S	1	S	confirmed	finite_verb_morphology	explicit_or_morphological	finite_verb_morphology		candidate	not_detected
871	1corintios	15	11	1corintios-15-11-P01	κηρύσσομεν	V-PAI-1P	1	P	confirmed	finite_verb_morphology	explicit_or_morphological	finite_verb_morphology		candidate	not_detected
872	1corintios	15	11	1corintios-15-11-P02	ἐπιστεύσατε	V-AAI-2P	2	P	confirmed	finite_verb_morphology	explicit_or_morphological	finite_verb_morphology		candidate	not_detected
873	1corintios	15	12	1corintios-15-12-P01	κηρύσσεται	V-PPI-3S			candidate	nearest_agreeing_nominative_no_visible_boundary	unresolved	no_valid_inheritance		unresolved	candidate
874	1corintios	15	12	1corintios-15-12-P02	ἐγήγερται	V-XPI-3S	3	S	confirmed	finite_verb_morphology	explicit_or_morphological	finite_verb_morphology		unresolved	candidate
875	1corintios	15	12	1corintios-15-12-P03	λέγουσιν	V-PAI-3P	3	P	confirmed	finite_verb_morphology	explicit_or_morphological	finite_verb_morphology		candidate	not_detected
876	1corintios	15	12	1corintios-15-12-P04	ἔστιν	V-PAI-3S	3	S	candidate	nearest_agreeing_nominative_no_visible_boundary	inherited	inheritance_allowed	1corintios-15-12-P02	unresolved	candidate
877	1corintios	15	13	1corintios-15-13-P01	ἔστιν	V-PAI-3S	3	S	candidate	nearest_agreeing_nominative_no_visible_boundary	inherited	inheritance_allowed	1corintios-15-12-P04	unresolved	candidate
878	1corintios	15	13	1corintios-15-13-P02	ἐγήγερται	V-XPI-3S	3	P	candidate	nearest_agreeing_nominative_no_visible_boundary	inherited	inheritance_allowed	1corintios-15-12-P03	candidate	not_detected
879	1corintios	15	14	1corintios-15-14-P01	ἐγήγερται	V-XPI-3S	3	S	candidate	nearest_agreeing_nominative_no_visible_boundary	inherited	inheritance_allowed	1corintios-15-13-P01	unresolved	candidate
880	1corintios	15	15	1corintios-15-15-P01	εὑρισκόμεθα	V-PPI-1P	1	P	confirmed	finite_verb_morphology	explicit_or_morphological	finite_verb_morphology		candidate	not_detected
881	1corintios	15	15	1corintios-15-15-P02	ἐμαρτυρήσαμεν	V-AAI-1P	1	P	confirmed	finite_verb_morphology	explicit_or_morphological	finite_verb_morphology		unresolved	candidate
882	1corintios	15	15	1corintios-15-15-P03	ἤγειρεν	V-AAI-3S	3	S	confirmed	finite_verb_morphology	explicit_or_morphological	finite_verb_morphology		unresolved	candidate
883	1corintios	15	15	1corintios-15-15-P04	ἤγειρεν	V-AAI-3S	3	S	confirmed	finite_verb_morphology	explicit_or_morphological	finite_verb_morphology		candidate	not_detected
884	1corintios	15	15	1corintios-15-15-P05	ἐγείρονται	V-PPI-3P	3	S	candidate	nearest_agreeing_nominative_no_visible_boundary	inherited	inheritance_allowed	1corintios-15-15-P04	candidate	not_detected
885	1corintios	15	16	1corintios-15-16-P01	ἐγείρονται	V-PPI-3P	3	S	candidate	nearest_agreeing_nominative_no_visible_boundary	inherited	inheritance_allowed	1corintios-15-15-P03	unresolved	candidate
886	1corintios	15	16	1corintios-15-16-P02	ἐγήγερται	V-XPI-3S	3	S	candidate	nearest_agreeing_nominative_no_visible_boundary	inherited	inheritance_allowed	1corintios-15-15-P05	candidate	not_detected
887	1corintios	15	17	1corintios-15-17-P01	ἐγήγερται	V-XPI-3S	3	S	candidate	nearest_agreeing_nominative_no_visible_boundary	inherited	inheritance_allowed	1corintios-15-16-P01	unresolved	candidate
888	1corintios	15	17	1corintios-15-17-P02	ἐστὲ	V-PAI-2P	2	P	confirmed	finite_verb_morphology	explicit_or_morphological	finite_verb_morphology		candidate	not_detected
889	1corintios	15	18	1corintios-15-18-P01	ἀπώλοντο	V-AMI-3P	2	P	candidate	nearest_agreeing_nominative_no_visible_boundary	inherited	inheritance_allowed	1corintios-15-17-P02	candidate	not_detected
890	1corintios	15	19	1corintios-15-19-P01	ἐσμὲν	V-PAI-1P	1	P	confirmed	finite_verb_morphology	explicit_or_morphological	finite_verb_morphology		unresolved	candidate
891	1corintios	15	19	1corintios-15-19-P02	ἐσμέν	V-PAI-1P	1	P	confirmed	finite_verb_morphology	explicit_or_morphological	finite_verb_morphology		candidate	not_detected
892	1corintios	15	20	1corintios-15-20-P01	ἐγήγερται	V-XPI-3S	1	P	candidate	nearest_agreeing_nominative_no_visible_boundary	inherited	inheritance_allowed	1corintios-15-19-P02	candidate	not_detected
893	1corintios	15	22	1corintios-15-22-P01	ἀποθνῄσκουσιν	V-PAI-3P	1	P	candidate	nearest_agreeing_nominative_no_visible_boundary	inherited	inheritance_allowed	1corintios-15-20-P01	candidate	not_detected
894	1corintios	15	22	1corintios-15-22-P02	ζῳοποιηθήσονται	V-FPI-3P	1	P	candidate	nearest_agreeing_nominative_no_visible_boundary	inherited	inheritance_allowed	1corintios-15-22-P01	candidate	not_detected
895	1corintios	15	24	1corintios-15-24-P01	παραδιδῷ	V-PAS-3S			candidate	nearest_agreeing_nominative_no_visible_boundary	unresolved	no_valid_inheritance		unresolved	candidate
896	1corintios	15	24	1corintios-15-24-P02	καταργήσῃ	V-AAS-3S	3	S	confirmed	finite_verb_morphology	explicit_or_morphological	finite_verb_morphology		unresolved	candidate
897	1corintios	15	25	1corintios-15-25-P01	δεῖ	V-PAI-3S	3	S	confirmed	finite_verb_morphology	explicit_or_morphological	finite_verb_morphology		candidate	not_detected
898	1corintios	15	25	1corintios-15-25-P02	θῇ	V-AAS-3S	3	S	confirmed	finite_verb_morphology	explicit_or_morphological	finite_verb_morphology		candidate	not_detected
899	1corintios	15	26	1corintios-15-26-P01	καταργεῖται	V-PPI-3S	3	S	candidate	nearest_agreeing_nominative_no_visible_boundary	inherited	inheritance_allowed	1corintios-15-25-P02	candidate	not_detected
900	1corintios	15	27	1corintios-15-27-P01	ὑπέταξεν	V-AAI-3S	3	S	confirmed	finite_verb_morphology	explicit_or_morphological	finite_verb_morphology		candidate	not_detected
901	1corintios	15	27	1corintios-15-27-P02	εἴπῃ	V-AAS-3S	3	S	confirmed	finite_verb_morphology	explicit_or_morphological	finite_verb_morphology		unresolved	candidate
902	1corintios	15	27	1corintios-15-27-P03	ὑποτέτακται	V-XPI-3S	3	S	candidate	nearest_agreeing_nominative_no_visible_boundary	inherited	inheritance_allowed	1corintios-15-27-P02	unresolved	candidate
903	1corintios	15	28	1corintios-15-28-P01	ὑποταγῇ	V-APS-3S	3	S	confirmed	finite_verb_morphology	explicit_or_morphological	finite_verb_morphology		unresolved	candidate
904	1corintios	15	28	1corintios-15-28-P02	ὑποταγήσεται	V-FPI-3S			candidate	nearest_agreeing_nominative_no_visible_boundary	unresolved	no_valid_inheritance		candidate	not_detected
905	1corintios	15	28	1corintios-15-28-P03	ᾖ	V-PAS-3S	3	S	confirmed	finite_verb_morphology	explicit_or_morphological	finite_verb_morphology		unresolved	candidate
906	1corintios	15	29	1corintios-15-29-P01	ποιήσουσιν	V-FAI-3P	3	P	confirmed	finite_verb_morphology	explicit_or_morphological	finite_verb_morphology		unresolved	candidate
907	1corintios	15	29	1corintios-15-29-P02	ἐγείρονται	V-PPI-3P	3	P	candidate	nearest_agreeing_nominative_no_visible_boundary	inherited	inheritance_allowed	1corintios-15-29-P01	unresolved	candidate
908	1corintios	15	29	1corintios-15-29-P03	βαπτίζονται	V-PPI-3P	3	P	confirmed	finite_verb_morphology	explicit_or_morphological	finite_verb_morphology		candidate	not_detected
909	1corintios	15	30	1corintios-15-30-P01	κινδυνεύομεν	V-PAI-1P	1	P	confirmed	finite_verb_morphology	explicit_or_morphological	finite_verb_morphology		candidate	not_detected
910	1corintios	15	31	1corintios-15-31-P01	ἀποθνῄσκω	V-PAI-1S	1	S	confirmed	finite_verb_morphology	explicit_or_morphological	finite_verb_morphology		candidate	not_detected
911	1corintios	15	31	1corintios-15-31-P02	ἔχω	V-PAI-1S	1	S	confirmed	finite_verb_morphology	explicit_or_morphological	finite_verb_morphology		candidate	not_detected
912	1corintios	15	32	1corintios-15-32-P01	ἐθηριομάχησα	V-AAI-1S	1	S	confirmed	finite_verb_morphology	explicit_or_morphological	finite_verb_morphology		unresolved	candidate
913	1corintios	15	32	1corintios-15-32-P02	ἐγείρονται	V-PPI-3P	1	S	candidate	nearest_agreeing_nominative_no_visible_boundary	inherited	inheritance_allowed	1corintios-15-32-P01	unresolved	candidate
914	1corintios	15	32	1corintios-15-32-P03	φάγωμεν	V-AAS-1P	1	P	confirmed	finite_verb_morphology	explicit_or_morphological	finite_verb_morphology		candidate	not_detected
915	1corintios	15	32	1corintios-15-32-P04	πίωμεν	V-AAS-1P	1	P	confirmed	finite_verb_morphology	explicit_or_morphological	finite_verb_morphology		candidate	not_detected
916	1corintios	15	32	1corintios-15-32-P05	ἀποθνῄσκομεν	V-PAI-1P	1	P	confirmed	finite_verb_morphology	explicit_or_morphological	finite_verb_morphology		candidate	not_detected
917	1corintios	15	33	1corintios-15-33-P01	πλανᾶσθε	V-PPD-2P	2	P	confirmed	finite_verb_morphology	explicit_or_morphological	finite_verb_morphology		candidate	not_detected
918	1corintios	15	33	1corintios-15-33-P02	φθείρουσιν	V-PAI-3P	3	P	confirmed	finite_verb_morphology	explicit_or_morphological	finite_verb_morphology		candidate	not_detected
919	1corintios	15	34	1corintios-15-34-P01	ἐκνήψατε	V-AAD-2P	2	P	confirmed	finite_verb_morphology	explicit_or_morphological	finite_verb_morphology		candidate	not_detected
920	1corintios	15	34	1corintios-15-34-P02	ἁμαρτάνετε	V-PAD-2P	2	P	confirmed	finite_verb_morphology	explicit_or_morphological	finite_verb_morphology		candidate	not_detected
921	1corintios	15	34	1corintios-15-34-P03	ἔχουσιν	V-PAI-3P	2	P	candidate	nearest_agreeing_nominative_no_visible_boundary	inherited	inheritance_allowed	1corintios-15-34-P02	candidate	not_detected
922	1corintios	15	34	1corintios-15-34-P04	λαλῶ	V-PAI-1S	1	S	confirmed	finite_verb_morphology	explicit_or_morphological	finite_verb_morphology		candidate	not_detected
923	1corintios	15	35	1corintios-15-35-P01	ἐρεῖ	V-FAI-3S	3	S	confirmed	finite_verb_morphology	explicit_or_morphological	finite_verb_morphology		candidate	not_detected
924	1corintios	15	35	1corintios-15-35-P02	ἐγείρονται	V-PPI-3P	3	P	confirmed	finite_verb_morphology	explicit_or_morphological	finite_verb_morphology		candidate	not_detected
925	1corintios	15	35	1corintios-15-35-P03	ἔρχονται	V-PMI-3P	3	P	confirmed	finite_verb_morphology	explicit_or_morphological	finite_verb_morphology		candidate	not_detected
926	1corintios	15	36	1corintios-15-36-P01	σπείρεις	V-PAI-2S	2	S	confirmed	finite_verb_morphology	explicit_or_morphological	finite_verb_morphology		candidate	not_detected
927	1corintios	15	36	1corintios-15-36-P02	ζῳοποιεῖται	V-PPI-3S	3	S	confirmed	finite_verb_morphology	explicit_or_morphological	finite_verb_morphology		candidate	not_detected
928	1corintios	15	36	1corintios-15-36-P03	ἀποθάνῃ	V-AAS-3S	3	S	confirmed	finite_verb_morphology	explicit_or_morphological	finite_verb_morphology		unresolved	candidate
929	1corintios	15	37	1corintios-15-37-P01	σπείρεις	V-PAI-2S	2	S	confirmed	finite_verb_morphology	explicit_or_morphological	finite_verb_morphology		candidate	not_detected
930	1corintios	15	37	1corintios-15-37-P02	σπείρεις	V-PAI-2S	2	S	confirmed	finite_verb_morphology	explicit_or_morphological	finite_verb_morphology		candidate	not_detected
931	1corintios	15	37	1corintios-15-37-P03	τύχοι	V-AAO-3S	3	S	confirmed	finite_verb_morphology	explicit_or_morphological	finite_verb_morphology		unresolved	candidate
932	1corintios	15	38	1corintios-15-38-P01	δίδωσιν	V-PAI-3S	2	S	candidate	nearest_agreeing_nominative_no_visible_boundary	inherited	inheritance_allowed	1corintios-15-37-P02	candidate	not_detected
933	1corintios	15	38	1corintios-15-38-P02	ἠθέλησεν	V-AAI-3S	3	S	confirmed	finite_verb_morphology	explicit_or_morphological	finite_verb_morphology		unresolved	candidate
934	1corintios	15	41	1corintios-15-41-P01	διαφέρει	V-PAI-3S	3	S	confirmed	finite_verb_morphology	explicit_or_morphological	finite_verb_morphology		candidate	not_detected
935	1corintios	15	42	1corintios-15-42-P01	σπείρεται	V-PPI-3S	3	S	candidate	nearest_agreeing_nominative_no_visible_boundary	inherited	inheritance_allowed	1corintios-15-41-P01	candidate	not_detected
936	1corintios	15	42	1corintios-15-42-P02	ἐγείρεται	V-PPI-3S	3	S	confirmed	finite_verb_morphology	explicit_or_morphological	finite_verb_morphology		candidate	not_detected
937	1corintios	15	43	1corintios-15-43-P01	σπείρεται	V-PPI-3S	3	S	confirmed	finite_verb_morphology	explicit_or_morphological	finite_verb_morphology		candidate	not_detected
938	1corintios	15	43	1corintios-15-43-P02	ἐγείρεται	V-PPI-3S	3	S	confirmed	finite_verb_morphology	explicit_or_morphological	finite_verb_morphology		candidate	not_detected
939	1corintios	15	43	1corintios-15-43-P03	σπείρεται	V-PPI-3S	3	S	confirmed	finite_verb_morphology	explicit_or_morphological	finite_verb_morphology		candidate	not_detected
940	1corintios	15	43	1corintios-15-43-P04	ἐγείρεται	V-PPI-3S	3	S	confirmed	finite_verb_morphology	explicit_or_morphological	finite_verb_morphology		candidate	not_detected
941	1corintios	15	44	1corintios-15-44-P01	σπείρεται	V-PPI-3S	3	S	confirmed	finite_verb_morphology	explicit_or_morphological	finite_verb_morphology		candidate	not_detected
942	1corintios	15	44	1corintios-15-44-P02	ἐγείρεται	V-PPI-3S	3	S	candidate	nearest_agreeing_nominative_no_visible_boundary	inherited	inheritance_allowed	1corintios-15-44-P01	candidate	not_detected
943	1corintios	15	44	1corintios-15-44-P03	ἔστιν	V-PAI-3S			candidate	nearest_agreeing_nominative_no_visible_boundary	unresolved	no_valid_inheritance		unresolved	candidate
944	1corintios	15	44	1corintios-15-44-P04	ἔστιν	V-PAI-3S	3	S	candidate	nearest_agreeing_nominative_no_visible_boundary	inherited	inheritance_allowed	1corintios-15-44-P02	candidate	not_detected
945	1corintios	15	45	1corintios-15-45-P01	γέγραπται	V-XPI-3S	3	S	confirmed	finite_verb_morphology	explicit_or_morphological	finite_verb_morphology		candidate	not_detected
946	1corintios	15	45	1corintios-15-45-P02	ἐγένετο	V-AMI-3S	3	S	confirmed	finite_verb_morphology	explicit_or_morphological	finite_verb_morphology		candidate	not_detected
947	1corintios	15	49	1corintios-15-49-P01	ἐφορέσαμεν	V-AAI-1P	1	P	confirmed	finite_verb_morphology	explicit_or_morphological	finite_verb_morphology		unresolved	candidate
948	1corintios	15	49	1corintios-15-49-P02	φορέσομεν	V-FAI-1P	1	P	confirmed	finite_verb_morphology	explicit_or_morphological	finite_verb_morphology		candidate	not_detected
949	1corintios	15	50	1corintios-15-50-P01	φημι	V-PAI-1S	1	S	confirmed	finite_verb_morphology	explicit_or_morphological	finite_verb_morphology		candidate	not_detected
950	1corintios	15	50	1corintios-15-50-P02	δύναται	V-PMI-3S	1	P	candidate	nearest_agreeing_nominative_no_visible_boundary	inherited	inheritance_allowed	1corintios-15-49-P01	unresolved	candidate
951	1corintios	15	50	1corintios-15-50-P03	κληρονομεῖ	V-PAI-3S	1	S	candidate	nearest_agreeing_nominative_no_visible_boundary	inherited	inheritance_allowed	1corintios-15-50-P01	candidate	not_detected
952	1corintios	15	51	1corintios-15-51-P01	λέγω	V-PAI-1S	1	S	confirmed	finite_verb_morphology	explicit_or_morphological	finite_verb_morphology		candidate	not_detected
953	1corintios	15	51	1corintios-15-51-P02	κοιμηθησόμεθα	V-FPI-1P	1	P	confirmed	finite_verb_morphology	explicit_or_morphological	finite_verb_morphology		candidate	not_detected
954	1corintios	15	51	1corintios-15-51-P03	ἀλλαγησόμεθα	V-FPI-1P	1	P	confirmed	finite_verb_morphology	explicit_or_morphological	finite_verb_morphology		candidate	not_detected
955	1corintios	15	52	1corintios-15-52-P01	σαλπίσει	V-FAI-3S	3	S	confirmed	finite_verb_morphology	explicit_or_morphological	finite_verb_morphology		candidate	not_detected
956	1corintios	15	52	1corintios-15-52-P02	ἐγερθήσονται	V-FPI-3P	3	S	candidate	nearest_agreeing_nominative_no_visible_boundary	inherited	inheritance_allowed	1corintios-15-52-P01	candidate	not_detected
957	1corintios	15	52	1corintios-15-52-P03	ἀλλαγησόμεθα	V-FPI-1P	1	P	confirmed	finite_verb_morphology	explicit_or_morphological	finite_verb_morphology		candidate	not_detected
958	1corintios	15	53	1corintios-15-53-P01	δεῖ	V-PAI-3S	3	S	confirmed	finite_verb_morphology	explicit_or_morphological	finite_verb_morphology		candidate	not_detected
959	1corintios	15	54	1corintios-15-54-P01	ἐνδύσηται	V-AMS-3S			candidate	nearest_agreeing_nominative_no_visible_boundary	unresolved	no_valid_inheritance		unresolved	candidate
960	1corintios	15	54	1corintios-15-54-P02	ἐνδύσηται	V-AMS-3S	3	S	candidate	nearest_agreeing_nominative_no_visible_boundary	inherited	inheritance_allowed	1corintios-15-53-P01	candidate	not_detected
961	1corintios	15	54	1corintios-15-54-P03	γενήσεται	V-FMI-3S	3	S	confirmed	finite_verb_morphology	explicit_or_morphological	finite_verb_morphology		candidate	not_detected
962	1corintios	15	54	1corintios-15-54-P04	κατεπόθη	V-API-3S	3	S	candidate	nearest_agreeing_nominative_no_visible_boundary	inherited	inheritance_allowed	1corintios-15-54-P03	candidate	not_detected
963	1corintios	15	58	1corintios-15-58-P01	γίνεσθε	V-PMD-2P	2	P	confirmed	finite_verb_morphology	explicit_or_morphological	finite_verb_morphology		unresolved	candidate
964	1corintios	15	58	1corintios-15-58-P02	ἔστιν	V-PAI-3S	2	P	candidate	nearest_agreeing_nominative_no_visible_boundary	inherited	inheritance_allowed	1corintios-15-58-P01	unresolved	candidate
965	1corintios	16	1	1corintios-16-1-P01	διέταξα	V-AAI-1S	1	S	confirmed	finite_verb_morphology	explicit_or_morphological	finite_verb_morphology		candidate	not_detected
966	1corintios	16	1	1corintios-16-1-P02	ποιήσατε	V-AAD-2P	2	P	confirmed	finite_verb_morphology	explicit_or_morphological	finite_verb_morphology		candidate	not_detected
967	1corintios	16	2	1corintios-16-2-P01	τιθέτω	V-PAD-3S	2	P	candidate	nearest_agreeing_nominative_no_visible_boundary	inherited	inheritance_allowed	1corintios-16-1-P02	candidate	not_detected
968	1corintios	16	2	1corintios-16-2-P02	εὐοδῶται	V-PPS-3S	3	S	confirmed	finite_verb_morphology	explicit_or_morphological	finite_verb_morphology		unresolved	candidate
969	1corintios	16	2	1corintios-16-2-P03	ἔλθω	V-AAS-1S	1	S	confirmed	finite_verb_morphology	explicit_or_morphological	finite_verb_morphology		unresolved	candidate
970	1corintios	16	2	1corintios-16-2-P04	γίνωνται	V-PMS-3P	2	P	candidate	nearest_agreeing_nominative_no_visible_boundary	inherited	inheritance_allowed	1corintios-16-2-P01	candidate	not_detected
971	1corintios	16	3	1corintios-16-3-P01	παραγένωμαι	V-AMS-1S	1	S	confirmed	finite_verb_morphology	explicit_or_morphological	finite_verb_morphology		unresolved	candidate
972	1corintios	16	3	1corintios-16-3-P02	δοκιμάσητε	V-AAS-2P	2	P	confirmed	finite_verb_morphology	explicit_or_morphological	finite_verb_morphology		unresolved	candidate
973	1corintios	16	3	1corintios-16-3-P03	πέμψω	V-FAI-1S	1	S	confirmed	finite_verb_morphology	explicit_or_morphological	finite_verb_morphology		candidate	not_detected
974	1corintios	16	4	1corintios-16-4-P01	ᾖ	V-PAS-3S	2	P	candidate	nearest_agreeing_nominative_no_visible_boundary	inherited	inheritance_allowed	1corintios-16-3-P02	unresolved	candidate
975	1corintios	16	4	1corintios-16-4-P02	πορεύσονται	V-FMI-3P	3	P	confirmed	finite_verb_morphology	explicit_or_morphological	finite_verb_morphology		candidate	not_detected
976	1corintios	16	5	1corintios-16-5-P01	ἐλεύσομαι	V-FMI-1S	1	S	confirmed	finite_verb_morphology	explicit_or_morphological	finite_verb_morphology		candidate	not_detected
977	1corintios	16	5	1corintios-16-5-P02	διέλθω	V-AAS-1S	1	S	confirmed	finite_verb_morphology	explicit_or_morphological	finite_verb_morphology		unresolved	candidate
978	1corintios	16	5	1corintios-16-5-P03	διέρχομαι	V-PMI-1S	1	S	confirmed	finite_verb_morphology	explicit_or_morphological	finite_verb_morphology		candidate	not_detected
979	1corintios	16	6	1corintios-16-6-P01	παραμενῶ	V-FAI-1S	1	S	confirmed	finite_verb_morphology	explicit_or_morphological	finite_verb_morphology		candidate	not_detected
980	1corintios	16	6	1corintios-16-6-P02	παραχειμάσω	V-FAI-1S	1	S	confirmed	finite_verb_morphology	explicit_or_morphological	finite_verb_morphology		candidate	not_detected
981	1corintios	16	6	1corintios-16-6-P03	προπέμψητε	V-AAS-2P	2	P	confirmed	finite_verb_morphology	explicit_or_morphological	finite_verb_morphology		unresolved	candidate
982	1corintios	16	6	1corintios-16-6-P04	πορεύωμαι	V-PMS-1S	1	S	confirmed	finite_verb_morphology	explicit_or_morphological	finite_verb_morphology		unresolved	candidate
983	1corintios	16	7	1corintios-16-7-P01	θέλω	V-PAI-1S	1	S	confirmed	finite_verb_morphology	explicit_or_morphological	finite_verb_morphology		candidate	not_detected
984	1corintios	16	7	1corintios-16-7-P02	ἐλπίζω	V-PAI-1S	1	S	confirmed	finite_verb_morphology	explicit_or_morphological	finite_verb_morphology		candidate	not_detected
985	1corintios	16	7	1corintios-16-7-P03	ἐπιτρέψῃ	V-AAS-3S	1	S	candidate	nearest_agreeing_nominative_no_visible_boundary	inherited	inheritance_allowed	1corintios-16-6-P04	unresolved	candidate
986	1corintios	16	8	1corintios-16-8-P01	ἐπιμενῶ	V-FAI-1S	1	S	confirmed	finite_verb_morphology	explicit_or_morphological	finite_verb_morphology		candidate	not_detected
987	1corintios	16	9	1corintios-16-9-P01	ἀνέῳγεν	V-XAI-3S	3	S	confirmed	finite_verb_morphology	explicit_or_morphological	finite_verb_morphology		candidate	not_detected
988	1corintios	16	10	1corintios-16-10-P01	ἔλθῃ	V-AAS-3S	3	S	confirmed	finite_verb_morphology	explicit_or_morphological	finite_verb_morphology		unresolved	candidate
989	1corintios	16	10	1corintios-16-10-P02	βλέπετε	V-PAD-2P	2	P	confirmed	finite_verb_morphology	explicit_or_morphological	finite_verb_morphology		candidate	not_detected
990	1corintios	16	10	1corintios-16-10-P03	γένηται	V-AMS-3S	3	S	confirmed	finite_verb_morphology	explicit_or_morphological	finite_verb_morphology		unresolved	candidate
991	1corintios	16	10	1corintios-16-10-P04	ἐργάζεται	V-PMI-3S	3	S	confirmed	finite_verb_morphology	explicit_or_morphological	finite_verb_morphology		candidate	not_detected
992	1corintios	16	11	1corintios-16-11-P01	ἐξουθενήσῃ	V-AAS-3S	3	S	confirmed	finite_verb_morphology	explicit_or_morphological	finite_verb_morphology		candidate	not_detected
993	1corintios	16	11	1corintios-16-11-P02	προπέμψατε	V-AAD-2P	2	P	confirmed	finite_verb_morphology	explicit_or_morphological	finite_verb_morphology		candidate	not_detected
994	1corintios	16	11	1corintios-16-11-P03	ἔλθῃ	V-AAS-3S	3	S	confirmed	finite_verb_morphology	explicit_or_morphological	finite_verb_morphology		unresolved	candidate
995	1corintios	16	11	1corintios-16-11-P04	ἐκδέχομαι	V-PMI-1S	1	S	confirmed	finite_verb_morphology	explicit_or_morphological	finite_verb_morphology		candidate	not_detected
996	1corintios	16	12	1corintios-16-12-P01	παρεκάλεσα	V-AAI-1S	1	S	confirmed	finite_verb_morphology	explicit_or_morphological	finite_verb_morphology		candidate	not_detected
997	1corintios	16	12	1corintios-16-12-P02	ἔλθῃ	V-AAS-3S	3	S	confirmed	finite_verb_morphology	explicit_or_morphological	finite_verb_morphology		unresolved	candidate
998	1corintios	16	12	1corintios-16-12-P03	ἦν	V-IAI-3S	3	S	confirmed	finite_verb_morphology	explicit_or_morphological	finite_verb_morphology		candidate	not_detected
999	1corintios	16	12	1corintios-16-12-P04	ἔλθῃ	V-AAS-3S	3	S	candidate	nearest_agreeing_nominative_no_visible_boundary	inherited	inheritance_allowed	1corintios-16-12-P02	unresolved	candidate
1000	1corintios	16	12	1corintios-16-12-P05	ἐλεύσεται	V-FMI-3S	3	S	confirmed	finite_verb_morphology	explicit_or_morphological	finite_verb_morphology		candidate	not_detected
1001	1corintios	16	12	1corintios-16-12-P06	εὐκαιρήσῃ	V-AAS-3S	3	S	confirmed	finite_verb_morphology	explicit_or_morphological	finite_verb_morphology		unresolved	candidate
1002	1corintios	16	14	1corintios-16-14-P01	γινέσθω	V-PMD-3S	3	S	candidate	nearest_agreeing_nominative_no_visible_boundary	inherited	inheritance_allowed	1corintios-16-12-P05	candidate	not_detected
1003	1corintios	16	15	1corintios-16-15-P01	παρακαλῶ	V-PAI-1S	1	S	confirmed	finite_verb_morphology	explicit_or_morphological	finite_verb_morphology		candidate	not_detected
1004	1corintios	16	15	1corintios-16-15-P02	οἴδατε	V-XAI-2P	2	P	confirmed	finite_verb_morphology	explicit_or_morphological	finite_verb_morphology		candidate	not_detected
1005	1corintios	16	15	1corintios-16-15-P03	ἐστὶν	V-PAI-3S	3	S	confirmed	finite_verb_morphology	explicit_or_morphological	finite_verb_morphology		unresolved	candidate
1006	1corintios	16	15	1corintios-16-15-P04	ἔταξαν	V-AAI-3P	3	P	confirmed	finite_verb_morphology	explicit_or_morphological	finite_verb_morphology		candidate	not_detected
1007	1corintios	16	16	1corintios-16-16-P01	ὑποτάσσησθε	V-PPS-2P	2	P	confirmed	finite_verb_morphology	explicit_or_morphological	finite_verb_morphology		unresolved	candidate
1008	1corintios	16	17	1corintios-16-17-P01	χαίρω	V-PAI-1S	1	S	confirmed	finite_verb_morphology	explicit_or_morphological	finite_verb_morphology		candidate	not_detected
1009	1corintios	16	17	1corintios-16-17-P02	ἀνεπλήρωσαν	V-AAI-3P	2	P	candidate	nearest_agreeing_nominative_no_visible_boundary	inherited	inheritance_allowed	1corintios-16-16-P01	unresolved	candidate
1010	1corintios	16	18	1corintios-16-18-P01	ἀνέπαυσαν	V-AAI-3P	3	P	confirmed	finite_verb_morphology	explicit_or_morphological	finite_verb_morphology		candidate	not_detected
1011	1corintios	16	18	1corintios-16-18-P02	ἐπιγινώσκετε	V-PAD-2P	2	P	confirmed	finite_verb_morphology	explicit_or_morphological	finite_verb_morphology		candidate	not_detected
1012	1corintios	16	19	1corintios-16-19-P01	ἀσπάζονται	V-PMI-3P	3	P	confirmed	finite_verb_morphology	explicit_or_morphological	finite_verb_morphology		candidate	not_detected
1013	1corintios	16	19	1corintios-16-19-P02	ἀσπάζεται	V-PMI-3S	3	S	confirmed	finite_verb_morphology	explicit_or_morphological	finite_verb_morphology		candidate	not_detected
1014	1corintios	16	20	1corintios-16-20-P01	ἀσπάζονται	V-PMI-3P	3	P	confirmed	finite_verb_morphology	explicit_or_morphological	finite_verb_morphology		candidate	not_detected
1015	1corintios	16	20	1corintios-16-20-P02	ἀσπάσασθε	V-AMD-2P	2	P	confirmed	finite_verb_morphology	explicit_or_morphological	finite_verb_morphology		candidate	not_detected
1016	1corintios	16	22	1corintios-16-22-P01	φιλεῖ	V-PAI-3S			candidate	nearest_agreeing_nominative_no_visible_boundary	unresolved	no_valid_inheritance		unresolved	candidate
1017	1corintios	16	22	1corintios-16-22-P02	ἤτω	V-PAD-3S	3	S	confirmed	finite_verb_morphology	explicit_or_morphological	finite_verb_morphology		candidate	not_detected
1018	1corintios	16	22	1corintios-16-22-P03	θά	V-AAD-2S	2	S	confirmed	finite_verb_morphology	explicit_or_morphological	finite_verb_morphology		candidate	not_detected
