book	certainty_finite_verb	certainty_independence	certainty_predication	chapter	finite_compact	finite_lemma	finite_morphgnt	finite_verb	g_idx	independence_source	independence_status	nbla_idx	nbla_text	predication_id	stream_index	subject_inherited_from	subject_number	subject_person	subject_refinement_source	subject_refinement_status	subject_source	subject_status	subject_token	subordination_markers	subordination_source	subordination_status	verse
1corintios	confirmed	candidate	candidate	1	V-PAI-1S	εὐχαριστέω	V- 1PAI-S--	εὐχαριστῶ	01	subordination_marker_scan_only	candidate	02-03	doy gracias	1corintios-1-4-P01	1		S	1	finite_verb_morphology	explicit_or_morphological	finite_verb_morphology	confirmed		[]		not_detected	4
1corintios	confirmed	unresolved	candidate	1	V-API-2P	πλουτίζω	V- 2API-P--	ἐπλουτίσθητε	04	subordination_marker_scan_only	unresolved	04-06	ustedes fueron enriquecidos	1corintios-1-5-P01	2		P	2	finite_verb_morphology	explicit_or_morphological	finite_verb_morphology	confirmed		"[{""form"": ""ὅτι"", ""key"": ""οτι"", ""token"": ""01""}]"	explicit_marker_after_previous_finite_before_current_finite	candidate	5
1corintios	confirmed	unresolved	candidate	1	V-API-3S	βεβαιόω	V- 3API-S--	ἐβεβαιώθη	06	subordination_marker_scan_only	unresolved	08-09	fue confirmado	1corintios-1-6-P01	3	1corintios-1-5-P01	P	2	inheritance_allowed	inherited	nearest_agreeing_nominative_no_visible_boundary	candidate	03	"[{""form"": ""καθὼς"", ""key"": ""καθως"", ""token"": ""01""}]"	explicit_marker_after_previous_finite_before_current_finite	candidate	6
1corintios	confirmed	candidate	candidate	1	V-FAI-3S	βεβαιόω	V- 3FAI-S--	βεβαιώσει	03	subordination_marker_scan_only	candidate	04	confirmará	1corintios-1-8-P01	4		S	3	finite_verb_morphology	explicit_or_morphological	finite_verb_morphology	confirmed		[]		not_detected	8
1corintios	confirmed	candidate	candidate	1	V-API-2P	καλέω	V- 2API-P--	ἐκλήθητε	06	subordination_marker_scan_only	candidate	08-09	fueron llamados	1corintios-1-9-P01	5		P	2	finite_verb_morphology	explicit_or_morphological	finite_verb_morphology	confirmed		[]		not_detected	9
1corintios	confirmed	candidate	candidate	1	V-PAI-1S	παρακαλέω	V- 1PAI-S--	παρακαλῶ	01	subordination_marker_scan_only	candidate	01-02	les ruego	1corintios-1-10-P01	6		S	1	finite_verb_morphology	explicit_or_morphological	finite_verb_morphology	confirmed		[]		not_detected	10
1corintios	confirmed	unresolved	candidate	1	V-PAS-2P	λέγω	V- 2PAS-P--	λέγητε	16	subordination_marker_scan_only	unresolved	13-16	se pongan de acuerdo	1corintios-1-10-P02	7		P	2	finite_verb_morphology	explicit_or_morphological	finite_verb_morphology	confirmed		"[{""form"": ""ἵνα"", ""key"": ""ινα"", ""token"": ""13""}]"	explicit_marker_after_previous_finite_before_current_finite	candidate	10
1corintios	confirmed	candidate	candidate	1	V-PAS-3S	εἰμί	V- 3PAS-S--	ᾖ	20	subordination_marker_scan_only	candidate	20	haya	1corintios-1-10-P03	8		S	3	finite_verb_morphology	explicit_or_morphological	finite_verb_morphology	confirmed		[]		not_detected	10
1corintios	confirmed	candidate	candidate	1	V-PAS-2P	εἰμί	V- 2PAS-P--	ἦτε	24	subordination_marker_scan_only	candidate	26	estén	1corintios-1-10-P04	9		P	2	finite_verb_morphology	explicit_or_morphological	finite_verb_morphology	confirmed		[]		not_detected	10
1corintios	confirmed	candidate	candidate	1	V-API-3S	δηλόω	V- 3API-S--	ἐδηλώθη	01	subordination_marker_scan_only	candidate	02-04	he sido informado	1corintios-1-11-P01	10		S	3	finite_verb_morphology	explicit_or_morphological	finite_verb_morphology	confirmed		[]		not_detected	11
1corintios	confirmed	unresolved	candidate	1	V-PAI-3P	εἰμί	V- 3PAI-P--	εἰσιν	15	subordination_marker_scan_only	unresolved	15	hay	1corintios-1-11-P02	11				no_valid_inheritance	unresolved	nearest_agreeing_nominative_no_visible_boundary	candidate	12	"[{""form"": ""ὅτι"", ""key"": ""οτι"", ""token"": ""11""}]"	explicit_marker_after_previous_finite_before_current_finite	candidate	11
1corintios	confirmed	candidate	candidate	1	V-PAI-1S	λέγω	V- 1PAI-S--	λέγω	01	subordination_marker_scan_only	candidate	01-02	me refiero	1corintios-1-12-P01	12		S	1	finite_verb_morphology	explicit_or_morphological	finite_verb_morphology	confirmed		[]		not_detected	12
1corintios	confirmed	unresolved	candidate	1	V-PAI-3S	λέγω	V- 3PAI-S--	λέγει	07	subordination_marker_scan_only	unresolved	09	dice	1corintios-1-12-P02	13				no_valid_inheritance	unresolved	nearest_agreeing_nominative_no_visible_boundary	candidate	05	"[{""form"": ""ὅτι"", ""key"": ""οτι"", ""token"": ""04""}]"	explicit_marker_after_previous_finite_before_current_finite	candidate	12
1corintios	confirmed	candidate	candidate	1	V-PAI-1S	εἰμί	V- 1PAI-S--	εἰμι	10	subordination_marker_scan_only	candidate	11	soy	1corintios-1-12-P03	14		S	1	finite_verb_morphology	explicit_or_morphological	finite_verb_morphology	confirmed		[]		not_detected	12
1corintios	confirmed	candidate	candidate	1	V-XPI-3S	μερίζω	V- 3XPI-S--	μεμέρισται	01	subordination_marker_scan_only	candidate	01-02	está dividido	1corintios-1-13-P01	15		S	3	finite_verb_morphology	explicit_or_morphological	finite_verb_morphology	confirmed		[]		not_detected	13
1corintios	confirmed	candidate	candidate	1	V-API-3S	σταυρόω	V- 3API-S--	ἐσταυρώθη	06	subordination_marker_scan_only	candidate	05,07	fue crucificado	1corintios-1-13-P02	16	1corintios-1-13-P01	S	3	inheritance_allowed	inherited	nearest_agreeing_nominative_no_visible_boundary	candidate	05	[]		not_detected	13
1corintios	confirmed	candidate	candidate	1	V-API-2P	βαπτίζω	V- 2API-P--	ἐβαπτίσθητε	14	subordination_marker_scan_only	candidate	11-12	fueron bautizados	1corintios-1-13-P03	17		P	2	finite_verb_morphology	explicit_or_morphological	finite_verb_morphology	confirmed		[]		not_detected	13
1corintios	confirmed	candidate	candidate	1	V-PAI-1S	εὐχαριστέω	V- 1PAI-S--	εὐχαριστῶ	01	subordination_marker_scan_only	candidate	01-04	doy gracias a dios	1corintios-1-14-P01	18		S	1	finite_verb_morphology	explicit_or_morphological	finite_verb_morphology	confirmed		[]		not_detected	14
1corintios	confirmed	unresolved	candidate	1	V-AAI-1S	βαπτίζω	V- 1AAI-S--	ἐβάπτισα	05	subordination_marker_scan_only	unresolved	07	bauticé	1corintios-1-14-P02	19		S	1	finite_verb_morphology	explicit_or_morphological	finite_verb_morphology	confirmed		"[{""form"": ""ὅτι"", ""key"": ""οτι"", ""token"": ""02""}]"	explicit_marker_after_previous_finite_before_current_finite	candidate	14
1corintios	confirmed	unresolved	candidate	1	V-AAS-3S	λέγω	V- 3AAS-S--	εἴπῃ	04	subordination_marker_scan_only	unresolved	04	diga	1corintios-1-15-P01	20	1corintios-1-14-P02	S	1	inheritance_allowed	inherited	nearest_agreeing_nominative_no_visible_boundary	candidate	03	"[{""form"": ""ἵνα"", ""key"": ""ινα"", ""token"": ""01""}]"	explicit_marker_after_previous_finite_before_current_finite	candidate	15
1corintios	confirmed	unresolved	candidate	1	V-API-2P	βαπτίζω	V- 2API-P--	ἐβαπτίσθητε	10	subordination_marker_scan_only	unresolved	06-07	fueron bautizados	1corintios-1-15-P02	21		P	2	finite_verb_morphology	explicit_or_morphological	finite_verb_morphology	confirmed		"[{""form"": ""ὅτι"", ""key"": ""οτι"", ""token"": ""05""}]"	explicit_marker_after_previous_finite_before_current_finite	candidate	15
1corintios	confirmed	candidate	candidate	1	V-AAI-1S	βαπτίζω	V- 1AAI-S--	ἐβάπτισα	01	subordination_marker_scan_only	candidate	02	bauticé	1corintios-1-16-P01	22		S	1	finite_verb_morphology	explicit_or_morphological	finite_verb_morphology	confirmed		[]		not_detected	16
1corintios	confirmed	candidate	candidate	1	V-XAI-1S	οἶδα	V- 1XAI-S--	οἶδα	09	subordination_marker_scan_only	candidate	14	sé	1corintios-1-16-P02	23		S	1	finite_verb_morphology	explicit_or_morphological	finite_verb_morphology	confirmed		[]		not_detected	16
1corintios	confirmed	unresolved	candidate	1	V-AAI-1S	βαπτίζω	V- 1AAI-S--	ἐβάπτισα	13	subordination_marker_scan_only	unresolved	16	bauticé	1corintios-1-16-P03	24		S	1	finite_verb_morphology	explicit_or_morphological	finite_verb_morphology	confirmed		"[{""form"": ""εἴ"", ""key"": ""ει"", ""token"": ""10""}]"	explicit_marker_after_previous_finite_before_current_finite	candidate	16
1corintios	confirmed	candidate	candidate	1	V-AAI-3S	ἀποστέλλω	V- 3AAI-S--	ἀπέστειλέν	03	subordination_marker_scan_only	candidate	05	envió	1corintios-1-17-P01	25		S	3	finite_verb_morphology	explicit_or_morphological	finite_verb_morphology	confirmed		[]		not_detected	17
1corintios	confirmed	unresolved	candidate	1	V-APS-3S	κενόω	V- 3APS-S--	κενωθῇ	15	subordination_marker_scan_only	unresolved	20-22	se haga vana	1corintios-1-17-P02	26		S	3	finite_verb_morphology	explicit_or_morphological	finite_verb_morphology	confirmed		"[{""form"": ""ἵνα"", ""key"": ""ινα"", ""token"": ""13""}]"	explicit_marker_after_previous_finite_before_current_finite	candidate	17
1corintios	confirmed	candidate	candidate	1	V-PAI-3S	εἰμί	V- 3PAI-S--	ἐστίν	11	subordination_marker_scan_only	candidate	07	es	1corintios-1-18-P01	27	1corintios-1-17-P01	S	3	inheritance_allowed	inherited	nearest_agreeing_nominative_no_visible_boundary	candidate	10	[]		not_detected	18
1corintios	confirmed	candidate	candidate	1	V-PAI-3S	εἰμί	V- 3PAI-S--	ἐστιν	18	subordination_marker_scan_only	candidate	19	es	1corintios-1-18-P02	28	1corintios-1-18-P01	S	3	inheritance_allowed	inherited	nearest_agreeing_nominative_no_visible_boundary	candidate	16	[]		not_detected	18
1corintios	confirmed	candidate	candidate	1	V-XPI-3S	γράφω	V- 3XPI-S--	γέγραπται	01	subordination_marker_scan_only	candidate	02-03	está escrito	1corintios-1-19-P01	29		S	3	finite_verb_morphology	explicit_or_morphological	finite_verb_morphology	confirmed		[]		not_detected	19
1corintios	confirmed	candidate	candidate	1	V-FAI-1S	ἀπόλλυμι	V- 1FAI-S--	ἀπολῶ	03	subordination_marker_scan_only	candidate	04	destruiré	1corintios-1-19-P02	30		S	1	finite_verb_morphology	explicit_or_morphological	finite_verb_morphology	confirmed		[]		not_detected	19
1corintios	confirmed	candidate	candidate	1	V-FAI-1S	ἀθετέω	V- 1FAI-S--	ἀθετήσω	13	subordination_marker_scan_only	candidate	16	desecharé	1corintios-1-19-P03	31		S	1	finite_verb_morphology	explicit_or_morphological	finite_verb_morphology	confirmed		[]		not_detected	19
1corintios	confirmed	candidate	candidate	1	V-AAI-3S	μωραίνω	V- 3AAI-S--	ἐμώρανεν	11	subordination_marker_scan_only	candidate	19-20,22,28-29	ha hecho que sea necedad	1corintios-1-20-P01	32	1corintios-1-19-P03	S	1	inheritance_allowed	inherited	nearest_agreeing_nominative_no_visible_boundary	candidate	06	[]		not_detected	20
1corintios	confirmed	unresolved	candidate	1	V-AAI-3S	γινώσκω	V- 3AAI-S--	ἔγνω	09	subordination_marker_scan_only	unresolved	12	conoció	1corintios-1-21-P01	33		S	3	finite_verb_morphology	explicit_or_morphological	finite_verb_morphology	confirmed		"[{""form"": ""ἐπειδὴ"", ""key"": ""επειδη"", ""token"": ""01""}]"	explicit_marker_after_previous_finite_before_current_finite	candidate	21
1corintios	confirmed	candidate	candidate	1	V-AAI-3S	εὐδοκέω	V- 3AAI-S--	εὐδόκησεν	17	subordination_marker_scan_only	candidate	21	agradó	1corintios-1-21-P02	34	1corintios-1-20-P01	S	1	inheritance_allowed	inherited	nearest_agreeing_nominative_no_visible_boundary	candidate	11	[]		not_detected	21
1corintios	confirmed	unresolved	candidate	1	V-PAI-3P	αἰτέω	V- 3PAI-P--	αἰτοῦσιν	05	subordination_marker_scan_only	unresolved	06	piden	1corintios-1-22-P01	35	1corintios-1-21-P01	S	3	inheritance_allowed	inherited	nearest_agreeing_nominative_no_visible_boundary	candidate	03	"[{""form"": ""ἐπειδὴ"", ""key"": ""επειδη"", ""token"": ""01""}]"	explicit_marker_after_previous_finite_before_current_finite	candidate	22
1corintios	confirmed	candidate	candidate	1	V-PAI-3P	ζητέω	V- 3PAI-P--	ζητοῦσιν	09	subordination_marker_scan_only	candidate	11	buscan	1corintios-1-22-P02	36	1corintios-1-21-P02	S	1	inheritance_allowed	inherited	nearest_agreeing_nominative_no_visible_boundary	candidate	07	[]		not_detected	22
1corintios	confirmed	candidate	candidate	1	V-PAI-1P	κηρύσσω	V- 1PAI-P--	κηρύσσομεν	03	subordination_marker_scan_only	candidate	03	predicamos	1corintios-1-23-P01	37		P	1	finite_verb_morphology	explicit_or_morphological	finite_verb_morphology	confirmed		[]		not_detected	23
1corintios	confirmed	unresolved	candidate	1	V-PAI-3S	εἰμί	V- 3PAI-S--	ἐστίν	09	subordination_marker_scan_only	unresolved	06	es	1corintios-1-25-P01	38	1corintios-1-22-P01	S	3	inheritance_allowed	inherited	nearest_agreeing_nominative_no_visible_boundary	candidate	06	"[{""form"": ""ὅτι"", ""key"": ""οτι"", ""token"": ""01""}]"	explicit_marker_after_previous_finite_before_current_finite	candidate	25
1corintios	confirmed	candidate	candidate	1	V-PAI-2P	βλέπω	V- 2PAI-P--	βλέπετε	01	subordination_marker_scan_only	candidate	02	consideren	1corintios-1-26-P01	39		P	2	finite_verb_morphology	explicit_or_morphological	finite_verb_morphology	confirmed		[]		not_detected	26
1corintios	confirmed	candidate	candidate	1	V-AMI-3S	ἐκλέγομαι	V- 3AMI-S--	ἐξελέξατο	06	subordination_marker_scan_only	candidate	04-05	ha escogido	1corintios-1-27-P01	40		S	3	finite_verb_morphology	explicit_or_morphological	finite_verb_morphology	confirmed		[]		not_detected	27
1corintios	confirmed	unresolved	candidate	1	V-PAS-3S	καταισχύνω	V- 3PAS-S--	καταισχύνῃ	10	subordination_marker_scan_only	unresolved	11	avergonzar	1corintios-1-27-P02	41	1corintios-1-25-P01	S	3	inheritance_allowed	inherited	nearest_agreeing_nominative_no_visible_boundary	candidate	08	"[{""form"": ""ἵνα"", ""key"": ""ινα"", ""token"": ""09""}]"	explicit_marker_after_previous_finite_before_current_finite	candidate	27
1corintios	confirmed	candidate	candidate	1	V-AMI-3S	ἐκλέγομαι	V- 3AMI-S--	ἐξελέξατο	18	subordination_marker_scan_only	candidate	17-18	ha escogido	1corintios-1-27-P03	42		S	3	finite_verb_morphology	explicit_or_morphological	finite_verb_morphology	confirmed		[]		not_detected	27
1corintios	confirmed	unresolved	candidate	1	V-PAS-3S	καταισχύνω	V- 3PAS-S--	καταισχύνῃ	22	subordination_marker_scan_only	unresolved	24	avergonzar	1corintios-1-27-P04	43	1corintios-1-27-P02	S	3	inheritance_allowed	inherited	nearest_agreeing_nominative_no_visible_boundary	candidate	20	"[{""form"": ""ἵνα"", ""key"": ""ινα"", ""token"": ""21""}]"	explicit_marker_after_previous_finite_before_current_finite	candidate	27
1corintios	confirmed	candidate	candidate	1	V-AMI-3S	ἐκλέγομαι	V- 3AMI-S--	ἐξελέξατο	09	subordination_marker_scan_only	candidate	03-04	ha escogido	1corintios-1-28-P01	44		S	3	finite_verb_morphology	explicit_or_morphological	finite_verb_morphology	confirmed		[]		not_detected	28
1corintios	confirmed	unresolved	candidate	1	V-AAS-3S	καταργέω	V- 3AAS-S--	καταργήσῃ	18	subordination_marker_scan_only	unresolved	16	anular	1corintios-1-28-P02	45		S	3	finite_verb_morphology	explicit_or_morphological	finite_verb_morphology	confirmed		"[{""form"": ""ἵνα"", ""key"": ""ινα"", ""token"": ""15""}]"	explicit_marker_after_previous_finite_before_current_finite	candidate	28
1corintios	confirmed	unresolved	candidate	1	V-AMS-3S	καυχάομαι	V- 3AMS-S--	καυχήσηται	03	subordination_marker_scan_only	unresolved	04-05	se jacte	1corintios-1-29-P01	46		S	3	finite_verb_morphology	explicit_or_morphological	finite_verb_morphology	confirmed		"[{""form"": ""ὅπως"", ""key"": ""οπως"", ""token"": ""01""}]"	explicit_marker_after_previous_finite_before_current_finite	candidate	29
1corintios	confirmed	candidate	candidate	1	V-PAI-2P	εἰμί	V- 2PAI-P--	ἐστε	05	subordination_marker_scan_only	candidate	05	están	1corintios-1-30-P01	47		P	2	finite_verb_morphology	explicit_or_morphological	finite_verb_morphology	confirmed		[]		not_detected	30
1corintios	confirmed	candidate	candidate	1	V-API-3S	γίνομαι	V- 3API-S--	ἐγενήθη	10	subordination_marker_scan_only	candidate	12-13	se hizo	1corintios-1-30-P02	48	1corintios-1-30-P01	P	2	inheritance_allowed	inherited	nearest_agreeing_nominative_no_visible_boundary	candidate	09	[]		not_detected	30
1corintios	confirmed	unresolved	candidate	1	V-XPI-3S	γράφω	V- 3XPI-S--	γέγραπται	03	subordination_marker_scan_only	unresolved	05-06	está escrito	1corintios-1-31-P01	49		S	3	finite_verb_morphology	explicit_or_morphological	finite_verb_morphology	confirmed		"[{""form"": ""ἵνα"", ""key"": ""ινα"", ""token"": ""01""}, {""form"": ""καθὼς"", ""key"": ""καθως"", ""token"": ""02""}]"	explicit_marker_after_previous_finite_before_current_finite	candidate	31
1corintios	confirmed	candidate	candidate	1	V-PMD-3S	καυχάομαι	V- 3PMD-S--	καυχάσθω	08	subordination_marker_scan_only	candidate	11-13	que se gloríe	1corintios-1-31-P02	50	1corintios-1-30-P02	P	2	inheritance_allowed	inherited	nearest_agreeing_nominative_no_visible_boundary	candidate	04	[]		not_detected	31
1corintios	confirmed	candidate	candidate	2	V-AAI-1S	ἔρχομαι	V- 1AAI-S--	ἦλθον	06	subordination_marker_scan_only	candidate	14	fui	1corintios-2-1-P01	51		S	1	finite_verb_morphology	explicit_or_morphological	finite_verb_morphology	confirmed		[]		not_detected	1
1corintios	confirmed	candidate	candidate	2	V-AAI-1S	κρίνω	V- 1AAI-S--	ἔκρινά	03	subordination_marker_scan_only	candidate	03-04	me propuse	1corintios-2-2-P01	52		S	1	finite_verb_morphology	explicit_or_morphological	finite_verb_morphology	confirmed		[]		not_detected	2
1corintios	confirmed	candidate	candidate	2	V-AMI-1S	γίνομαι	V- 1AMI-S--	ἐγενόμην	11	subordination_marker_scan_only	candidate	01	estuve	1corintios-2-3-P01	53		S	1	finite_verb_morphology	explicit_or_morphological	finite_verb_morphology	confirmed		[]		not_detected	3
1corintios	confirmed	unresolved	candidate	2	V-PAS-3S	εἰμί	V- 3PAS-S--	ᾖ	06	subordination_marker_scan_only	unresolved	08	descanse	1corintios-2-5-P01	54				no_valid_inheritance	unresolved	nearest_agreeing_nominative_no_visible_boundary	candidate	03	"[{""form"": ""ἵνα"", ""key"": ""ινα"", ""token"": ""01""}]"	explicit_marker_after_previous_finite_before_current_finite	candidate	5
1corintios	confirmed	candidate	candidate	2	V-PAI-1P	λαλέω	V- 1PAI-P--	λαλοῦμεν	03	subordination_marker_scan_only	candidate	03	hablamos	1corintios-2-6-P01	55		P	1	finite_verb_morphology	explicit_or_morphological	finite_verb_morphology	confirmed		[]		not_detected	6
1corintios	confirmed	candidate	candidate	2	V-PAI-1P	λαλέω	V- 1PAI-P--	λαλοῦμεν	02	subordination_marker_scan_only	candidate	03	hablamos	1corintios-2-7-P01	56		P	1	finite_verb_morphology	explicit_or_morphological	finite_verb_morphology	confirmed		[]		not_detected	7
1corintios	confirmed	candidate	candidate	2	V-AAI-3S	προορίζω	V- 3AAI-S--	προώρισεν	10	subordination_marker_scan_only	candidate	19	predestinó	1corintios-2-7-P02	57		S	3	finite_verb_morphology	explicit_or_morphological	finite_verb_morphology	confirmed		[]		not_detected	7
1corintios	confirmed	candidate	candidate	2	V-XAI-3S	γινώσκω	V- 3XAI-S--	ἔγνωκεν	08	subordination_marker_scan_only	candidate	11-12	ha entendido	1corintios-2-8-P01	58	1corintios-2-7-P02	S	3	inheritance_allowed	inherited	nearest_agreeing_nominative_no_visible_boundary	candidate	02	[]		not_detected	8
1corintios	confirmed	unresolved	candidate	2	V-AAI-3P	γινώσκω	V- 3AAI-P--	ἔγνωσαν	11	subordination_marker_scan_only	unresolved	15-17	la hubieran entendido	1corintios-2-8-P02	59		P	3	finite_verb_morphology	explicit_or_morphological	finite_verb_morphology	confirmed		"[{""form"": ""εἰ"", ""key"": ""ει"", ""token"": ""09""}]"	explicit_marker_after_previous_finite_before_current_finite	candidate	8
1corintios	confirmed	candidate	candidate	2	V-AAI-3P	σταυρόω	V- 3AAI-P--	ἐσταύρωσαν	18	subordination_marker_scan_only	candidate	20	crucificado	1corintios-2-8-P03	60		P	3	finite_verb_morphology	explicit_or_morphological	finite_verb_morphology	confirmed		[]		not_detected	8
1corintios	confirmed	unresolved	candidate	2	V-XPI-3S	γράφω	V- 3XPI-S--	γέγραπται	03	subordination_marker_scan_only	unresolved	03-04	está escrito	1corintios-2-9-P01	61		S	3	finite_verb_morphology	explicit_or_morphological	finite_verb_morphology	confirmed		"[{""form"": ""καθὼς"", ""key"": ""καθως"", ""token"": ""02""}]"	explicit_marker_after_previous_finite_before_current_finite	candidate	9
1corintios	confirmed	candidate	candidate	2	V-AAI-3S	ὁράω	V- 3AAI-S--	εἶδεν	07	subordination_marker_scan_only	candidate	09	vio	1corintios-2-9-P02	62	1corintios-2-8-P03	P	3	inheritance_allowed	inherited	nearest_agreeing_nominative_no_visible_boundary	candidate	05	[]		not_detected	9
1corintios	confirmed	candidate	candidate	2	V-AAI-3S	ἀκούω	V- 3AAI-S--	ἤκουσεν	11	subordination_marker_scan_only	candidate	12	oyó	1corintios-2-9-P03	63	1corintios-2-9-P02	P	3	inheritance_allowed	inherited	nearest_agreeing_nominative_no_visible_boundary	candidate	09	[]		not_detected	9
1corintios	confirmed	candidate	candidate	2	V-AAI-3S	ἀναβαίνω	V- 3AAI-S--	ἀνέβη	17	subordination_marker_scan_only	candidate	14-15	han entrado	1corintios-2-9-P04	64		S	3	finite_verb_morphology	explicit_or_morphological	finite_verb_morphology	confirmed		[]		not_detected	9
1corintios	confirmed	candidate	candidate	2	V-AAI-3S	ἑτοιμάζω	V- 3AAI-S--	ἡτοίμασεν	19	subordination_marker_scan_only	candidate	25-26	ha preparado	1corintios-2-9-P05	65		S	3	finite_verb_morphology	explicit_or_morphological	finite_verb_morphology	confirmed		[]		not_detected	9
1corintios	confirmed	candidate	candidate	2	V-AAI-3S	ἀποκαλύπτω	V- 3AAI-S--	ἀπεκάλυψεν	03	subordination_marker_scan_only	candidate	04-05	las reveló	1corintios-2-10-P01	66		S	3	finite_verb_morphology	explicit_or_morphological	finite_verb_morphology	confirmed		[]		not_detected	10
1corintios	confirmed	candidate	candidate	2	V-PAI-3S	ἐραυνάω	V- 3PAI-S--	ἐραυνᾷ	13	subordination_marker_scan_only	candidate	14-15	lo escudriña	1corintios-2-10-P02	67	1corintios-2-10-P01	S	3	inheritance_allowed	inherited	nearest_agreeing_nominative_no_visible_boundary	candidate	11	[]		not_detected	10
1corintios	confirmed	candidate	candidate	2	V-XAI-3S	οἶδα	V- 3XAI-S--	οἶδεν	03	subordination_marker_scan_only	candidate	06	conoce	1corintios-2-11-P01	68		S	3	finite_verb_morphology	explicit_or_morphological	finite_verb_morphology	confirmed		[]		not_detected	11
1corintios	confirmed	unresolved	candidate	2	V-XAI-3S	γινώσκω	V- 3XAI-S--	ἔγνωκεν	23	subordination_marker_scan_only	unresolved	23	conoce	1corintios-2-11-P02	69	1corintios-2-11-P01	S	3	same_local_frame_same_morphology	bounded_inheritance	nearest_agreeing_nominative_no_visible_boundary	candidate	22	"[{""form"": ""εἰ"", ""key"": ""ει"", ""token"": ""08""}]"	explicit_marker_after_previous_finite_before_current_finite	candidate	11
1corintios	confirmed	candidate	candidate	2	V-AAI-1P	λαμβάνω	V- 1AAI-P--	ἐλάβομεν	08	subordination_marker_scan_only	candidate	03-04	hemos recibido	1corintios-2-12-P01	70		P	1	finite_verb_morphology	explicit_or_morphological	finite_verb_morphology	confirmed		[]		not_detected	12
1corintios	confirmed	unresolved	candidate	2	V-XAS-1P	οἶδα	V- 1XAS-P--	εἰδῶμεν	17	subordination_marker_scan_only	unresolved	19	conozcamos	1corintios-2-12-P02	71		P	1	finite_verb_morphology	explicit_or_morphological	finite_verb_morphology	confirmed		"[{""form"": ""ἵνα"", ""key"": ""ινα"", ""token"": ""16""}]"	explicit_marker_after_previous_finite_before_current_finite	candidate	12
1corintios	confirmed	candidate	candidate	2	V-PAI-1P	λαλέω	V- 1PAI-P--	λαλοῦμεν	03	subordination_marker_scan_only	candidate	05	hablamos	1corintios-2-13-P01	72		P	1	finite_verb_morphology	explicit_or_morphological	finite_verb_morphology	confirmed		[]		not_detected	13
1corintios	confirmed	candidate	candidate	2	V-PMI-3S	δέχομαι	V- 3PMI-S--	δέχεται	05	subordination_marker_scan_only	candidate	06	acepta	1corintios-2-14-P01	73	1corintios-2-13-P01	P	1	inheritance_allowed	inherited	nearest_agreeing_nominative_no_visible_boundary	candidate	03	[]		not_detected	14
1corintios	confirmed	candidate	candidate	2	V-PAI-3S	εἰμί	V- 3PAI-S--	ἐστίν	14	subordination_marker_scan_only	candidate	16	son	1corintios-2-14-P02	74		S	3	finite_verb_morphology	explicit_or_morphological	finite_verb_morphology	confirmed		[]		not_detected	14
1corintios	confirmed	candidate	candidate	2	V-PMI-3S	δύναμαι	V- 3PMI-S--	δύναται	17	subordination_marker_scan_only	candidate	20-21	las puede	1corintios-2-14-P03	75		S	3	finite_verb_morphology	explicit_or_morphological	finite_verb_morphology	confirmed		[]		not_detected	14
1corintios	confirmed	unresolved	candidate	2	V-PPI-3S	ἀνακρίνω	V- 3PPI-S--	ἀνακρίνεται	21	subordination_marker_scan_only	unresolved	24-28	son cosas que se disciernen	1corintios-2-14-P04	76		S	3	finite_verb_morphology	explicit_or_morphological	finite_verb_morphology	confirmed		"[{""form"": ""ὅτι"", ""key"": ""οτι"", ""token"": ""19""}]"	explicit_marker_after_previous_finite_before_current_finite	candidate	14
1corintios	confirmed	candidate	candidate	2	V-PAI-3S	ἀνακρίνω	V- 3PAI-S--	ἀνακρίνει	04	subordination_marker_scan_only	candidate	07	juzga	1corintios-2-15-P01	77	1corintios-2-14-P03	S	3	inheritance_allowed	inherited	nearest_agreeing_nominative_no_visible_boundary	candidate	03	[]		not_detected	15
1corintios	confirmed	candidate	candidate	2	V-PPI-3S	ἀνακρίνω	V- 3PPI-S--	ἀνακρίνεται	11	subordination_marker_scan_only	candidate	13-15	no es juzgado	1corintios-2-15-P02	78		S	3	finite_verb_morphology	explicit_or_morphological	finite_verb_morphology	confirmed		[]		not_detected	15
1corintios	confirmed	candidate	candidate	2	V-AAI-3S	γινώσκω	V- 3AAI-S--	ἔγνω	03	subordination_marker_scan_only	candidate	03-04	ha conocido	1corintios-2-16-P01	79		S	3	finite_verb_morphology	explicit_or_morphological	finite_verb_morphology	confirmed		[]		not_detected	16
1corintios	confirmed	candidate	candidate	2	V-FAI-3S	συμβιβάζω	V- 3FAI-S--	συμβιβάσει	07	subordination_marker_scan_only	candidate	12	instruya	1corintios-2-16-P02	80	1corintios-2-16-P01	S	3	inheritance_allowed	inherited	nearest_agreeing_nominative_no_visible_boundary	candidate	06	[]		not_detected	16
1corintios	confirmed	candidate	candidate	2	V-PAI-1P	ἔχω	V- 1PAI-P--	ἔχομεν	13	subordination_marker_scan_only	candidate	15	tenemos	1corintios-2-16-P03	81		P	1	finite_verb_morphology	explicit_or_morphological	finite_verb_morphology	confirmed		[]		not_detected	16
1corintios	confirmed	candidate	candidate	3	V-API-1S	δύναμαι	V- 1API-S--	ἠδυνήθην	04	subordination_marker_scan_only	candidate	06	pude	1corintios-3-1-P01	82		S	1	finite_verb_morphology	explicit_or_morphological	finite_verb_morphology	confirmed		[]		not_detected	1
1corintios	confirmed	candidate	candidate	3	V-AAI-1S	ποτίζω	V- 1AAI-S--	ἐπότισα	03	subordination_marker_scan_only	candidate	02-04	di a beber	1corintios-3-2-P01	83		S	1	finite_verb_morphology	explicit_or_morphological	finite_verb_morphology	confirmed		[]		not_detected	2
1corintios	confirmed	candidate	candidate	3	V-IMI-2P	δύναμαι	V- 2IMI-P--	ἐδύνασθε	08	subordination_marker_scan_only	candidate	12-13	podían recibirlo	1corintios-3-2-P02	84		P	2	finite_verb_morphology	explicit_or_morphological	finite_verb_morphology	confirmed		[]		not_detected	2
1corintios	confirmed	candidate	candidate	3	V-PMI-2P	δύναμαι	V- 2PMI-P--	δύνασθε	13	subordination_marker_scan_only	candidate	19	pueden	1corintios-3-2-P03	85		P	2	finite_verb_morphology	explicit_or_morphological	finite_verb_morphology	confirmed		[]		not_detected	2
1corintios	confirmed	candidate	candidate	3	V-PAI-2P	εἰμί	V- 2PAI-P--	ἐστε	04	subordination_marker_scan_only	candidate	03	son	1corintios-3-3-P01	86		P	2	finite_verb_morphology	explicit_or_morphological	finite_verb_morphology	confirmed		[]		not_detected	3
1corintios	confirmed	candidate	candidate	3	V-PAI-2P	εἰμί	V- 2PAI-P--	ἐστε	14	subordination_marker_scan_only	candidate	13	son	1corintios-3-3-P02	87		P	2	finite_verb_morphology	explicit_or_morphological	finite_verb_morphology	confirmed		[]		not_detected	3
1corintios	confirmed	candidate	candidate	3	V-PAI-2P	περιπατέω	V- 2PAI-P--	περιπατεῖτε	18	subordination_marker_scan_only	candidate	16	andan	1corintios-3-3-P03	88		P	2	finite_verb_morphology	explicit_or_morphological	finite_verb_morphology	confirmed		[]		not_detected	3
1corintios	confirmed	unresolved	candidate	3	V-PAS-3S	λέγω	V- 3PAS-S--	λέγῃ	03	subordination_marker_scan_only	unresolved	04	dice	1corintios-3-4-P01	89		S	3	finite_verb_morphology	explicit_or_morphological	finite_verb_morphology	confirmed		"[{""form"": ""ὅταν"", ""key"": ""οταν"", ""token"": ""01""}]"	explicit_marker_after_previous_finite_before_current_finite	candidate	4
1corintios	confirmed	candidate	candidate	3	V-PAI-1S	εἰμί	V- 1PAI-S--	εἰμι	07	subordination_marker_scan_only	candidate	06	soy	1corintios-3-4-P02	90		S	1	finite_verb_morphology	explicit_or_morphological	finite_verb_morphology	confirmed		[]		not_detected	4
1corintios	confirmed	candidate	candidate	3	V-PAI-2P	εἰμί	V- 2PAI-P--	ἐστε	15	subordination_marker_scan_only	candidate	16	son	1corintios-3-4-P03	91		P	2	finite_verb_morphology	explicit_or_morphological	finite_verb_morphology	confirmed		[]		not_detected	4
1corintios	confirmed	candidate	candidate	3	V-PAI-3S	εἰμί	V- 3PAI-S--	ἐστιν	03	subordination_marker_scan_only	candidate	02	es	1corintios-3-5-P01	92		S	3	finite_verb_morphology	explicit_or_morphological	finite_verb_morphology	confirmed		[]		not_detected	5
1corintios	confirmed	candidate	candidate	3	V-PAI-3S	εἰμί	V- 3PAI-S--	ἐστιν	07	subordination_marker_scan_only	candidate	07	es	1corintios-3-5-P02	93		S	3	finite_verb_morphology	explicit_or_morphological	finite_verb_morphology	confirmed		[]		not_detected	5
1corintios	confirmed	candidate	candidate	3	V-AAI-2P	πιστεύω	V- 2AAI-P--	ἐπιστεύσατε	12	subordination_marker_scan_only	candidate	13-15	ustedes han creído	1corintios-3-5-P03	94		P	2	finite_verb_morphology	explicit_or_morphological	finite_verb_morphology	confirmed		[]		not_detected	5
1corintios	confirmed	unresolved	candidate	3	V-AAI-3S	δίδωμι	V- 3AAI-S--	ἔδωκεν	18	subordination_marker_scan_only	unresolved	19-20	dio oportunidad	1corintios-3-5-P04	95				no_valid_inheritance	unresolved	nearest_agreeing_nominative_no_visible_boundary	candidate	17	"[{""form"": ""ὡς"", ""key"": ""ως"", ""token"": ""15""}]"	explicit_marker_after_previous_finite_before_current_finite	candidate	5
1corintios	confirmed	candidate	candidate	3	V-AAI-1S	φυτεύω	V- 1AAI-S--	ἐφύτευσα	02	subordination_marker_scan_only	candidate	02	planté	1corintios-3-6-P01	96		S	1	finite_verb_morphology	explicit_or_morphological	finite_verb_morphology	confirmed		[]		not_detected	6
1corintios	confirmed	candidate	candidate	3	V-AAI-3S	ποτίζω	V- 3AAI-S--	ἐπότισεν	04	subordination_marker_scan_only	candidate	04	regó	1corintios-3-6-P02	97	1corintios-3-6-P01	S	1	inheritance_allowed	inherited	nearest_agreeing_nominative_no_visible_boundary	candidate	03	[]		not_detected	6
1corintios	confirmed	candidate	candidate	3	V-IAI-3S	αὐξάνω	V- 3IAI-S--	ηὔξανεν	08	subordination_marker_scan_only	candidate	07-10	ha dado el crecimiento	1corintios-3-6-P03	98	1corintios-3-6-P02	S	1	inheritance_allowed	inherited	nearest_agreeing_nominative_no_visible_boundary	candidate	07	[]		not_detected	6
1corintios	confirmed	unresolved	candidate	3	V-PAI-3S	εἰμί	V- 3PAI-S--	ἐστίν	05	subordination_marker_scan_only	unresolved	11	es	1corintios-3-7-P01	99				no_valid_inheritance	unresolved	nearest_agreeing_nominative_no_visible_boundary	candidate	03	"[{""form"": ""ὥστε"", ""key"": ""ωστε"", ""token"": ""01""}]"	explicit_marker_after_previous_finite_before_current_finite	candidate	7
1corintios	confirmed	candidate	candidate	3	V-PAI-3P	εἰμί	V- 3PAI-P--	εἰσιν	08	subordination_marker_scan_only	candidate	10	son	1corintios-3-8-P01	100		P	3	finite_verb_morphology	explicit_or_morphological	finite_verb_morphology	confirmed		[]		not_detected	8
1corintios	confirmed	candidate	candidate	3	V-FMI-3S	λαμβάνω	V- 3FMI-S--	λήμψεται	14	subordination_marker_scan_only	candidate	17	recibirá	1corintios-3-8-P02	101		S	3	finite_verb_morphology	explicit_or_morphological	finite_verb_morphology	confirmed		[]		not_detected	8
1corintios	confirmed	candidate	candidate	3	V-PAI-1P	εἰμί	V- 1PAI-P--	ἐσμεν	03	subordination_marker_scan_only	candidate	03	somos	1corintios-3-9-P01	102		P	1	finite_verb_morphology	explicit_or_morphological	finite_verb_morphology	confirmed		[]		not_detected	9
1corintios	confirmed	candidate	candidate	3	V-PAI-2P	εἰμί	V- 2PAI-P--	ἐστε	09	subordination_marker_scan_only	candidate	10-12	y ustedes son	1corintios-3-9-P02	103		P	2	finite_verb_morphology	explicit_or_morphological	finite_verb_morphology	confirmed		[]		not_detected	9
1corintios	confirmed	unresolved	candidate	3	V-AAI-1S	τίθημι	V- 1AAI-S--	ἔθηκα	13	subordination_marker_scan_only	unresolved	15	puse	1corintios-3-10-P01	104		S	1	finite_verb_morphology	explicit_or_morphological	finite_verb_morphology	confirmed		"[{""form"": ""ὡς"", ""key"": ""ως"", ""token"": ""09""}]"	explicit_marker_after_previous_finite_before_current_finite	candidate	10
1corintios	confirmed	candidate	candidate	3	V-PAI-3S	ἐποικοδομέω	V- 3PAI-S--	ἐποικοδομεῖ	16	subordination_marker_scan_only	candidate	20-22	edifica sobre él	1corintios-3-10-P02	105		S	3	finite_verb_morphology	explicit_or_morphological	finite_verb_morphology	confirmed		[]		not_detected	10
1corintios	confirmed	candidate	candidate	3	V-PAD-3S	βλέπω	V- 3PAD-S--	βλεπέτω	19	subordination_marker_scan_only	candidate	26-27	tenga cuidado	1corintios-3-10-P03	106		S	3	finite_verb_morphology	explicit_or_morphological	finite_verb_morphology	confirmed		[]		not_detected	10
1corintios	confirmed	candidate	candidate	3	V-PAI-3S	ἐποικοδομέω	V- 3PAI-S--	ἐποικοδομεῖ	21	subordination_marker_scan_only	candidate	29-30	edifica encima	1corintios-3-10-P04	107		S	3	finite_verb_morphology	explicit_or_morphological	finite_verb_morphology	confirmed		[]		not_detected	10
1corintios	confirmed	candidate	candidate	3	V-PMI-3S	δύναμαι	V- 3PMI-S--	δύναται	05	subordination_marker_scan_only	candidate	03	puede	1corintios-3-11-P01	108	1corintios-3-10-P04	S	3	inheritance_allowed	inherited	nearest_agreeing_nominative_no_visible_boundary	candidate	04	[]		not_detected	11
1corintios	confirmed	candidate	candidate	3	V-PAI-3S	εἰμί	V- 3PAI-S--	ἐστιν	11	subordination_marker_scan_only	candidate	15	es	1corintios-3-11-P02	109	1corintios-3-11-P01	S	3	inheritance_allowed	inherited	nearest_agreeing_nominative_no_visible_boundary	candidate	10	[]		not_detected	11
1corintios	confirmed	unresolved	candidate	3	V-PAI-3S	ἐποικοδομέω	V- 3PAI-S--	ἐποικοδομεῖ	04	subordination_marker_scan_only	unresolved	08	edifica	1corintios-3-12-P01	110				no_valid_inheritance	unresolved	nearest_agreeing_nominative_no_visible_boundary	candidate	03	"[{""form"": ""εἰ"", ""key"": ""ει"", ""token"": ""01""}]"	explicit_marker_after_previous_finite_before_current_finite	candidate	12
1corintios	confirmed	candidate	candidate	3	V-FMI-3S	γίνομαι	V- 3FMI-S--	γενήσεται	05	subordination_marker_scan_only	candidate	06-07	se hará	1corintios-3-13-P01	111	1corintios-3-11-P02	S	3	inheritance_allowed	inherited	nearest_agreeing_nominative_no_visible_boundary	candidate	04	[]		not_detected	13
1corintios	confirmed	candidate	candidate	3	V-FAI-3S	δηλόω	V- 3FAI-S--	δηλώσει	09	subordination_marker_scan_only	candidate	12-15	la dará a conocer	1corintios-3-13-P02	112	1corintios-3-13-P01	S	3	inheritance_allowed	inherited	nearest_agreeing_nominative_no_visible_boundary	candidate	08	[]		not_detected	13
1corintios	confirmed	unresolved	candidate	3	V-PPI-3S	ἀποκαλύπτω	V- 3PPI-S--	ἀποκαλύπτεται	13	subordination_marker_scan_only	unresolved	19-20	será revelada	1corintios-3-13-P03	113		S	3	finite_verb_morphology	explicit_or_morphological	finite_verb_morphology	confirmed		"[{""form"": ""ὅτι"", ""key"": ""οτι"", ""token"": ""10""}]"	explicit_marker_after_previous_finite_before_current_finite	candidate	13
1corintios	confirmed	candidate	candidate	3	V-PAI-3S	εἰμί	V- 3PAI-S--	ἐστιν	19	subordination_marker_scan_only	candidate	-	-	1corintios-3-13-P04	114	1corintios-3-13-P02	S	3	inheritance_allowed	inherited	nearest_agreeing_nominative_no_visible_boundary	candidate	18	[]		not_detected	13
1corintios	confirmed	candidate	candidate	3	V-FAI-3S	δοκιμάζω	V- 3FAI-S--	δοκιμάσει	23	subordination_marker_scan_only	candidate	24	probará	1corintios-3-13-P05	115	1corintios-3-13-P04	S	3	inheritance_allowed	inherited	nearest_agreeing_nominative_no_visible_boundary	candidate	22	[]		not_detected	13
1corintios	confirmed	unresolved	candidate	3	V-FAI-3S	μένω	V- 3FAI-S--	μενεῖ	05	subordination_marker_scan_only	unresolved	02	permanece	1corintios-3-14-P01	116	1corintios-3-13-P03	S	3	inheritance_allowed	inherited	nearest_agreeing_nominative_no_visible_boundary	candidate	04	"[{""form"": ""εἴ"", ""key"": ""ει"", ""token"": ""01""}]"	explicit_marker_after_previous_finite_before_current_finite	candidate	14
1corintios	confirmed	candidate	candidate	3	V-AAI-3S	ἐποικοδομέω	V- 3AAI-S--	ἐποικοδόμησεν	07	subordination_marker_scan_only	candidate	08-12	ha edificado sobre el fundamento	1corintios-3-14-P02	117		S	3	finite_verb_morphology	explicit_or_morphological	finite_verb_morphology	confirmed		[]		not_detected	14
1corintios	confirmed	candidate	candidate	3	V-FMI-3S	λαμβάνω	V- 3FMI-S--	λήμψεται	09	subordination_marker_scan_only	candidate	13	recibirá	1corintios-3-14-P03	118		S	3	finite_verb_morphology	explicit_or_morphological	finite_verb_morphology	confirmed		[]		not_detected	14
1corintios	confirmed	unresolved	candidate	3	V-FPI-3S	κατακαίω	V- 3FPI-S--	κατακαήσεται	05	subordination_marker_scan_only	unresolved	06-10	es consumida por el fuego	1corintios-3-15-P01	119	1corintios-3-14-P01	S	3	inheritance_allowed	inherited	nearest_agreeing_nominative_no_visible_boundary	candidate	04	"[{""form"": ""εἴ"", ""key"": ""ει"", ""token"": ""01""}]"	explicit_marker_after_previous_finite_before_current_finite	candidate	15
1corintios	confirmed	candidate	candidate	3	V-FPI-3S	ζημιόω	V- 3FPI-S--	ζημιωθήσεται	06	subordination_marker_scan_only	candidate	11-12	sufrirá pérdida	1corintios-3-15-P02	120		S	3	finite_verb_morphology	explicit_or_morphological	finite_verb_morphology	confirmed		[]		not_detected	15
1corintios	confirmed	candidate	candidate	3	V-FPI-3S	σῴζω	V- 3FPI-S--	σωθήσεται	09	subordination_marker_scan_only	candidate	16-17	será salvo	1corintios-3-15-P03	121		S	3	finite_verb_morphology	explicit_or_morphological	finite_verb_morphology	confirmed		[]		not_detected	15
1corintios	confirmed	candidate	candidate	3	V-XAI-2P	οἶδα	V- 2XAI-P--	οἴδατε	02	subordination_marker_scan_only	candidate	02	saben	1corintios-3-16-P01	122		P	2	finite_verb_morphology	explicit_or_morphological	finite_verb_morphology	confirmed		[]		not_detected	16
1corintios	confirmed	unresolved	candidate	3	V-PAI-2P	εἰμί	V- 2PAI-P--	ἐστε	06	subordination_marker_scan_only	unresolved	04-05	ustedes son	1corintios-3-16-P02	123		P	2	finite_verb_morphology	explicit_or_morphological	finite_verb_morphology	confirmed		"[{""form"": ""ὅτι"", ""key"": ""οτι"", ""token"": ""03""}]"	explicit_marker_after_previous_finite_before_current_finite	candidate	16
1corintios	confirmed	candidate	candidate	3	V-PAI-3S	οἰκέω	V- 3PAI-S--	οἰκεῖ	12	subordination_marker_scan_only	candidate	15	habita	1corintios-3-16-P03	124	1corintios-3-16-P01	P	2	inheritance_allowed	inherited	nearest_agreeing_nominative_no_visible_boundary	candidate	09	[]		not_detected	16
1corintios	confirmed	unresolved	candidate	3	V-PAI-3S	φθείρω	V- 3PAI-S--	φθείρει	07	subordination_marker_scan_only	unresolved	03	destruye	1corintios-3-17-P01	125	1corintios-3-16-P02	P	2	inheritance_allowed	inherited	nearest_agreeing_nominative_no_visible_boundary	candidate	02	"[{""form"": ""εἴ"", ""key"": ""ει"", ""token"": ""01""}]"	explicit_marker_after_previous_finite_before_current_finite	candidate	17
1corintios	confirmed	candidate	candidate	3	V-FAI-3S	φθείρω	V- 3FAI-S--	φθερεῖ	08	subordination_marker_scan_only	candidate	09-10	lo destruirá	1corintios-3-17-P02	126		S	3	finite_verb_morphology	explicit_or_morphological	finite_verb_morphology	confirmed		[]		not_detected	17
1corintios	confirmed	candidate	candidate	3	V-PAI-3S	εἰμί	V- 3PAI-S--	ἐστιν	18	subordination_marker_scan_only	candidate	18	es	1corintios-3-17-P03	127	1corintios-3-17-P02	S	3	inheritance_allowed	inherited	nearest_agreeing_nominative_no_visible_boundary	candidate	17	[]		not_detected	17
1corintios	confirmed	candidate	candidate	3	V-PAI-2P	εἰμί	V- 2PAI-P--	ἐστε	20	subordination_marker_scan_only	candidate	26	son	1corintios-3-17-P04	128		P	2	finite_verb_morphology	explicit_or_morphological	finite_verb_morphology	confirmed		[]		not_detected	17
1corintios	confirmed	candidate	candidate	3	V-PAD-3S	ἐξαπατάω	V- 3PAD-S--	ἐξαπατάτω	03	subordination_marker_scan_only	candidate	02-03	se engañe	1corintios-3-18-P01	129	1corintios-3-17-P04	P	2	inheritance_allowed	inherited	nearest_agreeing_nominative_no_visible_boundary	candidate	01	[]		not_detected	18
1corintios	confirmed	unresolved	candidate	3	V-PAI-3S	δοκέω	V- 3PAI-S--	δοκεῖ	06	subordination_marker_scan_only	unresolved	11-12	se cree	1corintios-3-18-P02	130				no_valid_inheritance	unresolved	nearest_agreeing_nominative_no_visible_boundary	candidate	05	"[{""form"": ""εἴ"", ""key"": ""ει"", ""token"": ""04""}]"	explicit_marker_after_previous_finite_before_current_finite	candidate	18
1corintios	confirmed	candidate	candidate	3	V-AMD-3S	γίνομαι	V- 3AMD-S--	γενέσθω	16	subordination_marker_scan_only	candidate	17	hágase	1corintios-3-18-P03	131	1corintios-3-18-P01	P	2	inheritance_allowed	inherited	nearest_agreeing_nominative_no_visible_boundary	candidate	15	[]		not_detected	18
1corintios	confirmed	unresolved	candidate	3	V-AMS-3S	γίνομαι	V- 3AMS-S--	γένηται	18	subordination_marker_scan_only	unresolved	22-24	llegar a ser	1corintios-3-18-P04	132		S	3	finite_verb_morphology	explicit_or_morphological	finite_verb_morphology	confirmed		"[{""form"": ""ἵνα"", ""key"": ""ινα"", ""token"": ""17""}]"	explicit_marker_after_previous_finite_before_current_finite	candidate	18
1corintios	confirmed	candidate	candidate	3	V-PAI-3S	εἰμί	V- 3PAI-S--	ἐστιν	11	subordination_marker_scan_only	candidate	07	es	1corintios-3-19-P01	133	1corintios-3-18-P03	P	2	inheritance_allowed	inherited	nearest_agreeing_nominative_no_visible_boundary	candidate	07	[]		not_detected	19
1corintios	confirmed	candidate	candidate	3	V-XPI-3S	γράφω	V- 3XPI-S--	γέγραπται	12	subordination_marker_scan_only	candidate	12-13	escrito está	1corintios-3-19-P02	134		S	3	finite_verb_morphology	explicit_or_morphological	finite_verb_morphology	confirmed		[]		not_detected	19
1corintios	confirmed	candidate	candidate	3	V-PAI-3S	γινώσκω	V- 3PAI-S--	γινώσκει	04	subordination_marker_scan_only	candidate	05	conoce	1corintios-3-20-P01	135	1corintios-3-19-P02	S	3	inheritance_allowed	inherited	nearest_agreeing_nominative_no_visible_boundary	candidate	03	[]		not_detected	20
1corintios	confirmed	unresolved	candidate	3	V-PAI-3P	εἰμί	V- 3PAI-P--	εἰσὶν	10	subordination_marker_scan_only	unresolved	13	son	1corintios-3-20-P02	136		P	3	finite_verb_morphology	explicit_or_morphological	finite_verb_morphology	confirmed		"[{""form"": ""ὅτι"", ""key"": ""οτι"", ""token"": ""09""}]"	explicit_marker_after_previous_finite_before_current_finite	candidate	20
1corintios	confirmed	unresolved	candidate	3	V-PMD-3S	καυχάομαι	V- 3PMD-S--	καυχάσθω	03	subordination_marker_scan_only	unresolved	04-05	se jacte	1corintios-3-21-P01	137	1corintios-3-20-P02	P	3	inheritance_allowed	inherited	nearest_agreeing_nominative_no_visible_boundary	candidate	02	"[{""form"": ""ὥστε"", ""key"": ""ωστε"", ""token"": ""01""}]"	explicit_marker_after_previous_finite_before_current_finite	candidate	21
1corintios	confirmed	candidate	candidate	3	V-PAI-3S	εἰμί	V- 3PAI-S--	ἐστιν	09	subordination_marker_scan_only	candidate	11	es	1corintios-3-21-P02	138		S	3	finite_verb_morphology	explicit_or_morphological	finite_verb_morphology	confirmed		[]		not_detected	21
1corintios	confirmed	candidate	candidate	4	V-PMD-3S	λογίζομαι	V- 3PMD-S--	λογιζέσθω	03	subordination_marker_scan_only	candidate	05	considere	1corintios-4-1-P01	139		S	3	finite_verb_morphology	explicit_or_morphological	finite_verb_morphology	confirmed		[]		not_detected	1
1corintios	confirmed	candidate	candidate	4	V-PPI-3S	ζητέω	V- 3PPI-S--	ζητεῖται	03	subordination_marker_scan_only	candidate	05-06	se requiere	1corintios-4-2-P01	140		S	3	finite_verb_morphology	explicit_or_morphological	finite_verb_morphology	confirmed		[]		not_detected	2
1corintios	confirmed	unresolved	candidate	4	V-APS-3S	εὑρίσκω	V- 3APS-S--	εὑρεθῇ	10	subordination_marker_scan_only	unresolved	15-16	sea hallado	1corintios-4-2-P02	141				no_valid_inheritance	unresolved	nearest_agreeing_nominative_no_visible_boundary	candidate	09	"[{""form"": ""ἵνα"", ""key"": ""ινα"", ""token"": ""07""}]"	explicit_marker_after_previous_finite_before_current_finite	candidate	2
1corintios	confirmed	candidate	candidate	4	V-PAI-3S	εἰμί	V- 3PAI-S--	ἐστιν	05	subordination_marker_scan_only	candidate	05	es	1corintios-4-3-P01	142		S	3	finite_verb_morphology	explicit_or_morphological	finite_verb_morphology	confirmed		[]		not_detected	3
1corintios	confirmed	unresolved	candidate	4	V-APS-1S	ἀνακρίνω	V- 1APS-S--	ἀνακριθῶ	09	subordination_marker_scan_only	unresolved	11-12	sea juzgado	1corintios-4-3-P02	143		S	1	finite_verb_morphology	explicit_or_morphological	finite_verb_morphology	confirmed		"[{""form"": ""ἵνα"", ""key"": ""ινα"", ""token"": ""06""}]"	explicit_marker_after_previous_finite_before_current_finite	candidate	3
1corintios	confirmed	candidate	candidate	4	V-PAI-1S	ἀνακρίνω	V- 1PAI-S--	ἀνακρίνω	17	subordination_marker_scan_only	candidate	25-26	me juzgo	1corintios-4-3-P03	144		S	1	finite_verb_morphology	explicit_or_morphological	finite_verb_morphology	confirmed		[]		not_detected	3
1corintios	confirmed	candidate	candidate	4	V-XAI-1S	σύνοιδα	V- 1XAI-S--	σύνοιδα	04	subordination_marker_scan_only	candidate	03-04	estoy consciente	1corintios-4-4-P01	145		S	1	finite_verb_morphology	explicit_or_morphological	finite_verb_morphology	confirmed		[]		not_detected	4
1corintios	confirmed	candidate	candidate	4	V-XPI-1S	δικαιόω	V- 1XPI-S--	δεδικαίωμαι	09	subordination_marker_scan_only	candidate	14-16	estoy sin culpa	1corintios-4-4-P02	146		S	1	finite_verb_morphology	explicit_or_morphological	finite_verb_morphology	confirmed		[]		not_detected	4
1corintios	confirmed	candidate	candidate	4	V-PAI-3S	εἰμί	V- 3PAI-S--	ἐστιν	15	subordination_marker_scan_only	candidate	22	es	1corintios-4-4-P03	147	1corintios-4-4-P02	S	1	inheritance_allowed	inherited	nearest_agreeing_nominative_no_visible_boundary	candidate	14	[]		not_detected	4
1corintios	confirmed	unresolved	candidate	4	V-PAD-2P	κρίνω	V- 2PAD-P--	κρίνετε	06	subordination_marker_scan_only	unresolved	04	juzguen	1corintios-4-5-P01	148		P	2	finite_verb_morphology	explicit_or_morphological	finite_verb_morphology	confirmed		"[{""form"": ""ὥστε"", ""key"": ""ωστε"", ""token"": ""01""}]"	explicit_marker_after_previous_finite_before_current_finite	candidate	5
1corintios	confirmed	candidate	candidate	4	V-AAS-3S	ἔρχομαι	V- 3AAS-S--	ἔλθῃ	09	subordination_marker_scan_only	candidate	14	venga	1corintios-4-5-P02	149		S	3	finite_verb_morphology	explicit_or_morphological	finite_verb_morphology	confirmed		[]		not_detected	5
1corintios	confirmed	candidate	candidate	4	V-FAI-3S	φωτίζω	V- 3FAI-S--	φωτίσει	14	subordination_marker_scan_only	candidate	17-20	sacará a la luz	1corintios-4-5-P03	150		S	3	finite_verb_morphology	explicit_or_morphological	finite_verb_morphology	confirmed		[]		not_detected	5
1corintios	confirmed	candidate	candidate	4	V-FAI-3S	φανερόω	V- 3FAI-S--	φανερώσει	20	subordination_marker_scan_only	candidate	29-31	pondrá de manifiesto	1corintios-4-5-P04	151		S	3	finite_verb_morphology	explicit_or_morphological	finite_verb_morphology	confirmed		[]		not_detected	5
1corintios	confirmed	candidate	candidate	4	V-FMI-3S	γίνομαι	V- 3FMI-S--	γενήσεται	29	subordination_marker_scan_only	candidate	40	recibirá	1corintios-4-5-P05	152	1corintios-4-5-P04	S	3	inheritance_allowed	inherited	nearest_agreeing_nominative_no_visible_boundary	candidate	28	[]		not_detected	5
1corintios	confirmed	candidate	candidate	4	V-AAI-1S	μετασχηματίζω	V- 1AAI-S--	μετεσχημάτισα	04	subordination_marker_scan_only	candidate	04-08	he aplicado en sentido figurado	1corintios-4-6-P01	153		S	1	finite_verb_morphology	explicit_or_morphological	finite_verb_morphology	confirmed		[]		not_detected	6
1corintios	confirmed	unresolved	candidate	4	V-AAS-2P	μανθάνω	V- 2AAS-P--	μάθητε	14	subordination_marker_scan_only	unresolved	23	aprendan	1corintios-4-6-P02	154		P	2	finite_verb_morphology	explicit_or_morphological	finite_verb_morphology	confirmed		"[{""form"": ""ἵνα"", ""key"": ""ινα"", ""token"": ""11""}]"	explicit_marker_after_previous_finite_before_current_finite	candidate	6
1corintios	confirmed	candidate	candidate	4	V-XPI-3S	γράφω	V- 3XPI-S--	γέγραπται	19	subordination_marker_scan_only	candidate	29-30	está escrito	1corintios-4-6-P03	155		S	3	finite_verb_morphology	explicit_or_morphological	finite_verb_morphology	confirmed		[]		not_detected	6
1corintios	confirmed	unresolved	candidate	4	V-PPI-2P	φυσιόω	V- 2PPI-P--	φυσιοῦσθε	26	subordination_marker_scan_only	unresolved	36-38	se vuelva arrogante	1corintios-4-6-P04	156		P	2	finite_verb_morphology	explicit_or_morphological	finite_verb_morphology	confirmed		"[{""form"": ""ἵνα"", ""key"": ""ινα"", ""token"": ""20""}]"	explicit_marker_after_previous_finite_before_current_finite	candidate	6
1corintios	confirmed	candidate	candidate	4	V-PAI-3S	διακρίνω	V- 3PAI-S--	διακρίνει	04	subordination_marker_scan_only	candidate	04	distingue	1corintios-4-7-P01	157		S	3	finite_verb_morphology	explicit_or_morphological	finite_verb_morphology	confirmed		[]		not_detected	7
1corintios	confirmed	candidate	candidate	4	V-PAI-2S	ἔχω	V- 2PAI-S--	ἔχεις	07	subordination_marker_scan_only	candidate	06	tienes	1corintios-4-7-P02	158		S	2	finite_verb_morphology	explicit_or_morphological	finite_verb_morphology	confirmed		[]		not_detected	7
1corintios	confirmed	candidate	candidate	4	V-AAI-2S	λαμβάνω	V- 2AAI-S--	ἔλαβες	10	subordination_marker_scan_only	candidate	09	recibiste	1corintios-4-7-P03	159		S	2	finite_verb_morphology	explicit_or_morphological	finite_verb_morphology	confirmed		[]		not_detected	7
1corintios	confirmed	unresolved	candidate	4	V-AAI-2S	λαμβάνω	V- 2AAI-S--	ἔλαβες	14	subordination_marker_scan_only	unresolved	13	recibiste	1corintios-4-7-P04	160		S	2	finite_verb_morphology	explicit_or_morphological	finite_verb_morphology	confirmed		"[{""form"": ""εἰ"", ""key"": ""ει"", ""token"": ""11""}]"	explicit_marker_after_previous_finite_before_current_finite	candidate	7
1corintios	confirmed	candidate	candidate	4	V-PMI-2S	καυχάομαι	V- 2PMI-S--	καυχᾶσαι	16	subordination_marker_scan_only	candidate	16-17	te jactas	1corintios-4-7-P05	161		S	2	finite_verb_morphology	explicit_or_morphological	finite_verb_morphology	confirmed		[]		not_detected	7
1corintios	confirmed	candidate	candidate	4	V-PAI-2P	εἰμί	V- 2PAI-P--	ἐστέ	03	subordination_marker_scan_only	candidate	02	están	1corintios-4-8-P01	162		P	2	finite_verb_morphology	explicit_or_morphological	finite_verb_morphology	confirmed		[]		not_detected	8
1corintios	confirmed	candidate	candidate	4	V-AAI-2P	πλουτέω	V- 2AAI-P--	ἐπλουτήσατε	05	subordination_marker_scan_only	candidate	05-09	se han hecho ricos ya	1corintios-4-8-P02	163		P	2	finite_verb_morphology	explicit_or_morphological	finite_verb_morphology	confirmed		[]		not_detected	8
1corintios	confirmed	candidate	candidate	4	V-AAI-2P	βασιλεύω	V- 2AAI-P--	ἐβασιλεύσατε	08	subordination_marker_scan_only	candidate	10-13	han llegado a reinar	1corintios-4-8-P03	164		P	2	finite_verb_morphology	explicit_or_morphological	finite_verb_morphology	confirmed		[]		not_detected	8
1corintios	confirmed	candidate	candidate	4	V-AAI-2P	βασιλεύω	V- 2AAI-P--	ἐβασιλεύσατε	12	subordination_marker_scan_only	candidate	19-22	hubieran llegado a reinar	1corintios-4-8-P04	165		P	2	finite_verb_morphology	explicit_or_morphological	finite_verb_morphology	confirmed		[]		not_detected	8
1corintios	confirmed	unresolved	candidate	4	V-AAS-1P	συμβασιλεύω	V- 1AAS-P--	συμβασιλεύσωμεν	17	subordination_marker_scan_only	unresolved	26	reináramos	1corintios-4-8-P05	166		P	1	finite_verb_morphology	explicit_or_morphological	finite_verb_morphology	confirmed		"[{""form"": ""ἵνα"", ""key"": ""ινα"", ""token"": ""13""}]"	explicit_marker_after_previous_finite_before_current_finite	candidate	8
1corintios	confirmed	candidate	candidate	4	V-PAI-1S	δοκέω	V- 1PAI-S--	δοκῶ	01	subordination_marker_scan_only	candidate	02-03	pienso que	1corintios-4-9-P01	167		S	1	finite_verb_morphology	explicit_or_morphological	finite_verb_morphology	confirmed		[]		not_detected	9
1corintios	confirmed	candidate	candidate	4	V-AAI-3S	ἀποδείκνυμι	V- 3AAI-S--	ἀπέδειξεν	09	subordination_marker_scan_only	candidate	06-08	ha exhibido a	1corintios-4-9-P02	168	1corintios-4-9-P01	S	1	inheritance_allowed	inherited	nearest_agreeing_nominative_no_visible_boundary	candidate	04	[]		not_detected	9
1corintios	confirmed	unresolved	candidate	4	V-API-1P	γίνομαι	V- 1API-P--	ἐγενήθημεν	14	subordination_marker_scan_only	unresolved	21-24	hemos llegado a ser	1corintios-4-9-P03	169		P	1	finite_verb_morphology	explicit_or_morphological	finite_verb_morphology	confirmed		"[{""form"": ""ὡς"", ""key"": ""ως"", ""token"": ""10""}, {""form"": ""ὅτι"", ""key"": ""οτι"", ""token"": ""12""}]"	explicit_marker_after_previous_finite_before_current_finite	candidate	9
1corintios	confirmed	candidate	candidate	4	V-PAI-1P	πεινάω	V- 1PAI-P--	πεινῶμεν	06	subordination_marker_scan_only	candidate	05-06	pasamos hambre	1corintios-4-11-P01	170		P	1	finite_verb_morphology	explicit_or_morphological	finite_verb_morphology	confirmed		[]		not_detected	11
1corintios	confirmed	candidate	candidate	4	V-PAI-1P	διψάω	V- 1PAI-P--	διψῶμεν	08	subordination_marker_scan_only	candidate	08	sed	1corintios-4-11-P02	171		P	1	finite_verb_morphology	explicit_or_morphological	finite_verb_morphology	confirmed		[]		not_detected	11
1corintios	confirmed	candidate	candidate	4	V-PAI-1P	γυμνιτεύω	V- 1PAI-P--	γυμνιτεύομεν	10	subordination_marker_scan_only	candidate	09-11	andamos mal vestidos	1corintios-4-11-P03	172		P	1	finite_verb_morphology	explicit_or_morphological	finite_verb_morphology	confirmed		[]		not_detected	11
1corintios	confirmed	candidate	candidate	4	V-PPI-1P	κολαφίζω	V- 1PPI-P--	κολαφιζόμεθα	12	subordination_marker_scan_only	candidate	12-13	somos maltratados	1corintios-4-11-P04	173		P	1	finite_verb_morphology	explicit_or_morphological	finite_verb_morphology	confirmed		[]		not_detected	11
1corintios	confirmed	candidate	candidate	4	V-PAI-1P	ἀστατέω	V- 1PAI-P--	ἀστατοῦμεν	14	subordination_marker_scan_only	candidate	15-18	no tenemos dónde vivir	1corintios-4-11-P05	174		P	1	finite_verb_morphology	explicit_or_morphological	finite_verb_morphology	confirmed		[]		not_detected	11
1corintios	confirmed	candidate	candidate	4	V-PAI-1P	κοπιάω	V- 1PAI-P--	κοπιῶμεν	02	subordination_marker_scan_only	candidate	01-02	nos agotamos	1corintios-4-12-P01	175		P	1	finite_verb_morphology	explicit_or_morphological	finite_verb_morphology	confirmed		[]		not_detected	12
1corintios	confirmed	candidate	candidate	4	V-PAI-1P	εὐλογέω	V- 1PAI-P--	εὐλογοῦμεν	08	subordination_marker_scan_only	candidate	11	bendecimos	1corintios-4-12-P02	176		P	1	finite_verb_morphology	explicit_or_morphological	finite_verb_morphology	confirmed		[]		not_detected	12
1corintios	confirmed	candidate	candidate	4	V-PMI-1P	ἀνέχομαι	V- 1PMI-P--	ἀνεχόμεθα	10	subordination_marker_scan_only	candidate	15-16	lo soportamos	1corintios-4-12-P03	177		P	1	finite_verb_morphology	explicit_or_morphological	finite_verb_morphology	confirmed		[]		not_detected	12
1corintios	confirmed	candidate	candidate	4	V-PAI-1P	παρακαλέω	V- 1PAI-P--	παρακαλοῦμεν	02	subordination_marker_scan_only	candidate	06-08	tratamos de reconciliar	1corintios-4-13-P01	178		P	1	finite_verb_morphology	explicit_or_morphological	finite_verb_morphology	confirmed		[]		not_detected	13
1corintios	confirmed	unresolved	candidate	4	V-API-1P	γίνομαι	V- 1API-P--	ἐγενήθημεν	07	subordination_marker_scan_only	unresolved	09-12	hemos llegado a ser	1corintios-4-13-P02	179		P	1	finite_verb_morphology	explicit_or_morphological	finite_verb_morphology	confirmed		"[{""form"": ""ὡς"", ""key"": ""ως"", ""token"": ""03""}]"	explicit_marker_after_previous_finite_before_current_finite	candidate	13
1corintios	confirmed	candidate	candidate	4	V-PAI-1S	γράφω	V- 1PAI-S--	γράφω	04	subordination_marker_scan_only	candidate	03	escribo	1corintios-4-14-P01	180		S	1	finite_verb_morphology	explicit_or_morphological	finite_verb_morphology	confirmed		[]		not_detected	14
1corintios	confirmed	unresolved	candidate	4	V-PAS-2P	ἔχω	V- 2PAS-P--	ἔχητε	05	subordination_marker_scan_only	unresolved	04	tengan	1corintios-4-15-P01	181		P	2	finite_verb_morphology	explicit_or_morphological	finite_verb_morphology	confirmed		"[{""form"": ""ἐὰν"", ""key"": ""εαν"", ""token"": ""01""}]"	explicit_marker_after_previous_finite_before_current_finite	candidate	15
1corintios	confirmed	candidate	candidate	4	V-AAI-1S	γεννάω	V- 1AAI-S--	ἐγέννησα	21	subordination_marker_scan_only	candidate	21	engendré	1corintios-4-15-P02	182		S	1	finite_verb_morphology	explicit_or_morphological	finite_verb_morphology	confirmed		[]		not_detected	15
1corintios	confirmed	candidate	candidate	4	V-PAI-1S	παρακαλέω	V- 1PAI-S--	παρακαλῶ	01	subordination_marker_scan_only	candidate	04	exhorto	1corintios-4-16-P01	183		S	1	finite_verb_morphology	explicit_or_morphological	finite_verb_morphology	confirmed		[]		not_detected	16
1corintios	confirmed	candidate	candidate	4	V-PMD-2P	γίνομαι	V- 2PMD-P--	γίνεσθε	06	subordination_marker_scan_only	candidate	05	sean	1corintios-4-16-P02	184		P	2	finite_verb_morphology	explicit_or_morphological	finite_verb_morphology	confirmed		[]		not_detected	16
1corintios	confirmed	candidate	candidate	4	V-AAI-1S	πέμπω	V- 1AAI-S--	ἔπεμψα	03	subordination_marker_scan_only	candidate	05-06	he enviado	1corintios-4-17-P01	185		S	1	finite_verb_morphology	explicit_or_morphological	finite_verb_morphology	confirmed		[]		not_detected	17
1corintios	confirmed	candidate	candidate	4	V-PAI-3S	εἰμί	V- 3PAI-S--	ἐστίν	07	subordination_marker_scan_only	candidate	10	es	1corintios-4-17-P02	186	1corintios-4-17-P01	S	1	inheritance_allowed	inherited	nearest_agreeing_nominative_no_visible_boundary	candidate	06	[]		not_detected	17
1corintios	confirmed	candidate	candidate	4	V-FAI-3S	ἀναμιμνῄσκω	V- 3FAI-S--	ἀναμνήσει	17	subordination_marker_scan_only	candidate	21	recordará	1corintios-4-17-P03	187	1corintios-4-17-P02	S	1	inheritance_allowed	inherited	nearest_agreeing_nominative_no_visible_boundary	candidate	15	[]		not_detected	17
1corintios	confirmed	unresolved	candidate	4	V-PAI-1S	διδάσκω	V- 1PAI-S--	διδάσκω	30	subordination_marker_scan_only	unresolved	30-31	yo enseño	1corintios-4-17-P04	188		S	1	finite_verb_morphology	explicit_or_morphological	finite_verb_morphology	confirmed		"[{""form"": ""καθὼς"", ""key"": ""καθως"", ""token"": ""25""}]"	explicit_marker_after_previous_finite_before_current_finite	candidate	17
1corintios	confirmed	unresolved	candidate	4	V-API-3P	φυσιόω	V- 3API-P--	ἐφυσιώθησάν	08	subordination_marker_scan_only	unresolved	04-07	se han vuelto arrogantes	1corintios-4-18-P01	189		P	3	finite_verb_morphology	explicit_or_morphological	finite_verb_morphology	confirmed		"[{""form"": ""ὡς"", ""key"": ""ως"", ""token"": ""01""}]"	explicit_marker_after_previous_finite_before_current_finite	candidate	18
1corintios	confirmed	candidate	candidate	4	V-FMI-1S	ἔρχομαι	V- 1FMI-S--	ἐλεύσομαι	01	subordination_marker_scan_only	candidate	02	iré	1corintios-4-19-P01	190		S	1	finite_verb_morphology	explicit_or_morphological	finite_verb_morphology	confirmed		[]		not_detected	19
1corintios	confirmed	unresolved	candidate	4	V-AAS-3S	θέλω	V- 3AAS-S--	θελήσῃ	09	subordination_marker_scan_only	unresolved	09	quiere	1corintios-4-19-P02	191	1corintios-4-18-P01	P	3	inheritance_allowed	inherited	nearest_agreeing_nominative_no_visible_boundary	candidate	08	"[{""form"": ""ἐὰν"", ""key"": ""εαν"", ""token"": ""06""}]"	explicit_marker_after_previous_finite_before_current_finite	candidate	19
1corintios	confirmed	candidate	candidate	4	V-FMI-1S	γινώσκω	V- 1FMI-S--	γνώσομαι	11	subordination_marker_scan_only	candidate	11	conoceré	1corintios-4-19-P03	192		S	1	finite_verb_morphology	explicit_or_morphological	finite_verb_morphology	confirmed		[]		not_detected	19
1corintios	confirmed	candidate	candidate	4	V-PAI-2P	θέλω	V- 2PAI-P--	θέλετε	02	subordination_marker_scan_only	candidate	02	quieren	1corintios-4-21-P01	193		P	2	finite_verb_morphology	explicit_or_morphological	finite_verb_morphology	confirmed		[]		not_detected	21
1corintios	confirmed	candidate	candidate	4	V-AAS-1S	ἔρχομαι	V- 1AAS-S--	ἔλθω	05	subordination_marker_scan_only	candidate	03	iré	1corintios-4-21-P02	194		S	1	finite_verb_morphology	explicit_or_morphological	finite_verb_morphology	confirmed		[]		not_detected	21
1corintios	confirmed	candidate	candidate	5	V-PPI-3S	ἀκούω	V- 3PPI-S--	ἀκούεται	02	subordination_marker_scan_only	candidate	03-05	se oye que	1corintios-5-1-P01	195		S	3	finite_verb_morphology	explicit_or_morphological	finite_verb_morphology	confirmed		[]		not_detected	1
1corintios	confirmed	candidate	candidate	5	V-PAI-2P	εἰμί	V- 2PAI-P--	ἐστέ	04	subordination_marker_scan_only	candidate	-	-	1corintios-5-2-P01	196		P	2	finite_verb_morphology	explicit_or_morphological	finite_verb_morphology	confirmed		[]		not_detected	2
1corintios	confirmed	candidate	candidate	5	V-AAI-2P	πενθέω	V- 2AAI-P--	ἐπενθήσατε	08	subordination_marker_scan_only	candidate	10-11	haberse entristecido	1corintios-5-2-P02	197		P	2	finite_verb_morphology	explicit_or_morphological	finite_verb_morphology	confirmed		[]		not_detected	2
1corintios	confirmed	unresolved	candidate	5	V-APS-3S	αἴρω	V- 3APS-S--	ἀρθῇ	10	subordination_marker_scan_only	unresolved	23-24	fuera expulsado	1corintios-5-2-P03	198		S	3	finite_verb_morphology	explicit_or_morphological	finite_verb_morphology	confirmed		"[{""form"": ""ἵνα"", ""key"": ""ινα"", ""token"": ""09""}]"	explicit_marker_after_previous_finite_before_current_finite	candidate	2
1corintios	confirmed	candidate	candidate	5	V-XAI-1S	κρίνω	V- 1XAI-S--	κέκρικα	12	subordination_marker_scan_only	candidate	19-20	he juzgado	1corintios-5-3-P01	199		S	1	finite_verb_morphology	explicit_or_morphological	finite_verb_morphology	confirmed		[]		not_detected	3
1corintios	confirmed	unresolved	candidate	5	V-APS-3S	σῴζω	V- 3APS-S--	σωθῇ	13	subordination_marker_scan_only	unresolved	19-20	sea salvo	1corintios-5-5-P01	200	1corintios-5-2-P03	S	3	inheritance_allowed	inherited	nearest_agreeing_nominative_no_visible_boundary	candidate	12	"[{""form"": ""ἵνα"", ""key"": ""ινα"", ""token"": ""10""}]"	explicit_marker_after_previous_finite_before_current_finite	candidate	5
1corintios	confirmed	candidate	candidate	5	V-XAI-2P	οἶδα	V- 2XAI-P--	οἴδατε	07	subordination_marker_scan_only	candidate	09	saben	1corintios-5-6-P01	201		P	2	finite_verb_morphology	explicit_or_morphological	finite_verb_morphology	confirmed		[]		not_detected	6
1corintios	confirmed	unresolved	candidate	5	V-PAI-3S	ζυμόω	V- 3PAI-S--	ζυμοῖ	14	subordination_marker_scan_only	unresolved	15	fermenta	1corintios-5-6-P02	202	1corintios-5-5-P01	S	3	inheritance_allowed	inherited	nearest_agreeing_nominative_no_visible_boundary	candidate	10	"[{""form"": ""ὅτι"", ""key"": ""οτι"", ""token"": ""08""}]"	explicit_marker_after_previous_finite_before_current_finite	candidate	6
1corintios	confirmed	candidate	candidate	5	V-AAD-2P	ἐκκαθαίρω	V- 2AAD-P--	ἐκκαθάρατε	01	subordination_marker_scan_only	candidate	01	limpien	1corintios-5-7-P01	203		P	2	finite_verb_morphology	explicit_or_morphological	finite_verb_morphology	confirmed		[]		not_detected	7
1corintios	confirmed	unresolved	candidate	5	V-PAS-2P	εἰμί	V- 2PAS-P--	ἦτε	06	subordination_marker_scan_only	unresolved	07	sean	1corintios-5-7-P02	204		P	2	finite_verb_morphology	explicit_or_morphological	finite_verb_morphology	confirmed		"[{""form"": ""ἵνα"", ""key"": ""ινα"", ""token"": ""05""}]"	explicit_marker_after_previous_finite_before_current_finite	candidate	7
1corintios	confirmed	unresolved	candidate	5	V-PAI-2P	εἰμί	V- 2PAI-P--	ἐστε	10	subordination_marker_scan_only	unresolved	12-15	lo son en realidad	1corintios-5-7-P03	205		P	2	finite_verb_morphology	explicit_or_morphological	finite_verb_morphology	confirmed		"[{""form"": ""καθώς"", ""key"": ""καθως"", ""token"": ""09""}]"	explicit_marker_after_previous_finite_before_current_finite	candidate	7
1corintios	confirmed	candidate	candidate	5	V-API-3S	θύω	V- 3API-S--	ἐτύθη	17	subordination_marker_scan_only	candidate	23-25	ha sido sacrificado	1corintios-5-7-P04	206	1corintios-5-7-P01	P	2	inheritance_allowed	inherited	nearest_agreeing_nominative_no_visible_boundary	candidate	15	[]		not_detected	7
1corintios	confirmed	unresolved	candidate	5	V-PAS-1P	ἑορτάζω	V- 1PAS-P--	ἑορτάζωμεν	02	subordination_marker_scan_only	unresolved	03-05	celebremos la fiesta	1corintios-5-8-P01	207		P	1	finite_verb_morphology	explicit_or_morphological	finite_verb_morphology	confirmed		"[{""form"": ""ὥστε"", ""key"": ""ωστε"", ""token"": ""01""}]"	explicit_marker_after_previous_finite_before_current_finite	candidate	8
1corintios	confirmed	candidate	candidate	5	V-AAI-1S	γράφω	V- 1AAI-S--	ἔγραψα	01	subordination_marker_scan_only	candidate	05	escribí	1corintios-5-9-P01	208		S	1	finite_verb_morphology	explicit_or_morphological	finite_verb_morphology	confirmed		[]		not_detected	9
1corintios	confirmed	unresolved	candidate	5	V-IAI-2P	ὀφείλω	V- 2IAI-P--	ὠφείλετε	16	subordination_marker_scan_only	unresolved	23-24	tendrían ustedes	1corintios-5-10-P01	209		P	2	finite_verb_morphology	explicit_or_morphological	finite_verb_morphology	confirmed		"[{""form"": ""ἐπεὶ"", ""key"": ""επει"", ""token"": ""15""}]"	explicit_marker_after_previous_finite_before_current_finite	candidate	10
1corintios	confirmed	candidate	candidate	5	V-AAI-1S	γράφω	V- 1AAI-S--	ἔγραψα	03	subordination_marker_scan_only	candidate	06	escribí	1corintios-5-11-P01	210		S	1	finite_verb_morphology	explicit_or_morphological	finite_verb_morphology	confirmed		[]		not_detected	11
1corintios	confirmed	unresolved	candidate	5	V-PAS-3S	εἰμί	V- 3PAS-S--	ᾖ	11	subordination_marker_scan_only	unresolved	17-19	es una persona	1corintios-5-11-P02	211	1corintios-5-10-P01	P	2	inheritance_allowed	inherited	nearest_agreeing_nominative_no_visible_boundary	candidate	09	"[{""form"": ""ἐάν"", ""key"": ""εαν"", ""token"": ""07""}]"	explicit_marker_after_previous_finite_before_current_finite	candidate	11
1corintios	confirmed	candidate	candidate	5	V-PAI-2P	κρίνω	V- 2PAI-P--	κρίνετε	11	subordination_marker_scan_only	candidate	13	juzgan	1corintios-5-12-P01	212		P	2	finite_verb_morphology	explicit_or_morphological	finite_verb_morphology	confirmed		[]		not_detected	12
1corintios	confirmed	candidate	candidate	5	V-PAI-3S	κρίνω	V- 3PAI-S--	κρίνει;	06	subordination_marker_scan_only	candidate	03	juzga	1corintios-5-13-P01	213	1corintios-5-12-P01	P	2	inheritance_allowed	inherited	nearest_agreeing_nominative_no_visible_boundary	candidate	05	[]		not_detected	13
1corintios	confirmed	candidate	candidate	5	V-AAD-2P	ἐξαίρω	V- 2AAD-P--	ἐξάρατε	07	subordination_marker_scan_only	candidate	09	expulsen	1corintios-5-13-P02	214		P	2	finite_verb_morphology	explicit_or_morphological	finite_verb_morphology	confirmed		[]		not_detected	13
1corintios	confirmed	candidate	candidate	6	V-PAI-3S	τολμάω	V- 3PAI-S--	τολμᾷ	01	subordination_marker_scan_only	candidate	01-02	se atreve	1corintios-6-1-P01	215		S	3	finite_verb_morphology	explicit_or_morphological	finite_verb_morphology	confirmed		[]		not_detected	1
1corintios	confirmed	candidate	candidate	6	V-XAI-2P	οἶδα	V- 2XAI-P--	οἴδατε	03	subordination_marker_scan_only	candidate	03	saben	1corintios-6-2-P01	216		P	2	finite_verb_morphology	explicit_or_morphological	finite_verb_morphology	confirmed		[]		not_detected	2
1corintios	confirmed	unresolved	candidate	6	V-FAI-3P	κρίνω	V- 3FAI-P--	κρινοῦσιν	09	subordination_marker_scan_only	unresolved	07-09	han de juzgar	1corintios-6-2-P02	217				no_valid_inheritance	unresolved	nearest_agreeing_nominative_no_visible_boundary	candidate	06	"[{""form"": ""ὅτι"", ""key"": ""οτι"", ""token"": ""04""}]"	explicit_marker_after_previous_finite_before_current_finite	candidate	2
1corintios	confirmed	unresolved	candidate	6	V-PPI-3S	κρίνω	V- 3PPI-S--	κρίνεται	14	subordination_marker_scan_only	unresolved	16-17	es juzgado	1corintios-6-2-P03	218		S	3	finite_verb_morphology	explicit_or_morphological	finite_verb_morphology	confirmed		"[{""form"": ""εἰ"", ""key"": ""ει"", ""token"": ""11""}]"	explicit_marker_after_previous_finite_before_current_finite	candidate	2
1corintios	confirmed	candidate	candidate	6	V-PAI-2P	εἰμί	V- 2PAI-P--	ἐστε	18	subordination_marker_scan_only	candidate	21	son	1corintios-6-2-P04	219		P	2	finite_verb_morphology	explicit_or_morphological	finite_verb_morphology	confirmed		[]		not_detected	2
1corintios	confirmed	candidate	candidate	6	V-XAI-2P	οἶδα	V- 2XAI-P--	οἴδατε	02	subordination_marker_scan_only	candidate	02	saben	1corintios-6-3-P01	220		P	2	finite_verb_morphology	explicit_or_morphological	finite_verb_morphology	confirmed		[]		not_detected	3
1corintios	confirmed	unresolved	candidate	6	V-FAI-1P	κρίνω	V- 1FAI-P--	κρινοῦμεν	05	subordination_marker_scan_only	unresolved	04-06	hemos de juzgar	1corintios-6-3-P02	221		P	1	finite_verb_morphology	explicit_or_morphological	finite_verb_morphology	confirmed		"[{""form"": ""ὅτι"", ""key"": ""οτι"", ""token"": ""03""}]"	explicit_marker_after_previous_finite_before_current_finite	candidate	3
1corintios	confirmed	unresolved	candidate	6	V-PAS-2P	ἔχω	V- 2PAS-P--	ἔχητε	06	subordination_marker_scan_only	unresolved	03	tienen	1corintios-6-4-P01	222		P	2	finite_verb_morphology	explicit_or_morphological	finite_verb_morphology	confirmed		"[{""form"": ""ἐὰν"", ""key"": ""εαν"", ""token"": ""05""}]"	explicit_marker_after_previous_finite_before_current_finite	candidate	4
1corintios	confirmed	candidate	candidate	6	V-PAI-2P	καθίζω	V- 2PAI-P--	καθίζετε	13	subordination_marker_scan_only	candidate	05-08,12-16	que juzgan los casos por qué ponen por jueces	1corintios-6-4-P02	223		P	2	finite_verb_morphology	explicit_or_morphological	finite_verb_morphology	confirmed		[]		not_detected	4
1corintios	confirmed	candidate	candidate	6	V-PAI-1S	λέγω	V- 1PAI-S--	λέγω	04	subordination_marker_scan_only	candidate	04-05	lo digo	1corintios-6-5-P01	224		S	1	finite_verb_morphology	explicit_or_morphological	finite_verb_morphology	confirmed		[]		not_detected	5
1corintios	confirmed	candidate	candidate	6	V-PAI-3S	ἔνι	V- 3PAI-S--	ἔνι	07	subordination_marker_scan_only	candidate	08	hay	1corintios-6-5-P02	225		S	3	finite_verb_morphology	explicit_or_morphological	finite_verb_morphology	confirmed		[]		not_detected	5
1corintios	confirmed	candidate	candidate	6	V-FMI-3S	δύναμαι	V- 3FMI-S--	δυνήσεται	13	subordination_marker_scan_only	candidate	15	pueda	1corintios-6-5-P03	226	1corintios-6-5-P02	S	3	inheritance_allowed	inherited	nearest_agreeing_nominative_no_visible_boundary	candidate	12	[]		not_detected	5
1corintios	confirmed	candidate	candidate	6	V-PPI-3S	κρίνω	V- 3PPI-S--	κρίνεται	05	subordination_marker_scan_only	candidate	06	litiga	1corintios-6-6-P01	227	1corintios-6-5-P03	S	3	inheritance_allowed	inherited	nearest_agreeing_nominative_no_visible_boundary	candidate	02	[]		not_detected	6
1corintios	confirmed	candidate	candidate	6	V-PAI-3S	εἰμί	V- 3PAI-S--	ἐστιν	07	subordination_marker_scan_only	candidate	05	es	1corintios-6-7-P01	228	1corintios-6-6-P01	S	3	inheritance_allowed	inherited	nearest_agreeing_nominative_no_visible_boundary	candidate	05	[]		not_detected	7
1corintios	confirmed	unresolved	candidate	6	V-PAI-2P	ἔχω	V- 2PAI-P--	ἔχετε	10	subordination_marker_scan_only	unresolved	15	tengan	1corintios-6-7-P02	229		P	2	finite_verb_morphology	explicit_or_morphological	finite_verb_morphology	confirmed		"[{""form"": ""ὅτι"", ""key"": ""οτι"", ""token"": ""08""}]"	explicit_marker_after_previous_finite_before_current_finite	candidate	7
1corintios	confirmed	candidate	candidate	6	V-PPI-2P	ἀδικέω	V- 2PPI-P--	ἀδικεῖσθε	17	subordination_marker_scan_only	candidate	22,24-25	sufren la injusticia	1corintios-6-7-P03	230		P	2	finite_verb_morphology	explicit_or_morphological	finite_verb_morphology	confirmed		[]		not_detected	7
1corintios	confirmed	candidate	candidate	6	V-PPI-2P	ἀποστερέω	V- 2PPI-P--	ἀποστερεῖσθε	22	subordination_marker_scan_only	candidate	29,31	ser defraudados	1corintios-6-7-P04	231		P	2	finite_verb_morphology	explicit_or_morphological	finite_verb_morphology	confirmed		[]		not_detected	7
1corintios	confirmed	candidate	candidate	6	V-PAI-2P	ἀδικέω	V- 2PAI-P--	ἀδικεῖτε	03	subordination_marker_scan_only	candidate	06-07	cometen injusticias	1corintios-6-8-P01	232		P	2	finite_verb_morphology	explicit_or_morphological	finite_verb_morphology	confirmed		[]		not_detected	8
1corintios	confirmed	candidate	candidate	6	V-PAI-2P	ἀποστερέω	V- 2PAI-P--	ἀποστερεῖτε	05	subordination_marker_scan_only	candidate	09	defraudan	1corintios-6-8-P02	233		P	2	finite_verb_morphology	explicit_or_morphological	finite_verb_morphology	confirmed		[]		not_detected	8
1corintios	confirmed	candidate	candidate	6	V-XAI-2P	οἶδα	V- 2XAI-P--	οἴδατε	03	subordination_marker_scan_only	candidate	03	saben	1corintios-6-9-P01	234		P	2	finite_verb_morphology	explicit_or_morphological	finite_verb_morphology	confirmed		[]		not_detected	9
1corintios	confirmed	unresolved	candidate	6	V-FAI-3P	κληρονομέω	V- 3FAI-P--	κληρονομήσουσιν	09	subordination_marker_scan_only	unresolved	08	heredarán	1corintios-6-9-P02	235				no_valid_inheritance	unresolved	nearest_agreeing_nominative_no_visible_boundary	candidate	05	"[{""form"": ""ὅτι"", ""key"": ""οτι"", ""token"": ""04""}]"	explicit_marker_after_previous_finite_before_current_finite	candidate	9
1corintios	confirmed	candidate	candidate	6	V-PPD-2P	πλανάω	V- 2PPD-P--	πλανᾶσθε	11	subordination_marker_scan_only	candidate	14-16	se dejen engañar	1corintios-6-9-P03	236		P	2	finite_verb_morphology	explicit_or_morphological	finite_verb_morphology	confirmed		[]		not_detected	9
1corintios	confirmed	candidate	candidate	6	V-FAI-3P	κληρονομέω	V- 3FAI-P--	κληρονομήσουσιν	13	subordination_marker_scan_only	candidate	16	heredarán	1corintios-6-10-P01	237	1corintios-6-9-P03	P	2	inheritance_allowed	inherited	nearest_agreeing_nominative_no_visible_boundary	candidate	10	[]		not_detected	10
1corintios	confirmed	candidate	candidate	6	V-IAI-2P	εἰμί	V- 2IAI-P--	ἦτε	04	subordination_marker_scan_only	candidate	03	eran	1corintios-6-11-P01	238		P	2	finite_verb_morphology	explicit_or_morphological	finite_verb_morphology	confirmed		[]		not_detected	11
1corintios	confirmed	candidate	candidate	6	V-AMI-2P	ἀπολούομαι	V- 2AMI-P--	ἀπελούσασθε	06	subordination_marker_scan_only	candidate	08-09	fueron lavados	1corintios-6-11-P02	239		P	2	finite_verb_morphology	explicit_or_morphological	finite_verb_morphology	confirmed		[]		not_detected	11
1corintios	confirmed	candidate	candidate	6	V-API-2P	ἁγιάζω	V- 2API-P--	ἡγιάσθητε	08	subordination_marker_scan_only	candidate	11-12	fueron santificados	1corintios-6-11-P03	240		P	2	finite_verb_morphology	explicit_or_morphological	finite_verb_morphology	confirmed		[]		not_detected	11
1corintios	confirmed	candidate	candidate	6	V-API-2P	δικαιόω	V- 2API-P--	ἐδικαιώθητε	10	subordination_marker_scan_only	candidate	14-15	fueron justificados	1corintios-6-11-P04	241		P	2	finite_verb_morphology	explicit_or_morphological	finite_verb_morphology	confirmed		[]		not_detected	11
1corintios	confirmed	candidate	candidate	6	V-PAI-3S	ἔξεστι(ν)	V- 3PAI-S--	ἔξεστιν	03	subordination_marker_scan_only	candidate	05-06	son lícitas	1corintios-6-12-P01	242	1corintios-6-11-P04	P	2	inheritance_allowed	inherited	nearest_agreeing_nominative_no_visible_boundary	candidate	01	[]		not_detected	12
1corintios	confirmed	candidate	candidate	6	V-PAI-3S	συμφέρω	V- 3PAI-S--	συμφέρει	07	subordination_marker_scan_only	candidate	10-12	son de provecho	1corintios-6-12-P02	243	1corintios-6-12-P01	P	2	inheritance_allowed	inherited	nearest_agreeing_nominative_no_visible_boundary	candidate	06	[]		not_detected	12
1corintios	confirmed	candidate	candidate	6	V-PAI-3S	ἔξεστι(ν)	V- 3PAI-S--	ἔξεστιν	10	subordination_marker_scan_only	candidate	17-18	son lícitas	1corintios-6-12-P03	244	1corintios-6-12-P02	P	2	inheritance_allowed	inherited	nearest_agreeing_nominative_no_visible_boundary	candidate	08	[]		not_detected	12
1corintios	confirmed	candidate	candidate	6	V-FPI-1S	ἐξουσιάζω	V- 1FPI-S--	ἐξουσιασθήσομαι	14	subordination_marker_scan_only	candidate	22-24	me dejaré dominar	1corintios-6-12-P04	245		S	1	finite_verb_morphology	explicit_or_morphological	finite_verb_morphology	confirmed		[]		not_detected	12
1corintios	confirmed	candidate	candidate	6	V-FAI-3S	καταργέω	V- 3FAI-S--	καταργήσει	17	subordination_marker_scan_only	candidate	15	destruirá	1corintios-6-13-P01	246		S	3	finite_verb_morphology	explicit_or_morphological	finite_verb_morphology	confirmed		[]		not_detected	13
1corintios	confirmed	candidate	candidate	6	V-AAI-3S	ἐγείρω	V- 3AAI-S--	ἤγειρεν	07	subordination_marker_scan_only	candidate	03-04	que resucitó	1corintios-6-14-P01	247		S	3	finite_verb_morphology	explicit_or_morphological	finite_verb_morphology	confirmed		[]		not_detected	14
1corintios	confirmed	candidate	candidate	6	V-FAI-3S	ἐξεγείρω	V- 3FAI-S--	ἐξεγερεῖ	10	subordination_marker_scan_only	candidate	09	resucitará	1corintios-6-14-P02	248		S	3	finite_verb_morphology	explicit_or_morphological	finite_verb_morphology	confirmed		[]		not_detected	14
1corintios	confirmed	candidate	candidate	6	V-XAI-2P	οἶδα	V- 2XAI-P--	οἴδατε	02	subordination_marker_scan_only	candidate	02	saben	1corintios-6-15-P01	249		P	2	finite_verb_morphology	explicit_or_morphological	finite_verb_morphology	confirmed		[]		not_detected	15
1corintios	confirmed	unresolved	candidate	6	V-PAI-3S	εἰμί	V- 3PAI-S--	ἐστιν	09	subordination_marker_scan_only	unresolved	06	son	1corintios-6-15-P02	250				no_valid_inheritance	unresolved	nearest_agreeing_nominative_no_visible_boundary	candidate	07	"[{""form"": ""ὅτι"", ""key"": ""οτι"", ""token"": ""03""}]"	explicit_marker_after_previous_finite_before_current_finite	candidate	15
1corintios	confirmed	candidate	candidate	6	V-AAS-1S	ποιέω	V- 1AAS-S--	ποιήσω	16	subordination_marker_scan_only	candidate	16-18	y los haré	1corintios-6-15-P03	251		S	1	finite_verb_morphology	explicit_or_morphological	finite_verb_morphology	confirmed		[]		not_detected	15
1corintios	confirmed	candidate	candidate	6	V-AMO-3S	γίνομαι	V- 3AMO-S--	γένοιτο	20	subordination_marker_scan_only	candidate	23-25	de ningún modo	1corintios-6-15-P04	252		S	3	finite_verb_morphology	explicit_or_morphological	finite_verb_morphology	confirmed		[]		not_detected	15
1corintios	confirmed	candidate	candidate	6	V-XAI-2P	οἶδα	V- 2XAI-P--	οἴδατε	03	subordination_marker_scan_only	candidate	03	saben	1corintios-6-16-P01	253		P	2	finite_verb_morphology	explicit_or_morphological	finite_verb_morphology	confirmed		[]		not_detected	16
1corintios	confirmed	unresolved	candidate	6	V-PAI-3S	εἰμί	V- 3PAI-S--	ἐστιν	11	subordination_marker_scan_only	unresolved	12,15-16	es con ella	1corintios-6-16-P02	254				no_valid_inheritance	unresolved	nearest_agreeing_nominative_no_visible_boundary	candidate	10	"[{""form"": ""ὅτι"", ""key"": ""οτι"", ""token"": ""04""}]"	explicit_marker_after_previous_finite_before_current_finite	candidate	16
1corintios	confirmed	candidate	candidate	6	V-FMI-3P	εἰμί	V- 3FMI-P--	ἔσονται	12	subordination_marker_scan_only	candidate	22-24	vendrán a ser	1corintios-6-16-P03	255		P	3	finite_verb_morphology	explicit_or_morphological	finite_verb_morphology	confirmed		[]		not_detected	16
1corintios	confirmed	candidate	candidate	6	V-PAI-3S	φημί	V- 3PAI-S--	φησίν	14	subordination_marker_scan_only	candidate	18-19	él dice	1corintios-6-16-P04	256		S	3	finite_verb_morphology	explicit_or_morphological	finite_verb_morphology	confirmed		[]		not_detected	16
1corintios	confirmed	candidate	candidate	6	V-PAI-3S	εἰμί	V- 3PAI-S--	ἐστιν	08	subordination_marker_scan_only	candidate	08,11-12	es con él	1corintios-6-17-P01	257	1corintios-6-16-P04	S	3	inheritance_allowed	inherited	nearest_agreeing_nominative_no_visible_boundary	candidate	07	[]		not_detected	17
1corintios	confirmed	candidate	candidate	6	V-PAD-2P	φεύγω	V- 2PAD-P--	φεύγετε	01	subordination_marker_scan_only	candidate	01	huyan	1corintios-6-18-P01	258		P	2	finite_verb_morphology	explicit_or_morphological	finite_verb_morphology	confirmed		[]		not_detected	18
1corintios	confirmed	unresolved	candidate	6	V-AAS-3S	ποιέω	V- 3AAS-S--	ποιήσῃ	08	subordination_marker_scan_only	unresolved	12	comete	1corintios-6-18-P02	259				no_valid_inheritance	unresolved	nearest_agreeing_nominative_no_visible_boundary	candidate	05	"[{""form"": ""ἐὰν"", ""key"": ""εαν"", ""token"": ""07""}]"	explicit_marker_after_previous_finite_before_current_finite	candidate	18
1corintios	confirmed	candidate	candidate	6	V-PAI-3S	εἰμί	V- 3PAI-S--	ἐστιν	13	subordination_marker_scan_only	candidate	13	están	1corintios-6-18-P03	260	1corintios-6-18-P01	P	2	inheritance_allowed	inherited	nearest_agreeing_nominative_no_visible_boundary	candidate	09	[]		not_detected	18
1corintios	confirmed	candidate	candidate	6	V-PAI-3S	ἁμαρτάνω	V- 3PAI-S--	ἁμαρτάνει	21	subordination_marker_scan_only	candidate	20	peca	1corintios-6-18-P04	261		S	3	finite_verb_morphology	explicit_or_morphological	finite_verb_morphology	confirmed		[]		not_detected	18
1corintios	confirmed	candidate	candidate	6	V-XAI-2P	οἶδα	V- 2XAI-P--	οἴδατε	03	subordination_marker_scan_only	candidate	03	saben	1corintios-6-19-P01	262		P	2	finite_verb_morphology	explicit_or_morphological	finite_verb_morphology	confirmed		[]		not_detected	19
1corintios	confirmed	unresolved	candidate	6	V-PAI-3S	εἰμί	V- 3PAI-S--	ἐστιν	14	subordination_marker_scan_only	unresolved	07	es	1corintios-6-19-P02	263				no_valid_inheritance	unresolved	nearest_agreeing_nominative_no_visible_boundary	candidate	08	"[{""form"": ""ὅτι"", ""key"": ""οτι"", ""token"": ""04""}]"	explicit_marker_after_previous_finite_before_current_finite	candidate	19
1corintios	confirmed	candidate	candidate	6	V-PAI-2P	ἔχω	V- 2PAI-P--	ἔχετε	16	subordination_marker_scan_only	candidate	18	tienen	1corintios-6-19-P03	264		P	2	finite_verb_morphology	explicit_or_morphological	finite_verb_morphology	confirmed		[]		not_detected	19
1corintios	confirmed	candidate	candidate	6	V-PAI-2P	εἰμί	V- 2PAI-P--	ἐστὲ	21	subordination_marker_scan_only	candidate	25-26	se pertenecen	1corintios-6-19-P04	265		P	2	finite_verb_morphology	explicit_or_morphological	finite_verb_morphology	confirmed		[]		not_detected	19
1corintios	confirmed	candidate	candidate	6	V-API-2P	ἀγοράζω	V- 2API-P--	ἠγοράσθητε	01	subordination_marker_scan_only	candidate	02-04	han sido comprados	1corintios-6-20-P01	266		P	2	finite_verb_morphology	explicit_or_morphological	finite_verb_morphology	confirmed		[]		not_detected	20
1corintios	confirmed	candidate	candidate	6	V-AAD-2P	δοξάζω	V- 2AAD-P--	δοξάσατε	04	subordination_marker_scan_only	candidate	10	glorifiquen	1corintios-6-20-P02	267		P	2	finite_verb_morphology	explicit_or_morphological	finite_verb_morphology	confirmed		[]		not_detected	20
1corintios	confirmed	candidate	candidate	7	V-AAI-2P	γράφω	V- 2AAI-P--	ἐγράψατε	04	subordination_marker_scan_only	candidate	08-09	me escribieron	1corintios-7-1-P01	268		P	2	finite_verb_morphology	explicit_or_morphological	finite_verb_morphology	confirmed		[]		not_detected	1
1corintios	confirmed	candidate	candidate	7	V-PAD-3S	ἔχω	V- 3PAD-S--	ἐχέτω	09	subordination_marker_scan_only	candidate	11	tenga	1corintios-7-2-P01	269	1corintios-7-1-P01	P	2	inheritance_allowed	inherited	nearest_agreeing_nominative_no_visible_boundary	candidate	05	[]		not_detected	2
1corintios	confirmed	candidate	candidate	7	V-PAD-3S	ἔχω	V- 3PAD-S--	ἐχέτω	15	subordination_marker_scan_only	candidate	18	tenga	1corintios-7-2-P02	270	1corintios-7-2-P01	P	2	inheritance_allowed	inherited	nearest_agreeing_nominative_no_visible_boundary	candidate	11	[]		not_detected	2
1corintios	confirmed	candidate	candidate	7	V-PAD-3S	ἀποδίδωμι	V- 3PAD-S--	ἀποδιδότω	07	subordination_marker_scan_only	candidate	01,04	que cumpla	1corintios-7-3-P01	271	1corintios-7-2-P02	P	2	inheritance_allowed	inherited	nearest_agreeing_nominative_no_visible_boundary	candidate	04	[]		not_detected	3
1corintios	confirmed	candidate	candidate	7	V-PAI-3S	ἐξουσιάζω	V- 3PAI-S--	ἐξουσιάζει	07	subordination_marker_scan_only	candidate	04-05	tiene autoridad	1corintios-7-4-P01	272	1corintios-7-3-P01	P	2	inheritance_allowed	inherited	nearest_agreeing_nominative_no_visible_boundary	candidate	02	[]		not_detected	4
1corintios	confirmed	candidate	candidate	7	V-PAI-3S	ἐξουσιάζω	V- 3PAI-S--	ἐξουσιάζει	20	subordination_marker_scan_only	candidate	18-19	tiene autoridad	1corintios-7-4-P02	273	1corintios-7-4-P01	P	2	inheritance_allowed	inherited	nearest_agreeing_nominative_no_visible_boundary	candidate	15	[]		not_detected	4
1corintios	confirmed	candidate	candidate	7	V-PAD-2P	ἀποστερέω	V- 2PAD-P--	ἀποστερεῖτε	02	subordination_marker_scan_only	candidate	02-03	se priven	1corintios-7-5-P01	274		P	2	finite_verb_morphology	explicit_or_morphological	finite_verb_morphology	confirmed		[]		not_detected	5
1corintios	confirmed	unresolved	candidate	7	V-AAS-2P	σχολάζω	V- 2AAS-P--	σχολάσητε	12	subordination_marker_scan_only	unresolved	17	dedicarse	1corintios-7-5-P02	275		P	2	finite_verb_morphology	explicit_or_morphological	finite_verb_morphology	confirmed		"[{""form"": ""εἰ"", ""key"": ""ει"", ""token"": ""04""}, {""form"": ""ἵνα"", ""key"": ""ινα"", ""token"": ""11""}]"	explicit_marker_after_previous_finite_before_current_finite	candidate	5
1corintios	confirmed	candidate	candidate	7	V-PAS-2P	εἰμί	V- 2PAS-P--	ἦτε	20	subordination_marker_scan_only	candidate	21	vuelvan	1corintios-7-5-P03	276		P	2	finite_verb_morphology	explicit_or_morphological	finite_verb_morphology	confirmed		[]		not_detected	5
1corintios	confirmed	unresolved	candidate	7	V-PAS-3S	πειράζω	V- 3PAS-S--	πειράζῃ	23	subordination_marker_scan_only	unresolved	32	tiente	1corintios-7-5-P04	277		S	3	finite_verb_morphology	explicit_or_morphological	finite_verb_morphology	confirmed		"[{""form"": ""ἵνα"", ""key"": ""ινα"", ""token"": ""21""}]"	explicit_marker_after_previous_finite_before_current_finite	candidate	5
1corintios	confirmed	candidate	candidate	7	V-PAI-1S	λέγω	V- 1PAI-S--	λέγω	03	subordination_marker_scan_only	candidate	04	digo	1corintios-7-6-P01	278		S	1	finite_verb_morphology	explicit_or_morphological	finite_verb_morphology	confirmed		[]		not_detected	6
1corintios	confirmed	candidate	candidate	7	V-PAI-1S	θέλω	V- 1PAI-S--	θέλω	01	subordination_marker_scan_only	candidate	03-04	yo desearía	1corintios-7-7-P01	279		S	1	finite_verb_morphology	explicit_or_morphological	finite_verb_morphology	confirmed		[]		not_detected	7
1corintios	confirmed	unresolved	candidate	7	V-PAI-3S	ἔχω	V- 3PAI-S--	ἔχει	12	subordination_marker_scan_only	unresolved	16-17	ha recibido	1corintios-7-7-P02	280	1corintios-7-5-P04	S	3	inheritance_allowed	inherited	nearest_agreeing_nominative_no_visible_boundary	candidate	10	"[{""form"": ""ὡς"", ""key"": ""ως"", ""token"": ""06""}]"	explicit_marker_after_previous_finite_before_current_finite	candidate	7
1corintios	confirmed	candidate	candidate	7	V-PAI-1S	λέγω	V- 1PAI-S--	λέγω	01	subordination_marker_scan_only	candidate	08	digo	1corintios-7-8-P01	281		S	1	finite_verb_morphology	explicit_or_morphological	finite_verb_morphology	confirmed		[]		not_detected	8
1corintios	confirmed	unresolved	candidate	7	V-AAS-3P	μένω	V- 3AAS-P--	μείνωσιν	11	subordination_marker_scan_only	unresolved	15-16	se quedan	1corintios-7-8-P02	282		P	3	finite_verb_morphology	explicit_or_morphological	finite_verb_morphology	confirmed		"[{""form"": ""ἐὰν"", ""key"": ""εαν"", ""token"": ""10""}]"	explicit_marker_after_previous_finite_before_current_finite	candidate	8
1corintios	confirmed	unresolved	candidate	7	V-PMI-3P	ἐγκρατεύομαι	V- 3PMI-P--	ἐγκρατεύονται	04	subordination_marker_scan_only	unresolved	03-06	carecen de dominio propio	1corintios-7-9-P01	283		P	3	finite_verb_morphology	explicit_or_morphological	finite_verb_morphology	confirmed		"[{""form"": ""εἰ"", ""key"": ""ει"", ""token"": ""01""}]"	explicit_marker_after_previous_finite_before_current_finite	candidate	9
1corintios	confirmed	candidate	candidate	7	V-AAD-3P	γαμέω	V- 3AAD-P--	γαμησάτωσαν	05	subordination_marker_scan_only	candidate	07-08	cásense que	1corintios-7-9-P02	284		P	3	finite_verb_morphology	explicit_or_morphological	finite_verb_morphology	confirmed		[]		not_detected	9
1corintios	confirmed	candidate	candidate	7	V-PAI-3S	εἰμί	V- 3PAI-S--	ἐστιν	08	subordination_marker_scan_only	candidate	10	es	1corintios-7-9-P03	285		S	3	finite_verb_morphology	explicit_or_morphological	finite_verb_morphology	confirmed		[]		not_detected	9
1corintios	confirmed	candidate	candidate	7	V-PAI-1S	παραγγέλλω	V- 1PAI-S--	παραγγέλλω	04	subordination_marker_scan_only	candidate	04	instruyo	1corintios-7-10-P01	286		S	1	finite_verb_morphology	explicit_or_morphological	finite_verb_morphology	confirmed		[]		not_detected	10
1corintios	confirmed	unresolved	candidate	7	V-APS-3S	χωρίζω	V- 3APS-S--	χωρισθῇ	04	subordination_marker_scan_only	unresolved	04	deja	1corintios-7-11-P01	287		S	3	finite_verb_morphology	explicit_or_morphological	finite_verb_morphology	confirmed		"[{""form"": ""ἐὰν"", ""key"": ""εαν"", ""token"": ""01""}]"	explicit_marker_after_previous_finite_before_current_finite	candidate	11
1corintios	confirmed	candidate	candidate	7	V-PAD-3S	μένω	V- 3PAD-S--	μενέτω	05	subordination_marker_scan_only	candidate	05	quédese	1corintios-7-11-P02	288		S	3	finite_verb_morphology	explicit_or_morphological	finite_verb_morphology	confirmed		[]		not_detected	11
1corintios	confirmed	candidate	candidate	7	V-APD-3S	καταλλάσσω	V- 3APD-S--	καταλλαγήτω—	10	subordination_marker_scan_only	candidate	09-14	de lo contrario que se reconcilie	1corintios-7-11-P03	289		S	3	finite_verb_morphology	explicit_or_morphological	finite_verb_morphology	confirmed		[]		not_detected	11
1corintios	confirmed	candidate	candidate	7	V-PAI-1S	λέγω	V- 1PAI-S--	λέγω	04	subordination_marker_scan_only	candidate	05	digo	1corintios-7-12-P01	290		S	1	finite_verb_morphology	explicit_or_morphological	finite_verb_morphology	confirmed		[]		not_detected	12
1corintios	confirmed	unresolved	candidate	7	V-PAI-3S	ἔχω	V- 3PAI-S--	ἔχει	13	subordination_marker_scan_only	unresolved	14	tiene	1corintios-7-12-P02	291				no_valid_inheritance	unresolved	nearest_agreeing_nominative_no_visible_boundary	candidate	11	"[{""form"": ""εἴ"", ""key"": ""ει"", ""token"": ""09""}]"	explicit_marker_after_previous_finite_before_current_finite	candidate	12
1corintios	confirmed	candidate	candidate	7	V-PAI-3S	συνευδοκέω	V- 3PAI-S--	συνευδοκεῖ	17	subordination_marker_scan_only	candidate	23-24	consiente en	1corintios-7-12-P03	292	1corintios-7-12-P01	S	1	inheritance_allowed	inherited	nearest_agreeing_nominative_no_visible_boundary	candidate	16	[]		not_detected	12
1corintios	confirmed	candidate	candidate	7	V-PAD-3S	ἀφίημι	V- 3PAD-S--	ἀφιέτω	22	subordination_marker_scan_only	candidate	30	abandone	1corintios-7-12-P04	293		S	3	finite_verb_morphology	explicit_or_morphological	finite_verb_morphology	confirmed		[]		not_detected	12
1corintios	confirmed	unresolved	candidate	7	V-PAI-3S	ἔχω	V- 3PAI-S--	ἔχει	05	subordination_marker_scan_only	unresolved	-	-	1corintios-7-13-P01	294				no_valid_inheritance	unresolved	nearest_agreeing_nominative_no_visible_boundary	candidate	04	"[{""form"": ""εἴ"", ""key"": ""ει"", ""token"": ""03""}]"	explicit_marker_after_previous_finite_before_current_finite	candidate	13
1corintios	confirmed	candidate	candidate	7	V-PAI-3S	συνευδοκέω	V- 3PAI-S--	συνευδοκεῖ	10	subordination_marker_scan_only	candidate	11-12	consiente en	1corintios-7-13-P02	295	1corintios-7-12-P04	S	3	inheritance_allowed	inherited	nearest_agreeing_nominative_no_visible_boundary	candidate	09	[]		not_detected	13
1corintios	confirmed	candidate	candidate	7	V-PAD-3S	ἀφίημι	V- 3PAD-S--	ἀφιέτω	15	subordination_marker_scan_only	candidate	17	abandone	1corintios-7-13-P03	296		S	3	finite_verb_morphology	explicit_or_morphological	finite_verb_morphology	confirmed		[]		not_detected	13
1corintios	confirmed	candidate	candidate	7	V-XPI-3S	ἁγιάζω	V- 3XPI-S--	ἡγίασται	01	subordination_marker_scan_only	candidate	08-09	es santificado	1corintios-7-14-P01	297		S	3	finite_verb_morphology	explicit_or_morphological	finite_verb_morphology	confirmed		[]		not_detected	14
1corintios	confirmed	candidate	candidate	7	V-XPI-3S	ἁγιάζω	V- 3XPI-S--	ἡγίασται	11	subordination_marker_scan_only	candidate	22-23	es santificada	1corintios-7-14-P02	298		S	3	finite_verb_morphology	explicit_or_morphological	finite_verb_morphology	confirmed		[]		not_detected	14
1corintios	confirmed	unresolved	candidate	7	V-PAI-3S	εἰμί	V- 3PAI-S--	ἐστιν	25	subordination_marker_scan_only	unresolved	35	serían	1corintios-7-14-P03	299				no_valid_inheritance	unresolved	nearest_agreeing_nominative_no_visible_boundary	candidate	24	"[{""form"": ""ἐπεὶ"", ""key"": ""επει"", ""token"": ""19""}]"	explicit_marker_after_previous_finite_before_current_finite	candidate	14
1corintios	confirmed	candidate	candidate	7	V-PAI-3S	εἰμί	V- 3PAI-S--	ἐστιν	29	subordination_marker_scan_only	candidate	39	son	1corintios-7-14-P04	300	1corintios-7-14-P02	S	3	inheritance_allowed	inherited	nearest_agreeing_nominative_no_visible_boundary	candidate	28	[]		not_detected	14
1corintios	confirmed	unresolved	candidate	7	V-PPI-3S	χωρίζω	V- 3PPI-S--	χωρίζεται	05	subordination_marker_scan_only	unresolved	09-10	se separa	1corintios-7-15-P01	301				no_valid_inheritance	unresolved	nearest_agreeing_nominative_no_visible_boundary	candidate	04	"[{""form"": ""εἰ"", ""key"": ""ει"", ""token"": ""01""}]"	explicit_marker_after_previous_finite_before_current_finite	candidate	15
1corintios	confirmed	candidate	candidate	7	V-PPD-3S	χωρίζω	V- 3PPD-S--	χωριζέσθω	06	subordination_marker_scan_only	candidate	11-13	que se separe	1corintios-7-15-P02	302		S	3	finite_verb_morphology	explicit_or_morphological	finite_verb_morphology	confirmed		[]		not_detected	15
1corintios	confirmed	candidate	candidate	7	V-XPI-3S	δουλόω	V- 3XPI-S--	δεδούλωται	08	subordination_marker_scan_only	candidate	23-24	están obligados	1corintios-7-15-P03	303		S	3	finite_verb_morphology	explicit_or_morphological	finite_verb_morphology	confirmed		[]		not_detected	15
1corintios	confirmed	candidate	candidate	7	V-XAI-3S	καλέω	V- 3XAI-S--	κέκληκεν	20	subordination_marker_scan_only	candidate	29-30	ha llamado	1corintios-7-15-P04	304		S	3	finite_verb_morphology	explicit_or_morphological	finite_verb_morphology	confirmed		[]		not_detected	15
1corintios	confirmed	candidate	candidate	7	V-XAI-2S	οἶδα	V- 2XAI-S--	οἶδας	03	subordination_marker_scan_only	candidate	03	sabes	1corintios-7-16-P01	305		S	2	finite_verb_morphology	explicit_or_morphological	finite_verb_morphology	confirmed		[]		not_detected	16
1corintios	confirmed	unresolved	candidate	7	V-FAI-2S	σῴζω	V- 2FAI-S--	σώσεις	08	subordination_marker_scan_only	unresolved	07	salvarás	1corintios-7-16-P02	306		S	2	finite_verb_morphology	explicit_or_morphological	finite_verb_morphology	confirmed		"[{""form"": ""εἰ"", ""key"": ""ει"", ""token"": ""05""}]"	explicit_marker_after_previous_finite_before_current_finite	candidate	16
1corintios	confirmed	candidate	candidate	7	V-XAI-2S	οἶδα	V- 2XAI-S--	οἶδας	11	subordination_marker_scan_only	candidate	13	sabes	1corintios-7-16-P03	307		S	2	finite_verb_morphology	explicit_or_morphological	finite_verb_morphology	confirmed		[]		not_detected	16
1corintios	confirmed	unresolved	candidate	7	V-FAI-2S	σῴζω	V- 2FAI-S--	σώσεις	16	subordination_marker_scan_only	unresolved	17	salvarás	1corintios-7-16-P04	308		S	2	finite_verb_morphology	explicit_or_morphological	finite_verb_morphology	confirmed		"[{""form"": ""εἰ"", ""key"": ""ει"", ""token"": ""13""}]"	explicit_marker_after_previous_finite_before_current_finite	candidate	16
1corintios	confirmed	unresolved	candidate	7	V-AAI-3S	μερίζω	V- 3AAI-S--	ἐμέρισεν	05	subordination_marker_scan_only	unresolved	07,08	ha asignado	1corintios-7-17-P01	309		S	3	finite_verb_morphology	explicit_or_morphological	finite_verb_morphology	confirmed		"[{""form"": ""εἰ"", ""key"": ""ει"", ""token"": ""01""}, {""form"": ""ὡς"", ""key"": ""ως"", ""token"": ""04""}]"	explicit_marker_after_previous_finite_before_current_finite	candidate	17
1corintios	confirmed	unresolved	candidate	7	V-XAI-3S	καλέω	V- 3XAI-S--	κέκληκεν	10	subordination_marker_scan_only	unresolved	14	llamó	1corintios-7-17-P02	310	1corintios-7-17-P01	S	3	inheritance_allowed	inherited	nearest_agreeing_nominative_no_visible_boundary	candidate	07	"[{""form"": ""ὡς"", ""key"": ""ως"", ""token"": ""09""}]"	explicit_marker_after_previous_finite_before_current_finite	candidate	17
1corintios	confirmed	candidate	candidate	7	V-PAD-3S	περιπατέω	V- 3PAD-S--	περιπατείτω	14	subordination_marker_scan_only	candidate	19	ande	1corintios-7-17-P03	311				no_valid_inheritance	unresolved	nearest_agreeing_nominative_no_visible_boundary	candidate	12	[]		not_detected	17
1corintios	confirmed	candidate	candidate	7	V-PMI-1S	διατάσσω	V- 1PMI-S--	διατάσσομαι	21	subordination_marker_scan_only	candidate	21	ordeno	1corintios-7-17-P04	312		S	1	finite_verb_morphology	explicit_or_morphological	finite_verb_morphology	confirmed		[]		not_detected	17
1corintios	confirmed	candidate	candidate	7	V-API-3S	καλέω	V- 3API-S--	ἐκλήθη;	03	subordination_marker_scan_only	candidate	01-02,07-09	fue llamado circuncidado fue llamado	1corintios-7-18-P01	313	1corintios-7-17-P04	S	1	inheritance_allowed	inherited	nearest_agreeing_nominative_no_visible_boundary	candidate	02	[]		not_detected	18
1corintios	confirmed	candidate	candidate	7	V-PMD-3S	ἐπισπάομαι	V- 3PMD-S--	ἐπισπάσθω	05	subordination_marker_scan_only	candidate	06	quédese	1corintios-7-18-P02	314		S	3	finite_verb_morphology	explicit_or_morphological	finite_verb_morphology	confirmed		[]		not_detected	18
1corintios	confirmed	candidate	candidate	7	V-XPI-3S	καλέω	V- 3XPI-S--	κέκληταί	08	subordination_marker_scan_only	candidate	08-09	fue llamado	1corintios-7-18-P03	315		S	3	finite_verb_morphology	explicit_or_morphological	finite_verb_morphology	confirmed		[]		not_detected	18
1corintios	confirmed	candidate	candidate	7	V-PPD-3S	περιτέμνω	V- 3PPD-S--	περιτεμνέσθω	11	subordination_marker_scan_only	candidate	14-15	se circuncide	1corintios-7-18-P04	316	1corintios-7-18-P03	S	3	inheritance_allowed	inherited	nearest_agreeing_nominative_no_visible_boundary	candidate	09	[]		not_detected	18
1corintios	confirmed	candidate	candidate	7	V-PAI-3S	εἰμί	V- 3PAI-S--	ἐστιν	04	subordination_marker_scan_only	candidate	04	es	1corintios-7-19-P01	317	1corintios-7-18-P04	S	3	inheritance_allowed	inherited	nearest_agreeing_nominative_no_visible_boundary	candidate	03	[]		not_detected	19
1corintios	confirmed	candidate	candidate	7	V-PAI-3S	εἰμί	V- 3PAI-S--	ἐστιν	09	subordination_marker_scan_only	candidate	07	es	1corintios-7-19-P02	318	1corintios-7-19-P01	S	3	inheritance_allowed	inherited	nearest_agreeing_nominative_no_visible_boundary	candidate	08	[]		not_detected	19
1corintios	confirmed	candidate	candidate	7	V-API-3S	καλέω	V- 3API-S--	ἐκλήθη	06	subordination_marker_scan_only	candidate	10	llamado	1corintios-7-20-P01	319		S	3	finite_verb_morphology	explicit_or_morphological	finite_verb_morphology	confirmed		[]		not_detected	20
1corintios	confirmed	candidate	candidate	7	V-PAD-3S	μένω	V- 3PAD-S--	μενέτω	09	subordination_marker_scan_only	candidate	-	-	1corintios-7-20-P02	320		S	3	finite_verb_morphology	explicit_or_morphological	finite_verb_morphology	confirmed		[]		not_detected	20
1corintios	confirmed	candidate	candidate	7	V-API-2S	καλέω	V- 2API-S--	ἐκλήθης;	02	subordination_marker_scan_only	candidate	02	llamado	1corintios-7-21-P01	321		S	2	finite_verb_morphology	explicit_or_morphological	finite_verb_morphology	confirmed		[]		not_detected	21
1corintios	confirmed	candidate	candidate	7	V-PAD-3S	μέλει	V- 3PAD-S--	μελέτω	05	subordination_marker_scan_only	candidate	05	no	1corintios-7-21-P02	322		S	3	finite_verb_morphology	explicit_or_morphological	finite_verb_morphology	confirmed		[]		not_detected	21
1corintios	confirmed	unresolved	candidate	7	V-PMI-2S	δύναμαι	V- 2PMI-S--	δύνασαι	09	subordination_marker_scan_only	unresolved	10	puedes	1corintios-7-21-P03	323		S	2	finite_verb_morphology	explicit_or_morphological	finite_verb_morphology	confirmed		"[{""form"": ""εἰ"", ""key"": ""ει"", ""token"": ""07""}]"	explicit_marker_after_previous_finite_before_current_finite	candidate	21
1corintios	confirmed	candidate	candidate	7	V-AMD-2S	χράομαι	V- 2AMD-S--	χρῆσαι	13	subordination_marker_scan_only	candidate	14	prefiérelo	1corintios-7-21-P04	324		S	2	finite_verb_morphology	explicit_or_morphological	finite_verb_morphology	confirmed		[]		not_detected	21
1corintios	confirmed	candidate	candidate	7	V-PAI-3S	εἰμί	V- 3PAI-S--	ἐστίν	09	subordination_marker_scan_only	candidate	13	es	1corintios-7-22-P01	325	1corintios-7-21-P04	S	2	inheritance_allowed	inherited	nearest_agreeing_nominative_no_visible_boundary	candidate	07	[]		not_detected	22
1corintios	confirmed	candidate	candidate	7	V-PAI-3S	εἰμί	V- 3PAI-S--	ἐστιν	15	subordination_marker_scan_only	candidate	27	es	1corintios-7-22-P02	326	1corintios-7-22-P01	S	2	inheritance_allowed	inherited	nearest_agreeing_nominative_no_visible_boundary	candidate	14	[]		not_detected	22
1corintios	confirmed	candidate	candidate	7	V-API-2P	ἀγοράζω	V- 2API-P--	ἠγοράσθητε	02	subordination_marker_scan_only	candidate	01-03	ustedes fueron comprados	1corintios-7-23-P01	327		P	2	finite_verb_morphology	explicit_or_morphological	finite_verb_morphology	confirmed		[]		not_detected	23
1corintios	confirmed	candidate	candidate	7	V-PMD-2P	γίνομαι	V- 2PMD-P--	γίνεσθε	04	subordination_marker_scan_only	candidate	07-08	se hagan	1corintios-7-23-P02	328		P	2	finite_verb_morphology	explicit_or_morphological	finite_verb_morphology	confirmed		[]		not_detected	23
1corintios	confirmed	candidate	candidate	7	V-API-3S	καλέω	V- 3API-S--	ἐκλήθη	04	subordination_marker_scan_only	candidate	07	en	1corintios-7-24-P01	329	1corintios-7-23-P02	P	2	inheritance_allowed	inherited	nearest_agreeing_nominative_no_visible_boundary	candidate	01	[]		not_detected	24
1corintios	confirmed	candidate	candidate	7	V-PAD-3S	μένω	V- 3PAD-S--	μενέτω	08	subordination_marker_scan_only	candidate	13	llamado	1corintios-7-24-P02	330		S	3	finite_verb_morphology	explicit_or_morphological	finite_verb_morphology	confirmed		[]		not_detected	24
1corintios	confirmed	candidate	candidate	7	V-PAI-1S	ἔχω	V- 1PAI-S--	ἔχω	08	subordination_marker_scan_only	candidate	09	del	1corintios-7-25-P01	331		S	1	finite_verb_morphology	explicit_or_morphological	finite_verb_morphology	confirmed		[]		not_detected	25
1corintios	confirmed	candidate	candidate	7	V-PAI-1S	δίδωμι	V- 1PAI-S--	δίδωμι	11	subordination_marker_scan_only	candidate	13	mi	1corintios-7-25-P02	332		S	1	finite_verb_morphology	explicit_or_morphological	finite_verb_morphology	confirmed		[]		not_detected	25
1corintios	confirmed	candidate	candidate	7	V-PAI-1S	νομίζω	V- 1PAI-S--	νομίζω	01	subordination_marker_scan_only	candidate	01	creo	1corintios-7-26-P01	333		S	1	finite_verb_morphology	explicit_or_morphological	finite_verb_morphology	confirmed		[]		not_detected	26
1corintios	confirmed	candidate	candidate	7	V-XPI-2S	δέω	V- 2XPI-S--	δέδεσαι	01	subordination_marker_scan_only	candidate	01-02	estás unido	1corintios-7-27-P01	334		S	2	finite_verb_morphology	explicit_or_morphological	finite_verb_morphology	confirmed		[]		not_detected	27
1corintios	confirmed	candidate	candidate	7	V-PAD-2S	ζητέω	V- 2PAD-S--	ζήτει	04	subordination_marker_scan_only	candidate	06	procures	1corintios-7-27-P02	335		S	2	finite_verb_morphology	explicit_or_morphological	finite_verb_morphology	confirmed		[]		not_detected	27
1corintios	confirmed	candidate	candidate	7	V-XPI-2S	λύω	V- 2XPI-S--	λέλυσαι	06	subordination_marker_scan_only	candidate	08-09	estás libre	1corintios-7-27-P03	336		S	2	finite_verb_morphology	explicit_or_morphological	finite_verb_morphology	confirmed		[]		not_detected	27
1corintios	confirmed	candidate	candidate	7	V-PAD-2S	ζητέω	V- 2PAD-S--	ζήτει	10	subordination_marker_scan_only	candidate	13	busques	1corintios-7-27-P04	337		S	2	finite_verb_morphology	explicit_or_morphological	finite_verb_morphology	confirmed		[]		not_detected	27
1corintios	confirmed	unresolved	candidate	7	V-AAS-2S	γαμέω	V- 2AAS-S--	γαμήσῃς	04	subordination_marker_scan_only	unresolved	05	no	1corintios-7-28-P01	338		S	2	finite_verb_morphology	explicit_or_morphological	finite_verb_morphology	confirmed		"[{""form"": ""ἐὰν"", ""key"": ""εαν"", ""token"": ""01""}]"	explicit_marker_after_previous_finite_before_current_finite	candidate	28
1corintios	confirmed	candidate	candidate	7	V-AAI-2S	ἁμαρτάνω	V- 2AAI-S--	ἥμαρτες	06	subordination_marker_scan_only	candidate	07	pecado	1corintios-7-28-P02	339		S	2	finite_verb_morphology	explicit_or_morphological	finite_verb_morphology	confirmed		[]		not_detected	28
1corintios	confirmed	unresolved	candidate	7	V-AAS-3S	γαμέω	V- 3AAS-S--	γήμῃ	09	subordination_marker_scan_only	unresolved	11	virgen	1corintios-7-28-P03	340		S	3	finite_verb_morphology	explicit_or_morphological	finite_verb_morphology	confirmed		"[{""form"": ""ἐὰν"", ""key"": ""εαν"", ""token"": ""08""}]"	explicit_marker_after_previous_finite_before_current_finite	candidate	28
1corintios	confirmed	candidate	candidate	7	V-AAI-3S	ἁμαρτάνω	V- 3AAI-S--	ἥμαρτεν	13	subordination_marker_scan_only	candidate	15	ha	1corintios-7-28-P04	341	1corintios-7-28-P02	S	2	inheritance_allowed	inherited	nearest_agreeing_nominative_no_visible_boundary	candidate	11	[]		not_detected	28
1corintios	confirmed	candidate	candidate	7	V-FAI-3P	ἔχω	V- 3FAI-P--	ἕξουσιν	18	subordination_marker_scan_only	candidate	22	en	1corintios-7-28-P05	342		P	3	finite_verb_morphology	explicit_or_morphological	finite_verb_morphology	confirmed		[]		not_detected	28
1corintios	confirmed	candidate	candidate	7	V-PMI-1S	φείδομαι	V- 1PMI-S--	φείδομαι	24	subordination_marker_scan_only	candidate	28	evitárselos	1corintios-7-28-P06	343		S	1	finite_verb_morphology	explicit_or_morphological	finite_verb_morphology	confirmed		[]		not_detected	28
1corintios	confirmed	candidate	candidate	7	V-PAI-1S	φημί	V- 1PAI-S--	φημι	03	subordination_marker_scan_only	candidate	03	digo	1corintios-7-29-P01	344		S	1	finite_verb_morphology	explicit_or_morphological	finite_verb_morphology	confirmed		[]		not_detected	29
1corintios	confirmed	candidate	candidate	7	V-PAI-3S	εἰμί	V- 3PAI-S--	ἐστίν	08	subordination_marker_scan_only	candidate	08	sido	1corintios-7-29-P02	345	1corintios-7-29-P01	S	1	inheritance_allowed	inherited	nearest_agreeing_nominative_no_visible_boundary	candidate	06	[]		not_detected	29
1corintios	confirmed	unresolved	candidate	7	V-PAS-3P	εἰμί	V- 3PAS-P--	ὦσιν	19	subordination_marker_scan_only	unresolved	21,23	sean si	1corintios-7-29-P03	346				no_valid_inheritance	unresolved	nearest_agreeing_nominative_no_visible_boundary	candidate	13	"[{""form"": ""ἵνα"", ""key"": ""ινα"", ""token"": ""11""}, {""form"": ""ὡς"", ""key"": ""ως"", ""token"": ""16""}]"	explicit_marker_after_previous_finite_before_current_finite	candidate	29
1corintios	confirmed	unresolved	candidate	7	V-PAI-3S	παράγω	V- 3PAI-S--	παράγει	09	subordination_marker_scan_only	unresolved	18-19	es pasajera	1corintios-7-31-P01	347		S	3	finite_verb_morphology	explicit_or_morphological	finite_verb_morphology	confirmed		"[{""form"": ""ὡς"", ""key"": ""ως"", ""token"": ""06""}]"	explicit_marker_after_previous_finite_before_current_finite	candidate	31
1corintios	confirmed	candidate	candidate	7	V-PAI-1S	θέλω	V- 1PAI-S--	θέλω	01	subordination_marker_scan_only	candidate	01,02	sin embargo	1corintios-7-32-P01	348		S	1	finite_verb_morphology	explicit_or_morphological	finite_verb_morphology	confirmed		[]		not_detected	32
1corintios	confirmed	candidate	candidate	7	V-PAI-3S	μεριμνάω	V- 3PAI-S--	μεριμνᾷ	08	subordination_marker_scan_only	candidate	12	preocupa	1corintios-7-32-P02	349	1corintios-7-32-P01	S	1	inheritance_allowed	inherited	nearest_agreeing_nominative_no_visible_boundary	candidate	07	[]		not_detected	32
1corintios	confirmed	candidate	candidate	7	V-AAS-3S	ἀρέσκω	V- 3AAS-S--	ἀρέσῃ	13	subordination_marker_scan_only	candidate	20	agradar	1corintios-7-32-P03	350		S	3	finite_verb_morphology	explicit_or_morphological	finite_verb_morphology	confirmed		[]		not_detected	32
1corintios	confirmed	candidate	candidate	7	V-PAI-3S	μεριμνάω	V- 3PAI-S--	μεριμνᾷ	04	subordination_marker_scan_only	candidate	05	preocupa	1corintios-7-33-P01	351		S	3	finite_verb_morphology	explicit_or_morphological	finite_verb_morphology	confirmed		[]		not_detected	33
1corintios	confirmed	candidate	candidate	7	V-AAS-3S	ἀρέσκω	V- 3AAS-S--	ἀρέσῃ	09	subordination_marker_scan_only	candidate	13	agradar	1corintios-7-33-P02	352		S	3	finite_verb_morphology	explicit_or_morphological	finite_verb_morphology	confirmed		[]		not_detected	33
1corintios	confirmed	candidate	candidate	7	V-XPI-3S	μερίζω	V- 3XPI-S--	μεμέρισται	02	subordination_marker_scan_only	candidate	03	intereses	1corintios-7-34-P01	353		S	3	finite_verb_morphology	explicit_or_morphological	finite_verb_morphology	confirmed		[]		not_detected	34
1corintios	confirmed	candidate	candidate	7	V-PAI-3S	μεριμνάω	V- 3PAI-S--	μεριμνᾷ	11	subordination_marker_scan_only	candidate	16	preocupan	1corintios-7-34-P02	354	1corintios-7-34-P01	S	3	inheritance_allowed	inherited	nearest_agreeing_nominative_no_visible_boundary	candidate	10	[]		not_detected	34
1corintios	confirmed	unresolved	candidate	7	V-PAS-3S	εἰμί	V- 3PAS-S--	ᾖ	16	subordination_marker_scan_only	unresolved	24	santas	1corintios-7-34-P03	355		S	3	finite_verb_morphology	explicit_or_morphological	finite_verb_morphology	confirmed		"[{""form"": ""ἵνα"", ""key"": ""ινα"", ""token"": ""15""}]"	explicit_marker_after_previous_finite_before_current_finite	candidate	34
1corintios	confirmed	candidate	candidate	7	V-PAI-3S	μεριμνάω	V- 3PAI-S--	μεριμνᾷ	27	subordination_marker_scan_only	candidate	38	cosas	1corintios-7-34-P04	356		S	3	finite_verb_morphology	explicit_or_morphological	finite_verb_morphology	confirmed		[]		not_detected	34
1corintios	confirmed	candidate	candidate	7	V-AAS-3S	ἀρέσκω	V- 3AAS-S--	ἀρέσῃ	32	subordination_marker_scan_only	candidate	43	agradar	1corintios-7-34-P05	357		S	3	finite_verb_morphology	explicit_or_morphological	finite_verb_morphology	confirmed		[]		not_detected	34
1corintios	confirmed	candidate	candidate	7	V-PAI-1S	λέγω	V- 1PAI-S--	λέγω	08	subordination_marker_scan_only	candidate	08	para	1corintios-7-35-P01	358		S	1	finite_verb_morphology	explicit_or_morphological	finite_verb_morphology	confirmed		[]		not_detected	35
1corintios	confirmed	unresolved	candidate	7	V-AAS-1S	ἐπιβάλλω	V- 1AAS-S--	ἐπιβάλω	13	subordination_marker_scan_only	unresolved	16	es	1corintios-7-35-P02	359		S	1	finite_verb_morphology	explicit_or_morphological	finite_verb_morphology	confirmed		"[{""form"": ""ἵνα"", ""key"": ""ινα"", ""token"": ""10""}]"	explicit_marker_after_previous_finite_before_current_finite	candidate	35
1corintios	confirmed	unresolved	candidate	7	V-PAI-3S	νομίζω	V- 3PAI-S--	νομίζει	09	subordination_marker_scan_only	unresolved	04-05	cree que	1corintios-7-36-P01	360	1corintios-7-35-P02	S	1	inheritance_allowed	inherited	nearest_agreeing_nominative_no_visible_boundary	candidate	03	"[{""form"": ""εἰ"", ""key"": ""ει"", ""token"": ""01""}]"	explicit_marker_after_previous_finite_before_current_finite	candidate	36
1corintios	confirmed	unresolved	candidate	7	V-PAS-3S	εἰμί	V- 3PAS-S--	ᾖ	11	subordination_marker_scan_only	unresolved	17-18	ella es	1corintios-7-36-P02	361		S	3	finite_verb_morphology	explicit_or_morphological	finite_verb_morphology	confirmed		"[{""form"": ""ἐὰν"", ""key"": ""εαν"", ""token"": ""10""}]"	explicit_marker_after_previous_finite_before_current_finite	candidate	36
1corintios	confirmed	candidate	candidate	7	V-PAI-3S	ὀφείλω	V- 3PAI-S--	ὀφείλει	15	subordination_marker_scan_only	candidate	24-25	es necesario	1corintios-7-36-P03	362		S	3	finite_verb_morphology	explicit_or_morphological	finite_verb_morphology	confirmed		[]		not_detected	36
1corintios	confirmed	candidate	candidate	7	V-PAI-3S	θέλω	V- 3PAI-S--	θέλει	18	subordination_marker_scan_only	candidate	34	quiera	1corintios-7-36-P04	363		S	3	finite_verb_morphology	explicit_or_morphological	finite_verb_morphology	confirmed		[]		not_detected	36
1corintios	confirmed	candidate	candidate	7	V-PAD-3S	ποιέω	V- 3PAD-S--	ποιείτω	19	subordination_marker_scan_only	candidate	30-31	que haga	1corintios-7-36-P05	364		S	3	finite_verb_morphology	explicit_or_morphological	finite_verb_morphology	confirmed		[]		not_detected	36
1corintios	confirmed	candidate	candidate	7	V-PAI-3S	ἁμαρτάνω	V- 3PAI-S--	ἁμαρτάνει	21	subordination_marker_scan_only	candidate	36	peca	1corintios-7-36-P06	365		S	3	finite_verb_morphology	explicit_or_morphological	finite_verb_morphology	confirmed		[]		not_detected	36
1corintios	confirmed	candidate	candidate	7	V-PAD-3P	γαμέω	V- 3PAD-P--	γαμείτωσαν	22	subordination_marker_scan_only	candidate	37-39	que se case	1corintios-7-36-P07	366		P	3	finite_verb_morphology	explicit_or_morphological	finite_verb_morphology	confirmed		[]		not_detected	36
1corintios	confirmed	candidate	candidate	7	V-XAI-3S	ἵστημι	V- 3XAI-S--	ἕστηκεν	03	subordination_marker_scan_only	candidate	04	está	1corintios-7-37-P01	367		S	3	finite_verb_morphology	explicit_or_morphological	finite_verb_morphology	confirmed		[]		not_detected	37
1corintios	confirmed	candidate	candidate	7	V-PAI-3S	ἔχω	V- 3PAI-S--	ἔχει	14	subordination_marker_scan_only	candidate	-	-	1corintios-7-37-P02	368		S	3	finite_verb_morphology	explicit_or_morphological	finite_verb_morphology	confirmed		[]		not_detected	37
1corintios	confirmed	candidate	candidate	7	V-XAI-3S	κρίνω	V- 3XAI-S--	κέκρικεν	21	subordination_marker_scan_only	candidate	26	conservar	1corintios-7-37-P03	369		S	3	finite_verb_morphology	explicit_or_morphological	finite_verb_morphology	confirmed		[]		not_detected	37
1corintios	confirmed	candidate	candidate	7	V-FAI-3S	ποιέω	V- 3FAI-S--	ποιήσει	31	subordination_marker_scan_only	candidate	-	-	1corintios-7-37-P04	370		S	3	finite_verb_morphology	explicit_or_morphological	finite_verb_morphology	confirmed		[]		not_detected	37
1corintios	confirmed	unresolved	candidate	7	V-PAI-3S	ποιέω	V- 3PAI-S--	ποιεῖ	09	subordination_marker_scan_only	unresolved	13	hace	1corintios-7-38-P01	371				no_valid_inheritance	unresolved	nearest_agreeing_nominative_no_visible_boundary	candidate	03	"[{""form"": ""ὥστε"", ""key"": ""ωστε"", ""token"": ""01""}]"	explicit_marker_after_previous_finite_before_current_finite	candidate	38
1corintios	confirmed	candidate	candidate	7	V-FAI-3S	ποιέω	V- 3FAI-S--	ποιήσει	15	subordination_marker_scan_only	candidate	23	hace	1corintios-7-38-P02	372	1corintios-7-37-P04	S	3	inheritance_allowed	inherited	nearest_agreeing_nominative_no_visible_boundary	candidate	11	[]		not_detected	38
1corintios	confirmed	candidate	candidate	7	V-XPI-3S	δέω	V- 3XPI-S--	δέδεται	02	subordination_marker_scan_only	candidate	03-04	está ligada	1corintios-7-39-P01	373	1corintios-7-38-P02	S	3	inheritance_allowed	inherited	nearest_agreeing_nominative_no_visible_boundary	candidate	01	[]		not_detected	39
1corintios	confirmed	candidate	candidate	7	V-PAI-3S	ζάω	V- 3PAI-S--	ζῇ	06	subordination_marker_scan_only	candidate	08	vive	1corintios-7-39-P02	374		S	3	finite_verb_morphology	explicit_or_morphological	finite_verb_morphology	confirmed		[]		not_detected	39
1corintios	confirmed	unresolved	candidate	7	V-APS-3S	κοιμάομαι	V- 3APS-S--	κοιμηθῇ	12	subordination_marker_scan_only	unresolved	13	muere	1corintios-7-39-P03	375		S	3	finite_verb_morphology	explicit_or_morphological	finite_verb_morphology	confirmed		"[{""form"": ""ἐὰν"", ""key"": ""εαν"", ""token"": ""10""}]"	explicit_marker_after_previous_finite_before_current_finite	candidate	39
1corintios	confirmed	candidate	candidate	7	V-PAI-3S	εἰμί	V- 3PAI-S--	ἐστὶν	16	subordination_marker_scan_only	candidate	14-16	está en libertad	1corintios-7-39-P04	376	1corintios-7-39-P02	S	3	inheritance_allowed	inherited	nearest_agreeing_nominative_no_visible_boundary	candidate	15	[]		not_detected	39
1corintios	confirmed	candidate	candidate	7	V-PAI-3S	θέλω	V- 3PAI-S--	θέλει	18	subordination_marker_scan_only	candidate	21	desee	1corintios-7-39-P05	377		S	3	finite_verb_morphology	explicit_or_morphological	finite_verb_morphology	confirmed		[]		not_detected	39
1corintios	confirmed	candidate	candidate	7	V-PAI-3S	εἰμί	V- 3PAI-S--	ἐστιν	03	subordination_marker_scan_only	candidate	05	será	1corintios-7-40-P01	378		S	3	finite_verb_morphology	explicit_or_morphological	finite_verb_morphology	confirmed		[]		not_detected	40
1corintios	confirmed	unresolved	candidate	7	V-AAS-3S	μένω	V- 3AAS-S--	μείνῃ	06	subordination_marker_scan_only	unresolved	09-10	se queda	1corintios-7-40-P02	379		S	3	finite_verb_morphology	explicit_or_morphological	finite_verb_morphology	confirmed		"[{""form"": ""ἐὰν"", ""key"": ""εαν"", ""token"": ""04""}]"	explicit_marker_after_previous_finite_before_current_finite	candidate	40
1corintios	confirmed	candidate	candidate	7	V-PAI-1S	δοκέω	V- 1PAI-S--	δοκῶ	11	subordination_marker_scan_only	candidate	14	creo	1corintios-7-40-P03	380		S	1	finite_verb_morphology	explicit_or_morphological	finite_verb_morphology	confirmed		[]		not_detected	40
1corintios	confirmed	candidate	candidate	8	V-XAI-1P	οἶδα	V- 1XAI-P--	οἴδαμεν	05	subordination_marker_scan_only	candidate	11	todos	1corintios-8-1-P01	381		P	1	finite_verb_morphology	explicit_or_morphological	finite_verb_morphology	confirmed		[]		not_detected	1
1corintios	confirmed	unresolved	candidate	8	V-PAI-1P	ἔχω	V- 1PAI-P--	ἔχομεν	09	subordination_marker_scan_only	unresolved	15	conocimiento	1corintios-8-1-P02	382		P	1	finite_verb_morphology	explicit_or_morphological	finite_verb_morphology	confirmed		"[{""form"": ""ὅτι"", ""key"": ""οτι"", ""token"": ""06""}]"	explicit_marker_after_previous_finite_before_current_finite	candidate	1
1corintios	confirmed	candidate	candidate	8	V-PAI-3S	φυσιόω	V- 3PAI-S--	φυσιοῖ	12	subordination_marker_scan_only	candidate	18	el	1corintios-8-1-P03	383	1corintios-8-1-P01	P	1	inheritance_allowed	inherited	nearest_agreeing_nominative_no_visible_boundary	candidate	11	[]		not_detected	1
1corintios	confirmed	candidate	candidate	8	V-PAI-3S	οἰκοδομέω	V- 3PAI-S--	οἰκοδομεῖ	16	subordination_marker_scan_only	candidate	-	-	1corintios-8-1-P04	384	1corintios-8-1-P03	P	1	inheritance_allowed	inherited	nearest_agreeing_nominative_no_visible_boundary	candidate	15	[]		not_detected	1
1corintios	confirmed	unresolved	candidate	8	V-PAI-3S	δοκέω	V- 3PAI-S--	δοκεῖ	03	subordination_marker_scan_only	unresolved	03,04	cree que	1corintios-8-2-P01	385	1corintios-8-1-P02	P	1	inheritance_allowed	inherited	nearest_agreeing_nominative_no_visible_boundary	candidate	02	"[{""form"": ""εἴ"", ""key"": ""ει"", ""token"": ""01""}]"	explicit_marker_after_previous_finite_before_current_finite	candidate	2
1corintios	confirmed	candidate	candidate	8	V-AAI-3S	γινώσκω	V- 3AAI-S--	ἔγνω	07	subordination_marker_scan_only	candidate	08,09	ha aprendido	1corintios-8-2-P02	386		S	3	finite_verb_morphology	explicit_or_morphological	finite_verb_morphology	confirmed		[]		not_detected	2
1corintios	confirmed	unresolved	candidate	8	V-PAI-3S	δέω	V- 3PAI-S--	δεῖ	09	subordination_marker_scan_only	unresolved	12	debe	1corintios-8-2-P03	387		S	3	finite_verb_morphology	explicit_or_morphological	finite_verb_morphology	confirmed		"[{""form"": ""καθὼς"", ""key"": ""καθως"", ""token"": ""08""}]"	explicit_marker_after_previous_finite_before_current_finite	candidate	2
1corintios	confirmed	unresolved	candidate	8	V-PAI-3S	ἀγαπάω	V- 3PAI-S--	ἀγαπᾷ	04	subordination_marker_scan_only	unresolved	04	ama	1corintios-8-3-P01	388	1corintios-8-2-P03	S	3	inheritance_allowed	inherited	nearest_agreeing_nominative_no_visible_boundary	candidate	03	"[{""form"": ""εἰ"", ""key"": ""ει"", ""token"": ""01""}]"	explicit_marker_after_previous_finite_before_current_finite	candidate	3
1corintios	confirmed	candidate	candidate	8	V-XPI-3S	γινώσκω	V- 3XPI-S--	ἔγνωσται	08	subordination_marker_scan_only	candidate	08,09	es conocido	1corintios-8-3-P02	389	1corintios-8-2-P02	S	3	inheritance_allowed	inherited	nearest_agreeing_nominative_no_visible_boundary	candidate	07	[]		not_detected	3
1corintios	confirmed	candidate	candidate	8	V-XAI-1P	οἶδα	V- 1XAI-P--	οἴδαμεν	07	subordination_marker_scan_only	candidate	13	sabemos	1corintios-8-4-P01	390		P	1	finite_verb_morphology	explicit_or_morphological	finite_verb_morphology	confirmed		[]		not_detected	4
1corintios	confirmed	candidate	candidate	8	V-PAI-3P	εἰμί	V- 3PAI-P--	εἰσὶν	04	subordination_marker_scan_only	candidate	05	llamados	1corintios-8-5-P01	391		P	3	finite_verb_morphology	explicit_or_morphological	finite_verb_morphology	confirmed		[]		not_detected	5
1corintios	confirmed	candidate	candidate	8	V-PAI-3P	εἰμί	V- 3PAI-P--	εἰσὶν	14	subordination_marker_scan_only	candidate	19	hay	1corintios-8-5-P02	392		P	3	finite_verb_morphology	explicit_or_morphological	finite_verb_morphology	confirmed		[]		not_detected	5
1corintios	confirmed	unresolved	candidate	8	V-PAI-3P	ἐσθίω	V- 3PAI-P--	ἐσθίουσιν	17	subordination_marker_scan_only	unresolved	20,21,22,23,24,25,26,27,28,29,30,31,32	este fuera sacrificado a un ídolo y su conciencia siendo débil se mancha	1corintios-8-7-P01	393		P	3	finite_verb_morphology	explicit_or_morphological	finite_verb_morphology	confirmed		"[{""form"": ""ὡς"", ""key"": ""ως"", ""token"": ""15""}]"	explicit_marker_after_previous_finite_before_current_finite	candidate	7
1corintios	confirmed	candidate	candidate	8	V-PPI-3S	μολύνω	V- 3PPI-S--	μολύνεται	24	subordination_marker_scan_only	candidate	20,21,22,23,24,25,26,27,28,29,30,31,32	este fuera sacrificado a un ídolo y su conciencia siendo débil se mancha	1corintios-8-7-P02	394	1corintios-8-5-P02	P	3	inheritance_allowed	inherited	nearest_agreeing_nominative_no_visible_boundary	candidate	22	[]		not_detected	7
1corintios	confirmed	candidate	candidate	8	V-FAI-3S	παρίστημι	V- 3FAI-S--	παραστήσει	05	subordination_marker_scan_only	candidate	01,02,03,04,05,06,07,08	pero la comida no nos recomendará a dios	1corintios-8-8-P01	395		S	3	finite_verb_morphology	explicit_or_morphological	finite_verb_morphology	confirmed		[]		not_detected	8
1corintios	confirmed	unresolved	candidate	8	V-AAS-1P	ἐσθίω	V- 1AAS-P--	φάγωμεν	11	subordination_marker_scan_only	unresolved	09,10,11,12,13,14,15,16,17,18,19,20	pues ni somos menos si no comemos ni somos más si comemos	1corintios-8-8-P02	396		P	1	finite_verb_morphology	explicit_or_morphological	finite_verb_morphology	confirmed		"[{""form"": ""ἐὰν"", ""key"": ""εαν"", ""token"": ""10""}]"	explicit_marker_after_previous_finite_before_current_finite	candidate	8
1corintios	confirmed	candidate	candidate	8	V-PAI-1P	περισσεύω	V- 1PAI-P--	περισσεύομεν	12	subordination_marker_scan_only	candidate	09,10,11,12,13,14,15,16,17,18,19,20	pues ni somos menos si no comemos ni somos más si comemos	1corintios-8-8-P03	397		P	1	finite_verb_morphology	explicit_or_morphological	finite_verb_morphology	confirmed		[]		not_detected	8
1corintios	confirmed	unresolved	candidate	8	V-AAS-1P	ἐσθίω	V- 1AAS-P--	φάγωμεν	16	subordination_marker_scan_only	unresolved	09,10,11,12,13,14,15,16,17,18,19,20	pues ni somos menos si no comemos ni somos más si comemos	1corintios-8-8-P04	398		P	1	finite_verb_morphology	explicit_or_morphological	finite_verb_morphology	confirmed		"[{""form"": ""ἐὰν"", ""key"": ""εαν"", ""token"": ""14""}]"	explicit_marker_after_previous_finite_before_current_finite	candidate	8
1corintios	confirmed	candidate	candidate	8	V-PPI-1P	ὑστερέω	V- 1PPI-P--	ὑστερούμεθα	17	subordination_marker_scan_only	candidate	09,10,11,12,13,14,15,16,17,18,19,20	pues ni somos menos si no comemos ni somos más si comemos	1corintios-8-8-P05	399		P	1	finite_verb_morphology	explicit_or_morphological	finite_verb_morphology	confirmed		[]		not_detected	8
1corintios	confirmed	candidate	candidate	8	V-PAD-2P	βλέπω	V- 2PAD-P--	βλέπετε	01	subordination_marker_scan_only	candidate	01,02,03,04,05,06,07,08,09,10,11,12,13,14,15,16,17,18,19,20,21,22	pero tengan cuidado no sea que esta libertad de ustedes de alguna manera se convierta en piedra de tropiezo para el débil	1corintios-8-9-P01	400		P	2	finite_verb_morphology	explicit_or_morphological	finite_verb_morphology	confirmed		[]		not_detected	9
1corintios	confirmed	candidate	candidate	8	V-AMS-3S	γίνομαι	V- 3AMS-S--	γένηται	10	subordination_marker_scan_only	candidate	01,02,03,04,05,06,07,08,09,10,11,12,13,14,15,16,17,18,19,20,21,22	pero tengan cuidado no sea que esta libertad de ustedes de alguna manera se convierta en piedra de tropiezo para el débil	1corintios-8-9-P02	401	1corintios-8-9-P01	P	2	inheritance_allowed	inherited	nearest_agreeing_nominative_no_visible_boundary	candidate	09	[]		not_detected	9
1corintios	confirmed	unresolved	candidate	8	V-AAS-3S	ὁράω	V- 3AAS-S--	ἴδῃ	04	subordination_marker_scan_only	unresolved	01,02,03,04,05,06,07,08,09,10,11,12,13,14,15,16,17,18,19,20,21,22,23,24,25,26,27,28,29,30,31,32,33,34,35	porque si alguien te ve a ti que tienes conocimiento sentado a la mesa en un templo de ídolos no será estimulada su conciencia si él es débil a comer lo sacrificado a los ídolos	1corintios-8-10-P01	402				no_valid_inheritance	unresolved	nearest_agreeing_nominative_no_visible_boundary	candidate	03	"[{""form"": ""ἐὰν"", ""key"": ""εαν"", ""token"": ""01""}]"	explicit_marker_after_previous_finite_before_current_finite	candidate	10
1corintios	confirmed	candidate	candidate	8	V-FPI-3S	οἰκοδομέω	V- 3FPI-S--	οἰκοδομηθήσεται	18	subordination_marker_scan_only	candidate	01,02,03,04,05,06,07,08,09,10,11,12,13,14,15,16,17,18,19,20,21,22,23,24,25,26,27,28,29,30,31,32,33,34,35	porque si alguien te ve a ti que tienes conocimiento sentado a la mesa en un templo de ídolos no será estimulada su conciencia si él es débil a comer lo sacrificado a los ídolos	1corintios-8-10-P02	403	1corintios-8-9-P02	P	2	inheritance_allowed	inherited	nearest_agreeing_nominative_no_visible_boundary	candidate	14	[]		not_detected	10
1corintios	confirmed	candidate	candidate	8	V-PPI-3S	ἀπόλλυμι	V- 3PPI-S--	ἀπόλλυται	01	subordination_marker_scan_only	candidate	01	por	1corintios-8-11-P01	404		S	3	finite_verb_morphology	explicit_or_morphological	finite_verb_morphology	confirmed		[]		not_detected	11
1corintios	confirmed	candidate	candidate	8	V-AAI-3S	ἀποθνῄσκω	V- 3AAI-S--	ἀπέθανεν	14	subordination_marker_scan_only	candidate	-	-	1corintios-8-11-P02	405	1corintios-8-11-P01	S	3	inheritance_allowed	inherited	nearest_agreeing_nominative_no_visible_boundary	candidate	13	[]		not_detected	11
1corintios	confirmed	candidate	candidate	8	V-PAI-2P	ἁμαρτάνω	V- 2PAI-P--	ἁμαρτάνετε	15	subordination_marker_scan_only	candidate	08,09,10,11,12,13,14,15,16,17,18	y herir su conciencia cuando esta es débil pecan contra cristo	1corintios-8-12-P01	406		P	2	finite_verb_morphology	explicit_or_morphological	finite_verb_morphology	confirmed		[]		not_detected	12
1corintios	confirmed	unresolved	candidate	8	V-PAI-3S	σκανδαλίζω	V- 3PAI-S--	σκανδαλίζει	04	subordination_marker_scan_only	unresolved	01,02,03,04,05,06,07,08,09,10,11,12	por tanto si la comida hace que mi hermano caiga en pecado	1corintios-8-13-P01	407				no_valid_inheritance	unresolved	nearest_agreeing_nominative_no_visible_boundary	candidate	03	"[{""form"": ""εἰ"", ""key"": ""ει"", ""token"": ""02""}]"	explicit_marker_after_previous_finite_before_current_finite	candidate	13
1corintios	confirmed	candidate	candidate	8	V-AAS-1S	ἐσθίω	V- 1AAS-S--	φάγω	10	subordination_marker_scan_only	candidate	13,14,15,16,17,18,19,20,21,22,23	no comeré carne jamás para no hacer pecar a mi hermano	1corintios-8-13-P02	408		S	1	finite_verb_morphology	explicit_or_morphological	finite_verb_morphology	confirmed		[]		not_detected	13
1corintios	confirmed	unresolved	candidate	8	V-AAS-1S	σκανδαλίζω	V- 1AAS-S--	σκανδαλίσω	20	subordination_marker_scan_only	unresolved	13,14,15,16,17,18,19,20,21,22,23	no comeré carne jamás para no hacer pecar a mi hermano	1corintios-8-13-P03	409		S	1	finite_verb_morphology	explicit_or_morphological	finite_verb_morphology	confirmed		"[{""form"": ""ἵνα"", ""key"": ""ινα"", ""token"": ""15""}]"	explicit_marker_after_previous_finite_before_current_finite	candidate	13
1corintios	confirmed	candidate	candidate	9	V-PAI-1S	εἰμί	V- 1PAI-S--	εἰμὶ	02	subordination_marker_scan_only	candidate	02	soy	1corintios-9-1-P01	410		S	1	finite_verb_morphology	explicit_or_morphological	finite_verb_morphology	confirmed		[]		not_detected	1
1corintios	confirmed	candidate	candidate	9	V-PAI-1S	εἰμί	V- 1PAI-S--	εἰμὶ	05	subordination_marker_scan_only	candidate	05	soy	1corintios-9-1-P02	411		S	1	finite_verb_morphology	explicit_or_morphological	finite_verb_morphology	confirmed		[]		not_detected	1
1corintios	confirmed	candidate	candidate	9	V-XAI-1S	ὁράω	V- 1XAI-S--	ἑόρακα	12	subordination_marker_scan_only	candidate	12	nuestro	1corintios-9-1-P03	412		S	1	finite_verb_morphology	explicit_or_morphological	finite_verb_morphology	confirmed		[]		not_detected	1
1corintios	confirmed	candidate	candidate	9	V-PAI-2P	εἰμί	V- 2PAI-P--	ἐστε	18	subordination_marker_scan_only	candidate	18	obra	1corintios-9-1-P04	413		P	2	finite_verb_morphology	explicit_or_morphological	finite_verb_morphology	confirmed		[]		not_detected	1
1corintios	confirmed	unresolved	candidate	9	V-PAI-1S	εἰμί	V- 1PAI-S--	εἰμὶ	04	subordination_marker_scan_only	unresolved	01,02,03,04,05,06,07,08,09,10,11,12,13,14,15,16,17,18,19,20,21,22,23,24,25	si para otros no soy apóstol por lo menos para ustedes sí lo soy pues ustedes son el sello de mi apostolado en el señor	1corintios-9-2-P01	414		S	1	finite_verb_morphology	explicit_or_morphological	finite_verb_morphology	confirmed		"[{""form"": ""εἰ"", ""key"": ""ει"", ""token"": ""01""}]"	explicit_marker_after_previous_finite_before_current_finite	candidate	2
1corintios	confirmed	candidate	candidate	9	V-PAI-1S	εἰμί	V- 1PAI-S--	εἰμι	09	subordination_marker_scan_only	candidate	01,02,03,04,05,06,07,08,09,10,11,12,13,14,15,16,17,18,19,20,21,22,23,24,25	si para otros no soy apóstol por lo menos para ustedes sí lo soy pues ustedes son el sello de mi apostolado en el señor	1corintios-9-2-P02	415		S	1	finite_verb_morphology	explicit_or_morphological	finite_verb_morphology	confirmed		[]		not_detected	2
1corintios	confirmed	candidate	candidate	9	V-PAI-2P	εἰμί	V- 2PAI-P--	ἐστε	17	subordination_marker_scan_only	candidate	01,02,03,04,05,06,07,08,09,10,11,12,13,14,15,16,17,18,19,20,21,22,23,24,25	si para otros no soy apóstol por lo menos para ustedes sí lo soy pues ustedes son el sello de mi apostolado en el señor	1corintios-9-2-P03	416		P	2	finite_verb_morphology	explicit_or_morphological	finite_verb_morphology	confirmed		[]		not_detected	2
1corintios	confirmed	candidate	candidate	9	V-PAI-3S	εἰμί	V- 3PAI-S--	ἐστιν	07	subordination_marker_scan_only	candidate	08	es	1corintios-9-3-P01	417	1corintios-9-2-P03	P	2	inheritance_allowed	inherited	nearest_agreeing_nominative_no_visible_boundary	candidate	03	[]		not_detected	3
1corintios	confirmed	candidate	candidate	9	V-PAI-1P	ἔχω	V- 1PAI-P--	ἔχομεν	03	subordination_marker_scan_only	candidate	04	derecho	1corintios-9-4-P01	418		P	1	finite_verb_morphology	explicit_or_morphological	finite_verb_morphology	confirmed		[]		not_detected	4
1corintios	confirmed	candidate	candidate	9	V-PAI-1P	ἔχω	V- 1PAI-P--	ἔχομεν	03	subordination_marker_scan_only	candidate	03	derecho	1corintios-9-5-P01	419		P	1	finite_verb_morphology	explicit_or_morphological	finite_verb_morphology	confirmed		[]		not_detected	5
1corintios	confirmed	candidate	candidate	9	V-PAI-1P	ἔχω	V- 1PAI-P--	ἔχομεν	07	subordination_marker_scan_only	candidate	01,02,03,04,05,06,07,08,09,10,11,12,13	o acaso solo bernabé y yo no tenemos el derecho a no trabajar	1corintios-9-6-P01	420		P	1	finite_verb_morphology	explicit_or_morphological	finite_verb_morphology	confirmed		[]		not_detected	6
1corintios	confirmed	candidate	candidate	9	V-PMI-3S	στρατεύομαι	V- 3PMI-S--	στρατεύεται	02	subordination_marker_scan_only	candidate	01,02,03,04,05,06,07,08,09,10,11,12,13,14,15,16,17,18,19,20,21,22,23,24,25,26,27,28,29,30,31,32,33,34	quién ha servido alguna vez como soldado a sus propias expensas quién planta una viña y no come de su fruto o quién cuida un rebaño y no bebe de la leche del rebaño	1corintios-9-7-P01	421	1corintios-9-6-P01	P	1	inheritance_allowed	inherited	nearest_agreeing_nominative_no_visible_boundary	candidate	01	[]		not_detected	7
1corintios	confirmed	candidate	candidate	9	V-PAI-3S	φυτεύω	V- 3PAI-S--	φυτεύει	07	subordination_marker_scan_only	candidate	01,02,03,04,05,06,07,08,09,10,11,12,13,14,15,16,17,18,19,20,21,22,23,24,25,26,27,28,29,30,31,32,33,34	quién ha servido alguna vez como soldado a sus propias expensas quién planta una viña y no come de su fruto o quién cuida un rebaño y no bebe de la leche del rebaño	1corintios-9-7-P02	422	1corintios-9-7-P01	P	1	inheritance_allowed	inherited	nearest_agreeing_nominative_no_visible_boundary	candidate	06	[]		not_detected	7
1corintios	confirmed	candidate	candidate	9	V-PAI-3S	ἐσθίω	V- 3PAI-S--	ἐσθίει	14	subordination_marker_scan_only	candidate	01,02,03,04,05,06,07,08,09,10,11,12,13,14,15,16,17,18,19,20,21,22,23,24,25,26,27,28,29,30,31,32,33,34	quién ha servido alguna vez como soldado a sus propias expensas quién planta una viña y no come de su fruto o quién cuida un rebaño y no bebe de la leche del rebaño	1corintios-9-7-P03	423		S	3	finite_verb_morphology	explicit_or_morphological	finite_verb_morphology	confirmed		[]		not_detected	7
1corintios	confirmed	candidate	candidate	9	V-PAI-3S	ποιμαίνω	V- 3PAI-S--	ποιμαίνει	16	subordination_marker_scan_only	candidate	01,02,03,04,05,06,07,08,09,10,11,12,13,14,15,16,17,18,19,20,21,22,23,24,25,26,27,28,29,30,31,32,33,34	quién ha servido alguna vez como soldado a sus propias expensas quién planta una viña y no come de su fruto o quién cuida un rebaño y no bebe de la leche del rebaño	1corintios-9-7-P04	424	1corintios-9-7-P03	S	3	inheritance_allowed	inherited	nearest_agreeing_nominative_no_visible_boundary	candidate	15	[]		not_detected	7
1corintios	confirmed	candidate	candidate	9	V-PAI-3S	ἐσθίω	V- 3PAI-S--	ἐσθίει	25	subordination_marker_scan_only	candidate	01,02,03,04,05,06,07,08,09,10,11,12,13,14,15,16,17,18,19,20,21,22,23,24,25,26,27,28,29,30,31,32,33,34	quién ha servido alguna vez como soldado a sus propias expensas quién planta una viña y no come de su fruto o quién cuida un rebaño y no bebe de la leche del rebaño	1corintios-9-7-P05	425		S	3	finite_verb_morphology	explicit_or_morphological	finite_verb_morphology	confirmed		[]		not_detected	7
1corintios	confirmed	candidate	candidate	9	V-PAI-1S	λαλέω	V- 1PAI-S--	λαλῶ	05	subordination_marker_scan_only	candidate	01,02,03,04,05,06,07,08,09,10,11,12,13,14	acaso digo esto según el juicio humano no dice también la ley esto mismo	1corintios-9-8-P01	426		S	1	finite_verb_morphology	explicit_or_morphological	finite_verb_morphology	confirmed		[]		not_detected	8
1corintios	confirmed	candidate	candidate	9	V-PAI-3S	λέγω	V- 3PAI-S--	λέγει	12	subordination_marker_scan_only	candidate	01,02,03,04,05,06,07,08,09,10,11,12,13,14	acaso digo esto según el juicio humano no dice también la ley esto mismo	1corintios-9-8-P02	427	1corintios-9-8-P01	S	1	inheritance_allowed	inherited	nearest_agreeing_nominative_no_visible_boundary	candidate	09	[]		not_detected	8
1corintios	confirmed	candidate	candidate	9	V-XPI-3S	γράφω	V- 3XPI-S--	γέγραπται	06	subordination_marker_scan_only	candidate	01,02,03,04,05,06,07,08,09,10,11,12,13,14,15,16,17,18,19,20,21,22	pues en la ley de moisés está escrito no pondrás bozal al buey cuando trilla acaso le preocupan a dios los bueyes	1corintios-9-9-P01	428		S	3	finite_verb_morphology	explicit_or_morphological	finite_verb_morphology	confirmed		[]		not_detected	9
1corintios	confirmed	candidate	candidate	9	V-FAI-2S	κημόω	V- 2FAI-S--	κημώσεις	08	subordination_marker_scan_only	candidate	01,02,03,04,05,06,07,08,09,10,11,12,13,14,15,16,17,18,19,20,21,22	pues en la ley de moisés está escrito no pondrás bozal al buey cuando trilla acaso le preocupan a dios los bueyes	1corintios-9-9-P02	429		S	2	finite_verb_morphology	explicit_or_morphological	finite_verb_morphology	confirmed		[]		not_detected	9
1corintios	confirmed	candidate	candidate	9	V-PAI-3S	μέλει	V- 3PAI-S--	μέλει	14	subordination_marker_scan_only	candidate	01,02,03,04,05,06,07,08,09,10,11,12,13,14,15,16,17,18,19,20,21,22	pues en la ley de moisés está escrito no pondrás bozal al buey cuando trilla acaso le preocupan a dios los bueyes	1corintios-9-9-P03	430		S	3	finite_verb_morphology	explicit_or_morphological	finite_verb_morphology	confirmed		[]		not_detected	9
1corintios	confirmed	candidate	candidate	9	V-PAI-3S	λέγω	V- 3PAI-S--	λέγει	05	subordination_marker_scan_only	candidate	01,02,03,04,05,06,07,08,09,10,11,12,13,14,15,16,17,18,19,20,21,22,23,24,25,26,27,28,29,30,31,32,33	o lo dice especialmente por nosotros sí se escribió por nosotros porque el que ara debe arar con esperanza y el que trilla debe trillar con la esperanza de recibir de la cosecha	1corintios-9-10-P01	431		S	3	finite_verb_morphology	explicit_or_morphological	finite_verb_morphology	confirmed		[]		not_detected	10
1corintios	confirmed	candidate	candidate	9	V-API-3S	γράφω	V- 3API-S--	ἐγράφη	09	subordination_marker_scan_only	candidate	01,02,03,04,05,06,07,08,09,10,11,12,13,14,15,16,17,18,19,20,21,22,23,24,25,26,27,28,29,30,31,32,33	o lo dice especialmente por nosotros sí se escribió por nosotros porque el que ara debe arar con esperanza y el que trilla debe trillar con la esperanza de recibir de la cosecha	1corintios-9-10-P02	432		S	3	finite_verb_morphology	explicit_or_morphological	finite_verb_morphology	confirmed		[]		not_detected	10
1corintios	confirmed	unresolved	candidate	9	V-PAI-3S	ὀφείλω	V- 3PAI-S--	ὀφείλει	11	subordination_marker_scan_only	unresolved	01,02,03,04,05,06,07,08,09,10,11,12,13,14,15,16,17,18,19,20,21,22,23,24,25,26,27,28,29,30,31,32,33	o lo dice especialmente por nosotros sí se escribió por nosotros porque el que ara debe arar con esperanza y el que trilla debe trillar con la esperanza de recibir de la cosecha	1corintios-9-10-P03	433		S	3	finite_verb_morphology	explicit_or_morphological	finite_verb_morphology	confirmed		"[{""form"": ""ὅτι"", ""key"": ""οτι"", ""token"": ""10""}]"	explicit_marker_after_previous_finite_before_current_finite	candidate	10
1corintios	confirmed	unresolved	candidate	9	V-AAI-1P	σπείρω	V- 1AAI-P--	ἐσπείραμεν	06	subordination_marker_scan_only	unresolved	01,02,03,04,05,06,07,08,09,10,11,12,13,14	si en ustedes sembramos lo espiritual será demasiado que de ustedes cosechemos lo material	1corintios-9-11-P01	434		P	1	finite_verb_morphology	explicit_or_morphological	finite_verb_morphology	confirmed		"[{""form"": ""εἰ"", ""key"": ""ει"", ""token"": ""01""}]"	explicit_marker_after_previous_finite_before_current_finite	candidate	11
1corintios	confirmed	unresolved	candidate	9	V-FAI-1P	θερίζω	V- 1FAI-P--	θερίσομεν	13	subordination_marker_scan_only	unresolved	01,02,03,04,05,06,07,08,09,10,11,12,13,14	si en ustedes sembramos lo espiritual será demasiado que de ustedes cosechemos lo material	1corintios-9-11-P02	435		P	1	finite_verb_morphology	explicit_or_morphological	finite_verb_morphology	confirmed		"[{""form"": ""εἰ"", ""key"": ""ει"", ""token"": ""08""}]"	explicit_marker_after_previous_finite_before_current_finite	candidate	11
1corintios	confirmed	unresolved	candidate	9	V-PAI-3P	μετέχω	V- 3PAI-P--	μετέχουσιν	06	subordination_marker_scan_only	unresolved	03,04,05,06,07	tienen este derecho sobre ustedes	1corintios-9-12-P01	436	1corintios-9-11-P02	P	1	inheritance_allowed	inherited	nearest_agreeing_nominative_no_visible_boundary	candidate	02	"[{""form"": ""εἰ"", ""key"": ""ει"", ""token"": ""01""}]"	explicit_marker_after_previous_finite_before_current_finite	candidate	12
1corintios	confirmed	candidate	candidate	9	V-AMI-1P	χράομαι	V- 1AMI-P--	ἐχρησάμεθα	12	subordination_marker_scan_only	candidate	17	hemos	1corintios-9-12-P02	437		P	1	finite_verb_morphology	explicit_or_morphological	finite_verb_morphology	confirmed		[]		not_detected	12
1corintios	confirmed	candidate	candidate	9	V-PAI-1P	στέγω	V- 1PAI-P--	στέγομεν	18	subordination_marker_scan_only	candidate	24	todo	1corintios-9-12-P03	438		P	1	finite_verb_morphology	explicit_or_morphological	finite_verb_morphology	confirmed		[]		not_detected	12
1corintios	confirmed	unresolved	candidate	9	V-AAS-1P	δίδωμι	V- 1AAS-P--	δῶμεν	23	subordination_marker_scan_only	unresolved	25,26,27,28,29,30,31,32	para no causar estorbo al evangelio de cristo	1corintios-9-12-P04	439		P	1	finite_verb_morphology	explicit_or_morphological	finite_verb_morphology	confirmed		"[{""form"": ""ἵνα"", ""key"": ""ινα"", ""token"": ""19""}]"	explicit_marker_after_previous_finite_before_current_finite	candidate	12
1corintios	confirmed	candidate	candidate	9	V-XAI-2P	οἶδα	V- 2XAI-P--	οἴδατε	02	subordination_marker_scan_only	candidate	02	saben	1corintios-9-13-P01	440		P	2	finite_verb_morphology	explicit_or_morphological	finite_verb_morphology	confirmed		[]		not_detected	13
1corintios	confirmed	unresolved	candidate	9	V-PAI-3P	ἐσθίω	V- 3PAI-P--	ἐσθίουσιν	12	subordination_marker_scan_only	unresolved	10,11,12,13,14	comen la comida del templo	1corintios-9-13-P02	441		P	3	finite_verb_morphology	explicit_or_morphological	finite_verb_morphology	confirmed		"[{""form"": ""ὅτι"", ""key"": ""οτι"", ""token"": ""03""}]"	explicit_marker_after_previous_finite_before_current_finite	candidate	13
1corintios	confirmed	candidate	candidate	9	V-PMI-3P	συμμερίζομαι	V- 3PMI-P--	συμμερίζονται	19	subordination_marker_scan_only	candidate	15,16,17,18,19,20,21,22,23,24,25,26	y los que regularmente sirven al altar del altar reciben su parte	1corintios-9-13-P03	442	1corintios-9-13-P01	P	2	inheritance_allowed	inherited	nearest_agreeing_nominative_no_visible_boundary	candidate	13	[]		not_detected	13
1corintios	confirmed	candidate	candidate	9	V-AAI-3S	διατάσσω	V- 3AAI-S--	διέταξεν	05	subordination_marker_scan_only	candidate	07	los	1corintios-9-14-P01	443	1corintios-9-13-P03	P	2	inheritance_allowed	inherited	nearest_agreeing_nominative_no_visible_boundary	candidate	04	[]		not_detected	14
1corintios	confirmed	candidate	candidate	9	V-XMI-1S	χράομαι	V- 1XMI-S--	κέχρημαι	04	subordination_marker_scan_only	candidate	01,02,03,04,05,06,07,08,09	pero yo de nada de esto me he aprovechado	1corintios-9-15-P01	444		S	1	finite_verb_morphology	explicit_or_morphological	finite_verb_morphology	confirmed		[]		not_detected	15
1corintios	confirmed	candidate	candidate	9	V-AAI-1S	γράφω	V- 1AAI-S--	ἔγραψα	08	subordination_marker_scan_only	candidate	10,11,12,13,14,15,16,17,18,19	y no escribo esto para que así se haga conmigo	1corintios-9-15-P02	445		S	1	finite_verb_morphology	explicit_or_morphological	finite_verb_morphology	confirmed		[]		not_detected	15
1corintios	confirmed	unresolved	candidate	9	V-AMS-3S	γίνομαι	V- 3AMS-S--	γένηται	13	subordination_marker_scan_only	unresolved	10,11,12,13,14,15,16,17,18,19	y no escribo esto para que así se haga conmigo	1corintios-9-15-P03	446		S	3	finite_verb_morphology	explicit_or_morphological	finite_verb_morphology	confirmed		"[{""form"": ""ἵνα"", ""key"": ""ινα"", ""token"": ""11""}]"	explicit_marker_after_previous_finite_before_current_finite	candidate	15
1corintios	confirmed	candidate	candidate	9	V-FAI-3S	κενόω	V- 3FAI-S--	κενώσει	26	subordination_marker_scan_only	candidate	20,21,22,23,24,25,26,27,28,29,30,31,32,33	porque mejor me fuera morir que permitir que alguien me prive de esta gloria	1corintios-9-15-P04	447	1corintios-9-15-P02	S	1	inheritance_allowed	inherited	nearest_agreeing_nominative_no_visible_boundary	candidate	25	[]		not_detected	15
1corintios	confirmed	unresolved	candidate	9	V-PMS-1S	εὐαγγελίζω	V- 1PMS-S--	εὐαγγελίζωμαι	03	subordination_marker_scan_only	unresolved	01,02,03,04,05	porque si predico el evangelio	1corintios-9-16-P01	448		S	1	finite_verb_morphology	explicit_or_morphological	finite_verb_morphology	confirmed		"[{""form"": ""ἐὰν"", ""key"": ""εαν"", ""token"": ""01""}]"	explicit_marker_after_previous_finite_before_current_finite	candidate	16
1corintios	confirmed	candidate	candidate	9	V-PAI-3S	εἰμί	V- 3PAI-S--	ἔστιν	05	subordination_marker_scan_only	candidate	06,07,08,09,10,11	no tengo nada de qué gloriarme	1corintios-9-16-P02	449		S	3	finite_verb_morphology	explicit_or_morphological	finite_verb_morphology	confirmed		[]		not_detected	16
1corintios	confirmed	candidate	candidate	9	V-PMI-3S	ἐπίκειμαι	V- 3PMI-S--	ἐπίκειται	11	subordination_marker_scan_only	candidate	12,13,14,15,16,17,18	pues estoy bajo el deber de hacerlo	1corintios-9-16-P03	450		S	3	finite_verb_morphology	explicit_or_morphological	finite_verb_morphology	confirmed		[]		not_detected	16
1corintios	confirmed	candidate	candidate	9	V-PAI-3S	εἰμί	V- 3PAI-S--	ἐστιν	15	subordination_marker_scan_only	candidate	19,20,21,22,23,24,25,26,27	pues ay de mí si no predico el evangelio	1corintios-9-16-P04	451		S	3	finite_verb_morphology	explicit_or_morphological	finite_verb_morphology	confirmed		[]		not_detected	16
1corintios	confirmed	unresolved	candidate	9	V-AMS-1S	εὐαγγελίζω	V- 1AMS-S--	εὐαγγελίσωμαι	18	subordination_marker_scan_only	unresolved	19,20,21,22,23,24,25,26,27	pues ay de mí si no predico el evangelio	1corintios-9-16-P05	452		S	1	finite_verb_morphology	explicit_or_morphological	finite_verb_morphology	confirmed		"[{""form"": ""ἐὰν"", ""key"": ""εαν"", ""token"": ""16""}]"	explicit_marker_after_previous_finite_before_current_finite	candidate	16
1corintios	confirmed	unresolved	candidate	9	V-PAI-1S	πράσσω	V- 1PAI-S--	πράσσω	05	subordination_marker_scan_only	unresolved	03,04,05	hago esto voluntariamente	1corintios-9-17-P01	453		S	1	finite_verb_morphology	explicit_or_morphological	finite_verb_morphology	confirmed		"[{""form"": ""εἰ"", ""key"": ""ει"", ""token"": ""01""}]"	explicit_marker_after_previous_finite_before_current_finite	candidate	17
1corintios	confirmed	candidate	candidate	9	V-PAI-1S	ἔχω	V- 1PAI-S--	ἔχω	07	subordination_marker_scan_only	candidate	06,07	tengo recompensa	1corintios-9-17-P02	454		S	1	finite_verb_morphology	explicit_or_morphological	finite_verb_morphology	confirmed		[]		not_detected	17
1corintios	confirmed	unresolved	candidate	9	V-XPI-1S	πιστεύω	V- 1XPI-S--	πεπίστευμαι	12	subordination_marker_scan_only	unresolved	17,18,19,20,21,22	un encargo se me ha confiado	1corintios-9-17-P03	455		S	1	finite_verb_morphology	explicit_or_morphological	finite_verb_morphology	confirmed		"[{""form"": ""εἰ"", ""key"": ""ει"", ""token"": ""08""}]"	explicit_marker_after_previous_finite_before_current_finite	candidate	17
1corintios	confirmed	candidate	candidate	9	V-PAI-3S	εἰμί	V- 3PAI-S--	ἐστιν	04	subordination_marker_scan_only	candidate	04	mi	1corintios-9-18-P01	456		S	3	finite_verb_morphology	explicit_or_morphological	finite_verb_morphology	confirmed		[]		not_detected	18
1corintios	confirmed	unresolved	candidate	9	V-AAS-1S	τίθημι	V- 1AAS-S--	θήσω	10	subordination_marker_scan_only	unresolved	13	gratuitamente	1corintios-9-18-P02	457		S	1	finite_verb_morphology	explicit_or_morphological	finite_verb_morphology	confirmed		"[{""form"": ""ἵνα"", ""key"": ""ινα"", ""token"": ""07""}]"	explicit_marker_after_previous_finite_before_current_finite	candidate	18
1corintios	confirmed	candidate	candidate	9	V-AAI-1S	δουλόω	V- 1AAI-S--	ἐδούλωσα	08	subordination_marker_scan_only	candidate	07,08,09,10,11,12	de todos me he hecho esclavo	1corintios-9-19-P01	458		S	1	finite_verb_morphology	explicit_or_morphological	finite_verb_morphology	confirmed		[]		not_detected	19
1corintios	confirmed	unresolved	candidate	9	V-AAS-1S	κερδαίνω	V- 1AAS-S--	κερδήσω	12	subordination_marker_scan_only	unresolved	13,14,15,16,17,18	para ganar al mayor número posible	1corintios-9-19-P02	459		S	1	finite_verb_morphology	explicit_or_morphological	finite_verb_morphology	confirmed		"[{""form"": ""ἵνα"", ""key"": ""ινα"", ""token"": ""09""}]"	explicit_marker_after_previous_finite_before_current_finite	candidate	19
1corintios	confirmed	candidate	candidate	9	V-AMI-1S	γίνομαι	V- 1AMI-S--	ἐγενόμην	02	subordination_marker_scan_only	candidate	01,02,03,04,05,06,07	a los judíos me hice como judío	1corintios-9-20-P01	460		S	1	finite_verb_morphology	explicit_or_morphological	finite_verb_morphology	confirmed		[]		not_detected	20
1corintios	confirmed	unresolved	candidate	9	V-AAS-1S	κερδαίνω	V- 1AAS-S--	κερδήσω	09	subordination_marker_scan_only	unresolved	08,09,10,11,12,13	para poder ganar a los judíos	1corintios-9-20-P02	461		S	1	finite_verb_morphology	explicit_or_morphological	finite_verb_morphology	confirmed		"[{""form"": ""ὡς"", ""key"": ""ως"", ""token"": ""05""}, {""form"": ""ἵνα"", ""key"": ""ινα"", ""token"": ""07""}]"	explicit_marker_after_previous_finite_before_current_finite	candidate	20
1corintios	confirmed	unresolved	candidate	9	V-AAS-1S	κερδαίνω	V- 1AAS-S--	κερδήσω	25	subordination_marker_scan_only	unresolved	32,33,34,35,36,37,38,39,40,41	para poder ganar a los que están bajo la ley	1corintios-9-20-P03	462		S	1	finite_verb_morphology	explicit_or_morphological	finite_verb_morphology	confirmed		"[{""form"": ""ὡς"", ""key"": ""ως"", ""token"": ""13""}, {""form"": ""ἵνα"", ""key"": ""ινα"", ""token"": ""21""}]"	explicit_marker_after_previous_finite_before_current_finite	candidate	20
1corintios	confirmed	unresolved	candidate	9	V-AAS-1S	κερδαίνω	V- 1AAS-S--	κερδάνω	13	subordination_marker_scan_only	unresolved	24,25,26,27,28,29,30,31,32	para poder ganar a los que están sin ley	1corintios-9-21-P01	463		S	1	finite_verb_morphology	explicit_or_morphological	finite_verb_morphology	confirmed		"[{""form"": ""ὡς"", ""key"": ""ως"", ""token"": ""03""}, {""form"": ""ἵνα"", ""key"": ""ινα"", ""token"": ""12""}]"	explicit_marker_after_previous_finite_before_current_finite	candidate	21
1corintios	confirmed	candidate	candidate	9	V-AMI-1S	γίνομαι	V- 1AMI-S--	ἐγενόμην	01	subordination_marker_scan_only	candidate	01	a	1corintios-9-22-P01	464		S	1	finite_verb_morphology	explicit_or_morphological	finite_verb_morphology	confirmed		[]		not_detected	22
1corintios	confirmed	unresolved	candidate	9	V-AAS-1S	κερδαίνω	V- 1AAS-S--	κερδήσω	08	subordination_marker_scan_only	unresolved	11	débiles	1corintios-9-22-P02	465		S	1	finite_verb_morphology	explicit_or_morphological	finite_verb_morphology	confirmed		"[{""form"": ""ἵνα"", ""key"": ""ινα"", ""token"": ""05""}]"	explicit_marker_after_previous_finite_before_current_finite	candidate	22
1corintios	confirmed	candidate	candidate	9	V-XAI-1S	γίνομαι	V- 1XAI-S--	γέγονα	11	subordination_marker_scan_only	candidate	12,13,14,15,16,17	a todos me he hecho todo	1corintios-9-22-P03	466		S	1	finite_verb_morphology	explicit_or_morphological	finite_verb_morphology	confirmed		[]		not_detected	22
1corintios	confirmed	unresolved	candidate	9	V-AAS-1S	σῴζω	V- 1AAS-S--	σώσω	16	subordination_marker_scan_only	unresolved	18,19,20,21,22,23,24,25,26	para que por todos los medios salve a algunos	1corintios-9-22-P04	467		S	1	finite_verb_morphology	explicit_or_morphological	finite_verb_morphology	confirmed		"[{""form"": ""ἵνα"", ""key"": ""ινα"", ""token"": ""13""}]"	explicit_marker_after_previous_finite_before_current_finite	candidate	22
1corintios	confirmed	candidate	candidate	9	V-PAI-1S	ποιέω	V- 1PAI-S--	ποιῶ	03	subordination_marker_scan_only	candidate	04	hago	1corintios-9-23-P01	468		S	1	finite_verb_morphology	explicit_or_morphological	finite_verb_morphology	confirmed		[]		not_detected	23
1corintios	confirmed	unresolved	candidate	9	V-AMS-1S	γίνομαι	V- 1AMS-S--	γένωμαι	10	subordination_marker_scan_only	unresolved	-	-	1corintios-9-23-P02	469		S	1	finite_verb_morphology	explicit_or_morphological	finite_verb_morphology	confirmed		"[{""form"": ""ἵνα"", ""key"": ""ινα"", ""token"": ""07""}]"	explicit_marker_after_previous_finite_before_current_finite	candidate	23
1corintios	confirmed	candidate	candidate	9	V-XAI-2P	οἶδα	V- 2XAI-P--	οἴδατε	02	subordination_marker_scan_only	candidate	02	saben	1corintios-9-24-P01	470		P	2	finite_verb_morphology	explicit_or_morphological	finite_verb_morphology	confirmed		[]		not_detected	24
1corintios	confirmed	unresolved	candidate	9	V-PAI-3P	τρέχω	V- 3PAI-P--	τρέχουσιν	10	subordination_marker_scan_only	unresolved	12	verdad	1corintios-9-24-P02	471		P	3	finite_verb_morphology	explicit_or_morphological	finite_verb_morphology	confirmed		"[{""form"": ""ὅτι"", ""key"": ""οτι"", ""token"": ""03""}]"	explicit_marker_after_previous_finite_before_current_finite	candidate	24
1corintios	confirmed	candidate	candidate	9	V-PAI-3S	λαμβάνω	V- 3PAI-S--	λαμβάνει	13	subordination_marker_scan_only	candidate	16	uno	1corintios-9-24-P03	472		S	3	finite_verb_morphology	explicit_or_morphological	finite_verb_morphology	confirmed		[]		not_detected	24
1corintios	confirmed	candidate	candidate	9	V-PAD-2P	τρέχω	V- 2PAD-P--	τρέχετε	17	subordination_marker_scan_only	candidate	20	corran	1corintios-9-24-P04	473		P	2	finite_verb_morphology	explicit_or_morphological	finite_verb_morphology	confirmed		[]		not_detected	24
1corintios	confirmed	unresolved	candidate	9	V-AAS-2P	καταλαμβάνω	V- 2AAS-P--	καταλάβητε	19	subordination_marker_scan_only	unresolved	25	ganen	1corintios-9-24-P05	474		P	2	finite_verb_morphology	explicit_or_morphological	finite_verb_morphology	confirmed		"[{""form"": ""ἵνα"", ""key"": ""ινα"", ""token"": ""18""}]"	explicit_marker_after_previous_finite_before_current_finite	candidate	24
1corintios	confirmed	candidate	candidate	9	V-PMI-3S	ἐγκρατεύομαι	V- 3PMI-S--	ἐγκρατεύεται	06	subordination_marker_scan_only	candidate	01,02,03,04,05,06,07,08,09,10,11,12	y todo el que compite en los juegos se abstiene de todo	1corintios-9-25-P01	475	1corintios-9-24-P04	P	2	inheritance_allowed	inherited	nearest_agreeing_nominative_no_visible_boundary	candidate	03	[]		not_detected	25
1corintios	confirmed	unresolved	candidate	9	V-AAS-3P	λαμβάνω	V- 3AAS-P--	λάβωσιν	13	subordination_marker_scan_only	unresolved	13,14,15,16,17,18,19,20,21,22,23,24	ellos lo hacen para recibir una corona corruptible pero nosotros una incorruptible	1corintios-9-25-P02	476		P	3	finite_verb_morphology	explicit_or_morphological	finite_verb_morphology	confirmed		"[{""form"": ""ἵνα"", ""key"": ""ινα"", ""token"": ""10""}]"	explicit_marker_after_previous_finite_before_current_finite	candidate	25
1corintios	confirmed	candidate	candidate	9	V-PAI-1S	τρέχω	V- 1PAI-S--	τρέχω	04	subordination_marker_scan_only	candidate	01,02,03,04,05,06,07	por tanto yo de esta manera corro	1corintios-9-26-P01	477		S	1	finite_verb_morphology	explicit_or_morphological	finite_verb_morphology	confirmed		[]		not_detected	26
1corintios	confirmed	unresolved	candidate	9	V-PAI-1S	πυκτεύω	V- 1PAI-S--	πυκτεύω	09	subordination_marker_scan_only	unresolved	13,14,15,16,17,18,19,20,21,22	de esta manera peleo no como dando golpes al aire	1corintios-9-26-P02	478		S	1	finite_verb_morphology	explicit_or_morphological	finite_verb_morphology	confirmed		"[{""form"": ""ὡς"", ""key"": ""ως"", ""token"": ""05""}]"	explicit_marker_after_previous_finite_before_current_finite	candidate	26
1corintios	confirmed	candidate	candidate	9	V-PAI-1S	ὑπωπιάζω	V- 1PAI-S--	ὑπωπιάζω	02	subordination_marker_scan_only	candidate	03,04,05	golpeo mi cuerpo	1corintios-9-27-P01	479		S	1	finite_verb_morphology	explicit_or_morphological	finite_verb_morphology	confirmed		[]		not_detected	27
1corintios	confirmed	candidate	candidate	9	V-PAI-1S	δουλαγωγέω	V- 1PAI-S--	δουλαγωγῶ	07	subordination_marker_scan_only	candidate	06,07,08,09,10	y lo hago mi esclavo	1corintios-9-27-P02	480		S	1	finite_verb_morphology	explicit_or_morphological	finite_verb_morphology	confirmed		[]		not_detected	27
1corintios	confirmed	candidate	candidate	9	V-AMS-1S	γίνομαι	V- 1AMS-S--	γένωμαι	14	subordination_marker_scan_only	candidate	11,12,13,14,15,16,17,18,19,20,21	no sea que habiendo predicado a otros yo mismo sea descalificado	1corintios-9-27-P03	481		S	1	finite_verb_morphology	explicit_or_morphological	finite_verb_morphology	confirmed		[]		not_detected	27
1corintios	confirmed	candidate	candidate	10	V-PAI-1S	θέλω	V- 1PAI-S--	θέλω	02	subordination_marker_scan_only	candidate	02,03	no quiero	1corintios-10-1-P01	482		S	1	finite_verb_morphology	explicit_or_morphological	finite_verb_morphology	confirmed		[]		not_detected	1
1corintios	confirmed	unresolved	candidate	10	V-IAI-3P	εἰμί	V- 3IAI-P--	ἦσαν	15	subordination_marker_scan_only	unresolved	16	todos	1corintios-10-1-P02	483				no_valid_inheritance	unresolved	nearest_agreeing_nominative_no_visible_boundary	candidate	11	"[{""form"": ""ὅτι"", ""key"": ""οτι"", ""token"": ""07""}]"	explicit_marker_after_previous_finite_before_current_finite	candidate	1
1corintios	confirmed	candidate	candidate	10	V-AAI-3P	διέρχομαι	V- 3AAI-P--	διῆλθον	21	subordination_marker_scan_only	candidate	-	-	1corintios-10-1-P03	484	1corintios-10-1-P01	S	1	inheritance_allowed	inherited	nearest_agreeing_nominative_no_visible_boundary	candidate	17	[]		not_detected	1
1corintios	confirmed	candidate	candidate	10	V-AMI-3P	βαπτίζω	V- 3AMI-P--	ἐβαπτίσαντο	06	subordination_marker_scan_only	candidate	07	la	1corintios-10-2-P01	485	1corintios-10-1-P03	S	1	inheritance_allowed	inherited	nearest_agreeing_nominative_no_visible_boundary	candidate	02	[]		not_detected	2
1corintios	confirmed	candidate	candidate	10	V-AAI-3P	ἐσθίω	V- 3AAI-P--	ἔφαγον	07	subordination_marker_scan_only	candidate	-	-	1corintios-10-3-P01	486	1corintios-10-2-P01	S	1	inheritance_allowed	inherited	nearest_agreeing_nominative_no_visible_boundary	candidate	02	[]		not_detected	3
1corintios	confirmed	candidate	candidate	10	V-AAI-3P	πίνω	V- 3AAI-P--	ἔπιον	06	subordination_marker_scan_only	candidate	07	espiritual	1corintios-10-4-P01	487	1corintios-10-3-P01	S	1	inheritance_allowed	inherited	nearest_agreeing_nominative_no_visible_boundary	candidate	02	[]		not_detected	4
1corintios	confirmed	candidate	candidate	10	V-IAI-3P	πίνω	V- 3IAI-P--	ἔπινον	08	subordination_marker_scan_only	candidate	09	bebían	1corintios-10-4-P02	488		P	3	finite_verb_morphology	explicit_or_morphological	finite_verb_morphology	confirmed		[]		not_detected	4
1corintios	confirmed	candidate	candidate	10	V-IAI-3S	εἰμί	V- 3IAI-S--	ἦν	17	subordination_marker_scan_only	candidate	19	era	1corintios-10-4-P03	489		S	3	finite_verb_morphology	explicit_or_morphological	finite_verb_morphology	confirmed		[]		not_detected	4
1corintios	confirmed	candidate	candidate	10	V-AAI-3S	εὐδοκέω	V- 3AAI-S--	ηὐδόκησεν	07	subordination_marker_scan_only	candidate	01,02,03,04,05,06,07,08,09,10,11,12	sin embargo dios no se agradó de la mayor parte de ellos	1corintios-10-5-P01	490		S	3	finite_verb_morphology	explicit_or_morphological	finite_verb_morphology	confirmed		[]		not_detected	5
1corintios	confirmed	candidate	candidate	10	V-API-3P	καταστρώννυμι	V- 3API-P--	κατεστρώθησαν	10	subordination_marker_scan_only	candidate	13	y	1corintios-10-5-P02	491		P	3	finite_verb_morphology	explicit_or_morphological	finite_verb_morphology	confirmed		[]		not_detected	5
1corintios	confirmed	candidate	candidate	10	V-API-3P	γίνομαι	V- 3API-P--	ἐγενήθησαν	05	subordination_marker_scan_only	candidate	01,02,03,04,05,06,07,08,09,10,11,12,13,14,15,16,17,18,19	estas cosas sucedieron como ejemplo para nosotros a fin de que no codiciemos lo malo como ellos lo codiciaron	1corintios-10-6-P01	492	1corintios-10-5-P02	P	3	inheritance_allowed	inherited	nearest_agreeing_nominative_no_visible_boundary	candidate	03	[]		not_detected	6
1corintios	confirmed	unresolved	candidate	10	V-AAI-3P	ἐπιθυμέω	V- 3AAI-P--	ἐπεθύμησαν	15	subordination_marker_scan_only	unresolved	01,02,03,04,05,06,07,08,09,10,11,12,13,14,15,16,17,18,19	estas cosas sucedieron como ejemplo para nosotros a fin de que no codiciemos lo malo como ellos lo codiciaron	1corintios-10-6-P02	493				no_valid_inheritance	unresolved	nearest_agreeing_nominative_no_visible_boundary	candidate	14	"[{""form"": ""καθὼς"", ""key"": ""καθως"", ""token"": ""13""}]"	explicit_marker_after_previous_finite_before_current_finite	candidate	6
1corintios	confirmed	candidate	candidate	10	V-PMD-2P	γίνομαι	V- 2PMD-P--	γίνεσθε	03	subordination_marker_scan_only	candidate	01,02,03,04	no sean pues idólatras	1corintios-10-7-P01	494		P	2	finite_verb_morphology	explicit_or_morphological	finite_verb_morphology	confirmed		[]		not_detected	7
1corintios	confirmed	unresolved	candidate	10	V-XPI-3S	γράφω	V- 3XPI-S--	γέγραπται	08	subordination_marker_scan_only	unresolved	10,11,12	según está escrito	1corintios-10-7-P02	495		S	3	finite_verb_morphology	explicit_or_morphological	finite_verb_morphology	confirmed		"[{""form"": ""καθώς"", ""key"": ""καθως"", ""token"": ""04""}]"	explicit_marker_after_previous_finite_before_current_finite	candidate	7
1corintios	confirmed	candidate	candidate	10	V-AAI-3S	καθίζω	V- 3AAI-S--	ἐκάθισεν	09	subordination_marker_scan_only	candidate	13,14,15,16,17,18,19,20,21,22,23,24,25,26	el pueblo se sentó a comer y a beber y se levantó a jugar	1corintios-10-7-P03	496		S	3	finite_verb_morphology	explicit_or_morphological	finite_verb_morphology	confirmed		[]		not_detected	7
1corintios	confirmed	candidate	candidate	10	V-AAI-3P	ἀνίστημι	V- 3AAI-P--	ἀνέστησαν	16	subordination_marker_scan_only	candidate	13,14,15,16,17,18,19,20,21,22,23,24,25,26	el pueblo se sentó a comer y a beber y se levantó a jugar	1corintios-10-7-P04	497		P	3	finite_verb_morphology	explicit_or_morphological	finite_verb_morphology	confirmed		[]		not_detected	7
1corintios	confirmed	candidate	candidate	10	V-PAS-1P	πορνεύω	V- 1PAS-P--	πορνεύωμεν	02	subordination_marker_scan_only	candidate	02	forniquemos	1corintios-10-8-P01	498		P	1	finite_verb_morphology	explicit_or_morphological	finite_verb_morphology	confirmed		[]		not_detected	8
1corintios	confirmed	unresolved	candidate	10	V-AAI-3P	πορνεύω	V- 3AAI-P--	ἐπόρνευσαν	06	subordination_marker_scan_only	unresolved	08	y	1corintios-10-8-P02	499				no_valid_inheritance	unresolved	nearest_agreeing_nominative_no_visible_boundary	candidate	04	"[{""form"": ""καθώς"", ""key"": ""καθως"", ""token"": ""03""}]"	explicit_marker_after_previous_finite_before_current_finite	candidate	8
1corintios	confirmed	candidate	candidate	10	V-AAI-3P	πίπτω	V- 3AAI-P--	ἔπεσαν	08	subordination_marker_scan_only	candidate	11	día	1corintios-10-8-P03	500		P	3	finite_verb_morphology	explicit_or_morphological	finite_verb_morphology	confirmed		[]		not_detected	8
1corintios	confirmed	candidate	candidate	10	V-PAS-1P	ἐκπειράζω	V- 1PAS-P--	ἐκπειράζωμεν	02	subordination_marker_scan_only	candidate	02	provoquemos	1corintios-10-9-P01	501		P	1	finite_verb_morphology	explicit_or_morphological	finite_verb_morphology	confirmed		[]		not_detected	9
1corintios	confirmed	unresolved	candidate	10	V-AAI-3P	πειράζω	V- 3AAI-P--	ἐπείρασαν	08	subordination_marker_scan_only	unresolved	10	provocaron	1corintios-10-9-P02	502				no_valid_inheritance	unresolved	nearest_agreeing_nominative_no_visible_boundary	candidate	06	"[{""form"": ""καθώς"", ""key"": ""καθως"", ""token"": ""05""}]"	explicit_marker_after_previous_finite_before_current_finite	candidate	9
1corintios	confirmed	candidate	candidate	10	V-IPI-3P	ἀπόλλυμι	V- 3IPI-P--	ἀπώλλυντο	13	subordination_marker_scan_only	candidate	16	serpientes	1corintios-10-9-P03	503		P	3	finite_verb_morphology	explicit_or_morphological	finite_verb_morphology	confirmed		[]		not_detected	9
1corintios	confirmed	candidate	candidate	10	V-PAD-2P	γογγύζω	V- 2PAD-P--	γογγύζετε	02	subordination_marker_scan_only	candidate	02	murmuren	1corintios-10-10-P01	504		P	2	finite_verb_morphology	explicit_or_morphological	finite_verb_morphology	confirmed		[]		not_detected	10
1corintios	confirmed	candidate	candidate	10	V-AAI-3P	γογγύζω	V- 3AAI-P--	ἐγόγγυσαν	06	subordination_marker_scan_only	candidate	03,04,05,06,07	como algunos de ellos murmuraron	1corintios-10-10-P02	505	1corintios-10-10-P01	P	2	inheritance_allowed	inherited	nearest_agreeing_nominative_no_visible_boundary	candidate	04	[]		not_detected	10
1corintios	confirmed	candidate	candidate	10	V-AMI-3P	ἀπόλλυμι	V- 3AMI-P--	ἀπώλοντο	08	subordination_marker_scan_only	candidate	08,09,10,11,12,13	y fueron destruidos por el destructor	1corintios-10-10-P03	506		P	3	finite_verb_morphology	explicit_or_morphological	finite_verb_morphology	confirmed		[]		not_detected	10
1corintios	confirmed	candidate	candidate	10	V-IAI-3S	συμβαίνω	V- 3IAI-S--	συνέβαινεν	04	subordination_marker_scan_only	candidate	05	como	1corintios-10-11-P01	507		S	3	finite_verb_morphology	explicit_or_morphological	finite_verb_morphology	confirmed		[]		not_detected	11
1corintios	confirmed	candidate	candidate	10	V-API-3S	γράφω	V- 3API-S--	ἐγράφη	06	subordination_marker_scan_only	candidate	07	y	1corintios-10-11-P02	508		S	3	finite_verb_morphology	explicit_or_morphological	finite_verb_morphology	confirmed		[]		not_detected	11
1corintios	confirmed	candidate	candidate	10	V-XAI-3S	καταντάω	V- 3XAI-S--	κατήντηκεν	17	subordination_marker_scan_only	candidate	14,15,16,17,18,19,20,21,22	para quienes ha llegado el fin de los siglos	1corintios-10-11-P03	509	1corintios-10-11-P02	S	3	inheritance_allowed	inherited	nearest_agreeing_nominative_no_visible_boundary	candidate	14	[]		not_detected	11
1corintios	confirmed	unresolved	candidate	10	V-PAD-3S	βλέπω	V- 3PAD-S--	βλεπέτω	05	subordination_marker_scan_only	unresolved	01,02,03,04,05,06,07,08,09,10,11,12,13,14	por tanto el que cree que está firme tenga cuidado no sea que caiga	1corintios-10-12-P01	510				no_valid_inheritance	unresolved	nearest_agreeing_nominative_no_visible_boundary	candidate	02	"[{""form"": ""ὥστε"", ""key"": ""ωστε"", ""token"": ""01""}]"	explicit_marker_after_previous_finite_before_current_finite	candidate	12
1corintios	confirmed	candidate	candidate	10	V-AAS-3S	πίπτω	V- 3AAS-S--	πέσῃ	07	subordination_marker_scan_only	candidate	01,02,03,04,05,06,07,08,09,10,11,12,13,14	por tanto el que cree que está firme tenga cuidado no sea que caiga	1corintios-10-12-P02	511		S	3	finite_verb_morphology	explicit_or_morphological	finite_verb_morphology	confirmed		[]		not_detected	12
1corintios	confirmed	candidate	candidate	10	V-XAI-3S	λαμβάνω	V- 3XAI-S--	εἴληφεν	04	subordination_marker_scan_only	candidate	01,02,03,04,05,06,07,08,09,10,11,12,13	no les ha sobrevenido ninguna tentación que no sea común a los hombres	1corintios-10-13-P01	512	1corintios-10-12-P02	S	3	inheritance_allowed	inherited	nearest_agreeing_nominative_no_visible_boundary	candidate	01	[]		not_detected	13
1corintios	confirmed	unresolved	candidate	10	V-FAI-3S	ἐάω	V- 3FAI-S--	ἐάσει	14	subordination_marker_scan_only	unresolved	14,15,16,17,18,19,20,21,22,23,24,25,26,27,28,29,30	fiel es dios que no permitirá que ustedes sean tentados más allá de lo que pueden soportar	1corintios-10-13-P02	513				no_valid_inheritance	unresolved	nearest_agreeing_nominative_no_visible_boundary	candidate	12	"[{""form"": ""εἰ"", ""key"": ""ει"", ""token"": ""05""}]"	explicit_marker_after_previous_finite_before_current_finite	candidate	13
1corintios	confirmed	candidate	candidate	10	V-PMI-2P	δύναμαι	V- 2PMI-P--	δύνασθε	19	subordination_marker_scan_only	candidate	14,15,16,17,18,19,20,21,22,23,24,25,26,27,28,29,30	fiel es dios que no permitirá que ustedes sean tentados más allá de lo que pueden soportar	1corintios-10-13-P03	514		P	2	finite_verb_morphology	explicit_or_morphological	finite_verb_morphology	confirmed		[]		not_detected	13
1corintios	confirmed	candidate	candidate	10	V-FAI-3S	ποιέω	V- 3FAI-S--	ποιήσει	21	subordination_marker_scan_only	candidate	31,32,33,34,35,36,37,38,39,40,41,42,43,44,45,46,47	sino que con la tentación proveerá también la vía de escape a fin de que puedan resistirla	1corintios-10-13-P04	515		S	3	finite_verb_morphology	explicit_or_morphological	finite_verb_morphology	confirmed		[]		not_detected	13
1corintios	confirmed	candidate	candidate	10	V-PAD-2P	φεύγω	V- 2PAD-P--	φεύγετε	04	subordination_marker_scan_only	candidate	01,02,03,04,05	por tanto amados míos huyan	1corintios-10-14-P01	516		P	2	finite_verb_morphology	explicit_or_morphological	finite_verb_morphology	confirmed		[]		not_detected	14
1corintios	confirmed	unresolved	candidate	10	V-PAI-1S	λέγω	V- 1PAI-S--	λέγω	03	subordination_marker_scan_only	unresolved	01,02,03,04,05,06,07,08,09,10	les hablo como a sabios juzguen ustedes lo que digo	1corintios-10-15-P01	517		S	1	finite_verb_morphology	explicit_or_morphological	finite_verb_morphology	confirmed		"[{""form"": ""ὡς"", ""key"": ""ως"", ""token"": ""01""}]"	explicit_marker_after_previous_finite_before_current_finite	candidate	15
1corintios	confirmed	candidate	candidate	10	V-AAD-2P	κρίνω	V- 2AAD-P--	κρίνατε	04	subordination_marker_scan_only	candidate	01,02,03,04,05,06,07,08,09,10	les hablo como a sabios juzguen ustedes lo que digo	1corintios-10-15-P02	518		P	2	finite_verb_morphology	explicit_or_morphological	finite_verb_morphology	confirmed		[]		not_detected	15
1corintios	confirmed	candidate	candidate	10	V-PAI-1S	φημί	V- 1PAI-S--	φημι	07	subordination_marker_scan_only	candidate	01,02,03,04,05,06,07,08,09,10	les hablo como a sabios juzguen ustedes lo que digo	1corintios-10-15-P03	519		S	1	finite_verb_morphology	explicit_or_morphological	finite_verb_morphology	confirmed		[]		not_detected	15
1corintios	confirmed	candidate	candidate	10	V-PAI-1P	εὐλογέω	V- 1PAI-P--	εὐλογοῦμεν	06	subordination_marker_scan_only	candidate	01,02,03,04,05,06,07,08,09,10,11,12,13,14,15,16,17,18,19,20,21,22,23,24,25,26,27,28	la copa de bendición que bendecimos no es la participación en la sangre de cristo el pan que partimos no es la participación en el cuerpo de cristo	1corintios-10-16-P01	520		P	1	finite_verb_morphology	explicit_or_morphological	finite_verb_morphology	confirmed		[]		not_detected	16
1corintios	confirmed	candidate	candidate	10	V-PAI-3S	εἰμί	V- 3PAI-S--	ἐστὶν	09	subordination_marker_scan_only	candidate	01,02,03,04,05,06,07,08,09,10,11,12,13,14,15,16,17,18,19,20,21,22,23,24,25,26,27,28	la copa de bendición que bendecimos no es la participación en la sangre de cristo el pan que partimos no es la participación en el cuerpo de cristo	1corintios-10-16-P02	521	1corintios-10-16-P01	P	1	inheritance_allowed	inherited	nearest_agreeing_nominative_no_visible_boundary	candidate	08	[]		not_detected	16
1corintios	confirmed	candidate	candidate	10	V-PAI-1P	κλάω	V- 1PAI-P--	κλῶμεν	17	subordination_marker_scan_only	candidate	01,02,03,04,05,06,07,08,09,10,11,12,13,14,15,16,17,18,19,20,21,22,23,24,25,26,27,28	la copa de bendición que bendecimos no es la participación en la sangre de cristo el pan que partimos no es la participación en el cuerpo de cristo	1corintios-10-16-P03	522		P	1	finite_verb_morphology	explicit_or_morphological	finite_verb_morphology	confirmed		[]		not_detected	16
1corintios	confirmed	candidate	candidate	10	V-PAI-3S	εἰμί	V- 3PAI-S--	ἐστιν	24	subordination_marker_scan_only	candidate	01,02,03,04,05,06,07,08,09,10,11,12,13,14,15,16,17,18,19,20,21,22,23,24,25,26,27,28	la copa de bendición que bendecimos no es la participación en la sangre de cristo el pan que partimos no es la participación en el cuerpo de cristo	1corintios-10-16-P04	523	1corintios-10-16-P03	P	1	inheritance_allowed	inherited	nearest_agreeing_nominative_no_visible_boundary	candidate	19	[]		not_detected	16
1corintios	confirmed	unresolved	candidate	10	V-PAI-1P	εἰμί	V- 1PAI-P--	ἐσμεν	08	subordination_marker_scan_only	unresolved	01,02,03,04,05,06,07,08,09,10,11,12,13,14,15,16,17,18,19,20	puesto que el pan es uno nosotros que somos muchos somos un cuerpo porque todos participamos de aquel mismo pan	1corintios-10-17-P01	524		P	1	finite_verb_morphology	explicit_or_morphological	finite_verb_morphology	confirmed		"[{""form"": ""ὅτι"", ""key"": ""οτι"", ""token"": ""01""}]"	explicit_marker_after_previous_finite_before_current_finite	candidate	17
1corintios	confirmed	candidate	candidate	10	V-PAI-1P	μετέχω	V- 1PAI-P--	μετέχομεν	16	subordination_marker_scan_only	candidate	01,02,03,04,05,06,07,08,09,10,11,12,13,14,15,16,17,18,19,20	puesto que el pan es uno nosotros que somos muchos somos un cuerpo porque todos participamos de aquel mismo pan	1corintios-10-17-P02	525		P	1	finite_verb_morphology	explicit_or_morphological	finite_verb_morphology	confirmed		[]		not_detected	17
1corintios	confirmed	candidate	candidate	10	V-PAD-2P	βλέπω	V- 2PAD-P--	βλέπετε	01	subordination_marker_scan_only	candidate	01	consideren	1corintios-10-18-P01	526		P	2	finite_verb_morphology	explicit_or_morphological	finite_verb_morphology	confirmed		[]		not_detected	18
1corintios	confirmed	candidate	candidate	10	V-PAI-3P	εἰμί	V- 3PAI-P--	εἰσίν	14	subordination_marker_scan_only	candidate	14	altar	1corintios-10-18-P02	527	1corintios-10-18-P01	P	2	inheritance_allowed	inherited	nearest_agreeing_nominative_no_visible_boundary	candidate	11	[]		not_detected	18
1corintios	confirmed	candidate	candidate	10	V-PAI-1S	φημί	V- 1PAI-S--	φημι	03	subordination_marker_scan_only	candidate	01,02,03,04,05,06,07,08,09,10,11,12,13,14,15,16,17,18	qué quiero decir entonces que lo sacrificado a los ídolos es algo o que un ídolo es algo	1corintios-10-19-P01	528		S	1	finite_verb_morphology	explicit_or_morphological	finite_verb_morphology	confirmed		[]		not_detected	19
1corintios	confirmed	unresolved	candidate	10	V-PAI-3S	εἰμί	V- 3PAI-S--	ἐστιν	07	subordination_marker_scan_only	unresolved	01,02,03,04,05,06,07,08,09,10,11,12,13,14,15,16,17,18	qué quiero decir entonces que lo sacrificado a los ídolos es algo o que un ídolo es algo	1corintios-10-19-P02	529				no_valid_inheritance	unresolved	nearest_agreeing_nominative_no_visible_boundary	candidate	06	"[{""form"": ""ὅτι"", ""key"": ""οτι"", ""token"": ""04""}]"	explicit_marker_after_previous_finite_before_current_finite	candidate	19
1corintios	confirmed	unresolved	candidate	10	V-PAI-3S	εἰμί	V- 3PAI-S--	ἐστιν	12	subordination_marker_scan_only	unresolved	01,02,03,04,05,06,07,08,09,10,11,12,13,14,15,16,17,18	qué quiero decir entonces que lo sacrificado a los ídolos es algo o que un ídolo es algo	1corintios-10-19-P03	530				no_valid_inheritance	unresolved	nearest_agreeing_nominative_no_visible_boundary	candidate	11	"[{""form"": ""ὅτι"", ""key"": ""οτι"", ""token"": ""09""}]"	explicit_marker_after_previous_finite_before_current_finite	candidate	19
1corintios	confirmed	unresolved	candidate	10	V-PAI-3P	θύω	V- 3PAI-P--	θύουσιν	04	subordination_marker_scan_only	unresolved	01,02,03,04,05,06,07,08,09,10,11,12,13,14,15,16,17,18,19,20,21,22,23,24,25,26,27,28	no sino que digo que lo que los gentiles sacrifican lo sacrifican a los demonios y no a dios no quiero que ustedes sean partícipes con los demonios	1corintios-10-20-P01	531		P	3	finite_verb_morphology	explicit_or_morphological	finite_verb_morphology	confirmed		"[{""form"": ""ὅτι"", ""key"": ""οτι"", ""token"": ""02""}]"	explicit_marker_after_previous_finite_before_current_finite	candidate	20
1corintios	confirmed	candidate	candidate	10	V-PAI-3P	θύω	V- 3PAI-P--	θύουσιν	09	subordination_marker_scan_only	candidate	01,02,03,04,05,06,07,08,09,10,11,12,13,14,15,16,17,18,19,20,21,22,23,24,25,26,27,28	no sino que digo que lo que los gentiles sacrifican lo sacrifican a los demonios y no a dios no quiero que ustedes sean partícipes con los demonios	1corintios-10-20-P02	532		P	3	finite_verb_morphology	explicit_or_morphological	finite_verb_morphology	confirmed		[]		not_detected	20
1corintios	confirmed	candidate	candidate	10	V-PAI-1S	θέλω	V- 1PAI-S--	θέλω	11	subordination_marker_scan_only	candidate	01,02,03,04,05,06,07,08,09,10,11,12,13,14,15,16,17,18,19,20,21,22,23,24,25,26,27,28	no sino que digo que lo que los gentiles sacrifican lo sacrifican a los demonios y no a dios no quiero que ustedes sean partícipes con los demonios	1corintios-10-20-P03	533		S	1	finite_verb_morphology	explicit_or_morphological	finite_verb_morphology	confirmed		[]		not_detected	20
1corintios	confirmed	candidate	candidate	10	V-PMI-2P	δύναμαι	V- 2PMI-P--	δύνασθε	02	subordination_marker_scan_only	candidate	01,02,03,04,05,06,07,08,09,10,11,12,13,14,15,16,17,18,19,20,21,22,23,24,25,26,27,28,29	ustedes no pueden beber la copa del señor y la copa de los demonios no pueden participar de la mesa del señor y de la mesa de los demonios	1corintios-10-21-P01	534		P	2	finite_verb_morphology	explicit_or_morphological	finite_verb_morphology	confirmed		[]		not_detected	21
1corintios	confirmed	candidate	candidate	10	V-PMI-2P	δύναμαι	V- 2PMI-P--	δύνασθε	10	subordination_marker_scan_only	candidate	01,02,03,04,05,06,07,08,09,10,11,12,13,14,15,16,17,18,19,20,21,22,23,24,25,26,27,28,29	ustedes no pueden beber la copa del señor y la copa de los demonios no pueden participar de la mesa del señor y de la mesa de los demonios	1corintios-10-21-P02	535		P	2	finite_verb_morphology	explicit_or_morphological	finite_verb_morphology	confirmed		[]		not_detected	21
1corintios	confirmed	candidate	candidate	10	V-PAI-1P	παραζηλόω	V- 1PAI-P--	παραζηλοῦμεν	02	subordination_marker_scan_only	candidate	01,02,03,04,05,06,07,08,09,10,11,12	o provocaremos a celos al señor somos acaso más fuertes que él	1corintios-10-22-P01	536		P	1	finite_verb_morphology	explicit_or_morphological	finite_verb_morphology	confirmed		[]		not_detected	22
1corintios	confirmed	candidate	candidate	10	V-PAI-1P	εἰμί	V- 1PAI-P--	ἐσμεν	08	subordination_marker_scan_only	candidate	01,02,03,04,05,06,07,08,09,10,11,12	o provocaremos a celos al señor somos acaso más fuertes que él	1corintios-10-22-P02	537		P	1	finite_verb_morphology	explicit_or_morphological	finite_verb_morphology	confirmed		[]		not_detected	22
1corintios	confirmed	candidate	candidate	10	V-PAI-3S	ἔξεστι(ν)	V- 3PAI-S--	ἔξεστιν	02	subordination_marker_scan_only	candidate	01,02,03,04,05,06,07,08,09,10,11,12,13,14,15,16	todo es lícito pero no todo es de provecho todo es lícito pero no todo edifica	1corintios-10-23-P01	538	1corintios-10-22-P02	P	1	inheritance_allowed	inherited	nearest_agreeing_nominative_no_visible_boundary	candidate	01	[]		not_detected	23
1corintios	confirmed	candidate	candidate	10	V-PAI-3S	συμφέρω	V- 3PAI-S--	συμφέρει	06	subordination_marker_scan_only	candidate	01,02,03,04,05,06,07,08,09,10,11,12,13,14,15,16	todo es lícito pero no todo es de provecho todo es lícito pero no todo edifica	1corintios-10-23-P02	539	1corintios-10-23-P01	P	1	inheritance_allowed	inherited	nearest_agreeing_nominative_no_visible_boundary	candidate	05	[]		not_detected	23
1corintios	confirmed	candidate	candidate	10	V-PAI-3S	ἔξεστι(ν)	V- 3PAI-S--	ἔξεστιν	08	subordination_marker_scan_only	candidate	01,02,03,04,05,06,07,08,09,10,11,12,13,14,15,16	todo es lícito pero no todo es de provecho todo es lícito pero no todo edifica	1corintios-10-23-P03	540	1corintios-10-23-P02	P	1	inheritance_allowed	inherited	nearest_agreeing_nominative_no_visible_boundary	candidate	07	[]		not_detected	23
1corintios	confirmed	candidate	candidate	10	V-PAI-3S	οἰκοδομέω	V- 3PAI-S--	οἰκοδομεῖ	12	subordination_marker_scan_only	candidate	01,02,03,04,05,06,07,08,09,10,11,12,13,14,15,16	todo es lícito pero no todo es de provecho todo es lícito pero no todo edifica	1corintios-10-23-P04	541	1corintios-10-23-P03	P	1	inheritance_allowed	inherited	nearest_agreeing_nominative_no_visible_boundary	candidate	11	[]		not_detected	23
1corintios	confirmed	candidate	candidate	10	V-PAD-3S	ζητέω	V- 3PAD-S--	ζητείτω	04	subordination_marker_scan_only	candidate	01,02,03,04,05,06,07,08,09,10	nadie busque su propio bien sino el de su prójimo	1corintios-10-24-P01	542	1corintios-10-23-P04	P	1	inheritance_allowed	inherited	nearest_agreeing_nominative_no_visible_boundary	candidate	01	[]		not_detected	24
1corintios	confirmed	candidate	candidate	10	V-PAD-2P	ἐσθίω	V- 2PAD-P--	ἐσθίετε	06	subordination_marker_scan_only	candidate	01,02,03,04,05,06,07,08,09,10,11,12,13,14,15,16,17	coman de todo lo que se vende en la carnicería sin preguntar nada por motivos de conciencia	1corintios-10-25-P01	543		P	2	finite_verb_morphology	explicit_or_morphological	finite_verb_morphology	confirmed		[]		not_detected	25
1corintios	confirmed	unresolved	candidate	10	V-PAI-3S	καλέω	V- 3PAI-S--	καλεῖ	03	subordination_marker_scan_only	unresolved	01,02,03,04,05,06,07,08,09,10,11,12,13,14,15,16,17,18,19,20,21,22,23,24	si algún incrédulo los invita y quieren ir coman de todo lo que se les ponga delante sin preguntar nada por motivos de conciencia	1corintios-10-27-P01	544				no_valid_inheritance	unresolved	nearest_agreeing_nominative_no_visible_boundary	candidate	02	"[{""form"": ""εἴ"", ""key"": ""ει"", ""token"": ""01""}]"	explicit_marker_after_previous_finite_before_current_finite	candidate	27
1corintios	confirmed	candidate	candidate	10	V-PAI-2P	θέλω	V- 2PAI-P--	θέλετε	08	subordination_marker_scan_only	candidate	01,02,03,04,05,06,07,08,09,10,11,12,13,14,15,16,17,18,19,20,21,22,23,24	si algún incrédulo los invita y quieren ir coman de todo lo que se les ponga delante sin preguntar nada por motivos de conciencia	1corintios-10-27-P02	545		P	2	finite_verb_morphology	explicit_or_morphological	finite_verb_morphology	confirmed		[]		not_detected	27
1corintios	confirmed	candidate	candidate	10	V-PAD-2P	ἐσθίω	V- 2PAD-P--	ἐσθίετε	14	subordination_marker_scan_only	candidate	01,02,03,04,05,06,07,08,09,10,11,12,13,14,15,16,17,18,19,20,21,22,23,24	si algún incrédulo los invita y quieren ir coman de todo lo que se les ponga delante sin preguntar nada por motivos de conciencia	1corintios-10-27-P03	546		P	2	finite_verb_morphology	explicit_or_morphological	finite_verb_morphology	confirmed		[]		not_detected	27
1corintios	confirmed	unresolved	candidate	10	V-AAS-3S	λέγω	V- 3AAS-S--	εἴπῃ	05	subordination_marker_scan_only	unresolved	01,02,03,04,05,06,07,08,09,10,11,12,13,14,15,16,17,18,19,20,21,22,23,24,25,26,27,28,29,30,31,32,33,34,35,36,37,38,39,40	pero si alguien les dice esto ha sido sacrificado a los ídolos no lo coman por causa del que se lo dijo y por motivos de conciencia porque del señor es la tierra y todo lo que en ella hay	1corintios-10-28-P01	547				no_valid_inheritance	unresolved	nearest_agreeing_nominative_no_visible_boundary	candidate	03	"[{""form"": ""ἐὰν"", ""key"": ""εαν"", ""token"": ""01""}]"	explicit_marker_after_previous_finite_before_current_finite	candidate	28
1corintios	confirmed	candidate	candidate	10	V-PAI-3S	εἰμί	V- 3PAI-S--	ἐστιν	08	subordination_marker_scan_only	candidate	01,02,03,04,05,06,07,08,09,10,11,12,13,14,15,16,17,18,19,20,21,22,23,24,25,26,27,28,29,30,31,32,33,34,35,36,37,38,39,40	pero si alguien les dice esto ha sido sacrificado a los ídolos no lo coman por causa del que se lo dijo y por motivos de conciencia porque del señor es la tierra y todo lo que en ella hay	1corintios-10-28-P02	548	1corintios-10-27-P03	P	2	inheritance_allowed	inherited	nearest_agreeing_nominative_no_visible_boundary	candidate	07	[]		not_detected	28
1corintios	confirmed	candidate	candidate	10	V-PAD-2P	ἐσθίω	V- 2PAD-P--	ἐσθίετε	10	subordination_marker_scan_only	candidate	01,02,03,04,05,06,07,08,09,10,11,12,13,14,15,16,17,18,19,20,21,22,23,24,25,26,27,28,29,30,31,32,33,34,35,36,37,38,39,40	pero si alguien les dice esto ha sido sacrificado a los ídolos no lo coman por causa del que se lo dijo y por motivos de conciencia porque del señor es la tierra y todo lo que en ella hay	1corintios-10-28-P03	549		P	2	finite_verb_morphology	explicit_or_morphological	finite_verb_morphology	confirmed		[]		not_detected	28
1corintios	confirmed	candidate	candidate	10	V-PAI-1S	λέγω	V- 1PAI-S--	λέγω	03	subordination_marker_scan_only	candidate	01,02,03,04,05,06,07,08,09,10,11,12,13,14,15,16,17,18,19,20,21,22,23,24	quiero decir no la conciencia de ustedes sino la del otro pues por qué ha de ser juzgada mi libertad por la conciencia ajena	1corintios-10-29-P01	550		S	1	finite_verb_morphology	explicit_or_morphological	finite_verb_morphology	confirmed		[]		not_detected	29
1corintios	confirmed	candidate	candidate	10	V-PPI-3S	κρίνω	V- 3PPI-S--	κρίνεται	16	subordination_marker_scan_only	candidate	01,02,03,04,05,06,07,08,09,10,11,12,13,14,15,16,17,18,19,20,21,22,23,24	quiero decir no la conciencia de ustedes sino la del otro pues por qué ha de ser juzgada mi libertad por la conciencia ajena	1corintios-10-29-P02	551	1corintios-10-29-P01	S	1	inheritance_allowed	inherited	nearest_agreeing_nominative_no_visible_boundary	candidate	14	[]		not_detected	29
1corintios	confirmed	unresolved	candidate	10	V-PAI-1S	μετέχω	V- 1PAI-S--	μετέχω	04	subordination_marker_scan_only	unresolved	01,02,03,04,05,06,07,08,09,10,11,12,13,14,15,16,17,18,19	si participo con agradecimiento por qué he de ser censurado a causa de aquello por lo cual doy gracias	1corintios-10-30-P01	552		S	1	finite_verb_morphology	explicit_or_morphological	finite_verb_morphology	confirmed		"[{""form"": ""εἰ"", ""key"": ""ει"", ""token"": ""01""}]"	explicit_marker_after_previous_finite_before_current_finite	candidate	30
1corintios	confirmed	candidate	candidate	10	V-PPI-1S	βλασφημέω	V- 1PPI-S--	βλασφημοῦμαι	06	subordination_marker_scan_only	candidate	01,02,03,04,05,06,07,08,09,10,11,12,13,14,15,16,17,18,19	si participo con agradecimiento por qué he de ser censurado a causa de aquello por lo cual doy gracias	1corintios-10-30-P02	553		S	1	finite_verb_morphology	explicit_or_morphological	finite_verb_morphology	confirmed		[]		not_detected	30
1corintios	confirmed	candidate	candidate	10	V-PAI-1S	εὐχαριστέω	V- 1PAI-S--	εὐχαριστῶ	10	subordination_marker_scan_only	candidate	01,02,03,04,05,06,07,08,09,10,11,12,13,14,15,16,17,18,19	si participo con agradecimiento por qué he de ser censurado a causa de aquello por lo cual doy gracias	1corintios-10-30-P03	554		S	1	finite_verb_morphology	explicit_or_morphological	finite_verb_morphology	confirmed		[]		not_detected	30
1corintios	confirmed	candidate	candidate	10	V-PAI-2P	ἐσθίω	V- 2PAI-P--	ἐσθίετε	03	subordination_marker_scan_only	candidate	01,02,03,04,05,06,07,08,09,10,11,12,13,14,15,16,17,18,19,20	entonces ya sea que coman que beban o que hagan cualquier otra cosa háganlo todo para la gloria de dios	1corintios-10-31-P01	555		P	2	finite_verb_morphology	explicit_or_morphological	finite_verb_morphology	confirmed		[]		not_detected	31
1corintios	confirmed	candidate	candidate	10	V-PAI-2P	πίνω	V- 2PAI-P--	πίνετε	05	subordination_marker_scan_only	candidate	01,02,03,04,05,06,07,08,09,10,11,12,13,14,15,16,17,18,19,20	entonces ya sea que coman que beban o que hagan cualquier otra cosa háganlo todo para la gloria de dios	1corintios-10-31-P02	556		P	2	finite_verb_morphology	explicit_or_morphological	finite_verb_morphology	confirmed		[]		not_detected	31
1corintios	confirmed	candidate	candidate	10	V-PAI-2P	ποιέω	V- 2PAI-P--	ποιεῖτε	08	subordination_marker_scan_only	candidate	01,02,03,04,05,06,07,08,09,10,11,12,13,14,15,16,17,18,19,20	entonces ya sea que coman que beban o que hagan cualquier otra cosa háganlo todo para la gloria de dios	1corintios-10-31-P03	557		P	2	finite_verb_morphology	explicit_or_morphological	finite_verb_morphology	confirmed		[]		not_detected	31
1corintios	confirmed	candidate	candidate	10	V-PAD-2P	ποιέω	V- 2PAD-P--	ποιεῖτε	13	subordination_marker_scan_only	candidate	01,02,03,04,05,06,07,08,09,10,11,12,13,14,15,16,17,18,19,20	entonces ya sea que coman que beban o que hagan cualquier otra cosa háganlo todo para la gloria de dios	1corintios-10-31-P04	558		P	2	finite_verb_morphology	explicit_or_morphological	finite_verb_morphology	confirmed		[]		not_detected	31
1corintios	confirmed	candidate	candidate	10	V-PMD-2P	γίνομαι	V- 2PMD-P--	γίνεσθε	04	subordination_marker_scan_only	candidate	01,02,03,04,05,06,07,08,09,10,11,12,13,14,15,16,17	no sean motivo de tropiezo ni a judíos ni a griegos ni a la iglesia de dios	1corintios-10-32-P01	559		P	2	finite_verb_morphology	explicit_or_morphological	finite_verb_morphology	confirmed		[]		not_detected	32
1corintios	confirmed	unresolved	candidate	10	V-PAI-1S	ἀρέσκω	V- 1PAI-S--	ἀρέσκω	05	subordination_marker_scan_only	unresolved	01,02,03,04,05,06,07,08,09,10,11,12,13,14,15,16,17,18,19,20,21,22,23	así como también yo procuro agradar a todos en todo no buscando mi propio beneficio sino el de muchos para que sean salvos	1corintios-10-33-P01	560		S	1	finite_verb_morphology	explicit_or_morphological	finite_verb_morphology	confirmed		"[{""form"": ""καθὼς"", ""key"": ""καθως"", ""token"": ""01""}]"	explicit_marker_after_previous_finite_before_current_finite	candidate	33
1corintios	confirmed	unresolved	candidate	10	V-APS-3P	σῴζω	V- 3APS-P--	σωθῶσιν	16	subordination_marker_scan_only	unresolved	01,02,03,04,05,06,07,08,09,10,11,12,13,14,15,16,17,18,19,20,21,22,23	así como también yo procuro agradar a todos en todo no buscando mi propio beneficio sino el de muchos para que sean salvos	1corintios-10-33-P02	561		P	3	finite_verb_morphology	explicit_or_morphological	finite_verb_morphology	confirmed		"[{""form"": ""ἵνα"", ""key"": ""ινα"", ""token"": ""15""}]"	explicit_marker_after_previous_finite_before_current_finite	candidate	33
1corintios	confirmed	candidate	candidate	11	V-PMD-2P	γίνομαι	V- 2PMD-P--	γίνεσθε	03	subordination_marker_scan_only	candidate	01,02	sean imitadores	1corintios-11-1-P01	562		P	2	finite_verb_morphology	explicit_or_morphological	finite_verb_morphology	confirmed		[]		not_detected	1
1corintios	confirmed	candidate	candidate	11	V-PAI-1S	ἐπαινέω	V- 1PAI-S--	ἐπαινῶ	01	subordination_marker_scan_only	candidate	01,02	los alabo	1corintios-11-2-P01	563		S	1	finite_verb_morphology	explicit_or_morphological	finite_verb_morphology	confirmed		[]		not_detected	2
1corintios	confirmed	unresolved	candidate	11	V-XMI-2P	μιμνῄσκομαι	V- 2XMI-P--	μέμνησθε	07	subordination_marker_scan_only	unresolved	07	acuerdan	1corintios-11-2-P02	564		P	2	finite_verb_morphology	explicit_or_morphological	finite_verb_morphology	confirmed		"[{""form"": ""ὅτι"", ""key"": ""οτι"", ""token"": ""04""}]"	explicit_marker_after_previous_finite_before_current_finite	candidate	2
1corintios	confirmed	unresolved	candidate	11	V-AAI-1S	παραδίδωμι	V- 1AAI-S--	παρέδωκα	10	subordination_marker_scan_only	unresolved	18,19,20,21	yo se las entregué	1corintios-11-2-P03	565		S	1	finite_verb_morphology	explicit_or_morphological	finite_verb_morphology	confirmed		"[{""form"": ""καθὼς"", ""key"": ""καθως"", ""token"": ""09""}]"	explicit_marker_after_previous_finite_before_current_finite	candidate	2
1corintios	confirmed	candidate	candidate	11	V-PAI-2P	κατέχω	V- 2PAI-P--	κατέχετε	14	subordination_marker_scan_only	candidate	11,14,15	guardan con firmeza	1corintios-11-2-P04	566		P	2	finite_verb_morphology	explicit_or_morphological	finite_verb_morphology	confirmed		[]		not_detected	2
1corintios	confirmed	candidate	candidate	11	V-PAI-1S	θέλω	V- 1PAI-S--	θέλω	01	subordination_marker_scan_only	candidate	01,02	pero quiero	1corintios-11-3-P01	567		S	1	finite_verb_morphology	explicit_or_morphological	finite_verb_morphology	confirmed		[]		not_detected	3
1corintios	confirmed	unresolved	candidate	11	V-PAI-3S	εἰμί	V- 3PAI-S--	ἐστιν	12	subordination_marker_scan_only	unresolved	11	es	1corintios-11-3-P02	568	1corintios-11-2-P03	S	1	inheritance_allowed	inherited	nearest_agreeing_nominative_no_visible_boundary	candidate	11	"[{""form"": ""ὅτι"", ""key"": ""οτι"", ""token"": ""05""}]"	explicit_marker_after_previous_finite_before_current_finite	candidate	3
1corintios	confirmed	candidate	candidate	11	V-PAI-3S	καταισχύνω	V- 3PAI-S--	καταισχύνει	09	subordination_marker_scan_only	candidate	11	deshonra	1corintios-11-4-P01	569		S	3	finite_verb_morphology	explicit_or_morphological	finite_verb_morphology	confirmed		[]		not_detected	4
1corintios	confirmed	candidate	candidate	11	V-PAI-3S	καταισχύνω	V- 3PAI-S--	καταισχύνει	10	subordination_marker_scan_only	candidate	13	deshonra	1corintios-11-5-P01	570		S	3	finite_verb_morphology	explicit_or_morphological	finite_verb_morphology	confirmed		[]		not_detected	5
1corintios	confirmed	candidate	candidate	11	V-PAI-3S	εἰμί	V- 3PAI-S--	ἐστιν	16	subordination_marker_scan_only	candidate	18	hace	1corintios-11-5-P02	571		S	3	finite_verb_morphology	explicit_or_morphological	finite_verb_morphology	confirmed		[]		not_detected	5
1corintios	confirmed	unresolved	candidate	11	V-PMI-3S	κατακαλύπτομαι	V- 3PMI-S--	κατακαλύπτεται	04	subordination_marker_scan_only	unresolved	06,07	se cubre	1corintios-11-6-P01	572		S	3	finite_verb_morphology	explicit_or_morphological	finite_verb_morphology	confirmed		"[{""form"": ""εἰ"", ""key"": ""ει"", ""token"": ""01""}]"	explicit_marker_after_previous_finite_before_current_finite	candidate	6
1corintios	confirmed	candidate	candidate	11	V-AMD-3S	κείρω	V- 3AMD-S--	κειράσθω	07	subordination_marker_scan_only	candidate	09,10,11,12,13,14,15	cabeza que también se corte el cabello	1corintios-11-6-P02	573		S	3	finite_verb_morphology	explicit_or_morphological	finite_verb_morphology	confirmed		[]		not_detected	6
1corintios	confirmed	unresolved	candidate	11	V-PMD-3S	κατακαλύπτομαι	V- 3PMD-S--	κατακαλυπτέσθω	16	subordination_marker_scan_only	unresolved	18,28,29,30	es que se cubra	1corintios-11-6-P03	574		S	3	finite_verb_morphology	explicit_or_morphological	finite_verb_morphology	confirmed		"[{""form"": ""εἰ"", ""key"": ""ει"", ""token"": ""08""}]"	explicit_marker_after_previous_finite_before_current_finite	candidate	6
1corintios	confirmed	candidate	candidate	11	V-PAI-3S	ὀφείλω	V- 3PAI-S--	ὀφείλει	05	subordination_marker_scan_only	candidate	05,06	debe cubrirse	1corintios-11-7-P01	575		S	3	finite_verb_morphology	explicit_or_morphological	finite_verb_morphology	confirmed		[]		not_detected	7
1corintios	confirmed	candidate	candidate	11	V-PAI-3S	εἰμί	V- 3PAI-S--	ἐστιν	19	subordination_marker_scan_only	candidate	22,23	es la	1corintios-11-7-P02	576	1corintios-11-7-P01	S	3	inheritance_allowed	inherited	nearest_agreeing_nominative_no_visible_boundary	candidate	17	[]		not_detected	7
1corintios	confirmed	candidate	candidate	11	V-PAI-3S	εἰμί	V- 3PAI-S--	ἐστιν	03	subordination_marker_scan_only	candidate	05	procede	1corintios-11-8-P01	577		S	3	finite_verb_morphology	explicit_or_morphological	finite_verb_morphology	confirmed		[]		not_detected	8
1corintios	confirmed	candidate	candidate	11	V-API-3S	κτίζω	V- 3API-S--	ἐκτίσθη	04	subordination_marker_scan_only	candidate	06,07	fue creado	1corintios-11-9-P01	578		S	3	finite_verb_morphology	explicit_or_morphological	finite_verb_morphology	confirmed		[]		not_detected	9
1corintios	confirmed	candidate	candidate	11	V-PAI-3S	ὀφείλω	V- 3PAI-S--	ὀφείλει	03	subordination_marker_scan_only	candidate	05,06	debe tener	1corintios-11-10-P01	579		S	3	finite_verb_morphology	explicit_or_morphological	finite_verb_morphology	confirmed		[]		not_detected	10
1corintios	confirmed	candidate	candidate	11	V-AAD-2P	κρίνω	V- 2AAD-P--	κρίνατε	04	subordination_marker_scan_only	candidate	06	que	1corintios-11-13-P01	580		P	2	finite_verb_morphology	explicit_or_morphological	finite_verb_morphology	confirmed		[]		not_detected	13
1corintios	confirmed	candidate	candidate	11	V-PAI-3S	εἰμί	V- 3PAI-S--	ἐστὶν	06	subordination_marker_scan_only	candidate	08	mujer	1corintios-11-13-P02	581		S	3	finite_verb_morphology	explicit_or_morphological	finite_verb_morphology	confirmed		[]		not_detected	13
1corintios	confirmed	candidate	candidate	11	V-PAI-3S	διδάσκω	V- 3PAI-S--	διδάσκει	05	subordination_marker_scan_only	candidate	03	enseña	1corintios-11-14-P01	582	1corintios-11-13-P02	S	3	inheritance_allowed	inherited	nearest_agreeing_nominative_no_visible_boundary	candidate	04	[]		not_detected	14
1corintios	confirmed	unresolved	candidate	11	V-PAS-3S	κομάω	V- 3PAS-S--	κομᾷ	11	subordination_marker_scan_only	unresolved	11,12,13,14	tiene el cabello largo	1corintios-11-14-P02	583		S	3	finite_verb_morphology	explicit_or_morphological	finite_verb_morphology	confirmed		"[{""form"": ""ὅτι"", ""key"": ""οτι"", ""token"": ""07""}, {""form"": ""ἐὰν"", ""key"": ""εαν"", ""token"": ""10""}]"	explicit_marker_after_previous_finite_before_current_finite	candidate	14
1corintios	confirmed	candidate	candidate	11	V-PAI-3S	εἰμί	V- 3PAI-S--	ἐστιν	14	subordination_marker_scan_only	candidate	16	es	1corintios-11-14-P03	584	1corintios-11-14-P01	S	3	inheritance_allowed	inherited	nearest_agreeing_nominative_no_visible_boundary	candidate	12	[]		not_detected	14
1corintios	confirmed	unresolved	candidate	11	V-PAS-3S	κομάω	V- 3PAS-S--	κομᾷ	04	subordination_marker_scan_only	unresolved	06,07,08,09	tiene el cabello largo	1corintios-11-15-P01	585		S	3	finite_verb_morphology	explicit_or_morphological	finite_verb_morphology	confirmed		"[{""form"": ""ἐὰν"", ""key"": ""εαν"", ""token"": ""03""}]"	explicit_marker_after_previous_finite_before_current_finite	candidate	15
1corintios	confirmed	candidate	candidate	11	V-PAI-3S	εἰμί	V- 3PAI-S--	ἐστιν	07	subordination_marker_scan_only	candidate	10,11	le es	1corintios-11-15-P02	586	1corintios-11-14-P03	S	3	inheritance_allowed	inherited	nearest_agreeing_nominative_no_visible_boundary	candidate	05	[]		not_detected	15
1corintios	confirmed	unresolved	candidate	11	V-XPI-3S	δίδωμι	V- 3XPI-S--	δέδοται	13	subordination_marker_scan_only	unresolved	20,21	es dado	1corintios-11-15-P03	587	1corintios-11-15-P01	S	3	inheritance_allowed	inherited	nearest_agreeing_nominative_no_visible_boundary	candidate	10	"[{""form"": ""ὅτι"", ""key"": ""οτι"", ""token"": ""08""}]"	explicit_marker_after_previous_finite_before_current_finite	candidate	15
1corintios	confirmed	unresolved	candidate	11	V-PAI-3S	δοκέω	V- 3PAI-S--	δοκεῖ	04	subordination_marker_scan_only	unresolved	04,05	parece ser	1corintios-11-16-P01	588	1corintios-11-15-P03	S	3	inheritance_allowed	inherited	nearest_agreeing_nominative_no_visible_boundary	candidate	03	"[{""form"": ""εἰ"", ""key"": ""ει"", ""token"": ""01""}]"	explicit_marker_after_previous_finite_before_current_finite	candidate	16
1corintios	confirmed	candidate	candidate	11	V-PAI-1P	ἔχω	V- 1PAI-P--	ἔχομεν	11	subordination_marker_scan_only	candidate	13	la	1corintios-11-16-P02	589		P	1	finite_verb_morphology	explicit_or_morphological	finite_verb_morphology	confirmed		[]		not_detected	16
1corintios	confirmed	candidate	candidate	11	V-PAI-1S	ἐπαινέω	V- 1PAI-S--	ἐπαινῶ	05	subordination_marker_scan_only	candidate	07,08	los alabo	1corintios-11-17-P01	590		S	1	finite_verb_morphology	explicit_or_morphological	finite_verb_morphology	confirmed		[]		not_detected	17
1corintios	confirmed	unresolved	candidate	11	V-PMI-2P	συνέρχομαι	V- 2PMI-P--	συνέρχεσθε	15	subordination_marker_scan_only	unresolved	11,12	se congregan	1corintios-11-17-P02	591		P	2	finite_verb_morphology	explicit_or_morphological	finite_verb_morphology	confirmed		"[{""form"": ""ὅτι"", ""key"": ""οτι"", ""token"": ""06""}]"	explicit_marker_after_previous_finite_before_current_finite	candidate	17
1corintios	confirmed	candidate	candidate	11	V-PAI-1S	ἀκούω	V- 1PAI-S--	ἀκούω	08	subordination_marker_scan_only	candidate	09	reúnen	1corintios-11-18-P01	592		S	1	finite_verb_morphology	explicit_or_morphological	finite_verb_morphology	confirmed		[]		not_detected	18
1corintios	confirmed	candidate	candidate	11	V-PAI-1S	πιστεύω	V- 1PAI-S--	πιστεύω	16	subordination_marker_scan_only	candidate	20	creo	1corintios-11-18-P02	593		S	1	finite_verb_morphology	explicit_or_morphological	finite_verb_morphology	confirmed		[]		not_detected	18
1corintios	confirmed	candidate	candidate	11	V-PAI-3S	δέω	V- 3PAI-S--	δεῖ	01	subordination_marker_scan_only	candidate	01	porque	1corintios-11-19-P01	594		S	3	finite_verb_morphology	explicit_or_morphological	finite_verb_morphology	confirmed		[]		not_detected	19
1corintios	confirmed	unresolved	candidate	11	V-AMS-3P	γίνομαι	V- 3AMS-P--	γένωνται	13	subordination_marker_scan_only	unresolved	-	-	1corintios-11-19-P02	595				no_valid_inheritance	unresolved	nearest_agreeing_nominative_no_visible_boundary	candidate	12	"[{""form"": ""ἵνα"", ""key"": ""ινα"", ""token"": ""08""}]"	explicit_marker_after_previous_finite_before_current_finite	candidate	19
1corintios	confirmed	candidate	candidate	11	V-PAI-3S	εἰμί	V- 3PAI-S--	ἔστιν	08	subordination_marker_scan_only	candidate	09	es	1corintios-11-20-P01	596		S	3	finite_verb_morphology	explicit_or_morphological	finite_verb_morphology	confirmed		[]		not_detected	20
1corintios	confirmed	candidate	candidate	11	V-PAI-3S	προλαμβάνω	V- 3PAI-S--	προλαμβάνει	06	subordination_marker_scan_only	candidate	07	primero	1corintios-11-21-P01	597		S	3	finite_verb_morphology	explicit_or_morphological	finite_verb_morphology	confirmed		[]		not_detected	21
1corintios	confirmed	candidate	candidate	11	V-PAI-3S	πεινάω	V- 3PAI-S--	πεινᾷ	13	subordination_marker_scan_only	candidate	17	se	1corintios-11-21-P02	598		S	3	finite_verb_morphology	explicit_or_morphological	finite_verb_morphology	confirmed		[]		not_detected	21
1corintios	confirmed	candidate	candidate	11	V-PAI-3S	μεθύω	V- 3PAI-S--	μεθύει	16	subordination_marker_scan_only	candidate	-	-	1corintios-11-21-P03	599		S	3	finite_verb_morphology	explicit_or_morphological	finite_verb_morphology	confirmed		[]		not_detected	21
1corintios	confirmed	candidate	candidate	11	V-PAI-2P	ἔχω	V- 2PAI-P--	ἔχετε	05	subordination_marker_scan_only	candidate	06	comer	1corintios-11-22-P01	600		P	2	finite_verb_morphology	explicit_or_morphological	finite_verb_morphology	confirmed		[]		not_detected	22
1corintios	confirmed	candidate	candidate	11	V-PAI-2P	καταφρονέω	V- 2PAI-P--	καταφρονεῖτε	16	subordination_marker_scan_only	candidate	19	que	1corintios-11-22-P02	601		P	2	finite_verb_morphology	explicit_or_morphological	finite_verb_morphology	confirmed		[]		not_detected	22
1corintios	confirmed	candidate	candidate	11	V-PAI-2P	καταισχύνω	V- 2PAI-P--	καταισχύνετε	18	subordination_marker_scan_only	candidate	22	qué	1corintios-11-22-P03	602		P	2	finite_verb_morphology	explicit_or_morphological	finite_verb_morphology	confirmed		[]		not_detected	22
1corintios	confirmed	candidate	candidate	11	V-AAS-1S	λέγω	V- 1AAS-S--	εἴπω	23	subordination_marker_scan_only	candidate	24	diré	1corintios-11-22-P04	603		S	1	finite_verb_morphology	explicit_or_morphological	finite_verb_morphology	confirmed		[]		not_detected	22
1corintios	confirmed	candidate	candidate	11	V-AAS-1S	ἐπαινέω	V- 1AAS-S--	ἐπαινέσω	25	subordination_marker_scan_only	candidate	31	alabaré	1corintios-11-22-P05	604		S	1	finite_verb_morphology	explicit_or_morphological	finite_verb_morphology	confirmed		[]		not_detected	22
1corintios	confirmed	candidate	candidate	11	V-PAI-1S	ἐπαινέω	V- 1PAI-S--	ἐπαινῶ	30	subordination_marker_scan_only	candidate	30	los	1corintios-11-22-P06	605		S	1	finite_verb_morphology	explicit_or_morphological	finite_verb_morphology	confirmed		[]		not_detected	22
1corintios	confirmed	candidate	candidate	11	V-AAI-1S	παραλαμβάνω	V- 1AAI-S--	παρέλαβον	03	subordination_marker_scan_only	candidate	03	recibí	1corintios-11-23-P01	606		S	1	finite_verb_morphology	explicit_or_morphological	finite_verb_morphology	confirmed		[]		not_detected	23
1corintios	confirmed	candidate	candidate	11	V-AAI-1S	παραδίδωμι	V- 1AAI-S--	παρέδωκα	09	subordination_marker_scan_only	candidate	11	enseñado	1corintios-11-23-P02	607		S	1	finite_verb_morphology	explicit_or_morphological	finite_verb_morphology	confirmed		[]		not_detected	23
1corintios	confirmed	unresolved	candidate	11	V-IPI-3S	παραδίδωμι	V- 3IPI-S--	παρεδίδετο	19	subordination_marker_scan_only	unresolved	21	entregado	1corintios-11-23-P03	608		S	3	finite_verb_morphology	explicit_or_morphological	finite_verb_morphology	confirmed		"[{""form"": ""ὅτι"", ""key"": ""οτι"", ""token"": ""11""}]"	explicit_marker_after_previous_finite_before_current_finite	candidate	23
1corintios	confirmed	candidate	candidate	11	V-AAI-3S	λαμβάνω	V- 3AAI-S--	ἔλαβεν	20	subordination_marker_scan_only	candidate	22	tomó	1corintios-11-23-P04	609		S	3	finite_verb_morphology	explicit_or_morphological	finite_verb_morphology	confirmed		[]		not_detected	23
1corintios	confirmed	candidate	candidate	11	V-AAI-3S	κλάω	V- 3AAI-S--	ἔκλασεν	03	subordination_marker_scan_only	candidate	07	partió	1corintios-11-24-P01	610		S	3	finite_verb_morphology	explicit_or_morphological	finite_verb_morphology	confirmed		[]		not_detected	24
1corintios	confirmed	candidate	candidate	11	V-AAI-3S	λέγω	V- 3AAI-S--	εἶπεν	05	subordination_marker_scan_only	candidate	09	dijo	1corintios-11-24-P02	611		S	3	finite_verb_morphology	explicit_or_morphological	finite_verb_morphology	confirmed		[]		not_detected	24
1corintios	confirmed	candidate	candidate	11	V-PAI-3S	εἰμί	V- 3PAI-S--	ἐστιν	08	subordination_marker_scan_only	candidate	11	es	1corintios-11-24-P03	612	1corintios-11-24-P02	S	3	inheritance_allowed	inherited	nearest_agreeing_nominative_no_visible_boundary	candidate	06	[]		not_detected	24
1corintios	confirmed	candidate	candidate	11	V-PAD-2P	ποιέω	V- 2PAD-P--	ποιεῖτε	15	subordination_marker_scan_only	candidate	18	hagan	1corintios-11-24-P04	613		P	2	finite_verb_morphology	explicit_or_morphological	finite_verb_morphology	confirmed		[]		not_detected	24
1corintios	confirmed	candidate	candidate	11	V-PAI-3S	εἰμί	V- 3PAI-S--	ἐστὶν	15	subordination_marker_scan_only	candidate	16	es	1corintios-11-25-P01	614	1corintios-11-24-P04	P	2	inheritance_allowed	inherited	nearest_agreeing_nominative_no_visible_boundary	candidate	14	[]		not_detected	25
1corintios	confirmed	candidate	candidate	11	V-PAD-2P	ποιέω	V- 2PAD-P--	ποιεῖτε	21	subordination_marker_scan_only	candidate	23	hagan	1corintios-11-25-P02	615		P	2	finite_verb_morphology	explicit_or_morphological	finite_verb_morphology	confirmed		[]		not_detected	25
1corintios	confirmed	unresolved	candidate	11	V-PAS-2P	πίνω	V- 2PAS-P--	πίνητε	24	subordination_marker_scan_only	unresolved	27,28	la beban	1corintios-11-25-P03	616		P	2	finite_verb_morphology	explicit_or_morphological	finite_verb_morphology	confirmed		"[{""form"": ""ἐὰν"", ""key"": ""εαν"", ""token"": ""23""}]"	explicit_marker_after_previous_finite_before_current_finite	candidate	25
1corintios	confirmed	unresolved	candidate	11	V-PAS-2P	ἐσθίω	V- 2PAS-P--	ἐσθίητε	04	subordination_marker_scan_only	unresolved	06	coman	1corintios-11-26-P01	617		P	2	finite_verb_morphology	explicit_or_morphological	finite_verb_morphology	confirmed		"[{""form"": ""ἐὰν"", ""key"": ""εαν"", ""token"": ""03""}]"	explicit_marker_after_previous_finite_before_current_finite	candidate	26
1corintios	confirmed	candidate	candidate	11	V-PAS-2P	πίνω	V- 2PAS-P--	πίνητε	11	subordination_marker_scan_only	candidate	10	beban	1corintios-11-26-P02	618		P	2	finite_verb_morphology	explicit_or_morphological	finite_verb_morphology	confirmed		[]		not_detected	26
1corintios	confirmed	candidate	candidate	11	V-PAI-2P	καταγγέλλω	V- 2PAI-P--	καταγγέλλετε	16	subordination_marker_scan_only	candidate	13	proclaman	1corintios-11-26-P03	619		P	2	finite_verb_morphology	explicit_or_morphological	finite_verb_morphology	confirmed		[]		not_detected	26
1corintios	confirmed	candidate	candidate	11	V-AAS-3S	ἔρχομαι	V- 3AAS-S--	ἔλθῃ	19	subordination_marker_scan_only	candidate	21	venga	1corintios-11-26-P04	620		S	3	finite_verb_morphology	explicit_or_morphological	finite_verb_morphology	confirmed		[]		not_detected	26
1corintios	confirmed	unresolved	candidate	11	V-PAS-3S	ἐσθίω	V- 3PAS-S--	ἐσθίῃ	04	subordination_marker_scan_only	unresolved	04,05,06	el que coma	1corintios-11-27-P01	621				no_valid_inheritance	unresolved	nearest_agreeing_nominative_no_visible_boundary	candidate	02	"[{""form"": ""ὥστε"", ""key"": ""ωστε"", ""token"": ""01""}]"	explicit_marker_after_previous_finite_before_current_finite	candidate	27
1corintios	confirmed	candidate	candidate	11	V-PAS-3S	πίνω	V- 3PAS-S--	πίνῃ	08	subordination_marker_scan_only	candidate	10,11	beba la	1corintios-11-27-P02	622		S	3	finite_verb_morphology	explicit_or_morphological	finite_verb_morphology	confirmed		[]		not_detected	27
1corintios	confirmed	candidate	candidate	11	V-FMI-3S	εἰμί	V- 3FMI-S--	ἔσται	15	subordination_marker_scan_only	candidate	16	será	1corintios-11-27-P03	623	1corintios-11-27-P02	S	3	inheritance_allowed	inherited	nearest_agreeing_nominative_no_visible_boundary	candidate	14	[]		not_detected	27
1corintios	confirmed	candidate	candidate	11	V-PAD-3S	δοκιμάζω	V- 3PAD-S--	δοκιμαζέτω	01	subordination_marker_scan_only	candidate	01	por	1corintios-11-28-P01	624		S	3	finite_verb_morphology	explicit_or_morphological	finite_verb_morphology	confirmed		[]		not_detected	28
1corintios	confirmed	candidate	candidate	11	V-PAD-3S	ἐσθίω	V- 3PAD-S--	ἐσθιέτω	10	subordination_marker_scan_only	candidate	12	del	1corintios-11-28-P02	625		S	3	finite_verb_morphology	explicit_or_morphological	finite_verb_morphology	confirmed		[]		not_detected	28
1corintios	confirmed	candidate	candidate	11	V-PAD-3S	πίνω	V- 3PAD-S--	πινέτω	15	subordination_marker_scan_only	candidate	18	copa	1corintios-11-28-P03	626		S	3	finite_verb_morphology	explicit_or_morphological	finite_verb_morphology	confirmed		[]		not_detected	28
1corintios	confirmed	candidate	candidate	11	V-PAI-3S	ἐσθίω	V- 3PAI-S--	ἐσθίει	08	subordination_marker_scan_only	candidate	14	come	1corintios-11-29-P01	627		S	3	finite_verb_morphology	explicit_or_morphological	finite_verb_morphology	confirmed		[]		not_detected	29
1corintios	confirmed	candidate	candidate	11	V-PAI-3S	πίνω	V- 3PAI-S--	πίνει	10	subordination_marker_scan_only	candidate	16	bebe	1corintios-11-29-P02	628		S	3	finite_verb_morphology	explicit_or_morphological	finite_verb_morphology	confirmed		[]		not_detected	29
1corintios	confirmed	candidate	candidate	11	V-PMI-3P	κοιμάομαι	V- 3PMI-P--	κοιμῶνται	10	subordination_marker_scan_only	candidate	-	-	1corintios-11-30-P01	629		P	3	finite_verb_morphology	explicit_or_morphological	finite_verb_morphology	confirmed		[]		not_detected	30
1corintios	confirmed	unresolved	candidate	11	V-IAI-1P	διακρίνω	V- 1IAI-P--	διεκρίνομεν	04	subordination_marker_scan_only	unresolved	03,04,05	nos juzgáramos a	1corintios-11-31-P01	630		P	1	finite_verb_morphology	explicit_or_morphological	finite_verb_morphology	confirmed		"[{""form"": ""εἰ"", ""key"": ""ει"", ""token"": ""01""}]"	explicit_marker_after_previous_finite_before_current_finite	candidate	31
1corintios	confirmed	candidate	candidate	11	V-IPI-1P	κρίνω	V- 1IPI-P--	ἐκρινόμεθα	07	subordination_marker_scan_only	candidate	10	juzgados	1corintios-11-31-P02	631		P	1	finite_verb_morphology	explicit_or_morphological	finite_verb_morphology	confirmed		[]		not_detected	31
1corintios	confirmed	candidate	candidate	11	V-PPI-1P	παιδεύω	V- 1PPI-P--	παιδευόμεθα	05	subordination_marker_scan_only	candidate	07	nos	1corintios-11-32-P01	632		P	1	finite_verb_morphology	explicit_or_morphological	finite_verb_morphology	confirmed		[]		not_detected	32
1corintios	confirmed	unresolved	candidate	11	V-APS-1P	κατακρίνω	V- 1APS-P--	κατακριθῶμεν	11	subordination_marker_scan_only	unresolved	16	mundo	1corintios-11-32-P02	633		P	1	finite_verb_morphology	explicit_or_morphological	finite_verb_morphology	confirmed		"[{""form"": ""ἵνα"", ""key"": ""ινα"", ""token"": ""06""}]"	explicit_marker_after_previous_finite_before_current_finite	candidate	32
1corintios	confirmed	unresolved	candidate	11	V-PMD-2P	ἐκδέχομαι	V- 2PMD-P--	ἐκδέχεσθε	09	subordination_marker_scan_only	unresolved	10,11,12	espérense unos a	1corintios-11-33-P01	634		P	2	finite_verb_morphology	explicit_or_morphological	finite_verb_morphology	confirmed		"[{""form"": ""ὥστε"", ""key"": ""ωστε"", ""token"": ""01""}]"	explicit_marker_after_previous_finite_before_current_finite	candidate	33
1corintios	confirmed	unresolved	candidate	11	V-PAI-3S	πεινάω	V- 3PAI-S--	πεινᾷ	03	subordination_marker_scan_only	unresolved	02	alguien	1corintios-11-34-P01	635	1corintios-11-33-P01	P	2	inheritance_allowed	inherited	nearest_agreeing_nominative_no_visible_boundary	candidate	02	"[{""form"": ""εἴ"", ""key"": ""ει"", ""token"": ""01""}]"	explicit_marker_after_previous_finite_before_current_finite	candidate	34
1corintios	confirmed	candidate	candidate	11	V-PAD-3S	ἐσθίω	V- 3PAD-S--	ἐσθιέτω	06	subordination_marker_scan_only	candidate	07	su	1corintios-11-34-P02	636		S	3	finite_verb_morphology	explicit_or_morphological	finite_verb_morphology	confirmed		[]		not_detected	34
1corintios	confirmed	unresolved	candidate	11	V-PMS-2P	συνέρχομαι	V- 2PMS-P--	συνέρχησθε	11	subordination_marker_scan_only	unresolved	15	juicio	1corintios-11-34-P03	637		P	2	finite_verb_morphology	explicit_or_morphological	finite_verb_morphology	confirmed		"[{""form"": ""ἵνα"", ""key"": ""ινα"", ""token"": ""07""}]"	explicit_marker_after_previous_finite_before_current_finite	candidate	34
1corintios	confirmed	unresolved	candidate	11	V-AAS-1S	ἔρχομαι	V- 1AAS-S--	ἔλθω	17	subordination_marker_scan_only	unresolved	22	vaya	1corintios-11-34-P04	638		S	1	finite_verb_morphology	explicit_or_morphological	finite_verb_morphology	confirmed		"[{""form"": ""ὡς"", ""key"": ""ως"", ""token"": ""15""}]"	explicit_marker_after_previous_finite_before_current_finite	candidate	34
1corintios	confirmed	candidate	candidate	11	V-FMI-1S	διατάσσω	V- 1FMI-S--	διατάξομαι	18	subordination_marker_scan_only	candidate	-	-	1corintios-11-34-P05	639		S	1	finite_verb_morphology	explicit_or_morphological	finite_verb_morphology	confirmed		[]		not_detected	34
1corintios	confirmed	candidate	candidate	12	V-PAI-1S	θέλω	V- 1PAI-S--	θέλω	07	subordination_marker_scan_only	candidate	10,11	que sean	1corintios-12-1-P01	640		S	1	finite_verb_morphology	explicit_or_morphological	finite_verb_morphology	confirmed		[]		not_detected	1
1corintios	confirmed	candidate	candidate	12	V-XAI-2P	οἶδα	V- 2XAI-P--	οἴδατε	01	subordination_marker_scan_only	candidate	01	ustedes	1corintios-12-2-P01	641		P	2	finite_verb_morphology	explicit_or_morphological	finite_verb_morphology	confirmed		[]		not_detected	2
1corintios	confirmed	unresolved	candidate	12	V-IAI-2P	εἰμί	V- 2IAI-P--	ἦτε	05	subordination_marker_scan_only	unresolved	05,06	eran paganos	1corintios-12-2-P02	642		P	2	finite_verb_morphology	explicit_or_morphological	finite_verb_morphology	confirmed		"[{""form"": ""ὅτι"", ""key"": ""οτι"", ""token"": ""02""}, {""form"": ""ὅτε"", ""key"": ""οτε"", ""token"": ""03""}]"	explicit_marker_after_previous_finite_before_current_finite	candidate	2
1corintios	confirmed	unresolved	candidate	12	V-IPI-2P	ἄγω	V- 2IPI-P--	ἤγεσθε	13	subordination_marker_scan_only	unresolved	07,08,09,10,11,12,13	de una manera u otra eran arrastrados	1corintios-12-2-P03	643		P	2	finite_verb_morphology	explicit_or_morphological	finite_verb_morphology	confirmed		"[{""form"": ""ὡς"", ""key"": ""ως"", ""token"": ""11""}]"	explicit_marker_after_previous_finite_before_current_finite	candidate	2
1corintios	confirmed	candidate	candidate	12	V-PAI-1S	γνωρίζω	V- 1PAI-S--	γνωρίζω	02	subordination_marker_scan_only	candidate	02	tanto	1corintios-12-3-P01	644		S	1	finite_verb_morphology	explicit_or_morphological	finite_verb_morphology	confirmed		[]		not_detected	3
1corintios	confirmed	unresolved	candidate	12	V-PAI-3S	λέγω	V- 3PAI-S--	λέγει	10	subordination_marker_scan_only	unresolved	15	jesús	1corintios-12-3-P02	645	1corintios-12-2-P03	P	2	inheritance_allowed	inherited	nearest_agreeing_nominative_no_visible_boundary	candidate	05	"[{""form"": ""ὅτι"", ""key"": ""οτι"", ""token"": ""04""}]"	explicit_marker_after_previous_finite_before_current_finite	candidate	3
1corintios	confirmed	candidate	candidate	12	V-PMI-3S	δύναμαι	V- 3PMI-S--	δύναται	15	subordination_marker_scan_only	candidate	21	decir	1corintios-12-3-P03	646	1corintios-12-3-P01	S	1	inheritance_allowed	inherited	nearest_agreeing_nominative_no_visible_boundary	candidate	14	[]		not_detected	3
1corintios	confirmed	candidate	candidate	12	V-PAI-3P	εἰμί	V- 3PAI-P--	εἰσίν	04	subordination_marker_scan_only	candidate	05	de	1corintios-12-4-P01	647		P	3	finite_verb_morphology	explicit_or_morphological	finite_verb_morphology	confirmed		[]		not_detected	4
1corintios	confirmed	candidate	candidate	12	V-PAI-3P	εἰμί	V- 3PAI-P--	εἰσιν	04	subordination_marker_scan_only	candidate	05	pero	1corintios-12-5-P01	648	1corintios-12-4-P01	P	3	inheritance_allowed	inherited	nearest_agreeing_nominative_no_visible_boundary	candidate	02	[]		not_detected	5
1corintios	confirmed	candidate	candidate	12	V-PAI-3P	εἰμί	V- 3PAI-P--	εἰσίν	04	subordination_marker_scan_only	candidate	05	operaciones	1corintios-12-6-P01	649	1corintios-12-5-P01	P	3	inheritance_allowed	inherited	nearest_agreeing_nominative_no_visible_boundary	candidate	02	[]		not_detected	6
1corintios	confirmed	candidate	candidate	12	V-PPI-3S	δίδωμι	V- 3PPI-S--	δίδοται	03	subordination_marker_scan_only	candidate	05,06,07	se le da	1corintios-12-7-P01	650		S	3	finite_verb_morphology	explicit_or_morphological	finite_verb_morphology	confirmed		[]		not_detected	7
1corintios	confirmed	candidate	candidate	12	V-PPI-3S	δίδωμι	V- 3PPI-S--	δίδοται	07	subordination_marker_scan_only	candidate	09	sabiduría	1corintios-12-8-P01	651		S	3	finite_verb_morphology	explicit_or_morphological	finite_verb_morphology	confirmed		[]		not_detected	8
1corintios	confirmed	candidate	candidate	12	V-PAI-3S	ἐνεργέω	V- 3PAI-S--	ἐνεργεῖ	04	subordination_marker_scan_only	candidate	05	las	1corintios-12-11-P01	652		S	3	finite_verb_morphology	explicit_or_morphological	finite_verb_morphology	confirmed		[]		not_detected	11
1corintios	confirmed	unresolved	candidate	12	V-PMI-3S	βούλομαι	V- 3PMI-S--	βούλεται	15	subordination_marker_scan_only	unresolved	19	voluntad	1corintios-12-11-P02	653				no_valid_inheritance	unresolved	nearest_agreeing_nominative_no_visible_boundary	candidate	10	"[{""form"": ""καθὼς"", ""key"": ""καθως"", ""token"": ""14""}]"	explicit_marker_after_previous_finite_before_current_finite	candidate	11
1corintios	confirmed	candidate	candidate	12	V-PAI-3S	εἰμί	V- 3PAI-S--	ἐστιν	06	subordination_marker_scan_only	candidate	06	es	1corintios-12-12-P01	654	1corintios-12-11-P01	S	3	inheritance_allowed	inherited	nearest_agreeing_nominative_no_visible_boundary	candidate	05	[]		not_detected	12
1corintios	confirmed	candidate	candidate	12	V-PAI-3S	ἔχω	V- 3PAI-S--	ἔχει	10	subordination_marker_scan_only	candidate	09	tiene	1corintios-12-12-P02	655		S	3	finite_verb_morphology	explicit_or_morphological	finite_verb_morphology	confirmed		[]		not_detected	12
1corintios	confirmed	candidate	candidate	12	V-PAI-3S	εἰμί	V- 3PAI-S--	ἐστιν	20	subordination_marker_scan_only	candidate	21	constituyen	1corintios-12-12-P03	656	1corintios-12-12-P02	S	3	inheritance_allowed	inherited	nearest_agreeing_nominative_no_visible_boundary	candidate	19	[]		not_detected	12
1corintios	confirmed	candidate	candidate	12	V-API-1P	βαπτίζω	V- 1API-P--	ἐβαπτίσθημεν	11	subordination_marker_scan_only	candidate	14	judíos	1corintios-12-13-P01	657		P	1	finite_verb_morphology	explicit_or_morphological	finite_verb_morphology	confirmed		[]		not_detected	13
1corintios	confirmed	candidate	candidate	12	V-API-1P	ποτίζω	V- 1API-P--	ἐποτίσθημεν	24	subordination_marker_scan_only	candidate	25,26,27,28	dio a beber del	1corintios-12-13-P02	658		P	1	finite_verb_morphology	explicit_or_morphological	finite_verb_morphology	confirmed		[]		not_detected	13
1corintios	confirmed	candidate	candidate	12	V-PAI-3S	εἰμί	V- 3PAI-S--	ἔστιν	06	subordination_marker_scan_only	candidate	07	solo	1corintios-12-14-P01	659	1corintios-12-13-P02	P	1	inheritance_allowed	inherited	nearest_agreeing_nominative_no_visible_boundary	candidate	04	[]		not_detected	14
1corintios	confirmed	unresolved	candidate	12	V-AAS-3S	λέγω	V- 3AAS-S--	εἴπῃ	02	subordination_marker_scan_only	unresolved	02	el	1corintios-12-15-P01	660		S	3	finite_verb_morphology	explicit_or_morphological	finite_verb_morphology	confirmed		"[{""form"": ""ἐὰν"", ""key"": ""εαν"", ""token"": ""01""}]"	explicit_marker_after_previous_finite_before_current_finite	candidate	15
1corintios	confirmed	unresolved	candidate	12	V-PAI-1S	εἰμί	V- 1PAI-S--	εἰμὶ	07	subordination_marker_scan_only	unresolved	07	soy	1corintios-12-15-P02	661		S	1	finite_verb_morphology	explicit_or_morphological	finite_verb_morphology	confirmed		"[{""form"": ""ὅτι"", ""key"": ""οτι"", ""token"": ""05""}]"	explicit_marker_after_previous_finite_before_current_finite	candidate	15
1corintios	confirmed	candidate	candidate	12	V-PAI-1S	εἰμί	V- 1PAI-S--	εἰμὶ	10	subordination_marker_scan_only	candidate	10	soy	1corintios-12-15-P03	662		S	1	finite_verb_morphology	explicit_or_morphological	finite_verb_morphology	confirmed		[]		not_detected	15
1corintios	confirmed	candidate	candidate	12	V-PAI-3S	εἰμί	V- 3PAI-S--	ἔστιν	18	subordination_marker_scan_only	candidate	18	de	1corintios-12-15-P04	663		S	3	finite_verb_morphology	explicit_or_morphological	finite_verb_morphology	confirmed		[]		not_detected	15
1corintios	confirmed	unresolved	candidate	12	V-AAS-3S	λέγω	V- 3AAS-S--	εἴπῃ	03	subordination_marker_scan_only	unresolved	04	oído	1corintios-12-16-P01	664		S	3	finite_verb_morphology	explicit_or_morphological	finite_verb_morphology	confirmed		"[{""form"": ""ἐὰν"", ""key"": ""εαν"", ""token"": ""02""}]"	explicit_marker_after_previous_finite_before_current_finite	candidate	16
1corintios	confirmed	unresolved	candidate	12	V-PAI-1S	εἰμί	V- 1PAI-S--	εἰμὶ	08	subordination_marker_scan_only	unresolved	08,09	soy ojo	1corintios-12-16-P02	665		S	1	finite_verb_morphology	explicit_or_morphological	finite_verb_morphology	confirmed		"[{""form"": ""ὅτι"", ""key"": ""οτι"", ""token"": ""06""}]"	explicit_marker_after_previous_finite_before_current_finite	candidate	16
1corintios	confirmed	candidate	candidate	12	V-PAI-1S	εἰμί	V- 1PAI-S--	εἰμὶ	11	subordination_marker_scan_only	candidate	11	soy	1corintios-12-16-P03	666		S	1	finite_verb_morphology	explicit_or_morphological	finite_verb_morphology	confirmed		[]		not_detected	16
1corintios	confirmed	candidate	candidate	12	V-PAI-3S	εἰμί	V- 3PAI-S--	ἔστιν	19	subordination_marker_scan_only	candidate	19	de	1corintios-12-16-P04	667		S	3	finite_verb_morphology	explicit_or_morphological	finite_verb_morphology	confirmed		[]		not_detected	16
1corintios	confirmed	candidate	candidate	12	V-AMI-3S	τίθημι	V- 3AMI-S--	ἔθετο	05	subordination_marker_scan_only	candidate	06	a	1corintios-12-18-P01	668	1corintios-12-16-P04	S	3	inheritance_allowed	inherited	nearest_agreeing_nominative_no_visible_boundary	candidate	04	[]		not_detected	18
1corintios	confirmed	unresolved	candidate	12	V-AAI-3S	θέλω	V- 3AAI-S--	ἠθέλησεν	15	subordination_marker_scan_only	unresolved	-	-	1corintios-12-18-P02	669		S	3	finite_verb_morphology	explicit_or_morphological	finite_verb_morphology	confirmed		"[{""form"": ""καθὼς"", ""key"": ""καθως"", ""token"": ""14""}]"	explicit_marker_after_previous_finite_before_current_finite	candidate	18
1corintios	confirmed	unresolved	candidate	12	V-IAI-3S	εἰμί	V- 3IAI-S--	ἦν	03	subordination_marker_scan_only	unresolved	04	fueran	1corintios-12-19-P01	670		S	3	finite_verb_morphology	explicit_or_morphological	finite_verb_morphology	confirmed		"[{""form"": ""εἰ"", ""key"": ""ει"", ""token"": ""01""}]"	explicit_marker_after_previous_finite_before_current_finite	candidate	19
1corintios	confirmed	candidate	candidate	12	V-PMI-3S	δύναμαι	V- 3PMI-S--	δύναται	02	subordination_marker_scan_only	candidate	02	el	1corintios-12-21-P01	671		S	3	finite_verb_morphology	explicit_or_morphological	finite_verb_morphology	confirmed		[]		not_detected	21
1corintios	confirmed	candidate	candidate	12	V-PAI-1S	ἔχω	V- 1PAI-S--	ἔχω	12	subordination_marker_scan_only	candidate	20,21	no los	1corintios-12-21-P02	672		S	1	finite_verb_morphology	explicit_or_morphological	finite_verb_morphology	confirmed		[]		not_detected	21
1corintios	confirmed	candidate	candidate	12	V-PAI-1S	ἔχω	V- 1PAI-S--	ἔχω	22	subordination_marker_scan_only	candidate	20,21,22	no los necesito	1corintios-12-21-P03	673		S	1	finite_verb_morphology	explicit_or_morphological	finite_verb_morphology	confirmed		[]		not_detected	21
1corintios	confirmed	candidate	candidate	12	V-PAI-3S	εἰμί	V- 3PAI-S--	ἐστιν	12	subordination_marker_scan_only	candidate	18,19	son los	1corintios-12-22-P01	674	1corintios-12-21-P03	S	1	inheritance_allowed	inherited	nearest_agreeing_nominative_no_visible_boundary	candidate	11	[]		not_detected	22
1corintios	confirmed	candidate	candidate	12	V-PAI-1P	δοκέω	V- 1PAI-P--	δοκοῦμεν	03	subordination_marker_scan_only	candidate	06,07	que estimamos	1corintios-12-23-P01	675		P	1	finite_verb_morphology	explicit_or_morphological	finite_verb_morphology	confirmed		[]		not_detected	23
1corintios	confirmed	candidate	candidate	12	V-PAI-1P	περιτίθημι	V- 1PAI-P--	περιτίθεμεν	11	subordination_marker_scan_only	candidate	12,13	las vestimos	1corintios-12-23-P02	676		P	1	finite_verb_morphology	explicit_or_morphological	finite_verb_morphology	confirmed		[]		not_detected	23
1corintios	confirmed	candidate	candidate	12	V-PAI-3S	ἔχω	V- 3PAI-S--	ἔχει	18	subordination_marker_scan_only	candidate	25	reciben	1corintios-12-23-P03	677	1corintios-12-23-P02	P	1	inheritance_allowed	inherited	nearest_agreeing_nominative_no_visible_boundary	candidate	14	[]		not_detected	23
1corintios	confirmed	candidate	candidate	12	V-PAI-3S	ἔχω	V- 3PAI-S--	ἔχει	07	subordination_marker_scan_only	candidate	06,07	no lo	1corintios-12-24-P01	678	1corintios-12-23-P03	P	1	inheritance_allowed	inherited	nearest_agreeing_nominative_no_visible_boundary	candidate	03	[]		not_detected	24
1corintios	confirmed	candidate	candidate	12	V-AAI-3S	συγκεράννυμι	V- 3AAI-S--	συνεκέρασεν	11	subordination_marker_scan_only	candidate	12	dios	1corintios-12-24-P02	679	1corintios-12-24-P01	P	1	inheritance_allowed	inherited	nearest_agreeing_nominative_no_visible_boundary	candidate	10	[]		not_detected	24
1corintios	confirmed	unresolved	candidate	12	V-PAS-3S	εἰμί	V- 3PAS-S--	ᾖ	03	subordination_marker_scan_only	unresolved	09	haya	1corintios-12-25-P01	680		S	3	finite_verb_morphology	explicit_or_morphological	finite_verb_morphology	confirmed		"[{""form"": ""ἵνα"", ""key"": ""ινα"", ""token"": ""01""}]"	explicit_marker_after_previous_finite_before_current_finite	candidate	25
1corintios	confirmed	candidate	candidate	12	V-PAS-3P	μεριμνάω	V- 3PAS-P--	μεριμνῶσι	13	subordination_marker_scan_only	candidate	15,18,19	tengan cuidado unos	1corintios-12-25-P02	681		P	3	finite_verb_morphology	explicit_or_morphological	finite_verb_morphology	confirmed		[]		not_detected	25
1corintios	confirmed	candidate	candidate	12	V-PAI-3S	πάσχω	V- 3PAI-S--	πάσχει	03	subordination_marker_scan_only	candidate	04	sufre	1corintios-12-26-P01	682		S	3	finite_verb_morphology	explicit_or_morphological	finite_verb_morphology	confirmed		[]		not_detected	26
1corintios	confirmed	candidate	candidate	12	V-PAI-3S	συμπάσχω	V- 3PAI-S--	συμπάσχει	06	subordination_marker_scan_only	candidate	07	miembros	1corintios-12-26-P02	683	1corintios-12-26-P01	S	3	inheritance_allowed	inherited	nearest_agreeing_nominative_no_visible_boundary	candidate	05	[]		not_detected	26
1corintios	confirmed	candidate	candidate	12	V-PPI-3S	δοξάζω	V- 3PPI-S--	δοξάζεται	11	subordination_marker_scan_only	candidate	15,16	es honrado	1corintios-12-26-P03	684		S	3	finite_verb_morphology	explicit_or_morphological	finite_verb_morphology	confirmed		[]		not_detected	26
1corintios	confirmed	candidate	candidate	12	V-PAI-3S	συγχαίρω	V- 3PAI-S--	συγχαίρει	13	subordination_marker_scan_only	candidate	20,21	se regocijan	1corintios-12-26-P04	685	1corintios-12-26-P03	S	3	inheritance_allowed	inherited	nearest_agreeing_nominative_no_visible_boundary	candidate	12	[]		not_detected	26
1corintios	confirmed	candidate	candidate	12	V-PAI-2P	εἰμί	V- 2PAI-P--	ἐστε	03	subordination_marker_scan_only	candidate	03,04	ustedes son	1corintios-12-27-P01	686		P	2	finite_verb_morphology	explicit_or_morphological	finite_verb_morphology	confirmed		[]		not_detected	27
1corintios	confirmed	candidate	candidate	12	V-AMI-3S	τίθημι	V- 3AMI-S--	ἔθετο	04	subordination_marker_scan_only	candidate	05	dios	1corintios-12-28-P01	687		S	3	finite_verb_morphology	explicit_or_morphological	finite_verb_morphology	confirmed		[]		not_detected	28
1corintios	confirmed	candidate	candidate	12	V-PAI-3P	ἔχω	V- 3PAI-P--	ἔχουσιν	04	subordination_marker_scan_only	candidate	02	tienen	1corintios-12-30-P01	688	1corintios-12-28-P01	S	3	inheritance_allowed	inherited	nearest_agreeing_nominative_no_visible_boundary	candidate	02	[]		not_detected	30
1corintios	confirmed	candidate	candidate	12	V-PAI-3P	λαλέω	V- 3PAI-P--	λαλοῦσιν	09	subordination_marker_scan_only	candidate	08	hablan	1corintios-12-30-P02	689	1corintios-12-30-P01	S	3	inheritance_allowed	inherited	nearest_agreeing_nominative_no_visible_boundary	candidate	07	[]		not_detected	30
1corintios	confirmed	candidate	candidate	12	V-PAI-3P	διερμηνεύω	V- 3PAI-P--	διερμηνεύουσιν	12	subordination_marker_scan_only	candidate	13	interpretan	1corintios-12-30-P03	690	1corintios-12-30-P02	S	3	inheritance_allowed	inherited	nearest_agreeing_nominative_no_visible_boundary	candidate	11	[]		not_detected	30
1corintios	confirmed	candidate	candidate	12	V-PAD-2P	ζηλόω	V- 2PAD-P--	ζηλοῦτε	01	subordination_marker_scan_only	candidate	01	pero	1corintios-12-31-P01	691		P	2	finite_verb_morphology	explicit_or_morphological	finite_verb_morphology	confirmed		[]		not_detected	31
1corintios	confirmed	candidate	candidate	12	V-PAI-1S	δείκνυμι	V- 1PAI-S--	δείκνυμι	13	subordination_marker_scan_only	candidate	15	excelente	1corintios-12-31-P02	692		S	1	finite_verb_morphology	explicit_or_morphological	finite_verb_morphology	confirmed		[]		not_detected	31
1corintios	confirmed	unresolved	candidate	13	V-PAS-1S	λαλέω	V- 1PAS-S--	λαλῶ	06	subordination_marker_scan_only	unresolved	06	y	1corintios-13-1-P01	693		S	1	finite_verb_morphology	explicit_or_morphological	finite_verb_morphology	confirmed		"[{""form"": ""ἐὰν"", ""key"": ""εαν"", ""token"": ""01""}]"	explicit_marker_after_previous_finite_before_current_finite	candidate	1
1corintios	confirmed	candidate	candidate	13	V-PAS-1S	ἔχω	V- 1PAS-S--	ἔχω	13	subordination_marker_scan_only	candidate	15	ser	1corintios-13-1-P02	694		S	1	finite_verb_morphology	explicit_or_morphological	finite_verb_morphology	confirmed		[]		not_detected	1
1corintios	confirmed	candidate	candidate	13	V-XAI-1S	γίνομαι	V- 1XAI-S--	γέγονα	14	subordination_marker_scan_only	candidate	16	como	1corintios-13-1-P03	695		S	1	finite_verb_morphology	explicit_or_morphological	finite_verb_morphology	confirmed		[]		not_detected	1
1corintios	confirmed	unresolved	candidate	13	V-PAS-1S	ἔχω	V- 1PAS-S--	ἔχω	03	subordination_marker_scan_only	unresolved	04	el	1corintios-13-2-P01	696		S	1	finite_verb_morphology	explicit_or_morphological	finite_verb_morphology	confirmed		"[{""form"": ""ἐὰν"", ""key"": ""εαν"", ""token"": ""02""}]"	explicit_marker_after_previous_finite_before_current_finite	candidate	2
1corintios	confirmed	candidate	candidate	13	V-XAS-1S	οἶδα	V- 1XAS-S--	εἰδῶ	06	subordination_marker_scan_only	candidate	08	y	1corintios-13-2-P02	697		S	1	finite_verb_morphology	explicit_or_morphological	finite_verb_morphology	confirmed		[]		not_detected	2
1corintios	confirmed	candidate	candidate	13	V-PAS-1S	ἔχω	V- 1PAS-S--	ἔχω	16	subordination_marker_scan_only	candidate	19	toda	1corintios-13-2-P03	698		S	1	finite_verb_morphology	explicit_or_morphological	finite_verb_morphology	confirmed		[]		not_detected	2
1corintios	confirmed	unresolved	candidate	13	V-PAS-1S	ἔχω	V- 1PAS-S--	ἔχω	26	subordination_marker_scan_only	unresolved	30	nada	1corintios-13-2-P04	699		S	1	finite_verb_morphology	explicit_or_morphological	finite_verb_morphology	confirmed		"[{""form"": ""ὥστε"", ""key"": ""ωστε"", ""token"": ""20""}]"	explicit_marker_after_previous_finite_before_current_finite	candidate	2
1corintios	confirmed	candidate	candidate	13	V-PAI-1S	εἰμί	V- 1PAI-S--	εἰμι	28	subordination_marker_scan_only	candidate	-	-	1corintios-13-2-P05	700		S	1	finite_verb_morphology	explicit_or_morphological	finite_verb_morphology	confirmed		[]		not_detected	2
1corintios	confirmed	candidate	candidate	13	V-PAI-3S	μακροθυμέω	V- 3PAI-S--	μακροθυμεῖ	03	subordination_marker_scan_only	candidate	03	es	1corintios-13-4-P01	701	1corintios-13-2-P05	S	1	inheritance_allowed	inherited	nearest_agreeing_nominative_no_visible_boundary	candidate	02	[]		not_detected	4
1corintios	confirmed	candidate	candidate	13	V-PMI-3S	χρηστεύομαι	V- 3PMI-S--	χρηστεύεται	04	subordination_marker_scan_only	candidate	04	paciente	1corintios-13-4-P02	702		S	3	finite_verb_morphology	explicit_or_morphological	finite_verb_morphology	confirmed		[]		not_detected	4
1corintios	confirmed	candidate	candidate	13	V-PAI-3S	ζηλόω	V- 3PAI-S--	ζηλοῖ	08	subordination_marker_scan_only	candidate	08	amor	1corintios-13-4-P03	703	1corintios-13-4-P02	S	3	inheritance_allowed	inherited	nearest_agreeing_nominative_no_visible_boundary	candidate	06	[]		not_detected	4
1corintios	confirmed	candidate	candidate	13	V-PMI-3S	περπερεύομαι	V- 3PMI-S--	περπερεύεται	12	subordination_marker_scan_only	candidate	14,15,16	no es jactancioso	1corintios-13-4-P04	704	1corintios-13-4-P03	S	3	inheritance_allowed	inherited	nearest_agreeing_nominative_no_visible_boundary	candidate	10	[]		not_detected	4
1corintios	confirmed	candidate	candidate	13	V-PPI-3S	φυσιόω	V- 3PPI-S--	φυσιοῦται	14	subordination_marker_scan_only	candidate	19	arrogante	1corintios-13-4-P05	705		S	3	finite_verb_morphology	explicit_or_morphological	finite_verb_morphology	confirmed		[]		not_detected	4
1corintios	confirmed	candidate	candidate	13	V-PAI-3S	ἀσχημονέω	V- 3PAI-S--	ἀσχημονεῖ	02	subordination_marker_scan_only	candidate	02	se	1corintios-13-5-P01	706		S	3	finite_verb_morphology	explicit_or_morphological	finite_verb_morphology	confirmed		[]		not_detected	5
1corintios	confirmed	candidate	candidate	13	V-PAI-3S	ζητέω	V- 3PAI-S--	ζητεῖ	04	subordination_marker_scan_only	candidate	04	indecorosamente	1corintios-13-5-P02	707		S	3	finite_verb_morphology	explicit_or_morphological	finite_verb_morphology	confirmed		[]		not_detected	5
1corintios	confirmed	candidate	candidate	13	V-PPI-3S	παροξύνομαι	V- 3PPI-S--	παροξύνεται	08	subordination_marker_scan_only	candidate	09,10,11	no se irrita	1corintios-13-5-P03	708		S	3	finite_verb_morphology	explicit_or_morphological	finite_verb_morphology	confirmed		[]		not_detected	5
1corintios	confirmed	candidate	candidate	13	V-PMI-3S	λογίζομαι	V- 3PMI-S--	λογίζεται	10	subordination_marker_scan_only	candidate	14,15	en cuenta	1corintios-13-5-P04	709		S	3	finite_verb_morphology	explicit_or_morphological	finite_verb_morphology	confirmed		[]		not_detected	5
1corintios	confirmed	candidate	candidate	13	V-PAI-3S	χαίρω	V- 3PAI-S--	χαίρει	02	subordination_marker_scan_only	candidate	02	amor	1corintios-13-6-P01	710		S	3	finite_verb_morphology	explicit_or_morphological	finite_verb_morphology	confirmed		[]		not_detected	6
1corintios	confirmed	candidate	candidate	13	V-PAI-3S	συγχαίρω	V- 3PAI-S--	συγχαίρει	06	subordination_marker_scan_only	candidate	09	sino	1corintios-13-6-P02	711		S	3	finite_verb_morphology	explicit_or_morphological	finite_verb_morphology	confirmed		[]		not_detected	6
1corintios	confirmed	candidate	candidate	13	V-PAI-3S	στέγω	V- 3PAI-S--	στέγει	02	subordination_marker_scan_only	candidate	03	sufre	1corintios-13-7-P01	712		S	3	finite_verb_morphology	explicit_or_morphological	finite_verb_morphology	confirmed		[]		not_detected	7
1corintios	confirmed	candidate	candidate	13	V-PAI-3S	πιστεύω	V- 3PAI-S--	πιστεύει	04	subordination_marker_scan_only	candidate	06	cree	1corintios-13-7-P02	713		S	3	finite_verb_morphology	explicit_or_morphological	finite_verb_morphology	confirmed		[]		not_detected	7
1corintios	confirmed	candidate	candidate	13	V-PAI-3S	ἐλπίζω	V- 3PAI-S--	ἐλπίζει	06	subordination_marker_scan_only	candidate	09	espera	1corintios-13-7-P03	714		S	3	finite_verb_morphology	explicit_or_morphological	finite_verb_morphology	confirmed		[]		not_detected	7
1corintios	confirmed	candidate	candidate	13	V-PAI-3S	ὑπομένω	V- 3PAI-S--	ὑπομένει	08	subordination_marker_scan_only	candidate	12	soporta	1corintios-13-7-P04	715		S	3	finite_verb_morphology	explicit_or_morphological	finite_verb_morphology	confirmed		[]		not_detected	7
1corintios	confirmed	candidate	candidate	13	V-PAI-3S	πίπτω	V- 3PAI-S--	πίπτει	04	subordination_marker_scan_only	candidate	04	deja	1corintios-13-8-P01	716	1corintios-13-7-P04	S	3	inheritance_allowed	inherited	nearest_agreeing_nominative_no_visible_boundary	candidate	02	[]		not_detected	8
1corintios	confirmed	candidate	candidate	13	V-FPI-3P	καταργέω	V- 3FPI-P--	καταργηθήσονται	08	subordination_marker_scan_only	candidate	13,14	se acabarán	1corintios-13-8-P02	717	1corintios-13-8-P01	S	3	inheritance_allowed	inherited	nearest_agreeing_nominative_no_visible_boundary	candidate	07	[]		not_detected	8
1corintios	confirmed	candidate	candidate	13	V-FMI-3P	παύω	V- 3FMI-P--	παύσονται	11	subordination_marker_scan_only	candidate	18	cesarán	1corintios-13-8-P03	718	1corintios-13-8-P02	S	3	inheritance_allowed	inherited	nearest_agreeing_nominative_no_visible_boundary	candidate	10	[]		not_detected	8
1corintios	confirmed	candidate	candidate	13	V-FPI-3S	καταργέω	V- 3FPI-S--	καταργηθήσεται	14	subordination_marker_scan_only	candidate	22,23	se acabará	1corintios-13-8-P04	719	1corintios-13-8-P03	S	3	inheritance_allowed	inherited	nearest_agreeing_nominative_no_visible_boundary	candidate	13	[]		not_detected	8
1corintios	confirmed	candidate	candidate	13	V-PAI-1P	γινώσκω	V- 1PAI-P--	γινώσκομεν	04	subordination_marker_scan_only	candidate	04	conocemos	1corintios-13-9-P01	720		P	1	finite_verb_morphology	explicit_or_morphological	finite_verb_morphology	confirmed		[]		not_detected	9
1corintios	confirmed	candidate	candidate	13	V-PAI-1P	προφητεύω	V- 1PAI-P--	προφητεύομεν	08	subordination_marker_scan_only	candidate	-	-	1corintios-13-9-P02	721		P	1	finite_verb_morphology	explicit_or_morphological	finite_verb_morphology	confirmed		[]		not_detected	9
1corintios	confirmed	unresolved	candidate	13	V-AAS-3S	ἔρχομαι	V- 3AAS-S--	ἔλθῃ	03	subordination_marker_scan_only	unresolved	04	lo	1corintios-13-10-P01	722		S	3	finite_verb_morphology	explicit_or_morphological	finite_verb_morphology	confirmed		"[{""form"": ""ὅταν"", ""key"": ""οταν"", ""token"": ""01""}]"	explicit_marker_after_previous_finite_before_current_finite	candidate	10
1corintios	confirmed	candidate	candidate	13	V-FPI-3S	καταργέω	V- 3FPI-S--	καταργηθήσεται	09	subordination_marker_scan_only	candidate	-	-	1corintios-13-10-P02	723	1corintios-13-9-P02	P	1	inheritance_allowed	inherited	nearest_agreeing_nominative_no_visible_boundary	candidate	06	[]		not_detected	10
1corintios	confirmed	unresolved	candidate	13	V-IMI-1S	εἰμί	V- 1IMI-S--	ἤμην	02	subordination_marker_scan_only	unresolved	02	yo	1corintios-13-11-P01	724		S	1	finite_verb_morphology	explicit_or_morphological	finite_verb_morphology	confirmed		"[{""form"": ""ὅτε"", ""key"": ""οτε"", ""token"": ""01""}]"	explicit_marker_after_previous_finite_before_current_finite	candidate	11
1corintios	confirmed	candidate	candidate	13	V-IAI-1S	λαλέω	V- 1IAI-S--	ἐλάλουν	04	subordination_marker_scan_only	candidate	04	niño	1corintios-13-11-P02	725		S	1	finite_verb_morphology	explicit_or_morphological	finite_verb_morphology	confirmed		[]		not_detected	11
1corintios	confirmed	unresolved	candidate	13	V-IAI-1S	φρονέω	V- 1IAI-S--	ἐφρόνουν	07	subordination_marker_scan_only	unresolved	07	niño	1corintios-13-11-P03	726		S	1	finite_verb_morphology	explicit_or_morphological	finite_verb_morphology	confirmed		"[{""form"": ""ὡς"", ""key"": ""ως"", ""token"": ""05""}]"	explicit_marker_after_previous_finite_before_current_finite	candidate	11
1corintios	confirmed	unresolved	candidate	13	V-IMI-1S	λογίζομαι	V- 1IMI-S--	ἐλογιζόμην	10	subordination_marker_scan_only	unresolved	10	niño	1corintios-13-11-P04	727		S	1	finite_verb_morphology	explicit_or_morphological	finite_verb_morphology	confirmed		"[{""form"": ""ὡς"", ""key"": ""ως"", ""token"": ""08""}]"	explicit_marker_after_previous_finite_before_current_finite	candidate	11
1corintios	confirmed	unresolved	candidate	13	V-XAI-1S	γίνομαι	V- 1XAI-S--	γέγονα	14	subordination_marker_scan_only	unresolved	16,17,18	llegué a ser	1corintios-13-11-P05	728		S	1	finite_verb_morphology	explicit_or_morphological	finite_verb_morphology	confirmed		"[{""form"": ""ὡς"", ""key"": ""ως"", ""token"": ""11""}, {""form"": ""ὅτε"", ""key"": ""οτε"", ""token"": ""13""}]"	explicit_marker_after_previous_finite_before_current_finite	candidate	11
1corintios	confirmed	candidate	candidate	13	V-XAI-1S	καταργέω	V- 1XAI-S--	κατήργηκα	16	subordination_marker_scan_only	candidate	20	dejé	1corintios-13-11-P06	729		S	1	finite_verb_morphology	explicit_or_morphological	finite_verb_morphology	confirmed		[]		not_detected	11
1corintios	confirmed	candidate	candidate	13	V-PAI-1P	βλέπω	V- 1PAI-P--	βλέπομεν	01	subordination_marker_scan_only	candidate	01	porque	1corintios-13-12-P01	730		P	1	finite_verb_morphology	explicit_or_morphological	finite_verb_morphology	confirmed		[]		not_detected	12
1corintios	confirmed	candidate	candidate	13	V-PAI-1S	γινώσκω	V- 1PAI-S--	γινώσκω	14	subordination_marker_scan_only	candidate	17	parte	1corintios-13-12-P02	731		S	1	finite_verb_morphology	explicit_or_morphological	finite_verb_morphology	confirmed		[]		not_detected	12
1corintios	confirmed	candidate	candidate	13	V-FMI-1S	ἐπιγινώσκω	V- 1FMI-S--	ἐπιγνώσομαι	19	subordination_marker_scan_only	candidate	23	he	1corintios-13-12-P03	732		S	1	finite_verb_morphology	explicit_or_morphological	finite_verb_morphology	confirmed		[]		not_detected	12
1corintios	confirmed	unresolved	candidate	13	V-API-1S	ἐπιγινώσκω	V- 1API-S--	ἐπεγνώσθην	22	subordination_marker_scan_only	unresolved	-	-	1corintios-13-12-P04	733		S	1	finite_verb_morphology	explicit_or_morphological	finite_verb_morphology	confirmed		"[{""form"": ""καθὼς"", ""key"": ""καθως"", ""token"": ""20""}]"	explicit_marker_after_previous_finite_before_current_finite	candidate	12
1corintios	confirmed	candidate	candidate	13	V-PAI-3S	μένω	V- 3PAI-S--	μένει	03	subordination_marker_scan_only	candidate	04	la	1corintios-13-13-P01	734		S	3	finite_verb_morphology	explicit_or_morphological	finite_verb_morphology	confirmed		[]		not_detected	13
1corintios	confirmed	candidate	candidate	14	V-PAD-2P	διώκω	V- 2PAD-P--	διώκετε	01	subordination_marker_scan_only	candidate	01	procuren	1corintios-14-1-P01	735		P	2	finite_verb_morphology	explicit_or_morphological	finite_verb_morphology	confirmed		[]		not_detected	1
1corintios	confirmed	candidate	candidate	14	V-PAD-2P	ζηλόω	V- 2PAD-P--	ζηλοῦτε	04	subordination_marker_scan_only	candidate	04	amor	1corintios-14-1-P02	736		P	2	finite_verb_morphology	explicit_or_morphological	finite_verb_morphology	confirmed		[]		not_detected	1
1corintios	confirmed	unresolved	candidate	14	V-PAS-2P	προφητεύω	V- 2PAS-P--	προφητεύητε	11	subordination_marker_scan_only	unresolved	-	-	1corintios-14-1-P03	737		P	2	finite_verb_morphology	explicit_or_morphological	finite_verb_morphology	confirmed		"[{""form"": ""ἵνα"", ""key"": ""ινα"", ""token"": ""10""}]"	explicit_marker_after_previous_finite_before_current_finite	candidate	1
1corintios	confirmed	candidate	candidate	14	V-PAI-3S	λαλέω	V- 3PAI-S--	λαλεῖ	07	subordination_marker_scan_only	candidate	08,09	habla a	1corintios-14-2-P01	738		S	3	finite_verb_morphology	explicit_or_morphological	finite_verb_morphology	confirmed		[]		not_detected	2
1corintios	confirmed	candidate	candidate	14	V-PAI-3S	ἀκούω	V- 3PAI-S--	ἀκούει	12	subordination_marker_scan_only	candidate	17,18	lo entiende	1corintios-14-2-P02	739		S	3	finite_verb_morphology	explicit_or_morphological	finite_verb_morphology	confirmed		[]		not_detected	2
1corintios	confirmed	candidate	candidate	14	V-PAI-3S	λαλέω	V- 3PAI-S--	λαλεῖ	15	subordination_marker_scan_only	candidate	24	habla	1corintios-14-2-P03	740		S	3	finite_verb_morphology	explicit_or_morphological	finite_verb_morphology	confirmed		[]		not_detected	2
1corintios	confirmed	candidate	candidate	14	V-PAI-3S	λαλέω	V- 3PAI-S--	λαλεῖ	05	subordination_marker_scan_only	candidate	06	a	1corintios-14-3-P01	741		S	3	finite_verb_morphology	explicit_or_morphological	finite_verb_morphology	confirmed		[]		not_detected	3
1corintios	confirmed	candidate	candidate	14	V-PAI-3S	οἰκοδομέω	V- 3PAI-S--	οἰκοδομεῖ	05	subordination_marker_scan_only	candidate	09,10	se edifica	1corintios-14-4-P01	742	1corintios-14-3-P01	S	3	inheritance_allowed	inherited	nearest_agreeing_nominative_no_visible_boundary	candidate	01	[]		not_detected	4
1corintios	confirmed	candidate	candidate	14	V-PAI-3S	οἰκοδομέω	V- 3PAI-S--	οἰκοδομεῖ	10	subordination_marker_scan_only	candidate	15,16	edifica a	1corintios-14-4-P02	743		S	3	finite_verb_morphology	explicit_or_morphological	finite_verb_morphology	confirmed		[]		not_detected	4
1corintios	confirmed	candidate	candidate	14	V-PAI-1S	θέλω	V- 1PAI-S--	θέλω	01	subordination_marker_scan_only	candidate	01,02	yo quisiera	1corintios-14-5-P01	744		S	1	finite_verb_morphology	explicit_or_morphological	finite_verb_morphology	confirmed		[]		not_detected	5
1corintios	confirmed	unresolved	candidate	14	V-PAS-2P	προφητεύω	V- 2PAS-P--	προφητεύητε	10	subordination_marker_scan_only	unresolved	16	profetiza	1corintios-14-5-P02	745		P	2	finite_verb_morphology	explicit_or_morphological	finite_verb_morphology	confirmed		"[{""form"": ""ἵνα"", ""key"": ""ινα"", ""token"": ""09""}]"	explicit_marker_after_previous_finite_before_current_finite	candidate	5
1corintios	confirmed	unresolved	candidate	14	V-PAS-3S	διερμηνεύω	V- 3PAS-S--	διερμηνεύῃ	22	subordination_marker_scan_only	unresolved	29	interprete	1corintios-14-5-P03	746	1corintios-14-5-P02	P	2	inheritance_allowed	inherited	nearest_agreeing_nominative_no_visible_boundary	candidate	16	"[{""form"": ""εἰ"", ""key"": ""ει"", ""token"": ""20""}]"	explicit_marker_after_previous_finite_before_current_finite	candidate	5
1corintios	confirmed	unresolved	candidate	14	V-AAS-3S	λαμβάνω	V- 3AAS-S--	λάβῃ	27	subordination_marker_scan_only	unresolved	-	-	1corintios-14-5-P04	747	1corintios-14-5-P03	P	2	inheritance_allowed	inherited	nearest_agreeing_nominative_no_visible_boundary	candidate	25	"[{""form"": ""ἵνα"", ""key"": ""ινα"", ""token"": ""23""}]"	explicit_marker_after_previous_finite_before_current_finite	candidate	5
1corintios	confirmed	unresolved	candidate	14	V-AAS-1S	ἔρχομαι	V- 1AAS-S--	ἔλθω	05	subordination_marker_scan_only	unresolved	05,06	yo voy	1corintios-14-6-P01	748		S	1	finite_verb_morphology	explicit_or_morphological	finite_verb_morphology	confirmed		"[{""form"": ""ἐὰν"", ""key"": ""εαν"", ""token"": ""04""}]"	explicit_marker_after_previous_finite_before_current_finite	candidate	6
1corintios	confirmed	candidate	candidate	14	V-FAI-1S	ὠφελέω	V- 1FAI-S--	ὠφελήσω	12	subordination_marker_scan_only	candidate	12,14,16,17	de provecho seré a	1corintios-14-6-P02	749		S	1	finite_verb_morphology	explicit_or_morphological	finite_verb_morphology	confirmed		[]		not_detected	6
1corintios	confirmed	unresolved	candidate	14	V-AAS-1S	λαλέω	V- 1AAS-S--	λαλήσω	16	subordination_marker_scan_only	unresolved	22	hable	1corintios-14-6-P03	750		S	1	finite_verb_morphology	explicit_or_morphological	finite_verb_morphology	confirmed		"[{""form"": ""ἐὰν"", ""key"": ""εαν"", ""token"": ""13""}]"	explicit_marker_after_previous_finite_before_current_finite	candidate	6
1corintios	confirmed	unresolved	candidate	14	V-AAS-3S	δίδωμι	V- 3AAS-S--	δῷ	15	subordination_marker_scan_only	unresolved	17	dan	1corintios-14-7-P01	751	1corintios-14-6-P03	S	1	inheritance_allowed	inherited	nearest_agreeing_nominative_no_visible_boundary	candidate	09	"[{""form"": ""ἐὰν"", ""key"": ""εαν"", ""token"": ""10""}]"	explicit_marker_after_previous_finite_before_current_finite	candidate	7
1corintios	confirmed	candidate	candidate	14	V-FPI-3S	γινώσκω	V- 3FPI-S--	γνωσθήσεται	17	subordination_marker_scan_only	candidate	23,24	se sabrá	1corintios-14-7-P02	752		S	3	finite_verb_morphology	explicit_or_morphological	finite_verb_morphology	confirmed		[]		not_detected	7
1corintios	confirmed	unresolved	candidate	14	V-AAS-3S	δίδωμι	V- 3AAS-S--	δῷ	07	subordination_marker_scan_only	unresolved	08	incierto	1corintios-14-8-P01	753	1corintios-14-7-P01	S	1	inheritance_allowed	inherited	nearest_agreeing_nominative_no_visible_boundary	candidate	06	"[{""form"": ""ἐὰν"", ""key"": ""εαν"", ""token"": ""03""}]"	explicit_marker_after_previous_finite_before_current_finite	candidate	8
1corintios	confirmed	candidate	candidate	14	V-FMI-3S	παρασκευάζω	V- 3FMI-S--	παρασκευάσεται	09	subordination_marker_scan_only	candidate	10	se	1corintios-14-8-P02	754	1corintios-14-7-P02	S	3	inheritance_allowed	inherited	nearest_agreeing_nominative_no_visible_boundary	candidate	08	[]		not_detected	8
1corintios	confirmed	unresolved	candidate	14	V-AAS-2P	δίδωμι	V- 2AAS-P--	δῶτε	11	subordination_marker_scan_only	unresolved	14	cómo	1corintios-14-9-P01	755		P	2	finite_verb_morphology	explicit_or_morphological	finite_verb_morphology	confirmed		"[{""form"": ""ἐὰν"", ""key"": ""εαν"", ""token"": ""07""}]"	explicit_marker_after_previous_finite_before_current_finite	candidate	9
1corintios	confirmed	candidate	candidate	14	V-FPI-3S	γινώσκω	V- 3FPI-S--	γνωσθήσεται	13	subordination_marker_scan_only	candidate	16	sabrá	1corintios-14-9-P02	756		S	3	finite_verb_morphology	explicit_or_morphological	finite_verb_morphology	confirmed		[]		not_detected	9
1corintios	confirmed	candidate	candidate	14	V-FMI-2P	εἰμί	V- 2FMI-P--	ἔσεσθε	16	subordination_marker_scan_only	candidate	19	dicen	1corintios-14-9-P03	757		P	2	finite_verb_morphology	explicit_or_morphological	finite_verb_morphology	confirmed		[]		not_detected	9
1corintios	confirmed	unresolved	candidate	14	V-AAO-3S	τυγχάνω	V- 3AAO-S--	τύχοι	03	subordination_marker_scan_only	unresolved	03	muchas	1corintios-14-10-P01	758	1corintios-14-9-P01	P	2	inheritance_allowed	inherited	nearest_agreeing_nominative_no_visible_boundary	candidate	01	"[{""form"": ""εἰ"", ""key"": ""ει"", ""token"": ""02""}]"	explicit_marker_after_previous_finite_before_current_finite	candidate	10
1corintios	confirmed	candidate	candidate	14	V-PAI-3P	εἰμί	V- 3PAI-P--	εἰσιν	06	subordination_marker_scan_only	candidate	06	idiomas	1corintios-14-10-P02	759	1corintios-14-9-P03	P	2	inheritance_allowed	inherited	nearest_agreeing_nominative_no_visible_boundary	candidate	04	[]		not_detected	10
1corintios	confirmed	unresolved	candidate	14	V-XAS-1S	οἶδα	V- 1XAS-S--	εἰδῶ	04	subordination_marker_scan_only	unresolved	05	sé	1corintios-14-11-P01	760		S	1	finite_verb_morphology	explicit_or_morphological	finite_verb_morphology	confirmed		"[{""form"": ""ἐὰν"", ""key"": ""εαν"", ""token"": ""01""}]"	explicit_marker_after_previous_finite_before_current_finite	candidate	11
1corintios	confirmed	candidate	candidate	14	V-FMI-1S	εἰμί	V- 1FMI-S--	ἔσομαι	09	subordination_marker_scan_only	candidate	10,11	palabras seré	1corintios-14-11-P02	761		S	1	finite_verb_morphology	explicit_or_morphological	finite_verb_morphology	confirmed		[]		not_detected	11
1corintios	confirmed	unresolved	candidate	14	V-PAI-2P	εἰμί	V- 2PAI-P--	ἐστε	06	subordination_marker_scan_only	unresolved	07	dones	1corintios-14-12-P01	762		P	2	finite_verb_morphology	explicit_or_morphological	finite_verb_morphology	confirmed		"[{""form"": ""ἐπεὶ"", ""key"": ""επει"", ""token"": ""04""}]"	explicit_marker_after_previous_finite_before_current_finite	candidate	12
1corintios	confirmed	candidate	candidate	14	V-PAD-2P	ζητέω	V- 2PAD-P--	ζητεῖτε	13	subordination_marker_scan_only	candidate	14	la	1corintios-14-12-P02	763		P	2	finite_verb_morphology	explicit_or_morphological	finite_verb_morphology	confirmed		[]		not_detected	12
1corintios	confirmed	unresolved	candidate	14	V-PAS-2P	περισσεύω	V- 2PAS-P--	περισσεύητε	15	subordination_marker_scan_only	unresolved	-	-	1corintios-14-12-P03	764		P	2	finite_verb_morphology	explicit_or_morphological	finite_verb_morphology	confirmed		"[{""form"": ""ἵνα"", ""key"": ""ινα"", ""token"": ""14""}]"	explicit_marker_after_previous_finite_before_current_finite	candidate	12
1corintios	confirmed	candidate	candidate	14	V-PMD-3S	προσεύχομαι	V- 3PMD-S--	προσευχέσθω	05	subordination_marker_scan_only	candidate	08,09,10	pida en oración	1corintios-14-13-P01	765	1corintios-14-12-P02	P	2	inheritance_allowed	inherited	nearest_agreeing_nominative_no_visible_boundary	candidate	02	[]		not_detected	13
1corintios	confirmed	unresolved	candidate	14	V-PAS-3S	διερμηνεύω	V- 3PAS-S--	διερμηνεύῃ	07	subordination_marker_scan_only	unresolved	13,14	pueda interpretar	1corintios-14-13-P02	766		S	3	finite_verb_morphology	explicit_or_morphological	finite_verb_morphology	confirmed		"[{""form"": ""ἵνα"", ""key"": ""ινα"", ""token"": ""06""}]"	explicit_marker_after_previous_finite_before_current_finite	candidate	13
1corintios	confirmed	unresolved	candidate	14	V-PMS-1S	προσεύχομαι	V- 1PMS-S--	προσεύχωμαι	03	subordination_marker_scan_only	unresolved	03	yo	1corintios-14-14-P01	767		S	1	finite_verb_morphology	explicit_or_morphological	finite_verb_morphology	confirmed		"[{""form"": ""ἐὰν"", ""key"": ""εαν"", ""token"": ""01""}]"	explicit_marker_after_previous_finite_before_current_finite	candidate	14
1corintios	confirmed	candidate	candidate	14	V-PMI-3S	προσεύχομαι	V- 3PMI-S--	προσεύχεται	08	subordination_marker_scan_only	candidate	08	espíritu	1corintios-14-14-P02	768	1corintios-14-13-P01	P	2	inheritance_allowed	inherited	nearest_agreeing_nominative_no_visible_boundary	candidate	06	[]		not_detected	14
1corintios	confirmed	candidate	candidate	14	V-PAI-3S	εἰμί	V- 3PAI-S--	ἐστιν	14	subordination_marker_scan_only	candidate	15	fruto	1corintios-14-14-P03	769	1corintios-14-14-P02	P	2	inheritance_allowed	inherited	nearest_agreeing_nominative_no_visible_boundary	candidate	13	[]		not_detected	14
1corintios	confirmed	candidate	candidate	14	V-PAI-3S	εἰμί	V- 3PAI-S--	ἐστιν	03	subordination_marker_scan_only	candidate	03	oraré	1corintios-14-15-P01	770		S	3	finite_verb_morphology	explicit_or_morphological	finite_verb_morphology	confirmed		[]		not_detected	15
1corintios	confirmed	candidate	candidate	14	V-FMI-1S	προσεύχομαι	V- 1FMI-S--	προσεύξομαι	04	subordination_marker_scan_only	candidate	04	con	1corintios-14-15-P02	771		S	1	finite_verb_morphology	explicit_or_morphological	finite_verb_morphology	confirmed		[]		not_detected	15
1corintios	confirmed	candidate	candidate	14	V-FMI-1S	προσεύχομαι	V- 1FMI-S--	προσεύξομαι	07	subordination_marker_scan_only	candidate	07	pero	1corintios-14-15-P03	772		S	1	finite_verb_morphology	explicit_or_morphological	finite_verb_morphology	confirmed		[]		not_detected	15
1corintios	confirmed	candidate	candidate	14	V-FAI-1S	ψάλλω	V- 1FAI-S--	ψαλῶ	12	subordination_marker_scan_only	candidate	14	con	1corintios-14-15-P04	773		S	1	finite_verb_morphology	explicit_or_morphological	finite_verb_morphology	confirmed		[]		not_detected	15
1corintios	confirmed	candidate	candidate	14	V-FAI-1S	ψάλλω	V- 1FAI-S--	ψαλῶ	15	subordination_marker_scan_only	candidate	17	pero	1corintios-14-15-P05	774		S	1	finite_verb_morphology	explicit_or_morphological	finite_verb_morphology	confirmed		[]		not_detected	15
1corintios	confirmed	unresolved	candidate	14	V-PAS-2S	εὐλογέω	V- 2PAS-S--	εὐλογῇς	03	subordination_marker_scan_only	unresolved	05	bendices	1corintios-14-16-P01	775		S	2	finite_verb_morphology	explicit_or_morphological	finite_verb_morphology	confirmed		"[{""form"": ""ἐπεὶ"", ""key"": ""επει"", ""token"": ""01""}, {""form"": ""ἐὰν"", ""key"": ""εαν"", ""token"": ""02""}]"	explicit_marker_after_previous_finite_before_current_finite	candidate	16
1corintios	confirmed	candidate	candidate	14	V-FAI-3S	λέγω	V- 3FAI-S--	ἐρεῖ	12	subordination_marker_scan_only	candidate	11	dirá	1corintios-14-16-P02	776		S	3	finite_verb_morphology	explicit_or_morphological	finite_verb_morphology	confirmed		[]		not_detected	16
1corintios	confirmed	unresolved	candidate	14	V-PAI-2S	λέγω	V- 2PAI-S--	λέγεις	21	subordination_marker_scan_only	unresolved	36	dices	1corintios-14-16-P03	777		S	2	finite_verb_morphology	explicit_or_morphological	finite_verb_morphology	confirmed		"[{""form"": ""ἐπειδὴ"", ""key"": ""επειδη"", ""token"": ""19""}]"	explicit_marker_after_previous_finite_before_current_finite	candidate	16
1corintios	confirmed	candidate	candidate	14	V-XAI-3S	οἶδα	V- 3XAI-S--	οἶδεν	23	subordination_marker_scan_only	candidate	33	sabe	1corintios-14-16-P04	778		S	3	finite_verb_morphology	explicit_or_morphological	finite_verb_morphology	confirmed		[]		not_detected	16
1corintios	confirmed	candidate	candidate	14	V-PAI-2S	εὐχαριστέω	V- 2PAI-S--	εὐχαριστεῖς	05	subordination_marker_scan_only	candidate	05	gracias	1corintios-14-17-P01	779		S	2	finite_verb_morphology	explicit_or_morphological	finite_verb_morphology	confirmed		[]		not_detected	17
1corintios	confirmed	candidate	candidate	14	V-PPI-3S	οἰκοδομέω	V- 3PPI-S--	οἰκοδομεῖται	10	subordination_marker_scan_only	candidate	11	edificado	1corintios-14-17-P02	780	1corintios-14-17-P01	S	2	inheritance_allowed	inherited	nearest_agreeing_nominative_no_visible_boundary	candidate	08	[]		not_detected	17
1corintios	confirmed	candidate	candidate	14	V-PAI-1S	εὐχαριστέω	V- 1PAI-S--	εὐχαριστῶ	01	subordination_marker_scan_only	candidate	01,02	doy gracias	1corintios-14-18-P01	781		S	1	finite_verb_morphology	explicit_or_morphological	finite_verb_morphology	confirmed		[]		not_detected	18
1corintios	confirmed	candidate	candidate	14	V-PAI-1S	λαλέω	V- 1PAI-S--	λαλῶ	08	subordination_marker_scan_only	candidate	05,06,07,08,09,10,11,12	porque hablo en lenguas más que todos ustedes	1corintios-14-18-P02	782		S	1	finite_verb_morphology	explicit_or_morphological	finite_verb_morphology	confirmed		[]		not_detected	18
1corintios	confirmed	candidate	candidate	14	V-PAI-1S	θέλω	V- 1PAI-S--	θέλω	04	subordination_marker_scan_only	candidate	07,08	hablar cinco	1corintios-14-19-P01	783		S	1	finite_verb_morphology	explicit_or_morphological	finite_verb_morphology	confirmed		[]		not_detected	19
1corintios	confirmed	unresolved	candidate	14	V-AAS-1S	κατηχέω	V- 1AAS-S--	κατηχήσω	14	subordination_marker_scan_only	unresolved	22	palabras	1corintios-14-19-P02	784		S	1	finite_verb_morphology	explicit_or_morphological	finite_verb_morphology	confirmed		"[{""form"": ""ἵνα"", ""key"": ""ινα"", ""token"": ""11""}]"	explicit_marker_after_previous_finite_before_current_finite	candidate	19
1corintios	confirmed	candidate	candidate	14	V-PMD-2P	γίνομαι	V- 2PMD-P--	γίνεσθε	04	subordination_marker_scan_only	candidate	04	niños	1corintios-14-20-P01	785		P	2	finite_verb_morphology	explicit_or_morphological	finite_verb_morphology	confirmed		[]		not_detected	20
1corintios	confirmed	candidate	candidate	14	V-PAD-2P	νηπιάζω	V- 2PAD-P--	νηπιάζετε	10	subordination_marker_scan_only	candidate	12,13	sean niños	1corintios-14-20-P02	786		P	2	finite_verb_morphology	explicit_or_morphological	finite_verb_morphology	confirmed		[]		not_detected	20
1corintios	confirmed	candidate	candidate	14	V-PMD-2P	γίνομαι	V- 2PMD-P--	γίνεσθε	15	subordination_marker_scan_only	candidate	23	sean	1corintios-14-20-P03	787		P	2	finite_verb_morphology	explicit_or_morphological	finite_verb_morphology	confirmed		[]		not_detected	20
1corintios	confirmed	candidate	candidate	14	V-XPI-3S	γράφω	V- 3XPI-S--	γέγραπται	04	subordination_marker_scan_only	candidate	06	por	1corintios-14-21-P01	788		S	3	finite_verb_morphology	explicit_or_morphological	finite_verb_morphology	confirmed		[]		not_detected	21
1corintios	confirmed	unresolved	candidate	14	V-FAI-1S	λαλέω	V- 1FAI-S--	λαλήσω	12	subordination_marker_scan_only	unresolved	19	pueblo	1corintios-14-21-P02	789		S	1	finite_verb_morphology	explicit_or_morphological	finite_verb_morphology	confirmed		"[{""form"": ""ὅτι"", ""key"": ""οτι"", ""token"": ""05""}]"	explicit_marker_after_previous_finite_before_current_finite	candidate	21
1corintios	confirmed	candidate	candidate	14	V-FMI-3P	εἰσακούω	V- 3FMI-P--	εἰσακούσονταί	19	subordination_marker_scan_only	candidate	27	el	1corintios-14-21-P03	790		P	3	finite_verb_morphology	explicit_or_morphological	finite_verb_morphology	confirmed		[]		not_detected	21
1corintios	confirmed	candidate	candidate	14	V-PAI-3S	λέγω	V- 3PAI-S--	λέγει	21	subordination_marker_scan_only	candidate	-	-	1corintios-14-21-P04	791		S	3	finite_verb_morphology	explicit_or_morphological	finite_verb_morphology	confirmed		[]		not_detected	21
1corintios	confirmed	unresolved	candidate	14	V-PAI-3P	εἰμί	V- 3PAI-P--	εἰσιν	06	subordination_marker_scan_only	unresolved	06	una	1corintios-14-22-P01	792	1corintios-14-21-P02	S	1	inheritance_allowed	inherited	nearest_agreeing_nominative_no_visible_boundary	candidate	03	"[{""form"": ""ὥστε"", ""key"": ""ωστε"", ""token"": ""01""}]"	explicit_marker_after_previous_finite_before_current_finite	candidate	22
1corintios	confirmed	unresolved	candidate	14	V-AAS-3S	συνέρχομαι	V- 3AAS-S--	συνέλθῃ	03	subordination_marker_scan_only	unresolved	03	si	1corintios-14-23-P01	793		S	3	finite_verb_morphology	explicit_or_morphological	finite_verb_morphology	confirmed		"[{""form"": ""ἐὰν"", ""key"": ""εαν"", ""token"": ""01""}]"	explicit_marker_after_previous_finite_before_current_finite	candidate	23
1corintios	confirmed	candidate	candidate	14	V-PAS-3P	λαλέω	V- 3PAS-P--	λαλῶσιν	12	subordination_marker_scan_only	candidate	15	entran	1corintios-14-23-P02	794	1corintios-14-21-P04	S	3	inheritance_allowed	inherited	nearest_agreeing_nominative_no_visible_boundary	candidate	11	[]		not_detected	23
1corintios	confirmed	candidate	candidate	14	V-AAS-3P	εἰσέρχομαι	V- 3AAS-P--	εἰσέλθωσιν	14	subordination_marker_scan_only	candidate	17	sin	1corintios-14-23-P03	795		P	3	finite_verb_morphology	explicit_or_morphological	finite_verb_morphology	confirmed		[]		not_detected	23
1corintios	confirmed	candidate	candidate	14	V-FAI-3P	λέγω	V- 3FAI-P--	ἐροῦσιν	20	subordination_marker_scan_only	candidate	25	dirán	1corintios-14-23-P04	796	1corintios-14-23-P03	P	3	inheritance_allowed	inherited	nearest_agreeing_nominative_no_visible_boundary	candidate	18	[]		not_detected	23
1corintios	confirmed	unresolved	candidate	14	V-PMI-2P	μαίνομαι	V- 2PMI-P--	μαίνεσθε	22	subordination_marker_scan_only	unresolved	27,28,29	ustedes están locos	1corintios-14-23-P05	797		P	2	finite_verb_morphology	explicit_or_morphological	finite_verb_morphology	confirmed		"[{""form"": ""ὅτι"", ""key"": ""οτι"", ""token"": ""21""}]"	explicit_marker_after_previous_finite_before_current_finite	candidate	23
1corintios	confirmed	unresolved	candidate	14	V-PAS-3P	προφητεύω	V- 3PAS-P--	προφητεύωσιν	04	subordination_marker_scan_only	unresolved	04	profetizan	1corintios-14-24-P01	798	1corintios-14-23-P05	P	2	inheritance_allowed	inherited	nearest_agreeing_nominative_no_visible_boundary	candidate	03	"[{""form"": ""ἐὰν"", ""key"": ""εαν"", ""token"": ""01""}]"	explicit_marker_after_previous_finite_before_current_finite	candidate	24
1corintios	confirmed	candidate	candidate	14	V-AAS-3S	εἰσέρχομαι	V- 3AAS-S--	εἰσέλθῃ	05	subordination_marker_scan_only	candidate	05	y	1corintios-14-24-P02	799		S	3	finite_verb_morphology	explicit_or_morphological	finite_verb_morphology	confirmed		[]		not_detected	24
1corintios	confirmed	candidate	candidate	14	V-PPI-3S	ἐλέγχω	V- 3PPI-S--	ἐλέγχεται	11	subordination_marker_scan_only	candidate	16,17	será convencido	1corintios-14-24-P03	800	1corintios-14-24-P02	S	3	inheritance_allowed	inherited	nearest_agreeing_nominative_no_visible_boundary	candidate	10	[]		not_detected	24
1corintios	confirmed	candidate	candidate	14	V-PPI-3S	ἀνακρίνω	V- 3PPI-S--	ἀνακρίνεται	14	subordination_marker_scan_only	candidate	20,21	será juzgado	1corintios-14-24-P04	801		S	3	finite_verb_morphology	explicit_or_morphological	finite_verb_morphology	confirmed		[]		not_detected	24
1corintios	confirmed	candidate	candidate	14	V-PMI-3S	γίνομαι	V- 3PMI-S--	γίνεται	07	subordination_marker_scan_only	candidate	07	al	1corintios-14-25-P01	802	1corintios-14-24-P04	S	3	inheritance_allowed	inherited	nearest_agreeing_nominative_no_visible_boundary	candidate	06	[]		not_detected	25
1corintios	confirmed	candidate	candidate	14	V-FAI-3S	προσκυνέω	V- 3FAI-S--	προσκυνήσει	13	subordination_marker_scan_only	candidate	16	dios	1corintios-14-25-P02	803		S	3	finite_verb_morphology	explicit_or_morphological	finite_verb_morphology	confirmed		[]		not_detected	25
1corintios	confirmed	unresolved	candidate	14	V-PAI-3S	εἰμί	V- 3PAI-S--	ἐστιν	23	subordination_marker_scan_only	unresolved	-	-	1corintios-14-25-P03	804				no_valid_inheritance	unresolved	nearest_agreeing_nominative_no_visible_boundary	candidate	20	"[{""form"": ""ὅτι"", ""key"": ""οτι"", ""token"": ""17""}]"	explicit_marker_after_previous_finite_before_current_finite	candidate	25
1corintios	confirmed	candidate	candidate	14	V-PAI-3S	εἰμί	V- 3PAI-S--	ἐστιν	03	subordination_marker_scan_only	candidate	03,04	que hacer	1corintios-14-26-P01	805		S	3	finite_verb_morphology	explicit_or_morphological	finite_verb_morphology	confirmed		[]		not_detected	26
1corintios	confirmed	unresolved	candidate	14	V-PMS-2P	συνέρχομαι	V- 2PMS-P--	συνέρχησθε	06	subordination_marker_scan_only	unresolved	07,08,09	cuando se reúnan	1corintios-14-26-P02	806		P	2	finite_verb_morphology	explicit_or_morphological	finite_verb_morphology	confirmed		"[{""form"": ""ὅταν"", ""key"": ""οταν"", ""token"": ""05""}]"	explicit_marker_after_previous_finite_before_current_finite	candidate	26
1corintios	confirmed	candidate	candidate	14	V-PAI-3S	ἔχω	V- 3PAI-S--	ἔχει	09	subordination_marker_scan_only	candidate	12	aporte	1corintios-14-26-P03	807	1corintios-14-26-P01	S	3	inheritance_allowed	inherited	nearest_agreeing_nominative_no_visible_boundary	candidate	07	[]		not_detected	26
1corintios	confirmed	candidate	candidate	14	V-PAI-3S	ἔχω	V- 3PAI-S--	ἔχει	11	subordination_marker_scan_only	candidate	12	aporte	1corintios-14-26-P04	808		S	3	finite_verb_morphology	explicit_or_morphological	finite_verb_morphology	confirmed		[]		not_detected	26
1corintios	confirmed	candidate	candidate	14	V-PAI-3S	ἔχω	V- 3PAI-S--	ἔχει	13	subordination_marker_scan_only	candidate	12	aporte	1corintios-14-26-P05	809		S	3	finite_verb_morphology	explicit_or_morphological	finite_verb_morphology	confirmed		[]		not_detected	26
1corintios	confirmed	candidate	candidate	14	V-PAI-3S	ἔχω	V- 3PAI-S--	ἔχει	15	subordination_marker_scan_only	candidate	12	aporte	1corintios-14-26-P06	810		S	3	finite_verb_morphology	explicit_or_morphological	finite_verb_morphology	confirmed		[]		not_detected	26
1corintios	confirmed	candidate	candidate	14	V-PAI-3S	ἔχω	V- 3PAI-S--	ἔχει	17	subordination_marker_scan_only	candidate	12	aporte	1corintios-14-26-P07	811		S	3	finite_verb_morphology	explicit_or_morphological	finite_verb_morphology	confirmed		[]		not_detected	26
1corintios	confirmed	candidate	candidate	14	V-PMD-3S	γίνομαι	V- 3PMD-S--	γινέσθω	21	subordination_marker_scan_only	candidate	19,21,22	que se haga	1corintios-14-26-P08	812	1corintios-14-26-P07	S	3	inheritance_allowed	inherited	nearest_agreeing_nominative_no_visible_boundary	candidate	18	[]		not_detected	26
1corintios	confirmed	candidate	candidate	14	V-PAI-3S	λαλέω	V- 3PAI-S--	λαλεῖ	04	subordination_marker_scan_only	candidate	03	habla	1corintios-14-27-P01	813	1corintios-14-26-P08	S	3	inheritance_allowed	inherited	nearest_agreeing_nominative_no_visible_boundary	candidate	03	[]		not_detected	27
1corintios	confirmed	candidate	candidate	14	V-PAD-3S	διερμηνεύω	V- 3PAD-S--	διερμηνευέτω	16	subordination_marker_scan_only	candidate	20	interprete	1corintios-14-27-P02	814	1corintios-14-27-P01	S	3	inheritance_allowed	inherited	nearest_agreeing_nominative_no_visible_boundary	candidate	15	[]		not_detected	27
1corintios	confirmed	unresolved	candidate	14	V-PAS-3S	εἰμί	V- 3PAS-S--	ᾖ	04	subordination_marker_scan_only	unresolved	04	hay	1corintios-14-28-P01	815		S	3	finite_verb_morphology	explicit_or_morphological	finite_verb_morphology	confirmed		"[{""form"": ""ἐὰν"", ""key"": ""εαν"", ""token"": ""01""}]"	explicit_marker_after_previous_finite_before_current_finite	candidate	28
1corintios	confirmed	candidate	candidate	14	V-PAD-3S	σιγάω	V- 3PAD-S--	σιγάτω	06	subordination_marker_scan_only	candidate	06	que	1corintios-14-28-P02	816	1corintios-14-27-P02	S	3	inheritance_allowed	inherited	nearest_agreeing_nominative_no_visible_boundary	candidate	05	[]		not_detected	28
1corintios	confirmed	candidate	candidate	14	V-PAD-3S	λαλέω	V- 3PAD-S--	λαλείτω	11	subordination_marker_scan_only	candidate	14	hable	1corintios-14-28-P03	817		S	3	finite_verb_morphology	explicit_or_morphological	finite_verb_morphology	confirmed		[]		not_detected	28
1corintios	confirmed	candidate	candidate	14	V-PAD-3P	λαλέω	V- 3PAD-P--	λαλείτωσαν	06	subordination_marker_scan_only	candidate	07	hablen	1corintios-14-29-P01	818	1corintios-14-28-P03	S	3	inheritance_allowed	inherited	nearest_agreeing_nominative_no_visible_boundary	candidate	05	[]		not_detected	29
1corintios	confirmed	candidate	candidate	14	V-PAD-3P	διακρίνω	V- 3PAD-P--	διακρινέτωσαν	10	subordination_marker_scan_only	candidate	-	-	1corintios-14-29-P02	819	1corintios-14-29-P01	S	3	inheritance_allowed	inherited	nearest_agreeing_nominative_no_visible_boundary	candidate	09	[]		not_detected	29
1corintios	confirmed	unresolved	candidate	14	V-APS-3S	ἀποκαλύπτω	V- 3APS-S--	ἀποκαλυφθῇ	04	subordination_marker_scan_only	unresolved	08,09,10,11,12	le es revelado algo que	1corintios-14-30-P01	820		S	3	finite_verb_morphology	explicit_or_morphological	finite_verb_morphology	confirmed		"[{""form"": ""ἐὰν"", ""key"": ""εαν"", ""token"": ""01""}]"	explicit_marker_after_previous_finite_before_current_finite	candidate	30
1corintios	confirmed	candidate	candidate	14	V-PAD-3S	σιγάω	V- 3PAD-S--	σιγάτω	08	subordination_marker_scan_only	candidate	13,14,15	calle el primero	1corintios-14-30-P02	821	1corintios-14-29-P02	S	3	inheritance_allowed	inherited	nearest_agreeing_nominative_no_visible_boundary	candidate	07	[]		not_detected	30
1corintios	confirmed	candidate	candidate	14	V-PMI-2P	δύναμαι	V- 2PMI-P--	δύνασθε	01	subordination_marker_scan_only	candidate	01	porque	1corintios-14-31-P01	822		P	2	finite_verb_morphology	explicit_or_morphological	finite_verb_morphology	confirmed		[]		not_detected	31
1corintios	confirmed	unresolved	candidate	14	V-PAS-3P	μανθάνω	V- 3PAS-P--	μανθάνωσιν	09	subordination_marker_scan_only	unresolved	12	y	1corintios-14-31-P02	823	1corintios-14-30-P01	S	3	inheritance_allowed	inherited	nearest_agreeing_nominative_no_visible_boundary	candidate	08	"[{""form"": ""ἵνα"", ""key"": ""ινα"", ""token"": ""07""}]"	explicit_marker_after_previous_finite_before_current_finite	candidate	31
1corintios	confirmed	candidate	candidate	14	V-PPS-3P	παρακαλέω	V- 3PPS-P--	παρακαλῶνται	12	subordination_marker_scan_only	candidate	-	-	1corintios-14-31-P03	824	1corintios-14-31-P01	P	2	inheritance_allowed	inherited	nearest_agreeing_nominative_no_visible_boundary	candidate	11	[]		not_detected	31
1corintios	confirmed	candidate	candidate	14	V-PPI-3S	ὑποτάσσω	V- 3PPI-S--	ὑποτάσσεται	05	subordination_marker_scan_only	candidate	06,07	están sujetos	1corintios-14-32-P01	825	1corintios-14-31-P03	P	2	inheritance_allowed	inherited	nearest_agreeing_nominative_no_visible_boundary	candidate	02	[]		not_detected	32
1corintios	confirmed	candidate	candidate	14	V-PAI-3S	εἰμί	V- 3PAI-S--	ἐστιν	03	subordination_marker_scan_only	candidate	04	es	1corintios-14-33-P01	826		S	3	finite_verb_morphology	explicit_or_morphological	finite_verb_morphology	confirmed		[]		not_detected	33
1corintios	confirmed	candidate	candidate	14	V-PAD-3P	σιγάω	V- 3PAD-P--	σιγάτωσαν	06	subordination_marker_scan_only	candidate	08	porque	1corintios-14-34-P01	827	1corintios-14-33-P01	S	3	inheritance_allowed	inherited	nearest_agreeing_nominative_no_visible_boundary	candidate	02	[]		not_detected	34
1corintios	confirmed	candidate	candidate	14	V-PPI-3S	ἐπιτρέπω	V- 3PPI-S--	ἐπιτρέπεται	09	subordination_marker_scan_only	candidate	11	es	1corintios-14-34-P02	828		S	3	finite_verb_morphology	explicit_or_morphological	finite_verb_morphology	confirmed		[]		not_detected	34
1corintios	confirmed	candidate	candidate	14	V-PPD-3P	ὑποτάσσω	V- 3PPD-P--	ὑποτασσέσθωσαν	13	subordination_marker_scan_only	candidate	16	que	1corintios-14-34-P03	829		P	3	finite_verb_morphology	explicit_or_morphological	finite_verb_morphology	confirmed		[]		not_detected	34
1corintios	confirmed	unresolved	candidate	14	V-PAI-3S	λέγω	V- 3PAI-S--	λέγει	18	subordination_marker_scan_only	unresolved	20,21	dice también	1corintios-14-34-P04	830				no_valid_inheritance	unresolved	nearest_agreeing_nominative_no_visible_boundary	candidate	17	"[{""form"": ""καθὼς"", ""key"": ""καθως"", ""token"": ""14""}]"	explicit_marker_after_previous_finite_before_current_finite	candidate	34
1corintios	confirmed	unresolved	candidate	14	V-PAI-3P	θέλω	V- 3PAI-P--	θέλουσιν	05	subordination_marker_scan_only	unresolved	05,06	algo que	1corintios-14-35-P01	831		P	3	finite_verb_morphology	explicit_or_morphological	finite_verb_morphology	confirmed		"[{""form"": ""εἰ"", ""key"": ""ει"", ""token"": ""01""}]"	explicit_marker_after_previous_finite_before_current_finite	candidate	35
1corintios	confirmed	candidate	candidate	14	V-PAD-3P	ἐπερωτάω	V- 3PAD-P--	ἐπερωτάτωσαν	11	subordination_marker_scan_only	candidate	07	pregunten	1corintios-14-35-P02	832		P	3	finite_verb_morphology	explicit_or_morphological	finite_verb_morphology	confirmed		[]		not_detected	35
1corintios	confirmed	candidate	candidate	14	V-PAI-3S	εἰμί	V- 3PAI-S--	ἐστιν	14	subordination_marker_scan_only	candidate	17	correcto	1corintios-14-35-P03	833		S	3	finite_verb_morphology	explicit_or_morphological	finite_verb_morphology	confirmed		[]		not_detected	35
1corintios	confirmed	candidate	candidate	14	V-AAI-3S	ἐξέρχομαι	V- 3AAI-S--	ἐξῆλθεν	08	subordination_marker_scan_only	candidate	08	ustedes	1corintios-14-36-P01	834	1corintios-14-35-P03	S	3	inheritance_allowed	inherited	nearest_agreeing_nominative_no_visible_boundary	candidate	05	[]		not_detected	36
1corintios	confirmed	candidate	candidate	14	V-AAI-3S	καταντάω	V- 3AAI-S--	κατήντησεν	13	subordination_marker_scan_only	candidate	13,14	ha llegado	1corintios-14-36-P02	835		S	3	finite_verb_morphology	explicit_or_morphological	finite_verb_morphology	confirmed		[]		not_detected	36
1corintios	confirmed	unresolved	candidate	14	V-PAI-3S	δοκέω	V- 3PAI-S--	δοκεῖ	03	subordination_marker_scan_only	unresolved	02,03	alguien piensa	1corintios-14-37-P01	836				no_valid_inheritance	unresolved	nearest_agreeing_nominative_no_visible_boundary	candidate	02	"[{""form"": ""εἴ"", ""key"": ""ει"", ""token"": ""01""}]"	explicit_marker_after_previous_finite_before_current_finite	candidate	37
1corintios	confirmed	candidate	candidate	14	V-PAD-3S	ἐπιγινώσκω	V- 3PAD-S--	ἐπιγινωσκέτω	08	subordination_marker_scan_only	candidate	09	reconozca	1corintios-14-37-P02	837	1corintios-14-36-P02	S	3	inheritance_allowed	inherited	nearest_agreeing_nominative_no_visible_boundary	candidate	07	[]		not_detected	37
1corintios	confirmed	candidate	candidate	14	V-PAI-1S	γράφω	V- 1PAI-S--	γράφω	10	subordination_marker_scan_only	candidate	14	escribo	1corintios-14-37-P03	838		S	1	finite_verb_morphology	explicit_or_morphological	finite_verb_morphology	confirmed		[]		not_detected	37
1corintios	confirmed	unresolved	candidate	14	V-PAI-3S	εἰμί	V- 3PAI-S--	ἐστίν	14	subordination_marker_scan_only	unresolved	16	mandamiento	1corintios-14-37-P04	839		S	3	finite_verb_morphology	explicit_or_morphological	finite_verb_morphology	confirmed		"[{""form"": ""ὅτι"", ""key"": ""οτι"", ""token"": ""12""}]"	explicit_marker_after_previous_finite_before_current_finite	candidate	37
1corintios	confirmed	unresolved	candidate	14	V-PAI-3S	ἀγνοέω	V- 3PAI-S--	ἀγνοεῖ	04	subordination_marker_scan_only	unresolved	04,05,06	no reconoce esto	1corintios-14-38-P01	840	1corintios-14-37-P04	S	3	inheritance_allowed	inherited	nearest_agreeing_nominative_no_visible_boundary	candidate	03	"[{""form"": ""εἰ"", ""key"": ""ει"", ""token"": ""01""}]"	explicit_marker_after_previous_finite_before_current_finite	candidate	38
1corintios	confirmed	candidate	candidate	14	V-PPI-3S	ἀγνοέω	V- 3PPI-S--	ἀγνοεῖται	05	subordination_marker_scan_only	candidate	07,08,09,10	él no es reconocido	1corintios-14-38-P02	841		S	3	finite_verb_morphology	explicit_or_morphological	finite_verb_morphology	confirmed		[]		not_detected	38
1corintios	confirmed	unresolved	candidate	14	V-PAD-2P	ζηλόω	V- 2PAD-P--	ζηλοῦτε	04	subordination_marker_scan_only	unresolved	04	míos	1corintios-14-39-P01	842		P	2	finite_verb_morphology	explicit_or_morphological	finite_verb_morphology	confirmed		"[{""form"": ""ὥστε"", ""key"": ""ωστε"", ""token"": ""01""}]"	explicit_marker_after_previous_finite_before_current_finite	candidate	39
1corintios	confirmed	candidate	candidate	14	V-PAD-2P	κωλύω	V- 2PAD-P--	κωλύετε	11	subordination_marker_scan_only	candidate	12	en	1corintios-14-39-P02	843		P	2	finite_verb_morphology	explicit_or_morphological	finite_verb_morphology	confirmed		[]		not_detected	39
1corintios	confirmed	candidate	candidate	14	V-PMD-3S	γίνομαι	V- 3PMD-S--	γινέσθω	07	subordination_marker_scan_only	candidate	09	orden	1corintios-14-40-P01	844		S	3	finite_verb_morphology	explicit_or_morphological	finite_verb_morphology	confirmed		[]		not_detected	40
1corintios	confirmed	candidate	candidate	15	V-PAI-1S	γνωρίζω	V- 1PAI-S--	γνωρίζω	01	subordination_marker_scan_only	candidate	01,02,03	ahora les hago	1corintios-15-1-P01	845		S	1	finite_verb_morphology	explicit_or_morphological	finite_verb_morphology	confirmed		[]		not_detected	1
1corintios	confirmed	candidate	candidate	15	V-AMI-1S	εὐαγγελίζω	V- 1AMI-S--	εὐηγγελισάμην	08	subordination_marker_scan_only	candidate	09,10,11,12,13	les prediqué el cual también	1corintios-15-1-P02	846		S	1	finite_verb_morphology	explicit_or_morphological	finite_verb_morphology	confirmed		[]		not_detected	1
1corintios	confirmed	candidate	candidate	15	V-AAI-2P	παραλαμβάνω	V- 2AAI-P--	παρελάβετε	12	subordination_marker_scan_only	candidate	17	el	1corintios-15-1-P03	847		P	2	finite_verb_morphology	explicit_or_morphological	finite_verb_morphology	confirmed		[]		not_detected	1
1corintios	confirmed	candidate	candidate	15	V-XAI-2P	ἵστημι	V- 2XAI-P--	ἑστήκατε	16	subordination_marker_scan_only	candidate	-	-	1corintios-15-1-P04	848		P	2	finite_verb_morphology	explicit_or_morphological	finite_verb_morphology	confirmed		[]		not_detected	1
1corintios	confirmed	candidate	candidate	15	V-PPI-2P	σῴζω	V- 2PPI-P--	σῴζεσθε	04	subordination_marker_scan_only	candidate	05,06	son salvos	1corintios-15-2-P01	849		P	2	finite_verb_morphology	explicit_or_morphological	finite_verb_morphology	confirmed		[]		not_detected	2
1corintios	confirmed	candidate	candidate	15	V-AMI-1S	εὐαγγελίζω	V- 1AMI-S--	εὐηγγελισάμην	07	subordination_marker_scan_only	candidate	11,12,13	les prediqué	1corintios-15-2-P02	850		S	1	finite_verb_morphology	explicit_or_morphological	finite_verb_morphology	confirmed		[]		not_detected	2
1corintios	confirmed	unresolved	candidate	15	V-PAI-2P	κατέχω	V- 2PAI-P--	κατέχετε	10	subordination_marker_scan_only	unresolved	16,17	retienen	1corintios-15-2-P03	851		P	2	finite_verb_morphology	explicit_or_morphological	finite_verb_morphology	confirmed		"[{""form"": ""εἰ"", ""key"": ""ει"", ""token"": ""09""}]"	explicit_marker_after_previous_finite_before_current_finite	candidate	2
1corintios	confirmed	unresolved	candidate	15	V-AAI-2P	πιστεύω	V- 2AAI-P--	ἐπιστεύσατε	15	subordination_marker_scan_only	unresolved	22	hayan creído	1corintios-15-2-P04	852		P	2	finite_verb_morphology	explicit_or_morphological	finite_verb_morphology	confirmed		"[{""form"": ""εἰ"", ""key"": ""ει"", ""token"": ""12""}]"	explicit_marker_after_previous_finite_before_current_finite	candidate	2
1corintios	confirmed	candidate	candidate	15	V-AAI-1S	παραδίδωμι	V- 1AAI-S--	παρέδωκα	01	subordination_marker_scan_only	candidate	01,02,03	porque yo les entregué	1corintios-15-3-P01	853		S	1	finite_verb_morphology	explicit_or_morphological	finite_verb_morphology	confirmed		[]		not_detected	3
1corintios	confirmed	candidate	candidate	15	V-AAI-1S	παραλαμβάνω	V- 1AAI-S--	παρέλαβον	08	subordination_marker_scan_only	candidate	11,12	recibí que	1corintios-15-3-P02	854		S	1	finite_verb_morphology	explicit_or_morphological	finite_verb_morphology	confirmed		[]		not_detected	3
1corintios	confirmed	unresolved	candidate	15	V-AAI-3S	ἀποθνῄσκω	V- 3AAI-S--	ἀπέθανεν	11	subordination_marker_scan_only	unresolved	14	murió	1corintios-15-3-P03	855	1corintios-15-2-P04	P	2	inheritance_allowed	inherited	nearest_agreeing_nominative_no_visible_boundary	candidate	10	"[{""form"": ""ὅτι"", ""key"": ""οτι"", ""token"": ""09""}]"	explicit_marker_after_previous_finite_before_current_finite	candidate	3
1corintios	confirmed	unresolved	candidate	15	V-API-3S	θάπτω	V- 3API-S--	ἐτάφη	03	subordination_marker_scan_only	unresolved	03,04,05	fue sepultado	1corintios-15-4-P01	856		S	3	finite_verb_morphology	explicit_or_morphological	finite_verb_morphology	confirmed		"[{""form"": ""ὅτι"", ""key"": ""οτι"", ""token"": ""02""}]"	explicit_marker_after_previous_finite_before_current_finite	candidate	4
1corintios	confirmed	unresolved	candidate	15	V-XPI-3S	ἐγείρω	V- 3XPI-S--	ἐγήγερται	06	subordination_marker_scan_only	unresolved	08,09	resucitó	1corintios-15-4-P02	857		S	3	finite_verb_morphology	explicit_or_morphological	finite_verb_morphology	confirmed		"[{""form"": ""ὅτι"", ""key"": ""οτι"", ""token"": ""05""}]"	explicit_marker_after_previous_finite_before_current_finite	candidate	4
1corintios	confirmed	unresolved	candidate	15	V-API-3S	ὁράω	V- 3API-S--	ὤφθη	03	subordination_marker_scan_only	unresolved	03,04	se apareció	1corintios-15-5-P01	858		S	3	finite_verb_morphology	explicit_or_morphological	finite_verb_morphology	confirmed		"[{""form"": ""ὅτι"", ""key"": ""οτι"", ""token"": ""02""}]"	explicit_marker_after_previous_finite_before_current_finite	candidate	5
1corintios	confirmed	candidate	candidate	15	V-API-3S	ὁράω	V- 3API-S--	ὤφθη	02	subordination_marker_scan_only	candidate	02,03	se apareció	1corintios-15-6-P01	859		S	3	finite_verb_morphology	explicit_or_morphological	finite_verb_morphology	confirmed		[]		not_detected	6
1corintios	confirmed	candidate	candidate	15	V-PAI-3P	μένω	V- 3PAI-P--	μένουσιν	11	subordination_marker_scan_only	candidate	19	viven	1corintios-15-6-P02	860	1corintios-15-6-P01	S	3	inheritance_allowed	inherited	nearest_agreeing_nominative_no_visible_boundary	candidate	10	[]		not_detected	6
1corintios	confirmed	candidate	candidate	15	V-API-3P	κοιμάομαι	V- 3API-P--	ἐκοιμήθησαν	16	subordination_marker_scan_only	candidate	-	-	1corintios-15-6-P03	861		P	3	finite_verb_morphology	explicit_or_morphological	finite_verb_morphology	confirmed		[]		not_detected	6
1corintios	confirmed	candidate	candidate	15	V-API-3S	ὁράω	V- 3API-S--	ὤφθη	02	subordination_marker_scan_only	candidate	02,03	se apareció	1corintios-15-7-P01	862		S	3	finite_verb_morphology	explicit_or_morphological	finite_verb_morphology	confirmed		[]		not_detected	7
1corintios	confirmed	candidate	candidate	15	V-API-3S	ὁράω	V- 3API-S--	ὤφθη	07	subordination_marker_scan_only	candidate	13,14,15	se me apareció	1corintios-15-8-P01	863		S	3	finite_verb_morphology	explicit_or_morphological	finite_verb_morphology	confirmed		[]		not_detected	8
1corintios	confirmed	candidate	candidate	15	V-PAI-1S	εἰμί	V- 1PAI-S--	εἰμι	03	subordination_marker_scan_only	candidate	03	soy	1corintios-15-9-P01	864		S	1	finite_verb_morphology	explicit_or_morphological	finite_verb_morphology	confirmed		[]		not_detected	9
1corintios	confirmed	candidate	candidate	15	V-PAI-1S	εἰμί	V- 1PAI-S--	εἰμὶ	10	subordination_marker_scan_only	candidate	12	soy	1corintios-15-9-P02	865		S	1	finite_verb_morphology	explicit_or_morphological	finite_verb_morphology	confirmed		[]		not_detected	9
1corintios	confirmed	candidate	candidate	15	V-AAI-1S	διώκω	V- 1AAI-S--	ἐδίωξα	15	subordination_marker_scan_only	candidate	19,20	perseguí a	1corintios-15-9-P03	866		S	1	finite_verb_morphology	explicit_or_morphological	finite_verb_morphology	confirmed		[]		not_detected	9
1corintios	confirmed	candidate	candidate	15	V-PAI-1S	εἰμί	V- 1PAI-S--	εἰμι	04	subordination_marker_scan_only	candidate	07	soy	1corintios-15-10-P01	867		S	1	finite_verb_morphology	explicit_or_morphological	finite_verb_morphology	confirmed		[]		not_detected	10
1corintios	confirmed	candidate	candidate	15	V-PAI-1S	εἰμί	V- 1PAI-S--	εἰμι	06	subordination_marker_scan_only	candidate	-	-	1corintios-15-10-P02	868		S	1	finite_verb_morphology	explicit_or_morphological	finite_verb_morphology	confirmed		[]		not_detected	10
1corintios	confirmed	candidate	candidate	15	V-API-3S	γίνομαι	V- 3API-S--	ἐγενήθη	16	subordination_marker_scan_only	candidate	-	-	1corintios-15-10-P03	869	1corintios-15-10-P02	S	1	inheritance_allowed	inherited	nearest_agreeing_nominative_no_visible_boundary	candidate	15	[]		not_detected	10
1corintios	confirmed	candidate	candidate	15	V-AAI-1S	κοπιάω	V- 1AAI-S--	ἐκοπίασα	21	subordination_marker_scan_only	candidate	28	yo	1corintios-15-10-P04	870		S	1	finite_verb_morphology	explicit_or_morphological	finite_verb_morphology	confirmed		[]		not_detected	10
1corintios	confirmed	candidate	candidate	15	V-PAI-1P	κηρύσσω	V- 1PAI-P--	κηρύσσομεν	07	subordination_marker_scan_only	candidate	07	predicamos	1corintios-15-11-P01	871		P	1	finite_verb_morphology	explicit_or_morphological	finite_verb_morphology	confirmed		[]		not_detected	11
1corintios	confirmed	candidate	candidate	15	V-AAI-2P	πιστεύω	V- 2AAI-P--	ἐπιστεύσατε	10	subordination_marker_scan_only	candidate	10,11,12,13	creyeron ustedes	1corintios-15-11-P02	872		P	2	finite_verb_morphology	explicit_or_morphological	finite_verb_morphology	confirmed		[]		not_detected	11
1corintios	confirmed	unresolved	candidate	15	V-PPI-3S	κηρύσσω	V- 3PPI-S--	κηρύσσεται	04	subordination_marker_scan_only	unresolved	05	se predica	1corintios-15-12-P01	873				no_valid_inheritance	unresolved	nearest_agreeing_nominative_no_visible_boundary	candidate	03	"[{""form"": ""εἰ"", ""key"": ""ει"", ""token"": ""01""}]"	explicit_marker_after_previous_finite_before_current_finite	candidate	12
1corintios	confirmed	unresolved	candidate	15	V-XPI-3S	ἐγείρω	V- 3XPI-S--	ἐγήγερται	08	subordination_marker_scan_only	unresolved	11,12,13	ha resucitado	1corintios-15-12-P02	874		S	3	finite_verb_morphology	explicit_or_morphological	finite_verb_morphology	confirmed		"[{""form"": ""ὅτι"", ""key"": ""οτι"", ""token"": ""05""}]"	explicit_marker_after_previous_finite_before_current_finite	candidate	12
1corintios	confirmed	candidate	candidate	15	V-PAI-3P	λέγω	V- 3PAI-P--	λέγουσιν	10	subordination_marker_scan_only	candidate	15	dicen	1corintios-15-12-P03	875		P	3	finite_verb_morphology	explicit_or_morphological	finite_verb_morphology	confirmed		[]		not_detected	12
1corintios	confirmed	unresolved	candidate	15	V-PAI-3S	εἰμί	V- 3PAI-S--	ἔστιν	18	subordination_marker_scan_only	unresolved	24	hay	1corintios-15-12-P04	876	1corintios-15-12-P02	S	3	inheritance_allowed	inherited	nearest_agreeing_nominative_no_visible_boundary	candidate	15	"[{""form"": ""ὅτι"", ""key"": ""οτι"", ""token"": ""14""}]"	explicit_marker_after_previous_finite_before_current_finite	candidate	12
1corintios	confirmed	unresolved	candidate	15	V-PAI-3S	εἰμί	V- 3PAI-S--	ἔστιν	06	subordination_marker_scan_only	unresolved	09	no	1corintios-15-13-P01	877	1corintios-15-12-P04	S	3	inheritance_allowed	inherited	nearest_agreeing_nominative_no_visible_boundary	candidate	03	"[{""form"": ""εἰ"", ""key"": ""ει"", ""token"": ""01""}]"	explicit_marker_after_previous_finite_before_current_finite	candidate	13
1corintios	confirmed	candidate	candidate	15	V-XPI-3S	ἐγείρω	V- 3XPI-S--	ἐγήγερται	09	subordination_marker_scan_only	candidate	13,14	ha resucitado	1corintios-15-13-P02	878	1corintios-15-12-P03	P	3	inheritance_allowed	inherited	nearest_agreeing_nominative_no_visible_boundary	candidate	08	[]		not_detected	13
1corintios	confirmed	unresolved	candidate	15	V-XPI-3S	ἐγείρω	V- 3XPI-S--	ἐγήγερται	05	subordination_marker_scan_only	unresolved	05,06,07	ha resucitado	1corintios-15-14-P01	879	1corintios-15-13-P01	S	3	inheritance_allowed	inherited	nearest_agreeing_nominative_no_visible_boundary	candidate	03	"[{""form"": ""εἰ"", ""key"": ""ει"", ""token"": ""01""}]"	explicit_marker_after_previous_finite_before_current_finite	candidate	14
1corintios	confirmed	candidate	candidate	15	V-PPI-1P	εὑρίσκω	V- 1PPI-P--	εὑρισκόμεθα	01	subordination_marker_scan_only	candidate	01,02,03	aún más somos hallados	1corintios-15-15-P01	880		P	1	finite_verb_morphology	explicit_or_morphological	finite_verb_morphology	confirmed		[]		not_detected	15
1corintios	confirmed	unresolved	candidate	15	V-AAI-1P	μαρτυρέω	V- 1AAI-P--	ἐμαρτυρήσαμεν	08	subordination_marker_scan_only	unresolved	-	-	1corintios-15-15-P02	881		P	1	finite_verb_morphology	explicit_or_morphological	finite_verb_morphology	confirmed		"[{""form"": ""ὅτι"", ""key"": ""οτι"", ""token"": ""07""}]"	explicit_marker_after_previous_finite_before_current_finite	candidate	15
1corintios	confirmed	unresolved	candidate	15	V-AAI-3S	ἐγείρω	V- 3AAI-S--	ἤγειρεν	13	subordination_marker_scan_only	unresolved	15,16	él resucitó	1corintios-15-15-P03	882		S	3	finite_verb_morphology	explicit_or_morphological	finite_verb_morphology	confirmed		"[{""form"": ""ὅτι"", ""key"": ""οτι"", ""token"": ""12""}]"	explicit_marker_after_previous_finite_before_current_finite	candidate	15
1corintios	confirmed	candidate	candidate	15	V-AAI-3S	ἐγείρω	V- 3AAI-S--	ἤγειρεν	18	subordination_marker_scan_only	candidate	-	-	1corintios-15-15-P04	883		S	3	finite_verb_morphology	explicit_or_morphological	finite_verb_morphology	confirmed		[]		not_detected	15
1corintios	confirmed	candidate	candidate	15	V-PPI-3P	ἐγείρω	V- 3PPI-P--	ἐγείρονται	23	subordination_marker_scan_only	candidate	29	resucitan	1corintios-15-15-P05	884	1corintios-15-15-P04	S	3	inheritance_allowed	inherited	nearest_agreeing_nominative_no_visible_boundary	candidate	21	[]		not_detected	15
1corintios	confirmed	unresolved	candidate	15	V-PPI-3P	ἐγείρω	V- 3PPI-P--	ἐγείρονται	05	subordination_marker_scan_only	unresolved	06	resucitan	1corintios-15-16-P01	885	1corintios-15-15-P03	S	3	inheritance_allowed	inherited	nearest_agreeing_nominative_no_visible_boundary	candidate	03	"[{""form"": ""εἰ"", ""key"": ""ει"", ""token"": ""01""}]"	explicit_marker_after_previous_finite_before_current_finite	candidate	16
1corintios	confirmed	candidate	candidate	15	V-XPI-3S	ἐγείρω	V- 3XPI-S--	ἐγήγερται	08	subordination_marker_scan_only	candidate	10,11,12	siquiera ha resucitado	1corintios-15-16-P02	886	1corintios-15-15-P05	S	3	inheritance_allowed	inherited	nearest_agreeing_nominative_no_visible_boundary	candidate	07	[]		not_detected	16
1corintios	confirmed	unresolved	candidate	15	V-XPI-3S	ἐγείρω	V- 3XPI-S--	ἐγήγερται	05	subordination_marker_scan_only	unresolved	05,06,07	ha resucitado	1corintios-15-17-P01	887	1corintios-15-16-P01	S	3	inheritance_allowed	inherited	nearest_agreeing_nominative_no_visible_boundary	candidate	03	"[{""form"": ""εἰ"", ""key"": ""ει"", ""token"": ""01""}]"	explicit_marker_after_previous_finite_before_current_finite	candidate	17
1corintios	confirmed	candidate	candidate	15	V-PAI-2P	εἰμί	V- 2PAI-P--	ἐστὲ	11	subordination_marker_scan_only	candidate	13	están	1corintios-15-17-P02	888		P	2	finite_verb_morphology	explicit_or_morphological	finite_verb_morphology	confirmed		[]		not_detected	17
1corintios	confirmed	candidate	candidate	15	V-AMI-3P	ἀπόλλυμι	V- 3AMI-P--	ἀπώλοντο	07	subordination_marker_scan_only	candidate	09,10	están perdidos	1corintios-15-18-P01	889	1corintios-15-17-P02	P	2	inheritance_allowed	inherited	nearest_agreeing_nominative_no_visible_boundary	candidate	03	[]		not_detected	18
1corintios	confirmed	unresolved	candidate	15	V-PAI-1P	εἰμί	V- 1PAI-P--	ἐσμὲν	09	subordination_marker_scan_only	unresolved	11	somos	1corintios-15-19-P01	890		P	1	finite_verb_morphology	explicit_or_morphological	finite_verb_morphology	confirmed		"[{""form"": ""εἰ"", ""key"": ""ει"", ""token"": ""01""}]"	explicit_marker_after_previous_finite_before_current_finite	candidate	19
1corintios	confirmed	candidate	candidate	15	V-PAI-1P	εἰμί	V- 1PAI-P--	ἐσμέν	14	subordination_marker_scan_only	candidate	19	somos	1corintios-15-19-P02	891		P	1	finite_verb_morphology	explicit_or_morphological	finite_verb_morphology	confirmed		[]		not_detected	19
1corintios	confirmed	candidate	candidate	15	V-XPI-3S	ἐγείρω	V- 3XPI-S--	ἐγήγερται	04	subordination_marker_scan_only	candidate	04,05,06	ha resucitado	1corintios-15-20-P01	892	1corintios-15-19-P02	P	1	inheritance_allowed	inherited	nearest_agreeing_nominative_no_visible_boundary	candidate	03	[]		not_detected	20
1corintios	confirmed	candidate	candidate	15	V-PAI-3P	ἀποθνῄσκω	V- 3PAI-P--	ἀποθνῄσκουσιν	07	subordination_marker_scan_only	candidate	08	también	1corintios-15-22-P01	893	1corintios-15-20-P01	P	1	inheritance_allowed	inherited	nearest_agreeing_nominative_no_visible_boundary	candidate	06	[]		not_detected	22
1corintios	confirmed	candidate	candidate	15	V-FPI-3P	ζῳοποιέω	V- 3FPI-P--	ζῳοποιηθήσονται	14	subordination_marker_scan_only	candidate	-	-	1corintios-15-22-P02	894	1corintios-15-22-P01	P	1	inheritance_allowed	inherited	nearest_agreeing_nominative_no_visible_boundary	candidate	13	[]		not_detected	22
1corintios	confirmed	unresolved	candidate	15	V-PAS-3S	παραδίδωμι	V- 3PAS-S--	παραδιδῷ	05	subordination_marker_scan_only	unresolved	06,07	entregue el	1corintios-15-24-P01	895				no_valid_inheritance	unresolved	nearest_agreeing_nominative_no_visible_boundary	candidate	03	"[{""form"": ""ὅταν"", ""key"": ""οταν"", ""token"": ""04""}]"	explicit_marker_after_previous_finite_before_current_finite	candidate	24
1corintios	confirmed	unresolved	candidate	15	V-AAS-3S	καταργέω	V- 3AAS-S--	καταργήσῃ	13	subordination_marker_scan_only	unresolved	16,17	haya terminado	1corintios-15-24-P02	896		S	3	finite_verb_morphology	explicit_or_morphological	finite_verb_morphology	confirmed		"[{""form"": ""ὅταν"", ""key"": ""οταν"", ""token"": ""12""}]"	explicit_marker_after_previous_finite_before_current_finite	candidate	24
1corintios	confirmed	candidate	candidate	15	V-PAI-3S	δέω	V- 3PAI-S--	δεῖ	01	subordination_marker_scan_only	candidate	01,02,03	pues cristo debe	1corintios-15-25-P01	897		S	3	finite_verb_morphology	explicit_or_morphological	finite_verb_morphology	confirmed		[]		not_detected	25
1corintios	confirmed	candidate	candidate	15	V-AAS-3S	τίθημι	V- 3AAS-S--	θῇ	07	subordination_marker_scan_only	candidate	07,08	haya puesto	1corintios-15-25-P02	898		S	3	finite_verb_morphology	explicit_or_morphological	finite_verb_morphology	confirmed		[]		not_detected	25
1corintios	confirmed	candidate	candidate	15	V-PPI-3S	καταργέω	V- 3PPI-S--	καταργεῖται	03	subordination_marker_scan_only	candidate	04,05,06,07	que será eliminado	1corintios-15-26-P01	899	1corintios-15-25-P02	S	3	inheritance_allowed	inherited	nearest_agreeing_nominative_no_visible_boundary	candidate	02	[]		not_detected	26
1corintios	confirmed	candidate	candidate	15	V-AAI-3S	ὑποτάσσω	V- 3AAI-S--	ὑπέταξεν	03	subordination_marker_scan_only	candidate	-	-	1corintios-15-27-P01	900		S	3	finite_verb_morphology	explicit_or_morphological	finite_verb_morphology	confirmed		[]		not_detected	27
1corintios	confirmed	unresolved	candidate	15	V-AAS-3S	λέγω	V- 3AAS-S--	εἴπῃ	10	subordination_marker_scan_only	unresolved	-	-	1corintios-15-27-P02	901		S	3	finite_verb_morphology	explicit_or_morphological	finite_verb_morphology	confirmed		"[{""form"": ""ὅταν"", ""key"": ""οταν"", ""token"": ""08""}]"	explicit_marker_after_previous_finite_before_current_finite	candidate	27
1corintios	confirmed	unresolved	candidate	15	V-XPI-3S	ὑποτάσσω	V- 3XPI-S--	ὑποτέτακται	13	subordination_marker_scan_only	unresolved	16	están sujetas	1corintios-15-27-P03	902	1corintios-15-27-P02	S	3	inheritance_allowed	inherited	nearest_agreeing_nominative_no_visible_boundary	candidate	12	"[{""form"": ""ὅτι"", ""key"": ""οτι"", ""token"": ""11""}]"	explicit_marker_after_previous_finite_before_current_finite	candidate	27
1corintios	confirmed	unresolved	candidate	15	V-APS-3S	ὑποτάσσω	V- 3APS-S--	ὑποταγῇ	03	subordination_marker_scan_only	unresolved	-	-	1corintios-15-28-P01	903		S	3	finite_verb_morphology	explicit_or_morphological	finite_verb_morphology	confirmed		"[{""form"": ""ὅταν"", ""key"": ""οταν"", ""token"": ""01""}]"	explicit_marker_after_previous_finite_before_current_finite	candidate	28
1corintios	confirmed	candidate	candidate	15	V-FPI-3S	ὑποτάσσω	V- 3FPI-S--	ὑποταγήσεται	11	subordination_marker_scan_only	candidate	14,15	se sujetará	1corintios-15-28-P02	904				no_valid_inheritance	unresolved	nearest_agreeing_nominative_no_visible_boundary	candidate	10	[]		not_detected	28
1corintios	confirmed	unresolved	candidate	15	V-PAS-3S	εἰμί	V- 3PAS-S--	ᾖ	18	subordination_marker_scan_only	unresolved	26,27	sea todo	1corintios-15-28-P03	905		S	3	finite_verb_morphology	explicit_or_morphological	finite_verb_morphology	confirmed		"[{""form"": ""ἵνα"", ""key"": ""ινα"", ""token"": ""17""}]"	explicit_marker_after_previous_finite_before_current_finite	candidate	28
1corintios	confirmed	unresolved	candidate	15	V-FAI-3P	ποιέω	V- 3FAI-P--	ποιήσουσιν	03	subordination_marker_scan_only	unresolved	06	harán	1corintios-15-29-P01	906		P	3	finite_verb_morphology	explicit_or_morphological	finite_verb_morphology	confirmed		"[{""form"": ""ἐπεὶ"", ""key"": ""επει"", ""token"": ""01""}]"	explicit_marker_after_previous_finite_before_current_finite	candidate	29
1corintios	confirmed	unresolved	candidate	15	V-PPI-3P	ἐγείρω	V- 3PPI-P--	ἐγείρονται	13	subordination_marker_scan_only	unresolved	20,21	resucitan	1corintios-15-29-P02	907	1corintios-15-29-P01	P	3	inheritance_allowed	inherited	nearest_agreeing_nominative_no_visible_boundary	candidate	11	"[{""form"": ""εἰ"", ""key"": ""ει"", ""token"": ""09""}]"	explicit_marker_after_previous_finite_before_current_finite	candidate	29
1corintios	confirmed	candidate	candidate	15	V-PPI-3P	βαπτίζω	V- 3PPI-P--	βαπτίζονται	16	subordination_marker_scan_only	candidate	24,25	se bautizan	1corintios-15-29-P03	908		P	3	finite_verb_morphology	explicit_or_morphological	finite_verb_morphology	confirmed		[]		not_detected	29
1corintios	confirmed	candidate	candidate	15	V-PAI-1P	κινδυνεύω	V- 1PAI-P--	κινδυνεύομεν	04	subordination_marker_scan_only	candidate	05,06,07	estamos en peligro	1corintios-15-30-P01	909		P	1	finite_verb_morphology	explicit_or_morphological	finite_verb_morphology	confirmed		[]		not_detected	30
1corintios	confirmed	candidate	candidate	15	V-PAI-1S	ἀποθνῄσκω	V- 1PAI-S--	ἀποθνῄσκω	03	subordination_marker_scan_only	candidate	03	muero	1corintios-15-31-P01	910		S	1	finite_verb_morphology	explicit_or_morphological	finite_verb_morphology	confirmed		[]		not_detected	31
1corintios	confirmed	candidate	candidate	15	V-PAI-1S	ἔχω	V- 1PAI-S--	ἔχω	09	subordination_marker_scan_only	candidate	-	-	1corintios-15-31-P02	911		S	1	finite_verb_morphology	explicit_or_morphological	finite_verb_morphology	confirmed		[]		not_detected	31
1corintios	confirmed	unresolved	candidate	15	V-AAI-1S	θηριομαχέω	V- 1AAI-S--	ἐθηριομάχησα	04	subordination_marker_scan_only	unresolved	05,06,07	luché contra fieras	1corintios-15-32-P01	912		S	1	finite_verb_morphology	explicit_or_morphological	finite_verb_morphology	confirmed		"[{""form"": ""εἰ"", ""key"": ""ει"", ""token"": ""01""}]"	explicit_marker_after_previous_finite_before_current_finite	candidate	32
1corintios	confirmed	unresolved	candidate	15	V-PPI-3P	ἐγείρω	V- 3PPI-P--	ἐγείρονται	14	subordination_marker_scan_only	unresolved	18	resucitan	1corintios-15-32-P02	913	1corintios-15-32-P01	S	1	inheritance_allowed	inherited	nearest_agreeing_nominative_no_visible_boundary	candidate	12	"[{""form"": ""εἰ"", ""key"": ""ει"", ""token"": ""11""}]"	explicit_marker_after_previous_finite_before_current_finite	candidate	32
1corintios	confirmed	candidate	candidate	15	V-AAS-1P	ἐσθίω	V- 1AAS-P--	φάγωμεν	15	subordination_marker_scan_only	candidate	19	comamos	1corintios-15-32-P03	914		P	1	finite_verb_morphology	explicit_or_morphological	finite_verb_morphology	confirmed		[]		not_detected	32
1corintios	confirmed	candidate	candidate	15	V-AAS-1P	πίνω	V- 1AAS-P--	πίωμεν	17	subordination_marker_scan_only	candidate	21	bebamos	1corintios-15-32-P04	915		P	1	finite_verb_morphology	explicit_or_morphological	finite_verb_morphology	confirmed		[]		not_detected	32
1corintios	confirmed	candidate	candidate	15	V-PAI-1P	ἀποθνῄσκω	V- 1PAI-P--	ἀποθνῄσκομεν	20	subordination_marker_scan_only	candidate	-	-	1corintios-15-32-P05	916		P	1	finite_verb_morphology	explicit_or_morphological	finite_verb_morphology	confirmed		[]		not_detected	32
1corintios	confirmed	candidate	candidate	15	V-PPD-2P	πλανάω	V- 2PPD-P--	πλανᾶσθε	02	subordination_marker_scan_only	candidate	02,03	se dejen engañar	1corintios-15-33-P01	917		P	2	finite_verb_morphology	explicit_or_morphological	finite_verb_morphology	confirmed		[]		not_detected	33
1corintios	confirmed	candidate	candidate	15	V-PAI-3P	φθείρω	V- 3PAI-P--	φθείρουσιν	03	subordination_marker_scan_only	candidate	04,05,06	las malas compañías	1corintios-15-33-P02	918		P	3	finite_verb_morphology	explicit_or_morphological	finite_verb_morphology	confirmed		[]		not_detected	33
1corintios	confirmed	candidate	candidate	15	V-AAD-2P	ἐκνήφω	V- 2AAD-P--	ἐκνήψατε	01	subordination_marker_scan_only	candidate	01,02	sean sobrios	1corintios-15-34-P01	919		P	2	finite_verb_morphology	explicit_or_morphological	finite_verb_morphology	confirmed		[]		not_detected	34
1corintios	confirmed	candidate	candidate	15	V-PAD-2P	ἁμαρτάνω	V- 2PAD-P--	ἁμαρτάνετε	05	subordination_marker_scan_only	candidate	07	pequen	1corintios-15-34-P02	920		P	2	finite_verb_morphology	explicit_or_morphological	finite_verb_morphology	confirmed		[]		not_detected	34
1corintios	confirmed	candidate	candidate	15	V-PAI-3P	ἔχω	V- 3PAI-P--	ἔχουσιν	10	subordination_marker_scan_only	candidate	13	algunos	1corintios-15-34-P03	921	1corintios-15-34-P02	P	2	inheritance_allowed	inherited	nearest_agreeing_nominative_no_visible_boundary	candidate	09	[]		not_detected	34
1corintios	confirmed	candidate	candidate	15	V-PAI-1S	λαλέω	V- 1PAI-S--	λαλῶ	14	subordination_marker_scan_only	candidate	18,19,20,21	lo digo	1corintios-15-34-P04	922		S	1	finite_verb_morphology	explicit_or_morphological	finite_verb_morphology	confirmed		[]		not_detected	34
1corintios	confirmed	candidate	candidate	15	V-FAI-3S	λέγω	V- 3FAI-S--	ἐρεῖ	02	subordination_marker_scan_only	candidate	03	dirá	1corintios-15-35-P01	923		S	3	finite_verb_morphology	explicit_or_morphological	finite_verb_morphology	confirmed		[]		not_detected	35
1corintios	confirmed	candidate	candidate	15	V-PPI-3P	ἐγείρω	V- 3PPI-P--	ἐγείρονται	05	subordination_marker_scan_only	candidate	05	resucitan	1corintios-15-35-P02	924		P	3	finite_verb_morphology	explicit_or_morphological	finite_verb_morphology	confirmed		[]		not_detected	35
1corintios	confirmed	candidate	candidate	15	V-PMI-3P	ἔρχομαι	V- 3PMI-P--	ἔρχονται	11	subordination_marker_scan_only	candidate	13	vienen	1corintios-15-35-P03	925		P	3	finite_verb_morphology	explicit_or_morphological	finite_verb_morphology	confirmed		[]		not_detected	35
1corintios	confirmed	candidate	candidate	15	V-PAI-2S	σπείρω	V- 2PAI-S--	σπείρεις	04	subordination_marker_scan_only	candidate	04,05	que siembras	1corintios-15-36-P01	926		S	2	finite_verb_morphology	explicit_or_morphological	finite_verb_morphology	confirmed		[]		not_detected	36
1corintios	confirmed	candidate	candidate	15	V-PPI-3S	ζῳοποιέω	V- 3PPI-S--	ζῳοποιεῖται	06	subordination_marker_scan_only	candidate	07,08,09,10	llega a tener vida	1corintios-15-36-P02	927		S	3	finite_verb_morphology	explicit_or_morphological	finite_verb_morphology	confirmed		[]		not_detected	36
1corintios	confirmed	unresolved	candidate	15	V-AAS-3S	ἀποθνῄσκω	V- 3AAS-S--	ἀποθάνῃ	09	subordination_marker_scan_only	unresolved	13,14	muere	1corintios-15-36-P03	928		S	3	finite_verb_morphology	explicit_or_morphological	finite_verb_morphology	confirmed		"[{""form"": ""ἐὰν"", ""key"": ""εαν"", ""token"": ""07""}]"	explicit_marker_after_previous_finite_before_current_finite	candidate	36
1corintios	confirmed	candidate	candidate	15	V-PAI-2S	σπείρω	V- 2PAI-S--	σπείρεις	03	subordination_marker_scan_only	candidate	04	siembras	1corintios-15-37-P01	929		S	2	finite_verb_morphology	explicit_or_morphological	finite_verb_morphology	confirmed		[]		not_detected	37
1corintios	confirmed	candidate	candidate	15	V-PAI-2S	σπείρω	V- 2PAI-S--	σπείρεις	09	subordination_marker_scan_only	candidate	12,13,14	siembras el grano	1corintios-15-37-P02	930		S	2	finite_verb_morphology	explicit_or_morphological	finite_verb_morphology	confirmed		[]		not_detected	37
1corintios	confirmed	unresolved	candidate	15	V-AAO-3S	τυγχάνω	V- 3AAO-S--	τύχοι	14	subordination_marker_scan_only	unresolved	20	de	1corintios-15-37-P03	931		S	3	finite_verb_morphology	explicit_or_morphological	finite_verb_morphology	confirmed		"[{""form"": ""εἰ"", ""key"": ""ει"", ""token"": ""13""}]"	explicit_marker_after_previous_finite_before_current_finite	candidate	37
1corintios	confirmed	candidate	candidate	15	V-PAI-3S	δίδωμι	V- 3PAI-S--	δίδωσιν	04	subordination_marker_scan_only	candidate	03,04,05	le da un	1corintios-15-38-P01	932	1corintios-15-37-P02	S	2	inheritance_allowed	inherited	nearest_agreeing_nominative_no_visible_boundary	candidate	03	[]		not_detected	38
1corintios	confirmed	unresolved	candidate	15	V-AAI-3S	θέλω	V- 3AAI-S--	ἠθέλησεν	08	subordination_marker_scan_only	unresolved	08,09	él quiso	1corintios-15-38-P02	933		S	3	finite_verb_morphology	explicit_or_morphological	finite_verb_morphology	confirmed		"[{""form"": ""καθὼς"", ""key"": ""καθως"", ""token"": ""07""}]"	explicit_marker_after_previous_finite_before_current_finite	candidate	38
1corintios	confirmed	candidate	candidate	15	V-PAI-3S	διαφέρω	V- 3PAI-S--	διαφέρει	15	subordination_marker_scan_only	candidate	18	es diferente	1corintios-15-41-P01	934		S	3	finite_verb_morphology	explicit_or_morphological	finite_verb_morphology	confirmed		[]		not_detected	41
1corintios	confirmed	candidate	candidate	15	V-PPI-3S	σπείρω	V- 3PPI-S--	σπείρεται	07	subordination_marker_scan_only	candidate	09,10	se siembra	1corintios-15-42-P01	935	1corintios-15-41-P01	S	3	inheritance_allowed	inherited	nearest_agreeing_nominative_no_visible_boundary	candidate	04	[]		not_detected	42
1corintios	confirmed	candidate	candidate	15	V-PPI-3S	ἐγείρω	V- 3PPI-S--	ἐγείρεται	10	subordination_marker_scan_only	candidate	15	se resucita	1corintios-15-42-P02	936		S	3	finite_verb_morphology	explicit_or_morphological	finite_verb_morphology	confirmed		[]		not_detected	42
1corintios	confirmed	candidate	candidate	15	V-PPI-3S	σπείρω	V- 3PPI-S--	σπείρεται	01	subordination_marker_scan_only	candidate	01,02	se siembra	1corintios-15-43-P01	937		S	3	finite_verb_morphology	explicit_or_morphological	finite_verb_morphology	confirmed		[]		not_detected	43
1corintios	confirmed	candidate	candidate	15	V-PPI-3S	ἐγείρω	V- 3PPI-S--	ἐγείρεται	04	subordination_marker_scan_only	candidate	06	se resucita	1corintios-15-43-P02	938		S	3	finite_verb_morphology	explicit_or_morphological	finite_verb_morphology	confirmed		[]		not_detected	43
1corintios	confirmed	candidate	candidate	15	V-PPI-3S	σπείρω	V- 3PPI-S--	σπείρεται	07	subordination_marker_scan_only	candidate	10,11	se siembra	1corintios-15-43-P03	939		S	3	finite_verb_morphology	explicit_or_morphological	finite_verb_morphology	confirmed		[]		not_detected	43
1corintios	confirmed	candidate	candidate	15	V-PPI-3S	ἐγείρω	V- 3PPI-S--	ἐγείρεται	10	subordination_marker_scan_only	candidate	15	se resucita	1corintios-15-43-P04	940		S	3	finite_verb_morphology	explicit_or_morphological	finite_verb_morphology	confirmed		[]		not_detected	43
1corintios	confirmed	candidate	candidate	15	V-PPI-3S	σπείρω	V- 3PPI-S--	σπείρεται	01	subordination_marker_scan_only	candidate	01,02	se siembra	1corintios-15-44-P01	941		S	3	finite_verb_morphology	explicit_or_morphological	finite_verb_morphology	confirmed		[]		not_detected	44
1corintios	confirmed	candidate	candidate	15	V-PPI-3S	ἐγείρω	V- 3PPI-S--	ἐγείρεται	04	subordination_marker_scan_only	candidate	06,07	se resucita	1corintios-15-44-P02	942	1corintios-15-44-P01	S	3	inheritance_allowed	inherited	nearest_agreeing_nominative_no_visible_boundary	candidate	03	[]		not_detected	44
1corintios	confirmed	unresolved	candidate	15	V-PAI-3S	εἰμί	V- 3PAI-S--	ἔστιν	08	subordination_marker_scan_only	unresolved	12	hay	1corintios-15-44-P03	943				no_valid_inheritance	unresolved	nearest_agreeing_nominative_no_visible_boundary	candidate	06	"[{""form"": ""εἰ"", ""key"": ""ει"", ""token"": ""07""}]"	explicit_marker_after_previous_finite_before_current_finite	candidate	44
1corintios	confirmed	candidate	candidate	15	V-PAI-3S	εἰμί	V- 3PAI-S--	ἔστιν	11	subordination_marker_scan_only	candidate	16	hay	1corintios-15-44-P04	944	1corintios-15-44-P02	S	3	inheritance_allowed	inherited	nearest_agreeing_nominative_no_visible_boundary	candidate	10	[]		not_detected	44
1corintios	confirmed	candidate	candidate	15	V-XPI-3S	γράφω	V- 3XPI-S--	γέγραπται	03	subordination_marker_scan_only	candidate	04	escrito	1corintios-15-45-P01	945		S	3	finite_verb_morphology	explicit_or_morphological	finite_verb_morphology	confirmed		[]		not_detected	45
1corintios	confirmed	candidate	candidate	15	V-AMI-3S	γίνομαι	V- 3AMI-S--	ἐγένετο	04	subordination_marker_scan_only	candidate	05,06,07,08,09	fue hecho el primer hombre adán	1corintios-15-45-P02	946		S	3	finite_verb_morphology	explicit_or_morphological	finite_verb_morphology	confirmed		[]		not_detected	45
1corintios	confirmed	unresolved	candidate	15	V-AAI-1P	φορέω	V- 1AAI-P--	ἐφορέσαμεν	03	subordination_marker_scan_only	unresolved	04,05	hemos llevado	1corintios-15-49-P01	947		P	1	finite_verb_morphology	explicit_or_morphological	finite_verb_morphology	confirmed		"[{""form"": ""καθὼς"", ""key"": ""καθως"", ""token"": ""02""}]"	explicit_marker_after_previous_finite_before_current_finite	candidate	49
1corintios	confirmed	candidate	candidate	15	V-FAI-1P	φορέω	V- 1FAI-P--	φορέσομεν	08	subordination_marker_scan_only	candidate	10	traeremos	1corintios-15-49-P02	948		P	1	finite_verb_morphology	explicit_or_morphological	finite_verb_morphology	confirmed		[]		not_detected	49
1corintios	confirmed	candidate	candidate	15	V-PAI-1S	φημί	V- 1PAI-S--	φημι	03	subordination_marker_scan_only	candidate	-	-	1corintios-15-50-P01	949		S	1	finite_verb_morphology	explicit_or_morphological	finite_verb_morphology	confirmed		[]		not_detected	50
1corintios	confirmed	unresolved	candidate	15	V-PMI-3S	δύναμαι	V- 3PMI-S--	δύναται	13	subordination_marker_scan_only	unresolved	18,19,20	lo que se corrompe	1corintios-15-50-P02	950	1corintios-15-49-P01	P	1	inheritance_allowed	inherited	nearest_agreeing_nominative_no_visible_boundary	candidate	08	"[{""form"": ""ὅτι"", ""key"": ""οτι"", ""token"": ""05""}]"	explicit_marker_after_previous_finite_before_current_finite	candidate	50
1corintios	confirmed	candidate	candidate	15	V-PAI-3S	κληρονομέω	V- 3PAI-S--	κληρονομεῖ	19	subordination_marker_scan_only	candidate	-	-	1corintios-15-50-P03	951	1corintios-15-50-P01	S	1	inheritance_allowed	inherited	nearest_agreeing_nominative_no_visible_boundary	candidate	16	[]		not_detected	50
1corintios	confirmed	candidate	candidate	15	V-PAI-1S	λέγω	V- 1PAI-S--	λέγω	04	subordination_marker_scan_only	candidate	-	-	1corintios-15-51-P01	952		S	1	finite_verb_morphology	explicit_or_morphological	finite_verb_morphology	confirmed		[]		not_detected	51
1corintios	confirmed	candidate	candidate	15	V-FPI-1P	κοιμάομαι	V- 1FPI-P--	κοιμηθησόμεθα	07	subordination_marker_scan_only	candidate	08,09	dormiremos	1corintios-15-51-P02	953		P	1	finite_verb_morphology	explicit_or_morphological	finite_verb_morphology	confirmed		[]		not_detected	51
1corintios	confirmed	candidate	candidate	15	V-FPI-1P	ἀλλάσσω	V- 1FPI-P--	ἀλλαγησόμεθα	10	subordination_marker_scan_only	candidate	12,13	seremos transformados	1corintios-15-51-P03	954		P	1	finite_verb_morphology	explicit_or_morphological	finite_verb_morphology	confirmed		[]		not_detected	51
1corintios	confirmed	candidate	candidate	15	V-FAI-3S	σαλπίζω	V- 3FAI-S--	σαλπίσει	10	subordination_marker_scan_only	candidate	15,16,17	la trompeta sonará	1corintios-15-52-P01	955		S	3	finite_verb_morphology	explicit_or_morphological	finite_verb_morphology	confirmed		[]		not_detected	52
1corintios	confirmed	candidate	candidate	15	V-FPI-3P	ἐγείρω	V- 3FPI-P--	ἐγερθήσονται	15	subordination_marker_scan_only	candidate	22	resucitarán	1corintios-15-52-P02	956	1corintios-15-52-P01	S	3	inheritance_allowed	inherited	nearest_agreeing_nominative_no_visible_boundary	candidate	14	[]		not_detected	52
1corintios	confirmed	candidate	candidate	15	V-FPI-1P	ἀλλάσσω	V- 1FPI-P--	ἀλλαγησόμεθα	19	subordination_marker_scan_only	candidate	26,27	seremos transformados	1corintios-15-52-P03	957		P	1	finite_verb_morphology	explicit_or_morphological	finite_verb_morphology	confirmed		[]		not_detected	52
1corintios	confirmed	candidate	candidate	15	V-PAI-3S	δέω	V- 3PAI-S--	δεῖ	01	subordination_marker_scan_only	candidate	01,02,03	es necesario que	1corintios-15-53-P01	958		S	3	finite_verb_morphology	explicit_or_morphological	finite_verb_morphology	confirmed		[]		not_detected	53
1corintios	confirmed	unresolved	candidate	15	V-AMS-3S	ἐνδύω	V- 3AMS-S--	ἐνδύσηται	06	subordination_marker_scan_only	unresolved	-	-	1corintios-15-54-P01	959				no_valid_inheritance	unresolved	nearest_agreeing_nominative_no_visible_boundary	candidate	05	"[{""form"": ""ὅταν"", ""key"": ""οταν"", ""token"": ""01""}]"	explicit_marker_after_previous_finite_before_current_finite	candidate	54
1corintios	confirmed	candidate	candidate	15	V-AMS-3S	ἐνδύω	V- 3AMS-S--	ἐνδύσηται	12	subordination_marker_scan_only	candidate	13,14,15	se haya vestido de inmortalidad	1corintios-15-54-P02	960	1corintios-15-53-P01	S	3	inheritance_allowed	inherited	nearest_agreeing_nominative_no_visible_boundary	candidate	11	[]		not_detected	54
1corintios	confirmed	candidate	candidate	15	V-FMI-3S	γίνομαι	V- 3FMI-S--	γενήσεται	15	subordination_marker_scan_only	candidate	17	se cumplirá	1corintios-15-54-P03	961		S	3	finite_verb_morphology	explicit_or_morphological	finite_verb_morphology	confirmed		[]		not_detected	54
1corintios	confirmed	candidate	candidate	15	V-API-3S	καταπίνω	V- 3API-S--	κατεπόθη	20	subordination_marker_scan_only	candidate	22,23,24	la muerte ha sido	1corintios-15-54-P04	962	1corintios-15-54-P03	S	3	inheritance_allowed	inherited	nearest_agreeing_nominative_no_visible_boundary	candidate	18	[]		not_detected	54
1corintios	confirmed	unresolved	candidate	15	V-PMD-2P	γίνομαι	V- 2PMD-P--	γίνεσθε	06	subordination_marker_scan_only	unresolved	06	estén	1corintios-15-58-P01	963		P	2	finite_verb_morphology	explicit_or_morphological	finite_verb_morphology	confirmed		"[{""form"": ""ὥστε"", ""key"": ""ωστε"", ""token"": ""01""}]"	explicit_marker_after_previous_finite_before_current_finite	candidate	58
1corintios	confirmed	unresolved	candidate	15	V-PAI-3S	εἰμί	V- 3PAI-S--	ἔστιν	21	subordination_marker_scan_only	unresolved	20	es	1corintios-15-58-P02	964	1corintios-15-58-P01	P	2	inheritance_allowed	inherited	nearest_agreeing_nominative_no_visible_boundary	candidate	18	"[{""form"": ""ὅτι"", ""key"": ""οτι"", ""token"": ""16""}]"	explicit_marker_after_previous_finite_before_current_finite	candidate	58
1corintios	confirmed	candidate	candidate	16	V-AAI-1S	διατάσσω	V- 1AAI-S--	διέταξα	10	subordination_marker_scan_only	candidate	13,14	también como	1corintios-16-1-P01	965		S	1	finite_verb_morphology	explicit_or_morphological	finite_verb_morphology	confirmed		[]		not_detected	1
1corintios	confirmed	candidate	candidate	16	V-AAD-2P	ποιέω	V- 2AAD-P--	ποιήσατε	18	subordination_marker_scan_only	candidate	-	-	1corintios-16-1-P02	966		P	2	finite_verb_morphology	explicit_or_morphological	finite_verb_morphology	confirmed		[]		not_detected	1
1corintios	confirmed	candidate	candidate	16	V-PAD-3S	τίθημι	V- 3PAD-S--	τιθέτω	08	subordination_marker_scan_only	candidate	12	ponga	1corintios-16-2-P01	967	1corintios-16-1-P02	P	2	inheritance_allowed	inherited	nearest_agreeing_nominative_no_visible_boundary	candidate	04	[]		not_detected	2
1corintios	confirmed	unresolved	candidate	16	V-PPS-3S	εὐοδόομαι	V- 3PPS-S--	εὐοδῶται	13	subordination_marker_scan_only	unresolved	-	-	1corintios-16-2-P02	968		S	3	finite_verb_morphology	explicit_or_morphological	finite_verb_morphology	confirmed		"[{""form"": ""ἐὰν"", ""key"": ""εαν"", ""token"": ""12""}]"	explicit_marker_after_previous_finite_before_current_finite	candidate	2
1corintios	confirmed	unresolved	candidate	16	V-AAS-1S	ἔρχομαι	V- 1AAS-S--	ἔλθω	17	subordination_marker_scan_only	unresolved	20	yo vaya	1corintios-16-2-P03	969		S	1	finite_verb_morphology	explicit_or_morphological	finite_verb_morphology	confirmed		"[{""form"": ""ἵνα"", ""key"": ""ινα"", ""token"": ""14""}, {""form"": ""ὅταν"", ""key"": ""οταν"", ""token"": ""16""}]"	explicit_marker_after_previous_finite_before_current_finite	candidate	2
1corintios	confirmed	candidate	candidate	16	V-PMS-3P	γίνομαι	V- 3PMS-P--	γίνωνται	20	subordination_marker_scan_only	candidate	23	recojan ofrendas	1corintios-16-2-P04	970	1corintios-16-2-P01	P	2	inheritance_allowed	inherited	nearest_agreeing_nominative_no_visible_boundary	candidate	19	[]		not_detected	2
1corintios	confirmed	unresolved	candidate	16	V-AMS-1S	παραγίνομαι	V- 1AMS-S--	παραγένωμαι	03	subordination_marker_scan_only	unresolved	04	enviaré	1corintios-16-3-P01	971		S	1	finite_verb_morphology	explicit_or_morphological	finite_verb_morphology	confirmed		"[{""form"": ""ὅταν"", ""key"": ""οταν"", ""token"": ""01""}]"	explicit_marker_after_previous_finite_before_current_finite	candidate	3
1corintios	confirmed	unresolved	candidate	16	V-AAS-2P	δοκιμάζω	V- 2AAS-P--	δοκιμάσητε	06	subordination_marker_scan_only	unresolved	07	hayan aprobado	1corintios-16-3-P02	972		P	2	finite_verb_morphology	explicit_or_morphological	finite_verb_morphology	confirmed		"[{""form"": ""ἐὰν"", ""key"": ""εαν"", ""token"": ""05""}]"	explicit_marker_after_previous_finite_before_current_finite	candidate	3
1corintios	confirmed	candidate	candidate	16	V-FAI-1S	πέμπω	V- 1FAI-S--	πέμψω	10	subordination_marker_scan_only	candidate	11	enviaré	1corintios-16-3-P03	973		S	1	finite_verb_morphology	explicit_or_morphological	finite_verb_morphology	confirmed		[]		not_detected	3
1corintios	confirmed	unresolved	candidate	16	V-PAS-3S	εἰμί	V- 3PAS-S--	ᾖ	04	subordination_marker_scan_only	unresolved	04	conveniente	1corintios-16-4-P01	974	1corintios-16-3-P02	P	2	inheritance_allowed	inherited	nearest_agreeing_nominative_no_visible_boundary	candidate	03	"[{""form"": ""ἐὰν"", ""key"": ""εαν"", ""token"": ""01""}]"	explicit_marker_after_previous_finite_before_current_finite	candidate	4
1corintios	confirmed	candidate	candidate	16	V-FMI-3P	πορεύομαι	V- 3FMI-P--	πορεύσονται	10	subordination_marker_scan_only	candidate	10	ellos irán	1corintios-16-4-P02	975		P	3	finite_verb_morphology	explicit_or_morphological	finite_verb_morphology	confirmed		[]		not_detected	4
1corintios	confirmed	candidate	candidate	16	V-FMI-1S	ἔρχομαι	V- 1FMI-S--	ἐλεύσομαι	01	subordination_marker_scan_only	candidate	01	iré	1corintios-16-5-P01	976		S	1	finite_verb_morphology	explicit_or_morphological	finite_verb_morphology	confirmed		[]		not_detected	5
1corintios	confirmed	unresolved	candidate	16	V-AAS-1S	διέρχομαι	V- 1AAS-S--	διέλθω	07	subordination_marker_scan_only	unresolved	-	-	1corintios-16-5-P02	977		S	1	finite_verb_morphology	explicit_or_morphological	finite_verb_morphology	confirmed		"[{""form"": ""ὅταν"", ""key"": ""οταν"", ""token"": ""05""}]"	explicit_marker_after_previous_finite_before_current_finite	candidate	5
1corintios	confirmed	candidate	candidate	16	V-PMI-1S	διέρχομαι	V- 1PMI-S--	διέρχομαι	10	subordination_marker_scan_only	candidate	10,11,12	voy a pasar	1corintios-16-5-P03	978		S	1	finite_verb_morphology	explicit_or_morphological	finite_verb_morphology	confirmed		[]		not_detected	5
1corintios	confirmed	candidate	candidate	16	V-FAI-1S	παραμένω	V- 1FAI-S--	παραμενῶ	05	subordination_marker_scan_only	candidate	06	me quede	1corintios-16-6-P01	979		S	1	finite_verb_morphology	explicit_or_morphological	finite_verb_morphology	confirmed		[]		not_detected	6
1corintios	confirmed	candidate	candidate	16	V-FAI-1S	παραχειμάζω	V- 1FAI-S--	παραχειμάσω	08	subordination_marker_scan_only	candidate	09,10,11	pase allí el invierno	1corintios-16-6-P02	980		S	1	finite_verb_morphology	explicit_or_morphological	finite_verb_morphology	confirmed		[]		not_detected	6
1corintios	confirmed	unresolved	candidate	16	V-AAS-2P	προπέμπω	V- 2AAS-P--	προπέμψητε	12	subordination_marker_scan_only	unresolved	16	encaminen	1corintios-16-6-P03	981		P	2	finite_verb_morphology	explicit_or_morphological	finite_verb_morphology	confirmed		"[{""form"": ""ἵνα"", ""key"": ""ινα"", ""token"": ""09""}]"	explicit_marker_after_previous_finite_before_current_finite	candidate	6
1corintios	confirmed	unresolved	candidate	16	V-PMS-1S	πορεύομαι	V- 1PMS-S--	πορεύωμαι	15	subordination_marker_scan_only	unresolved	19,20,21	de ir	1corintios-16-6-P04	982		S	1	finite_verb_morphology	explicit_or_morphological	finite_verb_morphology	confirmed		"[{""form"": ""ἐὰν"", ""key"": ""εαν"", ""token"": ""14""}]"	explicit_marker_after_previous_finite_before_current_finite	candidate	6
1corintios	confirmed	candidate	candidate	16	V-PAI-1S	θέλω	V- 1PAI-S--	θέλω	02	subordination_marker_scan_only	candidate	02,03	deseo	1corintios-16-7-P01	983		S	1	finite_verb_morphology	explicit_or_morphological	finite_verb_morphology	confirmed		[]		not_detected	7
1corintios	confirmed	candidate	candidate	16	V-PAI-1S	ἐλπίζω	V- 1PAI-S--	ἐλπίζω	09	subordination_marker_scan_only	candidate	12	permanecer	1corintios-16-7-P02	984		S	1	finite_verb_morphology	explicit_or_morphological	finite_verb_morphology	confirmed		[]		not_detected	7
1corintios	confirmed	unresolved	candidate	16	V-AAS-3S	ἐπιτρέπω	V- 3AAS-S--	ἐπιτρέψῃ	19	subordination_marker_scan_only	unresolved	-	-	1corintios-16-7-P03	985	1corintios-16-6-P04	S	1	inheritance_allowed	inherited	nearest_agreeing_nominative_no_visible_boundary	candidate	18	"[{""form"": ""ἐὰν"", ""key"": ""εαν"", ""token"": ""16""}]"	explicit_marker_after_previous_finite_before_current_finite	candidate	7
1corintios	confirmed	candidate	candidate	16	V-FAI-1S	ἐπιμένω	V- 1FAI-S--	ἐπιμενῶ	01	subordination_marker_scan_only	candidate	01	me quedaré	1corintios-16-8-P01	986		S	1	finite_verb_morphology	explicit_or_morphological	finite_verb_morphology	confirmed		[]		not_detected	8
1corintios	confirmed	candidate	candidate	16	V-XAI-3S	ἀνοίγω	V- 3XAI-S--	ἀνέῳγεν	04	subordination_marker_scan_only	candidate	-	-	1corintios-16-9-P01	987		S	3	finite_verb_morphology	explicit_or_morphological	finite_verb_morphology	confirmed		[]		not_detected	9
1corintios	confirmed	unresolved	candidate	16	V-AAS-3S	ἔρχομαι	V- 3AAS-S--	ἔλθῃ	03	subordination_marker_scan_only	unresolved	02	llega	1corintios-16-10-P01	988		S	3	finite_verb_morphology	explicit_or_morphological	finite_verb_morphology	confirmed		"[{""form"": ""ἐὰν"", ""key"": ""εαν"", ""token"": ""01""}]"	explicit_marker_after_previous_finite_before_current_finite	candidate	10
1corintios	confirmed	candidate	candidate	16	V-PAD-2P	βλέπω	V- 2PAD-P--	βλέπετε	05	subordination_marker_scan_only	candidate	04	vean	1corintios-16-10-P02	989		P	2	finite_verb_morphology	explicit_or_morphological	finite_verb_morphology	confirmed		[]		not_detected	10
1corintios	confirmed	unresolved	candidate	16	V-AMS-3S	γίνομαι	V- 3AMS-S--	γένηται	08	subordination_marker_scan_only	unresolved	06,07,08,09,10	esté entre ustedes sin temor	1corintios-16-10-P03	990		S	3	finite_verb_morphology	explicit_or_morphological	finite_verb_morphology	confirmed		"[{""form"": ""ἵνα"", ""key"": ""ινα"", ""token"": ""06""}]"	explicit_marker_after_previous_finite_before_current_finite	candidate	10
1corintios	confirmed	candidate	candidate	16	V-PMI-3S	ἐργάζομαι	V- 3PMI-S--	ἐργάζεται	15	subordination_marker_scan_only	candidate	13	hace	1corintios-16-10-P04	991		S	3	finite_verb_morphology	explicit_or_morphological	finite_verb_morphology	confirmed		[]		not_detected	10
1corintios	confirmed	candidate	candidate	16	V-AAS-3S	ἐξουθενέω	V- 3AAS-S--	ἐξουθενήσῃ	05	subordination_marker_scan_only	candidate	05	menosprecie	1corintios-16-11-P01	992		S	3	finite_verb_morphology	explicit_or_morphological	finite_verb_morphology	confirmed		[]		not_detected	11
1corintios	confirmed	candidate	candidate	16	V-AAD-2P	προπέμπω	V- 2AAD-P--	προπέμψατε	06	subordination_marker_scan_only	candidate	06,07	más bien envíenlo	1corintios-16-11-P02	993		P	2	finite_verb_morphology	explicit_or_morphological	finite_verb_morphology	confirmed		[]		not_detected	11
1corintios	confirmed	unresolved	candidate	16	V-AAS-3S	ἔρχομαι	V- 3AAS-S--	ἔλθῃ	12	subordination_marker_scan_only	unresolved	13	venga	1corintios-16-11-P03	994		S	3	finite_verb_morphology	explicit_or_morphological	finite_verb_morphology	confirmed		"[{""form"": ""ἵνα"", ""key"": ""ινα"", ""token"": ""11""}]"	explicit_marker_after_previous_finite_before_current_finite	candidate	11
1corintios	confirmed	candidate	candidate	16	V-PMI-1S	ἐκδέχομαι	V- 1PMI-S--	ἐκδέχομαι	15	subordination_marker_scan_only	candidate	16,17,18	porque lo espero	1corintios-16-11-P04	995		S	1	finite_verb_morphology	explicit_or_morphological	finite_verb_morphology	confirmed		[]		not_detected	11
1corintios	confirmed	candidate	candidate	16	V-AAI-1S	παρακαλέω	V- 1AAI-S--	παρεκάλεσα	07	subordination_marker_scan_only	candidate	08,09	lo animé	1corintios-16-12-P01	996		S	1	finite_verb_morphology	explicit_or_morphological	finite_verb_morphology	confirmed		[]		not_detected	12
1corintios	confirmed	unresolved	candidate	16	V-AAS-3S	ἔρχομαι	V- 3AAS-S--	ἔλθῃ	10	subordination_marker_scan_only	unresolved	12	fuera	1corintios-16-12-P02	997		S	3	finite_verb_morphology	explicit_or_morphological	finite_verb_morphology	confirmed		"[{""form"": ""ἵνα"", ""key"": ""ινα"", ""token"": ""09""}]"	explicit_marker_after_previous_finite_before_current_finite	candidate	12
1corintios	confirmed	candidate	candidate	16	V-IAI-3S	εἰμί	V- 3IAI-S--	ἦν	19	subordination_marker_scan_only	candidate	22	fue	1corintios-16-12-P03	998		S	3	finite_verb_morphology	explicit_or_morphological	finite_verb_morphology	confirmed		[]		not_detected	12
1corintios	confirmed	unresolved	candidate	16	V-AAS-3S	ἔρχομαι	V- 3AAS-S--	ἔλθῃ	23	subordination_marker_scan_only	unresolved	27	irá	1corintios-16-12-P04	999	1corintios-16-12-P02	S	3	inheritance_allowed	inherited	nearest_agreeing_nominative_no_visible_boundary	candidate	20	"[{""form"": ""ἵνα"", ""key"": ""ινα"", ""token"": ""21""}]"	explicit_marker_after_previous_finite_before_current_finite	candidate	12
1corintios	confirmed	candidate	candidate	16	V-FMI-3S	ἔρχομαι	V- 3FMI-S--	ἐλεύσεται	24	subordination_marker_scan_only	candidate	-	-	1corintios-16-12-P05	1000		S	3	finite_verb_morphology	explicit_or_morphological	finite_verb_morphology	confirmed		[]		not_detected	12
1corintios	confirmed	unresolved	candidate	16	V-AAS-3S	εὐκαιρέω	V- 3AAS-S--	εὐκαιρήσῃ	27	subordination_marker_scan_only	unresolved	30,31,32,33	tenga oportunidad	1corintios-16-12-P06	1001		S	3	finite_verb_morphology	explicit_or_morphological	finite_verb_morphology	confirmed		"[{""form"": ""ὅταν"", ""key"": ""οταν"", ""token"": ""26""}]"	explicit_marker_after_previous_finite_before_current_finite	candidate	12
1corintios	confirmed	candidate	candidate	16	V-PMD-3S	γίνομαι	V- 3PMD-S--	γινέσθω	05	subordination_marker_scan_only	candidate	-	-	1corintios-16-14-P01	1002	1corintios-16-12-P05	S	3	inheritance_allowed	inherited	nearest_agreeing_nominative_no_visible_boundary	candidate	01	[]		not_detected	14
1corintios	confirmed	candidate	candidate	16	V-PAI-1S	παρακαλέω	V- 1PAI-S--	παρακαλῶ	01	subordination_marker_scan_only	candidate	01,02	los exhorto	1corintios-16-15-P01	1003		S	1	finite_verb_morphology	explicit_or_morphological	finite_verb_morphology	confirmed		[]		not_detected	15
1corintios	confirmed	candidate	candidate	16	V-XAI-2P	οἶδα	V- 2XAI-P--	οἴδατε	05	subordination_marker_scan_only	candidate	05	saben	1corintios-16-15-P02	1004		P	2	finite_verb_morphology	explicit_or_morphological	finite_verb_morphology	confirmed		[]		not_detected	15
1corintios	confirmed	unresolved	candidate	16	V-PAI-3S	εἰμί	V- 3PAI-S--	ἐστὶν	10	subordination_marker_scan_only	unresolved	10	es	1corintios-16-15-P03	1005		S	3	finite_verb_morphology	explicit_or_morphological	finite_verb_morphology	confirmed		"[{""form"": ""ὅτι"", ""key"": ""οτι"", ""token"": ""09""}]"	explicit_marker_after_previous_finite_before_current_finite	candidate	15
1corintios	confirmed	candidate	candidate	16	V-AAI-3P	τάσσω	V- 3AAI-P--	ἔταξαν	19	subordination_marker_scan_only	candidate	20,21,22,23	se han dedicado	1corintios-16-15-P04	1006		P	3	finite_verb_morphology	explicit_or_morphological	finite_verb_morphology	confirmed		[]		not_detected	15
1corintios	confirmed	unresolved	candidate	16	V-PPS-2P	ὑποτάσσω	V- 2PPS-P--	ὑποτάσσησθε	04	subordination_marker_scan_only	unresolved	04,05	estén en sujeción	1corintios-16-16-P01	1007		P	2	finite_verb_morphology	explicit_or_morphological	finite_verb_morphology	confirmed		"[{""form"": ""ἵνα"", ""key"": ""ινα"", ""token"": ""01""}]"	explicit_marker_after_previous_finite_before_current_finite	candidate	16
1corintios	confirmed	candidate	candidate	16	V-PAI-1S	χαίρω	V- 1PAI-S--	χαίρω	01	subordination_marker_scan_only	candidate	01,02	me regocijo	1corintios-16-17-P01	1008		S	1	finite_verb_morphology	explicit_or_morphological	finite_verb_morphology	confirmed		[]		not_detected	17
1corintios	confirmed	unresolved	candidate	16	V-AAI-3P	ἀναπληρόω	V- 3AAI-P--	ἀνεπλήρωσαν	16	subordination_marker_scan_only	unresolved	17,18,19,20	que faltaba de ustedes	1corintios-16-17-P02	1009	1corintios-16-16-P01	P	2	inheritance_allowed	inherited	nearest_agreeing_nominative_no_visible_boundary	candidate	15	"[{""form"": ""ὅτι"", ""key"": ""οτι"", ""token"": ""11""}]"	explicit_marker_after_previous_finite_before_current_finite	candidate	17
1corintios	confirmed	candidate	candidate	16	V-AAI-3P	ἀναπαύω	V- 3AAI-P--	ἀνέπαυσαν	01	subordination_marker_scan_only	candidate	01,02	porque ellos	1corintios-16-18-P01	1010		P	3	finite_verb_morphology	explicit_or_morphological	finite_verb_morphology	confirmed		[]		not_detected	18
1corintios	confirmed	candidate	candidate	16	V-PAD-2P	ἐπιγινώσκω	V- 2PAD-P--	ἐπιγινώσκετε	09	subordination_marker_scan_only	candidate	09,10	por tanto reconozcan	1corintios-16-18-P02	1011		P	2	finite_verb_morphology	explicit_or_morphological	finite_verb_morphology	confirmed		[]		not_detected	18
1corintios	confirmed	candidate	candidate	16	V-PMI-3P	ἀσπάζομαι	V- 3PMI-P--	ἀσπάζονται	01	subordination_marker_scan_only	candidate	01,02,03	las iglesias de	1corintios-16-19-P01	1012		P	3	finite_verb_morphology	explicit_or_morphological	finite_verb_morphology	confirmed		[]		not_detected	19
1corintios	confirmed	candidate	candidate	16	V-PMI-3S	ἀσπάζομαι	V- 3PMI-S--	ἀσπάζεται	07	subordination_marker_scan_only	candidate	07,08,09	aquila y priscila	1corintios-16-19-P02	1013		S	3	finite_verb_morphology	explicit_or_morphological	finite_verb_morphology	confirmed		[]		not_detected	19
1corintios	confirmed	candidate	candidate	16	V-PMI-3P	ἀσπάζομαι	V- 3PMI-P--	ἀσπάζονται	01	subordination_marker_scan_only	candidate	01,02,03	todos los hermanos	1corintios-16-20-P01	1014		P	3	finite_verb_morphology	explicit_or_morphological	finite_verb_morphology	confirmed		[]		not_detected	20
1corintios	confirmed	candidate	candidate	16	V-AMD-2P	ἀσπάζομαι	V- 2AMD-P--	ἀσπάσασθε	06	subordination_marker_scan_only	candidate	06	salúdense	1corintios-16-20-P02	1015		P	2	finite_verb_morphology	explicit_or_morphological	finite_verb_morphology	confirmed		[]		not_detected	20
1corintios	confirmed	unresolved	candidate	16	V-PAI-3S	φιλέω	V- 3PAI-S--	φιλεῖ	04	subordination_marker_scan_only	unresolved	04	ama	1corintios-16-22-P01	1016				no_valid_inheritance	unresolved	nearest_agreeing_nominative_no_visible_boundary	candidate	02	"[{""form"": ""εἴ"", ""key"": ""ει"", ""token"": ""01""}]"	explicit_marker_after_previous_finite_before_current_finite	candidate	22
1corintios	confirmed	candidate	candidate	16	V-PAD-3S	εἰμί	V- 3PAD-S--	ἤτω	07	subordination_marker_scan_only	candidate	07	que sea	1corintios-16-22-P02	1017		S	3	finite_verb_morphology	explicit_or_morphological	finite_verb_morphology	confirmed		[]		not_detected	22
1corintios	confirmed	candidate	candidate	16	V-AAD-2S	θά	V- 2AAD-S--	θά	10	subordination_marker_scan_only	candidate	-	-	1corintios-16-22-P03	1018		S	2	finite_verb_morphology	explicit_or_morphological	finite_verb_morphology	confirmed		[]		not_detected	22
