stream_index	book	chapter	verse	g_idx	predication_id	finite_verb	finite_lemma	finite_morphgnt	finite_compact	nbla_idx	nbla_text	subject_status	subject_source	subject_token	subject_person	subject_number	independence_status	independence_source	subordination_status	subordination_source	subordination_markers	certainty_finite_verb	certainty_predication	certainty_independence
1	1corintios	1	4	01	1corintios-1-4-P01	εὐχαριστῶ	εὐχαριστέω	V- 1PAI-S--	V-PAI-1S	02-03	doy gracias	confirmed	finite_verb_morphology		1	S	candidate	subordination_marker_scan_only	not_detected		[]	confirmed	candidate	candidate
2	1corintios	1	5	04	1corintios-1-5-P01	ἐπλουτίσθητε	πλουτίζω	V- 2API-P--	V-API-2P	04-06	ustedes fueron enriquecidos	confirmed	finite_verb_morphology		2	P	unresolved	subordination_marker_scan_only	candidate	explicit_marker_after_previous_finite_before_current_finite	"[{""form"": ""ὅτι"", ""key"": ""οτι"", ""token"": ""01""}]"	confirmed	candidate	unresolved
3	1corintios	1	6	06	1corintios-1-6-P01	ἐβεβαιώθη	βεβαιόω	V- 3API-S--	V-API-3S	08-09	fue confirmado	candidate	nearest_agreeing_nominative_no_visible_boundary	03			unresolved	subordination_marker_scan_only	candidate	explicit_marker_after_previous_finite_before_current_finite	"[{""form"": ""καθὼς"", ""key"": ""καθως"", ""token"": ""01""}]"	confirmed	candidate	unresolved
4	1corintios	1	8	03	1corintios-1-8-P01	βεβαιώσει	βεβαιόω	V- 3FAI-S--	V-FAI-3S	04	confirmará	confirmed	finite_verb_morphology		3	S	candidate	subordination_marker_scan_only	not_detected		[]	confirmed	candidate	candidate
5	1corintios	1	9	06	1corintios-1-9-P01	ἐκλήθητε	καλέω	V- 2API-P--	V-API-2P	08-09	fueron llamados	confirmed	finite_verb_morphology		2	P	candidate	subordination_marker_scan_only	not_detected		[]	confirmed	candidate	candidate
6	1corintios	1	10	01	1corintios-1-10-P01	παρακαλῶ	παρακαλέω	V- 1PAI-S--	V-PAI-1S	01-02	les ruego	confirmed	finite_verb_morphology		1	S	candidate	subordination_marker_scan_only	not_detected		[]	confirmed	candidate	candidate
7	1corintios	1	10	16	1corintios-1-10-P02	λέγητε	λέγω	V- 2PAS-P--	V-PAS-2P	13-16	se pongan de acuerdo	confirmed	finite_verb_morphology		2	P	unresolved	subordination_marker_scan_only	candidate	explicit_marker_after_previous_finite_before_current_finite	"[{""form"": ""ἵνα"", ""key"": ""ινα"", ""token"": ""13""}]"	confirmed	candidate	unresolved
8	1corintios	1	10	20	1corintios-1-10-P03	ᾖ	εἰμί	V- 3PAS-S--	V-PAS-3S	20	haya	confirmed	finite_verb_morphology		3	S	candidate	subordination_marker_scan_only	not_detected		[]	confirmed	candidate	candidate
9	1corintios	1	10	24	1corintios-1-10-P04	ἦτε	εἰμί	V- 2PAS-P--	V-PAS-2P	26	estén	confirmed	finite_verb_morphology		2	P	candidate	subordination_marker_scan_only	not_detected		[]	confirmed	candidate	candidate
10	1corintios	1	11	01	1corintios-1-11-P01	ἐδηλώθη	δηλόω	V- 3API-S--	V-API-3S	02-04	he sido informado	confirmed	finite_verb_morphology		3	S	candidate	subordination_marker_scan_only	not_detected		[]	confirmed	candidate	candidate
11	1corintios	1	11	15	1corintios-1-11-P02	εἰσιν	εἰμί	V- 3PAI-P--	V-PAI-3P	15	hay	candidate	nearest_agreeing_nominative_no_visible_boundary	12			unresolved	subordination_marker_scan_only	candidate	explicit_marker_after_previous_finite_before_current_finite	"[{""form"": ""ὅτι"", ""key"": ""οτι"", ""token"": ""11""}]"	confirmed	candidate	unresolved
12	1corintios	1	12	01	1corintios-1-12-P01	λέγω	λέγω	V- 1PAI-S--	V-PAI-1S	01-02	me refiero	confirmed	finite_verb_morphology		1	S	candidate	subordination_marker_scan_only	not_detected		[]	confirmed	candidate	candidate
13	1corintios	1	12	07	1corintios-1-12-P02	λέγει	λέγω	V- 3PAI-S--	V-PAI-3S	09	dice	candidate	nearest_agreeing_nominative_no_visible_boundary	05			unresolved	subordination_marker_scan_only	candidate	explicit_marker_after_previous_finite_before_current_finite	"[{""form"": ""ὅτι"", ""key"": ""οτι"", ""token"": ""04""}]"	confirmed	candidate	unresolved
14	1corintios	1	12	10	1corintios-1-12-P03	εἰμι	εἰμί	V- 1PAI-S--	V-PAI-1S	11	soy	confirmed	finite_verb_morphology		1	S	candidate	subordination_marker_scan_only	not_detected		[]	confirmed	candidate	candidate
15	1corintios	1	13	01	1corintios-1-13-P01	μεμέρισται	μερίζω	V- 3XPI-S--	V-XPI-3S	01-02	está dividido	confirmed	finite_verb_morphology		3	S	candidate	subordination_marker_scan_only	not_detected		[]	confirmed	candidate	candidate
16	1corintios	1	13	06	1corintios-1-13-P02	ἐσταυρώθη	σταυρόω	V- 3API-S--	V-API-3S	05,07	fue crucificado	candidate	nearest_agreeing_nominative_no_visible_boundary	05			candidate	subordination_marker_scan_only	not_detected		[]	confirmed	candidate	candidate
17	1corintios	1	13	14	1corintios-1-13-P03	ἐβαπτίσθητε	βαπτίζω	V- 2API-P--	V-API-2P	11-12	fueron bautizados	confirmed	finite_verb_morphology		2	P	candidate	subordination_marker_scan_only	not_detected		[]	confirmed	candidate	candidate
18	1corintios	1	14	01	1corintios-1-14-P01	εὐχαριστῶ	εὐχαριστέω	V- 1PAI-S--	V-PAI-1S	01-04	doy gracias a dios	confirmed	finite_verb_morphology		1	S	candidate	subordination_marker_scan_only	not_detected		[]	confirmed	candidate	candidate
19	1corintios	1	14	05	1corintios-1-14-P02	ἐβάπτισα	βαπτίζω	V- 1AAI-S--	V-AAI-1S	07	bauticé	confirmed	finite_verb_morphology		1	S	unresolved	subordination_marker_scan_only	candidate	explicit_marker_after_previous_finite_before_current_finite	"[{""form"": ""ὅτι"", ""key"": ""οτι"", ""token"": ""02""}]"	confirmed	candidate	unresolved
20	1corintios	1	15	04	1corintios-1-15-P01	εἴπῃ	λέγω	V- 3AAS-S--	V-AAS-3S	04	diga	candidate	nearest_agreeing_nominative_no_visible_boundary	03			unresolved	subordination_marker_scan_only	candidate	explicit_marker_after_previous_finite_before_current_finite	"[{""form"": ""ἵνα"", ""key"": ""ινα"", ""token"": ""01""}]"	confirmed	candidate	unresolved
21	1corintios	1	15	10	1corintios-1-15-P02	ἐβαπτίσθητε	βαπτίζω	V- 2API-P--	V-API-2P	06-07	fueron bautizados	confirmed	finite_verb_morphology		2	P	unresolved	subordination_marker_scan_only	candidate	explicit_marker_after_previous_finite_before_current_finite	"[{""form"": ""ὅτι"", ""key"": ""οτι"", ""token"": ""05""}]"	confirmed	candidate	unresolved
22	1corintios	1	16	01	1corintios-1-16-P01	ἐβάπτισα	βαπτίζω	V- 1AAI-S--	V-AAI-1S	02	bauticé	confirmed	finite_verb_morphology		1	S	candidate	subordination_marker_scan_only	not_detected		[]	confirmed	candidate	candidate
23	1corintios	1	16	09	1corintios-1-16-P02	οἶδα	οἶδα	V- 1XAI-S--	V-XAI-1S	14	sé	confirmed	finite_verb_morphology		1	S	candidate	subordination_marker_scan_only	not_detected		[]	confirmed	candidate	candidate
24	1corintios	1	16	13	1corintios-1-16-P03	ἐβάπτισα	βαπτίζω	V- 1AAI-S--	V-AAI-1S	16	bauticé	confirmed	finite_verb_morphology		1	S	unresolved	subordination_marker_scan_only	candidate	explicit_marker_after_previous_finite_before_current_finite	"[{""form"": ""εἴ"", ""key"": ""ει"", ""token"": ""10""}]"	confirmed	candidate	unresolved
25	1corintios	1	17	03	1corintios-1-17-P01	ἀπέστειλέν	ἀποστέλλω	V- 3AAI-S--	V-AAI-3S	05	envió	confirmed	finite_verb_morphology		3	S	candidate	subordination_marker_scan_only	not_detected		[]	confirmed	candidate	candidate
26	1corintios	1	17	15	1corintios-1-17-P02	κενωθῇ	κενόω	V- 3APS-S--	V-APS-3S	20-22	se haga vana	confirmed	finite_verb_morphology		3	S	unresolved	subordination_marker_scan_only	candidate	explicit_marker_after_previous_finite_before_current_finite	"[{""form"": ""ἵνα"", ""key"": ""ινα"", ""token"": ""13""}]"	confirmed	candidate	unresolved
27	1corintios	1	18	11	1corintios-1-18-P01	ἐστίν	εἰμί	V- 3PAI-S--	V-PAI-3S	07	es	candidate	nearest_agreeing_nominative_no_visible_boundary	10			candidate	subordination_marker_scan_only	not_detected		[]	confirmed	candidate	candidate
28	1corintios	1	18	18	1corintios-1-18-P02	ἐστιν	εἰμί	V- 3PAI-S--	V-PAI-3S	19	es	candidate	nearest_agreeing_nominative_no_visible_boundary	16			candidate	subordination_marker_scan_only	not_detected		[]	confirmed	candidate	candidate
29	1corintios	1	19	01	1corintios-1-19-P01	γέγραπται	γράφω	V- 3XPI-S--	V-XPI-3S	02-03	está escrito	confirmed	finite_verb_morphology		3	S	candidate	subordination_marker_scan_only	not_detected		[]	confirmed	candidate	candidate
30	1corintios	1	19	03	1corintios-1-19-P02	ἀπολῶ	ἀπόλλυμι	V- 1FAI-S--	V-FAI-1S	04	destruiré	confirmed	finite_verb_morphology		1	S	candidate	subordination_marker_scan_only	not_detected		[]	confirmed	candidate	candidate
31	1corintios	1	19	13	1corintios-1-19-P03	ἀθετήσω	ἀθετέω	V- 1FAI-S--	V-FAI-1S	16	desecharé	confirmed	finite_verb_morphology		1	S	candidate	subordination_marker_scan_only	not_detected		[]	confirmed	candidate	candidate
32	1corintios	1	20	11	1corintios-1-20-P01	ἐμώρανεν	μωραίνω	V- 3AAI-S--	V-AAI-3S	19-20,22,28-29	ha hecho que sea necedad	candidate	nearest_agreeing_nominative_no_visible_boundary	06			candidate	subordination_marker_scan_only	not_detected		[]	confirmed	candidate	candidate
33	1corintios	1	21	09	1corintios-1-21-P01	ἔγνω	γινώσκω	V- 3AAI-S--	V-AAI-3S	12	conoció	confirmed	finite_verb_morphology		3	S	unresolved	subordination_marker_scan_only	candidate	explicit_marker_after_previous_finite_before_current_finite	"[{""form"": ""ἐπειδὴ"", ""key"": ""επειδη"", ""token"": ""01""}]"	confirmed	candidate	unresolved
34	1corintios	1	21	17	1corintios-1-21-P02	εὐδόκησεν	εὐδοκέω	V- 3AAI-S--	V-AAI-3S	21	agradó	candidate	nearest_agreeing_nominative_no_visible_boundary	11			candidate	subordination_marker_scan_only	not_detected		[]	confirmed	candidate	candidate
35	1corintios	1	22	05	1corintios-1-22-P01	αἰτοῦσιν	αἰτέω	V- 3PAI-P--	V-PAI-3P	06	piden	candidate	nearest_agreeing_nominative_no_visible_boundary	03			unresolved	subordination_marker_scan_only	candidate	explicit_marker_after_previous_finite_before_current_finite	"[{""form"": ""ἐπειδὴ"", ""key"": ""επειδη"", ""token"": ""01""}]"	confirmed	candidate	unresolved
36	1corintios	1	22	09	1corintios-1-22-P02	ζητοῦσιν	ζητέω	V- 3PAI-P--	V-PAI-3P	11	buscan	candidate	nearest_agreeing_nominative_no_visible_boundary	07			candidate	subordination_marker_scan_only	not_detected		[]	confirmed	candidate	candidate
37	1corintios	1	23	03	1corintios-1-23-P01	κηρύσσομεν	κηρύσσω	V- 1PAI-P--	V-PAI-1P	03	predicamos	confirmed	finite_verb_morphology		1	P	candidate	subordination_marker_scan_only	not_detected		[]	confirmed	candidate	candidate
38	1corintios	1	25	09	1corintios-1-25-P01	ἐστίν	εἰμί	V- 3PAI-S--	V-PAI-3S	06	es	candidate	nearest_agreeing_nominative_no_visible_boundary	06			unresolved	subordination_marker_scan_only	candidate	explicit_marker_after_previous_finite_before_current_finite	"[{""form"": ""ὅτι"", ""key"": ""οτι"", ""token"": ""01""}]"	confirmed	candidate	unresolved
39	1corintios	1	26	01	1corintios-1-26-P01	βλέπετε	βλέπω	V- 2PAI-P--	V-PAI-2P	02	consideren	confirmed	finite_verb_morphology		2	P	candidate	subordination_marker_scan_only	not_detected		[]	confirmed	candidate	candidate
40	1corintios	1	27	06	1corintios-1-27-P01	ἐξελέξατο	ἐκλέγομαι	V- 3AMI-S--	V-AMI-3S	04-05	ha escogido	confirmed	finite_verb_morphology		3	S	candidate	subordination_marker_scan_only	not_detected		[]	confirmed	candidate	candidate
41	1corintios	1	27	10	1corintios-1-27-P02	καταισχύνῃ	καταισχύνω	V- 3PAS-S--	V-PAS-3S	11	avergonzar	candidate	nearest_agreeing_nominative_no_visible_boundary	08			unresolved	subordination_marker_scan_only	candidate	explicit_marker_after_previous_finite_before_current_finite	"[{""form"": ""ἵνα"", ""key"": ""ινα"", ""token"": ""09""}]"	confirmed	candidate	unresolved
42	1corintios	1	27	18	1corintios-1-27-P03	ἐξελέξατο	ἐκλέγομαι	V- 3AMI-S--	V-AMI-3S	17-18	ha escogido	confirmed	finite_verb_morphology		3	S	candidate	subordination_marker_scan_only	not_detected		[]	confirmed	candidate	candidate
43	1corintios	1	27	22	1corintios-1-27-P04	καταισχύνῃ	καταισχύνω	V- 3PAS-S--	V-PAS-3S	24	avergonzar	candidate	nearest_agreeing_nominative_no_visible_boundary	20			unresolved	subordination_marker_scan_only	candidate	explicit_marker_after_previous_finite_before_current_finite	"[{""form"": ""ἵνα"", ""key"": ""ινα"", ""token"": ""21""}]"	confirmed	candidate	unresolved
44	1corintios	1	28	09	1corintios-1-28-P01	ἐξελέξατο	ἐκλέγομαι	V- 3AMI-S--	V-AMI-3S	03-04	ha escogido	confirmed	finite_verb_morphology		3	S	candidate	subordination_marker_scan_only	not_detected		[]	confirmed	candidate	candidate
45	1corintios	1	28	18	1corintios-1-28-P02	καταργήσῃ	καταργέω	V- 3AAS-S--	V-AAS-3S	16	anular	confirmed	finite_verb_morphology		3	S	unresolved	subordination_marker_scan_only	candidate	explicit_marker_after_previous_finite_before_current_finite	"[{""form"": ""ἵνα"", ""key"": ""ινα"", ""token"": ""15""}]"	confirmed	candidate	unresolved
46	1corintios	1	29	03	1corintios-1-29-P01	καυχήσηται	καυχάομαι	V- 3AMS-S--	V-AMS-3S	04-05	se jacte	confirmed	finite_verb_morphology		3	S	unresolved	subordination_marker_scan_only	candidate	explicit_marker_after_previous_finite_before_current_finite	"[{""form"": ""ὅπως"", ""key"": ""οπως"", ""token"": ""01""}]"	confirmed	candidate	unresolved
47	1corintios	1	30	05	1corintios-1-30-P01	ἐστε	εἰμί	V- 2PAI-P--	V-PAI-2P	05	están	confirmed	finite_verb_morphology		2	P	candidate	subordination_marker_scan_only	not_detected		[]	confirmed	candidate	candidate
48	1corintios	1	30	10	1corintios-1-30-P02	ἐγενήθη	γίνομαι	V- 3API-S--	V-API-3S	12-13	se hizo	candidate	nearest_agreeing_nominative_no_visible_boundary	09			candidate	subordination_marker_scan_only	not_detected		[]	confirmed	candidate	candidate
49	1corintios	1	31	03	1corintios-1-31-P01	γέγραπται	γράφω	V- 3XPI-S--	V-XPI-3S	05-06	está escrito	confirmed	finite_verb_morphology		3	S	unresolved	subordination_marker_scan_only	candidate	explicit_marker_after_previous_finite_before_current_finite	"[{""form"": ""ἵνα"", ""key"": ""ινα"", ""token"": ""01""}, {""form"": ""καθὼς"", ""key"": ""καθως"", ""token"": ""02""}]"	confirmed	candidate	unresolved
50	1corintios	1	31	08	1corintios-1-31-P02	καυχάσθω	καυχάομαι	V- 3PMD-S--	V-PMD-3S	11-13	que se gloríe	candidate	nearest_agreeing_nominative_no_visible_boundary	04			candidate	subordination_marker_scan_only	not_detected		[]	confirmed	candidate	candidate
51	1corintios	2	1	06	1corintios-2-1-P01	ἦλθον	ἔρχομαι	V- 1AAI-S--	V-AAI-1S	14	fui	confirmed	finite_verb_morphology		1	S	candidate	subordination_marker_scan_only	not_detected		[]	confirmed	candidate	candidate
52	1corintios	2	2	03	1corintios-2-2-P01	ἔκρινά	κρίνω	V- 1AAI-S--	V-AAI-1S	03-04	me propuse	confirmed	finite_verb_morphology		1	S	candidate	subordination_marker_scan_only	not_detected		[]	confirmed	candidate	candidate
53	1corintios	2	3	11	1corintios-2-3-P01	ἐγενόμην	γίνομαι	V- 1AMI-S--	V-AMI-1S	01	estuve	confirmed	finite_verb_morphology		1	S	candidate	subordination_marker_scan_only	not_detected		[]	confirmed	candidate	candidate
54	1corintios	2	5	06	1corintios-2-5-P01	ᾖ	εἰμί	V- 3PAS-S--	V-PAS-3S	08	descanse	candidate	nearest_agreeing_nominative_no_visible_boundary	03			unresolved	subordination_marker_scan_only	candidate	explicit_marker_after_previous_finite_before_current_finite	"[{""form"": ""ἵνα"", ""key"": ""ινα"", ""token"": ""01""}]"	confirmed	candidate	unresolved
55	1corintios	2	6	03	1corintios-2-6-P01	λαλοῦμεν	λαλέω	V- 1PAI-P--	V-PAI-1P	03	hablamos	confirmed	finite_verb_morphology		1	P	candidate	subordination_marker_scan_only	not_detected		[]	confirmed	candidate	candidate
56	1corintios	2	7	02	1corintios-2-7-P01	λαλοῦμεν	λαλέω	V- 1PAI-P--	V-PAI-1P	03	hablamos	confirmed	finite_verb_morphology		1	P	candidate	subordination_marker_scan_only	not_detected		[]	confirmed	candidate	candidate
57	1corintios	2	7	10	1corintios-2-7-P02	προώρισεν	προορίζω	V- 3AAI-S--	V-AAI-3S	19	predestinó	confirmed	finite_verb_morphology		3	S	candidate	subordination_marker_scan_only	not_detected		[]	confirmed	candidate	candidate
58	1corintios	2	8	08	1corintios-2-8-P01	ἔγνωκεν	γινώσκω	V- 3XAI-S--	V-XAI-3S	11-12	ha entendido	candidate	nearest_agreeing_nominative_no_visible_boundary	02			candidate	subordination_marker_scan_only	not_detected		[]	confirmed	candidate	candidate
59	1corintios	2	8	11	1corintios-2-8-P02	ἔγνωσαν	γινώσκω	V- 3AAI-P--	V-AAI-3P	15-17	la hubieran entendido	confirmed	finite_verb_morphology		3	P	unresolved	subordination_marker_scan_only	candidate	explicit_marker_after_previous_finite_before_current_finite	"[{""form"": ""εἰ"", ""key"": ""ει"", ""token"": ""09""}]"	confirmed	candidate	unresolved
60	1corintios	2	8	18	1corintios-2-8-P03	ἐσταύρωσαν	σταυρόω	V- 3AAI-P--	V-AAI-3P	20	crucificado	confirmed	finite_verb_morphology		3	P	candidate	subordination_marker_scan_only	not_detected		[]	confirmed	candidate	candidate
61	1corintios	2	9	03	1corintios-2-9-P01	γέγραπται	γράφω	V- 3XPI-S--	V-XPI-3S	03-04	está escrito	confirmed	finite_verb_morphology		3	S	unresolved	subordination_marker_scan_only	candidate	explicit_marker_after_previous_finite_before_current_finite	"[{""form"": ""καθὼς"", ""key"": ""καθως"", ""token"": ""02""}]"	confirmed	candidate	unresolved
62	1corintios	2	9	07	1corintios-2-9-P02	εἶδεν	ὁράω	V- 3AAI-S--	V-AAI-3S	09	vio	candidate	nearest_agreeing_nominative_no_visible_boundary	05			candidate	subordination_marker_scan_only	not_detected		[]	confirmed	candidate	candidate
63	1corintios	2	9	11	1corintios-2-9-P03	ἤκουσεν	ἀκούω	V- 3AAI-S--	V-AAI-3S	12	oyó	candidate	nearest_agreeing_nominative_no_visible_boundary	09			candidate	subordination_marker_scan_only	not_detected		[]	confirmed	candidate	candidate
64	1corintios	2	9	17	1corintios-2-9-P04	ἀνέβη	ἀναβαίνω	V- 3AAI-S--	V-AAI-3S	14-15	han entrado	confirmed	finite_verb_morphology		3	S	candidate	subordination_marker_scan_only	not_detected		[]	confirmed	candidate	candidate
65	1corintios	2	9	19	1corintios-2-9-P05	ἡτοίμασεν	ἑτοιμάζω	V- 3AAI-S--	V-AAI-3S	25-26	ha preparado	confirmed	finite_verb_morphology		3	S	candidate	subordination_marker_scan_only	not_detected		[]	confirmed	candidate	candidate
66	1corintios	2	10	03	1corintios-2-10-P01	ἀπεκάλυψεν	ἀποκαλύπτω	V- 3AAI-S--	V-AAI-3S	04-05	las reveló	confirmed	finite_verb_morphology		3	S	candidate	subordination_marker_scan_only	not_detected		[]	confirmed	candidate	candidate
67	1corintios	2	10	13	1corintios-2-10-P02	ἐραυνᾷ	ἐραυνάω	V- 3PAI-S--	V-PAI-3S	14-15	lo escudriña	candidate	nearest_agreeing_nominative_no_visible_boundary	11			candidate	subordination_marker_scan_only	not_detected		[]	confirmed	candidate	candidate
68	1corintios	2	11	03	1corintios-2-11-P01	οἶδεν	οἶδα	V- 3XAI-S--	V-XAI-3S	06	conoce	confirmed	finite_verb_morphology		3	S	candidate	subordination_marker_scan_only	not_detected		[]	confirmed	candidate	candidate
69	1corintios	2	11	23	1corintios-2-11-P02	ἔγνωκεν	γινώσκω	V- 3XAI-S--	V-XAI-3S	23	conoce	candidate	nearest_agreeing_nominative_no_visible_boundary	22			unresolved	subordination_marker_scan_only	candidate	explicit_marker_after_previous_finite_before_current_finite	"[{""form"": ""εἰ"", ""key"": ""ει"", ""token"": ""08""}]"	confirmed	candidate	unresolved
70	1corintios	2	12	08	1corintios-2-12-P01	ἐλάβομεν	λαμβάνω	V- 1AAI-P--	V-AAI-1P	03-04	hemos recibido	confirmed	finite_verb_morphology		1	P	candidate	subordination_marker_scan_only	not_detected		[]	confirmed	candidate	candidate
71	1corintios	2	12	17	1corintios-2-12-P02	εἰδῶμεν	οἶδα	V- 1XAS-P--	V-XAS-1P	19	conozcamos	confirmed	finite_verb_morphology		1	P	unresolved	subordination_marker_scan_only	candidate	explicit_marker_after_previous_finite_before_current_finite	"[{""form"": ""ἵνα"", ""key"": ""ινα"", ""token"": ""16""}]"	confirmed	candidate	unresolved
72	1corintios	2	13	03	1corintios-2-13-P01	λαλοῦμεν	λαλέω	V- 1PAI-P--	V-PAI-1P	05	hablamos	confirmed	finite_verb_morphology		1	P	candidate	subordination_marker_scan_only	not_detected		[]	confirmed	candidate	candidate
73	1corintios	2	14	05	1corintios-2-14-P01	δέχεται	δέχομαι	V- 3PMI-S--	V-PMI-3S	06	acepta	candidate	nearest_agreeing_nominative_no_visible_boundary	03			candidate	subordination_marker_scan_only	not_detected		[]	confirmed	candidate	candidate
74	1corintios	2	14	14	1corintios-2-14-P02	ἐστίν	εἰμί	V- 3PAI-S--	V-PAI-3S	16	son	confirmed	finite_verb_morphology		3	S	candidate	subordination_marker_scan_only	not_detected		[]	confirmed	candidate	candidate
75	1corintios	2	14	17	1corintios-2-14-P03	δύναται	δύναμαι	V- 3PMI-S--	V-PMI-3S	20-21	las puede	confirmed	finite_verb_morphology		3	S	candidate	subordination_marker_scan_only	not_detected		[]	confirmed	candidate	candidate
76	1corintios	2	14	21	1corintios-2-14-P04	ἀνακρίνεται	ἀνακρίνω	V- 3PPI-S--	V-PPI-3S	24-28	son cosas que se disciernen	confirmed	finite_verb_morphology		3	S	unresolved	subordination_marker_scan_only	candidate	explicit_marker_after_previous_finite_before_current_finite	"[{""form"": ""ὅτι"", ""key"": ""οτι"", ""token"": ""19""}]"	confirmed	candidate	unresolved
77	1corintios	2	15	04	1corintios-2-15-P01	ἀνακρίνει	ἀνακρίνω	V- 3PAI-S--	V-PAI-3S	07	juzga	candidate	nearest_agreeing_nominative_no_visible_boundary	03			candidate	subordination_marker_scan_only	not_detected		[]	confirmed	candidate	candidate
78	1corintios	2	15	11	1corintios-2-15-P02	ἀνακρίνεται	ἀνακρίνω	V- 3PPI-S--	V-PPI-3S	13-15	no es juzgado	confirmed	finite_verb_morphology		3	S	candidate	subordination_marker_scan_only	not_detected		[]	confirmed	candidate	candidate
79	1corintios	2	16	03	1corintios-2-16-P01	ἔγνω	γινώσκω	V- 3AAI-S--	V-AAI-3S	03-04	ha conocido	confirmed	finite_verb_morphology		3	S	candidate	subordination_marker_scan_only	not_detected		[]	confirmed	candidate	candidate
80	1corintios	2	16	07	1corintios-2-16-P02	συμβιβάσει	συμβιβάζω	V- 3FAI-S--	V-FAI-3S	12	instruya	candidate	nearest_agreeing_nominative_no_visible_boundary	06			candidate	subordination_marker_scan_only	not_detected		[]	confirmed	candidate	candidate
81	1corintios	2	16	13	1corintios-2-16-P03	ἔχομεν	ἔχω	V- 1PAI-P--	V-PAI-1P	15	tenemos	confirmed	finite_verb_morphology		1	P	candidate	subordination_marker_scan_only	not_detected		[]	confirmed	candidate	candidate
82	1corintios	3	1	04	1corintios-3-1-P01	ἠδυνήθην	δύναμαι	V- 1API-S--	V-API-1S	06	pude	confirmed	finite_verb_morphology		1	S	candidate	subordination_marker_scan_only	not_detected		[]	confirmed	candidate	candidate
83	1corintios	3	2	03	1corintios-3-2-P01	ἐπότισα	ποτίζω	V- 1AAI-S--	V-AAI-1S	02-04	di a beber	confirmed	finite_verb_morphology		1	S	candidate	subordination_marker_scan_only	not_detected		[]	confirmed	candidate	candidate
84	1corintios	3	2	08	1corintios-3-2-P02	ἐδύνασθε	δύναμαι	V- 2IMI-P--	V-IMI-2P	12-13	podían recibirlo	confirmed	finite_verb_morphology		2	P	candidate	subordination_marker_scan_only	not_detected		[]	confirmed	candidate	candidate
85	1corintios	3	2	13	1corintios-3-2-P03	δύνασθε	δύναμαι	V- 2PMI-P--	V-PMI-2P	19	pueden	confirmed	finite_verb_morphology		2	P	candidate	subordination_marker_scan_only	not_detected		[]	confirmed	candidate	candidate
86	1corintios	3	3	04	1corintios-3-3-P01	ἐστε	εἰμί	V- 2PAI-P--	V-PAI-2P	03	son	confirmed	finite_verb_morphology		2	P	candidate	subordination_marker_scan_only	not_detected		[]	confirmed	candidate	candidate
87	1corintios	3	3	14	1corintios-3-3-P02	ἐστε	εἰμί	V- 2PAI-P--	V-PAI-2P	13	son	confirmed	finite_verb_morphology		2	P	candidate	subordination_marker_scan_only	not_detected		[]	confirmed	candidate	candidate
88	1corintios	3	3	18	1corintios-3-3-P03	περιπατεῖτε	περιπατέω	V- 2PAI-P--	V-PAI-2P	16	andan	confirmed	finite_verb_morphology		2	P	candidate	subordination_marker_scan_only	not_detected		[]	confirmed	candidate	candidate
89	1corintios	3	4	03	1corintios-3-4-P01	λέγῃ	λέγω	V- 3PAS-S--	V-PAS-3S	04	dice	confirmed	finite_verb_morphology		3	S	unresolved	subordination_marker_scan_only	candidate	explicit_marker_after_previous_finite_before_current_finite	"[{""form"": ""ὅταν"", ""key"": ""οταν"", ""token"": ""01""}]"	confirmed	candidate	unresolved
90	1corintios	3	4	07	1corintios-3-4-P02	εἰμι	εἰμί	V- 1PAI-S--	V-PAI-1S	06	soy	confirmed	finite_verb_morphology		1	S	candidate	subordination_marker_scan_only	not_detected		[]	confirmed	candidate	candidate
91	1corintios	3	4	15	1corintios-3-4-P03	ἐστε	εἰμί	V- 2PAI-P--	V-PAI-2P	16	son	confirmed	finite_verb_morphology		2	P	candidate	subordination_marker_scan_only	not_detected		[]	confirmed	candidate	candidate
92	1corintios	3	5	03	1corintios-3-5-P01	ἐστιν	εἰμί	V- 3PAI-S--	V-PAI-3S	02	es	confirmed	finite_verb_morphology		3	S	candidate	subordination_marker_scan_only	not_detected		[]	confirmed	candidate	candidate
93	1corintios	3	5	07	1corintios-3-5-P02	ἐστιν	εἰμί	V- 3PAI-S--	V-PAI-3S	07	es	confirmed	finite_verb_morphology		3	S	candidate	subordination_marker_scan_only	not_detected		[]	confirmed	candidate	candidate
94	1corintios	3	5	12	1corintios-3-5-P03	ἐπιστεύσατε	πιστεύω	V- 2AAI-P--	V-AAI-2P	13-15	ustedes han creído	confirmed	finite_verb_morphology		2	P	candidate	subordination_marker_scan_only	not_detected		[]	confirmed	candidate	candidate
95	1corintios	3	5	18	1corintios-3-5-P04	ἔδωκεν	δίδωμι	V- 3AAI-S--	V-AAI-3S	19-20	dio oportunidad	candidate	nearest_agreeing_nominative_no_visible_boundary	17			unresolved	subordination_marker_scan_only	candidate	explicit_marker_after_previous_finite_before_current_finite	"[{""form"": ""ὡς"", ""key"": ""ως"", ""token"": ""15""}]"	confirmed	candidate	unresolved
96	1corintios	3	6	02	1corintios-3-6-P01	ἐφύτευσα	φυτεύω	V- 1AAI-S--	V-AAI-1S	02	planté	confirmed	finite_verb_morphology		1	S	candidate	subordination_marker_scan_only	not_detected		[]	confirmed	candidate	candidate
97	1corintios	3	6	04	1corintios-3-6-P02	ἐπότισεν	ποτίζω	V- 3AAI-S--	V-AAI-3S	04	regó	candidate	nearest_agreeing_nominative_no_visible_boundary	03			candidate	subordination_marker_scan_only	not_detected		[]	confirmed	candidate	candidate
98	1corintios	3	6	08	1corintios-3-6-P03	ηὔξανεν	αὐξάνω	V- 3IAI-S--	V-IAI-3S	07-10	ha dado el crecimiento	candidate	nearest_agreeing_nominative_no_visible_boundary	07			candidate	subordination_marker_scan_only	not_detected		[]	confirmed	candidate	candidate
99	1corintios	3	7	05	1corintios-3-7-P01	ἐστίν	εἰμί	V- 3PAI-S--	V-PAI-3S	11	es	candidate	nearest_agreeing_nominative_no_visible_boundary	03			unresolved	subordination_marker_scan_only	candidate	explicit_marker_after_previous_finite_before_current_finite	"[{""form"": ""ὥστε"", ""key"": ""ωστε"", ""token"": ""01""}]"	confirmed	candidate	unresolved
100	1corintios	3	8	08	1corintios-3-8-P01	εἰσιν	εἰμί	V- 3PAI-P--	V-PAI-3P	10	son	confirmed	finite_verb_morphology		3	P	candidate	subordination_marker_scan_only	not_detected		[]	confirmed	candidate	candidate
101	1corintios	3	8	14	1corintios-3-8-P02	λήμψεται	λαμβάνω	V- 3FMI-S--	V-FMI-3S	17	recibirá	confirmed	finite_verb_morphology		3	S	candidate	subordination_marker_scan_only	not_detected		[]	confirmed	candidate	candidate
102	1corintios	3	9	03	1corintios-3-9-P01	ἐσμεν	εἰμί	V- 1PAI-P--	V-PAI-1P	03	somos	confirmed	finite_verb_morphology		1	P	candidate	subordination_marker_scan_only	not_detected		[]	confirmed	candidate	candidate
103	1corintios	3	9	09	1corintios-3-9-P02	ἐστε	εἰμί	V- 2PAI-P--	V-PAI-2P	10-12	y ustedes son	confirmed	finite_verb_morphology		2	P	candidate	subordination_marker_scan_only	not_detected		[]	confirmed	candidate	candidate
104	1corintios	3	10	13	1corintios-3-10-P01	ἔθηκα	τίθημι	V- 1AAI-S--	V-AAI-1S	15	puse	confirmed	finite_verb_morphology		1	S	unresolved	subordination_marker_scan_only	candidate	explicit_marker_after_previous_finite_before_current_finite	"[{""form"": ""ὡς"", ""key"": ""ως"", ""token"": ""09""}]"	confirmed	candidate	unresolved
105	1corintios	3	10	16	1corintios-3-10-P02	ἐποικοδομεῖ	ἐποικοδομέω	V- 3PAI-S--	V-PAI-3S	20-22	edifica sobre él	confirmed	finite_verb_morphology		3	S	candidate	subordination_marker_scan_only	not_detected		[]	confirmed	candidate	candidate
106	1corintios	3	10	19	1corintios-3-10-P03	βλεπέτω	βλέπω	V- 3PAD-S--	V-PAD-3S	26-27	tenga cuidado	confirmed	finite_verb_morphology		3	S	candidate	subordination_marker_scan_only	not_detected		[]	confirmed	candidate	candidate
107	1corintios	3	10	21	1corintios-3-10-P04	ἐποικοδομεῖ	ἐποικοδομέω	V- 3PAI-S--	V-PAI-3S	29-30	edifica encima	confirmed	finite_verb_morphology		3	S	candidate	subordination_marker_scan_only	not_detected		[]	confirmed	candidate	candidate
108	1corintios	3	11	05	1corintios-3-11-P01	δύναται	δύναμαι	V- 3PMI-S--	V-PMI-3S	03	puede	candidate	nearest_agreeing_nominative_no_visible_boundary	04			candidate	subordination_marker_scan_only	not_detected		[]	confirmed	candidate	candidate
109	1corintios	3	11	11	1corintios-3-11-P02	ἐστιν	εἰμί	V- 3PAI-S--	V-PAI-3S	15	es	candidate	nearest_agreeing_nominative_no_visible_boundary	10			candidate	subordination_marker_scan_only	not_detected		[]	confirmed	candidate	candidate
110	1corintios	3	12	04	1corintios-3-12-P01	ἐποικοδομεῖ	ἐποικοδομέω	V- 3PAI-S--	V-PAI-3S	08	edifica	candidate	nearest_agreeing_nominative_no_visible_boundary	03			unresolved	subordination_marker_scan_only	candidate	explicit_marker_after_previous_finite_before_current_finite	"[{""form"": ""εἰ"", ""key"": ""ει"", ""token"": ""01""}]"	confirmed	candidate	unresolved
111	1corintios	3	13	05	1corintios-3-13-P01	γενήσεται	γίνομαι	V- 3FMI-S--	V-FMI-3S	06-07	se hará	candidate	nearest_agreeing_nominative_no_visible_boundary	04			candidate	subordination_marker_scan_only	not_detected		[]	confirmed	candidate	candidate
112	1corintios	3	13	09	1corintios-3-13-P02	δηλώσει	δηλόω	V- 3FAI-S--	V-FAI-3S	12-15	la dará a conocer	candidate	nearest_agreeing_nominative_no_visible_boundary	08			candidate	subordination_marker_scan_only	not_detected		[]	confirmed	candidate	candidate
113	1corintios	3	13	13	1corintios-3-13-P03	ἀποκαλύπτεται	ἀποκαλύπτω	V- 3PPI-S--	V-PPI-3S	19-20	será revelada	confirmed	finite_verb_morphology		3	S	unresolved	subordination_marker_scan_only	candidate	explicit_marker_after_previous_finite_before_current_finite	"[{""form"": ""ὅτι"", ""key"": ""οτι"", ""token"": ""10""}]"	confirmed	candidate	unresolved
114	1corintios	3	13	19	1corintios-3-13-P04	ἐστιν	εἰμί	V- 3PAI-S--	V-PAI-3S	-	-	candidate	nearest_agreeing_nominative_no_visible_boundary	18			candidate	subordination_marker_scan_only	not_detected		[]	confirmed	candidate	candidate
115	1corintios	3	13	23	1corintios-3-13-P05	δοκιμάσει	δοκιμάζω	V- 3FAI-S--	V-FAI-3S	24	probará	candidate	nearest_agreeing_nominative_no_visible_boundary	22			candidate	subordination_marker_scan_only	not_detected		[]	confirmed	candidate	candidate
116	1corintios	3	14	05	1corintios-3-14-P01	μενεῖ	μένω	V- 3FAI-S--	V-FAI-3S	02	permanece	candidate	nearest_agreeing_nominative_no_visible_boundary	04			unresolved	subordination_marker_scan_only	candidate	explicit_marker_after_previous_finite_before_current_finite	"[{""form"": ""εἴ"", ""key"": ""ει"", ""token"": ""01""}]"	confirmed	candidate	unresolved
117	1corintios	3	14	07	1corintios-3-14-P02	ἐποικοδόμησεν	ἐποικοδομέω	V- 3AAI-S--	V-AAI-3S	08-12	ha edificado sobre el fundamento	confirmed	finite_verb_morphology		3	S	candidate	subordination_marker_scan_only	not_detected		[]	confirmed	candidate	candidate
118	1corintios	3	14	09	1corintios-3-14-P03	λήμψεται	λαμβάνω	V- 3FMI-S--	V-FMI-3S	13	recibirá	confirmed	finite_verb_morphology		3	S	candidate	subordination_marker_scan_only	not_detected		[]	confirmed	candidate	candidate
119	1corintios	3	15	05	1corintios-3-15-P01	κατακαήσεται	κατακαίω	V- 3FPI-S--	V-FPI-3S	06-10	es consumida por el fuego	candidate	nearest_agreeing_nominative_no_visible_boundary	04			unresolved	subordination_marker_scan_only	candidate	explicit_marker_after_previous_finite_before_current_finite	"[{""form"": ""εἴ"", ""key"": ""ει"", ""token"": ""01""}]"	confirmed	candidate	unresolved
120	1corintios	3	15	06	1corintios-3-15-P02	ζημιωθήσεται	ζημιόω	V- 3FPI-S--	V-FPI-3S	11-12	sufrirá pérdida	confirmed	finite_verb_morphology		3	S	candidate	subordination_marker_scan_only	not_detected		[]	confirmed	candidate	candidate
121	1corintios	3	15	09	1corintios-3-15-P03	σωθήσεται	σῴζω	V- 3FPI-S--	V-FPI-3S	16-17	será salvo	confirmed	finite_verb_morphology		3	S	candidate	subordination_marker_scan_only	not_detected		[]	confirmed	candidate	candidate
122	1corintios	3	16	02	1corintios-3-16-P01	οἴδατε	οἶδα	V- 2XAI-P--	V-XAI-2P	02	saben	confirmed	finite_verb_morphology		2	P	candidate	subordination_marker_scan_only	not_detected		[]	confirmed	candidate	candidate
123	1corintios	3	16	06	1corintios-3-16-P02	ἐστε	εἰμί	V- 2PAI-P--	V-PAI-2P	04-05	ustedes son	confirmed	finite_verb_morphology		2	P	unresolved	subordination_marker_scan_only	candidate	explicit_marker_after_previous_finite_before_current_finite	"[{""form"": ""ὅτι"", ""key"": ""οτι"", ""token"": ""03""}]"	confirmed	candidate	unresolved
124	1corintios	3	16	12	1corintios-3-16-P03	οἰκεῖ	οἰκέω	V- 3PAI-S--	V-PAI-3S	15	habita	candidate	nearest_agreeing_nominative_no_visible_boundary	09			candidate	subordination_marker_scan_only	not_detected		[]	confirmed	candidate	candidate
125	1corintios	3	17	07	1corintios-3-17-P01	φθείρει	φθείρω	V- 3PAI-S--	V-PAI-3S	03	destruye	candidate	nearest_agreeing_nominative_no_visible_boundary	02			unresolved	subordination_marker_scan_only	candidate	explicit_marker_after_previous_finite_before_current_finite	"[{""form"": ""εἴ"", ""key"": ""ει"", ""token"": ""01""}]"	confirmed	candidate	unresolved
126	1corintios	3	17	08	1corintios-3-17-P02	φθερεῖ	φθείρω	V- 3FAI-S--	V-FAI-3S	09-10	lo destruirá	confirmed	finite_verb_morphology		3	S	candidate	subordination_marker_scan_only	not_detected		[]	confirmed	candidate	candidate
127	1corintios	3	17	18	1corintios-3-17-P03	ἐστιν	εἰμί	V- 3PAI-S--	V-PAI-3S	18	es	candidate	nearest_agreeing_nominative_no_visible_boundary	17			candidate	subordination_marker_scan_only	not_detected		[]	confirmed	candidate	candidate
128	1corintios	3	17	20	1corintios-3-17-P04	ἐστε	εἰμί	V- 2PAI-P--	V-PAI-2P	26	son	confirmed	finite_verb_morphology		2	P	candidate	subordination_marker_scan_only	not_detected		[]	confirmed	candidate	candidate
129	1corintios	3	18	03	1corintios-3-18-P01	ἐξαπατάτω	ἐξαπατάω	V- 3PAD-S--	V-PAD-3S	02-03	se engañe	candidate	nearest_agreeing_nominative_no_visible_boundary	01			candidate	subordination_marker_scan_only	not_detected		[]	confirmed	candidate	candidate
130	1corintios	3	18	06	1corintios-3-18-P02	δοκεῖ	δοκέω	V- 3PAI-S--	V-PAI-3S	11-12	se cree	candidate	nearest_agreeing_nominative_no_visible_boundary	05			unresolved	subordination_marker_scan_only	candidate	explicit_marker_after_previous_finite_before_current_finite	"[{""form"": ""εἴ"", ""key"": ""ει"", ""token"": ""04""}]"	confirmed	candidate	unresolved
131	1corintios	3	18	16	1corintios-3-18-P03	γενέσθω	γίνομαι	V- 3AMD-S--	V-AMD-3S	17	hágase	candidate	nearest_agreeing_nominative_no_visible_boundary	15			candidate	subordination_marker_scan_only	not_detected		[]	confirmed	candidate	candidate
132	1corintios	3	18	18	1corintios-3-18-P04	γένηται	γίνομαι	V- 3AMS-S--	V-AMS-3S	22-24	llegar a ser	confirmed	finite_verb_morphology		3	S	unresolved	subordination_marker_scan_only	candidate	explicit_marker_after_previous_finite_before_current_finite	"[{""form"": ""ἵνα"", ""key"": ""ινα"", ""token"": ""17""}]"	confirmed	candidate	unresolved
133	1corintios	3	19	11	1corintios-3-19-P01	ἐστιν	εἰμί	V- 3PAI-S--	V-PAI-3S	07	es	candidate	nearest_agreeing_nominative_no_visible_boundary	07			candidate	subordination_marker_scan_only	not_detected		[]	confirmed	candidate	candidate
134	1corintios	3	19	12	1corintios-3-19-P02	γέγραπται	γράφω	V- 3XPI-S--	V-XPI-3S	12-13	escrito está	confirmed	finite_verb_morphology		3	S	candidate	subordination_marker_scan_only	not_detected		[]	confirmed	candidate	candidate
135	1corintios	3	20	04	1corintios-3-20-P01	γινώσκει	γινώσκω	V- 3PAI-S--	V-PAI-3S	05	conoce	candidate	nearest_agreeing_nominative_no_visible_boundary	03			candidate	subordination_marker_scan_only	not_detected		[]	confirmed	candidate	candidate
136	1corintios	3	20	10	1corintios-3-20-P02	εἰσὶν	εἰμί	V- 3PAI-P--	V-PAI-3P	13	son	confirmed	finite_verb_morphology		3	P	unresolved	subordination_marker_scan_only	candidate	explicit_marker_after_previous_finite_before_current_finite	"[{""form"": ""ὅτι"", ""key"": ""οτι"", ""token"": ""09""}]"	confirmed	candidate	unresolved
137	1corintios	3	21	03	1corintios-3-21-P01	καυχάσθω	καυχάομαι	V- 3PMD-S--	V-PMD-3S	04-05	se jacte	candidate	nearest_agreeing_nominative_no_visible_boundary	02			unresolved	subordination_marker_scan_only	candidate	explicit_marker_after_previous_finite_before_current_finite	"[{""form"": ""ὥστε"", ""key"": ""ωστε"", ""token"": ""01""}]"	confirmed	candidate	unresolved
138	1corintios	3	21	09	1corintios-3-21-P02	ἐστιν	εἰμί	V- 3PAI-S--	V-PAI-3S	11	es	confirmed	finite_verb_morphology		3	S	candidate	subordination_marker_scan_only	not_detected		[]	confirmed	candidate	candidate
139	1corintios	4	1	03	1corintios-4-1-P01	λογιζέσθω	λογίζομαι	V- 3PMD-S--	V-PMD-3S	05	considere	confirmed	finite_verb_morphology		3	S	candidate	subordination_marker_scan_only	not_detected		[]	confirmed	candidate	candidate
140	1corintios	4	2	03	1corintios-4-2-P01	ζητεῖται	ζητέω	V- 3PPI-S--	V-PPI-3S	05-06	se requiere	confirmed	finite_verb_morphology		3	S	candidate	subordination_marker_scan_only	not_detected		[]	confirmed	candidate	candidate
141	1corintios	4	2	10	1corintios-4-2-P02	εὑρεθῇ	εὑρίσκω	V- 3APS-S--	V-APS-3S	15-16	sea hallado	candidate	nearest_agreeing_nominative_no_visible_boundary	09			unresolved	subordination_marker_scan_only	candidate	explicit_marker_after_previous_finite_before_current_finite	"[{""form"": ""ἵνα"", ""key"": ""ινα"", ""token"": ""07""}]"	confirmed	candidate	unresolved
142	1corintios	4	3	05	1corintios-4-3-P01	ἐστιν	εἰμί	V- 3PAI-S--	V-PAI-3S	05	es	confirmed	finite_verb_morphology		3	S	candidate	subordination_marker_scan_only	not_detected		[]	confirmed	candidate	candidate
143	1corintios	4	3	09	1corintios-4-3-P02	ἀνακριθῶ	ἀνακρίνω	V- 1APS-S--	V-APS-1S	11-12	sea juzgado	confirmed	finite_verb_morphology		1	S	unresolved	subordination_marker_scan_only	candidate	explicit_marker_after_previous_finite_before_current_finite	"[{""form"": ""ἵνα"", ""key"": ""ινα"", ""token"": ""06""}]"	confirmed	candidate	unresolved
144	1corintios	4	3	17	1corintios-4-3-P03	ἀνακρίνω	ἀνακρίνω	V- 1PAI-S--	V-PAI-1S	25-26	me juzgo	confirmed	finite_verb_morphology		1	S	candidate	subordination_marker_scan_only	not_detected		[]	confirmed	candidate	candidate
145	1corintios	4	4	04	1corintios-4-4-P01	σύνοιδα	σύνοιδα	V- 1XAI-S--	V-XAI-1S	03-04	estoy consciente	confirmed	finite_verb_morphology		1	S	candidate	subordination_marker_scan_only	not_detected		[]	confirmed	candidate	candidate
146	1corintios	4	4	09	1corintios-4-4-P02	δεδικαίωμαι	δικαιόω	V- 1XPI-S--	V-XPI-1S	14-16	estoy sin culpa	confirmed	finite_verb_morphology		1	S	candidate	subordination_marker_scan_only	not_detected		[]	confirmed	candidate	candidate
147	1corintios	4	4	15	1corintios-4-4-P03	ἐστιν	εἰμί	V- 3PAI-S--	V-PAI-3S	22	es	candidate	nearest_agreeing_nominative_no_visible_boundary	14			candidate	subordination_marker_scan_only	not_detected		[]	confirmed	candidate	candidate
148	1corintios	4	5	06	1corintios-4-5-P01	κρίνετε	κρίνω	V- 2PAD-P--	V-PAD-2P	04	juzguen	confirmed	finite_verb_morphology		2	P	unresolved	subordination_marker_scan_only	candidate	explicit_marker_after_previous_finite_before_current_finite	"[{""form"": ""ὥστε"", ""key"": ""ωστε"", ""token"": ""01""}]"	confirmed	candidate	unresolved
149	1corintios	4	5	09	1corintios-4-5-P02	ἔλθῃ	ἔρχομαι	V- 3AAS-S--	V-AAS-3S	14	venga	confirmed	finite_verb_morphology		3	S	candidate	subordination_marker_scan_only	not_detected		[]	confirmed	candidate	candidate
150	1corintios	4	5	14	1corintios-4-5-P03	φωτίσει	φωτίζω	V- 3FAI-S--	V-FAI-3S	17-20	sacará a la luz	confirmed	finite_verb_morphology		3	S	candidate	subordination_marker_scan_only	not_detected		[]	confirmed	candidate	candidate
151	1corintios	4	5	20	1corintios-4-5-P04	φανερώσει	φανερόω	V- 3FAI-S--	V-FAI-3S	29-31	pondrá de manifiesto	confirmed	finite_verb_morphology		3	S	candidate	subordination_marker_scan_only	not_detected		[]	confirmed	candidate	candidate
152	1corintios	4	5	29	1corintios-4-5-P05	γενήσεται	γίνομαι	V- 3FMI-S--	V-FMI-3S	40	recibirá	candidate	nearest_agreeing_nominative_no_visible_boundary	28			candidate	subordination_marker_scan_only	not_detected		[]	confirmed	candidate	candidate
153	1corintios	4	6	04	1corintios-4-6-P01	μετεσχημάτισα	μετασχηματίζω	V- 1AAI-S--	V-AAI-1S	04-08	he aplicado en sentido figurado	confirmed	finite_verb_morphology		1	S	candidate	subordination_marker_scan_only	not_detected		[]	confirmed	candidate	candidate
154	1corintios	4	6	14	1corintios-4-6-P02	μάθητε	μανθάνω	V- 2AAS-P--	V-AAS-2P	23	aprendan	confirmed	finite_verb_morphology		2	P	unresolved	subordination_marker_scan_only	candidate	explicit_marker_after_previous_finite_before_current_finite	"[{""form"": ""ἵνα"", ""key"": ""ινα"", ""token"": ""11""}]"	confirmed	candidate	unresolved
155	1corintios	4	6	19	1corintios-4-6-P03	γέγραπται	γράφω	V- 3XPI-S--	V-XPI-3S	29-30	está escrito	confirmed	finite_verb_morphology		3	S	candidate	subordination_marker_scan_only	not_detected		[]	confirmed	candidate	candidate
156	1corintios	4	6	26	1corintios-4-6-P04	φυσιοῦσθε	φυσιόω	V- 2PPI-P--	V-PPI-2P	36-38	se vuelva arrogante	confirmed	finite_verb_morphology		2	P	unresolved	subordination_marker_scan_only	candidate	explicit_marker_after_previous_finite_before_current_finite	"[{""form"": ""ἵνα"", ""key"": ""ινα"", ""token"": ""20""}]"	confirmed	candidate	unresolved
157	1corintios	4	7	04	1corintios-4-7-P01	διακρίνει	διακρίνω	V- 3PAI-S--	V-PAI-3S	04	distingue	confirmed	finite_verb_morphology		3	S	candidate	subordination_marker_scan_only	not_detected		[]	confirmed	candidate	candidate
158	1corintios	4	7	07	1corintios-4-7-P02	ἔχεις	ἔχω	V- 2PAI-S--	V-PAI-2S	06	tienes	confirmed	finite_verb_morphology		2	S	candidate	subordination_marker_scan_only	not_detected		[]	confirmed	candidate	candidate
159	1corintios	4	7	10	1corintios-4-7-P03	ἔλαβες	λαμβάνω	V- 2AAI-S--	V-AAI-2S	09	recibiste	confirmed	finite_verb_morphology		2	S	candidate	subordination_marker_scan_only	not_detected		[]	confirmed	candidate	candidate
160	1corintios	4	7	14	1corintios-4-7-P04	ἔλαβες	λαμβάνω	V- 2AAI-S--	V-AAI-2S	13	recibiste	confirmed	finite_verb_morphology		2	S	unresolved	subordination_marker_scan_only	candidate	explicit_marker_after_previous_finite_before_current_finite	"[{""form"": ""εἰ"", ""key"": ""ει"", ""token"": ""11""}]"	confirmed	candidate	unresolved
161	1corintios	4	7	16	1corintios-4-7-P05	καυχᾶσαι	καυχάομαι	V- 2PMI-S--	V-PMI-2S	16-17	te jactas	confirmed	finite_verb_morphology		2	S	candidate	subordination_marker_scan_only	not_detected		[]	confirmed	candidate	candidate
162	1corintios	4	8	03	1corintios-4-8-P01	ἐστέ	εἰμί	V- 2PAI-P--	V-PAI-2P	02	están	confirmed	finite_verb_morphology		2	P	candidate	subordination_marker_scan_only	not_detected		[]	confirmed	candidate	candidate
163	1corintios	4	8	05	1corintios-4-8-P02	ἐπλουτήσατε	πλουτέω	V- 2AAI-P--	V-AAI-2P	05-09	se han hecho ricos ya	confirmed	finite_verb_morphology		2	P	candidate	subordination_marker_scan_only	not_detected		[]	confirmed	candidate	candidate
164	1corintios	4	8	08	1corintios-4-8-P03	ἐβασιλεύσατε	βασιλεύω	V- 2AAI-P--	V-AAI-2P	10-13	han llegado a reinar	confirmed	finite_verb_morphology		2	P	candidate	subordination_marker_scan_only	not_detected		[]	confirmed	candidate	candidate
165	1corintios	4	8	12	1corintios-4-8-P04	ἐβασιλεύσατε	βασιλεύω	V- 2AAI-P--	V-AAI-2P	19-22	hubieran llegado a reinar	confirmed	finite_verb_morphology		2	P	candidate	subordination_marker_scan_only	not_detected		[]	confirmed	candidate	candidate
166	1corintios	4	8	17	1corintios-4-8-P05	συμβασιλεύσωμεν	συμβασιλεύω	V- 1AAS-P--	V-AAS-1P	26	reináramos	confirmed	finite_verb_morphology		1	P	unresolved	subordination_marker_scan_only	candidate	explicit_marker_after_previous_finite_before_current_finite	"[{""form"": ""ἵνα"", ""key"": ""ινα"", ""token"": ""13""}]"	confirmed	candidate	unresolved
167	1corintios	4	9	01	1corintios-4-9-P01	δοκῶ	δοκέω	V- 1PAI-S--	V-PAI-1S	02-03	pienso que	confirmed	finite_verb_morphology		1	S	candidate	subordination_marker_scan_only	not_detected		[]	confirmed	candidate	candidate
168	1corintios	4	9	09	1corintios-4-9-P02	ἀπέδειξεν	ἀποδείκνυμι	V- 3AAI-S--	V-AAI-3S	06-08	ha exhibido a	candidate	nearest_agreeing_nominative_no_visible_boundary	04			candidate	subordination_marker_scan_only	not_detected		[]	confirmed	candidate	candidate
169	1corintios	4	9	14	1corintios-4-9-P03	ἐγενήθημεν	γίνομαι	V- 1API-P--	V-API-1P	21-24	hemos llegado a ser	confirmed	finite_verb_morphology		1	P	unresolved	subordination_marker_scan_only	candidate	explicit_marker_after_previous_finite_before_current_finite	"[{""form"": ""ὡς"", ""key"": ""ως"", ""token"": ""10""}, {""form"": ""ὅτι"", ""key"": ""οτι"", ""token"": ""12""}]"	confirmed	candidate	unresolved
170	1corintios	4	11	06	1corintios-4-11-P01	πεινῶμεν	πεινάω	V- 1PAI-P--	V-PAI-1P	05-06	pasamos hambre	confirmed	finite_verb_morphology		1	P	candidate	subordination_marker_scan_only	not_detected		[]	confirmed	candidate	candidate
171	1corintios	4	11	08	1corintios-4-11-P02	διψῶμεν	διψάω	V- 1PAI-P--	V-PAI-1P	08	sed	confirmed	finite_verb_morphology		1	P	candidate	subordination_marker_scan_only	not_detected		[]	confirmed	candidate	candidate
172	1corintios	4	11	10	1corintios-4-11-P03	γυμνιτεύομεν	γυμνιτεύω	V- 1PAI-P--	V-PAI-1P	09-11	andamos mal vestidos	confirmed	finite_verb_morphology		1	P	candidate	subordination_marker_scan_only	not_detected		[]	confirmed	candidate	candidate
173	1corintios	4	11	12	1corintios-4-11-P04	κολαφιζόμεθα	κολαφίζω	V- 1PPI-P--	V-PPI-1P	12-13	somos maltratados	confirmed	finite_verb_morphology		1	P	candidate	subordination_marker_scan_only	not_detected		[]	confirmed	candidate	candidate
174	1corintios	4	11	14	1corintios-4-11-P05	ἀστατοῦμεν	ἀστατέω	V- 1PAI-P--	V-PAI-1P	15-18	no tenemos dónde vivir	confirmed	finite_verb_morphology		1	P	candidate	subordination_marker_scan_only	not_detected		[]	confirmed	candidate	candidate
175	1corintios	4	12	02	1corintios-4-12-P01	κοπιῶμεν	κοπιάω	V- 1PAI-P--	V-PAI-1P	01-02	nos agotamos	confirmed	finite_verb_morphology		1	P	candidate	subordination_marker_scan_only	not_detected		[]	confirmed	candidate	candidate
176	1corintios	4	12	08	1corintios-4-12-P02	εὐλογοῦμεν	εὐλογέω	V- 1PAI-P--	V-PAI-1P	11	bendecimos	confirmed	finite_verb_morphology		1	P	candidate	subordination_marker_scan_only	not_detected		[]	confirmed	candidate	candidate
177	1corintios	4	12	10	1corintios-4-12-P03	ἀνεχόμεθα	ἀνέχομαι	V- 1PMI-P--	V-PMI-1P	15-16	lo soportamos	confirmed	finite_verb_morphology		1	P	candidate	subordination_marker_scan_only	not_detected		[]	confirmed	candidate	candidate
178	1corintios	4	13	02	1corintios-4-13-P01	παρακαλοῦμεν	παρακαλέω	V- 1PAI-P--	V-PAI-1P	06-08	tratamos de reconciliar	confirmed	finite_verb_morphology		1	P	candidate	subordination_marker_scan_only	not_detected		[]	confirmed	candidate	candidate
179	1corintios	4	13	07	1corintios-4-13-P02	ἐγενήθημεν	γίνομαι	V- 1API-P--	V-API-1P	09-12	hemos llegado a ser	confirmed	finite_verb_morphology		1	P	unresolved	subordination_marker_scan_only	candidate	explicit_marker_after_previous_finite_before_current_finite	"[{""form"": ""ὡς"", ""key"": ""ως"", ""token"": ""03""}]"	confirmed	candidate	unresolved
180	1corintios	4	14	04	1corintios-4-14-P01	γράφω	γράφω	V- 1PAI-S--	V-PAI-1S	03	escribo	confirmed	finite_verb_morphology		1	S	candidate	subordination_marker_scan_only	not_detected		[]	confirmed	candidate	candidate
181	1corintios	4	15	05	1corintios-4-15-P01	ἔχητε	ἔχω	V- 2PAS-P--	V-PAS-2P	04	tengan	confirmed	finite_verb_morphology		2	P	unresolved	subordination_marker_scan_only	candidate	explicit_marker_after_previous_finite_before_current_finite	"[{""form"": ""ἐὰν"", ""key"": ""εαν"", ""token"": ""01""}]"	confirmed	candidate	unresolved
182	1corintios	4	15	21	1corintios-4-15-P02	ἐγέννησα	γεννάω	V- 1AAI-S--	V-AAI-1S	21	engendré	confirmed	finite_verb_morphology		1	S	candidate	subordination_marker_scan_only	not_detected		[]	confirmed	candidate	candidate
183	1corintios	4	16	01	1corintios-4-16-P01	παρακαλῶ	παρακαλέω	V- 1PAI-S--	V-PAI-1S	04	exhorto	confirmed	finite_verb_morphology		1	S	candidate	subordination_marker_scan_only	not_detected		[]	confirmed	candidate	candidate
184	1corintios	4	16	06	1corintios-4-16-P02	γίνεσθε	γίνομαι	V- 2PMD-P--	V-PMD-2P	05	sean	confirmed	finite_verb_morphology		2	P	candidate	subordination_marker_scan_only	not_detected		[]	confirmed	candidate	candidate
185	1corintios	4	17	03	1corintios-4-17-P01	ἔπεμψα	πέμπω	V- 1AAI-S--	V-AAI-1S	05-06	he enviado	confirmed	finite_verb_morphology		1	S	candidate	subordination_marker_scan_only	not_detected		[]	confirmed	candidate	candidate
186	1corintios	4	17	07	1corintios-4-17-P02	ἐστίν	εἰμί	V- 3PAI-S--	V-PAI-3S	10	es	candidate	nearest_agreeing_nominative_no_visible_boundary	06			candidate	subordination_marker_scan_only	not_detected		[]	confirmed	candidate	candidate
187	1corintios	4	17	17	1corintios-4-17-P03	ἀναμνήσει	ἀναμιμνῄσκω	V- 3FAI-S--	V-FAI-3S	21	recordará	candidate	nearest_agreeing_nominative_no_visible_boundary	15			candidate	subordination_marker_scan_only	not_detected		[]	confirmed	candidate	candidate
188	1corintios	4	17	30	1corintios-4-17-P04	διδάσκω	διδάσκω	V- 1PAI-S--	V-PAI-1S	30-31	yo enseño	confirmed	finite_verb_morphology		1	S	unresolved	subordination_marker_scan_only	candidate	explicit_marker_after_previous_finite_before_current_finite	"[{""form"": ""καθὼς"", ""key"": ""καθως"", ""token"": ""25""}]"	confirmed	candidate	unresolved
189	1corintios	4	18	08	1corintios-4-18-P01	ἐφυσιώθησάν	φυσιόω	V- 3API-P--	V-API-3P	04-07	se han vuelto arrogantes	confirmed	finite_verb_morphology		3	P	unresolved	subordination_marker_scan_only	candidate	explicit_marker_after_previous_finite_before_current_finite	"[{""form"": ""ὡς"", ""key"": ""ως"", ""token"": ""01""}]"	confirmed	candidate	unresolved
190	1corintios	4	19	01	1corintios-4-19-P01	ἐλεύσομαι	ἔρχομαι	V- 1FMI-S--	V-FMI-1S	02	iré	confirmed	finite_verb_morphology		1	S	candidate	subordination_marker_scan_only	not_detected		[]	confirmed	candidate	candidate
191	1corintios	4	19	09	1corintios-4-19-P02	θελήσῃ	θέλω	V- 3AAS-S--	V-AAS-3S	09	quiere	candidate	nearest_agreeing_nominative_no_visible_boundary	08			unresolved	subordination_marker_scan_only	candidate	explicit_marker_after_previous_finite_before_current_finite	"[{""form"": ""ἐὰν"", ""key"": ""εαν"", ""token"": ""06""}]"	confirmed	candidate	unresolved
192	1corintios	4	19	11	1corintios-4-19-P03	γνώσομαι	γινώσκω	V- 1FMI-S--	V-FMI-1S	11	conoceré	confirmed	finite_verb_morphology		1	S	candidate	subordination_marker_scan_only	not_detected		[]	confirmed	candidate	candidate
193	1corintios	4	21	02	1corintios-4-21-P01	θέλετε	θέλω	V- 2PAI-P--	V-PAI-2P	02	quieren	confirmed	finite_verb_morphology		2	P	candidate	subordination_marker_scan_only	not_detected		[]	confirmed	candidate	candidate
194	1corintios	4	21	05	1corintios-4-21-P02	ἔλθω	ἔρχομαι	V- 1AAS-S--	V-AAS-1S	03	iré	confirmed	finite_verb_morphology		1	S	candidate	subordination_marker_scan_only	not_detected		[]	confirmed	candidate	candidate
195	1corintios	5	1	02	1corintios-5-1-P01	ἀκούεται	ἀκούω	V- 3PPI-S--	V-PPI-3S	03-05	se oye que	confirmed	finite_verb_morphology		3	S	candidate	subordination_marker_scan_only	not_detected		[]	confirmed	candidate	candidate
196	1corintios	5	2	04	1corintios-5-2-P01	ἐστέ	εἰμί	V- 2PAI-P--	V-PAI-2P	-	-	confirmed	finite_verb_morphology		2	P	candidate	subordination_marker_scan_only	not_detected		[]	confirmed	candidate	candidate
197	1corintios	5	2	08	1corintios-5-2-P02	ἐπενθήσατε	πενθέω	V- 2AAI-P--	V-AAI-2P	10-11	haberse entristecido	confirmed	finite_verb_morphology		2	P	candidate	subordination_marker_scan_only	not_detected		[]	confirmed	candidate	candidate
198	1corintios	5	2	10	1corintios-5-2-P03	ἀρθῇ	αἴρω	V- 3APS-S--	V-APS-3S	23-24	fuera expulsado	confirmed	finite_verb_morphology		3	S	unresolved	subordination_marker_scan_only	candidate	explicit_marker_after_previous_finite_before_current_finite	"[{""form"": ""ἵνα"", ""key"": ""ινα"", ""token"": ""09""}]"	confirmed	candidate	unresolved
199	1corintios	5	3	12	1corintios-5-3-P01	κέκρικα	κρίνω	V- 1XAI-S--	V-XAI-1S	19-20	he juzgado	confirmed	finite_verb_morphology		1	S	candidate	subordination_marker_scan_only	not_detected		[]	confirmed	candidate	candidate
200	1corintios	5	5	13	1corintios-5-5-P01	σωθῇ	σῴζω	V- 3APS-S--	V-APS-3S	19-20	sea salvo	candidate	nearest_agreeing_nominative_no_visible_boundary	12			unresolved	subordination_marker_scan_only	candidate	explicit_marker_after_previous_finite_before_current_finite	"[{""form"": ""ἵνα"", ""key"": ""ινα"", ""token"": ""10""}]"	confirmed	candidate	unresolved
201	1corintios	5	6	07	1corintios-5-6-P01	οἴδατε	οἶδα	V- 2XAI-P--	V-XAI-2P	09	saben	confirmed	finite_verb_morphology		2	P	candidate	subordination_marker_scan_only	not_detected		[]	confirmed	candidate	candidate
202	1corintios	5	6	14	1corintios-5-6-P02	ζυμοῖ	ζυμόω	V- 3PAI-S--	V-PAI-3S	15	fermenta	candidate	nearest_agreeing_nominative_no_visible_boundary	10			unresolved	subordination_marker_scan_only	candidate	explicit_marker_after_previous_finite_before_current_finite	"[{""form"": ""ὅτι"", ""key"": ""οτι"", ""token"": ""08""}]"	confirmed	candidate	unresolved
203	1corintios	5	7	01	1corintios-5-7-P01	ἐκκαθάρατε	ἐκκαθαίρω	V- 2AAD-P--	V-AAD-2P	01	limpien	confirmed	finite_verb_morphology		2	P	candidate	subordination_marker_scan_only	not_detected		[]	confirmed	candidate	candidate
204	1corintios	5	7	06	1corintios-5-7-P02	ἦτε	εἰμί	V- 2PAS-P--	V-PAS-2P	07	sean	confirmed	finite_verb_morphology		2	P	unresolved	subordination_marker_scan_only	candidate	explicit_marker_after_previous_finite_before_current_finite	"[{""form"": ""ἵνα"", ""key"": ""ινα"", ""token"": ""05""}]"	confirmed	candidate	unresolved
205	1corintios	5	7	10	1corintios-5-7-P03	ἐστε	εἰμί	V- 2PAI-P--	V-PAI-2P	12-15	lo son en realidad	confirmed	finite_verb_morphology		2	P	unresolved	subordination_marker_scan_only	candidate	explicit_marker_after_previous_finite_before_current_finite	"[{""form"": ""καθώς"", ""key"": ""καθως"", ""token"": ""09""}]"	confirmed	candidate	unresolved
206	1corintios	5	7	17	1corintios-5-7-P04	ἐτύθη	θύω	V- 3API-S--	V-API-3S	23-25	ha sido sacrificado	candidate	nearest_agreeing_nominative_no_visible_boundary	15			candidate	subordination_marker_scan_only	not_detected		[]	confirmed	candidate	candidate
207	1corintios	5	8	02	1corintios-5-8-P01	ἑορτάζωμεν	ἑορτάζω	V- 1PAS-P--	V-PAS-1P	03-05	celebremos la fiesta	confirmed	finite_verb_morphology		1	P	unresolved	subordination_marker_scan_only	candidate	explicit_marker_after_previous_finite_before_current_finite	"[{""form"": ""ὥστε"", ""key"": ""ωστε"", ""token"": ""01""}]"	confirmed	candidate	unresolved
208	1corintios	5	9	01	1corintios-5-9-P01	ἔγραψα	γράφω	V- 1AAI-S--	V-AAI-1S	05	escribí	confirmed	finite_verb_morphology		1	S	candidate	subordination_marker_scan_only	not_detected		[]	confirmed	candidate	candidate
209	1corintios	5	10	16	1corintios-5-10-P01	ὠφείλετε	ὀφείλω	V- 2IAI-P--	V-IAI-2P	23-24	tendrían ustedes	confirmed	finite_verb_morphology		2	P	unresolved	subordination_marker_scan_only	candidate	explicit_marker_after_previous_finite_before_current_finite	"[{""form"": ""ἐπεὶ"", ""key"": ""επει"", ""token"": ""15""}]"	confirmed	candidate	unresolved
210	1corintios	5	11	03	1corintios-5-11-P01	ἔγραψα	γράφω	V- 1AAI-S--	V-AAI-1S	06	escribí	confirmed	finite_verb_morphology		1	S	candidate	subordination_marker_scan_only	not_detected		[]	confirmed	candidate	candidate
211	1corintios	5	11	11	1corintios-5-11-P02	ᾖ	εἰμί	V- 3PAS-S--	V-PAS-3S	17-19	es una persona	candidate	nearest_agreeing_nominative_no_visible_boundary	09			unresolved	subordination_marker_scan_only	candidate	explicit_marker_after_previous_finite_before_current_finite	"[{""form"": ""ἐάν"", ""key"": ""εαν"", ""token"": ""07""}]"	confirmed	candidate	unresolved
212	1corintios	5	12	11	1corintios-5-12-P01	κρίνετε	κρίνω	V- 2PAI-P--	V-PAI-2P	13	juzgan	confirmed	finite_verb_morphology		2	P	candidate	subordination_marker_scan_only	not_detected		[]	confirmed	candidate	candidate
213	1corintios	5	13	06	1corintios-5-13-P01	κρίνει;	κρίνω	V- 3PAI-S--	V-PAI-3S	03	juzga	candidate	nearest_agreeing_nominative_no_visible_boundary	05			candidate	subordination_marker_scan_only	not_detected		[]	confirmed	candidate	candidate
214	1corintios	5	13	07	1corintios-5-13-P02	ἐξάρατε	ἐξαίρω	V- 2AAD-P--	V-AAD-2P	09	expulsen	confirmed	finite_verb_morphology		2	P	candidate	subordination_marker_scan_only	not_detected		[]	confirmed	candidate	candidate
215	1corintios	6	1	01	1corintios-6-1-P01	τολμᾷ	τολμάω	V- 3PAI-S--	V-PAI-3S	01-02	se atreve	confirmed	finite_verb_morphology		3	S	candidate	subordination_marker_scan_only	not_detected		[]	confirmed	candidate	candidate
216	1corintios	6	2	03	1corintios-6-2-P01	οἴδατε	οἶδα	V- 2XAI-P--	V-XAI-2P	03	saben	confirmed	finite_verb_morphology		2	P	candidate	subordination_marker_scan_only	not_detected		[]	confirmed	candidate	candidate
217	1corintios	6	2	09	1corintios-6-2-P02	κρινοῦσιν	κρίνω	V- 3FAI-P--	V-FAI-3P	07-09	han de juzgar	candidate	nearest_agreeing_nominative_no_visible_boundary	06			unresolved	subordination_marker_scan_only	candidate	explicit_marker_after_previous_finite_before_current_finite	"[{""form"": ""ὅτι"", ""key"": ""οτι"", ""token"": ""04""}]"	confirmed	candidate	unresolved
218	1corintios	6	2	14	1corintios-6-2-P03	κρίνεται	κρίνω	V- 3PPI-S--	V-PPI-3S	16-17	es juzgado	confirmed	finite_verb_morphology		3	S	unresolved	subordination_marker_scan_only	candidate	explicit_marker_after_previous_finite_before_current_finite	"[{""form"": ""εἰ"", ""key"": ""ει"", ""token"": ""11""}]"	confirmed	candidate	unresolved
219	1corintios	6	2	18	1corintios-6-2-P04	ἐστε	εἰμί	V- 2PAI-P--	V-PAI-2P	21	son	confirmed	finite_verb_morphology		2	P	candidate	subordination_marker_scan_only	not_detected		[]	confirmed	candidate	candidate
220	1corintios	6	3	02	1corintios-6-3-P01	οἴδατε	οἶδα	V- 2XAI-P--	V-XAI-2P	02	saben	confirmed	finite_verb_morphology		2	P	candidate	subordination_marker_scan_only	not_detected		[]	confirmed	candidate	candidate
221	1corintios	6	3	05	1corintios-6-3-P02	κρινοῦμεν	κρίνω	V- 1FAI-P--	V-FAI-1P	04-06	hemos de juzgar	confirmed	finite_verb_morphology		1	P	unresolved	subordination_marker_scan_only	candidate	explicit_marker_after_previous_finite_before_current_finite	"[{""form"": ""ὅτι"", ""key"": ""οτι"", ""token"": ""03""}]"	confirmed	candidate	unresolved
222	1corintios	6	4	06	1corintios-6-4-P01	ἔχητε	ἔχω	V- 2PAS-P--	V-PAS-2P	03	tienen	confirmed	finite_verb_morphology		2	P	unresolved	subordination_marker_scan_only	candidate	explicit_marker_after_previous_finite_before_current_finite	"[{""form"": ""ἐὰν"", ""key"": ""εαν"", ""token"": ""05""}]"	confirmed	candidate	unresolved
223	1corintios	6	4	13	1corintios-6-4-P02	καθίζετε	καθίζω	V- 2PAI-P--	V-PAI-2P	05-08,12-16	que juzgan los casos por qué ponen por jueces	confirmed	finite_verb_morphology		2	P	candidate	subordination_marker_scan_only	not_detected		[]	confirmed	candidate	candidate
224	1corintios	6	5	04	1corintios-6-5-P01	λέγω	λέγω	V- 1PAI-S--	V-PAI-1S	04-05	lo digo	confirmed	finite_verb_morphology		1	S	candidate	subordination_marker_scan_only	not_detected		[]	confirmed	candidate	candidate
225	1corintios	6	5	07	1corintios-6-5-P02	ἔνι	ἔνι	V- 3PAI-S--	V-PAI-3S	08	hay	confirmed	finite_verb_morphology		3	S	candidate	subordination_marker_scan_only	not_detected		[]	confirmed	candidate	candidate
226	1corintios	6	5	13	1corintios-6-5-P03	δυνήσεται	δύναμαι	V- 3FMI-S--	V-FMI-3S	15	pueda	candidate	nearest_agreeing_nominative_no_visible_boundary	12			candidate	subordination_marker_scan_only	not_detected		[]	confirmed	candidate	candidate
227	1corintios	6	6	05	1corintios-6-6-P01	κρίνεται	κρίνω	V- 3PPI-S--	V-PPI-3S	06	litiga	candidate	nearest_agreeing_nominative_no_visible_boundary	02			candidate	subordination_marker_scan_only	not_detected		[]	confirmed	candidate	candidate
228	1corintios	6	7	07	1corintios-6-7-P01	ἐστιν	εἰμί	V- 3PAI-S--	V-PAI-3S	05	es	candidate	nearest_agreeing_nominative_no_visible_boundary	05			candidate	subordination_marker_scan_only	not_detected		[]	confirmed	candidate	candidate
229	1corintios	6	7	10	1corintios-6-7-P02	ἔχετε	ἔχω	V- 2PAI-P--	V-PAI-2P	15	tengan	confirmed	finite_verb_morphology		2	P	unresolved	subordination_marker_scan_only	candidate	explicit_marker_after_previous_finite_before_current_finite	"[{""form"": ""ὅτι"", ""key"": ""οτι"", ""token"": ""08""}]"	confirmed	candidate	unresolved
230	1corintios	6	7	17	1corintios-6-7-P03	ἀδικεῖσθε	ἀδικέω	V- 2PPI-P--	V-PPI-2P	22,24-25	sufren la injusticia	confirmed	finite_verb_morphology		2	P	candidate	subordination_marker_scan_only	not_detected		[]	confirmed	candidate	candidate
231	1corintios	6	7	22	1corintios-6-7-P04	ἀποστερεῖσθε	ἀποστερέω	V- 2PPI-P--	V-PPI-2P	29,31	ser defraudados	confirmed	finite_verb_morphology		2	P	candidate	subordination_marker_scan_only	not_detected		[]	confirmed	candidate	candidate
232	1corintios	6	8	03	1corintios-6-8-P01	ἀδικεῖτε	ἀδικέω	V- 2PAI-P--	V-PAI-2P	06-07	cometen injusticias	confirmed	finite_verb_morphology		2	P	candidate	subordination_marker_scan_only	not_detected		[]	confirmed	candidate	candidate
233	1corintios	6	8	05	1corintios-6-8-P02	ἀποστερεῖτε	ἀποστερέω	V- 2PAI-P--	V-PAI-2P	09	defraudan	confirmed	finite_verb_morphology		2	P	candidate	subordination_marker_scan_only	not_detected		[]	confirmed	candidate	candidate
234	1corintios	6	9	03	1corintios-6-9-P01	οἴδατε	οἶδα	V- 2XAI-P--	V-XAI-2P	03	saben	confirmed	finite_verb_morphology		2	P	candidate	subordination_marker_scan_only	not_detected		[]	confirmed	candidate	candidate
235	1corintios	6	9	09	1corintios-6-9-P02	κληρονομήσουσιν	κληρονομέω	V- 3FAI-P--	V-FAI-3P	08	heredarán	candidate	nearest_agreeing_nominative_no_visible_boundary	05			unresolved	subordination_marker_scan_only	candidate	explicit_marker_after_previous_finite_before_current_finite	"[{""form"": ""ὅτι"", ""key"": ""οτι"", ""token"": ""04""}]"	confirmed	candidate	unresolved
236	1corintios	6	9	11	1corintios-6-9-P03	πλανᾶσθε	πλανάω	V- 2PPD-P--	V-PPD-2P	14-16	se dejen engañar	confirmed	finite_verb_morphology		2	P	candidate	subordination_marker_scan_only	not_detected		[]	confirmed	candidate	candidate
237	1corintios	6	10	13	1corintios-6-10-P01	κληρονομήσουσιν	κληρονομέω	V- 3FAI-P--	V-FAI-3P	16	heredarán	candidate	nearest_agreeing_nominative_no_visible_boundary	10			candidate	subordination_marker_scan_only	not_detected		[]	confirmed	candidate	candidate
238	1corintios	6	11	04	1corintios-6-11-P01	ἦτε	εἰμί	V- 2IAI-P--	V-IAI-2P	03	eran	confirmed	finite_verb_morphology		2	P	candidate	subordination_marker_scan_only	not_detected		[]	confirmed	candidate	candidate
239	1corintios	6	11	06	1corintios-6-11-P02	ἀπελούσασθε	ἀπολούομαι	V- 2AMI-P--	V-AMI-2P	08-09	fueron lavados	confirmed	finite_verb_morphology		2	P	candidate	subordination_marker_scan_only	not_detected		[]	confirmed	candidate	candidate
240	1corintios	6	11	08	1corintios-6-11-P03	ἡγιάσθητε	ἁγιάζω	V- 2API-P--	V-API-2P	11-12	fueron santificados	confirmed	finite_verb_morphology		2	P	candidate	subordination_marker_scan_only	not_detected		[]	confirmed	candidate	candidate
241	1corintios	6	11	10	1corintios-6-11-P04	ἐδικαιώθητε	δικαιόω	V- 2API-P--	V-API-2P	14-15	fueron justificados	confirmed	finite_verb_morphology		2	P	candidate	subordination_marker_scan_only	not_detected		[]	confirmed	candidate	candidate
242	1corintios	6	12	03	1corintios-6-12-P01	ἔξεστιν	ἔξεστι(ν)	V- 3PAI-S--	V-PAI-3S	05-06	son lícitas	candidate	nearest_agreeing_nominative_no_visible_boundary	01			candidate	subordination_marker_scan_only	not_detected		[]	confirmed	candidate	candidate
243	1corintios	6	12	07	1corintios-6-12-P02	συμφέρει	συμφέρω	V- 3PAI-S--	V-PAI-3S	10-12	son de provecho	candidate	nearest_agreeing_nominative_no_visible_boundary	06			candidate	subordination_marker_scan_only	not_detected		[]	confirmed	candidate	candidate
244	1corintios	6	12	10	1corintios-6-12-P03	ἔξεστιν	ἔξεστι(ν)	V- 3PAI-S--	V-PAI-3S	17-18	son lícitas	candidate	nearest_agreeing_nominative_no_visible_boundary	08			candidate	subordination_marker_scan_only	not_detected		[]	confirmed	candidate	candidate
245	1corintios	6	12	14	1corintios-6-12-P04	ἐξουσιασθήσομαι	ἐξουσιάζω	V- 1FPI-S--	V-FPI-1S	22-24	me dejaré dominar	confirmed	finite_verb_morphology		1	S	candidate	subordination_marker_scan_only	not_detected		[]	confirmed	candidate	candidate
246	1corintios	6	13	17	1corintios-6-13-P01	καταργήσει	καταργέω	V- 3FAI-S--	V-FAI-3S	15	destruirá	confirmed	finite_verb_morphology		3	S	candidate	subordination_marker_scan_only	not_detected		[]	confirmed	candidate	candidate
247	1corintios	6	14	07	1corintios-6-14-P01	ἤγειρεν	ἐγείρω	V- 3AAI-S--	V-AAI-3S	03-04	que resucitó	confirmed	finite_verb_morphology		3	S	candidate	subordination_marker_scan_only	not_detected		[]	confirmed	candidate	candidate
248	1corintios	6	14	10	1corintios-6-14-P02	ἐξεγερεῖ	ἐξεγείρω	V- 3FAI-S--	V-FAI-3S	09	resucitará	confirmed	finite_verb_morphology		3	S	candidate	subordination_marker_scan_only	not_detected		[]	confirmed	candidate	candidate
249	1corintios	6	15	02	1corintios-6-15-P01	οἴδατε	οἶδα	V- 2XAI-P--	V-XAI-2P	02	saben	confirmed	finite_verb_morphology		2	P	candidate	subordination_marker_scan_only	not_detected		[]	confirmed	candidate	candidate
250	1corintios	6	15	09	1corintios-6-15-P02	ἐστιν	εἰμί	V- 3PAI-S--	V-PAI-3S	06	son	candidate	nearest_agreeing_nominative_no_visible_boundary	07			unresolved	subordination_marker_scan_only	candidate	explicit_marker_after_previous_finite_before_current_finite	"[{""form"": ""ὅτι"", ""key"": ""οτι"", ""token"": ""03""}]"	confirmed	candidate	unresolved
251	1corintios	6	15	16	1corintios-6-15-P03	ποιήσω	ποιέω	V- 1AAS-S--	V-AAS-1S	16-18	y los haré	confirmed	finite_verb_morphology		1	S	candidate	subordination_marker_scan_only	not_detected		[]	confirmed	candidate	candidate
252	1corintios	6	15	20	1corintios-6-15-P04	γένοιτο	γίνομαι	V- 3AMO-S--	V-AMO-3S	23-25	de ningún modo	confirmed	finite_verb_morphology		3	S	candidate	subordination_marker_scan_only	not_detected		[]	confirmed	candidate	candidate
253	1corintios	6	16	03	1corintios-6-16-P01	οἴδατε	οἶδα	V- 2XAI-P--	V-XAI-2P	03	saben	confirmed	finite_verb_morphology		2	P	candidate	subordination_marker_scan_only	not_detected		[]	confirmed	candidate	candidate
254	1corintios	6	16	11	1corintios-6-16-P02	ἐστιν	εἰμί	V- 3PAI-S--	V-PAI-3S	12,15-16	es con ella	candidate	nearest_agreeing_nominative_no_visible_boundary	10			unresolved	subordination_marker_scan_only	candidate	explicit_marker_after_previous_finite_before_current_finite	"[{""form"": ""ὅτι"", ""key"": ""οτι"", ""token"": ""04""}]"	confirmed	candidate	unresolved
255	1corintios	6	16	12	1corintios-6-16-P03	ἔσονται	εἰμί	V- 3FMI-P--	V-FMI-3P	22-24	vendrán a ser	confirmed	finite_verb_morphology		3	P	candidate	subordination_marker_scan_only	not_detected		[]	confirmed	candidate	candidate
256	1corintios	6	16	14	1corintios-6-16-P04	φησίν	φημί	V- 3PAI-S--	V-PAI-3S	18-19	él dice	confirmed	finite_verb_morphology		3	S	candidate	subordination_marker_scan_only	not_detected		[]	confirmed	candidate	candidate
257	1corintios	6	17	08	1corintios-6-17-P01	ἐστιν	εἰμί	V- 3PAI-S--	V-PAI-3S	08,11-12	es con él	candidate	nearest_agreeing_nominative_no_visible_boundary	07			candidate	subordination_marker_scan_only	not_detected		[]	confirmed	candidate	candidate
258	1corintios	6	18	01	1corintios-6-18-P01	φεύγετε	φεύγω	V- 2PAD-P--	V-PAD-2P	01	huyan	confirmed	finite_verb_morphology		2	P	candidate	subordination_marker_scan_only	not_detected		[]	confirmed	candidate	candidate
259	1corintios	6	18	08	1corintios-6-18-P02	ποιήσῃ	ποιέω	V- 3AAS-S--	V-AAS-3S	12	comete	candidate	nearest_agreeing_nominative_no_visible_boundary	05			unresolved	subordination_marker_scan_only	candidate	explicit_marker_after_previous_finite_before_current_finite	"[{""form"": ""ἐὰν"", ""key"": ""εαν"", ""token"": ""07""}]"	confirmed	candidate	unresolved
260	1corintios	6	18	13	1corintios-6-18-P03	ἐστιν	εἰμί	V- 3PAI-S--	V-PAI-3S	13	están	candidate	nearest_agreeing_nominative_no_visible_boundary	09			candidate	subordination_marker_scan_only	not_detected		[]	confirmed	candidate	candidate
261	1corintios	6	18	21	1corintios-6-18-P04	ἁμαρτάνει	ἁμαρτάνω	V- 3PAI-S--	V-PAI-3S	20	peca	confirmed	finite_verb_morphology		3	S	candidate	subordination_marker_scan_only	not_detected		[]	confirmed	candidate	candidate
262	1corintios	6	19	03	1corintios-6-19-P01	οἴδατε	οἶδα	V- 2XAI-P--	V-XAI-2P	03	saben	confirmed	finite_verb_morphology		2	P	candidate	subordination_marker_scan_only	not_detected		[]	confirmed	candidate	candidate
263	1corintios	6	19	14	1corintios-6-19-P02	ἐστιν	εἰμί	V- 3PAI-S--	V-PAI-3S	07	es	candidate	nearest_agreeing_nominative_no_visible_boundary	08			unresolved	subordination_marker_scan_only	candidate	explicit_marker_after_previous_finite_before_current_finite	"[{""form"": ""ὅτι"", ""key"": ""οτι"", ""token"": ""04""}]"	confirmed	candidate	unresolved
264	1corintios	6	19	16	1corintios-6-19-P03	ἔχετε	ἔχω	V- 2PAI-P--	V-PAI-2P	18	tienen	confirmed	finite_verb_morphology		2	P	candidate	subordination_marker_scan_only	not_detected		[]	confirmed	candidate	candidate
265	1corintios	6	19	21	1corintios-6-19-P04	ἐστὲ	εἰμί	V- 2PAI-P--	V-PAI-2P	25-26	se pertenecen	confirmed	finite_verb_morphology		2	P	candidate	subordination_marker_scan_only	not_detected		[]	confirmed	candidate	candidate
266	1corintios	6	20	01	1corintios-6-20-P01	ἠγοράσθητε	ἀγοράζω	V- 2API-P--	V-API-2P	02-04	han sido comprados	confirmed	finite_verb_morphology		2	P	candidate	subordination_marker_scan_only	not_detected		[]	confirmed	candidate	candidate
267	1corintios	6	20	04	1corintios-6-20-P02	δοξάσατε	δοξάζω	V- 2AAD-P--	V-AAD-2P	10	glorifiquen	confirmed	finite_verb_morphology		2	P	candidate	subordination_marker_scan_only	not_detected		[]	confirmed	candidate	candidate
268	1corintios	7	1	04	1corintios-7-1-P01	ἐγράψατε	γράφω	V- 2AAI-P--	V-AAI-2P	08-09	me escribieron	confirmed	finite_verb_morphology		2	P	candidate	subordination_marker_scan_only	not_detected		[]	confirmed	candidate	candidate
269	1corintios	7	2	09	1corintios-7-2-P01	ἐχέτω	ἔχω	V- 3PAD-S--	V-PAD-3S	11	tenga	candidate	nearest_agreeing_nominative_no_visible_boundary	05			candidate	subordination_marker_scan_only	not_detected		[]	confirmed	candidate	candidate
270	1corintios	7	2	15	1corintios-7-2-P02	ἐχέτω	ἔχω	V- 3PAD-S--	V-PAD-3S	18	tenga	candidate	nearest_agreeing_nominative_no_visible_boundary	11			candidate	subordination_marker_scan_only	not_detected		[]	confirmed	candidate	candidate
271	1corintios	7	3	07	1corintios-7-3-P01	ἀποδιδότω	ἀποδίδωμι	V- 3PAD-S--	V-PAD-3S	01,04	que cumpla	candidate	nearest_agreeing_nominative_no_visible_boundary	04			candidate	subordination_marker_scan_only	not_detected		[]	confirmed	candidate	candidate
272	1corintios	7	4	07	1corintios-7-4-P01	ἐξουσιάζει	ἐξουσιάζω	V- 3PAI-S--	V-PAI-3S	04-05	tiene autoridad	candidate	nearest_agreeing_nominative_no_visible_boundary	02			candidate	subordination_marker_scan_only	not_detected		[]	confirmed	candidate	candidate
273	1corintios	7	4	20	1corintios-7-4-P02	ἐξουσιάζει	ἐξουσιάζω	V- 3PAI-S--	V-PAI-3S	18-19	tiene autoridad	candidate	nearest_agreeing_nominative_no_visible_boundary	15			candidate	subordination_marker_scan_only	not_detected		[]	confirmed	candidate	candidate
274	1corintios	7	5	02	1corintios-7-5-P01	ἀποστερεῖτε	ἀποστερέω	V- 2PAD-P--	V-PAD-2P	02-03	se priven	confirmed	finite_verb_morphology		2	P	candidate	subordination_marker_scan_only	not_detected		[]	confirmed	candidate	candidate
275	1corintios	7	5	12	1corintios-7-5-P02	σχολάσητε	σχολάζω	V- 2AAS-P--	V-AAS-2P	17	dedicarse	confirmed	finite_verb_morphology		2	P	unresolved	subordination_marker_scan_only	candidate	explicit_marker_after_previous_finite_before_current_finite	"[{""form"": ""εἰ"", ""key"": ""ει"", ""token"": ""04""}, {""form"": ""ἵνα"", ""key"": ""ινα"", ""token"": ""11""}]"	confirmed	candidate	unresolved
276	1corintios	7	5	20	1corintios-7-5-P03	ἦτε	εἰμί	V- 2PAS-P--	V-PAS-2P	21	vuelvan	confirmed	finite_verb_morphology		2	P	candidate	subordination_marker_scan_only	not_detected		[]	confirmed	candidate	candidate
277	1corintios	7	5	23	1corintios-7-5-P04	πειράζῃ	πειράζω	V- 3PAS-S--	V-PAS-3S	32	tiente	confirmed	finite_verb_morphology		3	S	unresolved	subordination_marker_scan_only	candidate	explicit_marker_after_previous_finite_before_current_finite	"[{""form"": ""ἵνα"", ""key"": ""ινα"", ""token"": ""21""}]"	confirmed	candidate	unresolved
278	1corintios	7	6	03	1corintios-7-6-P01	λέγω	λέγω	V- 1PAI-S--	V-PAI-1S	04	digo	confirmed	finite_verb_morphology		1	S	candidate	subordination_marker_scan_only	not_detected		[]	confirmed	candidate	candidate
279	1corintios	7	7	01	1corintios-7-7-P01	θέλω	θέλω	V- 1PAI-S--	V-PAI-1S	03-04	yo desearía	confirmed	finite_verb_morphology		1	S	candidate	subordination_marker_scan_only	not_detected		[]	confirmed	candidate	candidate
280	1corintios	7	7	12	1corintios-7-7-P02	ἔχει	ἔχω	V- 3PAI-S--	V-PAI-3S	16-17	ha recibido	candidate	nearest_agreeing_nominative_no_visible_boundary	10			unresolved	subordination_marker_scan_only	candidate	explicit_marker_after_previous_finite_before_current_finite	"[{""form"": ""ὡς"", ""key"": ""ως"", ""token"": ""06""}]"	confirmed	candidate	unresolved
281	1corintios	7	8	01	1corintios-7-8-P01	λέγω	λέγω	V- 1PAI-S--	V-PAI-1S	08	digo	confirmed	finite_verb_morphology		1	S	candidate	subordination_marker_scan_only	not_detected		[]	confirmed	candidate	candidate
282	1corintios	7	8	11	1corintios-7-8-P02	μείνωσιν	μένω	V- 3AAS-P--	V-AAS-3P	15-16	se quedan	confirmed	finite_verb_morphology		3	P	unresolved	subordination_marker_scan_only	candidate	explicit_marker_after_previous_finite_before_current_finite	"[{""form"": ""ἐὰν"", ""key"": ""εαν"", ""token"": ""10""}]"	confirmed	candidate	unresolved
283	1corintios	7	9	04	1corintios-7-9-P01	ἐγκρατεύονται	ἐγκρατεύομαι	V- 3PMI-P--	V-PMI-3P	03-06	carecen de dominio propio	confirmed	finite_verb_morphology		3	P	unresolved	subordination_marker_scan_only	candidate	explicit_marker_after_previous_finite_before_current_finite	"[{""form"": ""εἰ"", ""key"": ""ει"", ""token"": ""01""}]"	confirmed	candidate	unresolved
284	1corintios	7	9	05	1corintios-7-9-P02	γαμησάτωσαν	γαμέω	V- 3AAD-P--	V-AAD-3P	07-08	cásense que	confirmed	finite_verb_morphology		3	P	candidate	subordination_marker_scan_only	not_detected		[]	confirmed	candidate	candidate
285	1corintios	7	9	08	1corintios-7-9-P03	ἐστιν	εἰμί	V- 3PAI-S--	V-PAI-3S	10	es	confirmed	finite_verb_morphology		3	S	candidate	subordination_marker_scan_only	not_detected		[]	confirmed	candidate	candidate
286	1corintios	7	10	04	1corintios-7-10-P01	παραγγέλλω	παραγγέλλω	V- 1PAI-S--	V-PAI-1S	04	instruyo	confirmed	finite_verb_morphology		1	S	candidate	subordination_marker_scan_only	not_detected		[]	confirmed	candidate	candidate
287	1corintios	7	11	04	1corintios-7-11-P01	χωρισθῇ	χωρίζω	V- 3APS-S--	V-APS-3S	04	deja	confirmed	finite_verb_morphology		3	S	unresolved	subordination_marker_scan_only	candidate	explicit_marker_after_previous_finite_before_current_finite	"[{""form"": ""ἐὰν"", ""key"": ""εαν"", ""token"": ""01""}]"	confirmed	candidate	unresolved
288	1corintios	7	11	05	1corintios-7-11-P02	μενέτω	μένω	V- 3PAD-S--	V-PAD-3S	05	quédese	confirmed	finite_verb_morphology		3	S	candidate	subordination_marker_scan_only	not_detected		[]	confirmed	candidate	candidate
289	1corintios	7	11	10	1corintios-7-11-P03	καταλλαγήτω—	καταλλάσσω	V- 3APD-S--	V-APD-3S	09-14	de lo contrario que se reconcilie	confirmed	finite_verb_morphology		3	S	candidate	subordination_marker_scan_only	not_detected		[]	confirmed	candidate	candidate
290	1corintios	7	12	04	1corintios-7-12-P01	λέγω	λέγω	V- 1PAI-S--	V-PAI-1S	05	digo	confirmed	finite_verb_morphology		1	S	candidate	subordination_marker_scan_only	not_detected		[]	confirmed	candidate	candidate
291	1corintios	7	12	13	1corintios-7-12-P02	ἔχει	ἔχω	V- 3PAI-S--	V-PAI-3S	14	tiene	candidate	nearest_agreeing_nominative_no_visible_boundary	11			unresolved	subordination_marker_scan_only	candidate	explicit_marker_after_previous_finite_before_current_finite	"[{""form"": ""εἴ"", ""key"": ""ει"", ""token"": ""09""}]"	confirmed	candidate	unresolved
292	1corintios	7	12	17	1corintios-7-12-P03	συνευδοκεῖ	συνευδοκέω	V- 3PAI-S--	V-PAI-3S	23-24	consiente en	candidate	nearest_agreeing_nominative_no_visible_boundary	16			candidate	subordination_marker_scan_only	not_detected		[]	confirmed	candidate	candidate
293	1corintios	7	12	22	1corintios-7-12-P04	ἀφιέτω	ἀφίημι	V- 3PAD-S--	V-PAD-3S	30	abandone	confirmed	finite_verb_morphology		3	S	candidate	subordination_marker_scan_only	not_detected		[]	confirmed	candidate	candidate
294	1corintios	7	13	05	1corintios-7-13-P01	ἔχει	ἔχω	V- 3PAI-S--	V-PAI-3S	-	-	candidate	nearest_agreeing_nominative_no_visible_boundary	04			unresolved	subordination_marker_scan_only	candidate	explicit_marker_after_previous_finite_before_current_finite	"[{""form"": ""εἴ"", ""key"": ""ει"", ""token"": ""03""}]"	confirmed	candidate	unresolved
295	1corintios	7	13	10	1corintios-7-13-P02	συνευδοκεῖ	συνευδοκέω	V- 3PAI-S--	V-PAI-3S	11-12	consiente en	candidate	nearest_agreeing_nominative_no_visible_boundary	09			candidate	subordination_marker_scan_only	not_detected		[]	confirmed	candidate	candidate
296	1corintios	7	13	15	1corintios-7-13-P03	ἀφιέτω	ἀφίημι	V- 3PAD-S--	V-PAD-3S	17	abandone	confirmed	finite_verb_morphology		3	S	candidate	subordination_marker_scan_only	not_detected		[]	confirmed	candidate	candidate
297	1corintios	7	14	01	1corintios-7-14-P01	ἡγίασται	ἁγιάζω	V- 3XPI-S--	V-XPI-3S	08-09	es santificado	confirmed	finite_verb_morphology		3	S	candidate	subordination_marker_scan_only	not_detected		[]	confirmed	candidate	candidate
298	1corintios	7	14	11	1corintios-7-14-P02	ἡγίασται	ἁγιάζω	V- 3XPI-S--	V-XPI-3S	22-23	es santificada	confirmed	finite_verb_morphology		3	S	candidate	subordination_marker_scan_only	not_detected		[]	confirmed	candidate	candidate
299	1corintios	7	14	25	1corintios-7-14-P03	ἐστιν	εἰμί	V- 3PAI-S--	V-PAI-3S	35	serían	candidate	nearest_agreeing_nominative_no_visible_boundary	24			unresolved	subordination_marker_scan_only	candidate	explicit_marker_after_previous_finite_before_current_finite	"[{""form"": ""ἐπεὶ"", ""key"": ""επει"", ""token"": ""19""}]"	confirmed	candidate	unresolved
300	1corintios	7	14	29	1corintios-7-14-P04	ἐστιν	εἰμί	V- 3PAI-S--	V-PAI-3S	39	son	candidate	nearest_agreeing_nominative_no_visible_boundary	28			candidate	subordination_marker_scan_only	not_detected		[]	confirmed	candidate	candidate
301	1corintios	7	15	05	1corintios-7-15-P01	χωρίζεται	χωρίζω	V- 3PPI-S--	V-PPI-3S	09-10	se separa	candidate	nearest_agreeing_nominative_no_visible_boundary	04			unresolved	subordination_marker_scan_only	candidate	explicit_marker_after_previous_finite_before_current_finite	"[{""form"": ""εἰ"", ""key"": ""ει"", ""token"": ""01""}]"	confirmed	candidate	unresolved
302	1corintios	7	15	06	1corintios-7-15-P02	χωριζέσθω	χωρίζω	V- 3PPD-S--	V-PPD-3S	11-13	que se separe	confirmed	finite_verb_morphology		3	S	candidate	subordination_marker_scan_only	not_detected		[]	confirmed	candidate	candidate
303	1corintios	7	15	08	1corintios-7-15-P03	δεδούλωται	δουλόω	V- 3XPI-S--	V-XPI-3S	23-24	están obligados	confirmed	finite_verb_morphology		3	S	candidate	subordination_marker_scan_only	not_detected		[]	confirmed	candidate	candidate
304	1corintios	7	15	20	1corintios-7-15-P04	κέκληκεν	καλέω	V- 3XAI-S--	V-XAI-3S	29-30	ha llamado	confirmed	finite_verb_morphology		3	S	candidate	subordination_marker_scan_only	not_detected		[]	confirmed	candidate	candidate
305	1corintios	7	16	03	1corintios-7-16-P01	οἶδας	οἶδα	V- 2XAI-S--	V-XAI-2S	03	sabes	confirmed	finite_verb_morphology		2	S	candidate	subordination_marker_scan_only	not_detected		[]	confirmed	candidate	candidate
306	1corintios	7	16	08	1corintios-7-16-P02	σώσεις	σῴζω	V- 2FAI-S--	V-FAI-2S	07	salvarás	confirmed	finite_verb_morphology		2	S	unresolved	subordination_marker_scan_only	candidate	explicit_marker_after_previous_finite_before_current_finite	"[{""form"": ""εἰ"", ""key"": ""ει"", ""token"": ""05""}]"	confirmed	candidate	unresolved
307	1corintios	7	16	11	1corintios-7-16-P03	οἶδας	οἶδα	V- 2XAI-S--	V-XAI-2S	13	sabes	confirmed	finite_verb_morphology		2	S	candidate	subordination_marker_scan_only	not_detected		[]	confirmed	candidate	candidate
308	1corintios	7	16	16	1corintios-7-16-P04	σώσεις	σῴζω	V- 2FAI-S--	V-FAI-2S	17	salvarás	confirmed	finite_verb_morphology		2	S	unresolved	subordination_marker_scan_only	candidate	explicit_marker_after_previous_finite_before_current_finite	"[{""form"": ""εἰ"", ""key"": ""ει"", ""token"": ""13""}]"	confirmed	candidate	unresolved
309	1corintios	7	17	05	1corintios-7-17-P01	ἐμέρισεν	μερίζω	V- 3AAI-S--	V-AAI-3S	07,08	ha asignado	confirmed	finite_verb_morphology		3	S	unresolved	subordination_marker_scan_only	candidate	explicit_marker_after_previous_finite_before_current_finite	"[{""form"": ""εἰ"", ""key"": ""ει"", ""token"": ""01""}, {""form"": ""ὡς"", ""key"": ""ως"", ""token"": ""04""}]"	confirmed	candidate	unresolved
310	1corintios	7	17	10	1corintios-7-17-P02	κέκληκεν	καλέω	V- 3XAI-S--	V-XAI-3S	14	llamó	candidate	nearest_agreeing_nominative_no_visible_boundary	07			unresolved	subordination_marker_scan_only	candidate	explicit_marker_after_previous_finite_before_current_finite	"[{""form"": ""ὡς"", ""key"": ""ως"", ""token"": ""09""}]"	confirmed	candidate	unresolved
311	1corintios	7	17	14	1corintios-7-17-P03	περιπατείτω	περιπατέω	V- 3PAD-S--	V-PAD-3S	19	ande	candidate	nearest_agreeing_nominative_no_visible_boundary	12			candidate	subordination_marker_scan_only	not_detected		[]	confirmed	candidate	candidate
312	1corintios	7	17	21	1corintios-7-17-P04	διατάσσομαι	διατάσσω	V- 1PMI-S--	V-PMI-1S	21	ordeno	confirmed	finite_verb_morphology		1	S	candidate	subordination_marker_scan_only	not_detected		[]	confirmed	candidate	candidate
313	1corintios	7	18	03	1corintios-7-18-P01	ἐκλήθη;	καλέω	V- 3API-S--	V-API-3S	01-02,07-09	fue llamado circuncidado fue llamado	candidate	nearest_agreeing_nominative_no_visible_boundary	02			candidate	subordination_marker_scan_only	not_detected		[]	confirmed	candidate	candidate
314	1corintios	7	18	05	1corintios-7-18-P02	ἐπισπάσθω	ἐπισπάομαι	V- 3PMD-S--	V-PMD-3S	06	quédese	confirmed	finite_verb_morphology		3	S	candidate	subordination_marker_scan_only	not_detected		[]	confirmed	candidate	candidate
315	1corintios	7	18	08	1corintios-7-18-P03	κέκληταί	καλέω	V- 3XPI-S--	V-XPI-3S	08-09	fue llamado	confirmed	finite_verb_morphology		3	S	candidate	subordination_marker_scan_only	not_detected		[]	confirmed	candidate	candidate
316	1corintios	7	18	11	1corintios-7-18-P04	περιτεμνέσθω	περιτέμνω	V- 3PPD-S--	V-PPD-3S	14-15	se circuncide	candidate	nearest_agreeing_nominative_no_visible_boundary	09			candidate	subordination_marker_scan_only	not_detected		[]	confirmed	candidate	candidate
317	1corintios	7	19	04	1corintios-7-19-P01	ἐστιν	εἰμί	V- 3PAI-S--	V-PAI-3S	04	es	candidate	nearest_agreeing_nominative_no_visible_boundary	03			candidate	subordination_marker_scan_only	not_detected		[]	confirmed	candidate	candidate
318	1corintios	7	19	09	1corintios-7-19-P02	ἐστιν	εἰμί	V- 3PAI-S--	V-PAI-3S	07	es	candidate	nearest_agreeing_nominative_no_visible_boundary	08			candidate	subordination_marker_scan_only	not_detected		[]	confirmed	candidate	candidate
319	1corintios	7	20	06	1corintios-7-20-P01	ἐκλήθη	καλέω	V- 3API-S--	V-API-3S	10	llamado	confirmed	finite_verb_morphology		3	S	candidate	subordination_marker_scan_only	not_detected		[]	confirmed	candidate	candidate
320	1corintios	7	20	09	1corintios-7-20-P02	μενέτω	μένω	V- 3PAD-S--	V-PAD-3S	-	-	confirmed	finite_verb_morphology		3	S	candidate	subordination_marker_scan_only	not_detected		[]	confirmed	candidate	candidate
321	1corintios	7	21	02	1corintios-7-21-P01	ἐκλήθης;	καλέω	V- 2API-S--	V-API-2S	02	llamado	confirmed	finite_verb_morphology		2	S	candidate	subordination_marker_scan_only	not_detected		[]	confirmed	candidate	candidate
322	1corintios	7	21	05	1corintios-7-21-P02	μελέτω	μέλει	V- 3PAD-S--	V-PAD-3S	05	no	confirmed	finite_verb_morphology		3	S	candidate	subordination_marker_scan_only	not_detected		[]	confirmed	candidate	candidate
323	1corintios	7	21	09	1corintios-7-21-P03	δύνασαι	δύναμαι	V- 2PMI-S--	V-PMI-2S	10	puedes	confirmed	finite_verb_morphology		2	S	unresolved	subordination_marker_scan_only	candidate	explicit_marker_after_previous_finite_before_current_finite	"[{""form"": ""εἰ"", ""key"": ""ει"", ""token"": ""07""}]"	confirmed	candidate	unresolved
324	1corintios	7	21	13	1corintios-7-21-P04	χρῆσαι	χράομαι	V- 2AMD-S--	V-AMD-2S	14	prefiérelo	confirmed	finite_verb_morphology		2	S	candidate	subordination_marker_scan_only	not_detected		[]	confirmed	candidate	candidate
325	1corintios	7	22	09	1corintios-7-22-P01	ἐστίν	εἰμί	V- 3PAI-S--	V-PAI-3S	13	es	candidate	nearest_agreeing_nominative_no_visible_boundary	07			candidate	subordination_marker_scan_only	not_detected		[]	confirmed	candidate	candidate
326	1corintios	7	22	15	1corintios-7-22-P02	ἐστιν	εἰμί	V- 3PAI-S--	V-PAI-3S	27	es	candidate	nearest_agreeing_nominative_no_visible_boundary	14			candidate	subordination_marker_scan_only	not_detected		[]	confirmed	candidate	candidate
327	1corintios	7	23	02	1corintios-7-23-P01	ἠγοράσθητε	ἀγοράζω	V- 2API-P--	V-API-2P	01-03	ustedes fueron comprados	confirmed	finite_verb_morphology		2	P	candidate	subordination_marker_scan_only	not_detected		[]	confirmed	candidate	candidate
328	1corintios	7	23	04	1corintios-7-23-P02	γίνεσθε	γίνομαι	V- 2PMD-P--	V-PMD-2P	07-08	se hagan	confirmed	finite_verb_morphology		2	P	candidate	subordination_marker_scan_only	not_detected		[]	confirmed	candidate	candidate
329	1corintios	7	24	04	1corintios-7-24-P01	ἐκλήθη	καλέω	V- 3API-S--	V-API-3S	07	en	candidate	nearest_agreeing_nominative_no_visible_boundary	01			candidate	subordination_marker_scan_only	not_detected		[]	confirmed	candidate	candidate
330	1corintios	7	24	08	1corintios-7-24-P02	μενέτω	μένω	V- 3PAD-S--	V-PAD-3S	13	llamado	confirmed	finite_verb_morphology		3	S	candidate	subordination_marker_scan_only	not_detected		[]	confirmed	candidate	candidate
331	1corintios	7	25	08	1corintios-7-25-P01	ἔχω	ἔχω	V- 1PAI-S--	V-PAI-1S	09	del	confirmed	finite_verb_morphology		1	S	candidate	subordination_marker_scan_only	not_detected		[]	confirmed	candidate	candidate
332	1corintios	7	25	11	1corintios-7-25-P02	δίδωμι	δίδωμι	V- 1PAI-S--	V-PAI-1S	13	mi	confirmed	finite_verb_morphology		1	S	candidate	subordination_marker_scan_only	not_detected		[]	confirmed	candidate	candidate
333	1corintios	7	26	01	1corintios-7-26-P01	νομίζω	νομίζω	V- 1PAI-S--	V-PAI-1S	01	creo	confirmed	finite_verb_morphology		1	S	candidate	subordination_marker_scan_only	not_detected		[]	confirmed	candidate	candidate
334	1corintios	7	27	01	1corintios-7-27-P01	δέδεσαι	δέω	V- 2XPI-S--	V-XPI-2S	01-02	estás unido	confirmed	finite_verb_morphology		2	S	candidate	subordination_marker_scan_only	not_detected		[]	confirmed	candidate	candidate
335	1corintios	7	27	04	1corintios-7-27-P02	ζήτει	ζητέω	V- 2PAD-S--	V-PAD-2S	06	procures	confirmed	finite_verb_morphology		2	S	candidate	subordination_marker_scan_only	not_detected		[]	confirmed	candidate	candidate
336	1corintios	7	27	06	1corintios-7-27-P03	λέλυσαι	λύω	V- 2XPI-S--	V-XPI-2S	08-09	estás libre	confirmed	finite_verb_morphology		2	S	candidate	subordination_marker_scan_only	not_detected		[]	confirmed	candidate	candidate
337	1corintios	7	27	10	1corintios-7-27-P04	ζήτει	ζητέω	V- 2PAD-S--	V-PAD-2S	13	busques	confirmed	finite_verb_morphology		2	S	candidate	subordination_marker_scan_only	not_detected		[]	confirmed	candidate	candidate
338	1corintios	7	28	04	1corintios-7-28-P01	γαμήσῃς	γαμέω	V- 2AAS-S--	V-AAS-2S	05	no	confirmed	finite_verb_morphology		2	S	unresolved	subordination_marker_scan_only	candidate	explicit_marker_after_previous_finite_before_current_finite	"[{""form"": ""ἐὰν"", ""key"": ""εαν"", ""token"": ""01""}]"	confirmed	candidate	unresolved
339	1corintios	7	28	06	1corintios-7-28-P02	ἥμαρτες	ἁμαρτάνω	V- 2AAI-S--	V-AAI-2S	07	pecado	confirmed	finite_verb_morphology		2	S	candidate	subordination_marker_scan_only	not_detected		[]	confirmed	candidate	candidate
340	1corintios	7	28	09	1corintios-7-28-P03	γήμῃ	γαμέω	V- 3AAS-S--	V-AAS-3S	11	virgen	confirmed	finite_verb_morphology		3	S	unresolved	subordination_marker_scan_only	candidate	explicit_marker_after_previous_finite_before_current_finite	"[{""form"": ""ἐὰν"", ""key"": ""εαν"", ""token"": ""08""}]"	confirmed	candidate	unresolved
341	1corintios	7	28	13	1corintios-7-28-P04	ἥμαρτεν	ἁμαρτάνω	V- 3AAI-S--	V-AAI-3S	15	ha	candidate	nearest_agreeing_nominative_no_visible_boundary	11			candidate	subordination_marker_scan_only	not_detected		[]	confirmed	candidate	candidate
342	1corintios	7	28	18	1corintios-7-28-P05	ἕξουσιν	ἔχω	V- 3FAI-P--	V-FAI-3P	22	en	confirmed	finite_verb_morphology		3	P	candidate	subordination_marker_scan_only	not_detected		[]	confirmed	candidate	candidate
343	1corintios	7	28	24	1corintios-7-28-P06	φείδομαι	φείδομαι	V- 1PMI-S--	V-PMI-1S	28	evitárselos	confirmed	finite_verb_morphology		1	S	candidate	subordination_marker_scan_only	not_detected		[]	confirmed	candidate	candidate
344	1corintios	7	29	03	1corintios-7-29-P01	φημι	φημί	V- 1PAI-S--	V-PAI-1S	03	digo	confirmed	finite_verb_morphology		1	S	candidate	subordination_marker_scan_only	not_detected		[]	confirmed	candidate	candidate
345	1corintios	7	29	08	1corintios-7-29-P02	ἐστίν	εἰμί	V- 3PAI-S--	V-PAI-3S	08	sido	candidate	nearest_agreeing_nominative_no_visible_boundary	06			candidate	subordination_marker_scan_only	not_detected		[]	confirmed	candidate	candidate
346	1corintios	7	29	19	1corintios-7-29-P03	ὦσιν	εἰμί	V- 3PAS-P--	V-PAS-3P	21,23	sean si	candidate	nearest_agreeing_nominative_no_visible_boundary	13			unresolved	subordination_marker_scan_only	candidate	explicit_marker_after_previous_finite_before_current_finite	"[{""form"": ""ἵνα"", ""key"": ""ινα"", ""token"": ""11""}, {""form"": ""ὡς"", ""key"": ""ως"", ""token"": ""16""}]"	confirmed	candidate	unresolved
347	1corintios	7	31	09	1corintios-7-31-P01	παράγει	παράγω	V- 3PAI-S--	V-PAI-3S	18-19	es pasajera	confirmed	finite_verb_morphology		3	S	unresolved	subordination_marker_scan_only	candidate	explicit_marker_after_previous_finite_before_current_finite	"[{""form"": ""ὡς"", ""key"": ""ως"", ""token"": ""06""}]"	confirmed	candidate	unresolved
348	1corintios	7	32	01	1corintios-7-32-P01	θέλω	θέλω	V- 1PAI-S--	V-PAI-1S	01,02	sin embargo	confirmed	finite_verb_morphology		1	S	candidate	subordination_marker_scan_only	not_detected		[]	confirmed	candidate	candidate
349	1corintios	7	32	08	1corintios-7-32-P02	μεριμνᾷ	μεριμνάω	V- 3PAI-S--	V-PAI-3S	12	preocupa	candidate	nearest_agreeing_nominative_no_visible_boundary	07			candidate	subordination_marker_scan_only	not_detected		[]	confirmed	candidate	candidate
350	1corintios	7	32	13	1corintios-7-32-P03	ἀρέσῃ	ἀρέσκω	V- 3AAS-S--	V-AAS-3S	20	agradar	confirmed	finite_verb_morphology		3	S	candidate	subordination_marker_scan_only	not_detected		[]	confirmed	candidate	candidate
351	1corintios	7	33	04	1corintios-7-33-P01	μεριμνᾷ	μεριμνάω	V- 3PAI-S--	V-PAI-3S	05	preocupa	confirmed	finite_verb_morphology		3	S	candidate	subordination_marker_scan_only	not_detected		[]	confirmed	candidate	candidate
352	1corintios	7	33	09	1corintios-7-33-P02	ἀρέσῃ	ἀρέσκω	V- 3AAS-S--	V-AAS-3S	13	agradar	confirmed	finite_verb_morphology		3	S	candidate	subordination_marker_scan_only	not_detected		[]	confirmed	candidate	candidate
353	1corintios	7	34	02	1corintios-7-34-P01	μεμέρισται	μερίζω	V- 3XPI-S--	V-XPI-3S	03	intereses	confirmed	finite_verb_morphology		3	S	candidate	subordination_marker_scan_only	not_detected		[]	confirmed	candidate	candidate
354	1corintios	7	34	11	1corintios-7-34-P02	μεριμνᾷ	μεριμνάω	V- 3PAI-S--	V-PAI-3S	16	preocupan	candidate	nearest_agreeing_nominative_no_visible_boundary	10			candidate	subordination_marker_scan_only	not_detected		[]	confirmed	candidate	candidate
355	1corintios	7	34	16	1corintios-7-34-P03	ᾖ	εἰμί	V- 3PAS-S--	V-PAS-3S	24	santas	confirmed	finite_verb_morphology		3	S	unresolved	subordination_marker_scan_only	candidate	explicit_marker_after_previous_finite_before_current_finite	"[{""form"": ""ἵνα"", ""key"": ""ινα"", ""token"": ""15""}]"	confirmed	candidate	unresolved
356	1corintios	7	34	27	1corintios-7-34-P04	μεριμνᾷ	μεριμνάω	V- 3PAI-S--	V-PAI-3S	38	cosas	confirmed	finite_verb_morphology		3	S	candidate	subordination_marker_scan_only	not_detected		[]	confirmed	candidate	candidate
357	1corintios	7	34	32	1corintios-7-34-P05	ἀρέσῃ	ἀρέσκω	V- 3AAS-S--	V-AAS-3S	43	agradar	confirmed	finite_verb_morphology		3	S	candidate	subordination_marker_scan_only	not_detected		[]	confirmed	candidate	candidate
358	1corintios	7	35	08	1corintios-7-35-P01	λέγω	λέγω	V- 1PAI-S--	V-PAI-1S	08	para	confirmed	finite_verb_morphology		1	S	candidate	subordination_marker_scan_only	not_detected		[]	confirmed	candidate	candidate
359	1corintios	7	35	13	1corintios-7-35-P02	ἐπιβάλω	ἐπιβάλλω	V- 1AAS-S--	V-AAS-1S	16	es	confirmed	finite_verb_morphology		1	S	unresolved	subordination_marker_scan_only	candidate	explicit_marker_after_previous_finite_before_current_finite	"[{""form"": ""ἵνα"", ""key"": ""ινα"", ""token"": ""10""}]"	confirmed	candidate	unresolved
360	1corintios	7	36	09	1corintios-7-36-P01	νομίζει	νομίζω	V- 3PAI-S--	V-PAI-3S	04-05	cree que	candidate	nearest_agreeing_nominative_no_visible_boundary	03			unresolved	subordination_marker_scan_only	candidate	explicit_marker_after_previous_finite_before_current_finite	"[{""form"": ""εἰ"", ""key"": ""ει"", ""token"": ""01""}]"	confirmed	candidate	unresolved
361	1corintios	7	36	11	1corintios-7-36-P02	ᾖ	εἰμί	V- 3PAS-S--	V-PAS-3S	17-18	ella es	confirmed	finite_verb_morphology		3	S	unresolved	subordination_marker_scan_only	candidate	explicit_marker_after_previous_finite_before_current_finite	"[{""form"": ""ἐὰν"", ""key"": ""εαν"", ""token"": ""10""}]"	confirmed	candidate	unresolved
362	1corintios	7	36	15	1corintios-7-36-P03	ὀφείλει	ὀφείλω	V- 3PAI-S--	V-PAI-3S	24-25	es necesario	confirmed	finite_verb_morphology		3	S	candidate	subordination_marker_scan_only	not_detected		[]	confirmed	candidate	candidate
363	1corintios	7	36	18	1corintios-7-36-P04	θέλει	θέλω	V- 3PAI-S--	V-PAI-3S	34	quiera	confirmed	finite_verb_morphology		3	S	candidate	subordination_marker_scan_only	not_detected		[]	confirmed	candidate	candidate
364	1corintios	7	36	19	1corintios-7-36-P05	ποιείτω	ποιέω	V- 3PAD-S--	V-PAD-3S	30-31	que haga	confirmed	finite_verb_morphology		3	S	candidate	subordination_marker_scan_only	not_detected		[]	confirmed	candidate	candidate
365	1corintios	7	36	21	1corintios-7-36-P06	ἁμαρτάνει	ἁμαρτάνω	V- 3PAI-S--	V-PAI-3S	36	peca	confirmed	finite_verb_morphology		3	S	candidate	subordination_marker_scan_only	not_detected		[]	confirmed	candidate	candidate
366	1corintios	7	36	22	1corintios-7-36-P07	γαμείτωσαν	γαμέω	V- 3PAD-P--	V-PAD-3P	37-39	que se case	confirmed	finite_verb_morphology		3	P	candidate	subordination_marker_scan_only	not_detected		[]	confirmed	candidate	candidate
367	1corintios	7	37	03	1corintios-7-37-P01	ἕστηκεν	ἵστημι	V- 3XAI-S--	V-XAI-3S	04	está	confirmed	finite_verb_morphology		3	S	candidate	subordination_marker_scan_only	not_detected		[]	confirmed	candidate	candidate
368	1corintios	7	37	14	1corintios-7-37-P02	ἔχει	ἔχω	V- 3PAI-S--	V-PAI-3S	-	-	confirmed	finite_verb_morphology		3	S	candidate	subordination_marker_scan_only	not_detected		[]	confirmed	candidate	candidate
369	1corintios	7	37	21	1corintios-7-37-P03	κέκρικεν	κρίνω	V- 3XAI-S--	V-XAI-3S	26	conservar	confirmed	finite_verb_morphology		3	S	candidate	subordination_marker_scan_only	not_detected		[]	confirmed	candidate	candidate
370	1corintios	7	37	31	1corintios-7-37-P04	ποιήσει	ποιέω	V- 3FAI-S--	V-FAI-3S	-	-	confirmed	finite_verb_morphology		3	S	candidate	subordination_marker_scan_only	not_detected		[]	confirmed	candidate	candidate
371	1corintios	7	38	09	1corintios-7-38-P01	ποιεῖ	ποιέω	V- 3PAI-S--	V-PAI-3S	13	hace	candidate	nearest_agreeing_nominative_no_visible_boundary	03			unresolved	subordination_marker_scan_only	candidate	explicit_marker_after_previous_finite_before_current_finite	"[{""form"": ""ὥστε"", ""key"": ""ωστε"", ""token"": ""01""}]"	confirmed	candidate	unresolved
372	1corintios	7	38	15	1corintios-7-38-P02	ποιήσει	ποιέω	V- 3FAI-S--	V-FAI-3S	23	hace	candidate	nearest_agreeing_nominative_no_visible_boundary	11			candidate	subordination_marker_scan_only	not_detected		[]	confirmed	candidate	candidate
373	1corintios	7	39	02	1corintios-7-39-P01	δέδεται	δέω	V- 3XPI-S--	V-XPI-3S	03-04	está ligada	candidate	nearest_agreeing_nominative_no_visible_boundary	01			candidate	subordination_marker_scan_only	not_detected		[]	confirmed	candidate	candidate
374	1corintios	7	39	06	1corintios-7-39-P02	ζῇ	ζάω	V- 3PAI-S--	V-PAI-3S	08	vive	confirmed	finite_verb_morphology		3	S	candidate	subordination_marker_scan_only	not_detected		[]	confirmed	candidate	candidate
375	1corintios	7	39	12	1corintios-7-39-P03	κοιμηθῇ	κοιμάομαι	V- 3APS-S--	V-APS-3S	13	muere	confirmed	finite_verb_morphology		3	S	unresolved	subordination_marker_scan_only	candidate	explicit_marker_after_previous_finite_before_current_finite	"[{""form"": ""ἐὰν"", ""key"": ""εαν"", ""token"": ""10""}]"	confirmed	candidate	unresolved
376	1corintios	7	39	16	1corintios-7-39-P04	ἐστὶν	εἰμί	V- 3PAI-S--	V-PAI-3S	14-16	está en libertad	candidate	nearest_agreeing_nominative_no_visible_boundary	15			candidate	subordination_marker_scan_only	not_detected		[]	confirmed	candidate	candidate
377	1corintios	7	39	18	1corintios-7-39-P05	θέλει	θέλω	V- 3PAI-S--	V-PAI-3S	21	desee	confirmed	finite_verb_morphology		3	S	candidate	subordination_marker_scan_only	not_detected		[]	confirmed	candidate	candidate
378	1corintios	7	40	03	1corintios-7-40-P01	ἐστιν	εἰμί	V- 3PAI-S--	V-PAI-3S	05	será	confirmed	finite_verb_morphology		3	S	candidate	subordination_marker_scan_only	not_detected		[]	confirmed	candidate	candidate
379	1corintios	7	40	06	1corintios-7-40-P02	μείνῃ	μένω	V- 3AAS-S--	V-AAS-3S	09-10	se queda	confirmed	finite_verb_morphology		3	S	unresolved	subordination_marker_scan_only	candidate	explicit_marker_after_previous_finite_before_current_finite	"[{""form"": ""ἐὰν"", ""key"": ""εαν"", ""token"": ""04""}]"	confirmed	candidate	unresolved
380	1corintios	7	40	11	1corintios-7-40-P03	δοκῶ	δοκέω	V- 1PAI-S--	V-PAI-1S	14	creo	confirmed	finite_verb_morphology		1	S	candidate	subordination_marker_scan_only	not_detected		[]	confirmed	candidate	candidate
381	1corintios	8	1	05	1corintios-8-1-P01	οἴδαμεν	οἶδα	V- 1XAI-P--	V-XAI-1P	11	todos	confirmed	finite_verb_morphology		1	P	candidate	subordination_marker_scan_only	not_detected		[]	confirmed	candidate	candidate
382	1corintios	8	1	09	1corintios-8-1-P02	ἔχομεν	ἔχω	V- 1PAI-P--	V-PAI-1P	15	conocimiento	confirmed	finite_verb_morphology		1	P	unresolved	subordination_marker_scan_only	candidate	explicit_marker_after_previous_finite_before_current_finite	"[{""form"": ""ὅτι"", ""key"": ""οτι"", ""token"": ""06""}]"	confirmed	candidate	unresolved
383	1corintios	8	1	12	1corintios-8-1-P03	φυσιοῖ	φυσιόω	V- 3PAI-S--	V-PAI-3S	18	el	candidate	nearest_agreeing_nominative_no_visible_boundary	11			candidate	subordination_marker_scan_only	not_detected		[]	confirmed	candidate	candidate
384	1corintios	8	1	16	1corintios-8-1-P04	οἰκοδομεῖ	οἰκοδομέω	V- 3PAI-S--	V-PAI-3S	-	-	candidate	nearest_agreeing_nominative_no_visible_boundary	15			candidate	subordination_marker_scan_only	not_detected		[]	confirmed	candidate	candidate
385	1corintios	8	2	03	1corintios-8-2-P01	δοκεῖ	δοκέω	V- 3PAI-S--	V-PAI-3S	03,04	cree que	candidate	nearest_agreeing_nominative_no_visible_boundary	02			unresolved	subordination_marker_scan_only	candidate	explicit_marker_after_previous_finite_before_current_finite	"[{""form"": ""εἴ"", ""key"": ""ει"", ""token"": ""01""}]"	confirmed	candidate	unresolved
386	1corintios	8	2	07	1corintios-8-2-P02	ἔγνω	γινώσκω	V- 3AAI-S--	V-AAI-3S	08,09	ha aprendido	confirmed	finite_verb_morphology		3	S	candidate	subordination_marker_scan_only	not_detected		[]	confirmed	candidate	candidate
387	1corintios	8	2	09	1corintios-8-2-P03	δεῖ	δέω	V- 3PAI-S--	V-PAI-3S	12	debe	confirmed	finite_verb_morphology		3	S	unresolved	subordination_marker_scan_only	candidate	explicit_marker_after_previous_finite_before_current_finite	"[{""form"": ""καθὼς"", ""key"": ""καθως"", ""token"": ""08""}]"	confirmed	candidate	unresolved
388	1corintios	8	3	04	1corintios-8-3-P01	ἀγαπᾷ	ἀγαπάω	V- 3PAI-S--	V-PAI-3S	04	ama	candidate	nearest_agreeing_nominative_no_visible_boundary	03			unresolved	subordination_marker_scan_only	candidate	explicit_marker_after_previous_finite_before_current_finite	"[{""form"": ""εἰ"", ""key"": ""ει"", ""token"": ""01""}]"	confirmed	candidate	unresolved
389	1corintios	8	3	08	1corintios-8-3-P02	ἔγνωσται	γινώσκω	V- 3XPI-S--	V-XPI-3S	08,09	es conocido	candidate	nearest_agreeing_nominative_no_visible_boundary	07			candidate	subordination_marker_scan_only	not_detected		[]	confirmed	candidate	candidate
390	1corintios	8	4	07	1corintios-8-4-P01	οἴδαμεν	οἶδα	V- 1XAI-P--	V-XAI-1P	13	sabemos	confirmed	finite_verb_morphology		1	P	candidate	subordination_marker_scan_only	not_detected		[]	confirmed	candidate	candidate
391	1corintios	8	5	04	1corintios-8-5-P01	εἰσὶν	εἰμί	V- 3PAI-P--	V-PAI-3P	05	llamados	confirmed	finite_verb_morphology		3	P	candidate	subordination_marker_scan_only	not_detected		[]	confirmed	candidate	candidate
392	1corintios	8	5	14	1corintios-8-5-P02	εἰσὶν	εἰμί	V- 3PAI-P--	V-PAI-3P	19	hay	confirmed	finite_verb_morphology		3	P	candidate	subordination_marker_scan_only	not_detected		[]	confirmed	candidate	candidate
393	1corintios	8	7	17	1corintios-8-7-P01	ἐσθίουσιν	ἐσθίω	V- 3PAI-P--	V-PAI-3P	20,21,22,23,24,25,26,27,28,29,30,31,32	este fuera sacrificado a un ídolo y su conciencia siendo débil se mancha	confirmed	finite_verb_morphology		3	P	unresolved	subordination_marker_scan_only	candidate	explicit_marker_after_previous_finite_before_current_finite	"[{""form"": ""ὡς"", ""key"": ""ως"", ""token"": ""15""}]"	confirmed	candidate	unresolved
394	1corintios	8	7	24	1corintios-8-7-P02	μολύνεται	μολύνω	V- 3PPI-S--	V-PPI-3S	20,21,22,23,24,25,26,27,28,29,30,31,32	este fuera sacrificado a un ídolo y su conciencia siendo débil se mancha	candidate	nearest_agreeing_nominative_no_visible_boundary	22			candidate	subordination_marker_scan_only	not_detected		[]	confirmed	candidate	candidate
395	1corintios	8	8	05	1corintios-8-8-P01	παραστήσει	παρίστημι	V- 3FAI-S--	V-FAI-3S	01,02,03,04,05,06,07,08	pero la comida no nos recomendará a dios	confirmed	finite_verb_morphology		3	S	candidate	subordination_marker_scan_only	not_detected		[]	confirmed	candidate	candidate
396	1corintios	8	8	11	1corintios-8-8-P02	φάγωμεν	ἐσθίω	V- 1AAS-P--	V-AAS-1P	09,10,11,12,13,14,15,16,17,18,19,20	pues ni somos menos si no comemos ni somos más si comemos	confirmed	finite_verb_morphology		1	P	unresolved	subordination_marker_scan_only	candidate	explicit_marker_after_previous_finite_before_current_finite	"[{""form"": ""ἐὰν"", ""key"": ""εαν"", ""token"": ""10""}]"	confirmed	candidate	unresolved
397	1corintios	8	8	12	1corintios-8-8-P03	περισσεύομεν	περισσεύω	V- 1PAI-P--	V-PAI-1P	09,10,11,12,13,14,15,16,17,18,19,20	pues ni somos menos si no comemos ni somos más si comemos	confirmed	finite_verb_morphology		1	P	candidate	subordination_marker_scan_only	not_detected		[]	confirmed	candidate	candidate
398	1corintios	8	8	16	1corintios-8-8-P04	φάγωμεν	ἐσθίω	V- 1AAS-P--	V-AAS-1P	09,10,11,12,13,14,15,16,17,18,19,20	pues ni somos menos si no comemos ni somos más si comemos	confirmed	finite_verb_morphology		1	P	unresolved	subordination_marker_scan_only	candidate	explicit_marker_after_previous_finite_before_current_finite	"[{""form"": ""ἐὰν"", ""key"": ""εαν"", ""token"": ""14""}]"	confirmed	candidate	unresolved
399	1corintios	8	8	17	1corintios-8-8-P05	ὑστερούμεθα	ὑστερέω	V- 1PPI-P--	V-PPI-1P	09,10,11,12,13,14,15,16,17,18,19,20	pues ni somos menos si no comemos ni somos más si comemos	confirmed	finite_verb_morphology		1	P	candidate	subordination_marker_scan_only	not_detected		[]	confirmed	candidate	candidate
400	1corintios	8	9	01	1corintios-8-9-P01	βλέπετε	βλέπω	V- 2PAD-P--	V-PAD-2P	01,02,03,04,05,06,07,08,09,10,11,12,13,14,15,16,17,18,19,20,21,22	pero tengan cuidado no sea que esta libertad de ustedes de alguna manera se convierta en piedra de tropiezo para el débil	confirmed	finite_verb_morphology		2	P	candidate	subordination_marker_scan_only	not_detected		[]	confirmed	candidate	candidate
401	1corintios	8	9	10	1corintios-8-9-P02	γένηται	γίνομαι	V- 3AMS-S--	V-AMS-3S	01,02,03,04,05,06,07,08,09,10,11,12,13,14,15,16,17,18,19,20,21,22	pero tengan cuidado no sea que esta libertad de ustedes de alguna manera se convierta en piedra de tropiezo para el débil	candidate	nearest_agreeing_nominative_no_visible_boundary	09			candidate	subordination_marker_scan_only	not_detected		[]	confirmed	candidate	candidate
402	1corintios	8	10	04	1corintios-8-10-P01	ἴδῃ	ὁράω	V- 3AAS-S--	V-AAS-3S	01,02,03,04,05,06,07,08,09,10,11,12,13,14,15,16,17,18,19,20,21,22,23,24,25,26,27,28,29,30,31,32,33,34,35	porque si alguien te ve a ti que tienes conocimiento sentado a la mesa en un templo de ídolos no será estimulada su conciencia si él es débil a comer lo sacrificado a los ídolos	candidate	nearest_agreeing_nominative_no_visible_boundary	03			unresolved	subordination_marker_scan_only	candidate	explicit_marker_after_previous_finite_before_current_finite	"[{""form"": ""ἐὰν"", ""key"": ""εαν"", ""token"": ""01""}]"	confirmed	candidate	unresolved
403	1corintios	8	10	18	1corintios-8-10-P02	οἰκοδομηθήσεται	οἰκοδομέω	V- 3FPI-S--	V-FPI-3S	01,02,03,04,05,06,07,08,09,10,11,12,13,14,15,16,17,18,19,20,21,22,23,24,25,26,27,28,29,30,31,32,33,34,35	porque si alguien te ve a ti que tienes conocimiento sentado a la mesa en un templo de ídolos no será estimulada su conciencia si él es débil a comer lo sacrificado a los ídolos	candidate	nearest_agreeing_nominative_no_visible_boundary	14			candidate	subordination_marker_scan_only	not_detected		[]	confirmed	candidate	candidate
404	1corintios	8	11	01	1corintios-8-11-P01	ἀπόλλυται	ἀπόλλυμι	V- 3PPI-S--	V-PPI-3S	01	por	confirmed	finite_verb_morphology		3	S	candidate	subordination_marker_scan_only	not_detected		[]	confirmed	candidate	candidate
405	1corintios	8	11	14	1corintios-8-11-P02	ἀπέθανεν	ἀποθνῄσκω	V- 3AAI-S--	V-AAI-3S	-	-	candidate	nearest_agreeing_nominative_no_visible_boundary	13			candidate	subordination_marker_scan_only	not_detected		[]	confirmed	candidate	candidate
406	1corintios	8	12	15	1corintios-8-12-P01	ἁμαρτάνετε	ἁμαρτάνω	V- 2PAI-P--	V-PAI-2P	08,09,10,11,12,13,14,15,16,17,18	y herir su conciencia cuando esta es débil pecan contra cristo	confirmed	finite_verb_morphology		2	P	candidate	subordination_marker_scan_only	not_detected		[]	confirmed	candidate	candidate
407	1corintios	8	13	04	1corintios-8-13-P01	σκανδαλίζει	σκανδαλίζω	V- 3PAI-S--	V-PAI-3S	01,02,03,04,05,06,07,08,09,10,11,12	por tanto si la comida hace que mi hermano caiga en pecado	candidate	nearest_agreeing_nominative_no_visible_boundary	03			unresolved	subordination_marker_scan_only	candidate	explicit_marker_after_previous_finite_before_current_finite	"[{""form"": ""εἰ"", ""key"": ""ει"", ""token"": ""02""}]"	confirmed	candidate	unresolved
408	1corintios	8	13	10	1corintios-8-13-P02	φάγω	ἐσθίω	V- 1AAS-S--	V-AAS-1S	13,14,15,16,17,18,19,20,21,22,23	no comeré carne jamás para no hacer pecar a mi hermano	confirmed	finite_verb_morphology		1	S	candidate	subordination_marker_scan_only	not_detected		[]	confirmed	candidate	candidate
409	1corintios	8	13	20	1corintios-8-13-P03	σκανδαλίσω	σκανδαλίζω	V- 1AAS-S--	V-AAS-1S	13,14,15,16,17,18,19,20,21,22,23	no comeré carne jamás para no hacer pecar a mi hermano	confirmed	finite_verb_morphology		1	S	unresolved	subordination_marker_scan_only	candidate	explicit_marker_after_previous_finite_before_current_finite	"[{""form"": ""ἵνα"", ""key"": ""ινα"", ""token"": ""15""}]"	confirmed	candidate	unresolved
410	1corintios	9	1	02	1corintios-9-1-P01	εἰμὶ	εἰμί	V- 1PAI-S--	V-PAI-1S	02	soy	confirmed	finite_verb_morphology		1	S	candidate	subordination_marker_scan_only	not_detected		[]	confirmed	candidate	candidate
411	1corintios	9	1	05	1corintios-9-1-P02	εἰμὶ	εἰμί	V- 1PAI-S--	V-PAI-1S	05	soy	confirmed	finite_verb_morphology		1	S	candidate	subordination_marker_scan_only	not_detected		[]	confirmed	candidate	candidate
412	1corintios	9	1	12	1corintios-9-1-P03	ἑόρακα	ὁράω	V- 1XAI-S--	V-XAI-1S	12	nuestro	confirmed	finite_verb_morphology		1	S	candidate	subordination_marker_scan_only	not_detected		[]	confirmed	candidate	candidate
413	1corintios	9	1	18	1corintios-9-1-P04	ἐστε	εἰμί	V- 2PAI-P--	V-PAI-2P	18	obra	confirmed	finite_verb_morphology		2	P	candidate	subordination_marker_scan_only	not_detected		[]	confirmed	candidate	candidate
414	1corintios	9	2	04	1corintios-9-2-P01	εἰμὶ	εἰμί	V- 1PAI-S--	V-PAI-1S	01,02,03,04,05,06,07,08,09,10,11,12,13,14,15,16,17,18,19,20,21,22,23,24,25	si para otros no soy apóstol por lo menos para ustedes sí lo soy pues ustedes son el sello de mi apostolado en el señor	confirmed	finite_verb_morphology		1	S	unresolved	subordination_marker_scan_only	candidate	explicit_marker_after_previous_finite_before_current_finite	"[{""form"": ""εἰ"", ""key"": ""ει"", ""token"": ""01""}]"	confirmed	candidate	unresolved
415	1corintios	9	2	09	1corintios-9-2-P02	εἰμι	εἰμί	V- 1PAI-S--	V-PAI-1S	01,02,03,04,05,06,07,08,09,10,11,12,13,14,15,16,17,18,19,20,21,22,23,24,25	si para otros no soy apóstol por lo menos para ustedes sí lo soy pues ustedes son el sello de mi apostolado en el señor	confirmed	finite_verb_morphology		1	S	candidate	subordination_marker_scan_only	not_detected		[]	confirmed	candidate	candidate
416	1corintios	9	2	17	1corintios-9-2-P03	ἐστε	εἰμί	V- 2PAI-P--	V-PAI-2P	01,02,03,04,05,06,07,08,09,10,11,12,13,14,15,16,17,18,19,20,21,22,23,24,25	si para otros no soy apóstol por lo menos para ustedes sí lo soy pues ustedes son el sello de mi apostolado en el señor	confirmed	finite_verb_morphology		2	P	candidate	subordination_marker_scan_only	not_detected		[]	confirmed	candidate	candidate
417	1corintios	9	3	07	1corintios-9-3-P01	ἐστιν	εἰμί	V- 3PAI-S--	V-PAI-3S	08	es	candidate	nearest_agreeing_nominative_no_visible_boundary	03			candidate	subordination_marker_scan_only	not_detected		[]	confirmed	candidate	candidate
418	1corintios	9	4	03	1corintios-9-4-P01	ἔχομεν	ἔχω	V- 1PAI-P--	V-PAI-1P	04	derecho	confirmed	finite_verb_morphology		1	P	candidate	subordination_marker_scan_only	not_detected		[]	confirmed	candidate	candidate
419	1corintios	9	5	03	1corintios-9-5-P01	ἔχομεν	ἔχω	V- 1PAI-P--	V-PAI-1P	03	derecho	confirmed	finite_verb_morphology		1	P	candidate	subordination_marker_scan_only	not_detected		[]	confirmed	candidate	candidate
420	1corintios	9	6	07	1corintios-9-6-P01	ἔχομεν	ἔχω	V- 1PAI-P--	V-PAI-1P	01,02,03,04,05,06,07,08,09,10,11,12,13	o acaso solo bernabé y yo no tenemos el derecho a no trabajar	confirmed	finite_verb_morphology		1	P	candidate	subordination_marker_scan_only	not_detected		[]	confirmed	candidate	candidate
421	1corintios	9	7	02	1corintios-9-7-P01	στρατεύεται	στρατεύομαι	V- 3PMI-S--	V-PMI-3S	01,02,03,04,05,06,07,08,09,10,11,12,13,14,15,16,17,18,19,20,21,22,23,24,25,26,27,28,29,30,31,32,33,34	quién ha servido alguna vez como soldado a sus propias expensas quién planta una viña y no come de su fruto o quién cuida un rebaño y no bebe de la leche del rebaño	candidate	nearest_agreeing_nominative_no_visible_boundary	01			candidate	subordination_marker_scan_only	not_detected		[]	confirmed	candidate	candidate
422	1corintios	9	7	07	1corintios-9-7-P02	φυτεύει	φυτεύω	V- 3PAI-S--	V-PAI-3S	01,02,03,04,05,06,07,08,09,10,11,12,13,14,15,16,17,18,19,20,21,22,23,24,25,26,27,28,29,30,31,32,33,34	quién ha servido alguna vez como soldado a sus propias expensas quién planta una viña y no come de su fruto o quién cuida un rebaño y no bebe de la leche del rebaño	candidate	nearest_agreeing_nominative_no_visible_boundary	06			candidate	subordination_marker_scan_only	not_detected		[]	confirmed	candidate	candidate
423	1corintios	9	7	14	1corintios-9-7-P03	ἐσθίει	ἐσθίω	V- 3PAI-S--	V-PAI-3S	01,02,03,04,05,06,07,08,09,10,11,12,13,14,15,16,17,18,19,20,21,22,23,24,25,26,27,28,29,30,31,32,33,34	quién ha servido alguna vez como soldado a sus propias expensas quién planta una viña y no come de su fruto o quién cuida un rebaño y no bebe de la leche del rebaño	confirmed	finite_verb_morphology		3	S	candidate	subordination_marker_scan_only	not_detected		[]	confirmed	candidate	candidate
424	1corintios	9	7	16	1corintios-9-7-P04	ποιμαίνει	ποιμαίνω	V- 3PAI-S--	V-PAI-3S	01,02,03,04,05,06,07,08,09,10,11,12,13,14,15,16,17,18,19,20,21,22,23,24,25,26,27,28,29,30,31,32,33,34	quién ha servido alguna vez como soldado a sus propias expensas quién planta una viña y no come de su fruto o quién cuida un rebaño y no bebe de la leche del rebaño	candidate	nearest_agreeing_nominative_no_visible_boundary	15			candidate	subordination_marker_scan_only	not_detected		[]	confirmed	candidate	candidate
425	1corintios	9	7	25	1corintios-9-7-P05	ἐσθίει	ἐσθίω	V- 3PAI-S--	V-PAI-3S	01,02,03,04,05,06,07,08,09,10,11,12,13,14,15,16,17,18,19,20,21,22,23,24,25,26,27,28,29,30,31,32,33,34	quién ha servido alguna vez como soldado a sus propias expensas quién planta una viña y no come de su fruto o quién cuida un rebaño y no bebe de la leche del rebaño	confirmed	finite_verb_morphology		3	S	candidate	subordination_marker_scan_only	not_detected		[]	confirmed	candidate	candidate
426	1corintios	9	8	05	1corintios-9-8-P01	λαλῶ	λαλέω	V- 1PAI-S--	V-PAI-1S	01,02,03,04,05,06,07,08,09,10,11,12,13,14	acaso digo esto según el juicio humano no dice también la ley esto mismo	confirmed	finite_verb_morphology		1	S	candidate	subordination_marker_scan_only	not_detected		[]	confirmed	candidate	candidate
427	1corintios	9	8	12	1corintios-9-8-P02	λέγει	λέγω	V- 3PAI-S--	V-PAI-3S	01,02,03,04,05,06,07,08,09,10,11,12,13,14	acaso digo esto según el juicio humano no dice también la ley esto mismo	candidate	nearest_agreeing_nominative_no_visible_boundary	09			candidate	subordination_marker_scan_only	not_detected		[]	confirmed	candidate	candidate
428	1corintios	9	9	06	1corintios-9-9-P01	γέγραπται	γράφω	V- 3XPI-S--	V-XPI-3S	01,02,03,04,05,06,07,08,09,10,11,12,13,14,15,16,17,18,19,20,21,22	pues en la ley de moisés está escrito no pondrás bozal al buey cuando trilla acaso le preocupan a dios los bueyes	confirmed	finite_verb_morphology		3	S	candidate	subordination_marker_scan_only	not_detected		[]	confirmed	candidate	candidate
429	1corintios	9	9	08	1corintios-9-9-P02	κημώσεις	κημόω	V- 2FAI-S--	V-FAI-2S	01,02,03,04,05,06,07,08,09,10,11,12,13,14,15,16,17,18,19,20,21,22	pues en la ley de moisés está escrito no pondrás bozal al buey cuando trilla acaso le preocupan a dios los bueyes	confirmed	finite_verb_morphology		2	S	candidate	subordination_marker_scan_only	not_detected		[]	confirmed	candidate	candidate
430	1corintios	9	9	14	1corintios-9-9-P03	μέλει	μέλει	V- 3PAI-S--	V-PAI-3S	01,02,03,04,05,06,07,08,09,10,11,12,13,14,15,16,17,18,19,20,21,22	pues en la ley de moisés está escrito no pondrás bozal al buey cuando trilla acaso le preocupan a dios los bueyes	confirmed	finite_verb_morphology		3	S	candidate	subordination_marker_scan_only	not_detected		[]	confirmed	candidate	candidate
431	1corintios	9	10	05	1corintios-9-10-P01	λέγει	λέγω	V- 3PAI-S--	V-PAI-3S	01,02,03,04,05,06,07,08,09,10,11,12,13,14,15,16,17,18,19,20,21,22,23,24,25,26,27,28,29,30,31,32,33	o lo dice especialmente por nosotros sí se escribió por nosotros porque el que ara debe arar con esperanza y el que trilla debe trillar con la esperanza de recibir de la cosecha	confirmed	finite_verb_morphology		3	S	candidate	subordination_marker_scan_only	not_detected		[]	confirmed	candidate	candidate
432	1corintios	9	10	09	1corintios-9-10-P02	ἐγράφη	γράφω	V- 3API-S--	V-API-3S	01,02,03,04,05,06,07,08,09,10,11,12,13,14,15,16,17,18,19,20,21,22,23,24,25,26,27,28,29,30,31,32,33	o lo dice especialmente por nosotros sí se escribió por nosotros porque el que ara debe arar con esperanza y el que trilla debe trillar con la esperanza de recibir de la cosecha	confirmed	finite_verb_morphology		3	S	candidate	subordination_marker_scan_only	not_detected		[]	confirmed	candidate	candidate
433	1corintios	9	10	11	1corintios-9-10-P03	ὀφείλει	ὀφείλω	V- 3PAI-S--	V-PAI-3S	01,02,03,04,05,06,07,08,09,10,11,12,13,14,15,16,17,18,19,20,21,22,23,24,25,26,27,28,29,30,31,32,33	o lo dice especialmente por nosotros sí se escribió por nosotros porque el que ara debe arar con esperanza y el que trilla debe trillar con la esperanza de recibir de la cosecha	confirmed	finite_verb_morphology		3	S	unresolved	subordination_marker_scan_only	candidate	explicit_marker_after_previous_finite_before_current_finite	"[{""form"": ""ὅτι"", ""key"": ""οτι"", ""token"": ""10""}]"	confirmed	candidate	unresolved
434	1corintios	9	11	06	1corintios-9-11-P01	ἐσπείραμεν	σπείρω	V- 1AAI-P--	V-AAI-1P	01,02,03,04,05,06,07,08,09,10,11,12,13,14	si en ustedes sembramos lo espiritual será demasiado que de ustedes cosechemos lo material	confirmed	finite_verb_morphology		1	P	unresolved	subordination_marker_scan_only	candidate	explicit_marker_after_previous_finite_before_current_finite	"[{""form"": ""εἰ"", ""key"": ""ει"", ""token"": ""01""}]"	confirmed	candidate	unresolved
435	1corintios	9	11	13	1corintios-9-11-P02	θερίσομεν	θερίζω	V- 1FAI-P--	V-FAI-1P	01,02,03,04,05,06,07,08,09,10,11,12,13,14	si en ustedes sembramos lo espiritual será demasiado que de ustedes cosechemos lo material	confirmed	finite_verb_morphology		1	P	unresolved	subordination_marker_scan_only	candidate	explicit_marker_after_previous_finite_before_current_finite	"[{""form"": ""εἰ"", ""key"": ""ει"", ""token"": ""08""}]"	confirmed	candidate	unresolved
436	1corintios	9	12	06	1corintios-9-12-P01	μετέχουσιν	μετέχω	V- 3PAI-P--	V-PAI-3P	03,04,05,06,07	tienen este derecho sobre ustedes	candidate	nearest_agreeing_nominative_no_visible_boundary	02			unresolved	subordination_marker_scan_only	candidate	explicit_marker_after_previous_finite_before_current_finite	"[{""form"": ""εἰ"", ""key"": ""ει"", ""token"": ""01""}]"	confirmed	candidate	unresolved
437	1corintios	9	12	12	1corintios-9-12-P02	ἐχρησάμεθα	χράομαι	V- 1AMI-P--	V-AMI-1P	17	hemos	confirmed	finite_verb_morphology		1	P	candidate	subordination_marker_scan_only	not_detected		[]	confirmed	candidate	candidate
438	1corintios	9	12	18	1corintios-9-12-P03	στέγομεν	στέγω	V- 1PAI-P--	V-PAI-1P	24	todo	confirmed	finite_verb_morphology		1	P	candidate	subordination_marker_scan_only	not_detected		[]	confirmed	candidate	candidate
439	1corintios	9	12	23	1corintios-9-12-P04	δῶμεν	δίδωμι	V- 1AAS-P--	V-AAS-1P	25,26,27,28,29,30,31,32	para no causar estorbo al evangelio de cristo	confirmed	finite_verb_morphology		1	P	unresolved	subordination_marker_scan_only	candidate	explicit_marker_after_previous_finite_before_current_finite	"[{""form"": ""ἵνα"", ""key"": ""ινα"", ""token"": ""19""}]"	confirmed	candidate	unresolved
440	1corintios	9	13	02	1corintios-9-13-P01	οἴδατε	οἶδα	V- 2XAI-P--	V-XAI-2P	02	saben	confirmed	finite_verb_morphology		2	P	candidate	subordination_marker_scan_only	not_detected		[]	confirmed	candidate	candidate
441	1corintios	9	13	12	1corintios-9-13-P02	ἐσθίουσιν	ἐσθίω	V- 3PAI-P--	V-PAI-3P	10,11,12,13,14	comen la comida del templo	confirmed	finite_verb_morphology		3	P	unresolved	subordination_marker_scan_only	candidate	explicit_marker_after_previous_finite_before_current_finite	"[{""form"": ""ὅτι"", ""key"": ""οτι"", ""token"": ""03""}]"	confirmed	candidate	unresolved
442	1corintios	9	13	19	1corintios-9-13-P03	συμμερίζονται	συμμερίζομαι	V- 3PMI-P--	V-PMI-3P	15,16,17,18,19,20,21,22,23,24,25,26	y los que regularmente sirven al altar del altar reciben su parte	candidate	nearest_agreeing_nominative_no_visible_boundary	13			candidate	subordination_marker_scan_only	not_detected		[]	confirmed	candidate	candidate
443	1corintios	9	14	05	1corintios-9-14-P01	διέταξεν	διατάσσω	V- 3AAI-S--	V-AAI-3S	07	los	candidate	nearest_agreeing_nominative_no_visible_boundary	04			candidate	subordination_marker_scan_only	not_detected		[]	confirmed	candidate	candidate
444	1corintios	9	15	04	1corintios-9-15-P01	κέχρημαι	χράομαι	V- 1XMI-S--	V-XMI-1S	01,02,03,04,05,06,07,08,09	pero yo de nada de esto me he aprovechado	confirmed	finite_verb_morphology		1	S	candidate	subordination_marker_scan_only	not_detected		[]	confirmed	candidate	candidate
445	1corintios	9	15	08	1corintios-9-15-P02	ἔγραψα	γράφω	V- 1AAI-S--	V-AAI-1S	10,11,12,13,14,15,16,17,18,19	y no escribo esto para que así se haga conmigo	confirmed	finite_verb_morphology		1	S	candidate	subordination_marker_scan_only	not_detected		[]	confirmed	candidate	candidate
446	1corintios	9	15	13	1corintios-9-15-P03	γένηται	γίνομαι	V- 3AMS-S--	V-AMS-3S	10,11,12,13,14,15,16,17,18,19	y no escribo esto para que así se haga conmigo	confirmed	finite_verb_morphology		3	S	unresolved	subordination_marker_scan_only	candidate	explicit_marker_after_previous_finite_before_current_finite	"[{""form"": ""ἵνα"", ""key"": ""ινα"", ""token"": ""11""}]"	confirmed	candidate	unresolved
447	1corintios	9	15	26	1corintios-9-15-P04	κενώσει	κενόω	V- 3FAI-S--	V-FAI-3S	20,21,22,23,24,25,26,27,28,29,30,31,32,33	porque mejor me fuera morir que permitir que alguien me prive de esta gloria	candidate	nearest_agreeing_nominative_no_visible_boundary	25			candidate	subordination_marker_scan_only	not_detected		[]	confirmed	candidate	candidate
448	1corintios	9	16	03	1corintios-9-16-P01	εὐαγγελίζωμαι	εὐαγγελίζω	V- 1PMS-S--	V-PMS-1S	01,02,03,04,05	porque si predico el evangelio	confirmed	finite_verb_morphology		1	S	unresolved	subordination_marker_scan_only	candidate	explicit_marker_after_previous_finite_before_current_finite	"[{""form"": ""ἐὰν"", ""key"": ""εαν"", ""token"": ""01""}]"	confirmed	candidate	unresolved
449	1corintios	9	16	05	1corintios-9-16-P02	ἔστιν	εἰμί	V- 3PAI-S--	V-PAI-3S	06,07,08,09,10,11	no tengo nada de qué gloriarme	confirmed	finite_verb_morphology		3	S	candidate	subordination_marker_scan_only	not_detected		[]	confirmed	candidate	candidate
450	1corintios	9	16	11	1corintios-9-16-P03	ἐπίκειται	ἐπίκειμαι	V- 3PMI-S--	V-PMI-3S	12,13,14,15,16,17,18	pues estoy bajo el deber de hacerlo	confirmed	finite_verb_morphology		3	S	candidate	subordination_marker_scan_only	not_detected		[]	confirmed	candidate	candidate
451	1corintios	9	16	15	1corintios-9-16-P04	ἐστιν	εἰμί	V- 3PAI-S--	V-PAI-3S	19,20,21,22,23,24,25,26,27	pues ay de mí si no predico el evangelio	confirmed	finite_verb_morphology		3	S	candidate	subordination_marker_scan_only	not_detected		[]	confirmed	candidate	candidate
452	1corintios	9	16	18	1corintios-9-16-P05	εὐαγγελίσωμαι	εὐαγγελίζω	V- 1AMS-S--	V-AMS-1S	19,20,21,22,23,24,25,26,27	pues ay de mí si no predico el evangelio	confirmed	finite_verb_morphology		1	S	unresolved	subordination_marker_scan_only	candidate	explicit_marker_after_previous_finite_before_current_finite	"[{""form"": ""ἐὰν"", ""key"": ""εαν"", ""token"": ""16""}]"	confirmed	candidate	unresolved
453	1corintios	9	17	05	1corintios-9-17-P01	πράσσω	πράσσω	V- 1PAI-S--	V-PAI-1S	03,04,05	hago esto voluntariamente	confirmed	finite_verb_morphology		1	S	unresolved	subordination_marker_scan_only	candidate	explicit_marker_after_previous_finite_before_current_finite	"[{""form"": ""εἰ"", ""key"": ""ει"", ""token"": ""01""}]"	confirmed	candidate	unresolved
454	1corintios	9	17	07	1corintios-9-17-P02	ἔχω	ἔχω	V- 1PAI-S--	V-PAI-1S	06,07	tengo recompensa	confirmed	finite_verb_morphology		1	S	candidate	subordination_marker_scan_only	not_detected		[]	confirmed	candidate	candidate
455	1corintios	9	17	12	1corintios-9-17-P03	πεπίστευμαι	πιστεύω	V- 1XPI-S--	V-XPI-1S	17,18,19,20,21,22	un encargo se me ha confiado	confirmed	finite_verb_morphology		1	S	unresolved	subordination_marker_scan_only	candidate	explicit_marker_after_previous_finite_before_current_finite	"[{""form"": ""εἰ"", ""key"": ""ει"", ""token"": ""08""}]"	confirmed	candidate	unresolved
456	1corintios	9	18	04	1corintios-9-18-P01	ἐστιν	εἰμί	V- 3PAI-S--	V-PAI-3S	04	mi	confirmed	finite_verb_morphology		3	S	candidate	subordination_marker_scan_only	not_detected		[]	confirmed	candidate	candidate
457	1corintios	9	18	10	1corintios-9-18-P02	θήσω	τίθημι	V- 1AAS-S--	V-AAS-1S	13	gratuitamente	confirmed	finite_verb_morphology		1	S	unresolved	subordination_marker_scan_only	candidate	explicit_marker_after_previous_finite_before_current_finite	"[{""form"": ""ἵνα"", ""key"": ""ινα"", ""token"": ""07""}]"	confirmed	candidate	unresolved
458	1corintios	9	19	08	1corintios-9-19-P01	ἐδούλωσα	δουλόω	V- 1AAI-S--	V-AAI-1S	07,08,09,10,11,12	de todos me he hecho esclavo	confirmed	finite_verb_morphology		1	S	candidate	subordination_marker_scan_only	not_detected		[]	confirmed	candidate	candidate
459	1corintios	9	19	12	1corintios-9-19-P02	κερδήσω	κερδαίνω	V- 1AAS-S--	V-AAS-1S	13,14,15,16,17,18	para ganar al mayor número posible	confirmed	finite_verb_morphology		1	S	unresolved	subordination_marker_scan_only	candidate	explicit_marker_after_previous_finite_before_current_finite	"[{""form"": ""ἵνα"", ""key"": ""ινα"", ""token"": ""09""}]"	confirmed	candidate	unresolved
460	1corintios	9	20	02	1corintios-9-20-P01	ἐγενόμην	γίνομαι	V- 1AMI-S--	V-AMI-1S	01,02,03,04,05,06,07	a los judíos me hice como judío	confirmed	finite_verb_morphology		1	S	candidate	subordination_marker_scan_only	not_detected		[]	confirmed	candidate	candidate
461	1corintios	9	20	09	1corintios-9-20-P02	κερδήσω	κερδαίνω	V- 1AAS-S--	V-AAS-1S	08,09,10,11,12,13	para poder ganar a los judíos	confirmed	finite_verb_morphology		1	S	unresolved	subordination_marker_scan_only	candidate	explicit_marker_after_previous_finite_before_current_finite	"[{""form"": ""ὡς"", ""key"": ""ως"", ""token"": ""05""}, {""form"": ""ἵνα"", ""key"": ""ινα"", ""token"": ""07""}]"	confirmed	candidate	unresolved
462	1corintios	9	20	25	1corintios-9-20-P03	κερδήσω	κερδαίνω	V- 1AAS-S--	V-AAS-1S	32,33,34,35,36,37,38,39,40,41	para poder ganar a los que están bajo la ley	confirmed	finite_verb_morphology		1	S	unresolved	subordination_marker_scan_only	candidate	explicit_marker_after_previous_finite_before_current_finite	"[{""form"": ""ὡς"", ""key"": ""ως"", ""token"": ""13""}, {""form"": ""ἵνα"", ""key"": ""ινα"", ""token"": ""21""}]"	confirmed	candidate	unresolved
463	1corintios	9	21	13	1corintios-9-21-P01	κερδάνω	κερδαίνω	V- 1AAS-S--	V-AAS-1S	24,25,26,27,28,29,30,31,32	para poder ganar a los que están sin ley	confirmed	finite_verb_morphology		1	S	unresolved	subordination_marker_scan_only	candidate	explicit_marker_after_previous_finite_before_current_finite	"[{""form"": ""ὡς"", ""key"": ""ως"", ""token"": ""03""}, {""form"": ""ἵνα"", ""key"": ""ινα"", ""token"": ""12""}]"	confirmed	candidate	unresolved
464	1corintios	9	22	01	1corintios-9-22-P01	ἐγενόμην	γίνομαι	V- 1AMI-S--	V-AMI-1S	01	a	confirmed	finite_verb_morphology		1	S	candidate	subordination_marker_scan_only	not_detected		[]	confirmed	candidate	candidate
465	1corintios	9	22	08	1corintios-9-22-P02	κερδήσω	κερδαίνω	V- 1AAS-S--	V-AAS-1S	11	débiles	confirmed	finite_verb_morphology		1	S	unresolved	subordination_marker_scan_only	candidate	explicit_marker_after_previous_finite_before_current_finite	"[{""form"": ""ἵνα"", ""key"": ""ινα"", ""token"": ""05""}]"	confirmed	candidate	unresolved
466	1corintios	9	22	11	1corintios-9-22-P03	γέγονα	γίνομαι	V- 1XAI-S--	V-XAI-1S	12,13,14,15,16,17	a todos me he hecho todo	confirmed	finite_verb_morphology		1	S	candidate	subordination_marker_scan_only	not_detected		[]	confirmed	candidate	candidate
467	1corintios	9	22	16	1corintios-9-22-P04	σώσω	σῴζω	V- 1AAS-S--	V-AAS-1S	18,19,20,21,22,23,24,25,26	para que por todos los medios salve a algunos	confirmed	finite_verb_morphology		1	S	unresolved	subordination_marker_scan_only	candidate	explicit_marker_after_previous_finite_before_current_finite	"[{""form"": ""ἵνα"", ""key"": ""ινα"", ""token"": ""13""}]"	confirmed	candidate	unresolved
468	1corintios	9	23	03	1corintios-9-23-P01	ποιῶ	ποιέω	V- 1PAI-S--	V-PAI-1S	04	hago	confirmed	finite_verb_morphology		1	S	candidate	subordination_marker_scan_only	not_detected		[]	confirmed	candidate	candidate
469	1corintios	9	23	10	1corintios-9-23-P02	γένωμαι	γίνομαι	V- 1AMS-S--	V-AMS-1S	-	-	confirmed	finite_verb_morphology		1	S	unresolved	subordination_marker_scan_only	candidate	explicit_marker_after_previous_finite_before_current_finite	"[{""form"": ""ἵνα"", ""key"": ""ινα"", ""token"": ""07""}]"	confirmed	candidate	unresolved
470	1corintios	9	24	02	1corintios-9-24-P01	οἴδατε	οἶδα	V- 2XAI-P--	V-XAI-2P	02	saben	confirmed	finite_verb_morphology		2	P	candidate	subordination_marker_scan_only	not_detected		[]	confirmed	candidate	candidate
471	1corintios	9	24	10	1corintios-9-24-P02	τρέχουσιν	τρέχω	V- 3PAI-P--	V-PAI-3P	12	verdad	confirmed	finite_verb_morphology		3	P	unresolved	subordination_marker_scan_only	candidate	explicit_marker_after_previous_finite_before_current_finite	"[{""form"": ""ὅτι"", ""key"": ""οτι"", ""token"": ""03""}]"	confirmed	candidate	unresolved
472	1corintios	9	24	13	1corintios-9-24-P03	λαμβάνει	λαμβάνω	V- 3PAI-S--	V-PAI-3S	16	uno	confirmed	finite_verb_morphology		3	S	candidate	subordination_marker_scan_only	not_detected		[]	confirmed	candidate	candidate
473	1corintios	9	24	17	1corintios-9-24-P04	τρέχετε	τρέχω	V- 2PAD-P--	V-PAD-2P	20	corran	confirmed	finite_verb_morphology		2	P	candidate	subordination_marker_scan_only	not_detected		[]	confirmed	candidate	candidate
474	1corintios	9	24	19	1corintios-9-24-P05	καταλάβητε	καταλαμβάνω	V- 2AAS-P--	V-AAS-2P	25	ganen	confirmed	finite_verb_morphology		2	P	unresolved	subordination_marker_scan_only	candidate	explicit_marker_after_previous_finite_before_current_finite	"[{""form"": ""ἵνα"", ""key"": ""ινα"", ""token"": ""18""}]"	confirmed	candidate	unresolved
475	1corintios	9	25	06	1corintios-9-25-P01	ἐγκρατεύεται	ἐγκρατεύομαι	V- 3PMI-S--	V-PMI-3S	01,02,03,04,05,06,07,08,09,10,11,12	y todo el que compite en los juegos se abstiene de todo	candidate	nearest_agreeing_nominative_no_visible_boundary	03			candidate	subordination_marker_scan_only	not_detected		[]	confirmed	candidate	candidate
476	1corintios	9	25	13	1corintios-9-25-P02	λάβωσιν	λαμβάνω	V- 3AAS-P--	V-AAS-3P	13,14,15,16,17,18,19,20,21,22,23,24	ellos lo hacen para recibir una corona corruptible pero nosotros una incorruptible	confirmed	finite_verb_morphology		3	P	unresolved	subordination_marker_scan_only	candidate	explicit_marker_after_previous_finite_before_current_finite	"[{""form"": ""ἵνα"", ""key"": ""ινα"", ""token"": ""10""}]"	confirmed	candidate	unresolved
477	1corintios	9	26	04	1corintios-9-26-P01	τρέχω	τρέχω	V- 1PAI-S--	V-PAI-1S	01,02,03,04,05,06,07	por tanto yo de esta manera corro	confirmed	finite_verb_morphology		1	S	candidate	subordination_marker_scan_only	not_detected		[]	confirmed	candidate	candidate
478	1corintios	9	26	09	1corintios-9-26-P02	πυκτεύω	πυκτεύω	V- 1PAI-S--	V-PAI-1S	13,14,15,16,17,18,19,20,21,22	de esta manera peleo no como dando golpes al aire	confirmed	finite_verb_morphology		1	S	unresolved	subordination_marker_scan_only	candidate	explicit_marker_after_previous_finite_before_current_finite	"[{""form"": ""ὡς"", ""key"": ""ως"", ""token"": ""05""}]"	confirmed	candidate	unresolved
479	1corintios	9	27	02	1corintios-9-27-P01	ὑπωπιάζω	ὑπωπιάζω	V- 1PAI-S--	V-PAI-1S	03,04,05	golpeo mi cuerpo	confirmed	finite_verb_morphology		1	S	candidate	subordination_marker_scan_only	not_detected		[]	confirmed	candidate	candidate
480	1corintios	9	27	07	1corintios-9-27-P02	δουλαγωγῶ	δουλαγωγέω	V- 1PAI-S--	V-PAI-1S	06,07,08,09,10	y lo hago mi esclavo	confirmed	finite_verb_morphology		1	S	candidate	subordination_marker_scan_only	not_detected		[]	confirmed	candidate	candidate
481	1corintios	9	27	14	1corintios-9-27-P03	γένωμαι	γίνομαι	V- 1AMS-S--	V-AMS-1S	11,12,13,14,15,16,17,18,19,20,21	no sea que habiendo predicado a otros yo mismo sea descalificado	confirmed	finite_verb_morphology		1	S	candidate	subordination_marker_scan_only	not_detected		[]	confirmed	candidate	candidate
482	1corintios	10	1	02	1corintios-10-1-P01	θέλω	θέλω	V- 1PAI-S--	V-PAI-1S	02,03	no quiero	confirmed	finite_verb_morphology		1	S	candidate	subordination_marker_scan_only	not_detected		[]	confirmed	candidate	candidate
483	1corintios	10	1	15	1corintios-10-1-P02	ἦσαν	εἰμί	V- 3IAI-P--	V-IAI-3P	16	todos	candidate	nearest_agreeing_nominative_no_visible_boundary	11			unresolved	subordination_marker_scan_only	candidate	explicit_marker_after_previous_finite_before_current_finite	"[{""form"": ""ὅτι"", ""key"": ""οτι"", ""token"": ""07""}]"	confirmed	candidate	unresolved
484	1corintios	10	1	21	1corintios-10-1-P03	διῆλθον	διέρχομαι	V- 3AAI-P--	V-AAI-3P	-	-	candidate	nearest_agreeing_nominative_no_visible_boundary	17			candidate	subordination_marker_scan_only	not_detected		[]	confirmed	candidate	candidate
485	1corintios	10	2	06	1corintios-10-2-P01	ἐβαπτίσαντο	βαπτίζω	V- 3AMI-P--	V-AMI-3P	07	la	candidate	nearest_agreeing_nominative_no_visible_boundary	02			candidate	subordination_marker_scan_only	not_detected		[]	confirmed	candidate	candidate
486	1corintios	10	3	07	1corintios-10-3-P01	ἔφαγον	ἐσθίω	V- 3AAI-P--	V-AAI-3P	-	-	candidate	nearest_agreeing_nominative_no_visible_boundary	02			candidate	subordination_marker_scan_only	not_detected		[]	confirmed	candidate	candidate
487	1corintios	10	4	06	1corintios-10-4-P01	ἔπιον	πίνω	V- 3AAI-P--	V-AAI-3P	07	espiritual	candidate	nearest_agreeing_nominative_no_visible_boundary	02			candidate	subordination_marker_scan_only	not_detected		[]	confirmed	candidate	candidate
488	1corintios	10	4	08	1corintios-10-4-P02	ἔπινον	πίνω	V- 3IAI-P--	V-IAI-3P	09	bebían	confirmed	finite_verb_morphology		3	P	candidate	subordination_marker_scan_only	not_detected		[]	confirmed	candidate	candidate
489	1corintios	10	4	17	1corintios-10-4-P03	ἦν	εἰμί	V- 3IAI-S--	V-IAI-3S	19	era	confirmed	finite_verb_morphology		3	S	candidate	subordination_marker_scan_only	not_detected		[]	confirmed	candidate	candidate
490	1corintios	10	5	07	1corintios-10-5-P01	ηὐδόκησεν	εὐδοκέω	V- 3AAI-S--	V-AAI-3S	01,02,03,04,05,06,07,08,09,10,11,12	sin embargo dios no se agradó de la mayor parte de ellos	confirmed	finite_verb_morphology		3	S	candidate	subordination_marker_scan_only	not_detected		[]	confirmed	candidate	candidate
491	1corintios	10	5	10	1corintios-10-5-P02	κατεστρώθησαν	καταστρώννυμι	V- 3API-P--	V-API-3P	13	y	confirmed	finite_verb_morphology		3	P	candidate	subordination_marker_scan_only	not_detected		[]	confirmed	candidate	candidate
492	1corintios	10	6	05	1corintios-10-6-P01	ἐγενήθησαν	γίνομαι	V- 3API-P--	V-API-3P	01,02,03,04,05,06,07,08,09,10,11,12,13,14,15,16,17,18,19	estas cosas sucedieron como ejemplo para nosotros a fin de que no codiciemos lo malo como ellos lo codiciaron	candidate	nearest_agreeing_nominative_no_visible_boundary	03			candidate	subordination_marker_scan_only	not_detected		[]	confirmed	candidate	candidate
493	1corintios	10	6	15	1corintios-10-6-P02	ἐπεθύμησαν	ἐπιθυμέω	V- 3AAI-P--	V-AAI-3P	01,02,03,04,05,06,07,08,09,10,11,12,13,14,15,16,17,18,19	estas cosas sucedieron como ejemplo para nosotros a fin de que no codiciemos lo malo como ellos lo codiciaron	candidate	nearest_agreeing_nominative_no_visible_boundary	14			unresolved	subordination_marker_scan_only	candidate	explicit_marker_after_previous_finite_before_current_finite	"[{""form"": ""καθὼς"", ""key"": ""καθως"", ""token"": ""13""}]"	confirmed	candidate	unresolved
494	1corintios	10	7	03	1corintios-10-7-P01	γίνεσθε	γίνομαι	V- 2PMD-P--	V-PMD-2P	01,02,03,04	no sean pues idólatras	confirmed	finite_verb_morphology		2	P	candidate	subordination_marker_scan_only	not_detected		[]	confirmed	candidate	candidate
495	1corintios	10	7	08	1corintios-10-7-P02	γέγραπται	γράφω	V- 3XPI-S--	V-XPI-3S	10,11,12	según está escrito	confirmed	finite_verb_morphology		3	S	unresolved	subordination_marker_scan_only	candidate	explicit_marker_after_previous_finite_before_current_finite	"[{""form"": ""καθώς"", ""key"": ""καθως"", ""token"": ""04""}]"	confirmed	candidate	unresolved
496	1corintios	10	7	09	1corintios-10-7-P03	ἐκάθισεν	καθίζω	V- 3AAI-S--	V-AAI-3S	13,14,15,16,17,18,19,20,21,22,23,24,25,26	el pueblo se sentó a comer y a beber y se levantó a jugar	confirmed	finite_verb_morphology		3	S	candidate	subordination_marker_scan_only	not_detected		[]	confirmed	candidate	candidate
497	1corintios	10	7	16	1corintios-10-7-P04	ἀνέστησαν	ἀνίστημι	V- 3AAI-P--	V-AAI-3P	13,14,15,16,17,18,19,20,21,22,23,24,25,26	el pueblo se sentó a comer y a beber y se levantó a jugar	confirmed	finite_verb_morphology		3	P	candidate	subordination_marker_scan_only	not_detected		[]	confirmed	candidate	candidate
498	1corintios	10	8	02	1corintios-10-8-P01	πορνεύωμεν	πορνεύω	V- 1PAS-P--	V-PAS-1P	02	forniquemos	confirmed	finite_verb_morphology		1	P	candidate	subordination_marker_scan_only	not_detected		[]	confirmed	candidate	candidate
499	1corintios	10	8	06	1corintios-10-8-P02	ἐπόρνευσαν	πορνεύω	V- 3AAI-P--	V-AAI-3P	08	y	candidate	nearest_agreeing_nominative_no_visible_boundary	04			unresolved	subordination_marker_scan_only	candidate	explicit_marker_after_previous_finite_before_current_finite	"[{""form"": ""καθώς"", ""key"": ""καθως"", ""token"": ""03""}]"	confirmed	candidate	unresolved
500	1corintios	10	8	08	1corintios-10-8-P03	ἔπεσαν	πίπτω	V- 3AAI-P--	V-AAI-3P	11	día	confirmed	finite_verb_morphology		3	P	candidate	subordination_marker_scan_only	not_detected		[]	confirmed	candidate	candidate
501	1corintios	10	9	02	1corintios-10-9-P01	ἐκπειράζωμεν	ἐκπειράζω	V- 1PAS-P--	V-PAS-1P	02	provoquemos	confirmed	finite_verb_morphology		1	P	candidate	subordination_marker_scan_only	not_detected		[]	confirmed	candidate	candidate
502	1corintios	10	9	08	1corintios-10-9-P02	ἐπείρασαν	πειράζω	V- 3AAI-P--	V-AAI-3P	10	provocaron	candidate	nearest_agreeing_nominative_no_visible_boundary	06			unresolved	subordination_marker_scan_only	candidate	explicit_marker_after_previous_finite_before_current_finite	"[{""form"": ""καθώς"", ""key"": ""καθως"", ""token"": ""05""}]"	confirmed	candidate	unresolved
503	1corintios	10	9	13	1corintios-10-9-P03	ἀπώλλυντο	ἀπόλλυμι	V- 3IPI-P--	V-IPI-3P	16	serpientes	confirmed	finite_verb_morphology		3	P	candidate	subordination_marker_scan_only	not_detected		[]	confirmed	candidate	candidate
504	1corintios	10	10	02	1corintios-10-10-P01	γογγύζετε	γογγύζω	V- 2PAD-P--	V-PAD-2P	02	murmuren	confirmed	finite_verb_morphology		2	P	candidate	subordination_marker_scan_only	not_detected		[]	confirmed	candidate	candidate
505	1corintios	10	10	06	1corintios-10-10-P02	ἐγόγγυσαν	γογγύζω	V- 3AAI-P--	V-AAI-3P	03,04,05,06,07	como algunos de ellos murmuraron	candidate	nearest_agreeing_nominative_no_visible_boundary	04			candidate	subordination_marker_scan_only	not_detected		[]	confirmed	candidate	candidate
506	1corintios	10	10	08	1corintios-10-10-P03	ἀπώλοντο	ἀπόλλυμι	V- 3AMI-P--	V-AMI-3P	08,09,10,11,12,13	y fueron destruidos por el destructor	confirmed	finite_verb_morphology		3	P	candidate	subordination_marker_scan_only	not_detected		[]	confirmed	candidate	candidate
507	1corintios	10	11	04	1corintios-10-11-P01	συνέβαινεν	συμβαίνω	V- 3IAI-S--	V-IAI-3S	05	como	confirmed	finite_verb_morphology		3	S	candidate	subordination_marker_scan_only	not_detected		[]	confirmed	candidate	candidate
508	1corintios	10	11	06	1corintios-10-11-P02	ἐγράφη	γράφω	V- 3API-S--	V-API-3S	07	y	confirmed	finite_verb_morphology		3	S	candidate	subordination_marker_scan_only	not_detected		[]	confirmed	candidate	candidate
509	1corintios	10	11	17	1corintios-10-11-P03	κατήντηκεν	καταντάω	V- 3XAI-S--	V-XAI-3S	14,15,16,17,18,19,20,21,22	para quienes ha llegado el fin de los siglos	candidate	nearest_agreeing_nominative_no_visible_boundary	14			candidate	subordination_marker_scan_only	not_detected		[]	confirmed	candidate	candidate
510	1corintios	10	12	05	1corintios-10-12-P01	βλεπέτω	βλέπω	V- 3PAD-S--	V-PAD-3S	01,02,03,04,05,06,07,08,09,10,11,12,13,14	por tanto el que cree que está firme tenga cuidado no sea que caiga	candidate	nearest_agreeing_nominative_no_visible_boundary	02			unresolved	subordination_marker_scan_only	candidate	explicit_marker_after_previous_finite_before_current_finite	"[{""form"": ""ὥστε"", ""key"": ""ωστε"", ""token"": ""01""}]"	confirmed	candidate	unresolved
511	1corintios	10	12	07	1corintios-10-12-P02	πέσῃ	πίπτω	V- 3AAS-S--	V-AAS-3S	01,02,03,04,05,06,07,08,09,10,11,12,13,14	por tanto el que cree que está firme tenga cuidado no sea que caiga	confirmed	finite_verb_morphology		3	S	candidate	subordination_marker_scan_only	not_detected		[]	confirmed	candidate	candidate
512	1corintios	10	13	04	1corintios-10-13-P01	εἴληφεν	λαμβάνω	V- 3XAI-S--	V-XAI-3S	01,02,03,04,05,06,07,08,09,10,11,12,13	no les ha sobrevenido ninguna tentación que no sea común a los hombres	candidate	nearest_agreeing_nominative_no_visible_boundary	01			candidate	subordination_marker_scan_only	not_detected		[]	confirmed	candidate	candidate
513	1corintios	10	13	14	1corintios-10-13-P02	ἐάσει	ἐάω	V- 3FAI-S--	V-FAI-3S	14,15,16,17,18,19,20,21,22,23,24,25,26,27,28,29,30	fiel es dios que no permitirá que ustedes sean tentados más allá de lo que pueden soportar	candidate	nearest_agreeing_nominative_no_visible_boundary	12			unresolved	subordination_marker_scan_only	candidate	explicit_marker_after_previous_finite_before_current_finite	"[{""form"": ""εἰ"", ""key"": ""ει"", ""token"": ""05""}]"	confirmed	candidate	unresolved
514	1corintios	10	13	19	1corintios-10-13-P03	δύνασθε	δύναμαι	V- 2PMI-P--	V-PMI-2P	14,15,16,17,18,19,20,21,22,23,24,25,26,27,28,29,30	fiel es dios que no permitirá que ustedes sean tentados más allá de lo que pueden soportar	confirmed	finite_verb_morphology		2	P	candidate	subordination_marker_scan_only	not_detected		[]	confirmed	candidate	candidate
515	1corintios	10	13	21	1corintios-10-13-P04	ποιήσει	ποιέω	V- 3FAI-S--	V-FAI-3S	31,32,33,34,35,36,37,38,39,40,41,42,43,44,45,46,47	sino que con la tentación proveerá también la vía de escape a fin de que puedan resistirla	confirmed	finite_verb_morphology		3	S	candidate	subordination_marker_scan_only	not_detected		[]	confirmed	candidate	candidate
516	1corintios	10	14	04	1corintios-10-14-P01	φεύγετε	φεύγω	V- 2PAD-P--	V-PAD-2P	01,02,03,04,05	por tanto amados míos huyan	confirmed	finite_verb_morphology		2	P	candidate	subordination_marker_scan_only	not_detected		[]	confirmed	candidate	candidate
517	1corintios	10	15	03	1corintios-10-15-P01	λέγω	λέγω	V- 1PAI-S--	V-PAI-1S	01,02,03,04,05,06,07,08,09,10	les hablo como a sabios juzguen ustedes lo que digo	confirmed	finite_verb_morphology		1	S	unresolved	subordination_marker_scan_only	candidate	explicit_marker_after_previous_finite_before_current_finite	"[{""form"": ""ὡς"", ""key"": ""ως"", ""token"": ""01""}]"	confirmed	candidate	unresolved
518	1corintios	10	15	04	1corintios-10-15-P02	κρίνατε	κρίνω	V- 2AAD-P--	V-AAD-2P	01,02,03,04,05,06,07,08,09,10	les hablo como a sabios juzguen ustedes lo que digo	confirmed	finite_verb_morphology		2	P	candidate	subordination_marker_scan_only	not_detected		[]	confirmed	candidate	candidate
519	1corintios	10	15	07	1corintios-10-15-P03	φημι	φημί	V- 1PAI-S--	V-PAI-1S	01,02,03,04,05,06,07,08,09,10	les hablo como a sabios juzguen ustedes lo que digo	confirmed	finite_verb_morphology		1	S	candidate	subordination_marker_scan_only	not_detected		[]	confirmed	candidate	candidate
520	1corintios	10	16	06	1corintios-10-16-P01	εὐλογοῦμεν	εὐλογέω	V- 1PAI-P--	V-PAI-1P	01,02,03,04,05,06,07,08,09,10,11,12,13,14,15,16,17,18,19,20,21,22,23,24,25,26,27,28	la copa de bendición que bendecimos no es la participación en la sangre de cristo el pan que partimos no es la participación en el cuerpo de cristo	confirmed	finite_verb_morphology		1	P	candidate	subordination_marker_scan_only	not_detected		[]	confirmed	candidate	candidate
521	1corintios	10	16	09	1corintios-10-16-P02	ἐστὶν	εἰμί	V- 3PAI-S--	V-PAI-3S	01,02,03,04,05,06,07,08,09,10,11,12,13,14,15,16,17,18,19,20,21,22,23,24,25,26,27,28	la copa de bendición que bendecimos no es la participación en la sangre de cristo el pan que partimos no es la participación en el cuerpo de cristo	candidate	nearest_agreeing_nominative_no_visible_boundary	08			candidate	subordination_marker_scan_only	not_detected		[]	confirmed	candidate	candidate
522	1corintios	10	16	17	1corintios-10-16-P03	κλῶμεν	κλάω	V- 1PAI-P--	V-PAI-1P	01,02,03,04,05,06,07,08,09,10,11,12,13,14,15,16,17,18,19,20,21,22,23,24,25,26,27,28	la copa de bendición que bendecimos no es la participación en la sangre de cristo el pan que partimos no es la participación en el cuerpo de cristo	confirmed	finite_verb_morphology		1	P	candidate	subordination_marker_scan_only	not_detected		[]	confirmed	candidate	candidate
523	1corintios	10	16	24	1corintios-10-16-P04	ἐστιν	εἰμί	V- 3PAI-S--	V-PAI-3S	01,02,03,04,05,06,07,08,09,10,11,12,13,14,15,16,17,18,19,20,21,22,23,24,25,26,27,28	la copa de bendición que bendecimos no es la participación en la sangre de cristo el pan que partimos no es la participación en el cuerpo de cristo	candidate	nearest_agreeing_nominative_no_visible_boundary	19			candidate	subordination_marker_scan_only	not_detected		[]	confirmed	candidate	candidate
524	1corintios	10	17	08	1corintios-10-17-P01	ἐσμεν	εἰμί	V- 1PAI-P--	V-PAI-1P	01,02,03,04,05,06,07,08,09,10,11,12,13,14,15,16,17,18,19,20	puesto que el pan es uno nosotros que somos muchos somos un cuerpo porque todos participamos de aquel mismo pan	confirmed	finite_verb_morphology		1	P	unresolved	subordination_marker_scan_only	candidate	explicit_marker_after_previous_finite_before_current_finite	"[{""form"": ""ὅτι"", ""key"": ""οτι"", ""token"": ""01""}]"	confirmed	candidate	unresolved
525	1corintios	10	17	16	1corintios-10-17-P02	μετέχομεν	μετέχω	V- 1PAI-P--	V-PAI-1P	01,02,03,04,05,06,07,08,09,10,11,12,13,14,15,16,17,18,19,20	puesto que el pan es uno nosotros que somos muchos somos un cuerpo porque todos participamos de aquel mismo pan	confirmed	finite_verb_morphology		1	P	candidate	subordination_marker_scan_only	not_detected		[]	confirmed	candidate	candidate
526	1corintios	10	18	01	1corintios-10-18-P01	βλέπετε	βλέπω	V- 2PAD-P--	V-PAD-2P	01	consideren	confirmed	finite_verb_morphology		2	P	candidate	subordination_marker_scan_only	not_detected		[]	confirmed	candidate	candidate
527	1corintios	10	18	14	1corintios-10-18-P02	εἰσίν	εἰμί	V- 3PAI-P--	V-PAI-3P	14	altar	candidate	nearest_agreeing_nominative_no_visible_boundary	11			candidate	subordination_marker_scan_only	not_detected		[]	confirmed	candidate	candidate
528	1corintios	10	19	03	1corintios-10-19-P01	φημι	φημί	V- 1PAI-S--	V-PAI-1S	01,02,03,04,05,06,07,08,09,10,11,12,13,14,15,16,17,18	qué quiero decir entonces que lo sacrificado a los ídolos es algo o que un ídolo es algo	confirmed	finite_verb_morphology		1	S	candidate	subordination_marker_scan_only	not_detected		[]	confirmed	candidate	candidate
529	1corintios	10	19	07	1corintios-10-19-P02	ἐστιν	εἰμί	V- 3PAI-S--	V-PAI-3S	01,02,03,04,05,06,07,08,09,10,11,12,13,14,15,16,17,18	qué quiero decir entonces que lo sacrificado a los ídolos es algo o que un ídolo es algo	candidate	nearest_agreeing_nominative_no_visible_boundary	06			unresolved	subordination_marker_scan_only	candidate	explicit_marker_after_previous_finite_before_current_finite	"[{""form"": ""ὅτι"", ""key"": ""οτι"", ""token"": ""04""}]"	confirmed	candidate	unresolved
530	1corintios	10	19	12	1corintios-10-19-P03	ἐστιν	εἰμί	V- 3PAI-S--	V-PAI-3S	01,02,03,04,05,06,07,08,09,10,11,12,13,14,15,16,17,18	qué quiero decir entonces que lo sacrificado a los ídolos es algo o que un ídolo es algo	candidate	nearest_agreeing_nominative_no_visible_boundary	11			unresolved	subordination_marker_scan_only	candidate	explicit_marker_after_previous_finite_before_current_finite	"[{""form"": ""ὅτι"", ""key"": ""οτι"", ""token"": ""09""}]"	confirmed	candidate	unresolved
531	1corintios	10	20	04	1corintios-10-20-P01	θύουσιν	θύω	V- 3PAI-P--	V-PAI-3P	01,02,03,04,05,06,07,08,09,10,11,12,13,14,15,16,17,18,19,20,21,22,23,24,25,26,27,28	no sino que digo que lo que los gentiles sacrifican lo sacrifican a los demonios y no a dios no quiero que ustedes sean partícipes con los demonios	confirmed	finite_verb_morphology		3	P	unresolved	subordination_marker_scan_only	candidate	explicit_marker_after_previous_finite_before_current_finite	"[{""form"": ""ὅτι"", ""key"": ""οτι"", ""token"": ""02""}]"	confirmed	candidate	unresolved
532	1corintios	10	20	09	1corintios-10-20-P02	θύουσιν	θύω	V- 3PAI-P--	V-PAI-3P	01,02,03,04,05,06,07,08,09,10,11,12,13,14,15,16,17,18,19,20,21,22,23,24,25,26,27,28	no sino que digo que lo que los gentiles sacrifican lo sacrifican a los demonios y no a dios no quiero que ustedes sean partícipes con los demonios	confirmed	finite_verb_morphology		3	P	candidate	subordination_marker_scan_only	not_detected		[]	confirmed	candidate	candidate
533	1corintios	10	20	11	1corintios-10-20-P03	θέλω	θέλω	V- 1PAI-S--	V-PAI-1S	01,02,03,04,05,06,07,08,09,10,11,12,13,14,15,16,17,18,19,20,21,22,23,24,25,26,27,28	no sino que digo que lo que los gentiles sacrifican lo sacrifican a los demonios y no a dios no quiero que ustedes sean partícipes con los demonios	confirmed	finite_verb_morphology		1	S	candidate	subordination_marker_scan_only	not_detected		[]	confirmed	candidate	candidate
534	1corintios	10	21	02	1corintios-10-21-P01	δύνασθε	δύναμαι	V- 2PMI-P--	V-PMI-2P	01,02,03,04,05,06,07,08,09,10,11,12,13,14,15,16,17,18,19,20,21,22,23,24,25,26,27,28,29	ustedes no pueden beber la copa del señor y la copa de los demonios no pueden participar de la mesa del señor y de la mesa de los demonios	confirmed	finite_verb_morphology		2	P	candidate	subordination_marker_scan_only	not_detected		[]	confirmed	candidate	candidate
535	1corintios	10	21	10	1corintios-10-21-P02	δύνασθε	δύναμαι	V- 2PMI-P--	V-PMI-2P	01,02,03,04,05,06,07,08,09,10,11,12,13,14,15,16,17,18,19,20,21,22,23,24,25,26,27,28,29	ustedes no pueden beber la copa del señor y la copa de los demonios no pueden participar de la mesa del señor y de la mesa de los demonios	confirmed	finite_verb_morphology		2	P	candidate	subordination_marker_scan_only	not_detected		[]	confirmed	candidate	candidate
536	1corintios	10	22	02	1corintios-10-22-P01	παραζηλοῦμεν	παραζηλόω	V- 1PAI-P--	V-PAI-1P	01,02,03,04,05,06,07,08,09,10,11,12	o provocaremos a celos al señor somos acaso más fuertes que él	confirmed	finite_verb_morphology		1	P	candidate	subordination_marker_scan_only	not_detected		[]	confirmed	candidate	candidate
537	1corintios	10	22	08	1corintios-10-22-P02	ἐσμεν	εἰμί	V- 1PAI-P--	V-PAI-1P	01,02,03,04,05,06,07,08,09,10,11,12	o provocaremos a celos al señor somos acaso más fuertes que él	confirmed	finite_verb_morphology		1	P	candidate	subordination_marker_scan_only	not_detected		[]	confirmed	candidate	candidate
538	1corintios	10	23	02	1corintios-10-23-P01	ἔξεστιν	ἔξεστι(ν)	V- 3PAI-S--	V-PAI-3S	01,02,03,04,05,06,07,08,09,10,11,12,13,14,15,16	todo es lícito pero no todo es de provecho todo es lícito pero no todo edifica	candidate	nearest_agreeing_nominative_no_visible_boundary	01			candidate	subordination_marker_scan_only	not_detected		[]	confirmed	candidate	candidate
539	1corintios	10	23	06	1corintios-10-23-P02	συμφέρει	συμφέρω	V- 3PAI-S--	V-PAI-3S	01,02,03,04,05,06,07,08,09,10,11,12,13,14,15,16	todo es lícito pero no todo es de provecho todo es lícito pero no todo edifica	candidate	nearest_agreeing_nominative_no_visible_boundary	05			candidate	subordination_marker_scan_only	not_detected		[]	confirmed	candidate	candidate
540	1corintios	10	23	08	1corintios-10-23-P03	ἔξεστιν	ἔξεστι(ν)	V- 3PAI-S--	V-PAI-3S	01,02,03,04,05,06,07,08,09,10,11,12,13,14,15,16	todo es lícito pero no todo es de provecho todo es lícito pero no todo edifica	candidate	nearest_agreeing_nominative_no_visible_boundary	07			candidate	subordination_marker_scan_only	not_detected		[]	confirmed	candidate	candidate
541	1corintios	10	23	12	1corintios-10-23-P04	οἰκοδομεῖ	οἰκοδομέω	V- 3PAI-S--	V-PAI-3S	01,02,03,04,05,06,07,08,09,10,11,12,13,14,15,16	todo es lícito pero no todo es de provecho todo es lícito pero no todo edifica	candidate	nearest_agreeing_nominative_no_visible_boundary	11			candidate	subordination_marker_scan_only	not_detected		[]	confirmed	candidate	candidate
542	1corintios	10	24	04	1corintios-10-24-P01	ζητείτω	ζητέω	V- 3PAD-S--	V-PAD-3S	01,02,03,04,05,06,07,08,09,10	nadie busque su propio bien sino el de su prójimo	candidate	nearest_agreeing_nominative_no_visible_boundary	01			candidate	subordination_marker_scan_only	not_detected		[]	confirmed	candidate	candidate
543	1corintios	10	25	06	1corintios-10-25-P01	ἐσθίετε	ἐσθίω	V- 2PAD-P--	V-PAD-2P	01,02,03,04,05,06,07,08,09,10,11,12,13,14,15,16,17	coman de todo lo que se vende en la carnicería sin preguntar nada por motivos de conciencia	confirmed	finite_verb_morphology		2	P	candidate	subordination_marker_scan_only	not_detected		[]	confirmed	candidate	candidate
544	1corintios	10	27	03	1corintios-10-27-P01	καλεῖ	καλέω	V- 3PAI-S--	V-PAI-3S	01,02,03,04,05,06,07,08,09,10,11,12,13,14,15,16,17,18,19,20,21,22,23,24	si algún incrédulo los invita y quieren ir coman de todo lo que se les ponga delante sin preguntar nada por motivos de conciencia	candidate	nearest_agreeing_nominative_no_visible_boundary	02			unresolved	subordination_marker_scan_only	candidate	explicit_marker_after_previous_finite_before_current_finite	"[{""form"": ""εἴ"", ""key"": ""ει"", ""token"": ""01""}]"	confirmed	candidate	unresolved
545	1corintios	10	27	08	1corintios-10-27-P02	θέλετε	θέλω	V- 2PAI-P--	V-PAI-2P	01,02,03,04,05,06,07,08,09,10,11,12,13,14,15,16,17,18,19,20,21,22,23,24	si algún incrédulo los invita y quieren ir coman de todo lo que se les ponga delante sin preguntar nada por motivos de conciencia	confirmed	finite_verb_morphology		2	P	candidate	subordination_marker_scan_only	not_detected		[]	confirmed	candidate	candidate
546	1corintios	10	27	14	1corintios-10-27-P03	ἐσθίετε	ἐσθίω	V- 2PAD-P--	V-PAD-2P	01,02,03,04,05,06,07,08,09,10,11,12,13,14,15,16,17,18,19,20,21,22,23,24	si algún incrédulo los invita y quieren ir coman de todo lo que se les ponga delante sin preguntar nada por motivos de conciencia	confirmed	finite_verb_morphology		2	P	candidate	subordination_marker_scan_only	not_detected		[]	confirmed	candidate	candidate
547	1corintios	10	28	05	1corintios-10-28-P01	εἴπῃ	λέγω	V- 3AAS-S--	V-AAS-3S	01,02,03,04,05,06,07,08,09,10,11,12,13,14,15,16,17,18,19,20,21,22,23,24,25,26,27,28,29,30,31,32,33,34,35,36,37,38,39,40	pero si alguien les dice esto ha sido sacrificado a los ídolos no lo coman por causa del que se lo dijo y por motivos de conciencia porque del señor es la tierra y todo lo que en ella hay	candidate	nearest_agreeing_nominative_no_visible_boundary	03			unresolved	subordination_marker_scan_only	candidate	explicit_marker_after_previous_finite_before_current_finite	"[{""form"": ""ἐὰν"", ""key"": ""εαν"", ""token"": ""01""}]"	confirmed	candidate	unresolved
548	1corintios	10	28	08	1corintios-10-28-P02	ἐστιν	εἰμί	V- 3PAI-S--	V-PAI-3S	01,02,03,04,05,06,07,08,09,10,11,12,13,14,15,16,17,18,19,20,21,22,23,24,25,26,27,28,29,30,31,32,33,34,35,36,37,38,39,40	pero si alguien les dice esto ha sido sacrificado a los ídolos no lo coman por causa del que se lo dijo y por motivos de conciencia porque del señor es la tierra y todo lo que en ella hay	candidate	nearest_agreeing_nominative_no_visible_boundary	07			candidate	subordination_marker_scan_only	not_detected		[]	confirmed	candidate	candidate
549	1corintios	10	28	10	1corintios-10-28-P03	ἐσθίετε	ἐσθίω	V- 2PAD-P--	V-PAD-2P	01,02,03,04,05,06,07,08,09,10,11,12,13,14,15,16,17,18,19,20,21,22,23,24,25,26,27,28,29,30,31,32,33,34,35,36,37,38,39,40	pero si alguien les dice esto ha sido sacrificado a los ídolos no lo coman por causa del que se lo dijo y por motivos de conciencia porque del señor es la tierra y todo lo que en ella hay	confirmed	finite_verb_morphology		2	P	candidate	subordination_marker_scan_only	not_detected		[]	confirmed	candidate	candidate
550	1corintios	10	29	03	1corintios-10-29-P01	λέγω	λέγω	V- 1PAI-S--	V-PAI-1S	01,02,03,04,05,06,07,08,09,10,11,12,13,14,15,16,17,18,19,20,21,22,23,24	quiero decir no la conciencia de ustedes sino la del otro pues por qué ha de ser juzgada mi libertad por la conciencia ajena	confirmed	finite_verb_morphology		1	S	candidate	subordination_marker_scan_only	not_detected		[]	confirmed	candidate	candidate
551	1corintios	10	29	16	1corintios-10-29-P02	κρίνεται	κρίνω	V- 3PPI-S--	V-PPI-3S	01,02,03,04,05,06,07,08,09,10,11,12,13,14,15,16,17,18,19,20,21,22,23,24	quiero decir no la conciencia de ustedes sino la del otro pues por qué ha de ser juzgada mi libertad por la conciencia ajena	candidate	nearest_agreeing_nominative_no_visible_boundary	14			candidate	subordination_marker_scan_only	not_detected		[]	confirmed	candidate	candidate
552	1corintios	10	30	04	1corintios-10-30-P01	μετέχω	μετέχω	V- 1PAI-S--	V-PAI-1S	01,02,03,04,05,06,07,08,09,10,11,12,13,14,15,16,17,18,19	si participo con agradecimiento por qué he de ser censurado a causa de aquello por lo cual doy gracias	confirmed	finite_verb_morphology		1	S	unresolved	subordination_marker_scan_only	candidate	explicit_marker_after_previous_finite_before_current_finite	"[{""form"": ""εἰ"", ""key"": ""ει"", ""token"": ""01""}]"	confirmed	candidate	unresolved
553	1corintios	10	30	06	1corintios-10-30-P02	βλασφημοῦμαι	βλασφημέω	V- 1PPI-S--	V-PPI-1S	01,02,03,04,05,06,07,08,09,10,11,12,13,14,15,16,17,18,19	si participo con agradecimiento por qué he de ser censurado a causa de aquello por lo cual doy gracias	confirmed	finite_verb_morphology		1	S	candidate	subordination_marker_scan_only	not_detected		[]	confirmed	candidate	candidate
554	1corintios	10	30	10	1corintios-10-30-P03	εὐχαριστῶ	εὐχαριστέω	V- 1PAI-S--	V-PAI-1S	01,02,03,04,05,06,07,08,09,10,11,12,13,14,15,16,17,18,19	si participo con agradecimiento por qué he de ser censurado a causa de aquello por lo cual doy gracias	confirmed	finite_verb_morphology		1	S	candidate	subordination_marker_scan_only	not_detected		[]	confirmed	candidate	candidate
555	1corintios	10	31	03	1corintios-10-31-P01	ἐσθίετε	ἐσθίω	V- 2PAI-P--	V-PAI-2P	01,02,03,04,05,06,07,08,09,10,11,12,13,14,15,16,17,18,19,20	entonces ya sea que coman que beban o que hagan cualquier otra cosa háganlo todo para la gloria de dios	confirmed	finite_verb_morphology		2	P	candidate	subordination_marker_scan_only	not_detected		[]	confirmed	candidate	candidate
556	1corintios	10	31	05	1corintios-10-31-P02	πίνετε	πίνω	V- 2PAI-P--	V-PAI-2P	01,02,03,04,05,06,07,08,09,10,11,12,13,14,15,16,17,18,19,20	entonces ya sea que coman que beban o que hagan cualquier otra cosa háganlo todo para la gloria de dios	confirmed	finite_verb_morphology		2	P	candidate	subordination_marker_scan_only	not_detected		[]	confirmed	candidate	candidate
557	1corintios	10	31	08	1corintios-10-31-P03	ποιεῖτε	ποιέω	V- 2PAI-P--	V-PAI-2P	01,02,03,04,05,06,07,08,09,10,11,12,13,14,15,16,17,18,19,20	entonces ya sea que coman que beban o que hagan cualquier otra cosa háganlo todo para la gloria de dios	confirmed	finite_verb_morphology		2	P	candidate	subordination_marker_scan_only	not_detected		[]	confirmed	candidate	candidate
558	1corintios	10	31	13	1corintios-10-31-P04	ποιεῖτε	ποιέω	V- 2PAD-P--	V-PAD-2P	01,02,03,04,05,06,07,08,09,10,11,12,13,14,15,16,17,18,19,20	entonces ya sea que coman que beban o que hagan cualquier otra cosa háganlo todo para la gloria de dios	confirmed	finite_verb_morphology		2	P	candidate	subordination_marker_scan_only	not_detected		[]	confirmed	candidate	candidate
559	1corintios	10	32	04	1corintios-10-32-P01	γίνεσθε	γίνομαι	V- 2PMD-P--	V-PMD-2P	01,02,03,04,05,06,07,08,09,10,11,12,13,14,15,16,17	no sean motivo de tropiezo ni a judíos ni a griegos ni a la iglesia de dios	confirmed	finite_verb_morphology		2	P	candidate	subordination_marker_scan_only	not_detected		[]	confirmed	candidate	candidate
560	1corintios	10	33	05	1corintios-10-33-P01	ἀρέσκω	ἀρέσκω	V- 1PAI-S--	V-PAI-1S	01,02,03,04,05,06,07,08,09,10,11,12,13,14,15,16,17,18,19,20,21,22,23	así como también yo procuro agradar a todos en todo no buscando mi propio beneficio sino el de muchos para que sean salvos	confirmed	finite_verb_morphology		1	S	unresolved	subordination_marker_scan_only	candidate	explicit_marker_after_previous_finite_before_current_finite	"[{""form"": ""καθὼς"", ""key"": ""καθως"", ""token"": ""01""}]"	confirmed	candidate	unresolved
561	1corintios	10	33	16	1corintios-10-33-P02	σωθῶσιν	σῴζω	V- 3APS-P--	V-APS-3P	01,02,03,04,05,06,07,08,09,10,11,12,13,14,15,16,17,18,19,20,21,22,23	así como también yo procuro agradar a todos en todo no buscando mi propio beneficio sino el de muchos para que sean salvos	confirmed	finite_verb_morphology		3	P	unresolved	subordination_marker_scan_only	candidate	explicit_marker_after_previous_finite_before_current_finite	"[{""form"": ""ἵνα"", ""key"": ""ινα"", ""token"": ""15""}]"	confirmed	candidate	unresolved
562	1corintios	11	1	03	1corintios-11-1-P01	γίνεσθε	γίνομαι	V- 2PMD-P--	V-PMD-2P	01,02	sean imitadores	confirmed	finite_verb_morphology		2	P	candidate	subordination_marker_scan_only	not_detected		[]	confirmed	candidate	candidate
563	1corintios	11	2	01	1corintios-11-2-P01	ἐπαινῶ	ἐπαινέω	V- 1PAI-S--	V-PAI-1S	01,02	los alabo	confirmed	finite_verb_morphology		1	S	candidate	subordination_marker_scan_only	not_detected		[]	confirmed	candidate	candidate
564	1corintios	11	2	07	1corintios-11-2-P02	μέμνησθε	μιμνῄσκομαι	V- 2XMI-P--	V-XMI-2P	07	acuerdan	confirmed	finite_verb_morphology		2	P	unresolved	subordination_marker_scan_only	candidate	explicit_marker_after_previous_finite_before_current_finite	"[{""form"": ""ὅτι"", ""key"": ""οτι"", ""token"": ""04""}]"	confirmed	candidate	unresolved
565	1corintios	11	2	10	1corintios-11-2-P03	παρέδωκα	παραδίδωμι	V- 1AAI-S--	V-AAI-1S	18,19,20,21	yo se las entregué	confirmed	finite_verb_morphology		1	S	unresolved	subordination_marker_scan_only	candidate	explicit_marker_after_previous_finite_before_current_finite	"[{""form"": ""καθὼς"", ""key"": ""καθως"", ""token"": ""09""}]"	confirmed	candidate	unresolved
566	1corintios	11	2	14	1corintios-11-2-P04	κατέχετε	κατέχω	V- 2PAI-P--	V-PAI-2P	11,14,15	guardan con firmeza	confirmed	finite_verb_morphology		2	P	candidate	subordination_marker_scan_only	not_detected		[]	confirmed	candidate	candidate
567	1corintios	11	3	01	1corintios-11-3-P01	θέλω	θέλω	V- 1PAI-S--	V-PAI-1S	01,02	pero quiero	confirmed	finite_verb_morphology		1	S	candidate	subordination_marker_scan_only	not_detected		[]	confirmed	candidate	candidate
568	1corintios	11	3	12	1corintios-11-3-P02	ἐστιν	εἰμί	V- 3PAI-S--	V-PAI-3S	11	es	candidate	nearest_agreeing_nominative_no_visible_boundary	11			unresolved	subordination_marker_scan_only	candidate	explicit_marker_after_previous_finite_before_current_finite	"[{""form"": ""ὅτι"", ""key"": ""οτι"", ""token"": ""05""}]"	confirmed	candidate	unresolved
569	1corintios	11	4	09	1corintios-11-4-P01	καταισχύνει	καταισχύνω	V- 3PAI-S--	V-PAI-3S	11	deshonra	confirmed	finite_verb_morphology		3	S	candidate	subordination_marker_scan_only	not_detected		[]	confirmed	candidate	candidate
570	1corintios	11	5	10	1corintios-11-5-P01	καταισχύνει	καταισχύνω	V- 3PAI-S--	V-PAI-3S	13	deshonra	confirmed	finite_verb_morphology		3	S	candidate	subordination_marker_scan_only	not_detected		[]	confirmed	candidate	candidate
571	1corintios	11	5	16	1corintios-11-5-P02	ἐστιν	εἰμί	V- 3PAI-S--	V-PAI-3S	18	hace	confirmed	finite_verb_morphology		3	S	candidate	subordination_marker_scan_only	not_detected		[]	confirmed	candidate	candidate
572	1corintios	11	6	04	1corintios-11-6-P01	κατακαλύπτεται	κατακαλύπτομαι	V- 3PMI-S--	V-PMI-3S	06,07	se cubre	confirmed	finite_verb_morphology		3	S	unresolved	subordination_marker_scan_only	candidate	explicit_marker_after_previous_finite_before_current_finite	"[{""form"": ""εἰ"", ""key"": ""ει"", ""token"": ""01""}]"	confirmed	candidate	unresolved
573	1corintios	11	6	07	1corintios-11-6-P02	κειράσθω	κείρω	V- 3AMD-S--	V-AMD-3S	09,10,11,12,13,14,15	cabeza que también se corte el cabello	confirmed	finite_verb_morphology		3	S	candidate	subordination_marker_scan_only	not_detected		[]	confirmed	candidate	candidate
574	1corintios	11	6	16	1corintios-11-6-P03	κατακαλυπτέσθω	κατακαλύπτομαι	V- 3PMD-S--	V-PMD-3S	18,28,29,30	es que se cubra	confirmed	finite_verb_morphology		3	S	unresolved	subordination_marker_scan_only	candidate	explicit_marker_after_previous_finite_before_current_finite	"[{""form"": ""εἰ"", ""key"": ""ει"", ""token"": ""08""}]"	confirmed	candidate	unresolved
575	1corintios	11	7	05	1corintios-11-7-P01	ὀφείλει	ὀφείλω	V- 3PAI-S--	V-PAI-3S	05,06	debe cubrirse	confirmed	finite_verb_morphology		3	S	candidate	subordination_marker_scan_only	not_detected		[]	confirmed	candidate	candidate
576	1corintios	11	7	19	1corintios-11-7-P02	ἐστιν	εἰμί	V- 3PAI-S--	V-PAI-3S	22,23	es la	candidate	nearest_agreeing_nominative_no_visible_boundary	17			candidate	subordination_marker_scan_only	not_detected		[]	confirmed	candidate	candidate
577	1corintios	11	8	03	1corintios-11-8-P01	ἐστιν	εἰμί	V- 3PAI-S--	V-PAI-3S	05	procede	confirmed	finite_verb_morphology		3	S	candidate	subordination_marker_scan_only	not_detected		[]	confirmed	candidate	candidate
578	1corintios	11	9	04	1corintios-11-9-P01	ἐκτίσθη	κτίζω	V- 3API-S--	V-API-3S	06,07	fue creado	confirmed	finite_verb_morphology		3	S	candidate	subordination_marker_scan_only	not_detected		[]	confirmed	candidate	candidate
579	1corintios	11	10	03	1corintios-11-10-P01	ὀφείλει	ὀφείλω	V- 3PAI-S--	V-PAI-3S	05,06	debe tener	confirmed	finite_verb_morphology		3	S	candidate	subordination_marker_scan_only	not_detected		[]	confirmed	candidate	candidate
580	1corintios	11	13	04	1corintios-11-13-P01	κρίνατε	κρίνω	V- 2AAD-P--	V-AAD-2P	06	que	confirmed	finite_verb_morphology		2	P	candidate	subordination_marker_scan_only	not_detected		[]	confirmed	candidate	candidate
581	1corintios	11	13	06	1corintios-11-13-P02	ἐστὶν	εἰμί	V- 3PAI-S--	V-PAI-3S	08	mujer	confirmed	finite_verb_morphology		3	S	candidate	subordination_marker_scan_only	not_detected		[]	confirmed	candidate	candidate
582	1corintios	11	14	05	1corintios-11-14-P01	διδάσκει	διδάσκω	V- 3PAI-S--	V-PAI-3S	03	enseña	candidate	nearest_agreeing_nominative_no_visible_boundary	04			candidate	subordination_marker_scan_only	not_detected		[]	confirmed	candidate	candidate
583	1corintios	11	14	11	1corintios-11-14-P02	κομᾷ	κομάω	V- 3PAS-S--	V-PAS-3S	11,12,13,14	tiene el cabello largo	confirmed	finite_verb_morphology		3	S	unresolved	subordination_marker_scan_only	candidate	explicit_marker_after_previous_finite_before_current_finite	"[{""form"": ""ὅτι"", ""key"": ""οτι"", ""token"": ""07""}, {""form"": ""ἐὰν"", ""key"": ""εαν"", ""token"": ""10""}]"	confirmed	candidate	unresolved
584	1corintios	11	14	14	1corintios-11-14-P03	ἐστιν	εἰμί	V- 3PAI-S--	V-PAI-3S	16	es	candidate	nearest_agreeing_nominative_no_visible_boundary	12			candidate	subordination_marker_scan_only	not_detected		[]	confirmed	candidate	candidate
585	1corintios	11	15	04	1corintios-11-15-P01	κομᾷ	κομάω	V- 3PAS-S--	V-PAS-3S	06,07,08,09	tiene el cabello largo	confirmed	finite_verb_morphology		3	S	unresolved	subordination_marker_scan_only	candidate	explicit_marker_after_previous_finite_before_current_finite	"[{""form"": ""ἐὰν"", ""key"": ""εαν"", ""token"": ""03""}]"	confirmed	candidate	unresolved
586	1corintios	11	15	07	1corintios-11-15-P02	ἐστιν	εἰμί	V- 3PAI-S--	V-PAI-3S	10,11	le es	candidate	nearest_agreeing_nominative_no_visible_boundary	05			candidate	subordination_marker_scan_only	not_detected		[]	confirmed	candidate	candidate
587	1corintios	11	15	13	1corintios-11-15-P03	δέδοται	δίδωμι	V- 3XPI-S--	V-XPI-3S	20,21	es dado	candidate	nearest_agreeing_nominative_no_visible_boundary	10			unresolved	subordination_marker_scan_only	candidate	explicit_marker_after_previous_finite_before_current_finite	"[{""form"": ""ὅτι"", ""key"": ""οτι"", ""token"": ""08""}]"	confirmed	candidate	unresolved
588	1corintios	11	16	04	1corintios-11-16-P01	δοκεῖ	δοκέω	V- 3PAI-S--	V-PAI-3S	04,05	parece ser	candidate	nearest_agreeing_nominative_no_visible_boundary	03			unresolved	subordination_marker_scan_only	candidate	explicit_marker_after_previous_finite_before_current_finite	"[{""form"": ""εἰ"", ""key"": ""ει"", ""token"": ""01""}]"	confirmed	candidate	unresolved
589	1corintios	11	16	11	1corintios-11-16-P02	ἔχομεν	ἔχω	V- 1PAI-P--	V-PAI-1P	13	la	confirmed	finite_verb_morphology		1	P	candidate	subordination_marker_scan_only	not_detected		[]	confirmed	candidate	candidate
590	1corintios	11	17	05	1corintios-11-17-P01	ἐπαινῶ	ἐπαινέω	V- 1PAI-S--	V-PAI-1S	07,08	los alabo	confirmed	finite_verb_morphology		1	S	candidate	subordination_marker_scan_only	not_detected		[]	confirmed	candidate	candidate
591	1corintios	11	17	15	1corintios-11-17-P02	συνέρχεσθε	συνέρχομαι	V- 2PMI-P--	V-PMI-2P	11,12	se congregan	confirmed	finite_verb_morphology		2	P	unresolved	subordination_marker_scan_only	candidate	explicit_marker_after_previous_finite_before_current_finite	"[{""form"": ""ὅτι"", ""key"": ""οτι"", ""token"": ""06""}]"	confirmed	candidate	unresolved
592	1corintios	11	18	08	1corintios-11-18-P01	ἀκούω	ἀκούω	V- 1PAI-S--	V-PAI-1S	09	reúnen	confirmed	finite_verb_morphology		1	S	candidate	subordination_marker_scan_only	not_detected		[]	confirmed	candidate	candidate
593	1corintios	11	18	16	1corintios-11-18-P02	πιστεύω	πιστεύω	V- 1PAI-S--	V-PAI-1S	20	creo	confirmed	finite_verb_morphology		1	S	candidate	subordination_marker_scan_only	not_detected		[]	confirmed	candidate	candidate
594	1corintios	11	19	01	1corintios-11-19-P01	δεῖ	δέω	V- 3PAI-S--	V-PAI-3S	01	porque	confirmed	finite_verb_morphology		3	S	candidate	subordination_marker_scan_only	not_detected		[]	confirmed	candidate	candidate
595	1corintios	11	19	13	1corintios-11-19-P02	γένωνται	γίνομαι	V- 3AMS-P--	V-AMS-3P	-	-	candidate	nearest_agreeing_nominative_no_visible_boundary	12			unresolved	subordination_marker_scan_only	candidate	explicit_marker_after_previous_finite_before_current_finite	"[{""form"": ""ἵνα"", ""key"": ""ινα"", ""token"": ""08""}]"	confirmed	candidate	unresolved
596	1corintios	11	20	08	1corintios-11-20-P01	ἔστιν	εἰμί	V- 3PAI-S--	V-PAI-3S	09	es	confirmed	finite_verb_morphology		3	S	candidate	subordination_marker_scan_only	not_detected		[]	confirmed	candidate	candidate
597	1corintios	11	21	06	1corintios-11-21-P01	προλαμβάνει	προλαμβάνω	V- 3PAI-S--	V-PAI-3S	07	primero	confirmed	finite_verb_morphology		3	S	candidate	subordination_marker_scan_only	not_detected		[]	confirmed	candidate	candidate
598	1corintios	11	21	13	1corintios-11-21-P02	πεινᾷ	πεινάω	V- 3PAI-S--	V-PAI-3S	17	se	confirmed	finite_verb_morphology		3	S	candidate	subordination_marker_scan_only	not_detected		[]	confirmed	candidate	candidate
599	1corintios	11	21	16	1corintios-11-21-P03	μεθύει	μεθύω	V- 3PAI-S--	V-PAI-3S	-	-	confirmed	finite_verb_morphology		3	S	candidate	subordination_marker_scan_only	not_detected		[]	confirmed	candidate	candidate
600	1corintios	11	22	05	1corintios-11-22-P01	ἔχετε	ἔχω	V- 2PAI-P--	V-PAI-2P	06	comer	confirmed	finite_verb_morphology		2	P	candidate	subordination_marker_scan_only	not_detected		[]	confirmed	candidate	candidate
601	1corintios	11	22	16	1corintios-11-22-P02	καταφρονεῖτε	καταφρονέω	V- 2PAI-P--	V-PAI-2P	19	que	confirmed	finite_verb_morphology		2	P	candidate	subordination_marker_scan_only	not_detected		[]	confirmed	candidate	candidate
602	1corintios	11	22	18	1corintios-11-22-P03	καταισχύνετε	καταισχύνω	V- 2PAI-P--	V-PAI-2P	22	qué	confirmed	finite_verb_morphology		2	P	candidate	subordination_marker_scan_only	not_detected		[]	confirmed	candidate	candidate
603	1corintios	11	22	23	1corintios-11-22-P04	εἴπω	λέγω	V- 1AAS-S--	V-AAS-1S	24	diré	confirmed	finite_verb_morphology		1	S	candidate	subordination_marker_scan_only	not_detected		[]	confirmed	candidate	candidate
604	1corintios	11	22	25	1corintios-11-22-P05	ἐπαινέσω	ἐπαινέω	V- 1AAS-S--	V-AAS-1S	31	alabaré	confirmed	finite_verb_morphology		1	S	candidate	subordination_marker_scan_only	not_detected		[]	confirmed	candidate	candidate
605	1corintios	11	22	30	1corintios-11-22-P06	ἐπαινῶ	ἐπαινέω	V- 1PAI-S--	V-PAI-1S	30	los	confirmed	finite_verb_morphology		1	S	candidate	subordination_marker_scan_only	not_detected		[]	confirmed	candidate	candidate
606	1corintios	11	23	03	1corintios-11-23-P01	παρέλαβον	παραλαμβάνω	V- 1AAI-S--	V-AAI-1S	03	recibí	confirmed	finite_verb_morphology		1	S	candidate	subordination_marker_scan_only	not_detected		[]	confirmed	candidate	candidate
607	1corintios	11	23	09	1corintios-11-23-P02	παρέδωκα	παραδίδωμι	V- 1AAI-S--	V-AAI-1S	11	enseñado	confirmed	finite_verb_morphology		1	S	candidate	subordination_marker_scan_only	not_detected		[]	confirmed	candidate	candidate
608	1corintios	11	23	19	1corintios-11-23-P03	παρεδίδετο	παραδίδωμι	V- 3IPI-S--	V-IPI-3S	21	entregado	confirmed	finite_verb_morphology		3	S	unresolved	subordination_marker_scan_only	candidate	explicit_marker_after_previous_finite_before_current_finite	"[{""form"": ""ὅτι"", ""key"": ""οτι"", ""token"": ""11""}]"	confirmed	candidate	unresolved
609	1corintios	11	23	20	1corintios-11-23-P04	ἔλαβεν	λαμβάνω	V- 3AAI-S--	V-AAI-3S	22	tomó	confirmed	finite_verb_morphology		3	S	candidate	subordination_marker_scan_only	not_detected		[]	confirmed	candidate	candidate
610	1corintios	11	24	03	1corintios-11-24-P01	ἔκλασεν	κλάω	V- 3AAI-S--	V-AAI-3S	07	partió	confirmed	finite_verb_morphology		3	S	candidate	subordination_marker_scan_only	not_detected		[]	confirmed	candidate	candidate
611	1corintios	11	24	05	1corintios-11-24-P02	εἶπεν	λέγω	V- 3AAI-S--	V-AAI-3S	09	dijo	confirmed	finite_verb_morphology		3	S	candidate	subordination_marker_scan_only	not_detected		[]	confirmed	candidate	candidate
612	1corintios	11	24	08	1corintios-11-24-P03	ἐστιν	εἰμί	V- 3PAI-S--	V-PAI-3S	11	es	candidate	nearest_agreeing_nominative_no_visible_boundary	06			candidate	subordination_marker_scan_only	not_detected		[]	confirmed	candidate	candidate
613	1corintios	11	24	15	1corintios-11-24-P04	ποιεῖτε	ποιέω	V- 2PAD-P--	V-PAD-2P	18	hagan	confirmed	finite_verb_morphology		2	P	candidate	subordination_marker_scan_only	not_detected		[]	confirmed	candidate	candidate
614	1corintios	11	25	15	1corintios-11-25-P01	ἐστὶν	εἰμί	V- 3PAI-S--	V-PAI-3S	16	es	candidate	nearest_agreeing_nominative_no_visible_boundary	14			candidate	subordination_marker_scan_only	not_detected		[]	confirmed	candidate	candidate
615	1corintios	11	25	21	1corintios-11-25-P02	ποιεῖτε	ποιέω	V- 2PAD-P--	V-PAD-2P	23	hagan	confirmed	finite_verb_morphology		2	P	candidate	subordination_marker_scan_only	not_detected		[]	confirmed	candidate	candidate
616	1corintios	11	25	24	1corintios-11-25-P03	πίνητε	πίνω	V- 2PAS-P--	V-PAS-2P	27,28	la beban	confirmed	finite_verb_morphology		2	P	unresolved	subordination_marker_scan_only	candidate	explicit_marker_after_previous_finite_before_current_finite	"[{""form"": ""ἐὰν"", ""key"": ""εαν"", ""token"": ""23""}]"	confirmed	candidate	unresolved
617	1corintios	11	26	04	1corintios-11-26-P01	ἐσθίητε	ἐσθίω	V- 2PAS-P--	V-PAS-2P	06	coman	confirmed	finite_verb_morphology		2	P	unresolved	subordination_marker_scan_only	candidate	explicit_marker_after_previous_finite_before_current_finite	"[{""form"": ""ἐὰν"", ""key"": ""εαν"", ""token"": ""03""}]"	confirmed	candidate	unresolved
618	1corintios	11	26	11	1corintios-11-26-P02	πίνητε	πίνω	V- 2PAS-P--	V-PAS-2P	10	beban	confirmed	finite_verb_morphology		2	P	candidate	subordination_marker_scan_only	not_detected		[]	confirmed	candidate	candidate
619	1corintios	11	26	16	1corintios-11-26-P03	καταγγέλλετε	καταγγέλλω	V- 2PAI-P--	V-PAI-2P	13	proclaman	confirmed	finite_verb_morphology		2	P	candidate	subordination_marker_scan_only	not_detected		[]	confirmed	candidate	candidate
620	1corintios	11	26	19	1corintios-11-26-P04	ἔλθῃ	ἔρχομαι	V- 3AAS-S--	V-AAS-3S	21	venga	confirmed	finite_verb_morphology		3	S	candidate	subordination_marker_scan_only	not_detected		[]	confirmed	candidate	candidate
621	1corintios	11	27	04	1corintios-11-27-P01	ἐσθίῃ	ἐσθίω	V- 3PAS-S--	V-PAS-3S	04,05,06	el que coma	candidate	nearest_agreeing_nominative_no_visible_boundary	02			unresolved	subordination_marker_scan_only	candidate	explicit_marker_after_previous_finite_before_current_finite	"[{""form"": ""ὥστε"", ""key"": ""ωστε"", ""token"": ""01""}]"	confirmed	candidate	unresolved
622	1corintios	11	27	08	1corintios-11-27-P02	πίνῃ	πίνω	V- 3PAS-S--	V-PAS-3S	10,11	beba la	confirmed	finite_verb_morphology		3	S	candidate	subordination_marker_scan_only	not_detected		[]	confirmed	candidate	candidate
623	1corintios	11	27	15	1corintios-11-27-P03	ἔσται	εἰμί	V- 3FMI-S--	V-FMI-3S	16	será	candidate	nearest_agreeing_nominative_no_visible_boundary	14			candidate	subordination_marker_scan_only	not_detected		[]	confirmed	candidate	candidate
624	1corintios	11	28	01	1corintios-11-28-P01	δοκιμαζέτω	δοκιμάζω	V- 3PAD-S--	V-PAD-3S	01	por	confirmed	finite_verb_morphology		3	S	candidate	subordination_marker_scan_only	not_detected		[]	confirmed	candidate	candidate
625	1corintios	11	28	10	1corintios-11-28-P02	ἐσθιέτω	ἐσθίω	V- 3PAD-S--	V-PAD-3S	12	del	confirmed	finite_verb_morphology		3	S	candidate	subordination_marker_scan_only	not_detected		[]	confirmed	candidate	candidate
626	1corintios	11	28	15	1corintios-11-28-P03	πινέτω	πίνω	V- 3PAD-S--	V-PAD-3S	18	copa	confirmed	finite_verb_morphology		3	S	candidate	subordination_marker_scan_only	not_detected		[]	confirmed	candidate	candidate
627	1corintios	11	29	08	1corintios-11-29-P01	ἐσθίει	ἐσθίω	V- 3PAI-S--	V-PAI-3S	14	come	confirmed	finite_verb_morphology		3	S	candidate	subordination_marker_scan_only	not_detected		[]	confirmed	candidate	candidate
628	1corintios	11	29	10	1corintios-11-29-P02	πίνει	πίνω	V- 3PAI-S--	V-PAI-3S	16	bebe	confirmed	finite_verb_morphology		3	S	candidate	subordination_marker_scan_only	not_detected		[]	confirmed	candidate	candidate
629	1corintios	11	30	10	1corintios-11-30-P01	κοιμῶνται	κοιμάομαι	V- 3PMI-P--	V-PMI-3P	-	-	confirmed	finite_verb_morphology		3	P	candidate	subordination_marker_scan_only	not_detected		[]	confirmed	candidate	candidate
630	1corintios	11	31	04	1corintios-11-31-P01	διεκρίνομεν	διακρίνω	V- 1IAI-P--	V-IAI-1P	03,04,05	nos juzgáramos a	confirmed	finite_verb_morphology		1	P	unresolved	subordination_marker_scan_only	candidate	explicit_marker_after_previous_finite_before_current_finite	"[{""form"": ""εἰ"", ""key"": ""ει"", ""token"": ""01""}]"	confirmed	candidate	unresolved
631	1corintios	11	31	07	1corintios-11-31-P02	ἐκρινόμεθα	κρίνω	V- 1IPI-P--	V-IPI-1P	10	juzgados	confirmed	finite_verb_morphology		1	P	candidate	subordination_marker_scan_only	not_detected		[]	confirmed	candidate	candidate
632	1corintios	11	32	05	1corintios-11-32-P01	παιδευόμεθα	παιδεύω	V- 1PPI-P--	V-PPI-1P	07	nos	confirmed	finite_verb_morphology		1	P	candidate	subordination_marker_scan_only	not_detected		[]	confirmed	candidate	candidate
633	1corintios	11	32	11	1corintios-11-32-P02	κατακριθῶμεν	κατακρίνω	V- 1APS-P--	V-APS-1P	16	mundo	confirmed	finite_verb_morphology		1	P	unresolved	subordination_marker_scan_only	candidate	explicit_marker_after_previous_finite_before_current_finite	"[{""form"": ""ἵνα"", ""key"": ""ινα"", ""token"": ""06""}]"	confirmed	candidate	unresolved
634	1corintios	11	33	09	1corintios-11-33-P01	ἐκδέχεσθε	ἐκδέχομαι	V- 2PMD-P--	V-PMD-2P	10,11,12	espérense unos a	confirmed	finite_verb_morphology		2	P	unresolved	subordination_marker_scan_only	candidate	explicit_marker_after_previous_finite_before_current_finite	"[{""form"": ""ὥστε"", ""key"": ""ωστε"", ""token"": ""01""}]"	confirmed	candidate	unresolved
635	1corintios	11	34	03	1corintios-11-34-P01	πεινᾷ	πεινάω	V- 3PAI-S--	V-PAI-3S	02	alguien	candidate	nearest_agreeing_nominative_no_visible_boundary	02			unresolved	subordination_marker_scan_only	candidate	explicit_marker_after_previous_finite_before_current_finite	"[{""form"": ""εἴ"", ""key"": ""ει"", ""token"": ""01""}]"	confirmed	candidate	unresolved
636	1corintios	11	34	06	1corintios-11-34-P02	ἐσθιέτω	ἐσθίω	V- 3PAD-S--	V-PAD-3S	07	su	confirmed	finite_verb_morphology		3	S	candidate	subordination_marker_scan_only	not_detected		[]	confirmed	candidate	candidate
637	1corintios	11	34	11	1corintios-11-34-P03	συνέρχησθε	συνέρχομαι	V- 2PMS-P--	V-PMS-2P	15	juicio	confirmed	finite_verb_morphology		2	P	unresolved	subordination_marker_scan_only	candidate	explicit_marker_after_previous_finite_before_current_finite	"[{""form"": ""ἵνα"", ""key"": ""ινα"", ""token"": ""07""}]"	confirmed	candidate	unresolved
638	1corintios	11	34	17	1corintios-11-34-P04	ἔλθω	ἔρχομαι	V- 1AAS-S--	V-AAS-1S	22	vaya	confirmed	finite_verb_morphology		1	S	unresolved	subordination_marker_scan_only	candidate	explicit_marker_after_previous_finite_before_current_finite	"[{""form"": ""ὡς"", ""key"": ""ως"", ""token"": ""15""}]"	confirmed	candidate	unresolved
639	1corintios	11	34	18	1corintios-11-34-P05	διατάξομαι	διατάσσω	V- 1FMI-S--	V-FMI-1S	-	-	confirmed	finite_verb_morphology		1	S	candidate	subordination_marker_scan_only	not_detected		[]	confirmed	candidate	candidate
640	1corintios	12	1	07	1corintios-12-1-P01	θέλω	θέλω	V- 1PAI-S--	V-PAI-1S	10,11	que sean	confirmed	finite_verb_morphology		1	S	candidate	subordination_marker_scan_only	not_detected		[]	confirmed	candidate	candidate
641	1corintios	12	2	01	1corintios-12-2-P01	οἴδατε	οἶδα	V- 2XAI-P--	V-XAI-2P	01	ustedes	confirmed	finite_verb_morphology		2	P	candidate	subordination_marker_scan_only	not_detected		[]	confirmed	candidate	candidate
642	1corintios	12	2	05	1corintios-12-2-P02	ἦτε	εἰμί	V- 2IAI-P--	V-IAI-2P	05,06	eran paganos	confirmed	finite_verb_morphology		2	P	unresolved	subordination_marker_scan_only	candidate	explicit_marker_after_previous_finite_before_current_finite	"[{""form"": ""ὅτι"", ""key"": ""οτι"", ""token"": ""02""}, {""form"": ""ὅτε"", ""key"": ""οτε"", ""token"": ""03""}]"	confirmed	candidate	unresolved
643	1corintios	12	2	13	1corintios-12-2-P03	ἤγεσθε	ἄγω	V- 2IPI-P--	V-IPI-2P	07,08,09,10,11,12,13	de una manera u otra eran arrastrados	confirmed	finite_verb_morphology		2	P	unresolved	subordination_marker_scan_only	candidate	explicit_marker_after_previous_finite_before_current_finite	"[{""form"": ""ὡς"", ""key"": ""ως"", ""token"": ""11""}]"	confirmed	candidate	unresolved
644	1corintios	12	3	02	1corintios-12-3-P01	γνωρίζω	γνωρίζω	V- 1PAI-S--	V-PAI-1S	02	tanto	confirmed	finite_verb_morphology		1	S	candidate	subordination_marker_scan_only	not_detected		[]	confirmed	candidate	candidate
645	1corintios	12	3	10	1corintios-12-3-P02	λέγει	λέγω	V- 3PAI-S--	V-PAI-3S	15	jesús	candidate	nearest_agreeing_nominative_no_visible_boundary	05			unresolved	subordination_marker_scan_only	candidate	explicit_marker_after_previous_finite_before_current_finite	"[{""form"": ""ὅτι"", ""key"": ""οτι"", ""token"": ""04""}]"	confirmed	candidate	unresolved
646	1corintios	12	3	15	1corintios-12-3-P03	δύναται	δύναμαι	V- 3PMI-S--	V-PMI-3S	21	decir	candidate	nearest_agreeing_nominative_no_visible_boundary	14			candidate	subordination_marker_scan_only	not_detected		[]	confirmed	candidate	candidate
647	1corintios	12	4	04	1corintios-12-4-P01	εἰσίν	εἰμί	V- 3PAI-P--	V-PAI-3P	05	de	confirmed	finite_verb_morphology		3	P	candidate	subordination_marker_scan_only	not_detected		[]	confirmed	candidate	candidate
648	1corintios	12	5	04	1corintios-12-5-P01	εἰσιν	εἰμί	V- 3PAI-P--	V-PAI-3P	05	pero	candidate	nearest_agreeing_nominative_no_visible_boundary	02			candidate	subordination_marker_scan_only	not_detected		[]	confirmed	candidate	candidate
649	1corintios	12	6	04	1corintios-12-6-P01	εἰσίν	εἰμί	V- 3PAI-P--	V-PAI-3P	05	operaciones	candidate	nearest_agreeing_nominative_no_visible_boundary	02			candidate	subordination_marker_scan_only	not_detected		[]	confirmed	candidate	candidate
650	1corintios	12	7	03	1corintios-12-7-P01	δίδοται	δίδωμι	V- 3PPI-S--	V-PPI-3S	05,06,07	se le da	confirmed	finite_verb_morphology		3	S	candidate	subordination_marker_scan_only	not_detected		[]	confirmed	candidate	candidate
651	1corintios	12	8	07	1corintios-12-8-P01	δίδοται	δίδωμι	V- 3PPI-S--	V-PPI-3S	09	sabiduría	confirmed	finite_verb_morphology		3	S	candidate	subordination_marker_scan_only	not_detected		[]	confirmed	candidate	candidate
652	1corintios	12	11	04	1corintios-12-11-P01	ἐνεργεῖ	ἐνεργέω	V- 3PAI-S--	V-PAI-3S	05	las	confirmed	finite_verb_morphology		3	S	candidate	subordination_marker_scan_only	not_detected		[]	confirmed	candidate	candidate
653	1corintios	12	11	15	1corintios-12-11-P02	βούλεται	βούλομαι	V- 3PMI-S--	V-PMI-3S	19	voluntad	candidate	nearest_agreeing_nominative_no_visible_boundary	10			unresolved	subordination_marker_scan_only	candidate	explicit_marker_after_previous_finite_before_current_finite	"[{""form"": ""καθὼς"", ""key"": ""καθως"", ""token"": ""14""}]"	confirmed	candidate	unresolved
654	1corintios	12	12	06	1corintios-12-12-P01	ἐστιν	εἰμί	V- 3PAI-S--	V-PAI-3S	06	es	candidate	nearest_agreeing_nominative_no_visible_boundary	05			candidate	subordination_marker_scan_only	not_detected		[]	confirmed	candidate	candidate
655	1corintios	12	12	10	1corintios-12-12-P02	ἔχει	ἔχω	V- 3PAI-S--	V-PAI-3S	09	tiene	confirmed	finite_verb_morphology		3	S	candidate	subordination_marker_scan_only	not_detected		[]	confirmed	candidate	candidate
656	1corintios	12	12	20	1corintios-12-12-P03	ἐστιν	εἰμί	V- 3PAI-S--	V-PAI-3S	21	constituyen	candidate	nearest_agreeing_nominative_no_visible_boundary	19			candidate	subordination_marker_scan_only	not_detected		[]	confirmed	candidate	candidate
657	1corintios	12	13	11	1corintios-12-13-P01	ἐβαπτίσθημεν	βαπτίζω	V- 1API-P--	V-API-1P	14	judíos	confirmed	finite_verb_morphology		1	P	candidate	subordination_marker_scan_only	not_detected		[]	confirmed	candidate	candidate
658	1corintios	12	13	24	1corintios-12-13-P02	ἐποτίσθημεν	ποτίζω	V- 1API-P--	V-API-1P	25,26,27,28	dio a beber del	confirmed	finite_verb_morphology		1	P	candidate	subordination_marker_scan_only	not_detected		[]	confirmed	candidate	candidate
659	1corintios	12	14	06	1corintios-12-14-P01	ἔστιν	εἰμί	V- 3PAI-S--	V-PAI-3S	07	solo	candidate	nearest_agreeing_nominative_no_visible_boundary	04			candidate	subordination_marker_scan_only	not_detected		[]	confirmed	candidate	candidate
660	1corintios	12	15	02	1corintios-12-15-P01	εἴπῃ	λέγω	V- 3AAS-S--	V-AAS-3S	02	el	confirmed	finite_verb_morphology		3	S	unresolved	subordination_marker_scan_only	candidate	explicit_marker_after_previous_finite_before_current_finite	"[{""form"": ""ἐὰν"", ""key"": ""εαν"", ""token"": ""01""}]"	confirmed	candidate	unresolved
661	1corintios	12	15	07	1corintios-12-15-P02	εἰμὶ	εἰμί	V- 1PAI-S--	V-PAI-1S	07	soy	confirmed	finite_verb_morphology		1	S	unresolved	subordination_marker_scan_only	candidate	explicit_marker_after_previous_finite_before_current_finite	"[{""form"": ""ὅτι"", ""key"": ""οτι"", ""token"": ""05""}]"	confirmed	candidate	unresolved
662	1corintios	12	15	10	1corintios-12-15-P03	εἰμὶ	εἰμί	V- 1PAI-S--	V-PAI-1S	10	soy	confirmed	finite_verb_morphology		1	S	candidate	subordination_marker_scan_only	not_detected		[]	confirmed	candidate	candidate
663	1corintios	12	15	18	1corintios-12-15-P04	ἔστιν	εἰμί	V- 3PAI-S--	V-PAI-3S	18	de	confirmed	finite_verb_morphology		3	S	candidate	subordination_marker_scan_only	not_detected		[]	confirmed	candidate	candidate
664	1corintios	12	16	03	1corintios-12-16-P01	εἴπῃ	λέγω	V- 3AAS-S--	V-AAS-3S	04	oído	confirmed	finite_verb_morphology		3	S	unresolved	subordination_marker_scan_only	candidate	explicit_marker_after_previous_finite_before_current_finite	"[{""form"": ""ἐὰν"", ""key"": ""εαν"", ""token"": ""02""}]"	confirmed	candidate	unresolved
665	1corintios	12	16	08	1corintios-12-16-P02	εἰμὶ	εἰμί	V- 1PAI-S--	V-PAI-1S	08,09	soy ojo	confirmed	finite_verb_morphology		1	S	unresolved	subordination_marker_scan_only	candidate	explicit_marker_after_previous_finite_before_current_finite	"[{""form"": ""ὅτι"", ""key"": ""οτι"", ""token"": ""06""}]"	confirmed	candidate	unresolved
666	1corintios	12	16	11	1corintios-12-16-P03	εἰμὶ	εἰμί	V- 1PAI-S--	V-PAI-1S	11	soy	confirmed	finite_verb_morphology		1	S	candidate	subordination_marker_scan_only	not_detected		[]	confirmed	candidate	candidate
667	1corintios	12	16	19	1corintios-12-16-P04	ἔστιν	εἰμί	V- 3PAI-S--	V-PAI-3S	19	de	confirmed	finite_verb_morphology		3	S	candidate	subordination_marker_scan_only	not_detected		[]	confirmed	candidate	candidate
668	1corintios	12	18	05	1corintios-12-18-P01	ἔθετο	τίθημι	V- 3AMI-S--	V-AMI-3S	06	a	candidate	nearest_agreeing_nominative_no_visible_boundary	04			candidate	subordination_marker_scan_only	not_detected		[]	confirmed	candidate	candidate
669	1corintios	12	18	15	1corintios-12-18-P02	ἠθέλησεν	θέλω	V- 3AAI-S--	V-AAI-3S	-	-	confirmed	finite_verb_morphology		3	S	unresolved	subordination_marker_scan_only	candidate	explicit_marker_after_previous_finite_before_current_finite	"[{""form"": ""καθὼς"", ""key"": ""καθως"", ""token"": ""14""}]"	confirmed	candidate	unresolved
670	1corintios	12	19	03	1corintios-12-19-P01	ἦν	εἰμί	V- 3IAI-S--	V-IAI-3S	04	fueran	confirmed	finite_verb_morphology		3	S	unresolved	subordination_marker_scan_only	candidate	explicit_marker_after_previous_finite_before_current_finite	"[{""form"": ""εἰ"", ""key"": ""ει"", ""token"": ""01""}]"	confirmed	candidate	unresolved
671	1corintios	12	21	02	1corintios-12-21-P01	δύναται	δύναμαι	V- 3PMI-S--	V-PMI-3S	02	el	confirmed	finite_verb_morphology		3	S	candidate	subordination_marker_scan_only	not_detected		[]	confirmed	candidate	candidate
672	1corintios	12	21	12	1corintios-12-21-P02	ἔχω	ἔχω	V- 1PAI-S--	V-PAI-1S	20,21	no los	confirmed	finite_verb_morphology		1	S	candidate	subordination_marker_scan_only	not_detected		[]	confirmed	candidate	candidate
673	1corintios	12	21	22	1corintios-12-21-P03	ἔχω	ἔχω	V- 1PAI-S--	V-PAI-1S	20,21,22	no los necesito	confirmed	finite_verb_morphology		1	S	candidate	subordination_marker_scan_only	not_detected		[]	confirmed	candidate	candidate
674	1corintios	12	22	12	1corintios-12-22-P01	ἐστιν	εἰμί	V- 3PAI-S--	V-PAI-3S	18,19	son los	candidate	nearest_agreeing_nominative_no_visible_boundary	11			candidate	subordination_marker_scan_only	not_detected		[]	confirmed	candidate	candidate
675	1corintios	12	23	03	1corintios-12-23-P01	δοκοῦμεν	δοκέω	V- 1PAI-P--	V-PAI-1P	06,07	que estimamos	confirmed	finite_verb_morphology		1	P	candidate	subordination_marker_scan_only	not_detected		[]	confirmed	candidate	candidate
676	1corintios	12	23	11	1corintios-12-23-P02	περιτίθεμεν	περιτίθημι	V- 1PAI-P--	V-PAI-1P	12,13	las vestimos	confirmed	finite_verb_morphology		1	P	candidate	subordination_marker_scan_only	not_detected		[]	confirmed	candidate	candidate
677	1corintios	12	23	18	1corintios-12-23-P03	ἔχει	ἔχω	V- 3PAI-S--	V-PAI-3S	25	reciben	candidate	nearest_agreeing_nominative_no_visible_boundary	14			candidate	subordination_marker_scan_only	not_detected		[]	confirmed	candidate	candidate
678	1corintios	12	24	07	1corintios-12-24-P01	ἔχει	ἔχω	V- 3PAI-S--	V-PAI-3S	06,07	no lo	candidate	nearest_agreeing_nominative_no_visible_boundary	03			candidate	subordination_marker_scan_only	not_detected		[]	confirmed	candidate	candidate
679	1corintios	12	24	11	1corintios-12-24-P02	συνεκέρασεν	συγκεράννυμι	V- 3AAI-S--	V-AAI-3S	12	dios	candidate	nearest_agreeing_nominative_no_visible_boundary	10			candidate	subordination_marker_scan_only	not_detected		[]	confirmed	candidate	candidate
680	1corintios	12	25	03	1corintios-12-25-P01	ᾖ	εἰμί	V- 3PAS-S--	V-PAS-3S	09	haya	confirmed	finite_verb_morphology		3	S	unresolved	subordination_marker_scan_only	candidate	explicit_marker_after_previous_finite_before_current_finite	"[{""form"": ""ἵνα"", ""key"": ""ινα"", ""token"": ""01""}]"	confirmed	candidate	unresolved
681	1corintios	12	25	13	1corintios-12-25-P02	μεριμνῶσι	μεριμνάω	V- 3PAS-P--	V-PAS-3P	15,18,19	tengan cuidado unos	confirmed	finite_verb_morphology		3	P	candidate	subordination_marker_scan_only	not_detected		[]	confirmed	candidate	candidate
682	1corintios	12	26	03	1corintios-12-26-P01	πάσχει	πάσχω	V- 3PAI-S--	V-PAI-3S	04	sufre	confirmed	finite_verb_morphology		3	S	candidate	subordination_marker_scan_only	not_detected		[]	confirmed	candidate	candidate
683	1corintios	12	26	06	1corintios-12-26-P02	συμπάσχει	συμπάσχω	V- 3PAI-S--	V-PAI-3S	07	miembros	candidate	nearest_agreeing_nominative_no_visible_boundary	05			candidate	subordination_marker_scan_only	not_detected		[]	confirmed	candidate	candidate
684	1corintios	12	26	11	1corintios-12-26-P03	δοξάζεται	δοξάζω	V- 3PPI-S--	V-PPI-3S	15,16	es honrado	confirmed	finite_verb_morphology		3	S	candidate	subordination_marker_scan_only	not_detected		[]	confirmed	candidate	candidate
685	1corintios	12	26	13	1corintios-12-26-P04	συγχαίρει	συγχαίρω	V- 3PAI-S--	V-PAI-3S	20,21	se regocijan	candidate	nearest_agreeing_nominative_no_visible_boundary	12			candidate	subordination_marker_scan_only	not_detected		[]	confirmed	candidate	candidate
686	1corintios	12	27	03	1corintios-12-27-P01	ἐστε	εἰμί	V- 2PAI-P--	V-PAI-2P	03,04	ustedes son	confirmed	finite_verb_morphology		2	P	candidate	subordination_marker_scan_only	not_detected		[]	confirmed	candidate	candidate
687	1corintios	12	28	04	1corintios-12-28-P01	ἔθετο	τίθημι	V- 3AMI-S--	V-AMI-3S	05	dios	confirmed	finite_verb_morphology		3	S	candidate	subordination_marker_scan_only	not_detected		[]	confirmed	candidate	candidate
688	1corintios	12	30	04	1corintios-12-30-P01	ἔχουσιν	ἔχω	V- 3PAI-P--	V-PAI-3P	02	tienen	candidate	nearest_agreeing_nominative_no_visible_boundary	02			candidate	subordination_marker_scan_only	not_detected		[]	confirmed	candidate	candidate
689	1corintios	12	30	09	1corintios-12-30-P02	λαλοῦσιν	λαλέω	V- 3PAI-P--	V-PAI-3P	08	hablan	candidate	nearest_agreeing_nominative_no_visible_boundary	07			candidate	subordination_marker_scan_only	not_detected		[]	confirmed	candidate	candidate
690	1corintios	12	30	12	1corintios-12-30-P03	διερμηνεύουσιν	διερμηνεύω	V- 3PAI-P--	V-PAI-3P	13	interpretan	candidate	nearest_agreeing_nominative_no_visible_boundary	11			candidate	subordination_marker_scan_only	not_detected		[]	confirmed	candidate	candidate
691	1corintios	12	31	01	1corintios-12-31-P01	ζηλοῦτε	ζηλόω	V- 2PAD-P--	V-PAD-2P	01	pero	confirmed	finite_verb_morphology		2	P	candidate	subordination_marker_scan_only	not_detected		[]	confirmed	candidate	candidate
692	1corintios	12	31	13	1corintios-12-31-P02	δείκνυμι	δείκνυμι	V- 1PAI-S--	V-PAI-1S	15	excelente	confirmed	finite_verb_morphology		1	S	candidate	subordination_marker_scan_only	not_detected		[]	confirmed	candidate	candidate
693	1corintios	13	1	06	1corintios-13-1-P01	λαλῶ	λαλέω	V- 1PAS-S--	V-PAS-1S	06	y	confirmed	finite_verb_morphology		1	S	unresolved	subordination_marker_scan_only	candidate	explicit_marker_after_previous_finite_before_current_finite	"[{""form"": ""ἐὰν"", ""key"": ""εαν"", ""token"": ""01""}]"	confirmed	candidate	unresolved
694	1corintios	13	1	13	1corintios-13-1-P02	ἔχω	ἔχω	V- 1PAS-S--	V-PAS-1S	15	ser	confirmed	finite_verb_morphology		1	S	candidate	subordination_marker_scan_only	not_detected		[]	confirmed	candidate	candidate
695	1corintios	13	1	14	1corintios-13-1-P03	γέγονα	γίνομαι	V- 1XAI-S--	V-XAI-1S	16	como	confirmed	finite_verb_morphology		1	S	candidate	subordination_marker_scan_only	not_detected		[]	confirmed	candidate	candidate
696	1corintios	13	2	03	1corintios-13-2-P01	ἔχω	ἔχω	V- 1PAS-S--	V-PAS-1S	04	el	confirmed	finite_verb_morphology		1	S	unresolved	subordination_marker_scan_only	candidate	explicit_marker_after_previous_finite_before_current_finite	"[{""form"": ""ἐὰν"", ""key"": ""εαν"", ""token"": ""02""}]"	confirmed	candidate	unresolved
697	1corintios	13	2	06	1corintios-13-2-P02	εἰδῶ	οἶδα	V- 1XAS-S--	V-XAS-1S	08	y	confirmed	finite_verb_morphology		1	S	candidate	subordination_marker_scan_only	not_detected		[]	confirmed	candidate	candidate
698	1corintios	13	2	16	1corintios-13-2-P03	ἔχω	ἔχω	V- 1PAS-S--	V-PAS-1S	19	toda	confirmed	finite_verb_morphology		1	S	candidate	subordination_marker_scan_only	not_detected		[]	confirmed	candidate	candidate
699	1corintios	13	2	26	1corintios-13-2-P04	ἔχω	ἔχω	V- 1PAS-S--	V-PAS-1S	30	nada	confirmed	finite_verb_morphology		1	S	unresolved	subordination_marker_scan_only	candidate	explicit_marker_after_previous_finite_before_current_finite	"[{""form"": ""ὥστε"", ""key"": ""ωστε"", ""token"": ""20""}]"	confirmed	candidate	unresolved
700	1corintios	13	2	28	1corintios-13-2-P05	εἰμι	εἰμί	V- 1PAI-S--	V-PAI-1S	-	-	confirmed	finite_verb_morphology		1	S	candidate	subordination_marker_scan_only	not_detected		[]	confirmed	candidate	candidate
701	1corintios	13	4	03	1corintios-13-4-P01	μακροθυμεῖ	μακροθυμέω	V- 3PAI-S--	V-PAI-3S	03	es	candidate	nearest_agreeing_nominative_no_visible_boundary	02			candidate	subordination_marker_scan_only	not_detected		[]	confirmed	candidate	candidate
702	1corintios	13	4	04	1corintios-13-4-P02	χρηστεύεται	χρηστεύομαι	V- 3PMI-S--	V-PMI-3S	04	paciente	confirmed	finite_verb_morphology		3	S	candidate	subordination_marker_scan_only	not_detected		[]	confirmed	candidate	candidate
703	1corintios	13	4	08	1corintios-13-4-P03	ζηλοῖ	ζηλόω	V- 3PAI-S--	V-PAI-3S	08	amor	candidate	nearest_agreeing_nominative_no_visible_boundary	06			candidate	subordination_marker_scan_only	not_detected		[]	confirmed	candidate	candidate
704	1corintios	13	4	12	1corintios-13-4-P04	περπερεύεται	περπερεύομαι	V- 3PMI-S--	V-PMI-3S	14,15,16	no es jactancioso	candidate	nearest_agreeing_nominative_no_visible_boundary	10			candidate	subordination_marker_scan_only	not_detected		[]	confirmed	candidate	candidate
705	1corintios	13	4	14	1corintios-13-4-P05	φυσιοῦται	φυσιόω	V- 3PPI-S--	V-PPI-3S	19	arrogante	confirmed	finite_verb_morphology		3	S	candidate	subordination_marker_scan_only	not_detected		[]	confirmed	candidate	candidate
706	1corintios	13	5	02	1corintios-13-5-P01	ἀσχημονεῖ	ἀσχημονέω	V- 3PAI-S--	V-PAI-3S	02	se	confirmed	finite_verb_morphology		3	S	candidate	subordination_marker_scan_only	not_detected		[]	confirmed	candidate	candidate
707	1corintios	13	5	04	1corintios-13-5-P02	ζητεῖ	ζητέω	V- 3PAI-S--	V-PAI-3S	04	indecorosamente	confirmed	finite_verb_morphology		3	S	candidate	subordination_marker_scan_only	not_detected		[]	confirmed	candidate	candidate
708	1corintios	13	5	08	1corintios-13-5-P03	παροξύνεται	παροξύνομαι	V- 3PPI-S--	V-PPI-3S	09,10,11	no se irrita	confirmed	finite_verb_morphology		3	S	candidate	subordination_marker_scan_only	not_detected		[]	confirmed	candidate	candidate
709	1corintios	13	5	10	1corintios-13-5-P04	λογίζεται	λογίζομαι	V- 3PMI-S--	V-PMI-3S	14,15	en cuenta	confirmed	finite_verb_morphology		3	S	candidate	subordination_marker_scan_only	not_detected		[]	confirmed	candidate	candidate
710	1corintios	13	6	02	1corintios-13-6-P01	χαίρει	χαίρω	V- 3PAI-S--	V-PAI-3S	02	amor	confirmed	finite_verb_morphology		3	S	candidate	subordination_marker_scan_only	not_detected		[]	confirmed	candidate	candidate
711	1corintios	13	6	06	1corintios-13-6-P02	συγχαίρει	συγχαίρω	V- 3PAI-S--	V-PAI-3S	09	sino	confirmed	finite_verb_morphology		3	S	candidate	subordination_marker_scan_only	not_detected		[]	confirmed	candidate	candidate
712	1corintios	13	7	02	1corintios-13-7-P01	στέγει	στέγω	V- 3PAI-S--	V-PAI-3S	03	sufre	confirmed	finite_verb_morphology		3	S	candidate	subordination_marker_scan_only	not_detected		[]	confirmed	candidate	candidate
713	1corintios	13	7	04	1corintios-13-7-P02	πιστεύει	πιστεύω	V- 3PAI-S--	V-PAI-3S	06	cree	confirmed	finite_verb_morphology		3	S	candidate	subordination_marker_scan_only	not_detected		[]	confirmed	candidate	candidate
714	1corintios	13	7	06	1corintios-13-7-P03	ἐλπίζει	ἐλπίζω	V- 3PAI-S--	V-PAI-3S	09	espera	confirmed	finite_verb_morphology		3	S	candidate	subordination_marker_scan_only	not_detected		[]	confirmed	candidate	candidate
715	1corintios	13	7	08	1corintios-13-7-P04	ὑπομένει	ὑπομένω	V- 3PAI-S--	V-PAI-3S	12	soporta	confirmed	finite_verb_morphology		3	S	candidate	subordination_marker_scan_only	not_detected		[]	confirmed	candidate	candidate
716	1corintios	13	8	04	1corintios-13-8-P01	πίπτει	πίπτω	V- 3PAI-S--	V-PAI-3S	04	deja	candidate	nearest_agreeing_nominative_no_visible_boundary	02			candidate	subordination_marker_scan_only	not_detected		[]	confirmed	candidate	candidate
717	1corintios	13	8	08	1corintios-13-8-P02	καταργηθήσονται	καταργέω	V- 3FPI-P--	V-FPI-3P	13,14	se acabarán	candidate	nearest_agreeing_nominative_no_visible_boundary	07			candidate	subordination_marker_scan_only	not_detected		[]	confirmed	candidate	candidate
718	1corintios	13	8	11	1corintios-13-8-P03	παύσονται	παύω	V- 3FMI-P--	V-FMI-3P	18	cesarán	candidate	nearest_agreeing_nominative_no_visible_boundary	10			candidate	subordination_marker_scan_only	not_detected		[]	confirmed	candidate	candidate
719	1corintios	13	8	14	1corintios-13-8-P04	καταργηθήσεται	καταργέω	V- 3FPI-S--	V-FPI-3S	22,23	se acabará	candidate	nearest_agreeing_nominative_no_visible_boundary	13			candidate	subordination_marker_scan_only	not_detected		[]	confirmed	candidate	candidate
720	1corintios	13	9	04	1corintios-13-9-P01	γινώσκομεν	γινώσκω	V- 1PAI-P--	V-PAI-1P	04	conocemos	confirmed	finite_verb_morphology		1	P	candidate	subordination_marker_scan_only	not_detected		[]	confirmed	candidate	candidate
721	1corintios	13	9	08	1corintios-13-9-P02	προφητεύομεν	προφητεύω	V- 1PAI-P--	V-PAI-1P	-	-	confirmed	finite_verb_morphology		1	P	candidate	subordination_marker_scan_only	not_detected		[]	confirmed	candidate	candidate
722	1corintios	13	10	03	1corintios-13-10-P01	ἔλθῃ	ἔρχομαι	V- 3AAS-S--	V-AAS-3S	04	lo	confirmed	finite_verb_morphology		3	S	unresolved	subordination_marker_scan_only	candidate	explicit_marker_after_previous_finite_before_current_finite	"[{""form"": ""ὅταν"", ""key"": ""οταν"", ""token"": ""01""}]"	confirmed	candidate	unresolved
723	1corintios	13	10	09	1corintios-13-10-P02	καταργηθήσεται	καταργέω	V- 3FPI-S--	V-FPI-3S	-	-	candidate	nearest_agreeing_nominative_no_visible_boundary	06			candidate	subordination_marker_scan_only	not_detected		[]	confirmed	candidate	candidate
724	1corintios	13	11	02	1corintios-13-11-P01	ἤμην	εἰμί	V- 1IMI-S--	V-IMI-1S	02	yo	confirmed	finite_verb_morphology		1	S	unresolved	subordination_marker_scan_only	candidate	explicit_marker_after_previous_finite_before_current_finite	"[{""form"": ""ὅτε"", ""key"": ""οτε"", ""token"": ""01""}]"	confirmed	candidate	unresolved
725	1corintios	13	11	04	1corintios-13-11-P02	ἐλάλουν	λαλέω	V- 1IAI-S--	V-IAI-1S	04	niño	confirmed	finite_verb_morphology		1	S	candidate	subordination_marker_scan_only	not_detected		[]	confirmed	candidate	candidate
726	1corintios	13	11	07	1corintios-13-11-P03	ἐφρόνουν	φρονέω	V- 1IAI-S--	V-IAI-1S	07	niño	confirmed	finite_verb_morphology		1	S	unresolved	subordination_marker_scan_only	candidate	explicit_marker_after_previous_finite_before_current_finite	"[{""form"": ""ὡς"", ""key"": ""ως"", ""token"": ""05""}]"	confirmed	candidate	unresolved
727	1corintios	13	11	10	1corintios-13-11-P04	ἐλογιζόμην	λογίζομαι	V- 1IMI-S--	V-IMI-1S	10	niño	confirmed	finite_verb_morphology		1	S	unresolved	subordination_marker_scan_only	candidate	explicit_marker_after_previous_finite_before_current_finite	"[{""form"": ""ὡς"", ""key"": ""ως"", ""token"": ""08""}]"	confirmed	candidate	unresolved
728	1corintios	13	11	14	1corintios-13-11-P05	γέγονα	γίνομαι	V- 1XAI-S--	V-XAI-1S	16,17,18	llegué a ser	confirmed	finite_verb_morphology		1	S	unresolved	subordination_marker_scan_only	candidate	explicit_marker_after_previous_finite_before_current_finite	"[{""form"": ""ὡς"", ""key"": ""ως"", ""token"": ""11""}, {""form"": ""ὅτε"", ""key"": ""οτε"", ""token"": ""13""}]"	confirmed	candidate	unresolved
729	1corintios	13	11	16	1corintios-13-11-P06	κατήργηκα	καταργέω	V- 1XAI-S--	V-XAI-1S	20	dejé	confirmed	finite_verb_morphology		1	S	candidate	subordination_marker_scan_only	not_detected		[]	confirmed	candidate	candidate
730	1corintios	13	12	01	1corintios-13-12-P01	βλέπομεν	βλέπω	V- 1PAI-P--	V-PAI-1P	01	porque	confirmed	finite_verb_morphology		1	P	candidate	subordination_marker_scan_only	not_detected		[]	confirmed	candidate	candidate
731	1corintios	13	12	14	1corintios-13-12-P02	γινώσκω	γινώσκω	V- 1PAI-S--	V-PAI-1S	17	parte	confirmed	finite_verb_morphology		1	S	candidate	subordination_marker_scan_only	not_detected		[]	confirmed	candidate	candidate
732	1corintios	13	12	19	1corintios-13-12-P03	ἐπιγνώσομαι	ἐπιγινώσκω	V- 1FMI-S--	V-FMI-1S	23	he	confirmed	finite_verb_morphology		1	S	candidate	subordination_marker_scan_only	not_detected		[]	confirmed	candidate	candidate
733	1corintios	13	12	22	1corintios-13-12-P04	ἐπεγνώσθην	ἐπιγινώσκω	V- 1API-S--	V-API-1S	-	-	confirmed	finite_verb_morphology		1	S	unresolved	subordination_marker_scan_only	candidate	explicit_marker_after_previous_finite_before_current_finite	"[{""form"": ""καθὼς"", ""key"": ""καθως"", ""token"": ""20""}]"	confirmed	candidate	unresolved
734	1corintios	13	13	03	1corintios-13-13-P01	μένει	μένω	V- 3PAI-S--	V-PAI-3S	04	la	confirmed	finite_verb_morphology		3	S	candidate	subordination_marker_scan_only	not_detected		[]	confirmed	candidate	candidate
735	1corintios	14	1	01	1corintios-14-1-P01	διώκετε	διώκω	V- 2PAD-P--	V-PAD-2P	01	procuren	confirmed	finite_verb_morphology		2	P	candidate	subordination_marker_scan_only	not_detected		[]	confirmed	candidate	candidate
736	1corintios	14	1	04	1corintios-14-1-P02	ζηλοῦτε	ζηλόω	V- 2PAD-P--	V-PAD-2P	04	amor	confirmed	finite_verb_morphology		2	P	candidate	subordination_marker_scan_only	not_detected		[]	confirmed	candidate	candidate
737	1corintios	14	1	11	1corintios-14-1-P03	προφητεύητε	προφητεύω	V- 2PAS-P--	V-PAS-2P	-	-	confirmed	finite_verb_morphology		2	P	unresolved	subordination_marker_scan_only	candidate	explicit_marker_after_previous_finite_before_current_finite	"[{""form"": ""ἵνα"", ""key"": ""ινα"", ""token"": ""10""}]"	confirmed	candidate	unresolved
738	1corintios	14	2	07	1corintios-14-2-P01	λαλεῖ	λαλέω	V- 3PAI-S--	V-PAI-3S	08,09	habla a	confirmed	finite_verb_morphology		3	S	candidate	subordination_marker_scan_only	not_detected		[]	confirmed	candidate	candidate
739	1corintios	14	2	12	1corintios-14-2-P02	ἀκούει	ἀκούω	V- 3PAI-S--	V-PAI-3S	17,18	lo entiende	confirmed	finite_verb_morphology		3	S	candidate	subordination_marker_scan_only	not_detected		[]	confirmed	candidate	candidate
740	1corintios	14	2	15	1corintios-14-2-P03	λαλεῖ	λαλέω	V- 3PAI-S--	V-PAI-3S	24	habla	confirmed	finite_verb_morphology		3	S	candidate	subordination_marker_scan_only	not_detected		[]	confirmed	candidate	candidate
741	1corintios	14	3	05	1corintios-14-3-P01	λαλεῖ	λαλέω	V- 3PAI-S--	V-PAI-3S	06	a	confirmed	finite_verb_morphology		3	S	candidate	subordination_marker_scan_only	not_detected		[]	confirmed	candidate	candidate
742	1corintios	14	4	05	1corintios-14-4-P01	οἰκοδομεῖ	οἰκοδομέω	V- 3PAI-S--	V-PAI-3S	09,10	se edifica	candidate	nearest_agreeing_nominative_no_visible_boundary	01			candidate	subordination_marker_scan_only	not_detected		[]	confirmed	candidate	candidate
743	1corintios	14	4	10	1corintios-14-4-P02	οἰκοδομεῖ	οἰκοδομέω	V- 3PAI-S--	V-PAI-3S	15,16	edifica a	confirmed	finite_verb_morphology		3	S	candidate	subordination_marker_scan_only	not_detected		[]	confirmed	candidate	candidate
744	1corintios	14	5	01	1corintios-14-5-P01	θέλω	θέλω	V- 1PAI-S--	V-PAI-1S	01,02	yo quisiera	confirmed	finite_verb_morphology		1	S	candidate	subordination_marker_scan_only	not_detected		[]	confirmed	candidate	candidate
745	1corintios	14	5	10	1corintios-14-5-P02	προφητεύητε	προφητεύω	V- 2PAS-P--	V-PAS-2P	16	profetiza	confirmed	finite_verb_morphology		2	P	unresolved	subordination_marker_scan_only	candidate	explicit_marker_after_previous_finite_before_current_finite	"[{""form"": ""ἵνα"", ""key"": ""ινα"", ""token"": ""09""}]"	confirmed	candidate	unresolved
746	1corintios	14	5	22	1corintios-14-5-P03	διερμηνεύῃ	διερμηνεύω	V- 3PAS-S--	V-PAS-3S	29	interprete	candidate	nearest_agreeing_nominative_no_visible_boundary	16			unresolved	subordination_marker_scan_only	candidate	explicit_marker_after_previous_finite_before_current_finite	"[{""form"": ""εἰ"", ""key"": ""ει"", ""token"": ""20""}]"	confirmed	candidate	unresolved
747	1corintios	14	5	27	1corintios-14-5-P04	λάβῃ	λαμβάνω	V- 3AAS-S--	V-AAS-3S	-	-	candidate	nearest_agreeing_nominative_no_visible_boundary	25			unresolved	subordination_marker_scan_only	candidate	explicit_marker_after_previous_finite_before_current_finite	"[{""form"": ""ἵνα"", ""key"": ""ινα"", ""token"": ""23""}]"	confirmed	candidate	unresolved
748	1corintios	14	6	05	1corintios-14-6-P01	ἔλθω	ἔρχομαι	V- 1AAS-S--	V-AAS-1S	05,06	yo voy	confirmed	finite_verb_morphology		1	S	unresolved	subordination_marker_scan_only	candidate	explicit_marker_after_previous_finite_before_current_finite	"[{""form"": ""ἐὰν"", ""key"": ""εαν"", ""token"": ""04""}]"	confirmed	candidate	unresolved
749	1corintios	14	6	12	1corintios-14-6-P02	ὠφελήσω	ὠφελέω	V- 1FAI-S--	V-FAI-1S	12,14,16,17	de provecho seré a	confirmed	finite_verb_morphology		1	S	candidate	subordination_marker_scan_only	not_detected		[]	confirmed	candidate	candidate
750	1corintios	14	6	16	1corintios-14-6-P03	λαλήσω	λαλέω	V- 1AAS-S--	V-AAS-1S	22	hable	confirmed	finite_verb_morphology		1	S	unresolved	subordination_marker_scan_only	candidate	explicit_marker_after_previous_finite_before_current_finite	"[{""form"": ""ἐὰν"", ""key"": ""εαν"", ""token"": ""13""}]"	confirmed	candidate	unresolved
751	1corintios	14	7	15	1corintios-14-7-P01	δῷ	δίδωμι	V- 3AAS-S--	V-AAS-3S	17	dan	candidate	nearest_agreeing_nominative_no_visible_boundary	09			unresolved	subordination_marker_scan_only	candidate	explicit_marker_after_previous_finite_before_current_finite	"[{""form"": ""ἐὰν"", ""key"": ""εαν"", ""token"": ""10""}]"	confirmed	candidate	unresolved
752	1corintios	14	7	17	1corintios-14-7-P02	γνωσθήσεται	γινώσκω	V- 3FPI-S--	V-FPI-3S	23,24	se sabrá	confirmed	finite_verb_morphology		3	S	candidate	subordination_marker_scan_only	not_detected		[]	confirmed	candidate	candidate
753	1corintios	14	8	07	1corintios-14-8-P01	δῷ	δίδωμι	V- 3AAS-S--	V-AAS-3S	08	incierto	candidate	nearest_agreeing_nominative_no_visible_boundary	06			unresolved	subordination_marker_scan_only	candidate	explicit_marker_after_previous_finite_before_current_finite	"[{""form"": ""ἐὰν"", ""key"": ""εαν"", ""token"": ""03""}]"	confirmed	candidate	unresolved
754	1corintios	14	8	09	1corintios-14-8-P02	παρασκευάσεται	παρασκευάζω	V- 3FMI-S--	V-FMI-3S	10	se	candidate	nearest_agreeing_nominative_no_visible_boundary	08			candidate	subordination_marker_scan_only	not_detected		[]	confirmed	candidate	candidate
755	1corintios	14	9	11	1corintios-14-9-P01	δῶτε	δίδωμι	V- 2AAS-P--	V-AAS-2P	14	cómo	confirmed	finite_verb_morphology		2	P	unresolved	subordination_marker_scan_only	candidate	explicit_marker_after_previous_finite_before_current_finite	"[{""form"": ""ἐὰν"", ""key"": ""εαν"", ""token"": ""07""}]"	confirmed	candidate	unresolved
756	1corintios	14	9	13	1corintios-14-9-P02	γνωσθήσεται	γινώσκω	V- 3FPI-S--	V-FPI-3S	16	sabrá	confirmed	finite_verb_morphology		3	S	candidate	subordination_marker_scan_only	not_detected		[]	confirmed	candidate	candidate
757	1corintios	14	9	16	1corintios-14-9-P03	ἔσεσθε	εἰμί	V- 2FMI-P--	V-FMI-2P	19	dicen	confirmed	finite_verb_morphology		2	P	candidate	subordination_marker_scan_only	not_detected		[]	confirmed	candidate	candidate
758	1corintios	14	10	03	1corintios-14-10-P01	τύχοι	τυγχάνω	V- 3AAO-S--	V-AAO-3S	03	muchas	candidate	nearest_agreeing_nominative_no_visible_boundary	01			unresolved	subordination_marker_scan_only	candidate	explicit_marker_after_previous_finite_before_current_finite	"[{""form"": ""εἰ"", ""key"": ""ει"", ""token"": ""02""}]"	confirmed	candidate	unresolved
759	1corintios	14	10	06	1corintios-14-10-P02	εἰσιν	εἰμί	V- 3PAI-P--	V-PAI-3P	06	idiomas	candidate	nearest_agreeing_nominative_no_visible_boundary	04			candidate	subordination_marker_scan_only	not_detected		[]	confirmed	candidate	candidate
760	1corintios	14	11	04	1corintios-14-11-P01	εἰδῶ	οἶδα	V- 1XAS-S--	V-XAS-1S	05	sé	confirmed	finite_verb_morphology		1	S	unresolved	subordination_marker_scan_only	candidate	explicit_marker_after_previous_finite_before_current_finite	"[{""form"": ""ἐὰν"", ""key"": ""εαν"", ""token"": ""01""}]"	confirmed	candidate	unresolved
761	1corintios	14	11	09	1corintios-14-11-P02	ἔσομαι	εἰμί	V- 1FMI-S--	V-FMI-1S	10,11	palabras seré	confirmed	finite_verb_morphology		1	S	candidate	subordination_marker_scan_only	not_detected		[]	confirmed	candidate	candidate
762	1corintios	14	12	06	1corintios-14-12-P01	ἐστε	εἰμί	V- 2PAI-P--	V-PAI-2P	07	dones	confirmed	finite_verb_morphology		2	P	unresolved	subordination_marker_scan_only	candidate	explicit_marker_after_previous_finite_before_current_finite	"[{""form"": ""ἐπεὶ"", ""key"": ""επει"", ""token"": ""04""}]"	confirmed	candidate	unresolved
763	1corintios	14	12	13	1corintios-14-12-P02	ζητεῖτε	ζητέω	V- 2PAD-P--	V-PAD-2P	14	la	confirmed	finite_verb_morphology		2	P	candidate	subordination_marker_scan_only	not_detected		[]	confirmed	candidate	candidate
764	1corintios	14	12	15	1corintios-14-12-P03	περισσεύητε	περισσεύω	V- 2PAS-P--	V-PAS-2P	-	-	confirmed	finite_verb_morphology		2	P	unresolved	subordination_marker_scan_only	candidate	explicit_marker_after_previous_finite_before_current_finite	"[{""form"": ""ἵνα"", ""key"": ""ινα"", ""token"": ""14""}]"	confirmed	candidate	unresolved
765	1corintios	14	13	05	1corintios-14-13-P01	προσευχέσθω	προσεύχομαι	V- 3PMD-S--	V-PMD-3S	08,09,10	pida en oración	candidate	nearest_agreeing_nominative_no_visible_boundary	02			candidate	subordination_marker_scan_only	not_detected		[]	confirmed	candidate	candidate
766	1corintios	14	13	07	1corintios-14-13-P02	διερμηνεύῃ	διερμηνεύω	V- 3PAS-S--	V-PAS-3S	13,14	pueda interpretar	confirmed	finite_verb_morphology		3	S	unresolved	subordination_marker_scan_only	candidate	explicit_marker_after_previous_finite_before_current_finite	"[{""form"": ""ἵνα"", ""key"": ""ινα"", ""token"": ""06""}]"	confirmed	candidate	unresolved
767	1corintios	14	14	03	1corintios-14-14-P01	προσεύχωμαι	προσεύχομαι	V- 1PMS-S--	V-PMS-1S	03	yo	confirmed	finite_verb_morphology		1	S	unresolved	subordination_marker_scan_only	candidate	explicit_marker_after_previous_finite_before_current_finite	"[{""form"": ""ἐὰν"", ""key"": ""εαν"", ""token"": ""01""}]"	confirmed	candidate	unresolved
768	1corintios	14	14	08	1corintios-14-14-P02	προσεύχεται	προσεύχομαι	V- 3PMI-S--	V-PMI-3S	08	espíritu	candidate	nearest_agreeing_nominative_no_visible_boundary	06			candidate	subordination_marker_scan_only	not_detected		[]	confirmed	candidate	candidate
769	1corintios	14	14	14	1corintios-14-14-P03	ἐστιν	εἰμί	V- 3PAI-S--	V-PAI-3S	15	fruto	candidate	nearest_agreeing_nominative_no_visible_boundary	13			candidate	subordination_marker_scan_only	not_detected		[]	confirmed	candidate	candidate
770	1corintios	14	15	03	1corintios-14-15-P01	ἐστιν	εἰμί	V- 3PAI-S--	V-PAI-3S	03	oraré	confirmed	finite_verb_morphology		3	S	candidate	subordination_marker_scan_only	not_detected		[]	confirmed	candidate	candidate
771	1corintios	14	15	04	1corintios-14-15-P02	προσεύξομαι	προσεύχομαι	V- 1FMI-S--	V-FMI-1S	04	con	confirmed	finite_verb_morphology		1	S	candidate	subordination_marker_scan_only	not_detected		[]	confirmed	candidate	candidate
772	1corintios	14	15	07	1corintios-14-15-P03	προσεύξομαι	προσεύχομαι	V- 1FMI-S--	V-FMI-1S	07	pero	confirmed	finite_verb_morphology		1	S	candidate	subordination_marker_scan_only	not_detected		[]	confirmed	candidate	candidate
773	1corintios	14	15	12	1corintios-14-15-P04	ψαλῶ	ψάλλω	V- 1FAI-S--	V-FAI-1S	14	con	confirmed	finite_verb_morphology		1	S	candidate	subordination_marker_scan_only	not_detected		[]	confirmed	candidate	candidate
774	1corintios	14	15	15	1corintios-14-15-P05	ψαλῶ	ψάλλω	V- 1FAI-S--	V-FAI-1S	17	pero	confirmed	finite_verb_morphology		1	S	candidate	subordination_marker_scan_only	not_detected		[]	confirmed	candidate	candidate
775	1corintios	14	16	03	1corintios-14-16-P01	εὐλογῇς	εὐλογέω	V- 2PAS-S--	V-PAS-2S	05	bendices	confirmed	finite_verb_morphology		2	S	unresolved	subordination_marker_scan_only	candidate	explicit_marker_after_previous_finite_before_current_finite	"[{""form"": ""ἐπεὶ"", ""key"": ""επει"", ""token"": ""01""}, {""form"": ""ἐὰν"", ""key"": ""εαν"", ""token"": ""02""}]"	confirmed	candidate	unresolved
776	1corintios	14	16	12	1corintios-14-16-P02	ἐρεῖ	λέγω	V- 3FAI-S--	V-FAI-3S	11	dirá	confirmed	finite_verb_morphology		3	S	candidate	subordination_marker_scan_only	not_detected		[]	confirmed	candidate	candidate
777	1corintios	14	16	21	1corintios-14-16-P03	λέγεις	λέγω	V- 2PAI-S--	V-PAI-2S	36	dices	confirmed	finite_verb_morphology		2	S	unresolved	subordination_marker_scan_only	candidate	explicit_marker_after_previous_finite_before_current_finite	"[{""form"": ""ἐπειδὴ"", ""key"": ""επειδη"", ""token"": ""19""}]"	confirmed	candidate	unresolved
778	1corintios	14	16	23	1corintios-14-16-P04	οἶδεν	οἶδα	V- 3XAI-S--	V-XAI-3S	33	sabe	confirmed	finite_verb_morphology		3	S	candidate	subordination_marker_scan_only	not_detected		[]	confirmed	candidate	candidate
779	1corintios	14	17	05	1corintios-14-17-P01	εὐχαριστεῖς	εὐχαριστέω	V- 2PAI-S--	V-PAI-2S	05	gracias	confirmed	finite_verb_morphology		2	S	candidate	subordination_marker_scan_only	not_detected		[]	confirmed	candidate	candidate
780	1corintios	14	17	10	1corintios-14-17-P02	οἰκοδομεῖται	οἰκοδομέω	V- 3PPI-S--	V-PPI-3S	11	edificado	candidate	nearest_agreeing_nominative_no_visible_boundary	08			candidate	subordination_marker_scan_only	not_detected		[]	confirmed	candidate	candidate
781	1corintios	14	18	01	1corintios-14-18-P01	εὐχαριστῶ	εὐχαριστέω	V- 1PAI-S--	V-PAI-1S	01,02	doy gracias	confirmed	finite_verb_morphology		1	S	candidate	subordination_marker_scan_only	not_detected		[]	confirmed	candidate	candidate
782	1corintios	14	18	08	1corintios-14-18-P02	λαλῶ	λαλέω	V- 1PAI-S--	V-PAI-1S	05,06,07,08,09,10,11,12	porque hablo en lenguas más que todos ustedes	confirmed	finite_verb_morphology		1	S	candidate	subordination_marker_scan_only	not_detected		[]	confirmed	candidate	candidate
783	1corintios	14	19	04	1corintios-14-19-P01	θέλω	θέλω	V- 1PAI-S--	V-PAI-1S	07,08	hablar cinco	confirmed	finite_verb_morphology		1	S	candidate	subordination_marker_scan_only	not_detected		[]	confirmed	candidate	candidate
784	1corintios	14	19	14	1corintios-14-19-P02	κατηχήσω	κατηχέω	V- 1AAS-S--	V-AAS-1S	22	palabras	confirmed	finite_verb_morphology		1	S	unresolved	subordination_marker_scan_only	candidate	explicit_marker_after_previous_finite_before_current_finite	"[{""form"": ""ἵνα"", ""key"": ""ινα"", ""token"": ""11""}]"	confirmed	candidate	unresolved
785	1corintios	14	20	04	1corintios-14-20-P01	γίνεσθε	γίνομαι	V- 2PMD-P--	V-PMD-2P	04	niños	confirmed	finite_verb_morphology		2	P	candidate	subordination_marker_scan_only	not_detected		[]	confirmed	candidate	candidate
786	1corintios	14	20	10	1corintios-14-20-P02	νηπιάζετε	νηπιάζω	V- 2PAD-P--	V-PAD-2P	12,13	sean niños	confirmed	finite_verb_morphology		2	P	candidate	subordination_marker_scan_only	not_detected		[]	confirmed	candidate	candidate
787	1corintios	14	20	15	1corintios-14-20-P03	γίνεσθε	γίνομαι	V- 2PMD-P--	V-PMD-2P	23	sean	confirmed	finite_verb_morphology		2	P	candidate	subordination_marker_scan_only	not_detected		[]	confirmed	candidate	candidate
788	1corintios	14	21	04	1corintios-14-21-P01	γέγραπται	γράφω	V- 3XPI-S--	V-XPI-3S	06	por	confirmed	finite_verb_morphology		3	S	candidate	subordination_marker_scan_only	not_detected		[]	confirmed	candidate	candidate
789	1corintios	14	21	12	1corintios-14-21-P02	λαλήσω	λαλέω	V- 1FAI-S--	V-FAI-1S	19	pueblo	confirmed	finite_verb_morphology		1	S	unresolved	subordination_marker_scan_only	candidate	explicit_marker_after_previous_finite_before_current_finite	"[{""form"": ""ὅτι"", ""key"": ""οτι"", ""token"": ""05""}]"	confirmed	candidate	unresolved
790	1corintios	14	21	19	1corintios-14-21-P03	εἰσακούσονταί	εἰσακούω	V- 3FMI-P--	V-FMI-3P	27	el	confirmed	finite_verb_morphology		3	P	candidate	subordination_marker_scan_only	not_detected		[]	confirmed	candidate	candidate
791	1corintios	14	21	21	1corintios-14-21-P04	λέγει	λέγω	V- 3PAI-S--	V-PAI-3S	-	-	confirmed	finite_verb_morphology		3	S	candidate	subordination_marker_scan_only	not_detected		[]	confirmed	candidate	candidate
792	1corintios	14	22	06	1corintios-14-22-P01	εἰσιν	εἰμί	V- 3PAI-P--	V-PAI-3P	06	una	candidate	nearest_agreeing_nominative_no_visible_boundary	03			unresolved	subordination_marker_scan_only	candidate	explicit_marker_after_previous_finite_before_current_finite	"[{""form"": ""ὥστε"", ""key"": ""ωστε"", ""token"": ""01""}]"	confirmed	candidate	unresolved
793	1corintios	14	23	03	1corintios-14-23-P01	συνέλθῃ	συνέρχομαι	V- 3AAS-S--	V-AAS-3S	03	si	confirmed	finite_verb_morphology		3	S	unresolved	subordination_marker_scan_only	candidate	explicit_marker_after_previous_finite_before_current_finite	"[{""form"": ""ἐὰν"", ""key"": ""εαν"", ""token"": ""01""}]"	confirmed	candidate	unresolved
794	1corintios	14	23	12	1corintios-14-23-P02	λαλῶσιν	λαλέω	V- 3PAS-P--	V-PAS-3P	15	entran	candidate	nearest_agreeing_nominative_no_visible_boundary	11			candidate	subordination_marker_scan_only	not_detected		[]	confirmed	candidate	candidate
795	1corintios	14	23	14	1corintios-14-23-P03	εἰσέλθωσιν	εἰσέρχομαι	V- 3AAS-P--	V-AAS-3P	17	sin	confirmed	finite_verb_morphology		3	P	candidate	subordination_marker_scan_only	not_detected		[]	confirmed	candidate	candidate
796	1corintios	14	23	20	1corintios-14-23-P04	ἐροῦσιν	λέγω	V- 3FAI-P--	V-FAI-3P	25	dirán	candidate	nearest_agreeing_nominative_no_visible_boundary	18			candidate	subordination_marker_scan_only	not_detected		[]	confirmed	candidate	candidate
797	1corintios	14	23	22	1corintios-14-23-P05	μαίνεσθε	μαίνομαι	V- 2PMI-P--	V-PMI-2P	27,28,29	ustedes están locos	confirmed	finite_verb_morphology		2	P	unresolved	subordination_marker_scan_only	candidate	explicit_marker_after_previous_finite_before_current_finite	"[{""form"": ""ὅτι"", ""key"": ""οτι"", ""token"": ""21""}]"	confirmed	candidate	unresolved
798	1corintios	14	24	04	1corintios-14-24-P01	προφητεύωσιν	προφητεύω	V- 3PAS-P--	V-PAS-3P	04	profetizan	candidate	nearest_agreeing_nominative_no_visible_boundary	03			unresolved	subordination_marker_scan_only	candidate	explicit_marker_after_previous_finite_before_current_finite	"[{""form"": ""ἐὰν"", ""key"": ""εαν"", ""token"": ""01""}]"	confirmed	candidate	unresolved
799	1corintios	14	24	05	1corintios-14-24-P02	εἰσέλθῃ	εἰσέρχομαι	V- 3AAS-S--	V-AAS-3S	05	y	confirmed	finite_verb_morphology		3	S	candidate	subordination_marker_scan_only	not_detected		[]	confirmed	candidate	candidate
800	1corintios	14	24	11	1corintios-14-24-P03	ἐλέγχεται	ἐλέγχω	V- 3PPI-S--	V-PPI-3S	16,17	será convencido	candidate	nearest_agreeing_nominative_no_visible_boundary	10			candidate	subordination_marker_scan_only	not_detected		[]	confirmed	candidate	candidate
801	1corintios	14	24	14	1corintios-14-24-P04	ἀνακρίνεται	ἀνακρίνω	V- 3PPI-S--	V-PPI-3S	20,21	será juzgado	confirmed	finite_verb_morphology		3	S	candidate	subordination_marker_scan_only	not_detected		[]	confirmed	candidate	candidate
802	1corintios	14	25	07	1corintios-14-25-P01	γίνεται	γίνομαι	V- 3PMI-S--	V-PMI-3S	07	al	candidate	nearest_agreeing_nominative_no_visible_boundary	06			candidate	subordination_marker_scan_only	not_detected		[]	confirmed	candidate	candidate
803	1corintios	14	25	13	1corintios-14-25-P02	προσκυνήσει	προσκυνέω	V- 3FAI-S--	V-FAI-3S	16	dios	confirmed	finite_verb_morphology		3	S	candidate	subordination_marker_scan_only	not_detected		[]	confirmed	candidate	candidate
804	1corintios	14	25	23	1corintios-14-25-P03	ἐστιν	εἰμί	V- 3PAI-S--	V-PAI-3S	-	-	candidate	nearest_agreeing_nominative_no_visible_boundary	20			unresolved	subordination_marker_scan_only	candidate	explicit_marker_after_previous_finite_before_current_finite	"[{""form"": ""ὅτι"", ""key"": ""οτι"", ""token"": ""17""}]"	confirmed	candidate	unresolved
805	1corintios	14	26	03	1corintios-14-26-P01	ἐστιν	εἰμί	V- 3PAI-S--	V-PAI-3S	03,04	que hacer	confirmed	finite_verb_morphology		3	S	candidate	subordination_marker_scan_only	not_detected		[]	confirmed	candidate	candidate
806	1corintios	14	26	06	1corintios-14-26-P02	συνέρχησθε	συνέρχομαι	V- 2PMS-P--	V-PMS-2P	07,08,09	cuando se reúnan	confirmed	finite_verb_morphology		2	P	unresolved	subordination_marker_scan_only	candidate	explicit_marker_after_previous_finite_before_current_finite	"[{""form"": ""ὅταν"", ""key"": ""οταν"", ""token"": ""05""}]"	confirmed	candidate	unresolved
807	1corintios	14	26	09	1corintios-14-26-P03	ἔχει	ἔχω	V- 3PAI-S--	V-PAI-3S	12	aporte	candidate	nearest_agreeing_nominative_no_visible_boundary	07			candidate	subordination_marker_scan_only	not_detected		[]	confirmed	candidate	candidate
808	1corintios	14	26	11	1corintios-14-26-P04	ἔχει	ἔχω	V- 3PAI-S--	V-PAI-3S	12	aporte	confirmed	finite_verb_morphology		3	S	candidate	subordination_marker_scan_only	not_detected		[]	confirmed	candidate	candidate
809	1corintios	14	26	13	1corintios-14-26-P05	ἔχει	ἔχω	V- 3PAI-S--	V-PAI-3S	12	aporte	confirmed	finite_verb_morphology		3	S	candidate	subordination_marker_scan_only	not_detected		[]	confirmed	candidate	candidate
810	1corintios	14	26	15	1corintios-14-26-P06	ἔχει	ἔχω	V- 3PAI-S--	V-PAI-3S	12	aporte	confirmed	finite_verb_morphology		3	S	candidate	subordination_marker_scan_only	not_detected		[]	confirmed	candidate	candidate
811	1corintios	14	26	17	1corintios-14-26-P07	ἔχει	ἔχω	V- 3PAI-S--	V-PAI-3S	12	aporte	confirmed	finite_verb_morphology		3	S	candidate	subordination_marker_scan_only	not_detected		[]	confirmed	candidate	candidate
812	1corintios	14	26	21	1corintios-14-26-P08	γινέσθω	γίνομαι	V- 3PMD-S--	V-PMD-3S	19,21,22	que se haga	candidate	nearest_agreeing_nominative_no_visible_boundary	18			candidate	subordination_marker_scan_only	not_detected		[]	confirmed	candidate	candidate
813	1corintios	14	27	04	1corintios-14-27-P01	λαλεῖ	λαλέω	V- 3PAI-S--	V-PAI-3S	03	habla	candidate	nearest_agreeing_nominative_no_visible_boundary	03			candidate	subordination_marker_scan_only	not_detected		[]	confirmed	candidate	candidate
814	1corintios	14	27	16	1corintios-14-27-P02	διερμηνευέτω	διερμηνεύω	V- 3PAD-S--	V-PAD-3S	20	interprete	candidate	nearest_agreeing_nominative_no_visible_boundary	15			candidate	subordination_marker_scan_only	not_detected		[]	confirmed	candidate	candidate
815	1corintios	14	28	04	1corintios-14-28-P01	ᾖ	εἰμί	V- 3PAS-S--	V-PAS-3S	04	hay	confirmed	finite_verb_morphology		3	S	unresolved	subordination_marker_scan_only	candidate	explicit_marker_after_previous_finite_before_current_finite	"[{""form"": ""ἐὰν"", ""key"": ""εαν"", ""token"": ""01""}]"	confirmed	candidate	unresolved
816	1corintios	14	28	06	1corintios-14-28-P02	σιγάτω	σιγάω	V- 3PAD-S--	V-PAD-3S	06	que	candidate	nearest_agreeing_nominative_no_visible_boundary	05			candidate	subordination_marker_scan_only	not_detected		[]	confirmed	candidate	candidate
817	1corintios	14	28	11	1corintios-14-28-P03	λαλείτω	λαλέω	V- 3PAD-S--	V-PAD-3S	14	hable	confirmed	finite_verb_morphology		3	S	candidate	subordination_marker_scan_only	not_detected		[]	confirmed	candidate	candidate
818	1corintios	14	29	06	1corintios-14-29-P01	λαλείτωσαν	λαλέω	V- 3PAD-P--	V-PAD-3P	07	hablen	candidate	nearest_agreeing_nominative_no_visible_boundary	05			candidate	subordination_marker_scan_only	not_detected		[]	confirmed	candidate	candidate
819	1corintios	14	29	10	1corintios-14-29-P02	διακρινέτωσαν	διακρίνω	V- 3PAD-P--	V-PAD-3P	-	-	candidate	nearest_agreeing_nominative_no_visible_boundary	09			candidate	subordination_marker_scan_only	not_detected		[]	confirmed	candidate	candidate
820	1corintios	14	30	04	1corintios-14-30-P01	ἀποκαλυφθῇ	ἀποκαλύπτω	V- 3APS-S--	V-APS-3S	08,09,10,11,12	le es revelado algo que	confirmed	finite_verb_morphology		3	S	unresolved	subordination_marker_scan_only	candidate	explicit_marker_after_previous_finite_before_current_finite	"[{""form"": ""ἐὰν"", ""key"": ""εαν"", ""token"": ""01""}]"	confirmed	candidate	unresolved
821	1corintios	14	30	08	1corintios-14-30-P02	σιγάτω	σιγάω	V- 3PAD-S--	V-PAD-3S	13,14,15	calle el primero	candidate	nearest_agreeing_nominative_no_visible_boundary	07			candidate	subordination_marker_scan_only	not_detected		[]	confirmed	candidate	candidate
822	1corintios	14	31	01	1corintios-14-31-P01	δύνασθε	δύναμαι	V- 2PMI-P--	V-PMI-2P	01	porque	confirmed	finite_verb_morphology		2	P	candidate	subordination_marker_scan_only	not_detected		[]	confirmed	candidate	candidate
823	1corintios	14	31	09	1corintios-14-31-P02	μανθάνωσιν	μανθάνω	V- 3PAS-P--	V-PAS-3P	12	y	candidate	nearest_agreeing_nominative_no_visible_boundary	08			unresolved	subordination_marker_scan_only	candidate	explicit_marker_after_previous_finite_before_current_finite	"[{""form"": ""ἵνα"", ""key"": ""ινα"", ""token"": ""07""}]"	confirmed	candidate	unresolved
824	1corintios	14	31	12	1corintios-14-31-P03	παρακαλῶνται	παρακαλέω	V- 3PPS-P--	V-PPS-3P	-	-	candidate	nearest_agreeing_nominative_no_visible_boundary	11			candidate	subordination_marker_scan_only	not_detected		[]	confirmed	candidate	candidate
825	1corintios	14	32	05	1corintios-14-32-P01	ὑποτάσσεται	ὑποτάσσω	V- 3PPI-S--	V-PPI-3S	06,07	están sujetos	candidate	nearest_agreeing_nominative_no_visible_boundary	02			candidate	subordination_marker_scan_only	not_detected		[]	confirmed	candidate	candidate
826	1corintios	14	33	03	1corintios-14-33-P01	ἐστιν	εἰμί	V- 3PAI-S--	V-PAI-3S	04	es	confirmed	finite_verb_morphology		3	S	candidate	subordination_marker_scan_only	not_detected		[]	confirmed	candidate	candidate
827	1corintios	14	34	06	1corintios-14-34-P01	σιγάτωσαν	σιγάω	V- 3PAD-P--	V-PAD-3P	08	porque	candidate	nearest_agreeing_nominative_no_visible_boundary	02			candidate	subordination_marker_scan_only	not_detected		[]	confirmed	candidate	candidate
828	1corintios	14	34	09	1corintios-14-34-P02	ἐπιτρέπεται	ἐπιτρέπω	V- 3PPI-S--	V-PPI-3S	11	es	confirmed	finite_verb_morphology		3	S	candidate	subordination_marker_scan_only	not_detected		[]	confirmed	candidate	candidate
829	1corintios	14	34	13	1corintios-14-34-P03	ὑποτασσέσθωσαν	ὑποτάσσω	V- 3PPD-P--	V-PPD-3P	16	que	confirmed	finite_verb_morphology		3	P	candidate	subordination_marker_scan_only	not_detected		[]	confirmed	candidate	candidate
830	1corintios	14	34	18	1corintios-14-34-P04	λέγει	λέγω	V- 3PAI-S--	V-PAI-3S	20,21	dice también	candidate	nearest_agreeing_nominative_no_visible_boundary	17			unresolved	subordination_marker_scan_only	candidate	explicit_marker_after_previous_finite_before_current_finite	"[{""form"": ""καθὼς"", ""key"": ""καθως"", ""token"": ""14""}]"	confirmed	candidate	unresolved
831	1corintios	14	35	05	1corintios-14-35-P01	θέλουσιν	θέλω	V- 3PAI-P--	V-PAI-3P	05,06	algo que	confirmed	finite_verb_morphology		3	P	unresolved	subordination_marker_scan_only	candidate	explicit_marker_after_previous_finite_before_current_finite	"[{""form"": ""εἰ"", ""key"": ""ει"", ""token"": ""01""}]"	confirmed	candidate	unresolved
832	1corintios	14	35	11	1corintios-14-35-P02	ἐπερωτάτωσαν	ἐπερωτάω	V- 3PAD-P--	V-PAD-3P	07	pregunten	confirmed	finite_verb_morphology		3	P	candidate	subordination_marker_scan_only	not_detected		[]	confirmed	candidate	candidate
833	1corintios	14	35	14	1corintios-14-35-P03	ἐστιν	εἰμί	V- 3PAI-S--	V-PAI-3S	17	correcto	confirmed	finite_verb_morphology		3	S	candidate	subordination_marker_scan_only	not_detected		[]	confirmed	candidate	candidate
834	1corintios	14	36	08	1corintios-14-36-P01	ἐξῆλθεν	ἐξέρχομαι	V- 3AAI-S--	V-AAI-3S	08	ustedes	candidate	nearest_agreeing_nominative_no_visible_boundary	05			candidate	subordination_marker_scan_only	not_detected		[]	confirmed	candidate	candidate
835	1corintios	14	36	13	1corintios-14-36-P02	κατήντησεν	καταντάω	V- 3AAI-S--	V-AAI-3S	13,14	ha llegado	confirmed	finite_verb_morphology		3	S	candidate	subordination_marker_scan_only	not_detected		[]	confirmed	candidate	candidate
836	1corintios	14	37	03	1corintios-14-37-P01	δοκεῖ	δοκέω	V- 3PAI-S--	V-PAI-3S	02,03	alguien piensa	candidate	nearest_agreeing_nominative_no_visible_boundary	02			unresolved	subordination_marker_scan_only	candidate	explicit_marker_after_previous_finite_before_current_finite	"[{""form"": ""εἴ"", ""key"": ""ει"", ""token"": ""01""}]"	confirmed	candidate	unresolved
837	1corintios	14	37	08	1corintios-14-37-P02	ἐπιγινωσκέτω	ἐπιγινώσκω	V- 3PAD-S--	V-PAD-3S	09	reconozca	candidate	nearest_agreeing_nominative_no_visible_boundary	07			candidate	subordination_marker_scan_only	not_detected		[]	confirmed	candidate	candidate
838	1corintios	14	37	10	1corintios-14-37-P03	γράφω	γράφω	V- 1PAI-S--	V-PAI-1S	14	escribo	confirmed	finite_verb_morphology		1	S	candidate	subordination_marker_scan_only	not_detected		[]	confirmed	candidate	candidate
839	1corintios	14	37	14	1corintios-14-37-P04	ἐστίν	εἰμί	V- 3PAI-S--	V-PAI-3S	16	mandamiento	confirmed	finite_verb_morphology		3	S	unresolved	subordination_marker_scan_only	candidate	explicit_marker_after_previous_finite_before_current_finite	"[{""form"": ""ὅτι"", ""key"": ""οτι"", ""token"": ""12""}]"	confirmed	candidate	unresolved
840	1corintios	14	38	04	1corintios-14-38-P01	ἀγνοεῖ	ἀγνοέω	V- 3PAI-S--	V-PAI-3S	04,05,06	no reconoce esto	candidate	nearest_agreeing_nominative_no_visible_boundary	03			unresolved	subordination_marker_scan_only	candidate	explicit_marker_after_previous_finite_before_current_finite	"[{""form"": ""εἰ"", ""key"": ""ει"", ""token"": ""01""}]"	confirmed	candidate	unresolved
841	1corintios	14	38	05	1corintios-14-38-P02	ἀγνοεῖται	ἀγνοέω	V- 3PPI-S--	V-PPI-3S	07,08,09,10	él no es reconocido	confirmed	finite_verb_morphology		3	S	candidate	subordination_marker_scan_only	not_detected		[]	confirmed	candidate	candidate
842	1corintios	14	39	04	1corintios-14-39-P01	ζηλοῦτε	ζηλόω	V- 2PAD-P--	V-PAD-2P	04	míos	confirmed	finite_verb_morphology		2	P	unresolved	subordination_marker_scan_only	candidate	explicit_marker_after_previous_finite_before_current_finite	"[{""form"": ""ὥστε"", ""key"": ""ωστε"", ""token"": ""01""}]"	confirmed	candidate	unresolved
843	1corintios	14	39	11	1corintios-14-39-P02	κωλύετε	κωλύω	V- 2PAD-P--	V-PAD-2P	12	en	confirmed	finite_verb_morphology		2	P	candidate	subordination_marker_scan_only	not_detected		[]	confirmed	candidate	candidate
844	1corintios	14	40	07	1corintios-14-40-P01	γινέσθω	γίνομαι	V- 3PMD-S--	V-PMD-3S	09	orden	confirmed	finite_verb_morphology		3	S	candidate	subordination_marker_scan_only	not_detected		[]	confirmed	candidate	candidate
845	1corintios	15	1	01	1corintios-15-1-P01	γνωρίζω	γνωρίζω	V- 1PAI-S--	V-PAI-1S	01,02,03	ahora les hago	confirmed	finite_verb_morphology		1	S	candidate	subordination_marker_scan_only	not_detected		[]	confirmed	candidate	candidate
846	1corintios	15	1	08	1corintios-15-1-P02	εὐηγγελισάμην	εὐαγγελίζω	V- 1AMI-S--	V-AMI-1S	09,10,11,12,13	les prediqué el cual también	confirmed	finite_verb_morphology		1	S	candidate	subordination_marker_scan_only	not_detected		[]	confirmed	candidate	candidate
847	1corintios	15	1	12	1corintios-15-1-P03	παρελάβετε	παραλαμβάνω	V- 2AAI-P--	V-AAI-2P	17	el	confirmed	finite_verb_morphology		2	P	candidate	subordination_marker_scan_only	not_detected		[]	confirmed	candidate	candidate
848	1corintios	15	1	16	1corintios-15-1-P04	ἑστήκατε	ἵστημι	V- 2XAI-P--	V-XAI-2P	-	-	confirmed	finite_verb_morphology		2	P	candidate	subordination_marker_scan_only	not_detected		[]	confirmed	candidate	candidate
849	1corintios	15	2	04	1corintios-15-2-P01	σῴζεσθε	σῴζω	V- 2PPI-P--	V-PPI-2P	05,06	son salvos	confirmed	finite_verb_morphology		2	P	candidate	subordination_marker_scan_only	not_detected		[]	confirmed	candidate	candidate
850	1corintios	15	2	07	1corintios-15-2-P02	εὐηγγελισάμην	εὐαγγελίζω	V- 1AMI-S--	V-AMI-1S	11,12,13	les prediqué	confirmed	finite_verb_morphology		1	S	candidate	subordination_marker_scan_only	not_detected		[]	confirmed	candidate	candidate
851	1corintios	15	2	10	1corintios-15-2-P03	κατέχετε	κατέχω	V- 2PAI-P--	V-PAI-2P	16,17	retienen	confirmed	finite_verb_morphology		2	P	unresolved	subordination_marker_scan_only	candidate	explicit_marker_after_previous_finite_before_current_finite	"[{""form"": ""εἰ"", ""key"": ""ει"", ""token"": ""09""}]"	confirmed	candidate	unresolved
852	1corintios	15	2	15	1corintios-15-2-P04	ἐπιστεύσατε	πιστεύω	V- 2AAI-P--	V-AAI-2P	22	hayan creído	confirmed	finite_verb_morphology		2	P	unresolved	subordination_marker_scan_only	candidate	explicit_marker_after_previous_finite_before_current_finite	"[{""form"": ""εἰ"", ""key"": ""ει"", ""token"": ""12""}]"	confirmed	candidate	unresolved
853	1corintios	15	3	01	1corintios-15-3-P01	παρέδωκα	παραδίδωμι	V- 1AAI-S--	V-AAI-1S	01,02,03	porque yo les entregué	confirmed	finite_verb_morphology		1	S	candidate	subordination_marker_scan_only	not_detected		[]	confirmed	candidate	candidate
854	1corintios	15	3	08	1corintios-15-3-P02	παρέλαβον	παραλαμβάνω	V- 1AAI-S--	V-AAI-1S	11,12	recibí que	confirmed	finite_verb_morphology		1	S	candidate	subordination_marker_scan_only	not_detected		[]	confirmed	candidate	candidate
855	1corintios	15	3	11	1corintios-15-3-P03	ἀπέθανεν	ἀποθνῄσκω	V- 3AAI-S--	V-AAI-3S	14	murió	candidate	nearest_agreeing_nominative_no_visible_boundary	10			unresolved	subordination_marker_scan_only	candidate	explicit_marker_after_previous_finite_before_current_finite	"[{""form"": ""ὅτι"", ""key"": ""οτι"", ""token"": ""09""}]"	confirmed	candidate	unresolved
856	1corintios	15	4	03	1corintios-15-4-P01	ἐτάφη	θάπτω	V- 3API-S--	V-API-3S	03,04,05	fue sepultado	confirmed	finite_verb_morphology		3	S	unresolved	subordination_marker_scan_only	candidate	explicit_marker_after_previous_finite_before_current_finite	"[{""form"": ""ὅτι"", ""key"": ""οτι"", ""token"": ""02""}]"	confirmed	candidate	unresolved
857	1corintios	15	4	06	1corintios-15-4-P02	ἐγήγερται	ἐγείρω	V- 3XPI-S--	V-XPI-3S	08,09	resucitó	confirmed	finite_verb_morphology		3	S	unresolved	subordination_marker_scan_only	candidate	explicit_marker_after_previous_finite_before_current_finite	"[{""form"": ""ὅτι"", ""key"": ""οτι"", ""token"": ""05""}]"	confirmed	candidate	unresolved
858	1corintios	15	5	03	1corintios-15-5-P01	ὤφθη	ὁράω	V- 3API-S--	V-API-3S	03,04	se apareció	confirmed	finite_verb_morphology		3	S	unresolved	subordination_marker_scan_only	candidate	explicit_marker_after_previous_finite_before_current_finite	"[{""form"": ""ὅτι"", ""key"": ""οτι"", ""token"": ""02""}]"	confirmed	candidate	unresolved
859	1corintios	15	6	02	1corintios-15-6-P01	ὤφθη	ὁράω	V- 3API-S--	V-API-3S	02,03	se apareció	confirmed	finite_verb_morphology		3	S	candidate	subordination_marker_scan_only	not_detected		[]	confirmed	candidate	candidate
860	1corintios	15	6	11	1corintios-15-6-P02	μένουσιν	μένω	V- 3PAI-P--	V-PAI-3P	19	viven	candidate	nearest_agreeing_nominative_no_visible_boundary	10			candidate	subordination_marker_scan_only	not_detected		[]	confirmed	candidate	candidate
861	1corintios	15	6	16	1corintios-15-6-P03	ἐκοιμήθησαν	κοιμάομαι	V- 3API-P--	V-API-3P	-	-	confirmed	finite_verb_morphology		3	P	candidate	subordination_marker_scan_only	not_detected		[]	confirmed	candidate	candidate
862	1corintios	15	7	02	1corintios-15-7-P01	ὤφθη	ὁράω	V- 3API-S--	V-API-3S	02,03	se apareció	confirmed	finite_verb_morphology		3	S	candidate	subordination_marker_scan_only	not_detected		[]	confirmed	candidate	candidate
863	1corintios	15	8	07	1corintios-15-8-P01	ὤφθη	ὁράω	V- 3API-S--	V-API-3S	13,14,15	se me apareció	confirmed	finite_verb_morphology		3	S	candidate	subordination_marker_scan_only	not_detected		[]	confirmed	candidate	candidate
864	1corintios	15	9	03	1corintios-15-9-P01	εἰμι	εἰμί	V- 1PAI-S--	V-PAI-1S	03	soy	confirmed	finite_verb_morphology		1	S	candidate	subordination_marker_scan_only	not_detected		[]	confirmed	candidate	candidate
865	1corintios	15	9	10	1corintios-15-9-P02	εἰμὶ	εἰμί	V- 1PAI-S--	V-PAI-1S	12	soy	confirmed	finite_verb_morphology		1	S	candidate	subordination_marker_scan_only	not_detected		[]	confirmed	candidate	candidate
866	1corintios	15	9	15	1corintios-15-9-P03	ἐδίωξα	διώκω	V- 1AAI-S--	V-AAI-1S	19,20	perseguí a	confirmed	finite_verb_morphology		1	S	candidate	subordination_marker_scan_only	not_detected		[]	confirmed	candidate	candidate
867	1corintios	15	10	04	1corintios-15-10-P01	εἰμι	εἰμί	V- 1PAI-S--	V-PAI-1S	07	soy	confirmed	finite_verb_morphology		1	S	candidate	subordination_marker_scan_only	not_detected		[]	confirmed	candidate	candidate
868	1corintios	15	10	06	1corintios-15-10-P02	εἰμι	εἰμί	V- 1PAI-S--	V-PAI-1S	-	-	confirmed	finite_verb_morphology		1	S	candidate	subordination_marker_scan_only	not_detected		[]	confirmed	candidate	candidate
869	1corintios	15	10	16	1corintios-15-10-P03	ἐγενήθη	γίνομαι	V- 3API-S--	V-API-3S	-	-	candidate	nearest_agreeing_nominative_no_visible_boundary	15			candidate	subordination_marker_scan_only	not_detected		[]	confirmed	candidate	candidate
870	1corintios	15	10	21	1corintios-15-10-P04	ἐκοπίασα	κοπιάω	V- 1AAI-S--	V-AAI-1S	28	yo	confirmed	finite_verb_morphology		1	S	candidate	subordination_marker_scan_only	not_detected		[]	confirmed	candidate	candidate
871	1corintios	15	11	07	1corintios-15-11-P01	κηρύσσομεν	κηρύσσω	V- 1PAI-P--	V-PAI-1P	07	predicamos	confirmed	finite_verb_morphology		1	P	candidate	subordination_marker_scan_only	not_detected		[]	confirmed	candidate	candidate
872	1corintios	15	11	10	1corintios-15-11-P02	ἐπιστεύσατε	πιστεύω	V- 2AAI-P--	V-AAI-2P	10,11,12,13	creyeron ustedes	confirmed	finite_verb_morphology		2	P	candidate	subordination_marker_scan_only	not_detected		[]	confirmed	candidate	candidate
873	1corintios	15	12	04	1corintios-15-12-P01	κηρύσσεται	κηρύσσω	V- 3PPI-S--	V-PPI-3S	05	se predica	candidate	nearest_agreeing_nominative_no_visible_boundary	03			unresolved	subordination_marker_scan_only	candidate	explicit_marker_after_previous_finite_before_current_finite	"[{""form"": ""εἰ"", ""key"": ""ει"", ""token"": ""01""}]"	confirmed	candidate	unresolved
874	1corintios	15	12	08	1corintios-15-12-P02	ἐγήγερται	ἐγείρω	V- 3XPI-S--	V-XPI-3S	11,12,13	ha resucitado	confirmed	finite_verb_morphology		3	S	unresolved	subordination_marker_scan_only	candidate	explicit_marker_after_previous_finite_before_current_finite	"[{""form"": ""ὅτι"", ""key"": ""οτι"", ""token"": ""05""}]"	confirmed	candidate	unresolved
875	1corintios	15	12	10	1corintios-15-12-P03	λέγουσιν	λέγω	V- 3PAI-P--	V-PAI-3P	15	dicen	confirmed	finite_verb_morphology		3	P	candidate	subordination_marker_scan_only	not_detected		[]	confirmed	candidate	candidate
876	1corintios	15	12	18	1corintios-15-12-P04	ἔστιν	εἰμί	V- 3PAI-S--	V-PAI-3S	24	hay	candidate	nearest_agreeing_nominative_no_visible_boundary	15			unresolved	subordination_marker_scan_only	candidate	explicit_marker_after_previous_finite_before_current_finite	"[{""form"": ""ὅτι"", ""key"": ""οτι"", ""token"": ""14""}]"	confirmed	candidate	unresolved
877	1corintios	15	13	06	1corintios-15-13-P01	ἔστιν	εἰμί	V- 3PAI-S--	V-PAI-3S	09	no	candidate	nearest_agreeing_nominative_no_visible_boundary	03			unresolved	subordination_marker_scan_only	candidate	explicit_marker_after_previous_finite_before_current_finite	"[{""form"": ""εἰ"", ""key"": ""ει"", ""token"": ""01""}]"	confirmed	candidate	unresolved
878	1corintios	15	13	09	1corintios-15-13-P02	ἐγήγερται	ἐγείρω	V- 3XPI-S--	V-XPI-3S	13,14	ha resucitado	candidate	nearest_agreeing_nominative_no_visible_boundary	08			candidate	subordination_marker_scan_only	not_detected		[]	confirmed	candidate	candidate
879	1corintios	15	14	05	1corintios-15-14-P01	ἐγήγερται	ἐγείρω	V- 3XPI-S--	V-XPI-3S	05,06,07	ha resucitado	candidate	nearest_agreeing_nominative_no_visible_boundary	03			unresolved	subordination_marker_scan_only	candidate	explicit_marker_after_previous_finite_before_current_finite	"[{""form"": ""εἰ"", ""key"": ""ει"", ""token"": ""01""}]"	confirmed	candidate	unresolved
880	1corintios	15	15	01	1corintios-15-15-P01	εὑρισκόμεθα	εὑρίσκω	V- 1PPI-P--	V-PPI-1P	01,02,03	aún más somos hallados	confirmed	finite_verb_morphology		1	P	candidate	subordination_marker_scan_only	not_detected		[]	confirmed	candidate	candidate
881	1corintios	15	15	08	1corintios-15-15-P02	ἐμαρτυρήσαμεν	μαρτυρέω	V- 1AAI-P--	V-AAI-1P	-	-	confirmed	finite_verb_morphology		1	P	unresolved	subordination_marker_scan_only	candidate	explicit_marker_after_previous_finite_before_current_finite	"[{""form"": ""ὅτι"", ""key"": ""οτι"", ""token"": ""07""}]"	confirmed	candidate	unresolved
882	1corintios	15	15	13	1corintios-15-15-P03	ἤγειρεν	ἐγείρω	V- 3AAI-S--	V-AAI-3S	15,16	él resucitó	confirmed	finite_verb_morphology		3	S	unresolved	subordination_marker_scan_only	candidate	explicit_marker_after_previous_finite_before_current_finite	"[{""form"": ""ὅτι"", ""key"": ""οτι"", ""token"": ""12""}]"	confirmed	candidate	unresolved
883	1corintios	15	15	18	1corintios-15-15-P04	ἤγειρεν	ἐγείρω	V- 3AAI-S--	V-AAI-3S	-	-	confirmed	finite_verb_morphology		3	S	candidate	subordination_marker_scan_only	not_detected		[]	confirmed	candidate	candidate
884	1corintios	15	15	23	1corintios-15-15-P05	ἐγείρονται	ἐγείρω	V- 3PPI-P--	V-PPI-3P	29	resucitan	candidate	nearest_agreeing_nominative_no_visible_boundary	21			candidate	subordination_marker_scan_only	not_detected		[]	confirmed	candidate	candidate
885	1corintios	15	16	05	1corintios-15-16-P01	ἐγείρονται	ἐγείρω	V- 3PPI-P--	V-PPI-3P	06	resucitan	candidate	nearest_agreeing_nominative_no_visible_boundary	03			unresolved	subordination_marker_scan_only	candidate	explicit_marker_after_previous_finite_before_current_finite	"[{""form"": ""εἰ"", ""key"": ""ει"", ""token"": ""01""}]"	confirmed	candidate	unresolved
886	1corintios	15	16	08	1corintios-15-16-P02	ἐγήγερται	ἐγείρω	V- 3XPI-S--	V-XPI-3S	10,11,12	siquiera ha resucitado	candidate	nearest_agreeing_nominative_no_visible_boundary	07			candidate	subordination_marker_scan_only	not_detected		[]	confirmed	candidate	candidate
887	1corintios	15	17	05	1corintios-15-17-P01	ἐγήγερται	ἐγείρω	V- 3XPI-S--	V-XPI-3S	05,06,07	ha resucitado	candidate	nearest_agreeing_nominative_no_visible_boundary	03			unresolved	subordination_marker_scan_only	candidate	explicit_marker_after_previous_finite_before_current_finite	"[{""form"": ""εἰ"", ""key"": ""ει"", ""token"": ""01""}]"	confirmed	candidate	unresolved
888	1corintios	15	17	11	1corintios-15-17-P02	ἐστὲ	εἰμί	V- 2PAI-P--	V-PAI-2P	13	están	confirmed	finite_verb_morphology		2	P	candidate	subordination_marker_scan_only	not_detected		[]	confirmed	candidate	candidate
889	1corintios	15	18	07	1corintios-15-18-P01	ἀπώλοντο	ἀπόλλυμι	V- 3AMI-P--	V-AMI-3P	09,10	están perdidos	candidate	nearest_agreeing_nominative_no_visible_boundary	03			candidate	subordination_marker_scan_only	not_detected		[]	confirmed	candidate	candidate
890	1corintios	15	19	09	1corintios-15-19-P01	ἐσμὲν	εἰμί	V- 1PAI-P--	V-PAI-1P	11	somos	confirmed	finite_verb_morphology		1	P	unresolved	subordination_marker_scan_only	candidate	explicit_marker_after_previous_finite_before_current_finite	"[{""form"": ""εἰ"", ""key"": ""ει"", ""token"": ""01""}]"	confirmed	candidate	unresolved
891	1corintios	15	19	14	1corintios-15-19-P02	ἐσμέν	εἰμί	V- 1PAI-P--	V-PAI-1P	19	somos	confirmed	finite_verb_morphology		1	P	candidate	subordination_marker_scan_only	not_detected		[]	confirmed	candidate	candidate
892	1corintios	15	20	04	1corintios-15-20-P01	ἐγήγερται	ἐγείρω	V- 3XPI-S--	V-XPI-3S	04,05,06	ha resucitado	candidate	nearest_agreeing_nominative_no_visible_boundary	03			candidate	subordination_marker_scan_only	not_detected		[]	confirmed	candidate	candidate
893	1corintios	15	22	07	1corintios-15-22-P01	ἀποθνῄσκουσιν	ἀποθνῄσκω	V- 3PAI-P--	V-PAI-3P	08	también	candidate	nearest_agreeing_nominative_no_visible_boundary	06			candidate	subordination_marker_scan_only	not_detected		[]	confirmed	candidate	candidate
894	1corintios	15	22	14	1corintios-15-22-P02	ζῳοποιηθήσονται	ζῳοποιέω	V- 3FPI-P--	V-FPI-3P	-	-	candidate	nearest_agreeing_nominative_no_visible_boundary	13			candidate	subordination_marker_scan_only	not_detected		[]	confirmed	candidate	candidate
895	1corintios	15	24	05	1corintios-15-24-P01	παραδιδῷ	παραδίδωμι	V- 3PAS-S--	V-PAS-3S	06,07	entregue el	candidate	nearest_agreeing_nominative_no_visible_boundary	03			unresolved	subordination_marker_scan_only	candidate	explicit_marker_after_previous_finite_before_current_finite	"[{""form"": ""ὅταν"", ""key"": ""οταν"", ""token"": ""04""}]"	confirmed	candidate	unresolved
896	1corintios	15	24	13	1corintios-15-24-P02	καταργήσῃ	καταργέω	V- 3AAS-S--	V-AAS-3S	16,17	haya terminado	confirmed	finite_verb_morphology		3	S	unresolved	subordination_marker_scan_only	candidate	explicit_marker_after_previous_finite_before_current_finite	"[{""form"": ""ὅταν"", ""key"": ""οταν"", ""token"": ""12""}]"	confirmed	candidate	unresolved
897	1corintios	15	25	01	1corintios-15-25-P01	δεῖ	δέω	V- 3PAI-S--	V-PAI-3S	01,02,03	pues cristo debe	confirmed	finite_verb_morphology		3	S	candidate	subordination_marker_scan_only	not_detected		[]	confirmed	candidate	candidate
898	1corintios	15	25	07	1corintios-15-25-P02	θῇ	τίθημι	V- 3AAS-S--	V-AAS-3S	07,08	haya puesto	confirmed	finite_verb_morphology		3	S	candidate	subordination_marker_scan_only	not_detected		[]	confirmed	candidate	candidate
899	1corintios	15	26	03	1corintios-15-26-P01	καταργεῖται	καταργέω	V- 3PPI-S--	V-PPI-3S	04,05,06,07	que será eliminado	candidate	nearest_agreeing_nominative_no_visible_boundary	02			candidate	subordination_marker_scan_only	not_detected		[]	confirmed	candidate	candidate
900	1corintios	15	27	03	1corintios-15-27-P01	ὑπέταξεν	ὑποτάσσω	V- 3AAI-S--	V-AAI-3S	-	-	confirmed	finite_verb_morphology		3	S	candidate	subordination_marker_scan_only	not_detected		[]	confirmed	candidate	candidate
901	1corintios	15	27	10	1corintios-15-27-P02	εἴπῃ	λέγω	V- 3AAS-S--	V-AAS-3S	-	-	confirmed	finite_verb_morphology		3	S	unresolved	subordination_marker_scan_only	candidate	explicit_marker_after_previous_finite_before_current_finite	"[{""form"": ""ὅταν"", ""key"": ""οταν"", ""token"": ""08""}]"	confirmed	candidate	unresolved
902	1corintios	15	27	13	1corintios-15-27-P03	ὑποτέτακται	ὑποτάσσω	V- 3XPI-S--	V-XPI-3S	16	están sujetas	candidate	nearest_agreeing_nominative_no_visible_boundary	12			unresolved	subordination_marker_scan_only	candidate	explicit_marker_after_previous_finite_before_current_finite	"[{""form"": ""ὅτι"", ""key"": ""οτι"", ""token"": ""11""}]"	confirmed	candidate	unresolved
903	1corintios	15	28	03	1corintios-15-28-P01	ὑποταγῇ	ὑποτάσσω	V- 3APS-S--	V-APS-3S	-	-	confirmed	finite_verb_morphology		3	S	unresolved	subordination_marker_scan_only	candidate	explicit_marker_after_previous_finite_before_current_finite	"[{""form"": ""ὅταν"", ""key"": ""οταν"", ""token"": ""01""}]"	confirmed	candidate	unresolved
904	1corintios	15	28	11	1corintios-15-28-P02	ὑποταγήσεται	ὑποτάσσω	V- 3FPI-S--	V-FPI-3S	14,15	se sujetará	candidate	nearest_agreeing_nominative_no_visible_boundary	10			candidate	subordination_marker_scan_only	not_detected		[]	confirmed	candidate	candidate
905	1corintios	15	28	18	1corintios-15-28-P03	ᾖ	εἰμί	V- 3PAS-S--	V-PAS-3S	26,27	sea todo	confirmed	finite_verb_morphology		3	S	unresolved	subordination_marker_scan_only	candidate	explicit_marker_after_previous_finite_before_current_finite	"[{""form"": ""ἵνα"", ""key"": ""ινα"", ""token"": ""17""}]"	confirmed	candidate	unresolved
906	1corintios	15	29	03	1corintios-15-29-P01	ποιήσουσιν	ποιέω	V- 3FAI-P--	V-FAI-3P	06	harán	confirmed	finite_verb_morphology		3	P	unresolved	subordination_marker_scan_only	candidate	explicit_marker_after_previous_finite_before_current_finite	"[{""form"": ""ἐπεὶ"", ""key"": ""επει"", ""token"": ""01""}]"	confirmed	candidate	unresolved
907	1corintios	15	29	13	1corintios-15-29-P02	ἐγείρονται	ἐγείρω	V- 3PPI-P--	V-PPI-3P	20,21	resucitan	candidate	nearest_agreeing_nominative_no_visible_boundary	11			unresolved	subordination_marker_scan_only	candidate	explicit_marker_after_previous_finite_before_current_finite	"[{""form"": ""εἰ"", ""key"": ""ει"", ""token"": ""09""}]"	confirmed	candidate	unresolved
908	1corintios	15	29	16	1corintios-15-29-P03	βαπτίζονται	βαπτίζω	V- 3PPI-P--	V-PPI-3P	24,25	se bautizan	confirmed	finite_verb_morphology		3	P	candidate	subordination_marker_scan_only	not_detected		[]	confirmed	candidate	candidate
909	1corintios	15	30	04	1corintios-15-30-P01	κινδυνεύομεν	κινδυνεύω	V- 1PAI-P--	V-PAI-1P	05,06,07	estamos en peligro	confirmed	finite_verb_morphology		1	P	candidate	subordination_marker_scan_only	not_detected		[]	confirmed	candidate	candidate
910	1corintios	15	31	03	1corintios-15-31-P01	ἀποθνῄσκω	ἀποθνῄσκω	V- 1PAI-S--	V-PAI-1S	03	muero	confirmed	finite_verb_morphology		1	S	candidate	subordination_marker_scan_only	not_detected		[]	confirmed	candidate	candidate
911	1corintios	15	31	09	1corintios-15-31-P02	ἔχω	ἔχω	V- 1PAI-S--	V-PAI-1S	-	-	confirmed	finite_verb_morphology		1	S	candidate	subordination_marker_scan_only	not_detected		[]	confirmed	candidate	candidate
912	1corintios	15	32	04	1corintios-15-32-P01	ἐθηριομάχησα	θηριομαχέω	V- 1AAI-S--	V-AAI-1S	05,06,07	luché contra fieras	confirmed	finite_verb_morphology		1	S	unresolved	subordination_marker_scan_only	candidate	explicit_marker_after_previous_finite_before_current_finite	"[{""form"": ""εἰ"", ""key"": ""ει"", ""token"": ""01""}]"	confirmed	candidate	unresolved
913	1corintios	15	32	14	1corintios-15-32-P02	ἐγείρονται	ἐγείρω	V- 3PPI-P--	V-PPI-3P	18	resucitan	candidate	nearest_agreeing_nominative_no_visible_boundary	12			unresolved	subordination_marker_scan_only	candidate	explicit_marker_after_previous_finite_before_current_finite	"[{""form"": ""εἰ"", ""key"": ""ει"", ""token"": ""11""}]"	confirmed	candidate	unresolved
914	1corintios	15	32	15	1corintios-15-32-P03	φάγωμεν	ἐσθίω	V- 1AAS-P--	V-AAS-1P	19	comamos	confirmed	finite_verb_morphology		1	P	candidate	subordination_marker_scan_only	not_detected		[]	confirmed	candidate	candidate
915	1corintios	15	32	17	1corintios-15-32-P04	πίωμεν	πίνω	V- 1AAS-P--	V-AAS-1P	21	bebamos	confirmed	finite_verb_morphology		1	P	candidate	subordination_marker_scan_only	not_detected		[]	confirmed	candidate	candidate
916	1corintios	15	32	20	1corintios-15-32-P05	ἀποθνῄσκομεν	ἀποθνῄσκω	V- 1PAI-P--	V-PAI-1P	-	-	confirmed	finite_verb_morphology		1	P	candidate	subordination_marker_scan_only	not_detected		[]	confirmed	candidate	candidate
917	1corintios	15	33	02	1corintios-15-33-P01	πλανᾶσθε	πλανάω	V- 2PPD-P--	V-PPD-2P	02,03	se dejen engañar	confirmed	finite_verb_morphology		2	P	candidate	subordination_marker_scan_only	not_detected		[]	confirmed	candidate	candidate
918	1corintios	15	33	03	1corintios-15-33-P02	φθείρουσιν	φθείρω	V- 3PAI-P--	V-PAI-3P	04,05,06	las malas compañías	confirmed	finite_verb_morphology		3	P	candidate	subordination_marker_scan_only	not_detected		[]	confirmed	candidate	candidate
919	1corintios	15	34	01	1corintios-15-34-P01	ἐκνήψατε	ἐκνήφω	V- 2AAD-P--	V-AAD-2P	01,02	sean sobrios	confirmed	finite_verb_morphology		2	P	candidate	subordination_marker_scan_only	not_detected		[]	confirmed	candidate	candidate
920	1corintios	15	34	05	1corintios-15-34-P02	ἁμαρτάνετε	ἁμαρτάνω	V- 2PAD-P--	V-PAD-2P	07	pequen	confirmed	finite_verb_morphology		2	P	candidate	subordination_marker_scan_only	not_detected		[]	confirmed	candidate	candidate
921	1corintios	15	34	10	1corintios-15-34-P03	ἔχουσιν	ἔχω	V- 3PAI-P--	V-PAI-3P	13	algunos	candidate	nearest_agreeing_nominative_no_visible_boundary	09			candidate	subordination_marker_scan_only	not_detected		[]	confirmed	candidate	candidate
922	1corintios	15	34	14	1corintios-15-34-P04	λαλῶ	λαλέω	V- 1PAI-S--	V-PAI-1S	18,19,20,21	lo digo	confirmed	finite_verb_morphology		1	S	candidate	subordination_marker_scan_only	not_detected		[]	confirmed	candidate	candidate
923	1corintios	15	35	02	1corintios-15-35-P01	ἐρεῖ	λέγω	V- 3FAI-S--	V-FAI-3S	03	dirá	confirmed	finite_verb_morphology		3	S	candidate	subordination_marker_scan_only	not_detected		[]	confirmed	candidate	candidate
924	1corintios	15	35	05	1corintios-15-35-P02	ἐγείρονται	ἐγείρω	V- 3PPI-P--	V-PPI-3P	05	resucitan	confirmed	finite_verb_morphology		3	P	candidate	subordination_marker_scan_only	not_detected		[]	confirmed	candidate	candidate
925	1corintios	15	35	11	1corintios-15-35-P03	ἔρχονται	ἔρχομαι	V- 3PMI-P--	V-PMI-3P	13	vienen	confirmed	finite_verb_morphology		3	P	candidate	subordination_marker_scan_only	not_detected		[]	confirmed	candidate	candidate
926	1corintios	15	36	04	1corintios-15-36-P01	σπείρεις	σπείρω	V- 2PAI-S--	V-PAI-2S	04,05	que siembras	confirmed	finite_verb_morphology		2	S	candidate	subordination_marker_scan_only	not_detected		[]	confirmed	candidate	candidate
927	1corintios	15	36	06	1corintios-15-36-P02	ζῳοποιεῖται	ζῳοποιέω	V- 3PPI-S--	V-PPI-3S	07,08,09,10	llega a tener vida	confirmed	finite_verb_morphology		3	S	candidate	subordination_marker_scan_only	not_detected		[]	confirmed	candidate	candidate
928	1corintios	15	36	09	1corintios-15-36-P03	ἀποθάνῃ	ἀποθνῄσκω	V- 3AAS-S--	V-AAS-3S	13,14	muere	confirmed	finite_verb_morphology		3	S	unresolved	subordination_marker_scan_only	candidate	explicit_marker_after_previous_finite_before_current_finite	"[{""form"": ""ἐὰν"", ""key"": ""εαν"", ""token"": ""07""}]"	confirmed	candidate	unresolved
929	1corintios	15	37	03	1corintios-15-37-P01	σπείρεις	σπείρω	V- 2PAI-S--	V-PAI-2S	04	siembras	confirmed	finite_verb_morphology		2	S	candidate	subordination_marker_scan_only	not_detected		[]	confirmed	candidate	candidate
930	1corintios	15	37	09	1corintios-15-37-P02	σπείρεις	σπείρω	V- 2PAI-S--	V-PAI-2S	12,13,14	siembras el grano	confirmed	finite_verb_morphology		2	S	candidate	subordination_marker_scan_only	not_detected		[]	confirmed	candidate	candidate
931	1corintios	15	37	14	1corintios-15-37-P03	τύχοι	τυγχάνω	V- 3AAO-S--	V-AAO-3S	20	de	confirmed	finite_verb_morphology		3	S	unresolved	subordination_marker_scan_only	candidate	explicit_marker_after_previous_finite_before_current_finite	"[{""form"": ""εἰ"", ""key"": ""ει"", ""token"": ""13""}]"	confirmed	candidate	unresolved
932	1corintios	15	38	04	1corintios-15-38-P01	δίδωσιν	δίδωμι	V- 3PAI-S--	V-PAI-3S	03,04,05	le da un	candidate	nearest_agreeing_nominative_no_visible_boundary	03			candidate	subordination_marker_scan_only	not_detected		[]	confirmed	candidate	candidate
933	1corintios	15	38	08	1corintios-15-38-P02	ἠθέλησεν	θέλω	V- 3AAI-S--	V-AAI-3S	08,09	él quiso	confirmed	finite_verb_morphology		3	S	unresolved	subordination_marker_scan_only	candidate	explicit_marker_after_previous_finite_before_current_finite	"[{""form"": ""καθὼς"", ""key"": ""καθως"", ""token"": ""07""}]"	confirmed	candidate	unresolved
934	1corintios	15	41	15	1corintios-15-41-P01	διαφέρει	διαφέρω	V- 3PAI-S--	V-PAI-3S	18	es diferente	confirmed	finite_verb_morphology		3	S	candidate	subordination_marker_scan_only	not_detected		[]	confirmed	candidate	candidate
935	1corintios	15	42	07	1corintios-15-42-P01	σπείρεται	σπείρω	V- 3PPI-S--	V-PPI-3S	09,10	se siembra	candidate	nearest_agreeing_nominative_no_visible_boundary	04			candidate	subordination_marker_scan_only	not_detected		[]	confirmed	candidate	candidate
936	1corintios	15	42	10	1corintios-15-42-P02	ἐγείρεται	ἐγείρω	V- 3PPI-S--	V-PPI-3S	15	se resucita	confirmed	finite_verb_morphology		3	S	candidate	subordination_marker_scan_only	not_detected		[]	confirmed	candidate	candidate
937	1corintios	15	43	01	1corintios-15-43-P01	σπείρεται	σπείρω	V- 3PPI-S--	V-PPI-3S	01,02	se siembra	confirmed	finite_verb_morphology		3	S	candidate	subordination_marker_scan_only	not_detected		[]	confirmed	candidate	candidate
938	1corintios	15	43	04	1corintios-15-43-P02	ἐγείρεται	ἐγείρω	V- 3PPI-S--	V-PPI-3S	06	se resucita	confirmed	finite_verb_morphology		3	S	candidate	subordination_marker_scan_only	not_detected		[]	confirmed	candidate	candidate
939	1corintios	15	43	07	1corintios-15-43-P03	σπείρεται	σπείρω	V- 3PPI-S--	V-PPI-3S	10,11	se siembra	confirmed	finite_verb_morphology		3	S	candidate	subordination_marker_scan_only	not_detected		[]	confirmed	candidate	candidate
940	1corintios	15	43	10	1corintios-15-43-P04	ἐγείρεται	ἐγείρω	V- 3PPI-S--	V-PPI-3S	15	se resucita	confirmed	finite_verb_morphology		3	S	candidate	subordination_marker_scan_only	not_detected		[]	confirmed	candidate	candidate
941	1corintios	15	44	01	1corintios-15-44-P01	σπείρεται	σπείρω	V- 3PPI-S--	V-PPI-3S	01,02	se siembra	confirmed	finite_verb_morphology		3	S	candidate	subordination_marker_scan_only	not_detected		[]	confirmed	candidate	candidate
942	1corintios	15	44	04	1corintios-15-44-P02	ἐγείρεται	ἐγείρω	V- 3PPI-S--	V-PPI-3S	06,07	se resucita	candidate	nearest_agreeing_nominative_no_visible_boundary	03			candidate	subordination_marker_scan_only	not_detected		[]	confirmed	candidate	candidate
943	1corintios	15	44	08	1corintios-15-44-P03	ἔστιν	εἰμί	V- 3PAI-S--	V-PAI-3S	12	hay	candidate	nearest_agreeing_nominative_no_visible_boundary	06			unresolved	subordination_marker_scan_only	candidate	explicit_marker_after_previous_finite_before_current_finite	"[{""form"": ""εἰ"", ""key"": ""ει"", ""token"": ""07""}]"	confirmed	candidate	unresolved
944	1corintios	15	44	11	1corintios-15-44-P04	ἔστιν	εἰμί	V- 3PAI-S--	V-PAI-3S	16	hay	candidate	nearest_agreeing_nominative_no_visible_boundary	10			candidate	subordination_marker_scan_only	not_detected		[]	confirmed	candidate	candidate
945	1corintios	15	45	03	1corintios-15-45-P01	γέγραπται	γράφω	V- 3XPI-S--	V-XPI-3S	04	escrito	confirmed	finite_verb_morphology		3	S	candidate	subordination_marker_scan_only	not_detected		[]	confirmed	candidate	candidate
946	1corintios	15	45	04	1corintios-15-45-P02	ἐγένετο	γίνομαι	V- 3AMI-S--	V-AMI-3S	05,06,07,08,09	fue hecho el primer hombre adán	confirmed	finite_verb_morphology		3	S	candidate	subordination_marker_scan_only	not_detected		[]	confirmed	candidate	candidate
947	1corintios	15	49	03	1corintios-15-49-P01	ἐφορέσαμεν	φορέω	V- 1AAI-P--	V-AAI-1P	04,05	hemos llevado	confirmed	finite_verb_morphology		1	P	unresolved	subordination_marker_scan_only	candidate	explicit_marker_after_previous_finite_before_current_finite	"[{""form"": ""καθὼς"", ""key"": ""καθως"", ""token"": ""02""}]"	confirmed	candidate	unresolved
948	1corintios	15	49	08	1corintios-15-49-P02	φορέσομεν	φορέω	V- 1FAI-P--	V-FAI-1P	10	traeremos	confirmed	finite_verb_morphology		1	P	candidate	subordination_marker_scan_only	not_detected		[]	confirmed	candidate	candidate
949	1corintios	15	50	03	1corintios-15-50-P01	φημι	φημί	V- 1PAI-S--	V-PAI-1S	-	-	confirmed	finite_verb_morphology		1	S	candidate	subordination_marker_scan_only	not_detected		[]	confirmed	candidate	candidate
950	1corintios	15	50	13	1corintios-15-50-P02	δύναται	δύναμαι	V- 3PMI-S--	V-PMI-3S	18,19,20	lo que se corrompe	candidate	nearest_agreeing_nominative_no_visible_boundary	08			unresolved	subordination_marker_scan_only	candidate	explicit_marker_after_previous_finite_before_current_finite	"[{""form"": ""ὅτι"", ""key"": ""οτι"", ""token"": ""05""}]"	confirmed	candidate	unresolved
951	1corintios	15	50	19	1corintios-15-50-P03	κληρονομεῖ	κληρονομέω	V- 3PAI-S--	V-PAI-3S	-	-	candidate	nearest_agreeing_nominative_no_visible_boundary	16			candidate	subordination_marker_scan_only	not_detected		[]	confirmed	candidate	candidate
952	1corintios	15	51	04	1corintios-15-51-P01	λέγω	λέγω	V- 1PAI-S--	V-PAI-1S	-	-	confirmed	finite_verb_morphology		1	S	candidate	subordination_marker_scan_only	not_detected		[]	confirmed	candidate	candidate
953	1corintios	15	51	07	1corintios-15-51-P02	κοιμηθησόμεθα	κοιμάομαι	V- 1FPI-P--	V-FPI-1P	08,09	dormiremos	confirmed	finite_verb_morphology		1	P	candidate	subordination_marker_scan_only	not_detected		[]	confirmed	candidate	candidate
954	1corintios	15	51	10	1corintios-15-51-P03	ἀλλαγησόμεθα	ἀλλάσσω	V- 1FPI-P--	V-FPI-1P	12,13	seremos transformados	confirmed	finite_verb_morphology		1	P	candidate	subordination_marker_scan_only	not_detected		[]	confirmed	candidate	candidate
955	1corintios	15	52	10	1corintios-15-52-P01	σαλπίσει	σαλπίζω	V- 3FAI-S--	V-FAI-3S	15,16,17	la trompeta sonará	confirmed	finite_verb_morphology		3	S	candidate	subordination_marker_scan_only	not_detected		[]	confirmed	candidate	candidate
956	1corintios	15	52	15	1corintios-15-52-P02	ἐγερθήσονται	ἐγείρω	V- 3FPI-P--	V-FPI-3P	22	resucitarán	candidate	nearest_agreeing_nominative_no_visible_boundary	14			candidate	subordination_marker_scan_only	not_detected		[]	confirmed	candidate	candidate
957	1corintios	15	52	19	1corintios-15-52-P03	ἀλλαγησόμεθα	ἀλλάσσω	V- 1FPI-P--	V-FPI-1P	26,27	seremos transformados	confirmed	finite_verb_morphology		1	P	candidate	subordination_marker_scan_only	not_detected		[]	confirmed	candidate	candidate
958	1corintios	15	53	01	1corintios-15-53-P01	δεῖ	δέω	V- 3PAI-S--	V-PAI-3S	01,02,03	es necesario que	confirmed	finite_verb_morphology		3	S	candidate	subordination_marker_scan_only	not_detected		[]	confirmed	candidate	candidate
959	1corintios	15	54	06	1corintios-15-54-P01	ἐνδύσηται	ἐνδύω	V- 3AMS-S--	V-AMS-3S	-	-	candidate	nearest_agreeing_nominative_no_visible_boundary	05			unresolved	subordination_marker_scan_only	candidate	explicit_marker_after_previous_finite_before_current_finite	"[{""form"": ""ὅταν"", ""key"": ""οταν"", ""token"": ""01""}]"	confirmed	candidate	unresolved
960	1corintios	15	54	12	1corintios-15-54-P02	ἐνδύσηται	ἐνδύω	V- 3AMS-S--	V-AMS-3S	13,14,15	se haya vestido de inmortalidad	candidate	nearest_agreeing_nominative_no_visible_boundary	11			candidate	subordination_marker_scan_only	not_detected		[]	confirmed	candidate	candidate
961	1corintios	15	54	15	1corintios-15-54-P03	γενήσεται	γίνομαι	V- 3FMI-S--	V-FMI-3S	17	se cumplirá	confirmed	finite_verb_morphology		3	S	candidate	subordination_marker_scan_only	not_detected		[]	confirmed	candidate	candidate
962	1corintios	15	54	20	1corintios-15-54-P04	κατεπόθη	καταπίνω	V- 3API-S--	V-API-3S	22,23,24	la muerte ha sido	candidate	nearest_agreeing_nominative_no_visible_boundary	18			candidate	subordination_marker_scan_only	not_detected		[]	confirmed	candidate	candidate
963	1corintios	15	58	06	1corintios-15-58-P01	γίνεσθε	γίνομαι	V- 2PMD-P--	V-PMD-2P	06	estén	confirmed	finite_verb_morphology		2	P	unresolved	subordination_marker_scan_only	candidate	explicit_marker_after_previous_finite_before_current_finite	"[{""form"": ""ὥστε"", ""key"": ""ωστε"", ""token"": ""01""}]"	confirmed	candidate	unresolved
964	1corintios	15	58	21	1corintios-15-58-P02	ἔστιν	εἰμί	V- 3PAI-S--	V-PAI-3S	20	es	candidate	nearest_agreeing_nominative_no_visible_boundary	18			unresolved	subordination_marker_scan_only	candidate	explicit_marker_after_previous_finite_before_current_finite	"[{""form"": ""ὅτι"", ""key"": ""οτι"", ""token"": ""16""}]"	confirmed	candidate	unresolved
965	1corintios	16	1	10	1corintios-16-1-P01	διέταξα	διατάσσω	V- 1AAI-S--	V-AAI-1S	13,14	también como	confirmed	finite_verb_morphology		1	S	candidate	subordination_marker_scan_only	not_detected		[]	confirmed	candidate	candidate
966	1corintios	16	1	18	1corintios-16-1-P02	ποιήσατε	ποιέω	V- 2AAD-P--	V-AAD-2P	-	-	confirmed	finite_verb_morphology		2	P	candidate	subordination_marker_scan_only	not_detected		[]	confirmed	candidate	candidate
967	1corintios	16	2	08	1corintios-16-2-P01	τιθέτω	τίθημι	V- 3PAD-S--	V-PAD-3S	12	ponga	candidate	nearest_agreeing_nominative_no_visible_boundary	04			candidate	subordination_marker_scan_only	not_detected		[]	confirmed	candidate	candidate
968	1corintios	16	2	13	1corintios-16-2-P02	εὐοδῶται	εὐοδόομαι	V- 3PPS-S--	V-PPS-3S	-	-	confirmed	finite_verb_morphology		3	S	unresolved	subordination_marker_scan_only	candidate	explicit_marker_after_previous_finite_before_current_finite	"[{""form"": ""ἐὰν"", ""key"": ""εαν"", ""token"": ""12""}]"	confirmed	candidate	unresolved
969	1corintios	16	2	17	1corintios-16-2-P03	ἔλθω	ἔρχομαι	V- 1AAS-S--	V-AAS-1S	20	yo vaya	confirmed	finite_verb_morphology		1	S	unresolved	subordination_marker_scan_only	candidate	explicit_marker_after_previous_finite_before_current_finite	"[{""form"": ""ἵνα"", ""key"": ""ινα"", ""token"": ""14""}, {""form"": ""ὅταν"", ""key"": ""οταν"", ""token"": ""16""}]"	confirmed	candidate	unresolved
970	1corintios	16	2	20	1corintios-16-2-P04	γίνωνται	γίνομαι	V- 3PMS-P--	V-PMS-3P	23	recojan ofrendas	candidate	nearest_agreeing_nominative_no_visible_boundary	19			candidate	subordination_marker_scan_only	not_detected		[]	confirmed	candidate	candidate
971	1corintios	16	3	03	1corintios-16-3-P01	παραγένωμαι	παραγίνομαι	V- 1AMS-S--	V-AMS-1S	04	enviaré	confirmed	finite_verb_morphology		1	S	unresolved	subordination_marker_scan_only	candidate	explicit_marker_after_previous_finite_before_current_finite	"[{""form"": ""ὅταν"", ""key"": ""οταν"", ""token"": ""01""}]"	confirmed	candidate	unresolved
972	1corintios	16	3	06	1corintios-16-3-P02	δοκιμάσητε	δοκιμάζω	V- 2AAS-P--	V-AAS-2P	07	hayan aprobado	confirmed	finite_verb_morphology		2	P	unresolved	subordination_marker_scan_only	candidate	explicit_marker_after_previous_finite_before_current_finite	"[{""form"": ""ἐὰν"", ""key"": ""εαν"", ""token"": ""05""}]"	confirmed	candidate	unresolved
973	1corintios	16	3	10	1corintios-16-3-P03	πέμψω	πέμπω	V- 1FAI-S--	V-FAI-1S	11	enviaré	confirmed	finite_verb_morphology		1	S	candidate	subordination_marker_scan_only	not_detected		[]	confirmed	candidate	candidate
974	1corintios	16	4	04	1corintios-16-4-P01	ᾖ	εἰμί	V- 3PAS-S--	V-PAS-3S	04	conveniente	candidate	nearest_agreeing_nominative_no_visible_boundary	03			unresolved	subordination_marker_scan_only	candidate	explicit_marker_after_previous_finite_before_current_finite	"[{""form"": ""ἐὰν"", ""key"": ""εαν"", ""token"": ""01""}]"	confirmed	candidate	unresolved
975	1corintios	16	4	10	1corintios-16-4-P02	πορεύσονται	πορεύομαι	V- 3FMI-P--	V-FMI-3P	10	ellos irán	confirmed	finite_verb_morphology		3	P	candidate	subordination_marker_scan_only	not_detected		[]	confirmed	candidate	candidate
976	1corintios	16	5	01	1corintios-16-5-P01	ἐλεύσομαι	ἔρχομαι	V- 1FMI-S--	V-FMI-1S	01	iré	confirmed	finite_verb_morphology		1	S	candidate	subordination_marker_scan_only	not_detected		[]	confirmed	candidate	candidate
977	1corintios	16	5	07	1corintios-16-5-P02	διέλθω	διέρχομαι	V- 1AAS-S--	V-AAS-1S	-	-	confirmed	finite_verb_morphology		1	S	unresolved	subordination_marker_scan_only	candidate	explicit_marker_after_previous_finite_before_current_finite	"[{""form"": ""ὅταν"", ""key"": ""οταν"", ""token"": ""05""}]"	confirmed	candidate	unresolved
978	1corintios	16	5	10	1corintios-16-5-P03	διέρχομαι	διέρχομαι	V- 1PMI-S--	V-PMI-1S	10,11,12	voy a pasar	confirmed	finite_verb_morphology		1	S	candidate	subordination_marker_scan_only	not_detected		[]	confirmed	candidate	candidate
979	1corintios	16	6	05	1corintios-16-6-P01	παραμενῶ	παραμένω	V- 1FAI-S--	V-FAI-1S	06	me quede	confirmed	finite_verb_morphology		1	S	candidate	subordination_marker_scan_only	not_detected		[]	confirmed	candidate	candidate
980	1corintios	16	6	08	1corintios-16-6-P02	παραχειμάσω	παραχειμάζω	V- 1FAI-S--	V-FAI-1S	09,10,11	pase allí el invierno	confirmed	finite_verb_morphology		1	S	candidate	subordination_marker_scan_only	not_detected		[]	confirmed	candidate	candidate
981	1corintios	16	6	12	1corintios-16-6-P03	προπέμψητε	προπέμπω	V- 2AAS-P--	V-AAS-2P	16	encaminen	confirmed	finite_verb_morphology		2	P	unresolved	subordination_marker_scan_only	candidate	explicit_marker_after_previous_finite_before_current_finite	"[{""form"": ""ἵνα"", ""key"": ""ινα"", ""token"": ""09""}]"	confirmed	candidate	unresolved
982	1corintios	16	6	15	1corintios-16-6-P04	πορεύωμαι	πορεύομαι	V- 1PMS-S--	V-PMS-1S	19,20,21	de ir	confirmed	finite_verb_morphology		1	S	unresolved	subordination_marker_scan_only	candidate	explicit_marker_after_previous_finite_before_current_finite	"[{""form"": ""ἐὰν"", ""key"": ""εαν"", ""token"": ""14""}]"	confirmed	candidate	unresolved
983	1corintios	16	7	02	1corintios-16-7-P01	θέλω	θέλω	V- 1PAI-S--	V-PAI-1S	02,03	deseo	confirmed	finite_verb_morphology		1	S	candidate	subordination_marker_scan_only	not_detected		[]	confirmed	candidate	candidate
984	1corintios	16	7	09	1corintios-16-7-P02	ἐλπίζω	ἐλπίζω	V- 1PAI-S--	V-PAI-1S	12	permanecer	confirmed	finite_verb_morphology		1	S	candidate	subordination_marker_scan_only	not_detected		[]	confirmed	candidate	candidate
985	1corintios	16	7	19	1corintios-16-7-P03	ἐπιτρέψῃ	ἐπιτρέπω	V- 3AAS-S--	V-AAS-3S	-	-	candidate	nearest_agreeing_nominative_no_visible_boundary	18			unresolved	subordination_marker_scan_only	candidate	explicit_marker_after_previous_finite_before_current_finite	"[{""form"": ""ἐὰν"", ""key"": ""εαν"", ""token"": ""16""}]"	confirmed	candidate	unresolved
986	1corintios	16	8	01	1corintios-16-8-P01	ἐπιμενῶ	ἐπιμένω	V- 1FAI-S--	V-FAI-1S	01	me quedaré	confirmed	finite_verb_morphology		1	S	candidate	subordination_marker_scan_only	not_detected		[]	confirmed	candidate	candidate
987	1corintios	16	9	04	1corintios-16-9-P01	ἀνέῳγεν	ἀνοίγω	V- 3XAI-S--	V-XAI-3S	-	-	confirmed	finite_verb_morphology		3	S	candidate	subordination_marker_scan_only	not_detected		[]	confirmed	candidate	candidate
988	1corintios	16	10	03	1corintios-16-10-P01	ἔλθῃ	ἔρχομαι	V- 3AAS-S--	V-AAS-3S	02	llega	confirmed	finite_verb_morphology		3	S	unresolved	subordination_marker_scan_only	candidate	explicit_marker_after_previous_finite_before_current_finite	"[{""form"": ""ἐὰν"", ""key"": ""εαν"", ""token"": ""01""}]"	confirmed	candidate	unresolved
989	1corintios	16	10	05	1corintios-16-10-P02	βλέπετε	βλέπω	V- 2PAD-P--	V-PAD-2P	04	vean	confirmed	finite_verb_morphology		2	P	candidate	subordination_marker_scan_only	not_detected		[]	confirmed	candidate	candidate
990	1corintios	16	10	08	1corintios-16-10-P03	γένηται	γίνομαι	V- 3AMS-S--	V-AMS-3S	06,07,08,09,10	esté entre ustedes sin temor	confirmed	finite_verb_morphology		3	S	unresolved	subordination_marker_scan_only	candidate	explicit_marker_after_previous_finite_before_current_finite	"[{""form"": ""ἵνα"", ""key"": ""ινα"", ""token"": ""06""}]"	confirmed	candidate	unresolved
991	1corintios	16	10	15	1corintios-16-10-P04	ἐργάζεται	ἐργάζομαι	V- 3PMI-S--	V-PMI-3S	13	hace	confirmed	finite_verb_morphology		3	S	candidate	subordination_marker_scan_only	not_detected		[]	confirmed	candidate	candidate
992	1corintios	16	11	05	1corintios-16-11-P01	ἐξουθενήσῃ	ἐξουθενέω	V- 3AAS-S--	V-AAS-3S	05	menosprecie	confirmed	finite_verb_morphology		3	S	candidate	subordination_marker_scan_only	not_detected		[]	confirmed	candidate	candidate
993	1corintios	16	11	06	1corintios-16-11-P02	προπέμψατε	προπέμπω	V- 2AAD-P--	V-AAD-2P	06,07	más bien envíenlo	confirmed	finite_verb_morphology		2	P	candidate	subordination_marker_scan_only	not_detected		[]	confirmed	candidate	candidate
994	1corintios	16	11	12	1corintios-16-11-P03	ἔλθῃ	ἔρχομαι	V- 3AAS-S--	V-AAS-3S	13	venga	confirmed	finite_verb_morphology		3	S	unresolved	subordination_marker_scan_only	candidate	explicit_marker_after_previous_finite_before_current_finite	"[{""form"": ""ἵνα"", ""key"": ""ινα"", ""token"": ""11""}]"	confirmed	candidate	unresolved
995	1corintios	16	11	15	1corintios-16-11-P04	ἐκδέχομαι	ἐκδέχομαι	V- 1PMI-S--	V-PMI-1S	16,17,18	porque lo espero	confirmed	finite_verb_morphology		1	S	candidate	subordination_marker_scan_only	not_detected		[]	confirmed	candidate	candidate
996	1corintios	16	12	07	1corintios-16-12-P01	παρεκάλεσα	παρακαλέω	V- 1AAI-S--	V-AAI-1S	08,09	lo animé	confirmed	finite_verb_morphology		1	S	candidate	subordination_marker_scan_only	not_detected		[]	confirmed	candidate	candidate
997	1corintios	16	12	10	1corintios-16-12-P02	ἔλθῃ	ἔρχομαι	V- 3AAS-S--	V-AAS-3S	12	fuera	confirmed	finite_verb_morphology		3	S	unresolved	subordination_marker_scan_only	candidate	explicit_marker_after_previous_finite_before_current_finite	"[{""form"": ""ἵνα"", ""key"": ""ινα"", ""token"": ""09""}]"	confirmed	candidate	unresolved
998	1corintios	16	12	19	1corintios-16-12-P03	ἦν	εἰμί	V- 3IAI-S--	V-IAI-3S	22	fue	confirmed	finite_verb_morphology		3	S	candidate	subordination_marker_scan_only	not_detected		[]	confirmed	candidate	candidate
999	1corintios	16	12	23	1corintios-16-12-P04	ἔλθῃ	ἔρχομαι	V- 3AAS-S--	V-AAS-3S	27	irá	candidate	nearest_agreeing_nominative_no_visible_boundary	20			unresolved	subordination_marker_scan_only	candidate	explicit_marker_after_previous_finite_before_current_finite	"[{""form"": ""ἵνα"", ""key"": ""ινα"", ""token"": ""21""}]"	confirmed	candidate	unresolved
1000	1corintios	16	12	24	1corintios-16-12-P05	ἐλεύσεται	ἔρχομαι	V- 3FMI-S--	V-FMI-3S	-	-	confirmed	finite_verb_morphology		3	S	candidate	subordination_marker_scan_only	not_detected		[]	confirmed	candidate	candidate
1001	1corintios	16	12	27	1corintios-16-12-P06	εὐκαιρήσῃ	εὐκαιρέω	V- 3AAS-S--	V-AAS-3S	30,31,32,33	tenga oportunidad	confirmed	finite_verb_morphology		3	S	unresolved	subordination_marker_scan_only	candidate	explicit_marker_after_previous_finite_before_current_finite	"[{""form"": ""ὅταν"", ""key"": ""οταν"", ""token"": ""26""}]"	confirmed	candidate	unresolved
1002	1corintios	16	14	05	1corintios-16-14-P01	γινέσθω	γίνομαι	V- 3PMD-S--	V-PMD-3S	-	-	candidate	nearest_agreeing_nominative_no_visible_boundary	01			candidate	subordination_marker_scan_only	not_detected		[]	confirmed	candidate	candidate
1003	1corintios	16	15	01	1corintios-16-15-P01	παρακαλῶ	παρακαλέω	V- 1PAI-S--	V-PAI-1S	01,02	los exhorto	confirmed	finite_verb_morphology		1	S	candidate	subordination_marker_scan_only	not_detected		[]	confirmed	candidate	candidate
1004	1corintios	16	15	05	1corintios-16-15-P02	οἴδατε	οἶδα	V- 2XAI-P--	V-XAI-2P	05	saben	confirmed	finite_verb_morphology		2	P	candidate	subordination_marker_scan_only	not_detected		[]	confirmed	candidate	candidate
1005	1corintios	16	15	10	1corintios-16-15-P03	ἐστὶν	εἰμί	V- 3PAI-S--	V-PAI-3S	10	es	confirmed	finite_verb_morphology		3	S	unresolved	subordination_marker_scan_only	candidate	explicit_marker_after_previous_finite_before_current_finite	"[{""form"": ""ὅτι"", ""key"": ""οτι"", ""token"": ""09""}]"	confirmed	candidate	unresolved
1006	1corintios	16	15	19	1corintios-16-15-P04	ἔταξαν	τάσσω	V- 3AAI-P--	V-AAI-3P	20,21,22,23	se han dedicado	confirmed	finite_verb_morphology		3	P	candidate	subordination_marker_scan_only	not_detected		[]	confirmed	candidate	candidate
1007	1corintios	16	16	04	1corintios-16-16-P01	ὑποτάσσησθε	ὑποτάσσω	V- 2PPS-P--	V-PPS-2P	04,05	estén en sujeción	confirmed	finite_verb_morphology		2	P	unresolved	subordination_marker_scan_only	candidate	explicit_marker_after_previous_finite_before_current_finite	"[{""form"": ""ἵνα"", ""key"": ""ινα"", ""token"": ""01""}]"	confirmed	candidate	unresolved
1008	1corintios	16	17	01	1corintios-16-17-P01	χαίρω	χαίρω	V- 1PAI-S--	V-PAI-1S	01,02	me regocijo	confirmed	finite_verb_morphology		1	S	candidate	subordination_marker_scan_only	not_detected		[]	confirmed	candidate	candidate
1009	1corintios	16	17	16	1corintios-16-17-P02	ἀνεπλήρωσαν	ἀναπληρόω	V- 3AAI-P--	V-AAI-3P	17,18,19,20	que faltaba de ustedes	candidate	nearest_agreeing_nominative_no_visible_boundary	15			unresolved	subordination_marker_scan_only	candidate	explicit_marker_after_previous_finite_before_current_finite	"[{""form"": ""ὅτι"", ""key"": ""οτι"", ""token"": ""11""}]"	confirmed	candidate	unresolved
1010	1corintios	16	18	01	1corintios-16-18-P01	ἀνέπαυσαν	ἀναπαύω	V- 3AAI-P--	V-AAI-3P	01,02	porque ellos	confirmed	finite_verb_morphology		3	P	candidate	subordination_marker_scan_only	not_detected		[]	confirmed	candidate	candidate
1011	1corintios	16	18	09	1corintios-16-18-P02	ἐπιγινώσκετε	ἐπιγινώσκω	V- 2PAD-P--	V-PAD-2P	09,10	por tanto reconozcan	confirmed	finite_verb_morphology		2	P	candidate	subordination_marker_scan_only	not_detected		[]	confirmed	candidate	candidate
1012	1corintios	16	19	01	1corintios-16-19-P01	ἀσπάζονται	ἀσπάζομαι	V- 3PMI-P--	V-PMI-3P	01,02,03	las iglesias de	confirmed	finite_verb_morphology		3	P	candidate	subordination_marker_scan_only	not_detected		[]	confirmed	candidate	candidate
1013	1corintios	16	19	07	1corintios-16-19-P02	ἀσπάζεται	ἀσπάζομαι	V- 3PMI-S--	V-PMI-3S	07,08,09	aquila y priscila	confirmed	finite_verb_morphology		3	S	candidate	subordination_marker_scan_only	not_detected		[]	confirmed	candidate	candidate
1014	1corintios	16	20	01	1corintios-16-20-P01	ἀσπάζονται	ἀσπάζομαι	V- 3PMI-P--	V-PMI-3P	01,02,03	todos los hermanos	confirmed	finite_verb_morphology		3	P	candidate	subordination_marker_scan_only	not_detected		[]	confirmed	candidate	candidate
1015	1corintios	16	20	06	1corintios-16-20-P02	ἀσπάσασθε	ἀσπάζομαι	V- 2AMD-P--	V-AMD-2P	06	salúdense	confirmed	finite_verb_morphology		2	P	candidate	subordination_marker_scan_only	not_detected		[]	confirmed	candidate	candidate
1016	1corintios	16	22	04	1corintios-16-22-P01	φιλεῖ	φιλέω	V- 3PAI-S--	V-PAI-3S	04	ama	candidate	nearest_agreeing_nominative_no_visible_boundary	02			unresolved	subordination_marker_scan_only	candidate	explicit_marker_after_previous_finite_before_current_finite	"[{""form"": ""εἴ"", ""key"": ""ει"", ""token"": ""01""}]"	confirmed	candidate	unresolved
1017	1corintios	16	22	07	1corintios-16-22-P02	ἤτω	εἰμί	V- 3PAD-S--	V-PAD-3S	07	que sea	confirmed	finite_verb_morphology		3	S	candidate	subordination_marker_scan_only	not_detected		[]	confirmed	candidate	candidate
1018	1corintios	16	22	10	1corintios-16-22-P03	θά	θά	V- 2AAD-S--	V-AAD-2S	-	-	confirmed	finite_verb_morphology		2	S	candidate	subordination_marker_scan_only	not_detected		[]	confirmed	candidate	candidate
