REF	G_IDX	GREEK	LEMMA	RMAC	CURRENT_NBLA_IDX	CURRENT_NBLA_TEXT	CURRENT_ALIGNMENT	REASON	CANDIDATE_NBLA_IDX	CANDIDATE_NBLA_TEXT	SCORE	CONFIDENCE	NOTES	TSV_PATH
1corintios 3:13	19	ἐστιν	εἰμί	V-PAI-3S	-	-	missing	missing finite NBLA	09	porque	61	medium	contains verb-like Spanish token; currently owned by neighboring row G07 with verb-like text	MNA/data/alignments/1corintios/1corintios-3-13.tsv
1corintios 3:13	19	ἐστιν	εἰμί	V-PAI-3S	-	-	missing	missing finite NBLA	16	pues	61	medium	contains verb-like Spanish token; currently owned by neighboring row G10 with verb-like text	MNA/data/alignments/1corintios/1corintios-3-13.tsv
1corintios 3:13	19	ἐστιν	εἰμί	V-PAI-3S	-	-	missing	missing finite NBLA	18	fuego	61	medium	contains verb-like Spanish token; currently owned by neighboring row G12 with verb-like text	MNA/data/alignments/1corintios/1corintios-3-13.tsv
1corintios 3:13	19	ἐστιν	εἰμί	V-PAI-3S	-	-	missing	missing finite NBLA	22	fuego	61	medium	contains verb-like Spanish token; currently owned by neighboring row G21 with verb-like text	MNA/data/alignments/1corintios/1corintios-3-13.tsv
1corintios 3:13	19	ἐστιν	εἰμί	V-PAI-3S	-	-	missing	missing finite NBLA	23	mismo	61	medium	contains verb-like Spanish token; currently owned by neighboring row G22 with verb-like text	MNA/data/alignments/1corintios/1corintios-3-13.tsv
1corintios 5:2	04	ἐστέ	εἰμί	V-PAI-2P	-	-	missing	missing finite NBLA	04-05	han vuelto	91	high	contains verb-like Spanish token; auxiliary + verbal phrase candidate; currently owned by neighboring row G03 with verb-like text	MNA/data/alignments/1corintios/1corintios-5-2.tsv
1corintios 5:2	04	ἐστέ	εἰμί	V-PAI-2P	-	-	missing	missing finite NBLA	04-06	han vuelto arrogantes	91	high	contains verb-like Spanish token; auxiliary + verbal phrase candidate; currently owned by neighboring row G03 with verb-like text	MNA/data/alignments/1corintios/1corintios-5-2.tsv
1corintios 5:2	04	ἐστέ	εἰμί	V-PAI-2P	-	-	missing	missing finite NBLA	04-07	han vuelto arrogantes en	71	medium	contains verb-like Spanish token; auxiliary + verbal phrase candidate; currently owned by neighboring row G03 with verb-like text	MNA/data/alignments/1corintios/1corintios-5-2.tsv
1corintios 5:2	04	ἐστέ	εἰμί	V-PAI-2P	-	-	missing	missing finite NBLA	02	ustedes	61	medium	contains verb-like Spanish token; currently owned by neighboring row G02 with verb-like text	MNA/data/alignments/1corintios/1corintios-5-2.tsv
1corintios 5:2	04	ἐστέ	εἰμί	V-PAI-2P	-	-	missing	missing finite NBLA	04	han	61	medium	contains verb-like Spanish token; currently owned by neighboring row G03 with verb-like text	MNA/data/alignments/1corintios/1corintios-5-2.tsv
1corintios 7:13	05	ἔχει	ἔχω	V-PAI-3S	-	-	missing	missing finite NBLA	07-08	es creyente	91	high	contains verb-like Spanish token; auxiliary + verbal phrase candidate; currently owned by neighboring row G07 with verb-like text	MNA/data/alignments/1corintios/1corintios-7-13.tsv
1corintios 7:13	05	ἔχει	ἔχω	V-PAI-3S	-	-	missing	missing finite NBLA	07-09	es creyente y	91	high	contains verb-like Spanish token; auxiliary + verbal phrase candidate; currently owned by neighboring row G07 with verb-like text	MNA/data/alignments/1corintios/1corintios-7-13.tsv
1corintios 7:13	05	ἔχει	ἔχω	V-PAI-3S	-	-	missing	missing finite NBLA	07-10	es creyente y él	71	medium	contains verb-like Spanish token; auxiliary + verbal phrase candidate; currently owned by neighboring row G07 with verb-like text	MNA/data/alignments/1corintios/1corintios-7-13.tsv
1corintios 7:13	05	ἔχει	ἔχω	V-PAI-3S	-	-	missing	missing finite NBLA	04	cuyo	61	medium	contains verb-like Spanish token; currently owned by neighboring row G03 with verb-like text	MNA/data/alignments/1corintios/1corintios-7-13.tsv
1corintios 7:13	05	ἔχει	ἔχω	V-PAI-3S	-	-	missing	missing finite NBLA	05	marido	61	medium	contains verb-like Spanish token; currently owned by neighboring row G06 with verb-like text	MNA/data/alignments/1corintios/1corintios-7-13.tsv
1corintios 7:17	05	ἐμέρισεν	μερίζω	V-AAI-3S	07,08	el	expanded	suspicious finite NBLA surface	07-09	ha asignado a	107	high	contains verb-like Spanish token; auxiliary + verbal phrase candidate; near current corrupted NBLA index; currently owned by neighboring row G03 with verb-like text	MNA/data/alignments/1corintios/1corintios-7-17.tsv
1corintios 7:17	05	ἐμέρισεν	μερίζω	V-AAI-3S	07,08	el	expanded	suspicious finite NBLA surface	07-08	ha asignado	89	high	contains verb-like Spanish token; auxiliary + verbal phrase candidate; near current corrupted NBLA index	MNA/data/alignments/1corintios/1corintios-7-17.tsv
1corintios 7:17	05	ἐμέρισεν	μερίζω	V-AAI-3S	07,08	el	expanded	suspicious finite NBLA surface	07-10	ha asignado a cada	87	high	contains verb-like Spanish token; auxiliary + verbal phrase candidate; near current corrupted NBLA index; currently owned by neighboring row G03 with verb-like text	MNA/data/alignments/1corintios/1corintios-7-17.tsv
1corintios 7:17	05	ἐμέρισεν	μερίζω	V-AAI-3S	07,08	el	expanded	suspicious finite NBLA surface	03	esto	77	high	contains verb-like Spanish token; near current corrupted NBLA index; currently owned by neighboring row G01 with verb-like text	MNA/data/alignments/1corintios/1corintios-7-17.tsv
1corintios 7:17	05	ἐμέρισεν	μερίζω	V-AAI-3S	07,08	el	expanded	suspicious finite NBLA surface	01-03	fuera de esto	77	high	contains verb-like Spanish token; near current corrupted NBLA index; currently owned by neighboring row G01 with verb-like text	MNA/data/alignments/1corintios/1corintios-7-17.tsv
1corintios 7:17	14	περιπατείτω	περιπατέω	V-PAD-3S	19	a	direct	suspicious finite NBLA surface	21	ordeno	102	high	contains verb-like Spanish token; strong known verb word; near current corrupted NBLA index; currently owned by neighboring row G21 with verb-like text	MNA/data/alignments/1corintios/1corintios-7-17.tsv
1corintios 7:17	14	περιπατείτω	περιπατέω	V-PAD-3S	19	a	direct	suspicious finite NBLA surface	17-19	cual así ande	102	high	contains verb-like Spanish token; strong known verb word; near current corrupted NBLA index; currently owned by neighboring row G08 with verb-like text	MNA/data/alignments/1corintios/1corintios-7-17.tsv
1corintios 7:17	14	περιπατείτω	περιπατέω	V-PAD-3S	19	a	direct	suspicious finite NBLA surface	18-20	así ande esto	102	high	contains verb-like Spanish token; strong known verb word; near current corrupted NBLA index; currently owned by neighboring row G16 with verb-like text	MNA/data/alignments/1corintios/1corintios-7-17.tsv
1corintios 7:17	14	περιπατείτω	περιπατέω	V-PAD-3S	19	a	direct	suspicious finite NBLA surface	19-20	ande esto	102	high	contains verb-like Spanish token; strong known verb word; near current corrupted NBLA index; currently owned by neighboring row G16 with verb-like text	MNA/data/alignments/1corintios/1corintios-7-17.tsv
1corintios 7:17	14	περιπατείτω	περιπατέω	V-PAD-3S	19	a	direct	suspicious finite NBLA surface	19-21	ande esto ordeno	102	high	contains verb-like Spanish token; strong known verb word; near current corrupted NBLA index; currently owned by neighboring row G16 with verb-like text	MNA/data/alignments/1corintios/1corintios-7-17.tsv
1corintios 7:17	21	διατάσσομαι	διατάσσω	V-PMI-1S	21	iglesias	direct	suspicious finite NBLA surface	19	ande	102	high	contains verb-like Spanish token; strong known verb word; near current corrupted NBLA index; currently owned by neighboring row G14 with verb-like text	MNA/data/alignments/1corintios/1corintios-7-17.tsv
1corintios 7:17	21	διατάσσομαι	διατάσσω	V-PMI-1S	21	iglesias	direct	suspicious finite NBLA surface	17-19	cual así ande	102	high	contains verb-like Spanish token; strong known verb word; near current corrupted NBLA index; currently owned by neighboring row G08 with verb-like text	MNA/data/alignments/1corintios/1corintios-7-17.tsv
1corintios 7:17	21	διατάσσομαι	διατάσσω	V-PMI-1S	21	iglesias	direct	suspicious finite NBLA surface	18-19	así ande	102	high	contains verb-like Spanish token; strong known verb word; near current corrupted NBLA index; currently owned by neighboring row G14 with verb-like text	MNA/data/alignments/1corintios/1corintios-7-17.tsv
1corintios 7:17	21	διατάσσομαι	διατάσσω	V-PMI-1S	21	iglesias	direct	suspicious finite NBLA surface	18-20	así ande esto	102	high	contains verb-like Spanish token; strong known verb word; near current corrupted NBLA index; currently owned by neighboring row G14 with verb-like text	MNA/data/alignments/1corintios/1corintios-7-17.tsv
1corintios 7:17	21	διατάσσομαι	διατάσσω	V-PMI-1S	21	iglesias	direct	suspicious finite NBLA surface	19-20	ande esto	102	high	contains verb-like Spanish token; strong known verb word; near current corrupted NBLA index; currently owned by neighboring row G14 with verb-like text	MNA/data/alignments/1corintios/1corintios-7-17.tsv
1corintios 7:20	09	μενέτω	μένω	V-PAD-3S	-	-	missing	missing finite NBLA	03	permanezca	61	medium	contains verb-like Spanish token; currently owned by neighboring row G02 with verb-like text	MNA/data/alignments/1corintios/1corintios-7-20.tsv
1corintios 7:20	09	μενέτω	μένω	V-PAD-3S	-	-	missing	missing finite NBLA	09	fue	61	medium	contains verb-like Spanish token; currently owned by neighboring row G05 with verb-like text	MNA/data/alignments/1corintios/1corintios-7-20.tsv
1corintios 7:20	09	μενέτω	μένω	V-PAD-3S	-	-	missing	missing finite NBLA	01-02	cada uno	61	medium	contains verb-like Spanish token; currently owned by neighboring row G01 with verb-like text	MNA/data/alignments/1corintios/1corintios-7-20.tsv
1corintios 7:20	09	μενέτω	μένω	V-PAD-3S	-	-	missing	missing finite NBLA	01-03	cada uno permanezca	61	medium	contains verb-like Spanish token; currently owned by neighboring row G01 with verb-like text	MNA/data/alignments/1corintios/1corintios-7-20.tsv
1corintios 7:20	09	μενέτω	μένω	V-PAD-3S	-	-	missing	missing finite NBLA	02-03	uno permanezca	61	medium	contains verb-like Spanish token; currently owned by neighboring row G01 with verb-like text	MNA/data/alignments/1corintios/1corintios-7-20.tsv
1corintios 7:24	04	ἐκλήθη	καλέω	V-API-3S	07	en	direct	suspicious finite NBLA surface	04	permanezca	77	high	contains verb-like Spanish token; near current corrupted NBLA index; currently owned by neighboring row G02 with verb-like text	MNA/data/alignments/1corintios/1corintios-7-24.tsv
1corintios 7:24	04	ἐκλήθη	καλέω	V-API-3S	07	en	direct	suspicious finite NBLA surface	01-03	hermanos cada uno	77	high	contains verb-like Spanish token; near current corrupted NBLA index; currently owned by neighboring row G01 with verb-like text	MNA/data/alignments/1corintios/1corintios-7-24.tsv
1corintios 7:24	04	ἐκλήθη	καλέω	V-API-3S	07	en	direct	suspicious finite NBLA surface	02-03	cada uno	77	high	contains verb-like Spanish token; near current corrupted NBLA index; currently owned by neighboring row G01 with verb-like text	MNA/data/alignments/1corintios/1corintios-7-24.tsv
1corintios 7:24	04	ἐκλήθη	καλέω	V-API-3S	07	en	direct	suspicious finite NBLA surface	02-04	cada uno permanezca	77	high	contains verb-like Spanish token; near current corrupted NBLA index; currently owned by neighboring row G01 with verb-like text	MNA/data/alignments/1corintios/1corintios-7-24.tsv
1corintios 7:24	04	ἐκλήθη	καλέω	V-API-3S	07	en	direct	suspicious finite NBLA surface	03-04	uno permanezca	77	high	contains verb-like Spanish token; near current corrupted NBLA index; currently owned by neighboring row G02 with verb-like text	MNA/data/alignments/1corintios/1corintios-7-24.tsv
1corintios 7:25	08	ἔχω	ἔχω	V-PAI-1S	09	del	direct	suspicious finite NBLA surface	07	tengo	102	high	contains verb-like Spanish token; strong known verb word; near current corrupted NBLA index; currently owned by neighboring row G06 with verb-like text	MNA/data/alignments/1corintios/1corintios-7-25.tsv
1corintios 7:25	08	ἔχω	ἔχω	V-PAI-1S	09	del	direct	suspicious finite NBLA surface	05-07	vírgenes no tengo	102	high	contains verb-like Spanish token; strong known verb word; near current corrupted NBLA index; currently owned by neighboring row G04 with verb-like text	MNA/data/alignments/1corintios/1corintios-7-25.tsv
1corintios 7:25	08	ἔχω	ἔχω	V-PAI-1S	09	del	direct	suspicious finite NBLA surface	06-07	no tengo	102	high	contains verb-like Spanish token; strong known verb word; near current corrupted NBLA index; currently owned by neighboring row G06 with verb-like text	MNA/data/alignments/1corintios/1corintios-7-25.tsv
1corintios 7:25	08	ἔχω	ἔχω	V-PAI-1S	09	del	direct	suspicious finite NBLA surface	06-08	no tengo mandamiento	102	high	contains verb-like Spanish token; strong known verb word; near current corrupted NBLA index; currently owned by neighboring row G06 with verb-like text	MNA/data/alignments/1corintios/1corintios-7-25.tsv
1corintios 7:25	08	ἔχω	ἔχω	V-PAI-1S	09	del	direct	suspicious finite NBLA surface	07-08	tengo mandamiento	102	high	contains verb-like Spanish token; strong known verb word; near current corrupted NBLA index; currently owned by neighboring row G06 with verb-like text	MNA/data/alignments/1corintios/1corintios-7-25.tsv
1corintios 7:28	18	ἕξουσιν	ἔχω	V-FAI-3P	22	en	direct	suspicious finite NBLA surface	18	embargo	77	high	contains verb-like Spanish token; near current corrupted NBLA index; currently owned by neighboring row G15 with verb-like text	MNA/data/alignments/1corintios/1corintios-7-28.tsv
1corintios 7:28	18	ἕξουσιν	ἔχω	V-FAI-3P	22	en	direct	suspicious finite NBLA surface	20	tendrán	77	high	contains verb-like Spanish token; near current corrupted NBLA index; currently owned by neighboring row G16 with verb-like text	MNA/data/alignments/1corintios/1corintios-7-28.tsv
1corintios 7:28	18	ἕξουσιν	ἔχω	V-FAI-3P	22	en	direct	suspicious finite NBLA surface	21	problemas	77	high	contains verb-like Spanish token; near current corrupted NBLA index; currently owned by neighboring row G17 with verb-like text	MNA/data/alignments/1corintios/1corintios-7-28.tsv
1corintios 7:28	18	ἕξουσιν	ἔχω	V-FAI-3P	22	en	direct	suspicious finite NBLA surface	23	esta	77	high	contains verb-like Spanish token; near current corrupted NBLA index; currently owned by neighboring row G19 with verb-like text	MNA/data/alignments/1corintios/1corintios-7-28.tsv
1corintios 7:28	18	ἕξουσιν	ἔχω	V-FAI-3P	22	en	direct	suspicious finite NBLA surface	24	vida	77	high	contains verb-like Spanish token; near current corrupted NBLA index; currently owned by neighboring row G20 with verb-like text	MNA/data/alignments/1corintios/1corintios-7-28.tsv
1corintios 7:35	08	λέγω	λέγω	V-PAI-1S	08	para	direct	suspicious finite NBLA surface	05	propio	77	high	contains verb-like Spanish token; near current corrupted NBLA index; currently owned by neighboring row G04 with verb-like text	MNA/data/alignments/1corintios/1corintios-7-35.tsv
1corintios 7:35	08	λέγω	λέγω	V-PAI-1S	08	para	direct	suspicious finite NBLA surface	06	beneficio	77	high	contains verb-like Spanish token; near current corrupted NBLA index; currently owned by neighboring row G06 with verb-like text	MNA/data/alignments/1corintios/1corintios-7-35.tsv
1corintios 7:35	08	λέγω	λέγω	V-PAI-1S	08	para	direct	suspicious finite NBLA surface	09	ponerles	77	high	contains verb-like Spanish token; near current corrupted NBLA index; currently owned by neighboring row G09 with verb-like text	MNA/data/alignments/1corintios/1corintios-7-35.tsv
1corintios 7:35	08	λέγω	λέγω	V-PAI-1S	08	para	direct	suspicious finite NBLA surface	02-04	digo para su	77	high	contains verb-like Spanish token; near current corrupted NBLA index; currently owned by neighboring row G02 with verb-like text	MNA/data/alignments/1corintios/1corintios-7-35.tsv
1corintios 7:35	08	λέγω	λέγω	V-PAI-1S	08	para	direct	suspicious finite NBLA surface	03-04	para su	77	high	contains verb-like Spanish token; near current corrupted NBLA index; currently owned by neighboring row G02 with verb-like text	MNA/data/alignments/1corintios/1corintios-7-35.tsv
1corintios 7:37	14	ἔχει	ἔχω	V-PAI-3S	-	-	missing	missing finite NBLA	21-22	ha decidido	91	high	contains verb-like Spanish token; auxiliary + verbal phrase candidate; currently owned by neighboring row G17 with verb-like text	MNA/data/alignments/1corintios/1corintios-7-37.tsv
1corintios 7:37	14	ἔχει	ἔχω	V-PAI-3S	-	-	missing	missing finite NBLA	21-23	ha decidido en	91	high	contains verb-like Spanish token; auxiliary + verbal phrase candidate; currently owned by neighboring row G17 with verb-like text	MNA/data/alignments/1corintios/1corintios-7-37.tsv
1corintios 7:37	14	ἔχει	ἔχω	V-PAI-3S	-	-	missing	missing finite NBLA	14	tiene	86	high	contains verb-like Spanish token; strong known verb word; currently owned by neighboring row G10 with verb-like text	MNA/data/alignments/1corintios/1corintios-7-37.tsv
1corintios 7:37	14	ἔχει	ἔχω	V-PAI-3S	-	-	missing	missing finite NBLA	12-14	alguna y tiene	86	high	contains verb-like Spanish token; strong known verb word; currently owned by neighboring row G08 with verb-like text	MNA/data/alignments/1corintios/1corintios-7-37.tsv
1corintios 7:37	14	ἔχει	ἔχω	V-PAI-3S	-	-	missing	missing finite NBLA	13-14	y tiene	86	high	contains verb-like Spanish token; strong known verb word; currently owned by neighboring row G10 with verb-like text	MNA/data/alignments/1corintios/1corintios-7-37.tsv
1corintios 7:37	31	ποιήσει	ποιέω	V-FAI-3S	-	-	missing	missing finite NBLA	21-22	ha decidido	91	high	contains verb-like Spanish token; auxiliary + verbal phrase candidate; currently owned by neighboring row G17 with verb-like text	MNA/data/alignments/1corintios/1corintios-7-37.tsv
1corintios 7:37	31	ποιήσει	ποιέω	V-FAI-3S	-	-	missing	missing finite NBLA	21-23	ha decidido en	91	high	contains verb-like Spanish token; auxiliary + verbal phrase candidate; currently owned by neighboring row G17 with verb-like text	MNA/data/alignments/1corintios/1corintios-7-37.tsv
1corintios 7:37	31	ποιήσει	ποιέω	V-FAI-3S	-	-	missing	missing finite NBLA	21-24	ha decidido en su	71	medium	contains verb-like Spanish token; auxiliary + verbal phrase candidate; currently owned by neighboring row G17 with verb-like text	MNA/data/alignments/1corintios/1corintios-7-37.tsv
1corintios 7:37	31	ποιήσει	ποιέω	V-FAI-3S	-	-	missing	missing finite NBLA	21	ha	61	medium	contains verb-like Spanish token; currently owned by neighboring row G17 with verb-like text	MNA/data/alignments/1corintios/1corintios-7-37.tsv
1corintios 7:37	31	ποιήσει	ποιέω	V-FAI-3S	-	-	missing	missing finite NBLA	22	decidido	61	medium	contains verb-like Spanish token; currently owned by neighboring row G18 with verb-like text	MNA/data/alignments/1corintios/1corintios-7-37.tsv
1corintios 8:1	05	οἴδαμεν	οἶδα	V-XAI-1P	11	todos	direct	suspicious finite NBLA surface	09	sabemos	102	high	contains verb-like Spanish token; strong known verb word; near current corrupted NBLA index; currently owned by neighboring row G04 with verb-like text	MNA/data/alignments/1corintios/1corintios-8-1.tsv
1corintios 8:1	05	οἴδαμεν	οἶδα	V-XAI-1P	11	todos	direct	suspicious finite NBLA surface	12	tenemos	102	high	contains verb-like Spanish token; strong known verb word; near current corrupted NBLA index; currently owned by neighboring row G06 with verb-like text	MNA/data/alignments/1corintios/1corintios-8-1.tsv
1corintios 8:1	05	οἴδαμεν	οἶδα	V-XAI-1P	11	todos	direct	suspicious finite NBLA surface	07-09	los ídolos sabemos	102	high	contains verb-like Spanish token; strong known verb word; near current corrupted NBLA index; currently owned by neighboring row G04 with verb-like text	MNA/data/alignments/1corintios/1corintios-8-1.tsv
1corintios 8:1	05	οἴδαμεν	οἶδα	V-XAI-1P	11	todos	direct	suspicious finite NBLA surface	08-09	ídolos sabemos	102	high	contains verb-like Spanish token; strong known verb word; near current corrupted NBLA index; currently owned by neighboring row G04 with verb-like text	MNA/data/alignments/1corintios/1corintios-8-1.tsv
1corintios 8:1	05	οἴδαμεν	οἶδα	V-XAI-1P	11	todos	direct	suspicious finite NBLA surface	08-10	ídolos sabemos que	102	high	contains verb-like Spanish token; strong known verb word; near current corrupted NBLA index; currently owned by neighboring row G04 with verb-like text	MNA/data/alignments/1corintios/1corintios-8-1.tsv
1corintios 8:1	12	φυσιοῖ	φυσιόω	V-PAI-3S	18	el	direct	suspicious finite NBLA surface	20	edifica	102	high	contains verb-like Spanish token; strong known verb word; near current corrupted NBLA index; currently owned by neighboring row G14 with verb-like text	MNA/data/alignments/1corintios/1corintios-8-1.tsv
1corintios 8:1	12	φυσιοῖ	φυσιόω	V-PAI-3S	18	el	direct	suspicious finite NBLA surface	12-14	tenemos conocimiento el	102	high	contains verb-like Spanish token; strong known verb word; near current corrupted NBLA index; currently owned by neighboring row G06 with verb-like text	MNA/data/alignments/1corintios/1corintios-8-1.tsv
1corintios 8:1	12	φυσιοῖ	φυσιόω	V-PAI-3S	18	el	direct	suspicious finite NBLA surface	18-20	el amor edifica	102	high	contains verb-like Spanish token; strong known verb word; near current corrupted NBLA index; currently owned by neighboring row G14 with verb-like text	MNA/data/alignments/1corintios/1corintios-8-1.tsv
1corintios 8:1	12	φυσιοῖ	φυσιόω	V-PAI-3S	18	el	direct	suspicious finite NBLA surface	19-20	amor edifica	102	high	contains verb-like Spanish token; strong known verb word; near current corrupted NBLA index; currently owned by neighboring row G14 with verb-like text	MNA/data/alignments/1corintios/1corintios-8-1.tsv
1corintios 8:1	12	φυσιοῖ	φυσιόω	V-PAI-3S	18	el	direct	suspicious finite NBLA surface	12	tenemos	94	high	contains verb-like Spanish token; strong known verb word; currently owned by neighboring row G06 with verb-like text	MNA/data/alignments/1corintios/1corintios-8-1.tsv
1corintios 8:1	16	οἰκοδομεῖ	οἰκοδομέω	V-PAI-3S	-	-	missing	missing finite NBLA	09	sabemos	86	high	contains verb-like Spanish token; strong known verb word; currently owned by neighboring row G04 with verb-like text	MNA/data/alignments/1corintios/1corintios-8-1.tsv
1corintios 8:1	16	οἰκοδομεῖ	οἰκοδομέω	V-PAI-3S	-	-	missing	missing finite NBLA	12	tenemos	86	high	contains verb-like Spanish token; strong known verb word; currently owned by neighboring row G06 with verb-like text	MNA/data/alignments/1corintios/1corintios-8-1.tsv
1corintios 8:1	16	οἰκοδομεῖ	οἰκοδομέω	V-PAI-3S	-	-	missing	missing finite NBLA	20	edifica	86	high	contains verb-like Spanish token; strong known verb word; currently owned by neighboring row G14 with verb-like text	MNA/data/alignments/1corintios/1corintios-8-1.tsv
1corintios 8:1	16	οἰκοδομεῖ	οἰκοδομέω	V-PAI-3S	-	-	missing	missing finite NBLA	07-09	los ídolos sabemos	86	high	contains verb-like Spanish token; strong known verb word; currently owned by neighboring row G04 with verb-like text	MNA/data/alignments/1corintios/1corintios-8-1.tsv
1corintios 8:1	16	οἰκοδομεῖ	οἰκοδομέω	V-PAI-3S	-	-	missing	missing finite NBLA	08-09	ídolos sabemos	86	high	contains verb-like Spanish token; strong known verb word; currently owned by neighboring row G04 with verb-like text	MNA/data/alignments/1corintios/1corintios-8-1.tsv
1corintios 8:11	01	ἀπόλλυται	ἀπόλλυμι	V-PPI-3S	01	por	direct	suspicious finite NBLA surface	08-09	es débil	99	high	contains verb-like Spanish token; auxiliary + verbal phrase candidate; currently owned by neighboring row G06 with verb-like text	MNA/data/alignments/1corintios/1corintios-8-11.tsv
1corintios 8:11	01	ἀπόλλυται	ἀπόλλυμι	V-PPI-3S	01	por	direct	suspicious finite NBLA surface	08-10	es débil el	99	high	contains verb-like Spanish token; auxiliary + verbal phrase candidate; currently owned by neighboring row G06 with verb-like text	MNA/data/alignments/1corintios/1corintios-8-11.tsv
1corintios 8:11	01	ἀπόλλυται	ἀπόλλυμι	V-PPI-3S	01	por	direct	suspicious finite NBLA surface	08-11	es débil el hermano	79	high	contains verb-like Spanish token; auxiliary + verbal phrase candidate; currently owned by neighboring row G06 with verb-like text	MNA/data/alignments/1corintios/1corintios-8-11.tsv
1corintios 8:11	01	ἀπόλλυται	ἀπόλλυμι	V-PPI-3S	01	por	direct	suspicious finite NBLA surface	03	conocimiento	77	high	contains verb-like Spanish token; near current corrupted NBLA index; currently owned by neighboring row G03 with verb-like text	MNA/data/alignments/1corintios/1corintios-8-11.tsv
1corintios 8:11	01	ἀπόλλυται	ἀπόλλυμι	V-PPI-3S	01	por	direct	suspicious finite NBLA surface	05	perderá	77	high	contains verb-like Spanish token; near current corrupted NBLA index; currently owned by neighboring row G05 with verb-like text	MNA/data/alignments/1corintios/1corintios-8-11.tsv
1corintios 8:11	14	ἀπέθανεν	ἀποθνῄσκω	V-AAI-3S	-	-	missing	missing finite NBLA	08-09	es débil	91	high	contains verb-like Spanish token; auxiliary + verbal phrase candidate; currently owned by neighboring row G06 with verb-like text	MNA/data/alignments/1corintios/1corintios-8-11.tsv
1corintios 8:11	14	ἀπέθανεν	ἀποθνῄσκω	V-AAI-3S	-	-	missing	missing finite NBLA	08-10	es débil el	91	high	contains verb-like Spanish token; auxiliary + verbal phrase candidate; currently owned by neighboring row G06 with verb-like text	MNA/data/alignments/1corintios/1corintios-8-11.tsv
1corintios 8:11	14	ἀπέθανεν	ἀποθνῄσκω	V-AAI-3S	-	-	missing	missing finite NBLA	08-11	es débil el hermano	71	medium	contains verb-like Spanish token; auxiliary + verbal phrase candidate; currently owned by neighboring row G06 with verb-like text	MNA/data/alignments/1corintios/1corintios-8-11.tsv
1corintios 8:11	14	ἀπέθανεν	ἀποθνῄσκω	V-AAI-3S	-	-	missing	missing finite NBLA	05	perderá	61	medium	contains verb-like Spanish token; currently owned by neighboring row G05 with verb-like text	MNA/data/alignments/1corintios/1corintios-8-11.tsv
1corintios 8:11	14	ἀπέθανεν	ἀποθνῄσκω	V-AAI-3S	-	-	missing	missing finite NBLA	08	es	61	medium	contains verb-like Spanish token; currently owned by neighboring row G06 with verb-like text	MNA/data/alignments/1corintios/1corintios-8-11.tsv
1corintios 9:12	18	στέγομεν	στέγω	V-PAI-1P	24	todo	direct	suspicious finite NBLA surface	20	derecho	77	high	contains verb-like Spanish token; near current corrupted NBLA index; currently owned by neighboring row G14 with verb-like text	MNA/data/alignments/1corintios/1corintios-9-12.tsv
1corintios 9:12	18	στέγομεν	στέγω	V-PAI-1P	24	todo	direct	suspicious finite NBLA surface	23	sufrimos	77	high	contains verb-like Spanish token; near current corrupted NBLA index; currently owned by neighboring row G17 with verb-like text	MNA/data/alignments/1corintios/1corintios-9-12.tsv
1corintios 9:12	18	στέγομεν	στέγω	V-PAI-1P	24	todo	direct	suspicious finite NBLA surface	18-20	usado este derecho	77	high	contains verb-like Spanish token; near current corrupted NBLA index; currently owned by neighboring row G13 with verb-like text	MNA/data/alignments/1corintios/1corintios-9-12.tsv
1corintios 9:12	18	στέγομεν	στέγω	V-PAI-1P	24	todo	direct	suspicious finite NBLA surface	19-20	este derecho	77	high	contains verb-like Spanish token; near current corrupted NBLA index; currently owned by neighboring row G13 with verb-like text	MNA/data/alignments/1corintios/1corintios-9-12.tsv
1corintios 9:12	18	στέγομεν	στέγω	V-PAI-1P	24	todo	direct	suspicious finite NBLA surface	19-21	este derecho sino	77	high	contains verb-like Spanish token; near current corrupted NBLA index; currently owned by neighboring row G13 with verb-like text	MNA/data/alignments/1corintios/1corintios-9-12.tsv
1corintios 9:14	05	διέταξεν	διατάσσω	V-AAI-3S	07	los	direct	suspicious finite NBLA surface	03	ordenó	102	high	contains verb-like Spanish token; strong known verb word; near current corrupted NBLA index; currently owned by neighboring row G02 with verb-like text	MNA/data/alignments/1corintios/1corintios-9-14.tsv
1corintios 9:14	05	διέταξεν	διατάσσω	V-AAI-3S	07	los	direct	suspicious finite NBLA surface	01-03	así también ordenó	102	high	contains verb-like Spanish token; strong known verb word; near current corrupted NBLA index; currently owned by neighboring row G02 with verb-like text	MNA/data/alignments/1corintios/1corintios-9-14.tsv
1corintios 9:14	05	διέταξεν	διατάσσω	V-AAI-3S	07	los	direct	suspicious finite NBLA surface	02-03	también ordenó	102	high	contains verb-like Spanish token; strong known verb word; near current corrupted NBLA index; currently owned by neighboring row G02 with verb-like text	MNA/data/alignments/1corintios/1corintios-9-14.tsv
1corintios 9:14	05	διέταξεν	διατάσσω	V-AAI-3S	07	los	direct	suspicious finite NBLA surface	02-04	también ordenó el	102	high	contains verb-like Spanish token; strong known verb word; near current corrupted NBLA index; currently owned by neighboring row G02 with verb-like text	MNA/data/alignments/1corintios/1corintios-9-14.tsv
1corintios 9:14	05	διέταξεν	διατάσσω	V-AAI-3S	07	los	direct	suspicious finite NBLA surface	03-04	ordenó el	102	high	contains verb-like Spanish token; strong known verb word; near current corrupted NBLA index; currently owned by neighboring row G02 with verb-like text	MNA/data/alignments/1corintios/1corintios-9-14.tsv
1corintios 9:22	01	ἐγενόμην	γίνομαι	V-AMI-1S	01	a	direct	suspicious finite NBLA surface	03	débiles	77	high	contains verb-like Spanish token; near current corrupted NBLA index; currently owned by neighboring row G03 with verb-like text	MNA/data/alignments/1corintios/1corintios-9-22.tsv
1corintios 9:22	01	ἐγενόμην	γίνομαι	V-AMI-1S	01	a	direct	suspicious finite NBLA surface	05	hice	77	high	contains verb-like Spanish token; near current corrupted NBLA index; currently owned by neighboring row G05 with verb-like text	MNA/data/alignments/1corintios/1corintios-9-22.tsv
1corintios 9:22	01	ἐγενόμην	γίνομαι	V-AMI-1S	01	a	direct	suspicious finite NBLA surface	01-03	a los débiles	77	high	contains verb-like Spanish token; near current corrupted NBLA index; currently owned by neighboring row G03 with verb-like text	MNA/data/alignments/1corintios/1corintios-9-22.tsv
1corintios 9:22	01	ἐγενόμην	γίνομαι	V-AMI-1S	01	a	direct	suspicious finite NBLA surface	02-03	los débiles	77	high	contains verb-like Spanish token; near current corrupted NBLA index; currently owned by neighboring row G03 with verb-like text	MNA/data/alignments/1corintios/1corintios-9-22.tsv
1corintios 9:22	01	ἐγενόμην	γίνομαι	V-AMI-1S	01	a	direct	suspicious finite NBLA surface	02-04	los débiles me	77	high	contains verb-like Spanish token; near current corrupted NBLA index; currently owned by neighboring row G03 with verb-like text	MNA/data/alignments/1corintios/1corintios-9-22.tsv
1corintios 9:23	10	γένωμαι	γίνομαι	V-AMS-1S	-	-	missing	missing finite NBLA	08	evangelio	61	medium	contains verb-like Spanish token; currently owned by neighboring row G05 with verb-like text	MNA/data/alignments/1corintios/1corintios-9-23.tsv
1corintios 9:23	10	γένωμαι	γίνομαι	V-AMS-1S	-	-	missing	missing finite NBLA	11	partícipe	61	medium	contains verb-like Spanish token; currently owned by neighboring row G07 with verb-like text	MNA/data/alignments/1corintios/1corintios-9-23.tsv
1corintios 9:23	10	γένωμαι	γίνομαι	V-AMS-1S	-	-	missing	missing finite NBLA	01-02	y todo	61	medium	contains verb-like Spanish token; currently owned by neighboring row G02 with verb-like text	MNA/data/alignments/1corintios/1corintios-9-23.tsv
1corintios 9:23	10	γένωμαι	γίνομαι	V-AMS-1S	-	-	missing	missing finite NBLA	01-03	y todo lo	61	medium	contains verb-like Spanish token; currently owned by neighboring row G02 with verb-like text	MNA/data/alignments/1corintios/1corintios-9-23.tsv
1corintios 9:23	10	γένωμαι	γίνομαι	V-AMS-1S	-	-	missing	missing finite NBLA	02-03	todo lo	61	medium	contains verb-like Spanish token; currently owned by neighboring row G02 with verb-like text	MNA/data/alignments/1corintios/1corintios-9-23.tsv
1corintios 10:1	15	ἦσαν	εἰμί	V-IAI-3P	16	todos	direct	suspicious finite NBLA surface	12	bajo	77	high	contains verb-like Spanish token; near current corrupted NBLA index; currently owned by neighboring row G11 with verb-like text	MNA/data/alignments/1corintios/1corintios-10-1.tsv
1corintios 10:1	15	ἦσαν	εἰμί	V-IAI-3P	16	todos	direct	suspicious finite NBLA surface	14	nube	77	high	contains verb-like Spanish token; near current corrupted NBLA index; currently owned by neighboring row G13 with verb-like text	MNA/data/alignments/1corintios/1corintios-10-1.tsv
1corintios 10:1	15	ἦσαν	εἰμί	V-IAI-3P	16	todos	direct	suspicious finite NBLA surface	17	pasaron	77	high	contains verb-like Spanish token; near current corrupted NBLA index; currently owned by neighboring row G16 with verb-like text	MNA/data/alignments/1corintios/1corintios-10-1.tsv
1corintios 10:1	15	ἦσαν	εἰμί	V-IAI-3P	16	todos	direct	suspicious finite NBLA surface	10-12	padres estuvieron bajo	77	high	contains verb-like Spanish token; near current corrupted NBLA index; currently owned by neighboring row G09 with verb-like text	MNA/data/alignments/1corintios/1corintios-10-1.tsv
1corintios 10:1	15	ἦσαν	εἰμί	V-IAI-3P	16	todos	direct	suspicious finite NBLA surface	11-12	estuvieron bajo	77	high	contains verb-like Spanish token; near current corrupted NBLA index; currently owned by neighboring row G10 with verb-like text	MNA/data/alignments/1corintios/1corintios-10-1.tsv
1corintios 10:1	21	διῆλθον	διέρχομαι	V-AAI-3P	-	-	missing	missing finite NBLA	10	padres	61	medium	contains verb-like Spanish token; currently owned by neighboring row G09 with verb-like text	MNA/data/alignments/1corintios/1corintios-10-1.tsv
1corintios 10:1	21	διῆλθον	διέρχομαι	V-AAI-3P	-	-	missing	missing finite NBLA	11	estuvieron	61	medium	contains verb-like Spanish token; currently owned by neighboring row G10 with verb-like text	MNA/data/alignments/1corintios/1corintios-10-1.tsv
1corintios 10:1	21	διῆλθον	διέρχομαι	V-AAI-3P	-	-	missing	missing finite NBLA	12	bajo	61	medium	contains verb-like Spanish token; currently owned by neighboring row G11 with verb-like text	MNA/data/alignments/1corintios/1corintios-10-1.tsv
1corintios 10:1	21	διῆλθον	διέρχομαι	V-AAI-3P	-	-	missing	missing finite NBLA	14	nube	61	medium	contains verb-like Spanish token; currently owned by neighboring row G13 with verb-like text	MNA/data/alignments/1corintios/1corintios-10-1.tsv
1corintios 10:1	21	διῆλθον	διέρχομαι	V-AAI-3P	-	-	missing	missing finite NBLA	17	pasaron	61	medium	contains verb-like Spanish token; currently owned by neighboring row G16 with verb-like text	MNA/data/alignments/1corintios/1corintios-10-1.tsv
1corintios 10:2	06	ἐβαπτίσαντο	βαπτίζω	V-AMI-3P	07	la	direct	suspicious finite NBLA surface	04-05	fueron bautizados	107	high	contains verb-like Spanish token; auxiliary + verbal phrase candidate; near current corrupted NBLA index; currently owned by neighboring row G03 with verb-like text	MNA/data/alignments/1corintios/1corintios-10-2.tsv
1corintios 10:2	06	ἐβαπτίσαντο	βαπτίζω	V-AMI-3P	07	la	direct	suspicious finite NBLA surface	04-06	fueron bautizados en	107	high	contains verb-like Spanish token; auxiliary + verbal phrase candidate; near current corrupted NBLA index; currently owned by neighboring row G03 with verb-like text	MNA/data/alignments/1corintios/1corintios-10-2.tsv
1corintios 10:2	06	ἐβαπτίσαντο	βαπτίζω	V-AMI-3P	07	la	direct	suspicious finite NBLA surface	04-07	fueron bautizados en la	87	high	contains verb-like Spanish token; auxiliary + verbal phrase candidate; near current corrupted NBLA index; currently owned by neighboring row G03 with verb-like text	MNA/data/alignments/1corintios/1corintios-10-2.tsv
1corintios 10:2	06	ἐβαπτίσαντο	βαπτίζω	V-AMI-3P	07	la	direct	suspicious finite NBLA surface	04	fueron	77	high	contains verb-like Spanish token; near current corrupted NBLA index; currently owned by neighboring row G03 with verb-like text	MNA/data/alignments/1corintios/1corintios-10-2.tsv
1corintios 10:2	06	ἐβαπτίσαντο	βαπτίζω	V-AMI-3P	07	la	direct	suspicious finite NBLA surface	08	nube	77	high	contains verb-like Spanish token; near current corrupted NBLA index; currently owned by neighboring row G07 with verb-like text	MNA/data/alignments/1corintios/1corintios-10-2.tsv
1corintios 10:3	07	ἔφαγον	ἐσθίω	V-AAI-3P	-	-	missing	missing finite NBLA	02	comieron	61	medium	contains verb-like Spanish token; currently owned by neighboring row G01 with verb-like text	MNA/data/alignments/1corintios/1corintios-10-3.tsv
1corintios 10:3	07	ἔφαγον	ἐσθίω	V-AAI-3P	-	-	missing	missing finite NBLA	04	mismo	61	medium	contains verb-like Spanish token; currently owned by neighboring row G03 with verb-like text	MNA/data/alignments/1corintios/1corintios-10-3.tsv
1corintios 10:3	07	ἔφαγον	ἐσθίω	V-AAI-3P	-	-	missing	missing finite NBLA	05	alimento	61	medium	contains verb-like Spanish token; currently owned by neighboring row G04 with verb-like text	MNA/data/alignments/1corintios/1corintios-10-3.tsv
1corintios 10:3	07	ἔφαγον	ἐσθίω	V-AAI-3P	-	-	missing	missing finite NBLA	01-02	todos comieron	61	medium	contains verb-like Spanish token; currently owned by neighboring row G01 with verb-like text	MNA/data/alignments/1corintios/1corintios-10-3.tsv
1corintios 10:3	07	ἔφαγον	ἐσθίω	V-AAI-3P	-	-	missing	missing finite NBLA	01-03	todos comieron el	61	medium	contains verb-like Spanish token; currently owned by neighboring row G01 with verb-like text	MNA/data/alignments/1corintios/1corintios-10-3.tsv
1corintios 10:5	10	κατεστρώθησαν	καταστρώννυμι	V-API-3P	13	y	direct	suspicious finite NBLA surface	16	quedaron	77	high	contains verb-like Spanish token; near current corrupted NBLA index; currently owned by neighboring row G12 with verb-like text	MNA/data/alignments/1corintios/1corintios-10-5.tsv
1corintios 10:5	10	κατεστρώθησαν	καταστρώννυμι	V-API-3P	13	y	direct	suspicious finite NBLA surface	14-16	por eso quedaron	77	high	contains verb-like Spanish token; near current corrupted NBLA index; currently owned by neighboring row G12 with verb-like text	MNA/data/alignments/1corintios/1corintios-10-5.tsv
1corintios 10:5	10	κατεστρώθησαν	καταστρώννυμι	V-API-3P	13	y	direct	suspicious finite NBLA surface	15-16	eso quedaron	77	high	contains verb-like Spanish token; near current corrupted NBLA index; currently owned by neighboring row G12 with verb-like text	MNA/data/alignments/1corintios/1corintios-10-5.tsv
1corintios 10:5	10	κατεστρώθησαν	καταστρώννυμι	V-API-3P	13	y	direct	suspicious finite NBLA surface	15-17	eso quedaron tendidos	77	high	contains verb-like Spanish token; near current corrupted NBLA index; currently owned by neighboring row G12 with verb-like text	MNA/data/alignments/1corintios/1corintios-10-5.tsv
1corintios 10:5	10	κατεστρώθησαν	καταστρώννυμι	V-API-3P	13	y	direct	suspicious finite NBLA surface	16-17	quedaron tendidos	77	high	contains verb-like Spanish token; near current corrupted NBLA index; currently owned by neighboring row G12 with verb-like text	MNA/data/alignments/1corintios/1corintios-10-5.tsv
1corintios 10:8	06	ἐπόρνευσαν	πορνεύω	V-AAI-3P	08	y	direct	suspicious finite NBLA surface	07	fornicaron	77	high	contains verb-like Spanish token; near current corrupted NBLA index; currently owned by neighboring row G03 with verb-like text	MNA/data/alignments/1corintios/1corintios-10-8.tsv
1corintios 10:8	06	ἐπόρνευσαν	πορνεύω	V-AAI-3P	08	y	direct	suspicious finite NBLA surface	03-04	como algunos	77	high	contains verb-like Spanish token; near current corrupted NBLA index; currently owned by neighboring row G03 with verb-like text	MNA/data/alignments/1corintios/1corintios-10-8.tsv
1corintios 10:8	06	ἐπόρνευσαν	πορνεύω	V-AAI-3P	08	y	direct	suspicious finite NBLA surface	03-05	como algunos de	77	high	contains verb-like Spanish token; near current corrupted NBLA index; currently owned by neighboring row G03 with verb-like text	MNA/data/alignments/1corintios/1corintios-10-8.tsv
1corintios 10:8	06	ἐπόρνευσαν	πορνεύω	V-AAI-3P	08	y	direct	suspicious finite NBLA surface	05-07	de ellos fornicaron	77	high	contains verb-like Spanish token; near current corrupted NBLA index; currently owned by neighboring row G03 with verb-like text	MNA/data/alignments/1corintios/1corintios-10-8.tsv
1corintios 10:8	06	ἐπόρνευσαν	πορνεύω	V-AAI-3P	08	y	direct	suspicious finite NBLA surface	06-07	ellos fornicaron	77	high	contains verb-like Spanish token; near current corrupted NBLA index; currently owned by neighboring row G03 with verb-like text	MNA/data/alignments/1corintios/1corintios-10-8.tsv
1corintios 10:11	06	ἐγράφη	γράφω	V-API-3S	07	y	direct	suspicious finite NBLA surface	08-09	fueron escritas	132	high	contains verb-like Spanish token; auxiliary + verbal phrase candidate; strong known verb word; near current corrupted NBLA index; currently owned by neighboring row G07 with verb-like text	MNA/data/alignments/1corintios/1corintios-10-11.tsv
1corintios 10:11	06	ἐγράφη	γράφω	V-API-3S	07	y	direct	suspicious finite NBLA surface	08-10	fueron escritas como	132	high	contains verb-like Spanish token; auxiliary + verbal phrase candidate; strong known verb word; near current corrupted NBLA index; currently owned by neighboring row G07 with verb-like text	MNA/data/alignments/1corintios/1corintios-10-11.tsv
1corintios 10:11	06	ἐγράφη	γράφω	V-API-3S	07	y	direct	suspicious finite NBLA surface	08-11	fueron escritas como enseñanza	112	high	contains verb-like Spanish token; auxiliary + verbal phrase candidate; strong known verb word; near current corrupted NBLA index; currently owned by neighboring row G07 with verb-like text	MNA/data/alignments/1corintios/1corintios-10-11.tsv
1corintios 10:11	06	ἐγράφη	γράφω	V-API-3S	07	y	direct	suspicious finite NBLA surface	09	escritas	102	high	contains verb-like Spanish token; strong known verb word; near current corrupted NBLA index; currently owned by neighboring row G07 with verb-like text	MNA/data/alignments/1corintios/1corintios-10-11.tsv
1corintios 10:11	06	ἐγράφη	γράφω	V-API-3S	07	y	direct	suspicious finite NBLA surface	07-09	y fueron escritas	102	high	contains verb-like Spanish token; strong known verb word; near current corrupted NBLA index; currently owned by neighboring row G07 with verb-like text	MNA/data/alignments/1corintios/1corintios-10-11.tsv
1corintios 11:13	04	κρίνατε	κρίνω	V-AAD-2P	06	que	direct	suspicious finite NBLA surface	04-05	es propio	107	high	contains verb-like Spanish token; auxiliary + verbal phrase candidate; near current corrupted NBLA index; currently owned by neighboring row G02 with verb-like text	MNA/data/alignments/1corintios/1corintios-11-13.tsv
1corintios 11:13	04	κρίνατε	κρίνω	V-AAD-2P	06	que	direct	suspicious finite NBLA surface	04-06	es propio que	107	high	contains verb-like Spanish token; auxiliary + verbal phrase candidate; near current corrupted NBLA index; currently owned by neighboring row G02 with verb-like text	MNA/data/alignments/1corintios/1corintios-11-13.tsv
1corintios 11:13	04	κρίνατε	κρίνω	V-AAD-2P	06	que	direct	suspicious finite NBLA surface	01-02	juzguen ustedes	102	high	contains verb-like Spanish token; strong known verb word; near current corrupted NBLA index; currently owned by neighboring row G01 with verb-like text	MNA/data/alignments/1corintios/1corintios-11-13.tsv
1corintios 11:13	04	κρίνατε	κρίνω	V-AAD-2P	06	que	direct	suspicious finite NBLA surface	01-03	juzguen ustedes mismos	102	high	contains verb-like Spanish token; strong known verb word; near current corrupted NBLA index; currently owned by neighboring row G01 with verb-like text	MNA/data/alignments/1corintios/1corintios-11-13.tsv
1corintios 11:13	04	κρίνατε	κρίνω	V-AAD-2P	06	que	direct	suspicious finite NBLA surface	01	juzguen	94	high	contains verb-like Spanish token; strong known verb word; currently owned by neighboring row G01 with verb-like text	MNA/data/alignments/1corintios/1corintios-11-13.tsv
1corintios 11:16	11	ἔχομεν	ἔχω	V-PAI-1P	13	la	direct	suspicious finite NBLA surface	09	tenemos	102	high	contains verb-like Spanish token; strong known verb word; near current corrupted NBLA index; currently owned by neighboring row G07 with verb-like text	MNA/data/alignments/1corintios/1corintios-11-16.tsv
1corintios 11:16	11	ἔχομεν	ἔχω	V-PAI-1P	13	la	direct	suspicious finite NBLA surface	14	tienen	102	high	contains verb-like Spanish token; strong known verb word; near current corrupted NBLA index; currently owned by neighboring row G12 with verb-like text	MNA/data/alignments/1corintios/1corintios-11-16.tsv
1corintios 11:16	11	ἔχομεν	ἔχω	V-PAI-1P	13	la	direct	suspicious finite NBLA surface	07-09	nosotros no tenemos	102	high	contains verb-like Spanish token; strong known verb word; near current corrupted NBLA index; currently owned by neighboring row G07 with verb-like text	MNA/data/alignments/1corintios/1corintios-11-16.tsv
1corintios 11:16	11	ἔχομεν	ἔχω	V-PAI-1P	13	la	direct	suspicious finite NBLA surface	08-09	no tenemos	102	high	contains verb-like Spanish token; strong known verb word; near current corrupted NBLA index; currently owned by neighboring row G07 with verb-like text	MNA/data/alignments/1corintios/1corintios-11-16.tsv
1corintios 11:16	11	ἔχομεν	ἔχω	V-PAI-1P	13	la	direct	suspicious finite NBLA surface	08-10	no tenemos tal	102	high	contains verb-like Spanish token; strong known verb word; near current corrupted NBLA index; currently owned by neighboring row G07 with verb-like text	MNA/data/alignments/1corintios/1corintios-11-16.tsv
1corintios 11:19	13	γένωνται	γίνομαι	V-AMS-3P	-	-	missing	missing finite NBLA	19-20	son aprobados	91	high	contains verb-like Spanish token; auxiliary + verbal phrase candidate; currently owned by neighboring row G11 with verb-like text	MNA/data/alignments/1corintios/1corintios-11-19.tsv
1corintios 11:19	13	γένωνται	γίνομαι	V-AMS-3P	-	-	missing	missing finite NBLA	03	necesario	61	medium	contains verb-like Spanish token; currently owned by neighboring row G03 with verb-like text	MNA/data/alignments/1corintios/1corintios-11-19.tsv
1corintios 11:19	13	γένωνται	γίνομαι	V-AMS-3P	-	-	missing	missing finite NBLA	05	entre	61	medium	contains verb-like Spanish token; currently owned by neighboring row G04 with verb-like text	MNA/data/alignments/1corintios/1corintios-11-19.tsv
1corintios 11:19	13	γένωνται	γίνομαι	V-AMS-3P	-	-	missing	missing finite NBLA	06	ustedes	61	medium	contains verb-like Spanish token; currently owned by neighboring row G05 with verb-like text	MNA/data/alignments/1corintios/1corintios-11-19.tsv
1corintios 11:19	13	γένωνται	γίνομαι	V-AMS-3P	-	-	missing	missing finite NBLA	07	haya	61	medium	contains verb-like Spanish token; currently owned by neighboring row G05 with verb-like text	MNA/data/alignments/1corintios/1corintios-11-19.tsv
1corintios 11:21	16	μεθύει	μεθύω	V-PAI-3S	-	-	missing	missing finite NBLA	06	toma	61	medium	contains verb-like Spanish token; currently owned by neighboring row G05 with verb-like text	MNA/data/alignments/1corintios/1corintios-11-21.tsv
1corintios 11:21	16	μεθύει	μεθύω	V-PAI-3S	-	-	missing	missing finite NBLA	09	propia	61	medium	contains verb-like Spanish token; currently owned by neighboring row G07 with verb-like text	MNA/data/alignments/1corintios/1corintios-11-21.tsv
1corintios 11:21	16	μεθύει	μεθύω	V-PAI-3S	-	-	missing	missing finite NBLA	10	cena	61	medium	contains verb-like Spanish token; currently owned by neighboring row G07 with verb-like text	MNA/data/alignments/1corintios/1corintios-11-21.tsv
1corintios 11:21	16	μεθύει	μεθύω	V-PAI-3S	-	-	missing	missing finite NBLA	13	pasa	61	medium	contains verb-like Spanish token; currently owned by neighboring row G10 with verb-like text	MNA/data/alignments/1corintios/1corintios-11-21.tsv
1corintios 11:21	16	μεθύει	μεθύω	V-PAI-3S	-	-	missing	missing finite NBLA	14	hambre	61	medium	contains verb-like Spanish token; currently owned by neighboring row G10 with verb-like text	MNA/data/alignments/1corintios/1corintios-11-21.tsv
1corintios 11:22	16	καταφρονεῖτε	καταφρονέω	V-PAI-2P	19	que	direct	suspicious finite NBLA surface	21	tienen	102	high	contains verb-like Spanish token; strong known verb word; near current corrupted NBLA index; currently owned by neighboring row G17 with verb-like text	MNA/data/alignments/1corintios/1corintios-11-22.tsv
1corintios 11:22	16	καταφρονεῖτε	καταφρονέω	V-PAI-2P	19	que	direct	suspicious finite NBLA surface	19-21	que nada tienen	102	high	contains verb-like Spanish token; strong known verb word; near current corrupted NBLA index; currently owned by neighboring row G17 with verb-like text	MNA/data/alignments/1corintios/1corintios-11-22.tsv
1corintios 11:22	16	καταφρονεῖτε	καταφρονέω	V-PAI-2P	19	que	direct	suspicious finite NBLA surface	20-21	nada tienen	102	high	contains verb-like Spanish token; strong known verb word; near current corrupted NBLA index; currently owned by neighboring row G17 with verb-like text	MNA/data/alignments/1corintios/1corintios-11-22.tsv
1corintios 11:22	16	καταφρονεῖτε	καταφρονέω	V-PAI-2P	19	que	direct	suspicious finite NBLA surface	20-22	nada tienen qué	102	high	contains verb-like Spanish token; strong known verb word; near current corrupted NBLA index; currently owned by neighboring row G17 with verb-like text	MNA/data/alignments/1corintios/1corintios-11-22.tsv
1corintios 11:22	16	καταφρονεῖτε	καταφρονέω	V-PAI-2P	19	que	direct	suspicious finite NBLA surface	21-22	tienen qué	102	high	contains verb-like Spanish token; strong known verb word; near current corrupted NBLA index; currently owned by neighboring row G17 with verb-like text	MNA/data/alignments/1corintios/1corintios-11-22.tsv
1corintios 11:22	18	καταισχύνετε	καταισχύνω	V-PAI-2P	22	qué	direct	suspicious finite NBLA surface	21	tienen	102	high	contains verb-like Spanish token; strong known verb word; near current corrupted NBLA index; currently owned by neighboring row G17 with verb-like text	MNA/data/alignments/1corintios/1corintios-11-22.tsv
1corintios 11:22	18	καταισχύνετε	καταισχύνω	V-PAI-2P	22	qué	direct	suspicious finite NBLA surface	19-21	que nada tienen	102	high	contains verb-like Spanish token; strong known verb word; near current corrupted NBLA index; currently owned by neighboring row G17 with verb-like text	MNA/data/alignments/1corintios/1corintios-11-22.tsv
1corintios 11:22	18	καταισχύνετε	καταισχύνω	V-PAI-2P	22	qué	direct	suspicious finite NBLA surface	20-21	nada tienen	102	high	contains verb-like Spanish token; strong known verb word; near current corrupted NBLA index; currently owned by neighboring row G17 with verb-like text	MNA/data/alignments/1corintios/1corintios-11-22.tsv
1corintios 11:22	18	καταισχύνετε	καταισχύνω	V-PAI-2P	22	qué	direct	suspicious finite NBLA surface	20-22	nada tienen qué	102	high	contains verb-like Spanish token; strong known verb word; near current corrupted NBLA index; currently owned by neighboring row G17 with verb-like text	MNA/data/alignments/1corintios/1corintios-11-22.tsv
1corintios 11:22	18	καταισχύνετε	καταισχύνω	V-PAI-2P	22	qué	direct	suspicious finite NBLA surface	21-22	tienen qué	102	high	contains verb-like Spanish token; strong known verb word; near current corrupted NBLA index; currently owned by neighboring row G17 with verb-like text	MNA/data/alignments/1corintios/1corintios-11-22.tsv
1corintios 11:22	30	ἐπαινῶ	ἐπαινέω	V-PAI-1S	30	los	direct	suspicious finite NBLA surface	20-22	nada tienen qué	94	high	contains verb-like Spanish token; strong known verb word; currently owned by neighboring row G17 with verb-like text	MNA/data/alignments/1corintios/1corintios-11-22.tsv
1corintios 11:22	30	ἐπαινῶ	ἐπαινέω	V-PAI-1S	30	los	direct	suspicious finite NBLA surface	21-22	tienen qué	94	high	contains verb-like Spanish token; strong known verb word; currently owned by neighboring row G17 with verb-like text	MNA/data/alignments/1corintios/1corintios-11-22.tsv
1corintios 11:22	30	ἐπαινῶ	ἐπαινέω	V-PAI-1S	30	los	direct	suspicious finite NBLA surface	21-23	tienen qué les	94	high	contains verb-like Spanish token; strong known verb word; currently owned by neighboring row G17 with verb-like text	MNA/data/alignments/1corintios/1corintios-11-22.tsv
1corintios 11:22	30	ἐπαινῶ	ἐπαινέω	V-PAI-1S	30	los	direct	suspicious finite NBLA surface	21	tienen	77	high	contains verb-like Spanish token; strong known verb word; currently owned by neighboring row G17 with verb-like text	MNA/data/alignments/1corintios/1corintios-11-22.tsv
1corintios 11:22	30	ἐπαινῶ	ἐπαινέω	V-PAI-1S	30	los	direct	suspicious finite NBLA surface	26	alabaré	77	high	contains verb-like Spanish token; near current corrupted NBLA index; currently owned by neighboring row G21 with verb-like text	MNA/data/alignments/1corintios/1corintios-11-22.tsv
1corintios 11:28	01	δοκιμαζέτω	δοκιμάζω	V-PAD-3S	01	por	direct	suspicious finite NBLA surface	09-11	y entonces coma	94	high	contains verb-like Spanish token; strong known verb word; currently owned by neighboring row G08 with verb-like text	MNA/data/alignments/1corintios/1corintios-11-28.tsv
1corintios 11:28	01	δοκιμαζέτω	δοκιμάζω	V-PAD-3S	01	por	direct	suspicious finite NBLA surface	02	tanto	77	high	contains verb-like Spanish token; near current corrupted NBLA index; currently owned by neighboring row G02 with verb-like text	MNA/data/alignments/1corintios/1corintios-11-28.tsv
1corintios 11:28	01	δοκιμαζέτω	δοκιμάζω	V-PAD-3S	01	por	direct	suspicious finite NBLA surface	03	examínese	77	high	contains verb-like Spanish token; near current corrupted NBLA index; currently owned by neighboring row G02 with verb-like text	MNA/data/alignments/1corintios/1corintios-11-28.tsv
1corintios 11:28	01	δοκιμαζέτω	δοκιμάζω	V-PAD-3S	01	por	direct	suspicious finite NBLA surface	01-02	por tanto	77	high	contains verb-like Spanish token; near current corrupted NBLA index; currently owned by neighboring row G02 with verb-like text	MNA/data/alignments/1corintios/1corintios-11-28.tsv
1corintios 11:28	01	δοκιμαζέτω	δοκιμάζω	V-PAD-3S	01	por	direct	suspicious finite NBLA surface	01-03	por tanto examínese	77	high	contains verb-like Spanish token; near current corrupted NBLA index; currently owned by neighboring row G02 with verb-like text	MNA/data/alignments/1corintios/1corintios-11-28.tsv
1corintios 11:28	10	ἐσθιέτω	ἐσθίω	V-PAD-3S	12	del	direct	suspicious finite NBLA surface	11	coma	102	high	contains verb-like Spanish token; strong known verb word; near current corrupted NBLA index; currently owned by neighboring row G09 with verb-like text	MNA/data/alignments/1corintios/1corintios-11-28.tsv
1corintios 11:28	10	ἐσθιέτω	ἐσθίω	V-PAD-3S	12	del	direct	suspicious finite NBLA surface	15	beba	102	high	contains verb-like Spanish token; strong known verb word; near current corrupted NBLA index; currently owned by neighboring row G12 with verb-like text	MNA/data/alignments/1corintios/1corintios-11-28.tsv
1corintios 11:28	10	ἐσθιέτω	ἐσθίω	V-PAD-3S	12	del	direct	suspicious finite NBLA surface	09-11	y entonces coma	102	high	contains verb-like Spanish token; strong known verb word; near current corrupted NBLA index; currently owned by neighboring row G08 with verb-like text	MNA/data/alignments/1corintios/1corintios-11-28.tsv
1corintios 11:28	10	ἐσθιέτω	ἐσθίω	V-PAD-3S	12	del	direct	suspicious finite NBLA surface	10-11	entonces coma	102	high	contains verb-like Spanish token; strong known verb word; near current corrupted NBLA index; currently owned by neighboring row G08 with verb-like text	MNA/data/alignments/1corintios/1corintios-11-28.tsv
1corintios 11:28	10	ἐσθιέτω	ἐσθίω	V-PAD-3S	12	del	direct	suspicious finite NBLA surface	10-12	entonces coma del	102	high	contains verb-like Spanish token; strong known verb word; near current corrupted NBLA index; currently owned by neighboring row G08 with verb-like text	MNA/data/alignments/1corintios/1corintios-11-28.tsv
1corintios 11:30	10	κοιμῶνται	κοιμάομαι	V-PMI-3P	-	-	missing	missing finite NBLA	02	esta	61	medium	contains verb-like Spanish token; currently owned by neighboring row G01 with verb-like text	MNA/data/alignments/1corintios/1corintios-11-30.tsv
1corintios 11:30	10	κοιμῶνται	κοιμάομαι	V-PMI-3P	-	-	missing	missing finite NBLA	06	débiles	61	medium	contains verb-like Spanish token; currently owned by neighboring row G03 with verb-like text	MNA/data/alignments/1corintios/1corintios-11-30.tsv
1corintios 11:30	10	κοιμῶνται	κοιμάομαι	V-PMI-3P	-	-	missing	missing finite NBLA	09	entre	61	medium	contains verb-like Spanish token; currently owned by neighboring row G05 with verb-like text	MNA/data/alignments/1corintios/1corintios-11-30.tsv
1corintios 11:30	10	κοιμῶνται	κοιμάομαι	V-PMI-3P	-	-	missing	missing finite NBLA	10	ustedes	61	medium	contains verb-like Spanish token; currently owned by neighboring row G06 with verb-like text	MNA/data/alignments/1corintios/1corintios-11-30.tsv
1corintios 11:30	10	κοιμῶνται	κοιμάομαι	V-PMI-3P	-	-	missing	missing finite NBLA	13	duermen	61	medium	contains verb-like Spanish token; currently owned by neighboring row G08 with verb-like text	MNA/data/alignments/1corintios/1corintios-11-30.tsv
1corintios 11:34	18	διατάξομαι	διατάσσω	V-FMI-1S	-	-	missing	missing finite NBLA	08	casa	61	medium	contains verb-like Spanish token; currently owned by neighboring row G07 with verb-like text	MNA/data/alignments/1corintios/1corintios-11-34.tsv
1corintios 11:34	18	διατάξομαι	διατάσσω	V-FMI-1S	-	-	missing	missing finite NBLA	13	reúnan	61	medium	contains verb-like Spanish token; currently owned by neighboring row G09 with verb-like text	MNA/data/alignments/1corintios/1corintios-11-34.tsv
1corintios 11:34	18	διατάξομαι	διατάσσω	V-FMI-1S	-	-	missing	missing finite NBLA	17	demás	61	medium	contains verb-like Spanish token; currently owned by neighboring row G13 with verb-like text	MNA/data/alignments/1corintios/1corintios-11-34.tsv
1corintios 11:34	18	διατάξομαι	διατάσσω	V-FMI-1S	-	-	missing	missing finite NBLA	20	arreglaré	61	medium	contains verb-like Spanish token; currently owned by neighboring row G15 with verb-like text	MNA/data/alignments/1corintios/1corintios-11-34.tsv
1corintios 11:34	18	διατάξομαι	διατάσσω	V-FMI-1S	-	-	missing	missing finite NBLA	21	cuando	61	medium	contains verb-like Spanish token; currently owned by neighboring row G16 with verb-like text	MNA/data/alignments/1corintios/1corintios-11-34.tsv
1corintios 12:4	04	εἰσίν	εἰμί	V-PAI-3P	05	de	direct	suspicious finite NBLA surface	10-11	es el	99	high	contains verb-like Spanish token; auxiliary + verbal phrase candidate; currently owned by neighboring row G05 with verb-like text	MNA/data/alignments/1corintios/1corintios-12-4.tsv
1corintios 12:4	04	εἰσίν	εἰμί	V-PAI-3P	05	de	direct	suspicious finite NBLA surface	10-12	es el mismo	99	high	contains verb-like Spanish token; auxiliary + verbal phrase candidate; currently owned by neighboring row G05 with verb-like text	MNA/data/alignments/1corintios/1corintios-12-4.tsv
1corintios 12:4	04	εἰσίν	εἰμί	V-PAI-3P	05	de	direct	suspicious finite NBLA surface	01	ahora	77	high	contains verb-like Spanish token; near current corrupted NBLA index; currently owned by neighboring row G01 with verb-like text	MNA/data/alignments/1corintios/1corintios-12-4.tsv
1corintios 12:4	04	εἰσίν	εἰμί	V-PAI-3P	05	de	direct	suspicious finite NBLA surface	02	bien	77	high	contains verb-like Spanish token; near current corrupted NBLA index; currently owned by neighboring row G02 with verb-like text	MNA/data/alignments/1corintios/1corintios-12-4.tsv
1corintios 12:4	04	εἰσίν	εἰμί	V-PAI-3P	05	de	direct	suspicious finite NBLA surface	04	diversidad	77	high	contains verb-like Spanish token; near current corrupted NBLA index; currently owned by neighboring row G03 with verb-like text	MNA/data/alignments/1corintios/1corintios-12-4.tsv
1corintios 12:5	04	εἰσιν	εἰμί	V-PAI-3P	05	pero	direct	suspicious finite NBLA surface	08-09	es el	107	high	contains verb-like Spanish token; auxiliary + verbal phrase candidate; near current corrupted NBLA index; currently owned by neighboring row G06 with verb-like text	MNA/data/alignments/1corintios/1corintios-12-5.tsv
1corintios 12:5	04	εἰσιν	εἰμί	V-PAI-3P	05	pero	direct	suspicious finite NBLA surface	08-10	es el mismo	107	high	contains verb-like Spanish token; auxiliary + verbal phrase candidate; near current corrupted NBLA index; currently owned by neighboring row G06 with verb-like text	MNA/data/alignments/1corintios/1corintios-12-5.tsv
1corintios 12:5	04	εἰσιν	εἰμί	V-PAI-3P	05	pero	direct	suspicious finite NBLA surface	02	diversidad	77	high	contains verb-like Spanish token; near current corrupted NBLA index; currently owned by neighboring row G01 with verb-like text	MNA/data/alignments/1corintios/1corintios-12-5.tsv
1corintios 12:5	04	εἰσιν	εἰμί	V-PAI-3P	05	pero	direct	suspicious finite NBLA surface	08	es	77	high	contains verb-like Spanish token; near current corrupted NBLA index; currently owned by neighboring row G06 with verb-like text	MNA/data/alignments/1corintios/1corintios-12-5.tsv
1corintios 12:5	04	εἰσιν	εἰμί	V-PAI-3P	05	pero	direct	suspicious finite NBLA surface	01-02	hay diversidad	77	high	contains verb-like Spanish token; near current corrupted NBLA index; currently owned by neighboring row G01 with verb-like text	MNA/data/alignments/1corintios/1corintios-12-5.tsv
1corintios 12:11	04	ἐνεργεῖ	ἐνεργέω	V-PAI-3S	05	las	direct	suspicious finite NBLA surface	03	estas	77	high	contains verb-like Spanish token; near current corrupted NBLA index; currently owned by neighboring row G02 with verb-like text	MNA/data/alignments/1corintios/1corintios-12-11.tsv
1corintios 12:11	04	ἐνεργεῖ	ἐνεργέω	V-PAI-3S	05	las	direct	suspicious finite NBLA surface	04	cosas	77	high	contains verb-like Spanish token; near current corrupted NBLA index; currently owned by neighboring row G03 with verb-like text	MNA/data/alignments/1corintios/1corintios-12-11.tsv
1corintios 12:11	04	ἐνεργεῖ	ἐνεργέω	V-PAI-3S	05	las	direct	suspicious finite NBLA surface	06	hace	77	high	contains verb-like Spanish token; near current corrupted NBLA index; currently owned by neighboring row G05 with verb-like text	MNA/data/alignments/1corintios/1corintios-12-11.tsv
1corintios 12:11	04	ἐνεργεῖ	ἐνεργέω	V-PAI-3S	05	las	direct	suspicious finite NBLA surface	01-02	pero todas	77	high	contains verb-like Spanish token; near current corrupted NBLA index; currently owned by neighboring row G01 with verb-like text	MNA/data/alignments/1corintios/1corintios-12-11.tsv
1corintios 12:11	04	ἐνεργεῖ	ἐνεργέω	V-PAI-3S	05	las	direct	suspicious finite NBLA surface	01-03	pero todas estas	77	high	contains verb-like Spanish token; near current corrupted NBLA index; currently owned by neighboring row G01 with verb-like text	MNA/data/alignments/1corintios/1corintios-12-11.tsv
1corintios 12:15	02	εἴπῃ	λέγω	V-AAS-3S	02	el	direct	suspicious finite NBLA surface	04	dijera	77	high	contains verb-like Spanish token; near current corrupted NBLA index; currently owned by neighboring row G04 with verb-like text	MNA/data/alignments/1corintios/1corintios-12-15.tsv
1corintios 12:15	02	εἴπῃ	λέγω	V-AAS-3S	02	el	direct	suspicious finite NBLA surface	05	porque	77	high	contains verb-like Spanish token; near current corrupted NBLA index; currently owned by neighboring row G05 with verb-like text	MNA/data/alignments/1corintios/1corintios-12-15.tsv
1corintios 12:15	02	εἴπῃ	λέγω	V-AAS-3S	02	el	direct	suspicious finite NBLA surface	02-04	el pie dijera	77	high	contains verb-like Spanish token; near current corrupted NBLA index; currently owned by neighboring row G04 with verb-like text	MNA/data/alignments/1corintios/1corintios-12-15.tsv
1corintios 12:15	02	εἴπῃ	λέγω	V-AAS-3S	02	el	direct	suspicious finite NBLA surface	03-04	pie dijera	77	high	contains verb-like Spanish token; near current corrupted NBLA index; currently owned by neighboring row G04 with verb-like text	MNA/data/alignments/1corintios/1corintios-12-15.tsv
1corintios 12:15	02	εἴπῃ	λέγω	V-AAS-3S	02	el	direct	suspicious finite NBLA surface	03-05	pie dijera porque	77	high	contains verb-like Spanish token; near current corrupted NBLA index; currently owned by neighboring row G04 with verb-like text	MNA/data/alignments/1corintios/1corintios-12-15.tsv
1corintios 12:15	18	ἔστιν	εἰμί	V-PAI-3S	18	de	direct	suspicious finite NBLA surface	17	deja	77	high	contains verb-like Spanish token; near current corrupted NBLA index; currently owned by neighboring row G17 with verb-like text	MNA/data/alignments/1corintios/1corintios-12-15.tsv
1corintios 12:15	18	ἔστιν	εἰμί	V-PAI-3S	18	de	direct	suspicious finite NBLA surface	20	parte	77	high	contains verb-like Spanish token; near current corrupted NBLA index; currently owned by neighboring row G20 with verb-like text	MNA/data/alignments/1corintios/1corintios-12-15.tsv
1corintios 12:15	18	ἔστιν	εἰμί	V-PAI-3S	18	de	direct	suspicious finite NBLA surface	22	cuerpo	77	high	contains verb-like Spanish token; near current corrupted NBLA index; currently owned by neighboring row G21 with verb-like text	MNA/data/alignments/1corintios/1corintios-12-15.tsv
1corintios 12:15	18	ἔστιν	εἰμί	V-PAI-3S	18	de	direct	suspicious finite NBLA surface	12-14	del cuerpo no	77	high	contains verb-like Spanish token; near current corrupted NBLA index; currently owned by neighboring row G13 with verb-like text	MNA/data/alignments/1corintios/1corintios-12-15.tsv
1corintios 12:15	18	ἔστιν	εἰμί	V-PAI-3S	18	de	direct	suspicious finite NBLA surface	13-14	cuerpo no	77	high	contains verb-like Spanish token; near current corrupted NBLA index; currently owned by neighboring row G13 with verb-like text	MNA/data/alignments/1corintios/1corintios-12-15.tsv
1corintios 12:16	19	ἔστιν	εἰμί	V-PAI-3S	19	de	direct	suspicious finite NBLA surface	18	deja	77	high	contains verb-like Spanish token; near current corrupted NBLA index; currently owned by neighboring row G18 with verb-like text	MNA/data/alignments/1corintios/1corintios-12-16.tsv
1corintios 12:16	19	ἔστιν	εἰμί	V-PAI-3S	19	de	direct	suspicious finite NBLA surface	21	parte	77	high	contains verb-like Spanish token; near current corrupted NBLA index; currently owned by neighboring row G21 with verb-like text	MNA/data/alignments/1corintios/1corintios-12-16.tsv
1corintios 12:16	19	ἔστιν	εἰμί	V-PAI-3S	19	de	direct	suspicious finite NBLA surface	23	cuerpo	77	high	contains verb-like Spanish token; near current corrupted NBLA index; currently owned by neighboring row G22 with verb-like text	MNA/data/alignments/1corintios/1corintios-12-16.tsv
1corintios 12:16	19	ἔστιν	εἰμί	V-PAI-3S	19	de	direct	suspicious finite NBLA surface	13-15	del cuerpo no	77	high	contains verb-like Spanish token; near current corrupted NBLA index; currently owned by neighboring row G13 with verb-like text	MNA/data/alignments/1corintios/1corintios-12-16.tsv
1corintios 12:16	19	ἔστιν	εἰμί	V-PAI-3S	19	de	direct	suspicious finite NBLA surface	14-15	cuerpo no	77	high	contains verb-like Spanish token; near current corrupted NBLA index; currently owned by neighboring row G13 with verb-like text	MNA/data/alignments/1corintios/1corintios-12-16.tsv
1corintios 12:18	05	ἔθετο	τίθημι	V-AMI-3S	06	a	direct	suspicious finite NBLA surface	04-05	ha colocado	107	high	contains verb-like Spanish token; auxiliary + verbal phrase candidate; near current corrupted NBLA index; currently owned by neighboring row G03 with verb-like text	MNA/data/alignments/1corintios/1corintios-12-18.tsv
1corintios 12:18	05	ἔθετο	τίθημι	V-AMI-3S	06	a	direct	suspicious finite NBLA surface	04-06	ha colocado a	107	high	contains verb-like Spanish token; auxiliary + verbal phrase candidate; near current corrupted NBLA index; currently owned by neighboring row G03 with verb-like text	MNA/data/alignments/1corintios/1corintios-12-18.tsv
1corintios 12:18	05	ἔθετο	τίθημι	V-AMI-3S	06	a	direct	suspicious finite NBLA surface	04-07	ha colocado a cada	87	high	contains verb-like Spanish token; auxiliary + verbal phrase candidate; near current corrupted NBLA index; currently owned by neighboring row G03 with verb-like text	MNA/data/alignments/1corintios/1corintios-12-18.tsv
1corintios 12:18	05	ἔθετο	τίθημι	V-AMI-3S	06	a	direct	suspicious finite NBLA surface	02	bien	77	high	contains verb-like Spanish token; near current corrupted NBLA index; currently owned by neighboring row G02 with verb-like text	MNA/data/alignments/1corintios/1corintios-12-18.tsv
1corintios 12:18	05	ἔθετο	τίθημι	V-AMI-3S	06	a	direct	suspicious finite NBLA surface	04	ha	77	high	contains verb-like Spanish token; near current corrupted NBLA index; currently owned by neighboring row G03 with verb-like text	MNA/data/alignments/1corintios/1corintios-12-18.tsv
1corintios 12:18	15	ἠθέλησεν	θέλω	V-AAI-3S	-	-	missing	missing finite NBLA	05	colocado	61	medium	contains verb-like Spanish token; currently owned by neighboring row G04 with verb-like text	MNA/data/alignments/1corintios/1corintios-12-18.tsv
1corintios 12:18	15	ἠθέλησεν	θέλω	V-AAI-3S	-	-	missing	missing finite NBLA	14	cuerpo	61	medium	contains verb-like Spanish token; currently owned by neighboring row G11 with verb-like text	MNA/data/alignments/1corintios/1corintios-12-18.tsv
1corintios 12:18	15	ἠθέλησεν	θέλω	V-AAI-3S	-	-	missing	missing finite NBLA	17	agradó	61	medium	contains verb-like Spanish token; currently owned by neighboring row G14 with verb-like text	MNA/data/alignments/1corintios/1corintios-12-18.tsv
1corintios 12:18	15	ἠθέλησεν	θέλω	V-AAI-3S	-	-	missing	missing finite NBLA	05-06	colocado a	61	medium	contains verb-like Spanish token; currently owned by neighboring row G04 with verb-like text	MNA/data/alignments/1corintios/1corintios-12-18.tsv
1corintios 12:18	15	ἠθέλησεν	θέλω	V-AAI-3S	-	-	missing	missing finite NBLA	05-07	colocado a cada	61	medium	contains verb-like Spanish token; currently owned by neighboring row G04 with verb-like text	MNA/data/alignments/1corintios/1corintios-12-18.tsv
1corintios 12:21	02	δύναται	δύναμαι	V-PMI-3S	02	el	direct	suspicious finite NBLA surface	05	puede	102	high	contains verb-like Spanish token; strong known verb word; near current corrupted NBLA index; currently owned by neighboring row G04 with verb-like text	MNA/data/alignments/1corintios/1corintios-12-21.tsv
1corintios 12:21	02	δύναται	δύναμαι	V-PMI-3S	02	el	direct	suspicious finite NBLA surface	03-05	ojo no puede	102	high	contains verb-like Spanish token; strong known verb word; near current corrupted NBLA index; currently owned by neighboring row G04 with verb-like text	MNA/data/alignments/1corintios/1corintios-12-21.tsv
1corintios 12:21	02	δύναται	δύναμαι	V-PMI-3S	02	el	direct	suspicious finite NBLA surface	04-05	no puede	102	high	contains verb-like Spanish token; strong known verb word; near current corrupted NBLA index; currently owned by neighboring row G04 with verb-like text	MNA/data/alignments/1corintios/1corintios-12-21.tsv
1corintios 12:21	02	δύναται	δύναμαι	V-PMI-3S	02	el	direct	suspicious finite NBLA surface	04-06	no puede decirle	102	high	contains verb-like Spanish token; strong known verb word; near current corrupted NBLA index; currently owned by neighboring row G04 with verb-like text	MNA/data/alignments/1corintios/1corintios-12-21.tsv
1corintios 12:21	02	δύναται	δύναμαι	V-PMI-3S	02	el	direct	suspicious finite NBLA surface	05-06	puede decirle	102	high	contains verb-like Spanish token; strong known verb word; near current corrupted NBLA index; currently owned by neighboring row G04 with verb-like text	MNA/data/alignments/1corintios/1corintios-12-21.tsv
1corintios 12:31	01	ζηλοῦτε	ζηλόω	V-PAD-2P	01	pero	direct	suspicious finite NBLA surface	02	deseen	77	high	contains verb-like Spanish token; near current corrupted NBLA index; currently owned by neighboring row G02 with verb-like text	MNA/data/alignments/1corintios/1corintios-12-31.tsv
1corintios 12:31	01	ζηλοῦτε	ζηλόω	V-PAD-2P	01	pero	direct	suspicious finite NBLA surface	03	ardientemente	77	high	contains verb-like Spanish token; near current corrupted NBLA index; currently owned by neighboring row G02 with verb-like text	MNA/data/alignments/1corintios/1corintios-12-31.tsv
1corintios 12:31	01	ζηλοῦτε	ζηλόω	V-PAD-2P	01	pero	direct	suspicious finite NBLA surface	05	mejores	77	high	contains verb-like Spanish token; near current corrupted NBLA index; currently owned by neighboring row G04 with verb-like text	MNA/data/alignments/1corintios/1corintios-12-31.tsv
1corintios 12:31	01	ζηλοῦτε	ζηλόω	V-PAD-2P	01	pero	direct	suspicious finite NBLA surface	01-02	pero deseen	77	high	contains verb-like Spanish token; near current corrupted NBLA index; currently owned by neighboring row G02 with verb-like text	MNA/data/alignments/1corintios/1corintios-12-31.tsv
1corintios 12:31	01	ζηλοῦτε	ζηλόω	V-PAD-2P	01	pero	direct	suspicious finite NBLA surface	01-03	pero deseen ardientemente	77	high	contains verb-like Spanish token; near current corrupted NBLA index; currently owned by neighboring row G02 with verb-like text	MNA/data/alignments/1corintios/1corintios-12-31.tsv
1corintios 13:1	06	λαλῶ	λαλέω	V-PAS-1S	06	y	direct	suspicious finite NBLA surface	10	tengo	102	high	contains verb-like Spanish token; strong known verb word; near current corrupted NBLA index; currently owned by neighboring row G09 with verb-like text	MNA/data/alignments/1corintios/1corintios-13-1.tsv
1corintios 13:1	06	λαλῶ	λαλέω	V-PAS-1S	06	y	direct	suspicious finite NBLA surface	08-10	pero no tengo	102	high	contains verb-like Spanish token; strong known verb word; near current corrupted NBLA index; currently owned by neighboring row G07 with verb-like text	MNA/data/alignments/1corintios/1corintios-13-1.tsv
1corintios 13:1	06	λαλῶ	λαλέω	V-PAS-1S	06	y	direct	suspicious finite NBLA surface	09-10	no tengo	102	high	contains verb-like Spanish token; strong known verb word; near current corrupted NBLA index; currently owned by neighboring row G09 with verb-like text	MNA/data/alignments/1corintios/1corintios-13-1.tsv
1corintios 13:1	06	λαλῶ	λαλέω	V-PAS-1S	06	y	direct	suspicious finite NBLA surface	09-11	no tengo amor	102	high	contains verb-like Spanish token; strong known verb word; near current corrupted NBLA index; currently owned by neighboring row G09 with verb-like text	MNA/data/alignments/1corintios/1corintios-13-1.tsv
1corintios 13:1	06	λαλῶ	λαλέω	V-PAS-1S	06	y	direct	suspicious finite NBLA surface	10-11	tengo amor	102	high	contains verb-like Spanish token; strong known verb word; near current corrupted NBLA index; currently owned by neighboring row G09 with verb-like text	MNA/data/alignments/1corintios/1corintios-13-1.tsv
1corintios 13:2	03	ἔχω	ἔχω	V-PAS-1S	04	el	direct	suspicious finite NBLA surface	03	tuviera	77	high	contains verb-like Spanish token; near current corrupted NBLA index; currently owned by neighboring row G02 with verb-like text	MNA/data/alignments/1corintios/1corintios-13-2.tsv
1corintios 13:2	03	ἔχω	ἔχω	V-PAS-1S	04	el	direct	suspicious finite NBLA surface	07	profecía	77	high	contains verb-like Spanish token; near current corrupted NBLA index; currently owned by neighboring row G05 with verb-like text	MNA/data/alignments/1corintios/1corintios-13-2.tsv
1corintios 13:2	03	ἔχω	ἔχω	V-PAS-1S	04	el	direct	suspicious finite NBLA surface	01-03	y si tuviera	77	high	contains verb-like Spanish token; near current corrupted NBLA index; currently owned by neighboring row G02 with verb-like text	MNA/data/alignments/1corintios/1corintios-13-2.tsv
1corintios 13:2	03	ἔχω	ἔχω	V-PAS-1S	04	el	direct	suspicious finite NBLA surface	02-03	si tuviera	77	high	contains verb-like Spanish token; near current corrupted NBLA index; currently owned by neighboring row G02 with verb-like text	MNA/data/alignments/1corintios/1corintios-13-2.tsv
1corintios 13:2	03	ἔχω	ἔχω	V-PAS-1S	04	el	direct	suspicious finite NBLA surface	02-04	si tuviera el	77	high	contains verb-like Spanish token; near current corrupted NBLA index; currently owned by neighboring row G02 with verb-like text	MNA/data/alignments/1corintios/1corintios-13-2.tsv
1corintios 13:2	06	εἰδῶ	οἶδα	V-XAS-1S	08	y	direct	suspicious finite NBLA surface	07	profecía	77	high	contains verb-like Spanish token; near current corrupted NBLA index; currently owned by neighboring row G05 with verb-like text	MNA/data/alignments/1corintios/1corintios-13-2.tsv
1corintios 13:2	06	εἰδῶ	οἶδα	V-XAS-1S	08	y	direct	suspicious finite NBLA surface	09	entendiera	77	high	contains verb-like Spanish token; near current corrupted NBLA index; currently owned by neighboring row G07 with verb-like text	MNA/data/alignments/1corintios/1corintios-13-2.tsv
1corintios 13:2	06	εἰδῶ	οἶδα	V-XAS-1S	08	y	direct	suspicious finite NBLA surface	02-04	si tuviera el	77	high	contains verb-like Spanish token; near current corrupted NBLA index; currently owned by neighboring row G02 with verb-like text	MNA/data/alignments/1corintios/1corintios-13-2.tsv
1corintios 13:2	06	εἰδῶ	οἶδα	V-XAS-1S	08	y	direct	suspicious finite NBLA surface	03-04	tuviera el	77	high	contains verb-like Spanish token; near current corrupted NBLA index; currently owned by neighboring row G02 with verb-like text	MNA/data/alignments/1corintios/1corintios-13-2.tsv
1corintios 13:2	06	εἰδῶ	οἶδα	V-XAS-1S	08	y	direct	suspicious finite NBLA surface	03-05	tuviera el don	77	high	contains verb-like Spanish token; near current corrupted NBLA index; currently owned by neighboring row G02 with verb-like text	MNA/data/alignments/1corintios/1corintios-13-2.tsv
1corintios 13:2	16	ἔχω	ἔχω	V-PAS-1S	19	toda	direct	suspicious finite NBLA surface	26-28	pero no tengo	94	high	contains verb-like Spanish token; strong known verb word; currently owned by neighboring row G23 with verb-like text	MNA/data/alignments/1corintios/1corintios-13-2.tsv
1corintios 13:2	16	ἔχω	ἔχω	V-PAS-1S	19	toda	direct	suspicious finite NBLA surface	27-28	no tengo	94	high	contains verb-like Spanish token; strong known verb word; currently owned by neighboring row G24 with verb-like text	MNA/data/alignments/1corintios/1corintios-13-2.tsv
1corintios 13:2	16	ἔχω	ἔχω	V-PAS-1S	19	toda	direct	suspicious finite NBLA surface	27-29	no tengo amor	94	high	contains verb-like Spanish token; strong known verb word; currently owned by neighboring row G24 with verb-like text	MNA/data/alignments/1corintios/1corintios-13-2.tsv
1corintios 13:2	16	ἔχω	ἔχω	V-PAS-1S	19	toda	direct	suspicious finite NBLA surface	15	conocimiento	77	high	contains verb-like Spanish token; near current corrupted NBLA index; currently owned by neighboring row G12 with verb-like text	MNA/data/alignments/1corintios/1corintios-13-2.tsv
1corintios 13:2	16	ἔχω	ἔχω	V-PAS-1S	19	toda	direct	suspicious finite NBLA surface	18	tuviera	77	high	contains verb-like Spanish token; near current corrupted NBLA index; currently owned by neighboring row G15 with verb-like text	MNA/data/alignments/1corintios/1corintios-13-2.tsv
1corintios 13:2	28	εἰμι	εἰμί	V-PAI-1S	-	-	missing	missing finite NBLA	28	tengo	86	high	contains verb-like Spanish token; strong known verb word; currently owned by neighboring row G24 with verb-like text	MNA/data/alignments/1corintios/1corintios-13-2.tsv
1corintios 13:2	28	εἰμι	εἰμί	V-PAI-1S	-	-	missing	missing finite NBLA	26-28	pero no tengo	86	high	contains verb-like Spanish token; strong known verb word; currently owned by neighboring row G23 with verb-like text	MNA/data/alignments/1corintios/1corintios-13-2.tsv
1corintios 13:2	28	εἰμι	εἰμί	V-PAI-1S	-	-	missing	missing finite NBLA	27-28	no tengo	86	high	contains verb-like Spanish token; strong known verb word; currently owned by neighboring row G24 with verb-like text	MNA/data/alignments/1corintios/1corintios-13-2.tsv
1corintios 13:2	28	εἰμι	εἰμί	V-PAI-1S	-	-	missing	missing finite NBLA	27-29	no tengo amor	86	high	contains verb-like Spanish token; strong known verb word; currently owned by neighboring row G24 with verb-like text	MNA/data/alignments/1corintios/1corintios-13-2.tsv
1corintios 13:2	28	εἰμι	εἰμί	V-PAI-1S	-	-	missing	missing finite NBLA	28-29	tengo amor	86	high	contains verb-like Spanish token; strong known verb word; currently owned by neighboring row G24 with verb-like text	MNA/data/alignments/1corintios/1corintios-13-2.tsv
1corintios 13:3	03	ψωμίσω	ψωμίζω	V-AAS-1S	04	todos	direct	suspicious finite NBLA surface	03	diera	77	high	contains verb-like Spanish token; near current corrupted NBLA index; currently owned by neighboring row G02 with verb-like text	MNA/data/alignments/1corintios/1corintios-13-3.tsv
1corintios 13:3	03	ψωμίσω	ψωμίζω	V-AAS-1S	04	todos	direct	suspicious finite NBLA surface	06	bienes	77	high	contains verb-like Spanish token; near current corrupted NBLA index; currently owned by neighboring row G05 with verb-like text	MNA/data/alignments/1corintios/1corintios-13-3.tsv
1corintios 13:3	03	ψωμίσω	ψωμίζω	V-AAS-1S	04	todos	direct	suspicious finite NBLA surface	01-03	y si diera	77	high	contains verb-like Spanish token; near current corrupted NBLA index; currently owned by neighboring row G02 with verb-like text	MNA/data/alignments/1corintios/1corintios-13-3.tsv
1corintios 13:3	03	ψωμίσω	ψωμίζω	V-AAS-1S	04	todos	direct	suspicious finite NBLA surface	02-03	si diera	77	high	contains verb-like Spanish token; near current corrupted NBLA index; currently owned by neighboring row G02 with verb-like text	MNA/data/alignments/1corintios/1corintios-13-3.tsv
1corintios 13:3	03	ψωμίσω	ψωμίζω	V-AAS-1S	04	todos	direct	suspicious finite NBLA surface	02-04	si diera todos	77	high	contains verb-like Spanish token; near current corrupted NBLA index; currently owned by neighboring row G02 with verb-like text	MNA/data/alignments/1corintios/1corintios-13-3.tsv
1corintios 13:3	10	παραδῶ	παραδίδωμι	V-AAS-1S	11	a	direct	suspicious finite NBLA surface	13	pobres	77	high	contains verb-like Spanish token; near current corrupted NBLA index; currently owned by neighboring row G12 with verb-like text	MNA/data/alignments/1corintios/1corintios-13-3.tsv
1corintios 13:3	10	παραδῶ	παραδίδωμι	V-AAS-1S	11	a	direct	suspicious finite NBLA surface	05-07	mis bienes para	77	high	contains verb-like Spanish token; near current corrupted NBLA index; currently owned by neighboring row G05 with verb-like text	MNA/data/alignments/1corintios/1corintios-13-3.tsv
1corintios 13:3	10	παραδῶ	παραδίδωμι	V-AAS-1S	11	a	direct	suspicious finite NBLA surface	06-07	bienes para	77	high	contains verb-like Spanish token; near current corrupted NBLA index; currently owned by neighboring row G05 with verb-like text	MNA/data/alignments/1corintios/1corintios-13-3.tsv
1corintios 13:3	10	παραδῶ	παραδίδωμι	V-AAS-1S	11	a	direct	suspicious finite NBLA surface	06-08	bienes para dar	77	high	contains verb-like Spanish token; near current corrupted NBLA index; currently owned by neighboring row G05 with verb-like text	MNA/data/alignments/1corintios/1corintios-13-3.tsv
1corintios 13:3	10	παραδῶ	παραδίδωμι	V-AAS-1S	11	a	direct	suspicious finite NBLA surface	07-08	para dar	77	high	contains verb-like Spanish token; near current corrupted NBLA index; currently owned by neighboring row G06 with verb-like text	MNA/data/alignments/1corintios/1corintios-13-3.tsv
1corintios 13:3	15	καυθήσομαι	καίω	V-FPI-1S	19	para	direct	suspicious finite NBLA surface	16	entregara	77	high	contains verb-like Spanish token; near current corrupted NBLA index; currently owned by neighboring row G14 with verb-like text	MNA/data/alignments/1corintios/1corintios-13-3.tsv
1corintios 13:3	15	καυθήσομαι	καίω	V-FPI-1S	19	para	direct	suspicious finite NBLA surface	18	cuerpo	77	high	contains verb-like Spanish token; near current corrupted NBLA index; currently owned by neighboring row G14 with verb-like text	MNA/data/alignments/1corintios/1corintios-13-3.tsv
1corintios 13:3	15	καυθήσομαι	καίω	V-FPI-1S	19	para	direct	suspicious finite NBLA surface	21	quemado	77	high	contains verb-like Spanish token; near current corrupted NBLA index; currently owned by neighboring row G17 with verb-like text	MNA/data/alignments/1corintios/1corintios-13-3.tsv
1corintios 13:3	15	καυθήσομαι	καίω	V-FPI-1S	19	para	direct	suspicious finite NBLA surface	13-15	pobres y si	77	high	contains verb-like Spanish token; near current corrupted NBLA index; currently owned by neighboring row G12 with verb-like text	MNA/data/alignments/1corintios/1corintios-13-3.tsv
1corintios 13:3	15	καυθήσομαι	καίω	V-FPI-1S	19	para	direct	suspicious finite NBLA surface	14-16	y si entregara	77	high	contains verb-like Spanish token; near current corrupted NBLA index; currently owned by neighboring row G14 with verb-like text	MNA/data/alignments/1corintios/1corintios-13-3.tsv
1corintios 13:6	06	συγχαίρει	συγχαίρω	V-PAI-3S	09	sino	direct	suspicious finite NBLA surface	05	regocija	77	high	contains verb-like Spanish token; near current corrupted NBLA index; currently owned by neighboring row G03 with verb-like text	MNA/data/alignments/1corintios/1corintios-13-6.tsv
1corintios 13:6	06	συγχαίρει	συγχαίρω	V-PAI-3S	09	sino	direct	suspicious finite NBLA surface	08	injusticia	77	high	contains verb-like Spanish token; near current corrupted NBLA index; currently owned by neighboring row G05 with verb-like text	MNA/data/alignments/1corintios/1corintios-13-6.tsv
1corintios 13:6	06	συγχαίρει	συγχαίρω	V-PAI-3S	09	sino	direct	suspicious finite NBLA surface	12	alegra	77	high	contains verb-like Spanish token; near current corrupted NBLA index; currently owned by neighboring row G08 with verb-like text	MNA/data/alignments/1corintios/1corintios-13-6.tsv
1corintios 13:6	06	συγχαίρει	συγχαίρω	V-PAI-3S	09	sino	direct	suspicious finite NBLA surface	03-05	no se regocija	77	high	contains verb-like Spanish token; near current corrupted NBLA index; currently owned by neighboring row G03 with verb-like text	MNA/data/alignments/1corintios/1corintios-13-6.tsv
1corintios 13:6	06	συγχαίρει	συγχαίρω	V-PAI-3S	09	sino	direct	suspicious finite NBLA surface	04-05	se regocija	77	high	contains verb-like Spanish token; near current corrupted NBLA index; currently owned by neighboring row G03 with verb-like text	MNA/data/alignments/1corintios/1corintios-13-6.tsv
1corintios 13:9	08	προφητεύομεν	προφητεύω	V-PAI-1P	-	-	missing	missing finite NBLA	01	porque	61	medium	contains verb-like Spanish token; currently owned by neighboring row G01 with verb-like text	MNA/data/alignments/1corintios/1corintios-13-9.tsv
1corintios 13:9	08	προφητεύομεν	προφητεύω	V-PAI-1P	-	-	missing	missing finite NBLA	03	parte	61	medium	contains verb-like Spanish token; currently owned by neighboring row G03 with verb-like text	MNA/data/alignments/1corintios/1corintios-13-9.tsv
1corintios 13:9	08	προφητεύομεν	προφητεύω	V-PAI-1P	-	-	missing	missing finite NBLA	07	parte	61	medium	contains verb-like Spanish token; currently owned by neighboring row G06 with verb-like text	MNA/data/alignments/1corintios/1corintios-13-9.tsv
1corintios 13:9	08	προφητεύομεν	προφητεύω	V-PAI-1P	-	-	missing	missing finite NBLA	08	profetizamos	61	medium	contains verb-like Spanish token; currently owned by neighboring row G07 with verb-like text	MNA/data/alignments/1corintios/1corintios-13-9.tsv
1corintios 13:9	08	προφητεύομεν	προφητεύω	V-PAI-1P	-	-	missing	missing finite NBLA	01-02	porque en	61	medium	contains verb-like Spanish token; currently owned by neighboring row G01 with verb-like text	MNA/data/alignments/1corintios/1corintios-13-9.tsv
1corintios 13:10	03	ἔλθῃ	ἔρχομαι	V-AAS-3S	04	lo	direct	suspicious finite NBLA surface	02	cuando	77	high	contains verb-like Spanish token; near current corrupted NBLA index; currently owned by neighboring row G02 with verb-like text	MNA/data/alignments/1corintios/1corintios-13-10.tsv
1corintios 13:10	03	ἔλθῃ	ἔρχομαι	V-AAS-3S	04	lo	direct	suspicious finite NBLA surface	03	venga	77	high	contains verb-like Spanish token; near current corrupted NBLA index; currently owned by neighboring row G02 with verb-like text	MNA/data/alignments/1corintios/1corintios-13-10.tsv
1corintios 13:10	03	ἔλθῃ	ἔρχομαι	V-AAS-3S	04	lo	direct	suspicious finite NBLA surface	05	perfecto	77	high	contains verb-like Spanish token; near current corrupted NBLA index; currently owned by neighboring row G04 with verb-like text	MNA/data/alignments/1corintios/1corintios-13-10.tsv
1corintios 13:10	03	ἔλθῃ	ἔρχομαι	V-AAS-3S	04	lo	direct	suspicious finite NBLA surface	07	incompleto	77	high	contains verb-like Spanish token; near current corrupted NBLA index; currently owned by neighboring row G06 with verb-like text	MNA/data/alignments/1corintios/1corintios-13-10.tsv
1corintios 13:10	03	ἔλθῃ	ἔρχομαι	V-AAS-3S	04	lo	direct	suspicious finite NBLA surface	01-02	pero cuando	77	high	contains verb-like Spanish token; near current corrupted NBLA index; currently owned by neighboring row G01 with verb-like text	MNA/data/alignments/1corintios/1corintios-13-10.tsv
1corintios 13:10	09	καταργηθήσεται	καταργέω	V-FPI-3S	-	-	missing	missing finite NBLA	02	cuando	61	medium	contains verb-like Spanish token; currently owned by neighboring row G02 with verb-like text	MNA/data/alignments/1corintios/1corintios-13-10.tsv
1corintios 13:10	09	καταργηθήσεται	καταργέω	V-FPI-3S	-	-	missing	missing finite NBLA	03	venga	61	medium	contains verb-like Spanish token; currently owned by neighboring row G02 with verb-like text	MNA/data/alignments/1corintios/1corintios-13-10.tsv
1corintios 13:10	09	καταργηθήσεται	καταργέω	V-FPI-3S	-	-	missing	missing finite NBLA	05	perfecto	61	medium	contains verb-like Spanish token; currently owned by neighboring row G04 with verb-like text	MNA/data/alignments/1corintios/1corintios-13-10.tsv
1corintios 13:10	09	καταργηθήσεται	καταργέω	V-FPI-3S	-	-	missing	missing finite NBLA	07	incompleto	61	medium	contains verb-like Spanish token; currently owned by neighboring row G06 with verb-like text	MNA/data/alignments/1corintios/1corintios-13-10.tsv
1corintios 13:10	09	καταργηθήσεται	καταργέω	V-FPI-3S	-	-	missing	missing finite NBLA	09	acabará	61	medium	contains verb-like Spanish token; currently owned by neighboring row G08 with verb-like text	MNA/data/alignments/1corintios/1corintios-13-10.tsv
1corintios 13:12	22	ἐπεγνώσθην	ἐπιγινώσκω	V-API-1S	-	-	missing	missing finite NBLA	13	cara	61	medium	contains verb-like Spanish token; currently owned by neighboring row G10 with verb-like text	MNA/data/alignments/1corintios/1corintios-13-12.tsv
1corintios 13:12	22	ἐπεγνώσθην	ἐπιγινώσκω	V-API-1S	-	-	missing	missing finite NBLA	14	ahora	61	medium	contains verb-like Spanish token; currently owned by neighboring row G11 with verb-like text	MNA/data/alignments/1corintios/1corintios-13-12.tsv
1corintios 13:12	22	ἐπεγνώσθην	ἐπιγινώσκω	V-API-1S	-	-	missing	missing finite NBLA	15	conozco	61	medium	contains verb-like Spanish token; currently owned by neighboring row G12 with verb-like text	MNA/data/alignments/1corintios/1corintios-13-12.tsv
1corintios 13:12	22	ἐπεγνώσθην	ἐπιγινώσκω	V-API-1S	-	-	missing	missing finite NBLA	19	entonces	61	medium	contains verb-like Spanish token; currently owned by neighboring row G16 with verb-like text	MNA/data/alignments/1corintios/1corintios-13-12.tsv
1corintios 13:12	22	ἐπεγνώσθην	ἐπιγινώσκω	V-API-1S	-	-	missing	missing finite NBLA	20	conoceré	61	medium	contains verb-like Spanish token; currently owned by neighboring row G17 with verb-like text	MNA/data/alignments/1corintios/1corintios-13-12.tsv
1corintios 13:13	03	μένει	μένω	V-PAI-3S	04	la	direct	suspicious finite NBLA surface	02	ahora	77	high	contains verb-like Spanish token; near current corrupted NBLA index; currently owned by neighboring row G02 with verb-like text	MNA/data/alignments/1corintios/1corintios-13-13.tsv
1corintios 13:13	03	μένει	μένω	V-PAI-3S	04	la	direct	suspicious finite NBLA surface	03	permanecen	77	high	contains verb-like Spanish token; near current corrupted NBLA index; currently owned by neighboring row G02 with verb-like text	MNA/data/alignments/1corintios/1corintios-13-13.tsv
1corintios 13:13	03	μένει	μένω	V-PAI-3S	04	la	direct	suspicious finite NBLA surface	07	esperanza	77	high	contains verb-like Spanish token; near current corrupted NBLA index; currently owned by neighboring row G06 with verb-like text	MNA/data/alignments/1corintios/1corintios-13-13.tsv
1corintios 13:13	03	μένει	μένω	V-PAI-3S	04	la	direct	suspicious finite NBLA surface	01-02	y ahora	77	high	contains verb-like Spanish token; near current corrupted NBLA index; currently owned by neighboring row G02 with verb-like text	MNA/data/alignments/1corintios/1corintios-13-13.tsv
1corintios 13:13	03	μένει	μένω	V-PAI-3S	04	la	direct	suspicious finite NBLA surface	01-03	y ahora permanecen	77	high	contains verb-like Spanish token; near current corrupted NBLA index; currently owned by neighboring row G02 with verb-like text	MNA/data/alignments/1corintios/1corintios-13-13.tsv
1corintios 14:1	11	προφητεύητε	προφητεύω	V-PAS-2P	-	-	missing	missing finite NBLA	06	también	61	medium	contains verb-like Spanish token; currently owned by neighboring row G05 with verb-like text	MNA/data/alignments/1corintios/1corintios-14-1.tsv
1corintios 14:1	11	προφητεύητε	προφητεύω	V-PAS-2P	-	-	missing	missing finite NBLA	07	deseen	61	medium	contains verb-like Spanish token; currently owned by neighboring row G06 with verb-like text	MNA/data/alignments/1corintios/1corintios-14-1.tsv
1corintios 14:1	11	προφητεύητε	προφητεύω	V-PAS-2P	-	-	missing	missing finite NBLA	08	ardientemente	61	medium	contains verb-like Spanish token; currently owned by neighboring row G07 with verb-like text	MNA/data/alignments/1corintios/1corintios-14-1.tsv
1corintios 14:1	11	προφητεύητε	προφητεύω	V-PAS-2P	-	-	missing	missing finite NBLA	10	dones	61	medium	contains verb-like Spanish token; currently owned by neighboring row G09 with verb-like text	MNA/data/alignments/1corintios/1corintios-14-1.tsv
1corintios 14:1	11	προφητεύητε	προφητεύω	V-PAS-2P	-	-	missing	missing finite NBLA	11	espirituales	61	medium	contains verb-like Spanish token; currently owned by neighboring row G09 with verb-like text	MNA/data/alignments/1corintios/1corintios-14-1.tsv
1corintios 14:3	05	λαλεῖ	λαλέω	V-PAI-3S	06	a	direct	suspicious finite NBLA surface	04	profetiza	77	high	contains verb-like Spanish token; near current corrupted NBLA index; currently owned by neighboring row G03 with verb-like text	MNA/data/alignments/1corintios/1corintios-14-3.tsv
1corintios 14:3	05	λαλεῖ	λαλέω	V-PAI-3S	06	a	direct	suspicious finite NBLA surface	05	habla	77	high	contains verb-like Spanish token; near current corrupted NBLA index; currently owned by neighboring row G04 with verb-like text	MNA/data/alignments/1corintios/1corintios-14-3.tsv
1corintios 14:3	05	λαλεῖ	λαλέω	V-PAI-3S	06	a	direct	suspicious finite NBLA surface	08	hombres	77	high	contains verb-like Spanish token; near current corrupted NBLA index; currently owned by neighboring row G07 with verb-like text	MNA/data/alignments/1corintios/1corintios-14-3.tsv
1corintios 14:3	05	λαλεῖ	λαλέω	V-PAI-3S	06	a	direct	suspicious finite NBLA surface	01-02	pero el	77	high	contains verb-like Spanish token; near current corrupted NBLA index; currently owned by neighboring row G01 with verb-like text	MNA/data/alignments/1corintios/1corintios-14-3.tsv
1corintios 14:3	05	λαλεῖ	λαλέω	V-PAI-3S	06	a	direct	suspicious finite NBLA surface	01-03	pero el que	77	high	contains verb-like Spanish token; near current corrupted NBLA index; currently owned by neighboring row G01 with verb-like text	MNA/data/alignments/1corintios/1corintios-14-3.tsv
1corintios 14:5	27	λάβῃ	λαμβάνω	V-AAS-3S	-	-	missing	missing finite NBLA	17-18	es superior	91	high	contains verb-like Spanish token; auxiliary + verbal phrase candidate; currently owned by neighboring row G11 with verb-like text	MNA/data/alignments/1corintios/1corintios-14-5.tsv
1corintios 14:5	27	λάβῃ	λαμβάνω	V-AAS-3S	-	-	missing	missing finite NBLA	17-19	es superior al	91	high	contains verb-like Spanish token; auxiliary + verbal phrase candidate; currently owned by neighboring row G11 with verb-like text	MNA/data/alignments/1corintios/1corintios-14-5.tsv
1corintios 14:5	27	λάβῃ	λαμβάνω	V-AAS-3S	-	-	missing	missing finite NBLA	17-20	es superior al que	71	medium	contains verb-like Spanish token; auxiliary + verbal phrase candidate; currently owned by neighboring row G11 with verb-like text	MNA/data/alignments/1corintios/1corintios-14-5.tsv
1corintios 14:5	27	λάβῃ	λαμβάνω	V-AAS-3S	-	-	missing	missing finite NBLA	17	es	61	medium	contains verb-like Spanish token; currently owned by neighboring row G11 with verb-like text	MNA/data/alignments/1corintios/1corintios-14-5.tsv
1corintios 14:5	27	λάβῃ	λαμβάνω	V-AAS-3S	-	-	missing	missing finite NBLA	21	habla	61	medium	contains verb-like Spanish token; currently owned by neighboring row G14 with verb-like text	MNA/data/alignments/1corintios/1corintios-14-5.tsv
1corintios 14:12	13	ζητεῖτε	ζητέω	V-PAD-2P	14	la	direct	suspicious finite NBLA surface	18	iglesia	77	high	contains verb-like Spanish token; near current corrupted NBLA index; currently owned by neighboring row G14 with verb-like text	MNA/data/alignments/1corintios/1corintios-14-12.tsv
1corintios 14:12	13	ζητεῖτε	ζητέω	V-PAD-2P	14	la	direct	suspicious finite NBLA surface	08-10	espirituales procuren abundar	77	high	contains verb-like Spanish token; near current corrupted NBLA index; currently owned by neighboring row G07 with verb-like text	MNA/data/alignments/1corintios/1corintios-14-12.tsv
1corintios 14:12	13	ζητεῖτε	ζητέω	V-PAD-2P	14	la	direct	suspicious finite NBLA surface	09-10	procuren abundar	77	high	contains verb-like Spanish token; near current corrupted NBLA index; currently owned by neighboring row G08 with verb-like text	MNA/data/alignments/1corintios/1corintios-14-12.tsv
1corintios 14:12	13	ζητεῖτε	ζητέω	V-PAD-2P	14	la	direct	suspicious finite NBLA surface	09-11	procuren abundar en	77	high	contains verb-like Spanish token; near current corrupted NBLA index; currently owned by neighboring row G08 with verb-like text	MNA/data/alignments/1corintios/1corintios-14-12.tsv
1corintios 14:12	13	ζητεῖτε	ζητέω	V-PAD-2P	14	la	direct	suspicious finite NBLA surface	11-13	en ellos para	77	high	contains verb-like Spanish token; near current corrupted NBLA index; currently owned by neighboring row G12 with verb-like text	MNA/data/alignments/1corintios/1corintios-14-12.tsv
1corintios 14:12	15	περισσεύητε	περισσεύω	V-PAS-2P	-	-	missing	missing finite NBLA	06	anhelan	61	medium	contains verb-like Spanish token; currently owned by neighboring row G05 with verb-like text	MNA/data/alignments/1corintios/1corintios-14-12.tsv
1corintios 14:12	15	περισσεύητε	περισσεύω	V-PAS-2P	-	-	missing	missing finite NBLA	08	espirituales	61	medium	contains verb-like Spanish token; currently owned by neighboring row G07 with verb-like text	MNA/data/alignments/1corintios/1corintios-14-12.tsv
1corintios 14:12	15	περισσεύητε	περισσεύω	V-PAS-2P	-	-	missing	missing finite NBLA	09	procuren	61	medium	contains verb-like Spanish token; currently owned by neighboring row G08 with verb-like text	MNA/data/alignments/1corintios/1corintios-14-12.tsv
1corintios 14:12	15	περισσεύητε	περισσεύω	V-PAS-2P	-	-	missing	missing finite NBLA	18	iglesia	61	medium	contains verb-like Spanish token; currently owned by neighboring row G14 with verb-like text	MNA/data/alignments/1corintios/1corintios-14-12.tsv
1corintios 14:12	15	περισσεύητε	περισσεύω	V-PAS-2P	-	-	missing	missing finite NBLA	05-06	que anhelan	61	medium	contains verb-like Spanish token; currently owned by neighboring row G05 with verb-like text	MNA/data/alignments/1corintios/1corintios-14-12.tsv
1corintios 14:15	04	προσεύξομαι	προσεύχομαι	V-FMI-1S	04	con	direct	suspicious finite NBLA surface	01	entonces	77	high	contains verb-like Spanish token; near current corrupted NBLA index; currently owned by neighboring row G01 with verb-like text	MNA/data/alignments/1corintios/1corintios-14-15.tsv
1corintios 14:15	04	προσεύξομαι	προσεύχομαι	V-FMI-1S	04	con	direct	suspicious finite NBLA surface	08	también	77	high	contains verb-like Spanish token; near current corrupted NBLA index; currently owned by neighboring row G08 with verb-like text	MNA/data/alignments/1corintios/1corintios-14-15.tsv
1corintios 14:15	04	προσεύξομαι	προσεύχομαι	V-FMI-1S	04	con	direct	suspicious finite NBLA surface	01-02	entonces qué	77	high	contains verb-like Spanish token; near current corrupted NBLA index; currently owned by neighboring row G01 with verb-like text	MNA/data/alignments/1corintios/1corintios-14-15.tsv
1corintios 14:15	04	προσεύξομαι	προσεύχομαι	V-FMI-1S	04	con	direct	suspicious finite NBLA surface	05-07	el espíritu pero	77	high	contains verb-like Spanish token; near current corrupted NBLA index; currently owned by neighboring row G07 with verb-like text	MNA/data/alignments/1corintios/1corintios-14-15.tsv
1corintios 14:15	04	προσεύξομαι	προσεύχομαι	V-FMI-1S	04	con	direct	suspicious finite NBLA surface	06-07	espíritu pero	77	high	contains verb-like Spanish token; near current corrupted NBLA index; currently owned by neighboring row G07 with verb-like text	MNA/data/alignments/1corintios/1corintios-14-15.tsv
1corintios 14:15	07	προσεύξομαι	προσεύχομαι	V-FMI-1S	07	pero	direct	suspicious finite NBLA surface	08	también	77	high	contains verb-like Spanish token; near current corrupted NBLA index; currently owned by neighboring row G08 with verb-like text	MNA/data/alignments/1corintios/1corintios-14-15.tsv
1corintios 14:15	07	προσεύξομαι	προσεύχομαι	V-FMI-1S	07	pero	direct	suspicious finite NBLA surface	09	oraré	77	high	contains verb-like Spanish token; near current corrupted NBLA index; currently owned by neighboring row G08 with verb-like text	MNA/data/alignments/1corintios/1corintios-14-15.tsv
1corintios 14:15	07	προσεύξομαι	προσεύχομαι	V-FMI-1S	07	pero	direct	suspicious finite NBLA surface	06-08	espíritu pero también	77	high	contains verb-like Spanish token; near current corrupted NBLA index; currently owned by neighboring row G08 with verb-like text	MNA/data/alignments/1corintios/1corintios-14-15.tsv
1corintios 14:15	07	προσεύξομαι	προσεύχομαι	V-FMI-1S	07	pero	direct	suspicious finite NBLA surface	07-08	pero también	77	high	contains verb-like Spanish token; near current corrupted NBLA index; currently owned by neighboring row G08 with verb-like text	MNA/data/alignments/1corintios/1corintios-14-15.tsv
1corintios 14:15	07	προσεύξομαι	προσεύχομαι	V-FMI-1S	07	pero	direct	suspicious finite NBLA surface	07-09	pero también oraré	77	high	contains verb-like Spanish token; near current corrupted NBLA index; currently owned by neighboring row G08 with verb-like text	MNA/data/alignments/1corintios/1corintios-14-15.tsv
1corintios 14:15	12	ψαλῶ	ψάλλω	V-FAI-1S	14	con	direct	suspicious finite NBLA surface	12	entendimiento	77	high	contains verb-like Spanish token; near current corrupted NBLA index; currently owned by neighboring row G10 with verb-like text	MNA/data/alignments/1corintios/1corintios-14-15.tsv
1corintios 14:15	12	ψαλῶ	ψάλλω	V-FAI-1S	14	con	direct	suspicious finite NBLA surface	13	cantaré	77	high	contains verb-like Spanish token; near current corrupted NBLA index; currently owned by neighboring row G11 with verb-like text	MNA/data/alignments/1corintios/1corintios-14-15.tsv
1corintios 14:15	12	ψαλῶ	ψάλλω	V-FAI-1S	14	con	direct	suspicious finite NBLA surface	18	también	77	high	contains verb-like Spanish token; near current corrupted NBLA index; currently owned by neighboring row G16 with verb-like text	MNA/data/alignments/1corintios/1corintios-14-15.tsv
1corintios 14:15	12	ψαλῶ	ψάλλω	V-FAI-1S	14	con	direct	suspicious finite NBLA surface	08-10	también oraré con	77	high	contains verb-like Spanish token; near current corrupted NBLA index; currently owned by neighboring row G08 with verb-like text	MNA/data/alignments/1corintios/1corintios-14-15.tsv
1corintios 14:15	12	ψαλῶ	ψάλλω	V-FAI-1S	14	con	direct	suspicious finite NBLA surface	09-10	oraré con	77	high	contains verb-like Spanish token; near current corrupted NBLA index; currently owned by neighboring row G08 with verb-like text	MNA/data/alignments/1corintios/1corintios-14-15.tsv
1corintios 14:15	15	ψαλῶ	ψάλλω	V-FAI-1S	17	pero	direct	suspicious finite NBLA surface	13	cantaré	77	high	contains verb-like Spanish token; near current corrupted NBLA index; currently owned by neighboring row G11 with verb-like text	MNA/data/alignments/1corintios/1corintios-14-15.tsv
1corintios 14:15	15	ψαλῶ	ψάλλω	V-FAI-1S	17	pero	direct	suspicious finite NBLA surface	18	también	77	high	contains verb-like Spanish token; near current corrupted NBLA index; currently owned by neighboring row G16 with verb-like text	MNA/data/alignments/1corintios/1corintios-14-15.tsv
1corintios 14:15	15	ψαλῶ	ψάλλω	V-FAI-1S	17	pero	direct	suspicious finite NBLA surface	19	cantaré	77	high	contains verb-like Spanish token; near current corrupted NBLA index; currently owned by neighboring row G16 with verb-like text	MNA/data/alignments/1corintios/1corintios-14-15.tsv
1corintios 14:15	15	ψαλῶ	ψάλλω	V-FAI-1S	17	pero	direct	suspicious finite NBLA surface	11-13	el entendimiento cantaré	77	high	contains verb-like Spanish token; near current corrupted NBLA index; currently owned by neighboring row G10 with verb-like text	MNA/data/alignments/1corintios/1corintios-14-15.tsv
1corintios 14:15	15	ψαλῶ	ψάλλω	V-FAI-1S	17	pero	direct	suspicious finite NBLA surface	12-13	entendimiento cantaré	77	high	contains verb-like Spanish token; near current corrupted NBLA index; currently owned by neighboring row G10 with verb-like text	MNA/data/alignments/1corintios/1corintios-14-15.tsv
1corintios 14:21	04	γέγραπται	γράφω	V-XPI-3S	06	por	direct	suspicious finite NBLA surface	05	escrito	102	high	contains verb-like Spanish token; strong known verb word; near current corrupted NBLA index; currently owned by neighboring row G03 with verb-like text	MNA/data/alignments/1corintios/1corintios-14-21.tsv
1corintios 14:21	04	γέγραπται	γράφω	V-XPI-3S	06	por	direct	suspicious finite NBLA surface	03-05	ley está escrito	102	high	contains verb-like Spanish token; strong known verb word; near current corrupted NBLA index; currently owned by neighboring row G02 with verb-like text	MNA/data/alignments/1corintios/1corintios-14-21.tsv
1corintios 14:21	04	γέγραπται	γράφω	V-XPI-3S	06	por	direct	suspicious finite NBLA surface	04-05	está escrito	102	high	contains verb-like Spanish token; strong known verb word; near current corrupted NBLA index; currently owned by neighboring row G02 with verb-like text	MNA/data/alignments/1corintios/1corintios-14-21.tsv
1corintios 14:21	04	γέγραπται	γράφω	V-XPI-3S	06	por	direct	suspicious finite NBLA surface	04-06	está escrito por	102	high	contains verb-like Spanish token; strong known verb word; near current corrupted NBLA index; currently owned by neighboring row G02 with verb-like text	MNA/data/alignments/1corintios/1corintios-14-21.tsv
1corintios 14:21	04	γέγραπται	γράφω	V-XPI-3S	06	por	direct	suspicious finite NBLA surface	05-06	escrito por	102	high	contains verb-like Spanish token; strong known verb word; near current corrupted NBLA index; currently owned by neighboring row G03 with verb-like text	MNA/data/alignments/1corintios/1corintios-14-21.tsv
1corintios 14:21	19	εἰσακούσονταί	εἰσακούω	V-FMI-3P	27	el	direct	suspicious finite NBLA surface	26	dice	102	high	contains verb-like Spanish token; strong known verb word; near current corrupted NBLA index; currently owned by neighboring row G18 with verb-like text	MNA/data/alignments/1corintios/1corintios-14-21.tsv
1corintios 14:21	19	εἰσακούσονταί	εἰσακούω	V-FMI-3P	27	el	direct	suspicious finite NBLA surface	24-26	me escucharán dice	102	high	contains verb-like Spanish token; strong known verb word; near current corrupted NBLA index; currently owned by neighboring row G17 with verb-like text	MNA/data/alignments/1corintios/1corintios-14-21.tsv
1corintios 14:21	19	εἰσακούσονταί	εἰσακούω	V-FMI-3P	27	el	direct	suspicious finite NBLA surface	25-26	escucharán dice	102	high	contains verb-like Spanish token; strong known verb word; near current corrupted NBLA index; currently owned by neighboring row G17 with verb-like text	MNA/data/alignments/1corintios/1corintios-14-21.tsv
1corintios 14:21	19	εἰσακούσονταί	εἰσακούω	V-FMI-3P	27	el	direct	suspicious finite NBLA surface	25-27	escucharán dice el	102	high	contains verb-like Spanish token; strong known verb word; near current corrupted NBLA index; currently owned by neighboring row G17 with verb-like text	MNA/data/alignments/1corintios/1corintios-14-21.tsv
1corintios 14:21	19	εἰσακούσονταί	εἰσακούω	V-FMI-3P	27	el	direct	suspicious finite NBLA surface	26-27	dice el	102	high	contains verb-like Spanish token; strong known verb word; near current corrupted NBLA index; currently owned by neighboring row G18 with verb-like text	MNA/data/alignments/1corintios/1corintios-14-21.tsv
1corintios 14:21	21	λέγει	λέγω	V-PAI-3S	-	-	missing	missing finite NBLA	26	dice	86	high	contains verb-like Spanish token; strong known verb word; currently owned by neighboring row G18 with verb-like text	MNA/data/alignments/1corintios/1corintios-14-21.tsv
1corintios 14:21	21	λέγει	λέγω	V-PAI-3S	-	-	missing	missing finite NBLA	24-26	me escucharán dice	86	high	contains verb-like Spanish token; strong known verb word; currently owned by neighboring row G17 with verb-like text	MNA/data/alignments/1corintios/1corintios-14-21.tsv
1corintios 14:21	21	λέγει	λέγω	V-PAI-3S	-	-	missing	missing finite NBLA	25-26	escucharán dice	86	high	contains verb-like Spanish token; strong known verb word; currently owned by neighboring row G17 with verb-like text	MNA/data/alignments/1corintios/1corintios-14-21.tsv
1corintios 14:21	21	λέγει	λέγω	V-PAI-3S	-	-	missing	missing finite NBLA	25-27	escucharán dice el	86	high	contains verb-like Spanish token; strong known verb word; currently owned by neighboring row G17 with verb-like text	MNA/data/alignments/1corintios/1corintios-14-21.tsv
1corintios 14:21	21	λέγει	λέγω	V-PAI-3S	-	-	missing	missing finite NBLA	26-27	dice el	86	high	contains verb-like Spanish token; strong known verb word; currently owned by neighboring row G18 with verb-like text	MNA/data/alignments/1corintios/1corintios-14-21.tsv
1corintios 14:22	06	εἰσιν	εἰμί	V-PAI-3P	06	una	direct	suspicious finite NBLA surface	05-06	son una	107	high	contains verb-like Spanish token; auxiliary + verbal phrase candidate; near current corrupted NBLA index; currently owned by neighboring row G05 with verb-like text	MNA/data/alignments/1corintios/1corintios-14-22.tsv
1corintios 14:22	06	εἰσιν	εἰμί	V-PAI-3P	06	una	direct	suspicious finite NBLA surface	05-07	son una señal	107	high	contains verb-like Spanish token; auxiliary + verbal phrase candidate; near current corrupted NBLA index; currently owned by neighboring row G05 with verb-like text	MNA/data/alignments/1corintios/1corintios-14-22.tsv
1corintios 14:22	06	εἰσιν	εἰμί	V-PAI-3P	06	una	direct	suspicious finite NBLA surface	10-12	los que creen	102	high	contains verb-like Spanish token; strong known verb word; near current corrupted NBLA index; currently owned by neighboring row G10 with verb-like text	MNA/data/alignments/1corintios/1corintios-14-22.tsv
1corintios 14:22	06	εἰσιν	εἰμί	V-PAI-3P	06	una	direct	suspicious finite NBLA surface	12	creen	94	high	contains verb-like Spanish token; strong known verb word; currently owned by neighboring row G10 with verb-like text	MNA/data/alignments/1corintios/1corintios-14-22.tsv
1corintios 14:22	06	εἰσιν	εἰμί	V-PAI-3P	06	una	direct	suspicious finite NBLA surface	11-12	que creen	94	high	contains verb-like Spanish token; strong known verb word; currently owned by neighboring row G10 with verb-like text	MNA/data/alignments/1corintios/1corintios-14-22.tsv
1corintios 14:23	14	εἰσέλθωσιν	εἰσέρχομαι	V-AAS-3P	17	sin	direct	suspicious finite NBLA surface	22-23	son incrédulos	99	high	contains verb-like Spanish token; auxiliary + verbal phrase candidate; currently owned by neighboring row G18 with verb-like text	MNA/data/alignments/1corintios/1corintios-14-23.tsv
1corintios 14:23	14	εἰσέλθωσιν	εἰσέρχομαι	V-AAS-3P	17	sin	direct	suspicious finite NBLA surface	22-24	son incrédulos no	99	high	contains verb-like Spanish token; auxiliary + verbal phrase candidate; currently owned by neighboring row G18 with verb-like text	MNA/data/alignments/1corintios/1corintios-14-23.tsv
1corintios 14:23	14	εἰσέλθωσιν	εἰσέρχομαι	V-AAS-3P	17	sin	direct	suspicious finite NBLA surface	13	lenguas	77	high	contains verb-like Spanish token; near current corrupted NBLA index; currently owned by neighboring row G10 with verb-like text	MNA/data/alignments/1corintios/1corintios-14-23.tsv
1corintios 14:23	14	εἰσέλθωσιν	εἰσέρχομαι	V-AAS-3P	17	sin	direct	suspicious finite NBLA surface	11-13	hablan en lenguas	77	high	contains verb-like Spanish token; near current corrupted NBLA index; currently owned by neighboring row G09 with verb-like text	MNA/data/alignments/1corintios/1corintios-14-23.tsv
1corintios 14:23	14	εἰσέλθωσιν	εἰσέρχομαι	V-AAS-3P	17	sin	direct	suspicious finite NBLA surface	12-13	en lenguas	77	high	contains verb-like Spanish token; near current corrupted NBLA index; currently owned by neighboring row G10 with verb-like text	MNA/data/alignments/1corintios/1corintios-14-23.tsv
1corintios 14:24	05	εἰσέλθῃ	εἰσέρχομαι	V-AAS-3S	05	y	direct	suspicious finite NBLA surface	06	entra	77	high	contains verb-like Spanish token; near current corrupted NBLA index; currently owned by neighboring row G06 with verb-like text	MNA/data/alignments/1corintios/1corintios-14-24.tsv
1corintios 14:24	05	εἰσέλθῃ	εἰσέρχομαι	V-AAS-3S	05	y	direct	suspicious finite NBLA surface	08	incrédulo	77	high	contains verb-like Spanish token; near current corrupted NBLA index; currently owned by neighboring row G08 with verb-like text	MNA/data/alignments/1corintios/1corintios-14-24.tsv
1corintios 14:24	05	εἰσέλθῃ	εἰσέρχομαι	V-AAS-3S	05	y	direct	suspicious finite NBLA surface	01-02	pero si	77	high	contains verb-like Spanish token; near current corrupted NBLA index; currently owned by neighboring row G01 with verb-like text	MNA/data/alignments/1corintios/1corintios-14-24.tsv
1corintios 14:24	05	εἰσέλθῃ	εἰσέρχομαι	V-AAS-3S	05	y	direct	suspicious finite NBLA surface	01-03	pero si todos	77	high	contains verb-like Spanish token; near current corrupted NBLA index; currently owned by neighboring row G01 with verb-like text	MNA/data/alignments/1corintios/1corintios-14-24.tsv
1corintios 14:24	05	εἰσέλθῃ	εἰσέρχομαι	V-AAS-3S	05	y	direct	suspicious finite NBLA surface	05-06	y entra	77	high	contains verb-like Spanish token; near current corrupted NBLA index; currently owned by neighboring row G06 with verb-like text	MNA/data/alignments/1corintios/1corintios-14-24.tsv
1corintios 14:25	07	γίνεται	γίνομαι	V-PMI-3S	07	al	direct	suspicious finite NBLA surface	06	quedarán	77	high	contains verb-like Spanish token; near current corrupted NBLA index; currently owned by neighboring row G06 with verb-like text	MNA/data/alignments/1corintios/1corintios-14-25.tsv
1corintios 14:25	07	γίνεται	γίνομαι	V-PMI-3S	07	al	direct	suspicious finite NBLA surface	08	descubierto	77	high	contains verb-like Spanish token; near current corrupted NBLA index; currently owned by neighboring row G08 with verb-like text	MNA/data/alignments/1corintios/1corintios-14-25.tsv
1corintios 14:25	07	γίνεται	γίνομαι	V-PMI-3S	07	al	direct	suspicious finite NBLA surface	04-06	su corazón quedarán	77	high	contains verb-like Spanish token; near current corrupted NBLA index; currently owned by neighboring row G06 with verb-like text	MNA/data/alignments/1corintios/1corintios-14-25.tsv
1corintios 14:25	07	γίνεται	γίνομαι	V-PMI-3S	07	al	direct	suspicious finite NBLA surface	05-06	corazón quedarán	77	high	contains verb-like Spanish token; near current corrupted NBLA index; currently owned by neighboring row G06 with verb-like text	MNA/data/alignments/1corintios/1corintios-14-25.tsv
1corintios 14:25	07	γίνεται	γίνομαι	V-PMI-3S	07	al	direct	suspicious finite NBLA surface	05-07	corazón quedarán al	77	high	contains verb-like Spanish token; near current corrupted NBLA index; currently owned by neighboring row G06 with verb-like text	MNA/data/alignments/1corintios/1corintios-14-25.tsv
1corintios 14:25	23	ἐστιν	εἰμί	V-PAI-3S	-	-	missing	missing finite NBLA	14	adorará	61	medium	contains verb-like Spanish token; currently owned by neighboring row G11 with verb-like text	MNA/data/alignments/1corintios/1corintios-14-25.tsv
1corintios 14:25	23	ἐστιν	εἰμί	V-PAI-3S	-	-	missing	missing finite NBLA	17	declarando	61	medium	contains verb-like Spanish token; currently owned by neighboring row G14 with verb-like text	MNA/data/alignments/1corintios/1corintios-14-25.tsv
1corintios 14:25	23	ἐστιν	εἰμί	V-PAI-3S	-	-	missing	missing finite NBLA	20	verdad	61	medium	contains verb-like Spanish token; currently owned by neighboring row G17 with verb-like text	MNA/data/alignments/1corintios/1corintios-14-25.tsv
1corintios 14:25	23	ἐστιν	εἰμί	V-PAI-3S	-	-	missing	missing finite NBLA	22	está	61	medium	contains verb-like Spanish token; currently owned by neighboring row G19 with verb-like text	MNA/data/alignments/1corintios/1corintios-14-25.tsv
1corintios 14:25	23	ἐστιν	εἰμί	V-PAI-3S	-	-	missing	missing finite NBLA	23	entre	61	medium	contains verb-like Spanish token; currently owned by neighboring row G20 with verb-like text	MNA/data/alignments/1corintios/1corintios-14-25.tsv
1corintios 14:28	06	σιγάτω	σιγάω	V-PAD-3S	06	que	direct	suspicious finite NBLA surface	05	intérprete	77	high	contains verb-like Spanish token; near current corrupted NBLA index; currently owned by neighboring row G05 with verb-like text	MNA/data/alignments/1corintios/1corintios-14-28.tsv
1corintios 14:28	06	σιγάτω	σιγάω	V-PAD-3S	06	que	direct	suspicious finite NBLA surface	07	guarde	77	high	contains verb-like Spanish token; near current corrupted NBLA index; currently owned by neighboring row G07 with verb-like text	MNA/data/alignments/1corintios/1corintios-14-28.tsv
1corintios 14:28	06	σιγάτω	σιγάω	V-PAD-3S	06	que	direct	suspicious finite NBLA surface	08	silencio	77	high	contains verb-like Spanish token; near current corrupted NBLA index; currently owned by neighboring row G07 with verb-like text	MNA/data/alignments/1corintios/1corintios-14-28.tsv
1corintios 14:28	06	σιγάτω	σιγάω	V-PAD-3S	06	que	direct	suspicious finite NBLA surface	01-02	pero si	77	high	contains verb-like Spanish token; near current corrupted NBLA index; currently owned by neighboring row G01 with verb-like text	MNA/data/alignments/1corintios/1corintios-14-28.tsv
1corintios 14:28	06	σιγάτω	σιγάω	V-PAD-3S	06	que	direct	suspicious finite NBLA surface	01-03	pero si no	77	high	contains verb-like Spanish token; near current corrupted NBLA index; currently owned by neighboring row G01 with verb-like text	MNA/data/alignments/1corintios/1corintios-14-28.tsv
1corintios 14:29	10	διακρινέτωσαν	διακρίνω	V-PAD-3P	-	-	missing	missing finite NBLA	11	juzguen	86	high	contains verb-like Spanish token; strong known verb word; currently owned by neighboring row G09 with verb-like text	MNA/data/alignments/1corintios/1corintios-14-29.tsv
1corintios 14:29	10	διακρινέτωσαν	διακρίνω	V-PAD-3P	-	-	missing	missing finite NBLA	09-11	los demás juzguen	86	high	contains verb-like Spanish token; strong known verb word; currently owned by neighboring row G08 with verb-like text	MNA/data/alignments/1corintios/1corintios-14-29.tsv
1corintios 14:29	10	διακρινέτωσαν	διακρίνω	V-PAD-3P	-	-	missing	missing finite NBLA	10-11	demás juzguen	86	high	contains verb-like Spanish token; strong known verb word; currently owned by neighboring row G08 with verb-like text	MNA/data/alignments/1corintios/1corintios-14-29.tsv
1corintios 14:29	10	διακρινέτωσαν	διακρίνω	V-PAD-3P	-	-	missing	missing finite NBLA	08-11	y los demás juzguen	66	medium	contains verb-like Spanish token; strong known verb word; currently owned by neighboring row G08 with verb-like text	MNA/data/alignments/1corintios/1corintios-14-29.tsv
1corintios 14:29	10	διακρινέτωσαν	διακρίνω	V-PAD-3P	-	-	missing	missing finite NBLA	05	tres	61	medium	contains verb-like Spanish token; currently owned by neighboring row G04 with verb-like text	MNA/data/alignments/1corintios/1corintios-14-29.tsv
1corintios 14:31	09	μανθάνωσιν	μανθάνω	V-PAS-3P	12	y	direct	suspicious finite NBLA surface	02-04	todos pueden profetizar	94	high	contains verb-like Spanish token; strong known verb word; currently owned by neighboring row G03 with verb-like text	MNA/data/alignments/1corintios/1corintios-14-31.tsv
1corintios 14:31	09	μανθάνωσιν	μανθάνω	V-PAS-3P	12	y	direct	suspicious finite NBLA surface	03-04	pueden profetizar	94	high	contains verb-like Spanish token; strong known verb word; currently owned by neighboring row G03 with verb-like text	MNA/data/alignments/1corintios/1corintios-14-31.tsv
1corintios 14:31	09	μανθάνωσιν	μανθάνω	V-PAS-3P	12	y	direct	suspicious finite NBLA surface	03-05	pueden profetizar uno	94	high	contains verb-like Spanish token; strong known verb word; currently owned by neighboring row G03 with verb-like text	MNA/data/alignments/1corintios/1corintios-14-31.tsv
1corintios 14:31	09	μανθάνωσιν	μανθάνω	V-PAS-3P	12	y	direct	suspicious finite NBLA surface	03	pueden	77	high	contains verb-like Spanish token; strong known verb word; currently owned by neighboring row G03 with verb-like text	MNA/data/alignments/1corintios/1corintios-14-31.tsv
1corintios 14:31	09	μανθάνωσιν	μανθάνω	V-PAS-3P	12	y	direct	suspicious finite NBLA surface	11	aprendan	77	high	contains verb-like Spanish token; near current corrupted NBLA index; currently owned by neighboring row G08 with verb-like text	MNA/data/alignments/1corintios/1corintios-14-31.tsv
1corintios 14:31	12	παρακαλῶνται	παρακαλέω	V-PPS-3P	-	-	missing	missing finite NBLA	03	pueden	86	high	contains verb-like Spanish token; strong known verb word; currently owned by neighboring row G03 with verb-like text	MNA/data/alignments/1corintios/1corintios-14-31.tsv
1corintios 14:31	12	παρακαλῶνται	παρακαλέω	V-PPS-3P	-	-	missing	missing finite NBLA	02-03	todos pueden	86	high	contains verb-like Spanish token; strong known verb word; currently owned by neighboring row G03 with verb-like text	MNA/data/alignments/1corintios/1corintios-14-31.tsv
1corintios 14:31	12	παρακαλῶνται	παρακαλέω	V-PPS-3P	-	-	missing	missing finite NBLA	02-04	todos pueden profetizar	86	high	contains verb-like Spanish token; strong known verb word; currently owned by neighboring row G03 with verb-like text	MNA/data/alignments/1corintios/1corintios-14-31.tsv
1corintios 14:31	12	παρακαλῶνται	παρακαλέω	V-PPS-3P	-	-	missing	missing finite NBLA	03-04	pueden profetizar	86	high	contains verb-like Spanish token; strong known verb word; currently owned by neighboring row G03 with verb-like text	MNA/data/alignments/1corintios/1corintios-14-31.tsv
1corintios 14:31	12	παρακαλῶνται	παρακαλέω	V-PPS-3P	-	-	missing	missing finite NBLA	03-05	pueden profetizar uno	86	high	contains verb-like Spanish token; strong known verb word; currently owned by neighboring row G03 with verb-like text	MNA/data/alignments/1corintios/1corintios-14-31.tsv
1corintios 14:34	13	ὑποτασσέσθωσαν	ὑποτάσσω	V-PPD-3P	16	que	direct	suspicious finite NBLA surface	12	permitido	77	high	contains verb-like Spanish token; near current corrupted NBLA index; currently owned by neighboring row G10 with verb-like text	MNA/data/alignments/1corintios/1corintios-14-34.tsv
1corintios 14:34	13	ὑποτασσέσθωσαν	ὑποτάσσω	V-PPD-3P	16	que	direct	suspicious finite NBLA surface	14	antes	77	high	contains verb-like Spanish token; near current corrupted NBLA index; currently owned by neighboring row G12 with verb-like text	MNA/data/alignments/1corintios/1corintios-14-34.tsv
1corintios 14:34	13	ὑποτασσέσθωσαν	ὑποτάσσω	V-PPD-3P	16	que	direct	suspicious finite NBLA surface	15	bien	77	high	contains verb-like Spanish token; near current corrupted NBLA index; currently owned by neighboring row G12 with verb-like text	MNA/data/alignments/1corintios/1corintios-14-34.tsv
1corintios 14:34	13	ὑποτασσέσθωσαν	ὑποτάσσω	V-PPD-3P	16	que	direct	suspicious finite NBLA surface	18	sujeten	77	high	contains verb-like Spanish token; near current corrupted NBLA index; currently owned by neighboring row G15 with verb-like text	MNA/data/alignments/1corintios/1corintios-14-34.tsv
1corintios 14:34	13	ὑποτασσέσθωσαν	ὑποτάσσω	V-PPD-3P	16	que	direct	suspicious finite NBLA surface	19	como	77	high	contains verb-like Spanish token; near current corrupted NBLA index; currently owned by neighboring row G15 with verb-like text	MNA/data/alignments/1corintios/1corintios-14-34.tsv
1corintios 14:39	11	κωλύετε	κωλύω	V-PAD-2P	12	en	direct	suspicious finite NBLA surface	10	prohíban	77	high	contains verb-like Spanish token; near current corrupted NBLA index; currently owned by neighboring row G09 with verb-like text	MNA/data/alignments/1corintios/1corintios-14-39.tsv
1corintios 14:39	11	κωλύετε	κωλύω	V-PAD-2P	12	en	direct	suspicious finite NBLA surface	13	lenguas	77	high	contains verb-like Spanish token; near current corrupted NBLA index; currently owned by neighboring row G12 with verb-like text	MNA/data/alignments/1corintios/1corintios-14-39.tsv
1corintios 14:39	11	κωλύετε	κωλύω	V-PAD-2P	12	en	direct	suspicious finite NBLA surface	08-10	y no prohíban	77	high	contains verb-like Spanish token; near current corrupted NBLA index; currently owned by neighboring row G09 with verb-like text	MNA/data/alignments/1corintios/1corintios-14-39.tsv
1corintios 14:39	11	κωλύετε	κωλύω	V-PAD-2P	12	en	direct	suspicious finite NBLA surface	09-10	no prohíban	77	high	contains verb-like Spanish token; near current corrupted NBLA index; currently owned by neighboring row G09 with verb-like text	MNA/data/alignments/1corintios/1corintios-14-39.tsv
1corintios 14:39	11	κωλύετε	κωλύω	V-PAD-2P	12	en	direct	suspicious finite NBLA surface	09-11	no prohíban hablar	77	high	contains verb-like Spanish token; near current corrupted NBLA index; currently owned by neighboring row G09 with verb-like text	MNA/data/alignments/1corintios/1corintios-14-39.tsv
