movement_regime_id	group_index	book	start_stream_index	end_stream_index	start_reference	end_reference	record_count	dominant_movement_status	movement_status_counts	movement_reason_counts	first_predication_id	last_predication_id
MR0001	1	1corintios	1	1	1:4	1:4	1	strong	"{""strong"": 1}"	"{""stream_start"": 1}"	1corintios-1-4-P01	1corintios-1-4-P01
MR0002	2	1corintios	2	2	1:5	1:5	1	strong	"{""strong"": 1}"	"{""independence_transition"": 1, ""number_change"": 1, ""person_change"": 1, ""subordination_transition"": 1}"	1corintios-1-5-P01	1corintios-1-5-P01
MR0003	3	1corintios	3	3	1:6	1:6	1	none	"{""none"": 1}"	{}	1corintios-1-6-P01	1corintios-1-6-P01
MR0004	4	1corintios	4	4	1:8	1:8	1	strong	"{""strong"": 1}"	"{""independence_transition"": 1, ""number_change"": 1, ""person_change"": 1, ""subordination_transition"": 1}"	1corintios-1-8-P01	1corintios-1-8-P01
MR0005	5	1corintios	5	5	1:9	1:9	1	candidate	"{""candidate"": 1}"	"{""number_change"": 1, ""person_change"": 1}"	1corintios-1-9-P01	1corintios-1-9-P01
MR0006	6	1corintios	6	6	1:10	1:10	1	candidate	"{""candidate"": 1}"	"{""number_change"": 1, ""person_change"": 1}"	1corintios-1-10-P01	1corintios-1-10-P01
MR0007	7	1corintios	7	7	1:10	1:10	1	strong	"{""strong"": 1}"	"{""independence_transition"": 1, ""number_change"": 1, ""person_change"": 1, ""subordination_transition"": 1}"	1corintios-1-10-P02	1corintios-1-10-P02
MR0008	8	1corintios	8	8	1:10	1:10	1	strong	"{""strong"": 1}"	"{""independence_transition"": 1, ""number_change"": 1, ""person_change"": 1, ""subordination_transition"": 1}"	1corintios-1-10-P03	1corintios-1-10-P03
MR0009	9	1corintios	9	9	1:10	1:10	1	candidate	"{""candidate"": 1}"	"{""number_change"": 1, ""person_change"": 1}"	1corintios-1-10-P04	1corintios-1-10-P04
MR0010	10	1corintios	10	10	1:11	1:11	1	candidate	"{""candidate"": 1}"	"{""number_change"": 1, ""person_change"": 1}"	1corintios-1-11-P01	1corintios-1-11-P01
MR0011	11	1corintios	11	11	1:11	1:11	1	candidate	"{""candidate"": 1}"	"{""independence_transition"": 1, ""subordination_transition"": 1}"	1corintios-1-11-P02	1corintios-1-11-P02
MR0012	12	1corintios	12	12	1:12	1:12	1	candidate	"{""candidate"": 1}"	"{""independence_transition"": 1, ""subordination_transition"": 1}"	1corintios-1-12-P01	1corintios-1-12-P01
MR0013	13	1corintios	13	13	1:12	1:12	1	candidate	"{""candidate"": 1}"	"{""independence_transition"": 1, ""subordination_transition"": 1}"	1corintios-1-12-P02	1corintios-1-12-P02
MR0014	14	1corintios	14	14	1:12	1:12	1	candidate	"{""candidate"": 1}"	"{""independence_transition"": 1, ""subordination_transition"": 1}"	1corintios-1-12-P03	1corintios-1-12-P03
MR0015	15	1corintios	15	15	1:13	1:13	1	candidate	"{""candidate"": 1}"	"{""person_change"": 1}"	1corintios-1-13-P01	1corintios-1-13-P01
MR0016	16	1corintios	16	16	1:13	1:13	1	none	"{""none"": 1}"	{}	1corintios-1-13-P02	1corintios-1-13-P02
MR0017	17	1corintios	17	17	1:13	1:13	1	candidate	"{""candidate"": 1}"	"{""number_change"": 1, ""person_change"": 1}"	1corintios-1-13-P03	1corintios-1-13-P03
MR0018	18	1corintios	18	18	1:14	1:14	1	candidate	"{""candidate"": 1}"	"{""number_change"": 1, ""person_change"": 1}"	1corintios-1-14-P01	1corintios-1-14-P01
MR0019	19	1corintios	19	19	1:14	1:14	1	candidate	"{""candidate"": 1}"	"{""independence_transition"": 1, ""subordination_transition"": 1}"	1corintios-1-14-P02	1corintios-1-14-P02
MR0020	20	1corintios	20	20	1:15	1:15	1	none	"{""none"": 1}"	{}	1corintios-1-15-P01	1corintios-1-15-P01
MR0021	21	1corintios	21	21	1:15	1:15	1	candidate	"{""candidate"": 1}"	"{""number_change"": 1, ""person_change"": 1}"	1corintios-1-15-P02	1corintios-1-15-P02
MR0022	22	1corintios	22	22	1:16	1:16	1	strong	"{""strong"": 1}"	"{""independence_transition"": 1, ""number_change"": 1, ""person_change"": 1, ""subordination_transition"": 1}"	1corintios-1-16-P01	1corintios-1-16-P01
MR0023	23	1corintios	23	23	1:16	1:16	1	none	"{""none"": 1}"	{}	1corintios-1-16-P02	1corintios-1-16-P02
MR0024	24	1corintios	24	24	1:16	1:16	1	candidate	"{""candidate"": 1}"	"{""independence_transition"": 1, ""subordination_transition"": 1}"	1corintios-1-16-P03	1corintios-1-16-P03
MR0025	25	1corintios	25	25	1:17	1:17	1	strong	"{""strong"": 1}"	"{""independence_transition"": 1, ""person_change"": 1, ""subordination_transition"": 1}"	1corintios-1-17-P01	1corintios-1-17-P01
MR0026	26	1corintios	26	26	1:17	1:17	1	candidate	"{""candidate"": 1}"	"{""independence_transition"": 1, ""subordination_transition"": 1}"	1corintios-1-17-P02	1corintios-1-17-P02
MR0027	27	1corintios	27	27	1:18	1:18	1	candidate	"{""candidate"": 1}"	"{""independence_transition"": 1, ""subordination_transition"": 1}"	1corintios-1-18-P01	1corintios-1-18-P01
MR0028	28	1corintios	28	28	1:18	1:18	1	none	"{""none"": 1}"	{}	1corintios-1-18-P02	1corintios-1-18-P02
MR0029	29	1corintios	29	29	1:19	1:19	1	none	"{""none"": 1}"	{}	1corintios-1-19-P01	1corintios-1-19-P01
MR0030	30	1corintios	30	30	1:19	1:19	1	candidate	"{""candidate"": 1}"	"{""person_change"": 1}"	1corintios-1-19-P02	1corintios-1-19-P02
MR0031	31	1corintios	31	31	1:19	1:19	1	none	"{""none"": 1}"	{}	1corintios-1-19-P03	1corintios-1-19-P03
MR0032	32	1corintios	32	32	1:20	1:20	1	none	"{""none"": 1}"	{}	1corintios-1-20-P01	1corintios-1-20-P01
MR0033	33	1corintios	33	33	1:21	1:21	1	strong	"{""strong"": 1}"	"{""independence_transition"": 1, ""person_change"": 1, ""subordination_transition"": 1}"	1corintios-1-21-P01	1corintios-1-21-P01
MR0034	34	1corintios	34	34	1:21	1:21	1	strong	"{""strong"": 1}"	"{""independence_transition"": 1, ""person_change"": 1, ""subordination_transition"": 1}"	1corintios-1-21-P02	1corintios-1-21-P02
MR0035	35	1corintios	35	35	1:22	1:22	1	strong	"{""strong"": 1}"	"{""independence_transition"": 1, ""person_change"": 1, ""subordination_transition"": 1}"	1corintios-1-22-P01	1corintios-1-22-P01
MR0036	36	1corintios	36	36	1:22	1:22	1	strong	"{""strong"": 1}"	"{""independence_transition"": 1, ""person_change"": 1, ""subordination_transition"": 1}"	1corintios-1-22-P02	1corintios-1-22-P02
MR0037	37	1corintios	37	37	1:23	1:23	1	candidate	"{""candidate"": 1}"	"{""number_change"": 1}"	1corintios-1-23-P01	1corintios-1-23-P01
MR0038	38	1corintios	38	38	1:25	1:25	1	strong	"{""strong"": 1}"	"{""independence_transition"": 1, ""number_change"": 1, ""person_change"": 1, ""subordination_transition"": 1}"	1corintios-1-25-P01	1corintios-1-25-P01
MR0039	39	1corintios	39	39	1:26	1:26	1	strong	"{""strong"": 1}"	"{""independence_transition"": 1, ""number_change"": 1, ""person_change"": 1, ""subordination_transition"": 1}"	1corintios-1-26-P01	1corintios-1-26-P01
MR0040	40	1corintios	40	40	1:27	1:27	1	candidate	"{""candidate"": 1}"	"{""number_change"": 1, ""person_change"": 1}"	1corintios-1-27-P01	1corintios-1-27-P01
MR0041	41	1corintios	41	41	1:27	1:27	1	candidate	"{""candidate"": 1}"	"{""independence_transition"": 1, ""subordination_transition"": 1}"	1corintios-1-27-P02	1corintios-1-27-P02
MR0042	42	1corintios	42	42	1:27	1:27	1	candidate	"{""candidate"": 1}"	"{""independence_transition"": 1, ""subordination_transition"": 1}"	1corintios-1-27-P03	1corintios-1-27-P03
MR0043	43	1corintios	43	43	1:27	1:27	1	candidate	"{""candidate"": 1}"	"{""independence_transition"": 1, ""subordination_transition"": 1}"	1corintios-1-27-P04	1corintios-1-27-P04
MR0044	44	1corintios	44	44	1:28	1:28	1	candidate	"{""candidate"": 1}"	"{""independence_transition"": 1, ""subordination_transition"": 1}"	1corintios-1-28-P01	1corintios-1-28-P01
MR0045	45	1corintios	45	45	1:28	1:28	1	candidate	"{""candidate"": 1}"	"{""independence_transition"": 1, ""subordination_transition"": 1}"	1corintios-1-28-P02	1corintios-1-28-P02
MR0046	46	1corintios	46	46	1:29	1:29	1	none	"{""none"": 1}"	{}	1corintios-1-29-P01	1corintios-1-29-P01
MR0047	47	1corintios	47	47	1:30	1:30	1	strong	"{""strong"": 1}"	"{""independence_transition"": 1, ""number_change"": 1, ""person_change"": 1, ""subordination_transition"": 1}"	1corintios-1-30-P01	1corintios-1-30-P01
MR0048	48	1corintios	48	48	1:30	1:30	1	none	"{""none"": 1}"	{}	1corintios-1-30-P02	1corintios-1-30-P02
MR0049	49	1corintios	49	49	1:31	1:31	1	strong	"{""strong"": 1}"	"{""independence_transition"": 1, ""number_change"": 1, ""person_change"": 1, ""subordination_transition"": 1}"	1corintios-1-31-P01	1corintios-1-31-P01
MR0050	50	1corintios	50	50	1:31	1:31	1	strong	"{""strong"": 1}"	"{""independence_transition"": 1, ""number_change"": 1, ""person_change"": 1, ""subordination_transition"": 1}"	1corintios-1-31-P02	1corintios-1-31-P02
MR0051	51	1corintios	51	51	2:1	2:1	1	candidate	"{""candidate"": 1}"	"{""number_change"": 1, ""person_change"": 1}"	1corintios-2-1-P01	1corintios-2-1-P01
MR0052	52	1corintios	52	52	2:2	2:2	1	none	"{""none"": 1}"	{}	1corintios-2-2-P01	1corintios-2-2-P01
MR0053	53	1corintios	53	53	2:3	2:3	1	none	"{""none"": 1}"	{}	1corintios-2-3-P01	1corintios-2-3-P01
MR0054	54	1corintios	54	54	2:5	2:5	1	candidate	"{""candidate"": 1}"	"{""independence_transition"": 1, ""subordination_transition"": 1}"	1corintios-2-5-P01	1corintios-2-5-P01
MR0055	55	1corintios	55	55	2:6	2:6	1	candidate	"{""candidate"": 1}"	"{""independence_transition"": 1, ""subordination_transition"": 1}"	1corintios-2-6-P01	1corintios-2-6-P01
MR0056	56	1corintios	56	56	2:7	2:7	1	none	"{""none"": 1}"	{}	1corintios-2-7-P01	1corintios-2-7-P01
MR0057	57	1corintios	57	57	2:7	2:7	1	candidate	"{""candidate"": 1}"	"{""number_change"": 1, ""person_change"": 1}"	1corintios-2-7-P02	1corintios-2-7-P02
MR0058	58	1corintios	58	58	2:8	2:8	1	none	"{""none"": 1}"	{}	1corintios-2-8-P01	1corintios-2-8-P01
MR0059	59	1corintios	59	59	2:8	2:8	1	strong	"{""strong"": 1}"	"{""independence_transition"": 1, ""number_change"": 1, ""subordination_transition"": 1}"	1corintios-2-8-P02	1corintios-2-8-P02
MR0060	60	1corintios	60	60	2:8	2:8	1	candidate	"{""candidate"": 1}"	"{""independence_transition"": 1, ""subordination_transition"": 1}"	1corintios-2-8-P03	1corintios-2-8-P03
MR0061	61	1corintios	61	61	2:9	2:9	1	strong	"{""strong"": 1}"	"{""independence_transition"": 1, ""number_change"": 1, ""subordination_transition"": 1}"	1corintios-2-9-P01	1corintios-2-9-P01
MR0062	62	1corintios	62	62	2:9	2:9	1	strong	"{""strong"": 1}"	"{""independence_transition"": 1, ""number_change"": 1, ""subordination_transition"": 1}"	1corintios-2-9-P02	1corintios-2-9-P02
MR0063	63	1corintios	63	63	2:9	2:9	1	none	"{""none"": 1}"	{}	1corintios-2-9-P03	1corintios-2-9-P03
MR0064	64	1corintios	64	64	2:9	2:9	1	candidate	"{""candidate"": 1}"	"{""number_change"": 1}"	1corintios-2-9-P04	1corintios-2-9-P04
MR0065	65	1corintios	65	65	2:9	2:9	1	none	"{""none"": 1}"	{}	1corintios-2-9-P05	1corintios-2-9-P05
MR0066	66	1corintios	66	66	2:10	2:10	1	none	"{""none"": 1}"	{}	1corintios-2-10-P01	1corintios-2-10-P01
MR0067	67	1corintios	67	67	2:10	2:10	1	none	"{""none"": 1}"	{}	1corintios-2-10-P02	1corintios-2-10-P02
MR0068	68	1corintios	68	68	2:11	2:11	1	none	"{""none"": 1}"	{}	1corintios-2-11-P01	1corintios-2-11-P01
MR0069	69	1corintios	69	69	2:11	2:11	1	candidate	"{""candidate"": 1}"	"{""independence_transition"": 1, ""subordination_transition"": 1}"	1corintios-2-11-P02	1corintios-2-11-P02
MR0070	70	1corintios	70	70	2:12	2:12	1	candidate	"{""candidate"": 1}"	"{""independence_transition"": 1, ""subordination_transition"": 1}"	1corintios-2-12-P01	1corintios-2-12-P01
MR0071	71	1corintios	71	71	2:12	2:12	1	candidate	"{""candidate"": 1}"	"{""independence_transition"": 1, ""subordination_transition"": 1}"	1corintios-2-12-P02	1corintios-2-12-P02
MR0072	72	1corintios	72	72	2:13	2:13	1	candidate	"{""candidate"": 1}"	"{""independence_transition"": 1, ""subordination_transition"": 1}"	1corintios-2-13-P01	1corintios-2-13-P01
MR0073	73	1corintios	73	73	2:14	2:14	1	none	"{""none"": 1}"	{}	1corintios-2-14-P01	1corintios-2-14-P01
MR0074	74	1corintios	74	74	2:14	2:14	1	candidate	"{""candidate"": 1}"	"{""number_change"": 1, ""person_change"": 1}"	1corintios-2-14-P02	1corintios-2-14-P02
MR0075	75	1corintios	75	75	2:14	2:14	1	none	"{""none"": 1}"	{}	1corintios-2-14-P03	1corintios-2-14-P03
MR0076	76	1corintios	76	76	2:14	2:14	1	candidate	"{""candidate"": 1}"	"{""independence_transition"": 1, ""subordination_transition"": 1}"	1corintios-2-14-P04	1corintios-2-14-P04
MR0077	77	1corintios	77	77	2:15	2:15	1	candidate	"{""candidate"": 1}"	"{""independence_transition"": 1, ""subordination_transition"": 1}"	1corintios-2-15-P01	1corintios-2-15-P01
MR0078	78	1corintios	78	78	2:15	2:15	1	none	"{""none"": 1}"	{}	1corintios-2-15-P02	1corintios-2-15-P02
MR0079	79	1corintios	79	79	2:16	2:16	1	none	"{""none"": 1}"	{}	1corintios-2-16-P01	1corintios-2-16-P01
MR0080	80	1corintios	80	80	2:16	2:16	1	none	"{""none"": 1}"	{}	1corintios-2-16-P02	1corintios-2-16-P02
MR0081	81	1corintios	81	81	2:16	2:16	1	candidate	"{""candidate"": 1}"	"{""number_change"": 1, ""person_change"": 1}"	1corintios-2-16-P03	1corintios-2-16-P03
MR0082	82	1corintios	82	82	3:1	3:1	1	candidate	"{""candidate"": 1}"	"{""number_change"": 1}"	1corintios-3-1-P01	1corintios-3-1-P01
MR0083	83	1corintios	83	83	3:2	3:2	1	none	"{""none"": 1}"	{}	1corintios-3-2-P01	1corintios-3-2-P01
MR0084	84	1corintios	84	84	3:2	3:2	1	candidate	"{""candidate"": 1}"	"{""number_change"": 1, ""person_change"": 1}"	1corintios-3-2-P02	1corintios-3-2-P02
MR0085	85	1corintios	85	85	3:2	3:2	1	none	"{""none"": 1}"	{}	1corintios-3-2-P03	1corintios-3-2-P03
MR0086	86	1corintios	86	86	3:3	3:3	1	none	"{""none"": 1}"	{}	1corintios-3-3-P01	1corintios-3-3-P01
MR0087	87	1corintios	87	87	3:3	3:3	1	none	"{""none"": 1}"	{}	1corintios-3-3-P02	1corintios-3-3-P02
MR0088	88	1corintios	88	88	3:3	3:3	1	none	"{""none"": 1}"	{}	1corintios-3-3-P03	1corintios-3-3-P03
MR0089	89	1corintios	89	89	3:4	3:4	1	strong	"{""strong"": 1}"	"{""independence_transition"": 1, ""number_change"": 1, ""person_change"": 1, ""subordination_transition"": 1}"	1corintios-3-4-P01	1corintios-3-4-P01
MR0090	90	1corintios	90	90	3:4	3:4	1	strong	"{""strong"": 1}"	"{""independence_transition"": 1, ""person_change"": 1, ""subordination_transition"": 1}"	1corintios-3-4-P02	1corintios-3-4-P02
MR0091	91	1corintios	91	91	3:4	3:4	1	candidate	"{""candidate"": 1}"	"{""number_change"": 1, ""person_change"": 1}"	1corintios-3-4-P03	1corintios-3-4-P03
MR0092	92	1corintios	92	92	3:5	3:5	1	candidate	"{""candidate"": 1}"	"{""number_change"": 1, ""person_change"": 1}"	1corintios-3-5-P01	1corintios-3-5-P01
MR0093	93	1corintios	93	93	3:5	3:5	1	none	"{""none"": 1}"	{}	1corintios-3-5-P02	1corintios-3-5-P02
MR0094	94	1corintios	94	94	3:5	3:5	1	candidate	"{""candidate"": 1}"	"{""number_change"": 1, ""person_change"": 1}"	1corintios-3-5-P03	1corintios-3-5-P03
MR0095	95	1corintios	95	95	3:5	3:5	1	candidate	"{""candidate"": 1}"	"{""independence_transition"": 1, ""subordination_transition"": 1}"	1corintios-3-5-P04	1corintios-3-5-P04
MR0096	96	1corintios	96	96	3:6	3:6	1	candidate	"{""candidate"": 1}"	"{""independence_transition"": 1, ""subordination_transition"": 1}"	1corintios-3-6-P01	1corintios-3-6-P01
MR0097	97	1corintios	97	97	3:6	3:6	1	none	"{""none"": 1}"	{}	1corintios-3-6-P02	1corintios-3-6-P02
MR0098	98	1corintios	98	98	3:6	3:6	1	none	"{""none"": 1}"	{}	1corintios-3-6-P03	1corintios-3-6-P03
MR0099	99	1corintios	99	99	3:7	3:7	1	candidate	"{""candidate"": 1}"	"{""independence_transition"": 1, ""subordination_transition"": 1}"	1corintios-3-7-P01	1corintios-3-7-P01
MR0100	100	1corintios	100	100	3:8	3:8	1	candidate	"{""candidate"": 1}"	"{""independence_transition"": 1, ""subordination_transition"": 1}"	1corintios-3-8-P01	1corintios-3-8-P01
MR0101	101	1corintios	101	101	3:8	3:8	1	candidate	"{""candidate"": 1}"	"{""number_change"": 1}"	1corintios-3-8-P02	1corintios-3-8-P02
MR0102	102	1corintios	102	102	3:9	3:9	1	candidate	"{""candidate"": 1}"	"{""number_change"": 1, ""person_change"": 1}"	1corintios-3-9-P01	1corintios-3-9-P01
MR0103	103	1corintios	103	103	3:9	3:9	1	candidate	"{""candidate"": 1}"	"{""person_change"": 1}"	1corintios-3-9-P02	1corintios-3-9-P02
MR0104	104	1corintios	104	104	3:10	3:10	1	strong	"{""strong"": 1}"	"{""independence_transition"": 1, ""number_change"": 1, ""person_change"": 1, ""subordination_transition"": 1}"	1corintios-3-10-P01	1corintios-3-10-P01
MR0105	105	1corintios	105	105	3:10	3:10	1	strong	"{""strong"": 1}"	"{""independence_transition"": 1, ""person_change"": 1, ""subordination_transition"": 1}"	1corintios-3-10-P02	1corintios-3-10-P02
MR0106	106	1corintios	106	106	3:10	3:10	1	none	"{""none"": 1}"	{}	1corintios-3-10-P03	1corintios-3-10-P03
MR0107	107	1corintios	107	107	3:10	3:10	1	none	"{""none"": 1}"	{}	1corintios-3-10-P04	1corintios-3-10-P04
MR0108	108	1corintios	108	108	3:11	3:11	1	none	"{""none"": 1}"	{}	1corintios-3-11-P01	1corintios-3-11-P01
MR0109	109	1corintios	109	109	3:11	3:11	1	none	"{""none"": 1}"	{}	1corintios-3-11-P02	1corintios-3-11-P02
MR0110	110	1corintios	110	110	3:12	3:12	1	candidate	"{""candidate"": 1}"	"{""independence_transition"": 1, ""subordination_transition"": 1}"	1corintios-3-12-P01	1corintios-3-12-P01
MR0111	111	1corintios	111	111	3:13	3:13	1	candidate	"{""candidate"": 1}"	"{""independence_transition"": 1, ""subordination_transition"": 1}"	1corintios-3-13-P01	1corintios-3-13-P01
MR0112	112	1corintios	112	112	3:13	3:13	1	none	"{""none"": 1}"	{}	1corintios-3-13-P02	1corintios-3-13-P02
MR0113	113	1corintios	113	113	3:13	3:13	1	candidate	"{""candidate"": 1}"	"{""independence_transition"": 1, ""subordination_transition"": 1}"	1corintios-3-13-P03	1corintios-3-13-P03
MR0114	114	1corintios	114	114	3:13	3:13	1	candidate	"{""candidate"": 1}"	"{""independence_transition"": 1, ""subordination_transition"": 1}"	1corintios-3-13-P04	1corintios-3-13-P04
MR0115	115	1corintios	115	115	3:13	3:13	1	none	"{""none"": 1}"	{}	1corintios-3-13-P05	1corintios-3-13-P05
MR0116	116	1corintios	116	116	3:14	3:14	1	candidate	"{""candidate"": 1}"	"{""independence_transition"": 1, ""subordination_transition"": 1}"	1corintios-3-14-P01	1corintios-3-14-P01
MR0117	117	1corintios	117	117	3:14	3:14	1	candidate	"{""candidate"": 1}"	"{""independence_transition"": 1, ""subordination_transition"": 1}"	1corintios-3-14-P02	1corintios-3-14-P02
MR0118	118	1corintios	118	118	3:14	3:14	1	none	"{""none"": 1}"	{}	1corintios-3-14-P03	1corintios-3-14-P03
MR0119	119	1corintios	119	119	3:15	3:15	1	candidate	"{""candidate"": 1}"	"{""independence_transition"": 1, ""subordination_transition"": 1}"	1corintios-3-15-P01	1corintios-3-15-P01
MR0120	120	1corintios	120	120	3:15	3:15	1	candidate	"{""candidate"": 1}"	"{""independence_transition"": 1, ""subordination_transition"": 1}"	1corintios-3-15-P02	1corintios-3-15-P02
MR0121	121	1corintios	121	121	3:15	3:15	1	none	"{""none"": 1}"	{}	1corintios-3-15-P03	1corintios-3-15-P03
MR0122	122	1corintios	122	122	3:16	3:16	1	candidate	"{""candidate"": 1}"	"{""number_change"": 1, ""person_change"": 1}"	1corintios-3-16-P01	1corintios-3-16-P01
MR0123	123	1corintios	123	123	3:16	3:16	1	candidate	"{""candidate"": 1}"	"{""independence_transition"": 1, ""subordination_transition"": 1}"	1corintios-3-16-P02	1corintios-3-16-P02
MR0124	124	1corintios	124	124	3:16	3:16	1	candidate	"{""candidate"": 1}"	"{""independence_transition"": 1, ""subordination_transition"": 1}"	1corintios-3-16-P03	1corintios-3-16-P03
MR0125	125	1corintios	125	125	3:17	3:17	1	candidate	"{""candidate"": 1}"	"{""independence_transition"": 1, ""subordination_transition"": 1}"	1corintios-3-17-P01	1corintios-3-17-P01
MR0126	126	1corintios	126	126	3:17	3:17	1	strong	"{""strong"": 1}"	"{""independence_transition"": 1, ""number_change"": 1, ""person_change"": 1, ""subordination_transition"": 1}"	1corintios-3-17-P02	1corintios-3-17-P02
MR0127	127	1corintios	127	127	3:17	3:17	1	none	"{""none"": 1}"	{}	1corintios-3-17-P03	1corintios-3-17-P03
MR0128	128	1corintios	128	128	3:17	3:17	1	candidate	"{""candidate"": 1}"	"{""number_change"": 1, ""person_change"": 1}"	1corintios-3-17-P04	1corintios-3-17-P04
MR0129	129	1corintios	129	129	3:18	3:18	1	none	"{""none"": 1}"	{}	1corintios-3-18-P01	1corintios-3-18-P01
MR0130	130	1corintios	130	130	3:18	3:18	1	candidate	"{""candidate"": 1}"	"{""independence_transition"": 1, ""subordination_transition"": 1}"	1corintios-3-18-P02	1corintios-3-18-P02
MR0131	131	1corintios	131	131	3:18	3:18	1	candidate	"{""candidate"": 1}"	"{""independence_transition"": 1, ""subordination_transition"": 1}"	1corintios-3-18-P03	1corintios-3-18-P03
MR0132	132	1corintios	132	132	3:18	3:18	1	strong	"{""strong"": 1}"	"{""independence_transition"": 1, ""number_change"": 1, ""person_change"": 1, ""subordination_transition"": 1}"	1corintios-3-18-P04	1corintios-3-18-P04
MR0133	133	1corintios	133	133	3:19	3:19	1	strong	"{""strong"": 1}"	"{""independence_transition"": 1, ""number_change"": 1, ""person_change"": 1, ""subordination_transition"": 1}"	1corintios-3-19-P01	1corintios-3-19-P01
MR0134	134	1corintios	134	134	3:19	3:19	1	candidate	"{""candidate"": 1}"	"{""number_change"": 1, ""person_change"": 1}"	1corintios-3-19-P02	1corintios-3-19-P02
MR0135	135	1corintios	135	135	3:20	3:20	1	none	"{""none"": 1}"	{}	1corintios-3-20-P01	1corintios-3-20-P01
MR0136	136	1corintios	136	136	3:20	3:20	1	strong	"{""strong"": 1}"	"{""independence_transition"": 1, ""number_change"": 1, ""subordination_transition"": 1}"	1corintios-3-20-P02	1corintios-3-20-P02
MR0137	137	1corintios	137	137	3:21	3:21	1	none	"{""none"": 1}"	{}	1corintios-3-21-P01	1corintios-3-21-P01
MR0138	138	1corintios	138	138	3:21	3:21	1	strong	"{""strong"": 1}"	"{""independence_transition"": 1, ""number_change"": 1, ""subordination_transition"": 1}"	1corintios-3-21-P02	1corintios-3-21-P02
MR0139	139	1corintios	139	139	4:1	4:1	1	none	"{""none"": 1}"	{}	1corintios-4-1-P01	1corintios-4-1-P01
MR0140	140	1corintios	140	140	4:2	4:2	1	none	"{""none"": 1}"	{}	1corintios-4-2-P01	1corintios-4-2-P01
MR0141	141	1corintios	141	141	4:2	4:2	1	candidate	"{""candidate"": 1}"	"{""independence_transition"": 1, ""subordination_transition"": 1}"	1corintios-4-2-P02	1corintios-4-2-P02
MR0142	142	1corintios	142	142	4:3	4:3	1	candidate	"{""candidate"": 1}"	"{""independence_transition"": 1, ""subordination_transition"": 1}"	1corintios-4-3-P01	1corintios-4-3-P01
MR0143	143	1corintios	143	143	4:3	4:3	1	strong	"{""strong"": 1}"	"{""independence_transition"": 1, ""person_change"": 1, ""subordination_transition"": 1}"	1corintios-4-3-P02	1corintios-4-3-P02
MR0144	144	1corintios	144	144	4:3	4:3	1	candidate	"{""candidate"": 1}"	"{""independence_transition"": 1, ""subordination_transition"": 1}"	1corintios-4-3-P03	1corintios-4-3-P03
MR0145	145	1corintios	145	145	4:4	4:4	1	none	"{""none"": 1}"	{}	1corintios-4-4-P01	1corintios-4-4-P01
MR0146	146	1corintios	146	146	4:4	4:4	1	none	"{""none"": 1}"	{}	1corintios-4-4-P02	1corintios-4-4-P02
MR0147	147	1corintios	147	147	4:4	4:4	1	none	"{""none"": 1}"	{}	1corintios-4-4-P03	1corintios-4-4-P03
MR0148	148	1corintios	148	148	4:5	4:5	1	strong	"{""strong"": 1}"	"{""independence_transition"": 1, ""number_change"": 1, ""person_change"": 1, ""subordination_transition"": 1}"	1corintios-4-5-P01	1corintios-4-5-P01
MR0149	149	1corintios	149	149	4:5	4:5	1	strong	"{""strong"": 1}"	"{""independence_transition"": 1, ""number_change"": 1, ""person_change"": 1, ""subordination_transition"": 1}"	1corintios-4-5-P02	1corintios-4-5-P02
MR0150	150	1corintios	150	150	4:5	4:5	1	none	"{""none"": 1}"	{}	1corintios-4-5-P03	1corintios-4-5-P03
MR0151	151	1corintios	151	151	4:5	4:5	1	none	"{""none"": 1}"	{}	1corintios-4-5-P04	1corintios-4-5-P04
MR0152	152	1corintios	152	152	4:5	4:5	1	none	"{""none"": 1}"	{}	1corintios-4-5-P05	1corintios-4-5-P05
MR0153	153	1corintios	153	153	4:6	4:6	1	candidate	"{""candidate"": 1}"	"{""person_change"": 1}"	1corintios-4-6-P01	1corintios-4-6-P01
MR0154	154	1corintios	154	154	4:6	4:6	1	strong	"{""strong"": 1}"	"{""independence_transition"": 1, ""number_change"": 1, ""person_change"": 1, ""subordination_transition"": 1}"	1corintios-4-6-P02	1corintios-4-6-P02
MR0155	155	1corintios	155	155	4:6	4:6	1	strong	"{""strong"": 1}"	"{""independence_transition"": 1, ""number_change"": 1, ""person_change"": 1, ""subordination_transition"": 1}"	1corintios-4-6-P03	1corintios-4-6-P03
MR0156	156	1corintios	156	156	4:6	4:6	1	strong	"{""strong"": 1}"	"{""independence_transition"": 1, ""number_change"": 1, ""person_change"": 1, ""subordination_transition"": 1}"	1corintios-4-6-P04	1corintios-4-6-P04
MR0157	157	1corintios	157	157	4:7	4:7	1	strong	"{""strong"": 1}"	"{""independence_transition"": 1, ""number_change"": 1, ""person_change"": 1, ""subordination_transition"": 1}"	1corintios-4-7-P01	1corintios-4-7-P01
MR0158	158	1corintios	158	158	4:7	4:7	1	candidate	"{""candidate"": 1}"	"{""person_change"": 1}"	1corintios-4-7-P02	1corintios-4-7-P02
MR0159	159	1corintios	159	159	4:7	4:7	1	none	"{""none"": 1}"	{}	1corintios-4-7-P03	1corintios-4-7-P03
MR0160	160	1corintios	160	160	4:7	4:7	1	candidate	"{""candidate"": 1}"	"{""independence_transition"": 1, ""subordination_transition"": 1}"	1corintios-4-7-P04	1corintios-4-7-P04
MR0161	161	1corintios	161	161	4:7	4:7	1	candidate	"{""candidate"": 1}"	"{""independence_transition"": 1, ""subordination_transition"": 1}"	1corintios-4-7-P05	1corintios-4-7-P05
MR0162	162	1corintios	162	162	4:8	4:8	1	candidate	"{""candidate"": 1}"	"{""number_change"": 1}"	1corintios-4-8-P01	1corintios-4-8-P01
MR0163	163	1corintios	163	163	4:8	4:8	1	none	"{""none"": 1}"	{}	1corintios-4-8-P02	1corintios-4-8-P02
MR0164	164	1corintios	164	164	4:8	4:8	1	none	"{""none"": 1}"	{}	1corintios-4-8-P03	1corintios-4-8-P03
MR0165	165	1corintios	165	165	4:8	4:8	1	none	"{""none"": 1}"	{}	1corintios-4-8-P04	1corintios-4-8-P04
MR0166	166	1corintios	166	166	4:8	4:8	1	strong	"{""strong"": 1}"	"{""independence_transition"": 1, ""person_change"": 1, ""subordination_transition"": 1}"	1corintios-4-8-P05	1corintios-4-8-P05
MR0167	167	1corintios	167	167	4:9	4:9	1	strong	"{""strong"": 1}"	"{""independence_transition"": 1, ""number_change"": 1, ""subordination_transition"": 1}"	1corintios-4-9-P01	1corintios-4-9-P01
MR0168	168	1corintios	168	168	4:9	4:9	1	none	"{""none"": 1}"	{}	1corintios-4-9-P02	1corintios-4-9-P02
MR0169	169	1corintios	169	169	4:9	4:9	1	strong	"{""strong"": 1}"	"{""independence_transition"": 1, ""number_change"": 1, ""subordination_transition"": 1}"	1corintios-4-9-P03	1corintios-4-9-P03
MR0170	170	1corintios	170	170	4:11	4:11	1	candidate	"{""candidate"": 1}"	"{""independence_transition"": 1, ""subordination_transition"": 1}"	1corintios-4-11-P01	1corintios-4-11-P01
MR0171	171	1corintios	171	171	4:11	4:11	1	none	"{""none"": 1}"	{}	1corintios-4-11-P02	1corintios-4-11-P02
MR0172	172	1corintios	172	176	4:11	4:12	5	none	"{""none"": 5}"	{}	1corintios-4-11-P03	1corintios-4-12-P02
MR0173	173	1corintios	177	177	4:12	4:12	1	none	"{""none"": 1}"	{}	1corintios-4-12-P03	1corintios-4-12-P03
MR0174	174	1corintios	178	178	4:13	4:13	1	none	"{""none"": 1}"	{}	1corintios-4-13-P01	1corintios-4-13-P01
MR0175	175	1corintios	179	179	4:13	4:13	1	candidate	"{""candidate"": 1}"	"{""independence_transition"": 1, ""subordination_transition"": 1}"	1corintios-4-13-P02	1corintios-4-13-P02
MR0176	176	1corintios	180	180	4:14	4:14	1	strong	"{""strong"": 1}"	"{""independence_transition"": 1, ""number_change"": 1, ""subordination_transition"": 1}"	1corintios-4-14-P01	1corintios-4-14-P01
MR0177	177	1corintios	181	181	4:15	4:15	1	strong	"{""strong"": 1}"	"{""independence_transition"": 1, ""number_change"": 1, ""person_change"": 1, ""subordination_transition"": 1}"	1corintios-4-15-P01	1corintios-4-15-P01
MR0178	178	1corintios	182	182	4:15	4:15	1	strong	"{""strong"": 1}"	"{""independence_transition"": 1, ""number_change"": 1, ""person_change"": 1, ""subordination_transition"": 1}"	1corintios-4-15-P02	1corintios-4-15-P02
MR0179	179	1corintios	183	183	4:16	4:16	1	none	"{""none"": 1}"	{}	1corintios-4-16-P01	1corintios-4-16-P01
MR0180	180	1corintios	184	184	4:16	4:16	1	candidate	"{""candidate"": 1}"	"{""number_change"": 1, ""person_change"": 1}"	1corintios-4-16-P02	1corintios-4-16-P02
MR0181	181	1corintios	185	185	4:17	4:17	1	candidate	"{""candidate"": 1}"	"{""number_change"": 1, ""person_change"": 1}"	1corintios-4-17-P01	1corintios-4-17-P01
MR0182	182	1corintios	186	186	4:17	4:17	1	none	"{""none"": 1}"	{}	1corintios-4-17-P02	1corintios-4-17-P02
MR0183	183	1corintios	187	187	4:17	4:17	1	none	"{""none"": 1}"	{}	1corintios-4-17-P03	1corintios-4-17-P03
MR0184	184	1corintios	188	188	4:17	4:17	1	candidate	"{""candidate"": 1}"	"{""independence_transition"": 1, ""subordination_transition"": 1}"	1corintios-4-17-P04	1corintios-4-17-P04
MR0185	185	1corintios	189	189	4:18	4:18	1	candidate	"{""candidate"": 1}"	"{""number_change"": 1, ""person_change"": 1}"	1corintios-4-18-P01	1corintios-4-18-P01
MR0186	186	1corintios	190	190	4:19	4:19	1	strong	"{""strong"": 1}"	"{""independence_transition"": 1, ""number_change"": 1, ""person_change"": 1, ""subordination_transition"": 1}"	1corintios-4-19-P01	1corintios-4-19-P01
MR0187	187	1corintios	191	191	4:19	4:19	1	strong	"{""strong"": 1}"	"{""independence_transition"": 1, ""number_change"": 1, ""person_change"": 1, ""subordination_transition"": 1}"	1corintios-4-19-P02	1corintios-4-19-P02
MR0188	188	1corintios	192	192	4:19	4:19	1	strong	"{""strong"": 1}"	"{""independence_transition"": 1, ""number_change"": 1, ""person_change"": 1, ""subordination_transition"": 1}"	1corintios-4-19-P03	1corintios-4-19-P03
MR0189	189	1corintios	193	193	4:21	4:21	1	candidate	"{""candidate"": 1}"	"{""number_change"": 1, ""person_change"": 1}"	1corintios-4-21-P01	1corintios-4-21-P01
MR0190	190	1corintios	194	194	4:21	4:21	1	candidate	"{""candidate"": 1}"	"{""number_change"": 1, ""person_change"": 1}"	1corintios-4-21-P02	1corintios-4-21-P02
MR0191	191	1corintios	195	195	5:1	5:1	1	candidate	"{""candidate"": 1}"	"{""person_change"": 1}"	1corintios-5-1-P01	1corintios-5-1-P01
MR0192	192	1corintios	196	196	5:2	5:2	1	candidate	"{""candidate"": 1}"	"{""number_change"": 1, ""person_change"": 1}"	1corintios-5-2-P01	1corintios-5-2-P01
MR0193	193	1corintios	197	197	5:2	5:2	1	none	"{""none"": 1}"	{}	1corintios-5-2-P02	1corintios-5-2-P02
MR0194	194	1corintios	198	198	5:2	5:2	1	strong	"{""strong"": 1}"	"{""independence_transition"": 1, ""number_change"": 1, ""person_change"": 1, ""subordination_transition"": 1}"	1corintios-5-2-P03	1corintios-5-2-P03
MR0195	195	1corintios	199	199	5:3	5:3	1	strong	"{""strong"": 1}"	"{""independence_transition"": 1, ""person_change"": 1, ""subordination_transition"": 1}"	1corintios-5-3-P01	1corintios-5-3-P01
MR0196	196	1corintios	200	200	5:5	5:5	1	strong	"{""strong"": 1}"	"{""independence_transition"": 1, ""person_change"": 1, ""subordination_transition"": 1}"	1corintios-5-5-P01	1corintios-5-5-P01
MR0197	197	1corintios	201	201	5:6	5:6	1	strong	"{""strong"": 1}"	"{""independence_transition"": 1, ""number_change"": 1, ""person_change"": 1, ""subordination_transition"": 1}"	1corintios-5-6-P01	1corintios-5-6-P01
MR0198	198	1corintios	202	202	5:6	5:6	1	strong	"{""strong"": 1}"	"{""independence_transition"": 1, ""number_change"": 1, ""person_change"": 1, ""subordination_transition"": 1}"	1corintios-5-6-P02	1corintios-5-6-P02
MR0199	199	1corintios	203	203	5:7	5:7	1	strong	"{""strong"": 1}"	"{""independence_transition"": 1, ""number_change"": 1, ""person_change"": 1, ""subordination_transition"": 1}"	1corintios-5-7-P01	1corintios-5-7-P01
MR0200	200	1corintios	204	204	5:7	5:7	1	candidate	"{""candidate"": 1}"	"{""independence_transition"": 1, ""subordination_transition"": 1}"	1corintios-5-7-P02	1corintios-5-7-P02
MR0201	201	1corintios	205	205	5:7	5:7	1	none	"{""none"": 1}"	{}	1corintios-5-7-P03	1corintios-5-7-P03
MR0202	202	1corintios	206	206	5:7	5:7	1	candidate	"{""candidate"": 1}"	"{""independence_transition"": 1, ""subordination_transition"": 1}"	1corintios-5-7-P04	1corintios-5-7-P04
MR0203	203	1corintios	207	207	5:8	5:8	1	strong	"{""strong"": 1}"	"{""independence_transition"": 1, ""person_change"": 1, ""subordination_transition"": 1}"	1corintios-5-8-P01	1corintios-5-8-P01
MR0204	204	1corintios	208	208	5:9	5:9	1	strong	"{""strong"": 1}"	"{""independence_transition"": 1, ""number_change"": 1, ""subordination_transition"": 1}"	1corintios-5-9-P01	1corintios-5-9-P01
MR0205	205	1corintios	209	209	5:10	5:10	1	strong	"{""strong"": 1}"	"{""independence_transition"": 1, ""number_change"": 1, ""person_change"": 1, ""subordination_transition"": 1}"	1corintios-5-10-P01	1corintios-5-10-P01
MR0206	206	1corintios	210	210	5:11	5:11	1	strong	"{""strong"": 1}"	"{""independence_transition"": 1, ""number_change"": 1, ""person_change"": 1, ""subordination_transition"": 1}"	1corintios-5-11-P01	1corintios-5-11-P01
MR0207	207	1corintios	211	211	5:11	5:11	1	strong	"{""strong"": 1}"	"{""independence_transition"": 1, ""number_change"": 1, ""person_change"": 1, ""subordination_transition"": 1}"	1corintios-5-11-P02	1corintios-5-11-P02
MR0208	208	1corintios	212	212	5:12	5:12	1	candidate	"{""candidate"": 1}"	"{""independence_transition"": 1, ""subordination_transition"": 1}"	1corintios-5-12-P01	1corintios-5-12-P01
MR0209	209	1corintios	213	213	5:13	5:13	1	none	"{""none"": 1}"	{}	1corintios-5-13-P01	1corintios-5-13-P01
MR0210	210	1corintios	214	214	5:13	5:13	1	none	"{""none"": 1}"	{}	1corintios-5-13-P02	1corintios-5-13-P02
MR0211	211	1corintios	215	215	6:1	6:1	1	candidate	"{""candidate"": 1}"	"{""number_change"": 1, ""person_change"": 1}"	1corintios-6-1-P01	1corintios-6-1-P01
MR0212	212	1corintios	216	216	6:2	6:2	1	candidate	"{""candidate"": 1}"	"{""number_change"": 1, ""person_change"": 1}"	1corintios-6-2-P01	1corintios-6-2-P01
MR0213	213	1corintios	217	217	6:2	6:2	1	candidate	"{""candidate"": 1}"	"{""independence_transition"": 1, ""subordination_transition"": 1}"	1corintios-6-2-P02	1corintios-6-2-P02
MR0214	214	1corintios	218	218	6:2	6:2	1	none	"{""none"": 1}"	{}	1corintios-6-2-P03	1corintios-6-2-P03
MR0215	215	1corintios	219	219	6:2	6:2	1	strong	"{""strong"": 1}"	"{""independence_transition"": 1, ""number_change"": 1, ""person_change"": 1, ""subordination_transition"": 1}"	1corintios-6-2-P04	1corintios-6-2-P04
MR0216	216	1corintios	220	220	6:3	6:3	1	none	"{""none"": 1}"	{}	1corintios-6-3-P01	1corintios-6-3-P01
MR0217	217	1corintios	221	221	6:3	6:3	1	strong	"{""strong"": 1}"	"{""independence_transition"": 1, ""person_change"": 1, ""subordination_transition"": 1}"	1corintios-6-3-P02	1corintios-6-3-P02
MR0218	218	1corintios	222	222	6:4	6:4	1	candidate	"{""candidate"": 1}"	"{""person_change"": 1}"	1corintios-6-4-P01	1corintios-6-4-P01
MR0219	219	1corintios	223	223	6:4	6:4	1	candidate	"{""candidate"": 1}"	"{""independence_transition"": 1, ""subordination_transition"": 1}"	1corintios-6-4-P02	1corintios-6-4-P02
MR0220	220	1corintios	224	224	6:5	6:5	1	candidate	"{""candidate"": 1}"	"{""number_change"": 1, ""person_change"": 1}"	1corintios-6-5-P01	1corintios-6-5-P01
MR0221	221	1corintios	225	225	6:5	6:5	1	candidate	"{""candidate"": 1}"	"{""person_change"": 1}"	1corintios-6-5-P02	1corintios-6-5-P02
MR0222	222	1corintios	226	226	6:5	6:5	1	none	"{""none"": 1}"	{}	1corintios-6-5-P03	1corintios-6-5-P03
MR0223	223	1corintios	227	227	6:6	6:6	1	none	"{""none"": 1}"	{}	1corintios-6-6-P01	1corintios-6-6-P01
MR0224	224	1corintios	228	228	6:7	6:7	1	none	"{""none"": 1}"	{}	1corintios-6-7-P01	1corintios-6-7-P01
MR0225	225	1corintios	229	229	6:7	6:7	1	strong	"{""strong"": 1}"	"{""independence_transition"": 1, ""number_change"": 1, ""person_change"": 1, ""subordination_transition"": 1}"	1corintios-6-7-P02	1corintios-6-7-P02
MR0226	226	1corintios	230	230	6:7	6:7	1	candidate	"{""candidate"": 1}"	"{""independence_transition"": 1, ""subordination_transition"": 1}"	1corintios-6-7-P03	1corintios-6-7-P03
MR0227	227	1corintios	231	231	6:7	6:7	1	none	"{""none"": 1}"	{}	1corintios-6-7-P04	1corintios-6-7-P04
MR0228	228	1corintios	232	232	6:8	6:8	1	none	"{""none"": 1}"	{}	1corintios-6-8-P01	1corintios-6-8-P01
MR0229	229	1corintios	233	233	6:8	6:8	1	none	"{""none"": 1}"	{}	1corintios-6-8-P02	1corintios-6-8-P02
MR0230	230	1corintios	234	234	6:9	6:9	1	none	"{""none"": 1}"	{}	1corintios-6-9-P01	1corintios-6-9-P01
MR0231	231	1corintios	235	235	6:9	6:9	1	candidate	"{""candidate"": 1}"	"{""independence_transition"": 1, ""subordination_transition"": 1}"	1corintios-6-9-P02	1corintios-6-9-P02
MR0232	232	1corintios	236	236	6:9	6:9	1	candidate	"{""candidate"": 1}"	"{""independence_transition"": 1, ""subordination_transition"": 1}"	1corintios-6-9-P03	1corintios-6-9-P03
MR0233	233	1corintios	237	237	6:10	6:10	1	none	"{""none"": 1}"	{}	1corintios-6-10-P01	1corintios-6-10-P01
MR0234	234	1corintios	238	241	6:11	6:11	4	none	"{""none"": 4}"	{}	1corintios-6-11-P01	1corintios-6-11-P04
MR0235	235	1corintios	242	242	6:12	6:12	1	none	"{""none"": 1}"	{}	1corintios-6-12-P01	1corintios-6-12-P01
MR0236	236	1corintios	243	243	6:12	6:12	1	none	"{""none"": 1}"	{}	1corintios-6-12-P02	1corintios-6-12-P02
MR0237	237	1corintios	244	244	6:12	6:12	1	none	"{""none"": 1}"	{}	1corintios-6-12-P03	1corintios-6-12-P03
MR0238	238	1corintios	245	245	6:12	6:12	1	candidate	"{""candidate"": 1}"	"{""number_change"": 1, ""person_change"": 1}"	1corintios-6-12-P04	1corintios-6-12-P04
MR0239	239	1corintios	246	246	6:13	6:13	1	candidate	"{""candidate"": 1}"	"{""person_change"": 1}"	1corintios-6-13-P01	1corintios-6-13-P01
MR0240	240	1corintios	247	247	6:14	6:14	1	none	"{""none"": 1}"	{}	1corintios-6-14-P01	1corintios-6-14-P01
MR0241	241	1corintios	248	248	6:14	6:14	1	none	"{""none"": 1}"	{}	1corintios-6-14-P02	1corintios-6-14-P02
MR0242	242	1corintios	249	249	6:15	6:15	1	candidate	"{""candidate"": 1}"	"{""number_change"": 1, ""person_change"": 1}"	1corintios-6-15-P01	1corintios-6-15-P01
MR0243	243	1corintios	250	250	6:15	6:15	1	candidate	"{""candidate"": 1}"	"{""independence_transition"": 1, ""subordination_transition"": 1}"	1corintios-6-15-P02	1corintios-6-15-P02
MR0244	244	1corintios	251	251	6:15	6:15	1	candidate	"{""candidate"": 1}"	"{""independence_transition"": 1, ""subordination_transition"": 1}"	1corintios-6-15-P03	1corintios-6-15-P03
MR0245	245	1corintios	252	252	6:15	6:15	1	candidate	"{""candidate"": 1}"	"{""person_change"": 1}"	1corintios-6-15-P04	1corintios-6-15-P04
MR0246	246	1corintios	253	253	6:16	6:16	1	candidate	"{""candidate"": 1}"	"{""number_change"": 1, ""person_change"": 1}"	1corintios-6-16-P01	1corintios-6-16-P01
MR0247	247	1corintios	254	254	6:16	6:16	1	candidate	"{""candidate"": 1}"	"{""independence_transition"": 1, ""subordination_transition"": 1}"	1corintios-6-16-P02	1corintios-6-16-P02
MR0248	248	1corintios	255	255	6:16	6:16	1	candidate	"{""candidate"": 1}"	"{""independence_transition"": 1, ""subordination_transition"": 1}"	1corintios-6-16-P03	1corintios-6-16-P03
MR0249	249	1corintios	256	256	6:16	6:16	1	candidate	"{""candidate"": 1}"	"{""number_change"": 1}"	1corintios-6-16-P04	1corintios-6-16-P04
MR0250	250	1corintios	257	257	6:17	6:17	1	none	"{""none"": 1}"	{}	1corintios-6-17-P01	1corintios-6-17-P01
MR0251	251	1corintios	258	258	6:18	6:18	1	candidate	"{""candidate"": 1}"	"{""number_change"": 1, ""person_change"": 1}"	1corintios-6-18-P01	1corintios-6-18-P01
MR0252	252	1corintios	259	259	6:18	6:18	1	candidate	"{""candidate"": 1}"	"{""independence_transition"": 1, ""subordination_transition"": 1}"	1corintios-6-18-P02	1corintios-6-18-P02
MR0253	253	1corintios	260	260	6:18	6:18	1	candidate	"{""candidate"": 1}"	"{""independence_transition"": 1, ""subordination_transition"": 1}"	1corintios-6-18-P03	1corintios-6-18-P03
MR0254	254	1corintios	261	261	6:18	6:18	1	candidate	"{""candidate"": 1}"	"{""number_change"": 1, ""person_change"": 1}"	1corintios-6-18-P04	1corintios-6-18-P04
MR0255	255	1corintios	262	262	6:19	6:19	1	candidate	"{""candidate"": 1}"	"{""number_change"": 1, ""person_change"": 1}"	1corintios-6-19-P01	1corintios-6-19-P01
MR0256	256	1corintios	263	263	6:19	6:19	1	candidate	"{""candidate"": 1}"	"{""independence_transition"": 1, ""subordination_transition"": 1}"	1corintios-6-19-P02	1corintios-6-19-P02
MR0257	257	1corintios	264	264	6:19	6:19	1	candidate	"{""candidate"": 1}"	"{""independence_transition"": 1, ""subordination_transition"": 1}"	1corintios-6-19-P03	1corintios-6-19-P03
MR0258	258	1corintios	265	265	6:19	6:19	1	none	"{""none"": 1}"	{}	1corintios-6-19-P04	1corintios-6-19-P04
MR0259	259	1corintios	266	267	6:20	6:20	2	none	"{""none"": 2}"	{}	1corintios-6-20-P01	1corintios-6-20-P02
MR0260	260	1corintios	268	272	7:1	7:4	5	none	"{""none"": 5}"	{}	1corintios-7-1-P01	1corintios-7-4-P01
MR0261	261	1corintios	273	273	7:4	7:4	1	none	"{""none"": 1}"	{}	1corintios-7-4-P02	1corintios-7-4-P02
MR0262	262	1corintios	274	274	7:5	7:5	1	none	"{""none"": 1}"	{}	1corintios-7-5-P01	1corintios-7-5-P01
MR0263	263	1corintios	275	275	7:5	7:5	1	candidate	"{""candidate"": 1}"	"{""independence_transition"": 1, ""subordination_transition"": 1}"	1corintios-7-5-P02	1corintios-7-5-P02
MR0264	264	1corintios	276	276	7:5	7:5	1	candidate	"{""candidate"": 1}"	"{""independence_transition"": 1, ""subordination_transition"": 1}"	1corintios-7-5-P03	1corintios-7-5-P03
MR0265	265	1corintios	277	277	7:5	7:5	1	strong	"{""strong"": 1}"	"{""independence_transition"": 1, ""number_change"": 1, ""person_change"": 1, ""subordination_transition"": 1}"	1corintios-7-5-P04	1corintios-7-5-P04
MR0266	266	1corintios	278	278	7:6	7:6	1	strong	"{""strong"": 1}"	"{""independence_transition"": 1, ""person_change"": 1, ""subordination_transition"": 1}"	1corintios-7-6-P01	1corintios-7-6-P01
MR0267	267	1corintios	279	279	7:7	7:7	1	none	"{""none"": 1}"	{}	1corintios-7-7-P01	1corintios-7-7-P01
MR0268	268	1corintios	280	280	7:7	7:7	1	strong	"{""strong"": 1}"	"{""independence_transition"": 1, ""person_change"": 1, ""subordination_transition"": 1}"	1corintios-7-7-P02	1corintios-7-7-P02
MR0269	269	1corintios	281	281	7:8	7:8	1	strong	"{""strong"": 1}"	"{""independence_transition"": 1, ""person_change"": 1, ""subordination_transition"": 1}"	1corintios-7-8-P01	1corintios-7-8-P01
MR0270	270	1corintios	282	282	7:8	7:8	1	strong	"{""strong"": 1}"	"{""independence_transition"": 1, ""number_change"": 1, ""person_change"": 1, ""subordination_transition"": 1}"	1corintios-7-8-P02	1corintios-7-8-P02
MR0271	271	1corintios	283	283	7:9	7:9	1	none	"{""none"": 1}"	{}	1corintios-7-9-P01	1corintios-7-9-P01
MR0272	272	1corintios	284	284	7:9	7:9	1	candidate	"{""candidate"": 1}"	"{""independence_transition"": 1, ""subordination_transition"": 1}"	1corintios-7-9-P02	1corintios-7-9-P02
MR0273	273	1corintios	285	285	7:9	7:9	1	candidate	"{""candidate"": 1}"	"{""number_change"": 1}"	1corintios-7-9-P03	1corintios-7-9-P03
MR0274	274	1corintios	286	286	7:10	7:10	1	candidate	"{""candidate"": 1}"	"{""person_change"": 1}"	1corintios-7-10-P01	1corintios-7-10-P01
MR0275	275	1corintios	287	287	7:11	7:11	1	strong	"{""strong"": 1}"	"{""independence_transition"": 1, ""person_change"": 1, ""subordination_transition"": 1}"	1corintios-7-11-P01	1corintios-7-11-P01
MR0276	276	1corintios	288	288	7:11	7:11	1	candidate	"{""candidate"": 1}"	"{""independence_transition"": 1, ""subordination_transition"": 1}"	1corintios-7-11-P02	1corintios-7-11-P02
MR0277	277	1corintios	289	289	7:11	7:11	1	none	"{""none"": 1}"	{}	1corintios-7-11-P03	1corintios-7-11-P03
MR0278	278	1corintios	290	290	7:12	7:12	1	candidate	"{""candidate"": 1}"	"{""person_change"": 1}"	1corintios-7-12-P01	1corintios-7-12-P01
MR0279	279	1corintios	291	291	7:12	7:12	1	candidate	"{""candidate"": 1}"	"{""independence_transition"": 1, ""subordination_transition"": 1}"	1corintios-7-12-P02	1corintios-7-12-P02
MR0280	280	1corintios	292	292	7:12	7:12	1	candidate	"{""candidate"": 1}"	"{""independence_transition"": 1, ""subordination_transition"": 1}"	1corintios-7-12-P03	1corintios-7-12-P03
MR0281	281	1corintios	293	293	7:12	7:12	1	candidate	"{""candidate"": 1}"	"{""person_change"": 1}"	1corintios-7-12-P04	1corintios-7-12-P04
MR0282	282	1corintios	294	294	7:13	7:13	1	candidate	"{""candidate"": 1}"	"{""independence_transition"": 1, ""subordination_transition"": 1}"	1corintios-7-13-P01	1corintios-7-13-P01
MR0283	283	1corintios	295	295	7:13	7:13	1	candidate	"{""candidate"": 1}"	"{""independence_transition"": 1, ""subordination_transition"": 1}"	1corintios-7-13-P02	1corintios-7-13-P02
MR0284	284	1corintios	296	296	7:13	7:13	1	none	"{""none"": 1}"	{}	1corintios-7-13-P03	1corintios-7-13-P03
MR0285	285	1corintios	297	297	7:14	7:14	1	none	"{""none"": 1}"	{}	1corintios-7-14-P01	1corintios-7-14-P01
MR0286	286	1corintios	298	298	7:14	7:14	1	none	"{""none"": 1}"	{}	1corintios-7-14-P02	1corintios-7-14-P02
MR0287	287	1corintios	299	299	7:14	7:14	1	candidate	"{""candidate"": 1}"	"{""independence_transition"": 1, ""subordination_transition"": 1}"	1corintios-7-14-P03	1corintios-7-14-P03
MR0288	288	1corintios	300	300	7:14	7:14	1	candidate	"{""candidate"": 1}"	"{""independence_transition"": 1, ""subordination_transition"": 1}"	1corintios-7-14-P04	1corintios-7-14-P04
MR0289	289	1corintios	301	301	7:15	7:15	1	candidate	"{""candidate"": 1}"	"{""independence_transition"": 1, ""subordination_transition"": 1}"	1corintios-7-15-P01	1corintios-7-15-P01
MR0290	290	1corintios	302	302	7:15	7:15	1	candidate	"{""candidate"": 1}"	"{""independence_transition"": 1, ""subordination_transition"": 1}"	1corintios-7-15-P02	1corintios-7-15-P02
MR0291	291	1corintios	303	303	7:15	7:15	1	none	"{""none"": 1}"	{}	1corintios-7-15-P03	1corintios-7-15-P03
MR0292	292	1corintios	304	304	7:15	7:15	1	none	"{""none"": 1}"	{}	1corintios-7-15-P04	1corintios-7-15-P04
MR0293	293	1corintios	305	305	7:16	7:16	1	candidate	"{""candidate"": 1}"	"{""person_change"": 1}"	1corintios-7-16-P01	1corintios-7-16-P01
MR0294	294	1corintios	306	306	7:16	7:16	1	candidate	"{""candidate"": 1}"	"{""independence_transition"": 1, ""subordination_transition"": 1}"	1corintios-7-16-P02	1corintios-7-16-P02
MR0295	295	1corintios	307	307	7:16	7:16	1	candidate	"{""candidate"": 1}"	"{""independence_transition"": 1, ""subordination_transition"": 1}"	1corintios-7-16-P03	1corintios-7-16-P03
MR0296	296	1corintios	308	308	7:16	7:16	1	candidate	"{""candidate"": 1}"	"{""independence_transition"": 1, ""subordination_transition"": 1}"	1corintios-7-16-P04	1corintios-7-16-P04
MR0297	297	1corintios	309	309	7:17	7:17	1	candidate	"{""candidate"": 1}"	"{""person_change"": 1}"	1corintios-7-17-P01	1corintios-7-17-P01
MR0298	298	1corintios	310	310	7:17	7:17	1	none	"{""none"": 1}"	{}	1corintios-7-17-P02	1corintios-7-17-P02
MR0299	299	1corintios	311	311	7:17	7:17	1	candidate	"{""candidate"": 1}"	"{""independence_transition"": 1, ""subordination_transition"": 1}"	1corintios-7-17-P03	1corintios-7-17-P03
MR0300	300	1corintios	312	312	7:17	7:17	1	none	"{""none"": 1}"	{}	1corintios-7-17-P04	1corintios-7-17-P04
MR0301	301	1corintios	313	313	7:18	7:18	1	none	"{""none"": 1}"	{}	1corintios-7-18-P01	1corintios-7-18-P01
MR0302	302	1corintios	314	318	7:18	7:19	5	none	"{""candidate"": 1, ""none"": 4}"	"{""person_change"": 1}"	1corintios-7-18-P02	1corintios-7-19-P02
MR0303	303	1corintios	319	319	7:20	7:20	1	none	"{""none"": 1}"	{}	1corintios-7-20-P01	1corintios-7-20-P01
MR0304	304	1corintios	320	320	7:20	7:20	1	none	"{""none"": 1}"	{}	1corintios-7-20-P02	1corintios-7-20-P02
MR0305	305	1corintios	321	321	7:21	7:21	1	candidate	"{""candidate"": 1}"	"{""person_change"": 1}"	1corintios-7-21-P01	1corintios-7-21-P01
MR0306	306	1corintios	322	322	7:21	7:21	1	candidate	"{""candidate"": 1}"	"{""person_change"": 1}"	1corintios-7-21-P02	1corintios-7-21-P02
MR0307	307	1corintios	323	323	7:21	7:21	1	strong	"{""strong"": 1}"	"{""independence_transition"": 1, ""person_change"": 1, ""subordination_transition"": 1}"	1corintios-7-21-P03	1corintios-7-21-P03
MR0308	308	1corintios	324	324	7:21	7:21	1	candidate	"{""candidate"": 1}"	"{""independence_transition"": 1, ""subordination_transition"": 1}"	1corintios-7-21-P04	1corintios-7-21-P04
MR0309	309	1corintios	325	325	7:22	7:22	1	none	"{""none"": 1}"	{}	1corintios-7-22-P01	1corintios-7-22-P01
MR0310	310	1corintios	326	326	7:22	7:22	1	none	"{""none"": 1}"	{}	1corintios-7-22-P02	1corintios-7-22-P02
MR0311	311	1corintios	327	327	7:23	7:23	1	candidate	"{""candidate"": 1}"	"{""number_change"": 1}"	1corintios-7-23-P01	1corintios-7-23-P01
MR0312	312	1corintios	328	328	7:23	7:23	1	none	"{""none"": 1}"	{}	1corintios-7-23-P02	1corintios-7-23-P02
MR0313	313	1corintios	329	329	7:24	7:24	1	none	"{""none"": 1}"	{}	1corintios-7-24-P01	1corintios-7-24-P01
MR0314	314	1corintios	330	330	7:24	7:24	1	candidate	"{""candidate"": 1}"	"{""number_change"": 1, ""person_change"": 1}"	1corintios-7-24-P02	1corintios-7-24-P02
MR0315	315	1corintios	331	331	7:25	7:25	1	candidate	"{""candidate"": 1}"	"{""person_change"": 1}"	1corintios-7-25-P01	1corintios-7-25-P01
MR0316	316	1corintios	332	332	7:25	7:25	1	none	"{""none"": 1}"	{}	1corintios-7-25-P02	1corintios-7-25-P02
MR0317	317	1corintios	333	333	7:26	7:26	1	none	"{""none"": 1}"	{}	1corintios-7-26-P01	1corintios-7-26-P01
MR0318	318	1corintios	334	334	7:27	7:27	1	candidate	"{""candidate"": 1}"	"{""person_change"": 1}"	1corintios-7-27-P01	1corintios-7-27-P01
MR0319	319	1corintios	335	335	7:27	7:27	1	none	"{""none"": 1}"	{}	1corintios-7-27-P02	1corintios-7-27-P02
MR0320	320	1corintios	336	336	7:27	7:27	1	none	"{""none"": 1}"	{}	1corintios-7-27-P03	1corintios-7-27-P03
MR0321	321	1corintios	337	337	7:27	7:27	1	none	"{""none"": 1}"	{}	1corintios-7-27-P04	1corintios-7-27-P04
MR0322	322	1corintios	338	338	7:28	7:28	1	candidate	"{""candidate"": 1}"	"{""independence_transition"": 1, ""subordination_transition"": 1}"	1corintios-7-28-P01	1corintios-7-28-P01
MR0323	323	1corintios	339	339	7:28	7:28	1	candidate	"{""candidate"": 1}"	"{""independence_transition"": 1, ""subordination_transition"": 1}"	1corintios-7-28-P02	1corintios-7-28-P02
MR0324	324	1corintios	340	340	7:28	7:28	1	strong	"{""strong"": 1}"	"{""independence_transition"": 1, ""person_change"": 1, ""subordination_transition"": 1}"	1corintios-7-28-P03	1corintios-7-28-P03
MR0325	325	1corintios	341	341	7:28	7:28	1	strong	"{""strong"": 1}"	"{""independence_transition"": 1, ""person_change"": 1, ""subordination_transition"": 1}"	1corintios-7-28-P04	1corintios-7-28-P04
MR0326	326	1corintios	342	342	7:28	7:28	1	candidate	"{""candidate"": 1}"	"{""number_change"": 1, ""person_change"": 1}"	1corintios-7-28-P05	1corintios-7-28-P05
MR0327	327	1corintios	343	343	7:28	7:28	1	candidate	"{""candidate"": 1}"	"{""number_change"": 1, ""person_change"": 1}"	1corintios-7-28-P06	1corintios-7-28-P06
MR0328	328	1corintios	344	344	7:29	7:29	1	none	"{""none"": 1}"	{}	1corintios-7-29-P01	1corintios-7-29-P01
MR0329	329	1corintios	345	345	7:29	7:29	1	none	"{""none"": 1}"	{}	1corintios-7-29-P02	1corintios-7-29-P02
MR0330	330	1corintios	346	346	7:29	7:29	1	candidate	"{""candidate"": 1}"	"{""independence_transition"": 1, ""subordination_transition"": 1}"	1corintios-7-29-P03	1corintios-7-29-P03
MR0331	331	1corintios	347	347	7:31	7:31	1	none	"{""none"": 1}"	{}	1corintios-7-31-P01	1corintios-7-31-P01
MR0332	332	1corintios	348	348	7:32	7:32	1	strong	"{""strong"": 1}"	"{""independence_transition"": 1, ""person_change"": 1, ""subordination_transition"": 1}"	1corintios-7-32-P01	1corintios-7-32-P01
MR0333	333	1corintios	349	349	7:32	7:32	1	none	"{""none"": 1}"	{}	1corintios-7-32-P02	1corintios-7-32-P02
MR0334	334	1corintios	350	350	7:32	7:32	1	candidate	"{""candidate"": 1}"	"{""person_change"": 1}"	1corintios-7-32-P03	1corintios-7-32-P03
MR0335	335	1corintios	351	351	7:33	7:33	1	none	"{""none"": 1}"	{}	1corintios-7-33-P01	1corintios-7-33-P01
MR0336	336	1corintios	352	352	7:33	7:33	1	none	"{""none"": 1}"	{}	1corintios-7-33-P02	1corintios-7-33-P02
MR0337	337	1corintios	353	353	7:34	7:34	1	none	"{""none"": 1}"	{}	1corintios-7-34-P01	1corintios-7-34-P01
MR0338	338	1corintios	354	354	7:34	7:34	1	none	"{""none"": 1}"	{}	1corintios-7-34-P02	1corintios-7-34-P02
MR0339	339	1corintios	355	355	7:34	7:34	1	candidate	"{""candidate"": 1}"	"{""independence_transition"": 1, ""subordination_transition"": 1}"	1corintios-7-34-P03	1corintios-7-34-P03
MR0340	340	1corintios	356	356	7:34	7:34	1	candidate	"{""candidate"": 1}"	"{""independence_transition"": 1, ""subordination_transition"": 1}"	1corintios-7-34-P04	1corintios-7-34-P04
MR0341	341	1corintios	357	357	7:34	7:34	1	none	"{""none"": 1}"	{}	1corintios-7-34-P05	1corintios-7-34-P05
MR0342	342	1corintios	358	358	7:35	7:35	1	candidate	"{""candidate"": 1}"	"{""person_change"": 1}"	1corintios-7-35-P01	1corintios-7-35-P01
MR0343	343	1corintios	359	359	7:35	7:35	1	candidate	"{""candidate"": 1}"	"{""independence_transition"": 1, ""subordination_transition"": 1}"	1corintios-7-35-P02	1corintios-7-35-P02
MR0344	344	1corintios	360	360	7:36	7:36	1	none	"{""none"": 1}"	{}	1corintios-7-36-P01	1corintios-7-36-P01
MR0345	345	1corintios	361	361	7:36	7:36	1	candidate	"{""candidate"": 1}"	"{""person_change"": 1}"	1corintios-7-36-P02	1corintios-7-36-P02
MR0346	346	1corintios	362	362	7:36	7:36	1	candidate	"{""candidate"": 1}"	"{""independence_transition"": 1, ""subordination_transition"": 1}"	1corintios-7-36-P03	1corintios-7-36-P03
MR0347	347	1corintios	363	363	7:36	7:36	1	none	"{""none"": 1}"	{}	1corintios-7-36-P04	1corintios-7-36-P04
MR0348	348	1corintios	364	364	7:36	7:36	1	none	"{""none"": 1}"	{}	1corintios-7-36-P05	1corintios-7-36-P05
MR0349	349	1corintios	365	365	7:36	7:36	1	none	"{""none"": 1}"	{}	1corintios-7-36-P06	1corintios-7-36-P06
MR0350	350	1corintios	366	366	7:36	7:36	1	candidate	"{""candidate"": 1}"	"{""number_change"": 1}"	1corintios-7-36-P07	1corintios-7-36-P07
MR0351	351	1corintios	367	367	7:37	7:37	1	candidate	"{""candidate"": 1}"	"{""number_change"": 1}"	1corintios-7-37-P01	1corintios-7-37-P01
MR0352	352	1corintios	368	368	7:37	7:37	1	none	"{""none"": 1}"	{}	1corintios-7-37-P02	1corintios-7-37-P02
MR0353	353	1corintios	369	369	7:37	7:37	1	none	"{""none"": 1}"	{}	1corintios-7-37-P03	1corintios-7-37-P03
MR0354	354	1corintios	370	370	7:37	7:37	1	none	"{""none"": 1}"	{}	1corintios-7-37-P04	1corintios-7-37-P04
MR0355	355	1corintios	371	371	7:38	7:38	1	candidate	"{""candidate"": 1}"	"{""independence_transition"": 1, ""subordination_transition"": 1}"	1corintios-7-38-P01	1corintios-7-38-P01
MR0356	356	1corintios	372	372	7:38	7:38	1	candidate	"{""candidate"": 1}"	"{""independence_transition"": 1, ""subordination_transition"": 1}"	1corintios-7-38-P02	1corintios-7-38-P02
MR0357	357	1corintios	373	373	7:39	7:39	1	none	"{""none"": 1}"	{}	1corintios-7-39-P01	1corintios-7-39-P01
MR0358	358	1corintios	374	374	7:39	7:39	1	none	"{""none"": 1}"	{}	1corintios-7-39-P02	1corintios-7-39-P02
MR0359	359	1corintios	375	375	7:39	7:39	1	candidate	"{""candidate"": 1}"	"{""independence_transition"": 1, ""subordination_transition"": 1}"	1corintios-7-39-P03	1corintios-7-39-P03
MR0360	360	1corintios	376	376	7:39	7:39	1	candidate	"{""candidate"": 1}"	"{""independence_transition"": 1, ""subordination_transition"": 1}"	1corintios-7-39-P04	1corintios-7-39-P04
MR0361	361	1corintios	377	377	7:39	7:39	1	none	"{""none"": 1}"	{}	1corintios-7-39-P05	1corintios-7-39-P05
MR0362	362	1corintios	378	378	7:40	7:40	1	none	"{""none"": 1}"	{}	1corintios-7-40-P01	1corintios-7-40-P01
MR0363	363	1corintios	379	379	7:40	7:40	1	candidate	"{""candidate"": 1}"	"{""independence_transition"": 1, ""subordination_transition"": 1}"	1corintios-7-40-P02	1corintios-7-40-P02
MR0364	364	1corintios	380	380	7:40	7:40	1	strong	"{""strong"": 1}"	"{""independence_transition"": 1, ""person_change"": 1, ""subordination_transition"": 1}"	1corintios-7-40-P03	1corintios-7-40-P03
MR0365	365	1corintios	381	381	8:1	8:1	1	candidate	"{""candidate"": 1}"	"{""number_change"": 1}"	1corintios-8-1-P01	1corintios-8-1-P01
MR0366	366	1corintios	382	382	8:1	8:1	1	candidate	"{""candidate"": 1}"	"{""independence_transition"": 1, ""subordination_transition"": 1}"	1corintios-8-1-P02	1corintios-8-1-P02
MR0367	367	1corintios	383	383	8:1	8:1	1	candidate	"{""candidate"": 1}"	"{""independence_transition"": 1, ""subordination_transition"": 1}"	1corintios-8-1-P03	1corintios-8-1-P03
MR0368	368	1corintios	384	384	8:1	8:1	1	none	"{""none"": 1}"	{}	1corintios-8-1-P04	1corintios-8-1-P04
MR0369	369	1corintios	385	385	8:2	8:2	1	candidate	"{""candidate"": 1}"	"{""independence_transition"": 1, ""subordination_transition"": 1}"	1corintios-8-2-P01	1corintios-8-2-P01
MR0370	370	1corintios	386	386	8:2	8:2	1	strong	"{""strong"": 1}"	"{""independence_transition"": 1, ""number_change"": 1, ""person_change"": 1, ""subordination_transition"": 1}"	1corintios-8-2-P02	1corintios-8-2-P02
MR0371	371	1corintios	387	387	8:2	8:2	1	candidate	"{""candidate"": 1}"	"{""independence_transition"": 1, ""subordination_transition"": 1}"	1corintios-8-2-P03	1corintios-8-2-P03
MR0372	372	1corintios	388	388	8:3	8:3	1	none	"{""none"": 1}"	{}	1corintios-8-3-P01	1corintios-8-3-P01
MR0373	373	1corintios	389	389	8:3	8:3	1	candidate	"{""candidate"": 1}"	"{""independence_transition"": 1, ""subordination_transition"": 1}"	1corintios-8-3-P02	1corintios-8-3-P02
MR0374	374	1corintios	390	390	8:4	8:4	1	candidate	"{""candidate"": 1}"	"{""number_change"": 1, ""person_change"": 1}"	1corintios-8-4-P01	1corintios-8-4-P01
MR0375	375	1corintios	391	391	8:5	8:5	1	candidate	"{""candidate"": 1}"	"{""person_change"": 1}"	1corintios-8-5-P01	1corintios-8-5-P01
MR0376	376	1corintios	392	392	8:5	8:5	1	none	"{""none"": 1}"	{}	1corintios-8-5-P02	1corintios-8-5-P02
MR0377	377	1corintios	393	393	8:7	8:7	1	candidate	"{""candidate"": 1}"	"{""independence_transition"": 1, ""subordination_transition"": 1}"	1corintios-8-7-P01	1corintios-8-7-P01
MR0378	378	1corintios	394	394	8:7	8:7	1	candidate	"{""candidate"": 1}"	"{""independence_transition"": 1, ""subordination_transition"": 1}"	1corintios-8-7-P02	1corintios-8-7-P02
MR0379	379	1corintios	395	395	8:8	8:8	1	candidate	"{""candidate"": 1}"	"{""number_change"": 1}"	1corintios-8-8-P01	1corintios-8-8-P01
MR0380	380	1corintios	396	396	8:8	8:8	1	strong	"{""strong"": 1}"	"{""independence_transition"": 1, ""number_change"": 1, ""person_change"": 1, ""subordination_transition"": 1}"	1corintios-8-8-P02	1corintios-8-8-P02
MR0381	381	1corintios	397	397	8:8	8:8	1	candidate	"{""candidate"": 1}"	"{""independence_transition"": 1, ""subordination_transition"": 1}"	1corintios-8-8-P03	1corintios-8-8-P03
MR0382	382	1corintios	398	398	8:8	8:8	1	candidate	"{""candidate"": 1}"	"{""independence_transition"": 1, ""subordination_transition"": 1}"	1corintios-8-8-P04	1corintios-8-8-P04
MR0383	383	1corintios	399	399	8:8	8:8	1	candidate	"{""candidate"": 1}"	"{""independence_transition"": 1, ""subordination_transition"": 1}"	1corintios-8-8-P05	1corintios-8-8-P05
MR0384	384	1corintios	400	400	8:9	8:9	1	candidate	"{""candidate"": 1}"	"{""person_change"": 1}"	1corintios-8-9-P01	1corintios-8-9-P01
MR0385	385	1corintios	401	401	8:9	8:9	1	none	"{""none"": 1}"	{}	1corintios-8-9-P02	1corintios-8-9-P02
MR0386	386	1corintios	402	402	8:10	8:10	1	candidate	"{""candidate"": 1}"	"{""independence_transition"": 1, ""subordination_transition"": 1}"	1corintios-8-10-P01	1corintios-8-10-P01
MR0387	387	1corintios	403	403	8:10	8:10	1	candidate	"{""candidate"": 1}"	"{""independence_transition"": 1, ""subordination_transition"": 1}"	1corintios-8-10-P02	1corintios-8-10-P02
MR0388	388	1corintios	404	404	8:11	8:11	1	candidate	"{""candidate"": 1}"	"{""number_change"": 1, ""person_change"": 1}"	1corintios-8-11-P01	1corintios-8-11-P01
MR0389	389	1corintios	405	405	8:11	8:11	1	none	"{""none"": 1}"	{}	1corintios-8-11-P02	1corintios-8-11-P02
MR0390	390	1corintios	406	406	8:12	8:12	1	candidate	"{""candidate"": 1}"	"{""number_change"": 1, ""person_change"": 1}"	1corintios-8-12-P01	1corintios-8-12-P01
MR0391	391	1corintios	407	407	8:13	8:13	1	candidate	"{""candidate"": 1}"	"{""independence_transition"": 1, ""subordination_transition"": 1}"	1corintios-8-13-P01	1corintios-8-13-P01
MR0392	392	1corintios	408	408	8:13	8:13	1	candidate	"{""candidate"": 1}"	"{""independence_transition"": 1, ""subordination_transition"": 1}"	1corintios-8-13-P02	1corintios-8-13-P02
MR0393	393	1corintios	409	409	8:13	8:13	1	candidate	"{""candidate"": 1}"	"{""independence_transition"": 1, ""subordination_transition"": 1}"	1corintios-8-13-P03	1corintios-8-13-P03
MR0394	394	1corintios	410	410	9:1	9:1	1	candidate	"{""candidate"": 1}"	"{""independence_transition"": 1, ""subordination_transition"": 1}"	1corintios-9-1-P01	1corintios-9-1-P01
MR0395	395	1corintios	411	411	9:1	9:1	1	none	"{""none"": 1}"	{}	1corintios-9-1-P02	1corintios-9-1-P02
MR0396	396	1corintios	412	412	9:1	9:1	1	none	"{""none"": 1}"	{}	1corintios-9-1-P03	1corintios-9-1-P03
MR0397	397	1corintios	413	413	9:1	9:1	1	candidate	"{""candidate"": 1}"	"{""number_change"": 1, ""person_change"": 1}"	1corintios-9-1-P04	1corintios-9-1-P04
MR0398	398	1corintios	414	414	9:2	9:2	1	strong	"{""strong"": 1}"	"{""independence_transition"": 1, ""number_change"": 1, ""person_change"": 1, ""subordination_transition"": 1}"	1corintios-9-2-P01	1corintios-9-2-P01
MR0399	399	1corintios	415	415	9:2	9:2	1	candidate	"{""candidate"": 1}"	"{""independence_transition"": 1, ""subordination_transition"": 1}"	1corintios-9-2-P02	1corintios-9-2-P02
MR0400	400	1corintios	416	416	9:2	9:2	1	candidate	"{""candidate"": 1}"	"{""number_change"": 1, ""person_change"": 1}"	1corintios-9-2-P03	1corintios-9-2-P03
MR0401	401	1corintios	417	417	9:3	9:3	1	none	"{""none"": 1}"	{}	1corintios-9-3-P01	1corintios-9-3-P01
MR0402	402	1corintios	418	418	9:4	9:4	1	candidate	"{""candidate"": 1}"	"{""person_change"": 1}"	1corintios-9-4-P01	1corintios-9-4-P01
MR0403	403	1corintios	419	419	9:5	9:5	1	none	"{""none"": 1}"	{}	1corintios-9-5-P01	1corintios-9-5-P01
MR0404	404	1corintios	420	420	9:6	9:6	1	none	"{""none"": 1}"	{}	1corintios-9-6-P01	1corintios-9-6-P01
MR0405	405	1corintios	421	421	9:7	9:7	1	none	"{""none"": 1}"	{}	1corintios-9-7-P01	1corintios-9-7-P01
MR0406	406	1corintios	422	422	9:7	9:7	1	none	"{""none"": 1}"	{}	1corintios-9-7-P02	1corintios-9-7-P02
MR0407	407	1corintios	423	423	9:7	9:7	1	candidate	"{""candidate"": 1}"	"{""number_change"": 1, ""person_change"": 1}"	1corintios-9-7-P03	1corintios-9-7-P03
MR0408	408	1corintios	424	424	9:7	9:7	1	none	"{""none"": 1}"	{}	1corintios-9-7-P04	1corintios-9-7-P04
MR0409	409	1corintios	425	425	9:7	9:7	1	none	"{""none"": 1}"	{}	1corintios-9-7-P05	1corintios-9-7-P05
MR0410	410	1corintios	426	426	9:8	9:8	1	candidate	"{""candidate"": 1}"	"{""person_change"": 1}"	1corintios-9-8-P01	1corintios-9-8-P01
MR0411	411	1corintios	427	427	9:8	9:8	1	none	"{""none"": 1}"	{}	1corintios-9-8-P02	1corintios-9-8-P02
MR0412	412	1corintios	428	428	9:9	9:9	1	candidate	"{""candidate"": 1}"	"{""person_change"": 1}"	1corintios-9-9-P01	1corintios-9-9-P01
MR0413	413	1corintios	429	429	9:9	9:9	1	candidate	"{""candidate"": 1}"	"{""person_change"": 1}"	1corintios-9-9-P02	1corintios-9-9-P02
MR0414	414	1corintios	430	430	9:9	9:9	1	candidate	"{""candidate"": 1}"	"{""person_change"": 1}"	1corintios-9-9-P03	1corintios-9-9-P03
MR0415	415	1corintios	431	431	9:10	9:10	1	none	"{""none"": 1}"	{}	1corintios-9-10-P01	1corintios-9-10-P01
MR0416	416	1corintios	432	432	9:10	9:10	1	none	"{""none"": 1}"	{}	1corintios-9-10-P02	1corintios-9-10-P02
MR0417	417	1corintios	433	433	9:10	9:10	1	candidate	"{""candidate"": 1}"	"{""independence_transition"": 1, ""subordination_transition"": 1}"	1corintios-9-10-P03	1corintios-9-10-P03
MR0418	418	1corintios	434	434	9:11	9:11	1	candidate	"{""candidate"": 1}"	"{""number_change"": 1, ""person_change"": 1}"	1corintios-9-11-P01	1corintios-9-11-P01
MR0419	419	1corintios	435	435	9:11	9:11	1	none	"{""none"": 1}"	{}	1corintios-9-11-P02	1corintios-9-11-P02
MR0420	420	1corintios	436	436	9:12	9:12	1	none	"{""none"": 1}"	{}	1corintios-9-12-P01	1corintios-9-12-P01
MR0421	421	1corintios	437	437	9:12	9:12	1	candidate	"{""candidate"": 1}"	"{""independence_transition"": 1, ""subordination_transition"": 1}"	1corintios-9-12-P02	1corintios-9-12-P02
MR0422	422	1corintios	438	438	9:12	9:12	1	none	"{""none"": 1}"	{}	1corintios-9-12-P03	1corintios-9-12-P03
MR0423	423	1corintios	439	439	9:12	9:12	1	candidate	"{""candidate"": 1}"	"{""independence_transition"": 1, ""subordination_transition"": 1}"	1corintios-9-12-P04	1corintios-9-12-P04
MR0424	424	1corintios	440	440	9:13	9:13	1	strong	"{""strong"": 1}"	"{""independence_transition"": 1, ""person_change"": 1, ""subordination_transition"": 1}"	1corintios-9-13-P01	1corintios-9-13-P01
MR0425	425	1corintios	441	441	9:13	9:13	1	strong	"{""strong"": 1}"	"{""independence_transition"": 1, ""person_change"": 1, ""subordination_transition"": 1}"	1corintios-9-13-P02	1corintios-9-13-P02
MR0426	426	1corintios	442	442	9:13	9:13	1	strong	"{""strong"": 1}"	"{""independence_transition"": 1, ""person_change"": 1, ""subordination_transition"": 1}"	1corintios-9-13-P03	1corintios-9-13-P03
MR0427	427	1corintios	443	443	9:14	9:14	1	none	"{""none"": 1}"	{}	1corintios-9-14-P01	1corintios-9-14-P01
MR0428	428	1corintios	444	444	9:15	9:15	1	candidate	"{""candidate"": 1}"	"{""number_change"": 1, ""person_change"": 1}"	1corintios-9-15-P01	1corintios-9-15-P01
MR0429	429	1corintios	445	445	9:15	9:15	1	none	"{""none"": 1}"	{}	1corintios-9-15-P02	1corintios-9-15-P02
MR0430	430	1corintios	446	446	9:15	9:15	1	strong	"{""strong"": 1}"	"{""independence_transition"": 1, ""person_change"": 1, ""subordination_transition"": 1}"	1corintios-9-15-P03	1corintios-9-15-P03
MR0431	431	1corintios	447	447	9:15	9:15	1	strong	"{""strong"": 1}"	"{""independence_transition"": 1, ""person_change"": 1, ""subordination_transition"": 1}"	1corintios-9-15-P04	1corintios-9-15-P04
MR0432	432	1corintios	448	448	9:16	9:16	1	candidate	"{""candidate"": 1}"	"{""independence_transition"": 1, ""subordination_transition"": 1}"	1corintios-9-16-P01	1corintios-9-16-P01
MR0433	433	1corintios	449	449	9:16	9:16	1	strong	"{""strong"": 1}"	"{""independence_transition"": 1, ""person_change"": 1, ""subordination_transition"": 1}"	1corintios-9-16-P02	1corintios-9-16-P02
MR0434	434	1corintios	450	450	9:16	9:16	1	none	"{""none"": 1}"	{}	1corintios-9-16-P03	1corintios-9-16-P03
MR0435	435	1corintios	451	451	9:16	9:16	1	none	"{""none"": 1}"	{}	1corintios-9-16-P04	1corintios-9-16-P04
MR0436	436	1corintios	452	452	9:16	9:16	1	strong	"{""strong"": 1}"	"{""independence_transition"": 1, ""person_change"": 1, ""subordination_transition"": 1}"	1corintios-9-16-P05	1corintios-9-16-P05
MR0437	437	1corintios	453	453	9:17	9:17	1	none	"{""none"": 1}"	{}	1corintios-9-17-P01	1corintios-9-17-P01
MR0438	438	1corintios	454	454	9:17	9:17	1	candidate	"{""candidate"": 1}"	"{""independence_transition"": 1, ""subordination_transition"": 1}"	1corintios-9-17-P02	1corintios-9-17-P02
MR0439	439	1corintios	455	455	9:17	9:17	1	candidate	"{""candidate"": 1}"	"{""independence_transition"": 1, ""subordination_transition"": 1}"	1corintios-9-17-P03	1corintios-9-17-P03
MR0440	440	1corintios	456	456	9:18	9:18	1	strong	"{""strong"": 1}"	"{""independence_transition"": 1, ""person_change"": 1, ""subordination_transition"": 1}"	1corintios-9-18-P01	1corintios-9-18-P01
MR0441	441	1corintios	457	457	9:18	9:18	1	strong	"{""strong"": 1}"	"{""independence_transition"": 1, ""person_change"": 1, ""subordination_transition"": 1}"	1corintios-9-18-P02	1corintios-9-18-P02
MR0442	442	1corintios	458	458	9:19	9:19	1	candidate	"{""candidate"": 1}"	"{""independence_transition"": 1, ""subordination_transition"": 1}"	1corintios-9-19-P01	1corintios-9-19-P01
MR0443	443	1corintios	459	459	9:19	9:19	1	candidate	"{""candidate"": 1}"	"{""independence_transition"": 1, ""subordination_transition"": 1}"	1corintios-9-19-P02	1corintios-9-19-P02
MR0444	444	1corintios	460	460	9:20	9:20	1	candidate	"{""candidate"": 1}"	"{""independence_transition"": 1, ""subordination_transition"": 1}"	1corintios-9-20-P01	1corintios-9-20-P01
MR0445	445	1corintios	461	461	9:20	9:20	1	candidate	"{""candidate"": 1}"	"{""independence_transition"": 1, ""subordination_transition"": 1}"	1corintios-9-20-P02	1corintios-9-20-P02
MR0446	446	1corintios	462	462	9:20	9:20	1	none	"{""none"": 1}"	{}	1corintios-9-20-P03	1corintios-9-20-P03
MR0447	447	1corintios	463	463	9:21	9:21	1	none	"{""none"": 1}"	{}	1corintios-9-21-P01	1corintios-9-21-P01
MR0448	448	1corintios	464	464	9:22	9:22	1	candidate	"{""candidate"": 1}"	"{""independence_transition"": 1, ""subordination_transition"": 1}"	1corintios-9-22-P01	1corintios-9-22-P01
MR0449	449	1corintios	465	465	9:22	9:22	1	candidate	"{""candidate"": 1}"	"{""independence_transition"": 1, ""subordination_transition"": 1}"	1corintios-9-22-P02	1corintios-9-22-P02
MR0450	450	1corintios	466	466	9:22	9:22	1	candidate	"{""candidate"": 1}"	"{""independence_transition"": 1, ""subordination_transition"": 1}"	1corintios-9-22-P03	1corintios-9-22-P03
MR0451	451	1corintios	467	467	9:22	9:22	1	candidate	"{""candidate"": 1}"	"{""independence_transition"": 1, ""subordination_transition"": 1}"	1corintios-9-22-P04	1corintios-9-22-P04
MR0452	452	1corintios	468	468	9:23	9:23	1	candidate	"{""candidate"": 1}"	"{""independence_transition"": 1, ""subordination_transition"": 1}"	1corintios-9-23-P01	1corintios-9-23-P01
MR0453	453	1corintios	469	469	9:23	9:23	1	candidate	"{""candidate"": 1}"	"{""independence_transition"": 1, ""subordination_transition"": 1}"	1corintios-9-23-P02	1corintios-9-23-P02
MR0454	454	1corintios	470	470	9:24	9:24	1	strong	"{""strong"": 1}"	"{""independence_transition"": 1, ""number_change"": 1, ""person_change"": 1, ""subordination_transition"": 1}"	1corintios-9-24-P01	1corintios-9-24-P01
MR0455	455	1corintios	471	471	9:24	9:24	1	strong	"{""strong"": 1}"	"{""independence_transition"": 1, ""person_change"": 1, ""subordination_transition"": 1}"	1corintios-9-24-P02	1corintios-9-24-P02
MR0456	456	1corintios	472	472	9:24	9:24	1	strong	"{""strong"": 1}"	"{""independence_transition"": 1, ""number_change"": 1, ""subordination_transition"": 1}"	1corintios-9-24-P03	1corintios-9-24-P03
MR0457	457	1corintios	473	473	9:24	9:24	1	candidate	"{""candidate"": 1}"	"{""number_change"": 1, ""person_change"": 1}"	1corintios-9-24-P04	1corintios-9-24-P04
MR0458	458	1corintios	474	474	9:24	9:24	1	candidate	"{""candidate"": 1}"	"{""independence_transition"": 1, ""subordination_transition"": 1}"	1corintios-9-24-P05	1corintios-9-24-P05
MR0459	459	1corintios	475	475	9:25	9:25	1	candidate	"{""candidate"": 1}"	"{""independence_transition"": 1, ""subordination_transition"": 1}"	1corintios-9-25-P01	1corintios-9-25-P01
MR0460	460	1corintios	476	476	9:25	9:25	1	strong	"{""strong"": 1}"	"{""independence_transition"": 1, ""person_change"": 1, ""subordination_transition"": 1}"	1corintios-9-25-P02	1corintios-9-25-P02
MR0461	461	1corintios	477	477	9:26	9:26	1	strong	"{""strong"": 1}"	"{""independence_transition"": 1, ""number_change"": 1, ""person_change"": 1, ""subordination_transition"": 1}"	1corintios-9-26-P01	1corintios-9-26-P01
MR0462	462	1corintios	478	478	9:26	9:26	1	candidate	"{""candidate"": 1}"	"{""independence_transition"": 1, ""subordination_transition"": 1}"	1corintios-9-26-P02	1corintios-9-26-P02
MR0463	463	1corintios	479	479	9:27	9:27	1	candidate	"{""candidate"": 1}"	"{""independence_transition"": 1, ""subordination_transition"": 1}"	1corintios-9-27-P01	1corintios-9-27-P01
MR0464	464	1corintios	480	480	9:27	9:27	1	none	"{""none"": 1}"	{}	1corintios-9-27-P02	1corintios-9-27-P02
MR0465	465	1corintios	481	481	9:27	9:27	1	none	"{""none"": 1}"	{}	1corintios-9-27-P03	1corintios-9-27-P03
MR0466	466	1corintios	482	482	10:1	10:1	1	none	"{""none"": 1}"	{}	1corintios-10-1-P01	1corintios-10-1-P01
MR0467	467	1corintios	483	483	10:1	10:1	1	candidate	"{""candidate"": 1}"	"{""independence_transition"": 1, ""subordination_transition"": 1}"	1corintios-10-1-P02	1corintios-10-1-P02
MR0468	468	1corintios	484	484	10:1	10:1	1	candidate	"{""candidate"": 1}"	"{""independence_transition"": 1, ""subordination_transition"": 1}"	1corintios-10-1-P03	1corintios-10-1-P03
MR0469	469	1corintios	485	485	10:2	10:2	1	none	"{""none"": 1}"	{}	1corintios-10-2-P01	1corintios-10-2-P01
MR0470	470	1corintios	486	486	10:3	10:3	1	none	"{""none"": 1}"	{}	1corintios-10-3-P01	1corintios-10-3-P01
MR0471	471	1corintios	487	487	10:4	10:4	1	none	"{""none"": 1}"	{}	1corintios-10-4-P01	1corintios-10-4-P01
MR0472	472	1corintios	488	488	10:4	10:4	1	candidate	"{""candidate"": 1}"	"{""number_change"": 1, ""person_change"": 1}"	1corintios-10-4-P02	1corintios-10-4-P02
MR0473	473	1corintios	489	489	10:4	10:4	1	candidate	"{""candidate"": 1}"	"{""number_change"": 1}"	1corintios-10-4-P03	1corintios-10-4-P03
MR0474	474	1corintios	490	490	10:5	10:5	1	none	"{""none"": 1}"	{}	1corintios-10-5-P01	1corintios-10-5-P01
MR0475	475	1corintios	491	491	10:5	10:5	1	candidate	"{""candidate"": 1}"	"{""number_change"": 1}"	1corintios-10-5-P02	1corintios-10-5-P02
MR0476	476	1corintios	492	492	10:6	10:6	1	none	"{""none"": 1}"	{}	1corintios-10-6-P01	1corintios-10-6-P01
MR0477	477	1corintios	493	493	10:6	10:6	1	candidate	"{""candidate"": 1}"	"{""independence_transition"": 1, ""subordination_transition"": 1}"	1corintios-10-6-P02	1corintios-10-6-P02
MR0478	478	1corintios	494	494	10:7	10:7	1	candidate	"{""candidate"": 1}"	"{""independence_transition"": 1, ""subordination_transition"": 1}"	1corintios-10-7-P01	1corintios-10-7-P01
MR0479	479	1corintios	495	495	10:7	10:7	1	strong	"{""strong"": 1}"	"{""independence_transition"": 1, ""number_change"": 1, ""person_change"": 1, ""subordination_transition"": 1}"	1corintios-10-7-P02	1corintios-10-7-P02
MR0480	480	1corintios	496	496	10:7	10:7	1	candidate	"{""candidate"": 1}"	"{""independence_transition"": 1, ""subordination_transition"": 1}"	1corintios-10-7-P03	1corintios-10-7-P03
MR0481	481	1corintios	497	497	10:7	10:7	1	candidate	"{""candidate"": 1}"	"{""number_change"": 1}"	1corintios-10-7-P04	1corintios-10-7-P04
MR0482	482	1corintios	498	498	10:8	10:8	1	candidate	"{""candidate"": 1}"	"{""person_change"": 1}"	1corintios-10-8-P01	1corintios-10-8-P01
MR0483	483	1corintios	499	499	10:8	10:8	1	candidate	"{""candidate"": 1}"	"{""independence_transition"": 1, ""subordination_transition"": 1}"	1corintios-10-8-P02	1corintios-10-8-P02
MR0484	484	1corintios	500	500	10:8	10:8	1	candidate	"{""candidate"": 1}"	"{""independence_transition"": 1, ""subordination_transition"": 1}"	1corintios-10-8-P03	1corintios-10-8-P03
MR0485	485	1corintios	501	501	10:9	10:9	1	candidate	"{""candidate"": 1}"	"{""person_change"": 1}"	1corintios-10-9-P01	1corintios-10-9-P01
MR0486	486	1corintios	502	502	10:9	10:9	1	candidate	"{""candidate"": 1}"	"{""independence_transition"": 1, ""subordination_transition"": 1}"	1corintios-10-9-P02	1corintios-10-9-P02
MR0487	487	1corintios	503	503	10:9	10:9	1	candidate	"{""candidate"": 1}"	"{""independence_transition"": 1, ""subordination_transition"": 1}"	1corintios-10-9-P03	1corintios-10-9-P03
MR0488	488	1corintios	504	504	10:10	10:10	1	candidate	"{""candidate"": 1}"	"{""person_change"": 1}"	1corintios-10-10-P01	1corintios-10-10-P01
MR0489	489	1corintios	505	505	10:10	10:10	1	none	"{""none"": 1}"	{}	1corintios-10-10-P02	1corintios-10-10-P02
MR0490	490	1corintios	506	506	10:10	10:10	1	candidate	"{""candidate"": 1}"	"{""person_change"": 1}"	1corintios-10-10-P03	1corintios-10-10-P03
MR0491	491	1corintios	507	507	10:11	10:11	1	candidate	"{""candidate"": 1}"	"{""number_change"": 1}"	1corintios-10-11-P01	1corintios-10-11-P01
MR0492	492	1corintios	508	508	10:11	10:11	1	none	"{""none"": 1}"	{}	1corintios-10-11-P02	1corintios-10-11-P02
MR0493	493	1corintios	509	509	10:11	10:11	1	none	"{""none"": 1}"	{}	1corintios-10-11-P03	1corintios-10-11-P03
MR0494	494	1corintios	510	510	10:12	10:12	1	candidate	"{""candidate"": 1}"	"{""independence_transition"": 1, ""subordination_transition"": 1}"	1corintios-10-12-P01	1corintios-10-12-P01
MR0495	495	1corintios	511	511	10:12	10:12	1	candidate	"{""candidate"": 1}"	"{""independence_transition"": 1, ""subordination_transition"": 1}"	1corintios-10-12-P02	1corintios-10-12-P02
MR0496	496	1corintios	512	512	10:13	10:13	1	none	"{""none"": 1}"	{}	1corintios-10-13-P01	1corintios-10-13-P01
MR0497	497	1corintios	513	513	10:13	10:13	1	candidate	"{""candidate"": 1}"	"{""independence_transition"": 1, ""subordination_transition"": 1}"	1corintios-10-13-P02	1corintios-10-13-P02
MR0498	498	1corintios	514	514	10:13	10:13	1	candidate	"{""candidate"": 1}"	"{""independence_transition"": 1, ""subordination_transition"": 1}"	1corintios-10-13-P03	1corintios-10-13-P03
MR0499	499	1corintios	515	515	10:13	10:13	1	candidate	"{""candidate"": 1}"	"{""number_change"": 1, ""person_change"": 1}"	1corintios-10-13-P04	1corintios-10-13-P04
MR0500	500	1corintios	516	516	10:14	10:14	1	candidate	"{""candidate"": 1}"	"{""number_change"": 1, ""person_change"": 1}"	1corintios-10-14-P01	1corintios-10-14-P01
MR0501	501	1corintios	517	517	10:15	10:15	1	strong	"{""strong"": 1}"	"{""independence_transition"": 1, ""number_change"": 1, ""person_change"": 1, ""subordination_transition"": 1}"	1corintios-10-15-P01	1corintios-10-15-P01
MR0502	502	1corintios	518	518	10:15	10:15	1	strong	"{""strong"": 1}"	"{""independence_transition"": 1, ""number_change"": 1, ""person_change"": 1, ""subordination_transition"": 1}"	1corintios-10-15-P02	1corintios-10-15-P02
MR0503	503	1corintios	519	519	10:15	10:15	1	candidate	"{""candidate"": 1}"	"{""number_change"": 1, ""person_change"": 1}"	1corintios-10-15-P03	1corintios-10-15-P03
MR0504	504	1corintios	520	520	10:16	10:16	1	candidate	"{""candidate"": 1}"	"{""number_change"": 1}"	1corintios-10-16-P01	1corintios-10-16-P01
MR0505	505	1corintios	521	521	10:16	10:16	1	none	"{""none"": 1}"	{}	1corintios-10-16-P02	1corintios-10-16-P02
MR0506	506	1corintios	522	522	10:16	10:16	1	none	"{""none"": 1}"	{}	1corintios-10-16-P03	1corintios-10-16-P03
MR0507	507	1corintios	523	523	10:16	10:16	1	none	"{""none"": 1}"	{}	1corintios-10-16-P04	1corintios-10-16-P04
MR0508	508	1corintios	524	524	10:17	10:17	1	candidate	"{""candidate"": 1}"	"{""independence_transition"": 1, ""subordination_transition"": 1}"	1corintios-10-17-P01	1corintios-10-17-P01
MR0509	509	1corintios	525	525	10:17	10:17	1	candidate	"{""candidate"": 1}"	"{""independence_transition"": 1, ""subordination_transition"": 1}"	1corintios-10-17-P02	1corintios-10-17-P02
MR0510	510	1corintios	526	526	10:18	10:18	1	candidate	"{""candidate"": 1}"	"{""person_change"": 1}"	1corintios-10-18-P01	1corintios-10-18-P01
MR0511	511	1corintios	527	527	10:18	10:18	1	none	"{""none"": 1}"	{}	1corintios-10-18-P02	1corintios-10-18-P02
MR0512	512	1corintios	528	528	10:19	10:19	1	candidate	"{""candidate"": 1}"	"{""number_change"": 1, ""person_change"": 1}"	1corintios-10-19-P01	1corintios-10-19-P01
MR0513	513	1corintios	529	529	10:19	10:19	1	candidate	"{""candidate"": 1}"	"{""independence_transition"": 1, ""subordination_transition"": 1}"	1corintios-10-19-P02	1corintios-10-19-P02
MR0514	514	1corintios	530	530	10:19	10:19	1	none	"{""none"": 1}"	{}	1corintios-10-19-P03	1corintios-10-19-P03
MR0515	515	1corintios	531	531	10:20	10:20	1	none	"{""none"": 1}"	{}	1corintios-10-20-P01	1corintios-10-20-P01
MR0516	516	1corintios	532	532	10:20	10:20	1	candidate	"{""candidate"": 1}"	"{""independence_transition"": 1, ""subordination_transition"": 1}"	1corintios-10-20-P02	1corintios-10-20-P02
MR0517	517	1corintios	533	533	10:20	10:20	1	candidate	"{""candidate"": 1}"	"{""number_change"": 1, ""person_change"": 1}"	1corintios-10-20-P03	1corintios-10-20-P03
MR0518	518	1corintios	534	534	10:21	10:21	1	candidate	"{""candidate"": 1}"	"{""number_change"": 1, ""person_change"": 1}"	1corintios-10-21-P01	1corintios-10-21-P01
MR0519	519	1corintios	535	535	10:21	10:21	1	none	"{""none"": 1}"	{}	1corintios-10-21-P02	1corintios-10-21-P02
MR0520	520	1corintios	536	536	10:22	10:22	1	candidate	"{""candidate"": 1}"	"{""person_change"": 1}"	1corintios-10-22-P01	1corintios-10-22-P01
MR0521	521	1corintios	537	540	10:22	10:23	4	none	"{""none"": 4}"	{}	1corintios-10-22-P02	1corintios-10-23-P03
MR0522	522	1corintios	541	541	10:23	10:23	1	none	"{""none"": 1}"	{}	1corintios-10-23-P04	1corintios-10-23-P04
MR0523	523	1corintios	542	542	10:24	10:24	1	none	"{""none"": 1}"	{}	1corintios-10-24-P01	1corintios-10-24-P01
MR0524	524	1corintios	543	543	10:25	10:25	1	candidate	"{""candidate"": 1}"	"{""person_change"": 1}"	1corintios-10-25-P01	1corintios-10-25-P01
MR0525	525	1corintios	544	544	10:27	10:27	1	candidate	"{""candidate"": 1}"	"{""independence_transition"": 1, ""subordination_transition"": 1}"	1corintios-10-27-P01	1corintios-10-27-P01
MR0526	526	1corintios	545	545	10:27	10:27	1	candidate	"{""candidate"": 1}"	"{""independence_transition"": 1, ""subordination_transition"": 1}"	1corintios-10-27-P02	1corintios-10-27-P02
MR0527	527	1corintios	546	546	10:27	10:27	1	none	"{""none"": 1}"	{}	1corintios-10-27-P03	1corintios-10-27-P03
MR0528	528	1corintios	547	547	10:28	10:28	1	candidate	"{""candidate"": 1}"	"{""independence_transition"": 1, ""subordination_transition"": 1}"	1corintios-10-28-P01	1corintios-10-28-P01
MR0529	529	1corintios	548	548	10:28	10:28	1	candidate	"{""candidate"": 1}"	"{""independence_transition"": 1, ""subordination_transition"": 1}"	1corintios-10-28-P02	1corintios-10-28-P02
MR0530	530	1corintios	549	549	10:28	10:28	1	none	"{""none"": 1}"	{}	1corintios-10-28-P03	1corintios-10-28-P03
MR0531	531	1corintios	550	550	10:29	10:29	1	candidate	"{""candidate"": 1}"	"{""number_change"": 1, ""person_change"": 1}"	1corintios-10-29-P01	1corintios-10-29-P01
MR0532	532	1corintios	551	551	10:29	10:29	1	none	"{""none"": 1}"	{}	1corintios-10-29-P02	1corintios-10-29-P02
MR0533	533	1corintios	552	552	10:30	10:30	1	candidate	"{""candidate"": 1}"	"{""independence_transition"": 1, ""subordination_transition"": 1}"	1corintios-10-30-P01	1corintios-10-30-P01
MR0534	534	1corintios	553	553	10:30	10:30	1	candidate	"{""candidate"": 1}"	"{""independence_transition"": 1, ""subordination_transition"": 1}"	1corintios-10-30-P02	1corintios-10-30-P02
MR0535	535	1corintios	554	554	10:30	10:30	1	none	"{""none"": 1}"	{}	1corintios-10-30-P03	1corintios-10-30-P03
MR0536	536	1corintios	555	555	10:31	10:31	1	candidate	"{""candidate"": 1}"	"{""number_change"": 1, ""person_change"": 1}"	1corintios-10-31-P01	1corintios-10-31-P01
MR0537	537	1corintios	556	556	10:31	10:31	1	none	"{""none"": 1}"	{}	1corintios-10-31-P02	1corintios-10-31-P02
MR0538	538	1corintios	557	557	10:31	10:31	1	none	"{""none"": 1}"	{}	1corintios-10-31-P03	1corintios-10-31-P03
MR0539	539	1corintios	558	558	10:31	10:31	1	none	"{""none"": 1}"	{}	1corintios-10-31-P04	1corintios-10-31-P04
MR0540	540	1corintios	559	559	10:32	10:32	1	none	"{""none"": 1}"	{}	1corintios-10-32-P01	1corintios-10-32-P01
MR0541	541	1corintios	560	560	10:33	10:33	1	strong	"{""strong"": 1}"	"{""independence_transition"": 1, ""number_change"": 1, ""person_change"": 1, ""subordination_transition"": 1}"	1corintios-10-33-P01	1corintios-10-33-P01
MR0542	542	1corintios	561	561	10:33	10:33	1	candidate	"{""candidate"": 1}"	"{""number_change"": 1, ""person_change"": 1}"	1corintios-10-33-P02	1corintios-10-33-P02
MR0543	543	1corintios	562	562	11:1	11:1	1	strong	"{""strong"": 1}"	"{""independence_transition"": 1, ""person_change"": 1, ""subordination_transition"": 1}"	1corintios-11-1-P01	1corintios-11-1-P01
MR0544	544	1corintios	563	563	11:2	11:2	1	candidate	"{""candidate"": 1}"	"{""number_change"": 1, ""person_change"": 1}"	1corintios-11-2-P01	1corintios-11-2-P01
MR0545	545	1corintios	564	564	11:2	11:2	1	strong	"{""strong"": 1}"	"{""independence_transition"": 1, ""number_change"": 1, ""person_change"": 1, ""subordination_transition"": 1}"	1corintios-11-2-P02	1corintios-11-2-P02
MR0546	546	1corintios	565	565	11:2	11:2	1	candidate	"{""candidate"": 1}"	"{""number_change"": 1, ""person_change"": 1}"	1corintios-11-2-P03	1corintios-11-2-P03
MR0547	547	1corintios	566	566	11:2	11:2	1	strong	"{""strong"": 1}"	"{""independence_transition"": 1, ""number_change"": 1, ""person_change"": 1, ""subordination_transition"": 1}"	1corintios-11-2-P04	1corintios-11-2-P04
MR0548	548	1corintios	567	567	11:3	11:3	1	candidate	"{""candidate"": 1}"	"{""number_change"": 1, ""person_change"": 1}"	1corintios-11-3-P01	1corintios-11-3-P01
MR0549	549	1corintios	568	568	11:3	11:3	1	candidate	"{""candidate"": 1}"	"{""independence_transition"": 1, ""subordination_transition"": 1}"	1corintios-11-3-P02	1corintios-11-3-P02
MR0550	550	1corintios	569	569	11:4	11:4	1	strong	"{""strong"": 1}"	"{""independence_transition"": 1, ""person_change"": 1, ""subordination_transition"": 1}"	1corintios-11-4-P01	1corintios-11-4-P01
MR0551	551	1corintios	570	570	11:5	11:5	1	none	"{""none"": 1}"	{}	1corintios-11-5-P01	1corintios-11-5-P01
MR0552	552	1corintios	571	571	11:5	11:5	1	none	"{""none"": 1}"	{}	1corintios-11-5-P02	1corintios-11-5-P02
MR0553	553	1corintios	572	572	11:6	11:6	1	candidate	"{""candidate"": 1}"	"{""independence_transition"": 1, ""subordination_transition"": 1}"	1corintios-11-6-P01	1corintios-11-6-P01
MR0554	554	1corintios	573	573	11:6	11:6	1	candidate	"{""candidate"": 1}"	"{""independence_transition"": 1, ""subordination_transition"": 1}"	1corintios-11-6-P02	1corintios-11-6-P02
MR0555	555	1corintios	574	574	11:6	11:6	1	candidate	"{""candidate"": 1}"	"{""independence_transition"": 1, ""subordination_transition"": 1}"	1corintios-11-6-P03	1corintios-11-6-P03
MR0556	556	1corintios	575	575	11:7	11:7	1	candidate	"{""candidate"": 1}"	"{""independence_transition"": 1, ""subordination_transition"": 1}"	1corintios-11-7-P01	1corintios-11-7-P01
MR0557	557	1corintios	576	576	11:7	11:7	1	none	"{""none"": 1}"	{}	1corintios-11-7-P02	1corintios-11-7-P02
MR0558	558	1corintios	577	577	11:8	11:8	1	none	"{""none"": 1}"	{}	1corintios-11-8-P01	1corintios-11-8-P01
MR0559	559	1corintios	578	578	11:9	11:9	1	none	"{""none"": 1}"	{}	1corintios-11-9-P01	1corintios-11-9-P01
MR0560	560	1corintios	579	579	11:10	11:10	1	none	"{""none"": 1}"	{}	1corintios-11-10-P01	1corintios-11-10-P01
MR0561	561	1corintios	580	580	11:13	11:13	1	candidate	"{""candidate"": 1}"	"{""number_change"": 1, ""person_change"": 1}"	1corintios-11-13-P01	1corintios-11-13-P01
MR0562	562	1corintios	581	581	11:13	11:13	1	candidate	"{""candidate"": 1}"	"{""number_change"": 1, ""person_change"": 1}"	1corintios-11-13-P02	1corintios-11-13-P02
MR0563	563	1corintios	582	582	11:14	11:14	1	none	"{""none"": 1}"	{}	1corintios-11-14-P01	1corintios-11-14-P01
MR0564	564	1corintios	583	583	11:14	11:14	1	candidate	"{""candidate"": 1}"	"{""independence_transition"": 1, ""subordination_transition"": 1}"	1corintios-11-14-P02	1corintios-11-14-P02
MR0565	565	1corintios	584	584	11:14	11:14	1	candidate	"{""candidate"": 1}"	"{""independence_transition"": 1, ""subordination_transition"": 1}"	1corintios-11-14-P03	1corintios-11-14-P03
MR0566	566	1corintios	585	585	11:15	11:15	1	candidate	"{""candidate"": 1}"	"{""independence_transition"": 1, ""subordination_transition"": 1}"	1corintios-11-15-P01	1corintios-11-15-P01
MR0567	567	1corintios	586	586	11:15	11:15	1	candidate	"{""candidate"": 1}"	"{""independence_transition"": 1, ""subordination_transition"": 1}"	1corintios-11-15-P02	1corintios-11-15-P02
MR0568	568	1corintios	587	587	11:15	11:15	1	candidate	"{""candidate"": 1}"	"{""independence_transition"": 1, ""subordination_transition"": 1}"	1corintios-11-15-P03	1corintios-11-15-P03
MR0569	569	1corintios	588	588	11:16	11:16	1	none	"{""none"": 1}"	{}	1corintios-11-16-P01	1corintios-11-16-P01
MR0570	570	1corintios	589	589	11:16	11:16	1	strong	"{""strong"": 1}"	"{""independence_transition"": 1, ""number_change"": 1, ""person_change"": 1, ""subordination_transition"": 1}"	1corintios-11-16-P02	1corintios-11-16-P02
MR0571	571	1corintios	590	590	11:17	11:17	1	candidate	"{""candidate"": 1}"	"{""number_change"": 1}"	1corintios-11-17-P01	1corintios-11-17-P01
MR0572	572	1corintios	591	591	11:17	11:17	1	strong	"{""strong"": 1}"	"{""independence_transition"": 1, ""number_change"": 1, ""person_change"": 1, ""subordination_transition"": 1}"	1corintios-11-17-P02	1corintios-11-17-P02
MR0573	573	1corintios	592	592	11:18	11:18	1	strong	"{""strong"": 1}"	"{""independence_transition"": 1, ""number_change"": 1, ""person_change"": 1, ""subordination_transition"": 1}"	1corintios-11-18-P01	1corintios-11-18-P01
MR0574	574	1corintios	593	593	11:18	11:18	1	none	"{""none"": 1}"	{}	1corintios-11-18-P02	1corintios-11-18-P02
MR0575	575	1corintios	594	594	11:19	11:19	1	candidate	"{""candidate"": 1}"	"{""person_change"": 1}"	1corintios-11-19-P01	1corintios-11-19-P01
MR0576	576	1corintios	595	595	11:19	11:19	1	candidate	"{""candidate"": 1}"	"{""independence_transition"": 1, ""subordination_transition"": 1}"	1corintios-11-19-P02	1corintios-11-19-P02
MR0577	577	1corintios	596	596	11:20	11:20	1	candidate	"{""candidate"": 1}"	"{""independence_transition"": 1, ""subordination_transition"": 1}"	1corintios-11-20-P01	1corintios-11-20-P01
MR0578	578	1corintios	597	597	11:21	11:21	1	none	"{""none"": 1}"	{}	1corintios-11-21-P01	1corintios-11-21-P01
MR0579	579	1corintios	598	598	11:21	11:21	1	none	"{""none"": 1}"	{}	1corintios-11-21-P02	1corintios-11-21-P02
MR0580	580	1corintios	599	599	11:21	11:21	1	none	"{""none"": 1}"	{}	1corintios-11-21-P03	1corintios-11-21-P03
MR0581	581	1corintios	600	600	11:22	11:22	1	candidate	"{""candidate"": 1}"	"{""number_change"": 1, ""person_change"": 1}"	1corintios-11-22-P01	1corintios-11-22-P01
MR0582	582	1corintios	601	601	11:22	11:22	1	none	"{""none"": 1}"	{}	1corintios-11-22-P02	1corintios-11-22-P02
MR0583	583	1corintios	602	602	11:22	11:22	1	none	"{""none"": 1}"	{}	1corintios-11-22-P03	1corintios-11-22-P03
MR0584	584	1corintios	603	603	11:22	11:22	1	candidate	"{""candidate"": 1}"	"{""number_change"": 1, ""person_change"": 1}"	1corintios-11-22-P04	1corintios-11-22-P04
MR0585	585	1corintios	604	604	11:22	11:22	1	none	"{""none"": 1}"	{}	1corintios-11-22-P05	1corintios-11-22-P05
MR0586	586	1corintios	605	605	11:22	11:22	1	none	"{""none"": 1}"	{}	1corintios-11-22-P06	1corintios-11-22-P06
MR0587	587	1corintios	606	606	11:23	11:23	1	none	"{""none"": 1}"	{}	1corintios-11-23-P01	1corintios-11-23-P01
MR0588	588	1corintios	607	607	11:23	11:23	1	none	"{""none"": 1}"	{}	1corintios-11-23-P02	1corintios-11-23-P02
MR0589	589	1corintios	608	608	11:23	11:23	1	strong	"{""strong"": 1}"	"{""independence_transition"": 1, ""person_change"": 1, ""subordination_transition"": 1}"	1corintios-11-23-P03	1corintios-11-23-P03
MR0590	590	1corintios	609	609	11:23	11:23	1	candidate	"{""candidate"": 1}"	"{""independence_transition"": 1, ""subordination_transition"": 1}"	1corintios-11-23-P04	1corintios-11-23-P04
MR0591	591	1corintios	610	610	11:24	11:24	1	none	"{""none"": 1}"	{}	1corintios-11-24-P01	1corintios-11-24-P01
MR0592	592	1corintios	611	611	11:24	11:24	1	none	"{""none"": 1}"	{}	1corintios-11-24-P02	1corintios-11-24-P02
MR0593	593	1corintios	612	612	11:24	11:24	1	none	"{""none"": 1}"	{}	1corintios-11-24-P03	1corintios-11-24-P03
MR0594	594	1corintios	613	613	11:24	11:24	1	candidate	"{""candidate"": 1}"	"{""number_change"": 1, ""person_change"": 1}"	1corintios-11-24-P04	1corintios-11-24-P04
MR0595	595	1corintios	614	614	11:25	11:25	1	none	"{""none"": 1}"	{}	1corintios-11-25-P01	1corintios-11-25-P01
MR0596	596	1corintios	615	615	11:25	11:25	1	none	"{""none"": 1}"	{}	1corintios-11-25-P02	1corintios-11-25-P02
MR0597	597	1corintios	616	616	11:25	11:25	1	candidate	"{""candidate"": 1}"	"{""independence_transition"": 1, ""subordination_transition"": 1}"	1corintios-11-25-P03	1corintios-11-25-P03
MR0598	598	1corintios	617	617	11:26	11:26	1	none	"{""none"": 1}"	{}	1corintios-11-26-P01	1corintios-11-26-P01
MR0599	599	1corintios	618	618	11:26	11:26	1	candidate	"{""candidate"": 1}"	"{""independence_transition"": 1, ""subordination_transition"": 1}"	1corintios-11-26-P02	1corintios-11-26-P02
MR0600	600	1corintios	619	619	11:26	11:26	1	none	"{""none"": 1}"	{}	1corintios-11-26-P03	1corintios-11-26-P03
MR0601	601	1corintios	620	620	11:26	11:26	1	candidate	"{""candidate"": 1}"	"{""number_change"": 1, ""person_change"": 1}"	1corintios-11-26-P04	1corintios-11-26-P04
MR0602	602	1corintios	621	621	11:27	11:27	1	candidate	"{""candidate"": 1}"	"{""independence_transition"": 1, ""subordination_transition"": 1}"	1corintios-11-27-P01	1corintios-11-27-P01
MR0603	603	1corintios	622	622	11:27	11:27	1	candidate	"{""candidate"": 1}"	"{""independence_transition"": 1, ""subordination_transition"": 1}"	1corintios-11-27-P02	1corintios-11-27-P02
MR0604	604	1corintios	623	623	11:27	11:27	1	none	"{""none"": 1}"	{}	1corintios-11-27-P03	1corintios-11-27-P03
MR0605	605	1corintios	624	626	11:28	11:28	3	none	"{""none"": 3}"	{}	1corintios-11-28-P01	1corintios-11-28-P03
MR0606	606	1corintios	627	627	11:29	11:29	1	none	"{""none"": 1}"	{}	1corintios-11-29-P01	1corintios-11-29-P01
MR0607	607	1corintios	628	628	11:29	11:29	1	none	"{""none"": 1}"	{}	1corintios-11-29-P02	1corintios-11-29-P02
MR0608	608	1corintios	629	629	11:30	11:30	1	candidate	"{""candidate"": 1}"	"{""number_change"": 1}"	1corintios-11-30-P01	1corintios-11-30-P01
MR0609	609	1corintios	630	630	11:31	11:31	1	strong	"{""strong"": 1}"	"{""independence_transition"": 1, ""person_change"": 1, ""subordination_transition"": 1}"	1corintios-11-31-P01	1corintios-11-31-P01
MR0610	610	1corintios	631	631	11:31	11:31	1	candidate	"{""candidate"": 1}"	"{""independence_transition"": 1, ""subordination_transition"": 1}"	1corintios-11-31-P02	1corintios-11-31-P02
MR0611	611	1corintios	632	632	11:32	11:32	1	none	"{""none"": 1}"	{}	1corintios-11-32-P01	1corintios-11-32-P01
MR0612	612	1corintios	633	633	11:32	11:32	1	candidate	"{""candidate"": 1}"	"{""independence_transition"": 1, ""subordination_transition"": 1}"	1corintios-11-32-P02	1corintios-11-32-P02
MR0613	613	1corintios	634	634	11:33	11:33	1	candidate	"{""candidate"": 1}"	"{""person_change"": 1}"	1corintios-11-33-P01	1corintios-11-33-P01
MR0614	614	1corintios	635	635	11:34	11:34	1	none	"{""none"": 1}"	{}	1corintios-11-34-P01	1corintios-11-34-P01
MR0615	615	1corintios	636	636	11:34	11:34	1	strong	"{""strong"": 1}"	"{""independence_transition"": 1, ""number_change"": 1, ""person_change"": 1, ""subordination_transition"": 1}"	1corintios-11-34-P02	1corintios-11-34-P02
MR0616	616	1corintios	637	637	11:34	11:34	1	strong	"{""strong"": 1}"	"{""independence_transition"": 1, ""number_change"": 1, ""person_change"": 1, ""subordination_transition"": 1}"	1corintios-11-34-P03	1corintios-11-34-P03
MR0617	617	1corintios	638	638	11:34	11:34	1	candidate	"{""candidate"": 1}"	"{""number_change"": 1, ""person_change"": 1}"	1corintios-11-34-P04	1corintios-11-34-P04
MR0618	618	1corintios	639	639	11:34	11:34	1	candidate	"{""candidate"": 1}"	"{""independence_transition"": 1, ""subordination_transition"": 1}"	1corintios-11-34-P05	1corintios-11-34-P05
MR0619	619	1corintios	640	640	12:1	12:1	1	none	"{""none"": 1}"	{}	1corintios-12-1-P01	1corintios-12-1-P01
MR0620	620	1corintios	641	641	12:2	12:2	1	candidate	"{""candidate"": 1}"	"{""number_change"": 1, ""person_change"": 1}"	1corintios-12-2-P01	1corintios-12-2-P01
MR0621	621	1corintios	642	642	12:2	12:2	1	candidate	"{""candidate"": 1}"	"{""independence_transition"": 1, ""subordination_transition"": 1}"	1corintios-12-2-P02	1corintios-12-2-P02
MR0622	622	1corintios	643	643	12:2	12:2	1	none	"{""none"": 1}"	{}	1corintios-12-2-P03	1corintios-12-2-P03
MR0623	623	1corintios	644	644	12:3	12:3	1	strong	"{""strong"": 1}"	"{""independence_transition"": 1, ""number_change"": 1, ""person_change"": 1, ""subordination_transition"": 1}"	1corintios-12-3-P01	1corintios-12-3-P01
MR0624	624	1corintios	645	645	12:3	12:3	1	strong	"{""strong"": 1}"	"{""independence_transition"": 1, ""number_change"": 1, ""person_change"": 1, ""subordination_transition"": 1}"	1corintios-12-3-P02	1corintios-12-3-P02
MR0625	625	1corintios	646	646	12:3	12:3	1	strong	"{""strong"": 1}"	"{""independence_transition"": 1, ""number_change"": 1, ""person_change"": 1, ""subordination_transition"": 1}"	1corintios-12-3-P03	1corintios-12-3-P03
MR0626	626	1corintios	647	647	12:4	12:4	1	candidate	"{""candidate"": 1}"	"{""number_change"": 1, ""person_change"": 1}"	1corintios-12-4-P01	1corintios-12-4-P01
MR0627	627	1corintios	648	648	12:5	12:5	1	none	"{""none"": 1}"	{}	1corintios-12-5-P01	1corintios-12-5-P01
MR0628	628	1corintios	649	649	12:6	12:6	1	none	"{""none"": 1}"	{}	1corintios-12-6-P01	1corintios-12-6-P01
MR0629	629	1corintios	650	650	12:7	12:7	1	candidate	"{""candidate"": 1}"	"{""number_change"": 1}"	1corintios-12-7-P01	1corintios-12-7-P01
MR0630	630	1corintios	651	651	12:8	12:8	1	none	"{""none"": 1}"	{}	1corintios-12-8-P01	1corintios-12-8-P01
MR0631	631	1corintios	652	652	12:11	12:11	1	none	"{""none"": 1}"	{}	1corintios-12-11-P01	1corintios-12-11-P01
MR0632	632	1corintios	653	653	12:11	12:11	1	candidate	"{""candidate"": 1}"	"{""independence_transition"": 1, ""subordination_transition"": 1}"	1corintios-12-11-P02	1corintios-12-11-P02
MR0633	633	1corintios	654	654	12:12	12:12	1	candidate	"{""candidate"": 1}"	"{""independence_transition"": 1, ""subordination_transition"": 1}"	1corintios-12-12-P01	1corintios-12-12-P01
MR0634	634	1corintios	655	655	12:12	12:12	1	none	"{""none"": 1}"	{}	1corintios-12-12-P02	1corintios-12-12-P02
MR0635	635	1corintios	656	656	12:12	12:12	1	none	"{""none"": 1}"	{}	1corintios-12-12-P03	1corintios-12-12-P03
MR0636	636	1corintios	657	657	12:13	12:13	1	candidate	"{""candidate"": 1}"	"{""number_change"": 1, ""person_change"": 1}"	1corintios-12-13-P01	1corintios-12-13-P01
MR0637	637	1corintios	658	658	12:13	12:13	1	none	"{""none"": 1}"	{}	1corintios-12-13-P02	1corintios-12-13-P02
MR0638	638	1corintios	659	659	12:14	12:14	1	none	"{""none"": 1}"	{}	1corintios-12-14-P01	1corintios-12-14-P01
MR0639	639	1corintios	660	660	12:15	12:15	1	strong	"{""strong"": 1}"	"{""independence_transition"": 1, ""number_change"": 1, ""person_change"": 1, ""subordination_transition"": 1}"	1corintios-12-15-P01	1corintios-12-15-P01
MR0640	640	1corintios	661	661	12:15	12:15	1	candidate	"{""candidate"": 1}"	"{""person_change"": 1}"	1corintios-12-15-P02	1corintios-12-15-P02
MR0641	641	1corintios	662	662	12:15	12:15	1	candidate	"{""candidate"": 1}"	"{""independence_transition"": 1, ""subordination_transition"": 1}"	1corintios-12-15-P03	1corintios-12-15-P03
MR0642	642	1corintios	663	663	12:15	12:15	1	candidate	"{""candidate"": 1}"	"{""person_change"": 1}"	1corintios-12-15-P04	1corintios-12-15-P04
MR0643	643	1corintios	664	664	12:16	12:16	1	candidate	"{""candidate"": 1}"	"{""independence_transition"": 1, ""subordination_transition"": 1}"	1corintios-12-16-P01	1corintios-12-16-P01
MR0644	644	1corintios	665	665	12:16	12:16	1	candidate	"{""candidate"": 1}"	"{""person_change"": 1}"	1corintios-12-16-P02	1corintios-12-16-P02
MR0645	645	1corintios	666	666	12:16	12:16	1	candidate	"{""candidate"": 1}"	"{""independence_transition"": 1, ""subordination_transition"": 1}"	1corintios-12-16-P03	1corintios-12-16-P03
MR0646	646	1corintios	667	667	12:16	12:16	1	candidate	"{""candidate"": 1}"	"{""person_change"": 1}"	1corintios-12-16-P04	1corintios-12-16-P04
MR0647	647	1corintios	668	668	12:18	12:18	1	none	"{""none"": 1}"	{}	1corintios-12-18-P01	1corintios-12-18-P01
MR0648	648	1corintios	669	669	12:18	12:18	1	candidate	"{""candidate"": 1}"	"{""independence_transition"": 1, ""subordination_transition"": 1}"	1corintios-12-18-P02	1corintios-12-18-P02
MR0649	649	1corintios	670	670	12:19	12:19	1	none	"{""none"": 1}"	{}	1corintios-12-19-P01	1corintios-12-19-P01
MR0650	650	1corintios	671	671	12:21	12:21	1	candidate	"{""candidate"": 1}"	"{""independence_transition"": 1, ""subordination_transition"": 1}"	1corintios-12-21-P01	1corintios-12-21-P01
MR0651	651	1corintios	672	672	12:21	12:21	1	candidate	"{""candidate"": 1}"	"{""person_change"": 1}"	1corintios-12-21-P02	1corintios-12-21-P02
MR0652	652	1corintios	673	673	12:21	12:21	1	none	"{""none"": 1}"	{}	1corintios-12-21-P03	1corintios-12-21-P03
MR0653	653	1corintios	674	674	12:22	12:22	1	none	"{""none"": 1}"	{}	1corintios-12-22-P01	1corintios-12-22-P01
MR0654	654	1corintios	675	676	12:23	12:23	2	candidate	"{""candidate"": 1, ""none"": 1}"	"{""number_change"": 1}"	1corintios-12-23-P01	1corintios-12-23-P02
MR0655	655	1corintios	677	677	12:23	12:23	1	none	"{""none"": 1}"	{}	1corintios-12-23-P03	1corintios-12-23-P03
MR0656	656	1corintios	678	678	12:24	12:24	1	none	"{""none"": 1}"	{}	1corintios-12-24-P01	1corintios-12-24-P01
MR0657	657	1corintios	679	679	12:24	12:24	1	none	"{""none"": 1}"	{}	1corintios-12-24-P02	1corintios-12-24-P02
MR0658	658	1corintios	680	680	12:25	12:25	1	strong	"{""strong"": 1}"	"{""independence_transition"": 1, ""number_change"": 1, ""person_change"": 1, ""subordination_transition"": 1}"	1corintios-12-25-P01	1corintios-12-25-P01
MR0659	659	1corintios	681	681	12:25	12:25	1	strong	"{""strong"": 1}"	"{""independence_transition"": 1, ""number_change"": 1, ""subordination_transition"": 1}"	1corintios-12-25-P02	1corintios-12-25-P02
MR0660	660	1corintios	682	682	12:26	12:26	1	candidate	"{""candidate"": 1}"	"{""number_change"": 1}"	1corintios-12-26-P01	1corintios-12-26-P01
MR0661	661	1corintios	683	683	12:26	12:26	1	none	"{""none"": 1}"	{}	1corintios-12-26-P02	1corintios-12-26-P02
MR0662	662	1corintios	684	684	12:26	12:26	1	none	"{""none"": 1}"	{}	1corintios-12-26-P03	1corintios-12-26-P03
MR0663	663	1corintios	685	685	12:26	12:26	1	none	"{""none"": 1}"	{}	1corintios-12-26-P04	1corintios-12-26-P04
MR0664	664	1corintios	686	686	12:27	12:27	1	candidate	"{""candidate"": 1}"	"{""number_change"": 1, ""person_change"": 1}"	1corintios-12-27-P01	1corintios-12-27-P01
MR0665	665	1corintios	687	687	12:28	12:28	1	candidate	"{""candidate"": 1}"	"{""number_change"": 1, ""person_change"": 1}"	1corintios-12-28-P01	1corintios-12-28-P01
MR0666	666	1corintios	688	688	12:30	12:30	1	none	"{""none"": 1}"	{}	1corintios-12-30-P01	1corintios-12-30-P01
MR0667	667	1corintios	689	689	12:30	12:30	1	none	"{""none"": 1}"	{}	1corintios-12-30-P02	1corintios-12-30-P02
MR0668	668	1corintios	690	690	12:30	12:30	1	none	"{""none"": 1}"	{}	1corintios-12-30-P03	1corintios-12-30-P03
MR0669	669	1corintios	691	691	12:31	12:31	1	candidate	"{""candidate"": 1}"	"{""number_change"": 1, ""person_change"": 1}"	1corintios-12-31-P01	1corintios-12-31-P01
MR0670	670	1corintios	692	692	12:31	12:31	1	candidate	"{""candidate"": 1}"	"{""number_change"": 1, ""person_change"": 1}"	1corintios-12-31-P02	1corintios-12-31-P02
MR0671	671	1corintios	693	693	13:1	13:1	1	candidate	"{""candidate"": 1}"	"{""independence_transition"": 1, ""subordination_transition"": 1}"	1corintios-13-1-P01	1corintios-13-1-P01
MR0672	672	1corintios	694	694	13:1	13:1	1	candidate	"{""candidate"": 1}"	"{""independence_transition"": 1, ""subordination_transition"": 1}"	1corintios-13-1-P02	1corintios-13-1-P02
MR0673	673	1corintios	695	695	13:1	13:1	1	none	"{""none"": 1}"	{}	1corintios-13-1-P03	1corintios-13-1-P03
MR0674	674	1corintios	696	696	13:2	13:2	1	candidate	"{""candidate"": 1}"	"{""independence_transition"": 1, ""subordination_transition"": 1}"	1corintios-13-2-P01	1corintios-13-2-P01
MR0675	675	1corintios	697	697	13:2	13:2	1	candidate	"{""candidate"": 1}"	"{""independence_transition"": 1, ""subordination_transition"": 1}"	1corintios-13-2-P02	1corintios-13-2-P02
MR0676	676	1corintios	698	698	13:2	13:2	1	none	"{""none"": 1}"	{}	1corintios-13-2-P03	1corintios-13-2-P03
MR0677	677	1corintios	699	699	13:2	13:2	1	candidate	"{""candidate"": 1}"	"{""independence_transition"": 1, ""subordination_transition"": 1}"	1corintios-13-2-P04	1corintios-13-2-P04
MR0678	678	1corintios	700	700	13:2	13:2	1	candidate	"{""candidate"": 1}"	"{""independence_transition"": 1, ""subordination_transition"": 1}"	1corintios-13-2-P05	1corintios-13-2-P05
MR0679	679	1corintios	701	701	13:4	13:4	1	none	"{""none"": 1}"	{}	1corintios-13-4-P01	1corintios-13-4-P01
MR0680	680	1corintios	702	702	13:4	13:4	1	candidate	"{""candidate"": 1}"	"{""person_change"": 1}"	1corintios-13-4-P02	1corintios-13-4-P02
MR0681	681	1corintios	703	716	13:4	13:8	14	none	"{""none"": 14}"	{}	1corintios-13-4-P03	1corintios-13-8-P01
MR0682	682	1corintios	717	717	13:8	13:8	1	none	"{""none"": 1}"	{}	1corintios-13-8-P02	1corintios-13-8-P02
MR0683	683	1corintios	718	718	13:8	13:8	1	none	"{""none"": 1}"	{}	1corintios-13-8-P03	1corintios-13-8-P03
MR0684	684	1corintios	719	719	13:8	13:8	1	none	"{""none"": 1}"	{}	1corintios-13-8-P04	1corintios-13-8-P04
MR0685	685	1corintios	720	720	13:9	13:9	1	candidate	"{""candidate"": 1}"	"{""number_change"": 1, ""person_change"": 1}"	1corintios-13-9-P01	1corintios-13-9-P01
MR0686	686	1corintios	721	721	13:9	13:9	1	none	"{""none"": 1}"	{}	1corintios-13-9-P02	1corintios-13-9-P02
MR0687	687	1corintios	722	722	13:10	13:10	1	strong	"{""strong"": 1}"	"{""independence_transition"": 1, ""number_change"": 1, ""person_change"": 1, ""subordination_transition"": 1}"	1corintios-13-10-P01	1corintios-13-10-P01
MR0688	688	1corintios	723	723	13:10	13:10	1	strong	"{""strong"": 1}"	"{""independence_transition"": 1, ""number_change"": 1, ""person_change"": 1, ""subordination_transition"": 1}"	1corintios-13-10-P02	1corintios-13-10-P02
MR0689	689	1corintios	724	724	13:11	13:11	1	strong	"{""strong"": 1}"	"{""independence_transition"": 1, ""number_change"": 1, ""subordination_transition"": 1}"	1corintios-13-11-P01	1corintios-13-11-P01
MR0690	690	1corintios	725	725	13:11	13:11	1	candidate	"{""candidate"": 1}"	"{""independence_transition"": 1, ""subordination_transition"": 1}"	1corintios-13-11-P02	1corintios-13-11-P02
MR0691	691	1corintios	726	726	13:11	13:11	1	candidate	"{""candidate"": 1}"	"{""independence_transition"": 1, ""subordination_transition"": 1}"	1corintios-13-11-P03	1corintios-13-11-P03
MR0692	692	1corintios	727	727	13:11	13:11	1	none	"{""none"": 1}"	{}	1corintios-13-11-P04	1corintios-13-11-P04
MR0693	693	1corintios	728	728	13:11	13:11	1	none	"{""none"": 1}"	{}	1corintios-13-11-P05	1corintios-13-11-P05
MR0694	694	1corintios	729	729	13:11	13:11	1	candidate	"{""candidate"": 1}"	"{""independence_transition"": 1, ""subordination_transition"": 1}"	1corintios-13-11-P06	1corintios-13-11-P06
MR0695	695	1corintios	730	730	13:12	13:12	1	candidate	"{""candidate"": 1}"	"{""number_change"": 1}"	1corintios-13-12-P01	1corintios-13-12-P01
MR0696	696	1corintios	731	731	13:12	13:12	1	candidate	"{""candidate"": 1}"	"{""number_change"": 1}"	1corintios-13-12-P02	1corintios-13-12-P02
MR0697	697	1corintios	732	732	13:12	13:12	1	none	"{""none"": 1}"	{}	1corintios-13-12-P03	1corintios-13-12-P03
MR0698	698	1corintios	733	733	13:12	13:12	1	candidate	"{""candidate"": 1}"	"{""independence_transition"": 1, ""subordination_transition"": 1}"	1corintios-13-12-P04	1corintios-13-12-P04
MR0699	699	1corintios	734	734	13:13	13:13	1	strong	"{""strong"": 1}"	"{""independence_transition"": 1, ""person_change"": 1, ""subordination_transition"": 1}"	1corintios-13-13-P01	1corintios-13-13-P01
MR0700	700	1corintios	735	735	14:1	14:1	1	candidate	"{""candidate"": 1}"	"{""number_change"": 1, ""person_change"": 1}"	1corintios-14-1-P01	1corintios-14-1-P01
MR0701	701	1corintios	736	736	14:1	14:1	1	none	"{""none"": 1}"	{}	1corintios-14-1-P02	1corintios-14-1-P02
MR0702	702	1corintios	737	737	14:1	14:1	1	candidate	"{""candidate"": 1}"	"{""independence_transition"": 1, ""subordination_transition"": 1}"	1corintios-14-1-P03	1corintios-14-1-P03
MR0703	703	1corintios	738	738	14:2	14:2	1	strong	"{""strong"": 1}"	"{""independence_transition"": 1, ""number_change"": 1, ""person_change"": 1, ""subordination_transition"": 1}"	1corintios-14-2-P01	1corintios-14-2-P01
MR0704	704	1corintios	739	739	14:2	14:2	1	none	"{""none"": 1}"	{}	1corintios-14-2-P02	1corintios-14-2-P02
MR0705	705	1corintios	740	740	14:2	14:2	1	none	"{""none"": 1}"	{}	1corintios-14-2-P03	1corintios-14-2-P03
MR0706	706	1corintios	741	741	14:3	14:3	1	none	"{""none"": 1}"	{}	1corintios-14-3-P01	1corintios-14-3-P01
MR0707	707	1corintios	742	742	14:4	14:4	1	none	"{""none"": 1}"	{}	1corintios-14-4-P01	1corintios-14-4-P01
MR0708	708	1corintios	743	743	14:4	14:4	1	none	"{""none"": 1}"	{}	1corintios-14-4-P02	1corintios-14-4-P02
MR0709	709	1corintios	744	744	14:5	14:5	1	candidate	"{""candidate"": 1}"	"{""person_change"": 1}"	1corintios-14-5-P01	1corintios-14-5-P01
MR0710	710	1corintios	745	745	14:5	14:5	1	strong	"{""strong"": 1}"	"{""independence_transition"": 1, ""number_change"": 1, ""person_change"": 1, ""subordination_transition"": 1}"	1corintios-14-5-P02	1corintios-14-5-P02
MR0711	711	1corintios	746	746	14:5	14:5	1	none	"{""none"": 1}"	{}	1corintios-14-5-P03	1corintios-14-5-P03
MR0712	712	1corintios	747	747	14:5	14:5	1	none	"{""none"": 1}"	{}	1corintios-14-5-P04	1corintios-14-5-P04
MR0713	713	1corintios	748	748	14:6	14:6	1	candidate	"{""candidate"": 1}"	"{""number_change"": 1, ""person_change"": 1}"	1corintios-14-6-P01	1corintios-14-6-P01
MR0714	714	1corintios	749	749	14:6	14:6	1	candidate	"{""candidate"": 1}"	"{""independence_transition"": 1, ""subordination_transition"": 1}"	1corintios-14-6-P02	1corintios-14-6-P02
MR0715	715	1corintios	750	750	14:6	14:6	1	candidate	"{""candidate"": 1}"	"{""independence_transition"": 1, ""subordination_transition"": 1}"	1corintios-14-6-P03	1corintios-14-6-P03
MR0716	716	1corintios	751	751	14:7	14:7	1	none	"{""none"": 1}"	{}	1corintios-14-7-P01	1corintios-14-7-P01
MR0717	717	1corintios	752	752	14:7	14:7	1	strong	"{""strong"": 1}"	"{""independence_transition"": 1, ""person_change"": 1, ""subordination_transition"": 1}"	1corintios-14-7-P02	1corintios-14-7-P02
MR0718	718	1corintios	753	753	14:8	14:8	1	strong	"{""strong"": 1}"	"{""independence_transition"": 1, ""person_change"": 1, ""subordination_transition"": 1}"	1corintios-14-8-P01	1corintios-14-8-P01
MR0719	719	1corintios	754	754	14:8	14:8	1	strong	"{""strong"": 1}"	"{""independence_transition"": 1, ""person_change"": 1, ""subordination_transition"": 1}"	1corintios-14-8-P02	1corintios-14-8-P02
MR0720	720	1corintios	755	755	14:9	14:9	1	strong	"{""strong"": 1}"	"{""independence_transition"": 1, ""number_change"": 1, ""person_change"": 1, ""subordination_transition"": 1}"	1corintios-14-9-P01	1corintios-14-9-P01
MR0721	721	1corintios	756	756	14:9	14:9	1	strong	"{""strong"": 1}"	"{""independence_transition"": 1, ""number_change"": 1, ""person_change"": 1, ""subordination_transition"": 1}"	1corintios-14-9-P02	1corintios-14-9-P02
MR0722	722	1corintios	757	757	14:9	14:9	1	candidate	"{""candidate"": 1}"	"{""number_change"": 1, ""person_change"": 1}"	1corintios-14-9-P03	1corintios-14-9-P03
MR0723	723	1corintios	758	758	14:10	14:10	1	candidate	"{""candidate"": 1}"	"{""independence_transition"": 1, ""subordination_transition"": 1}"	1corintios-14-10-P01	1corintios-14-10-P01
MR0724	724	1corintios	759	759	14:10	14:10	1	candidate	"{""candidate"": 1}"	"{""independence_transition"": 1, ""subordination_transition"": 1}"	1corintios-14-10-P02	1corintios-14-10-P02
MR0725	725	1corintios	760	760	14:11	14:11	1	strong	"{""strong"": 1}"	"{""independence_transition"": 1, ""number_change"": 1, ""person_change"": 1, ""subordination_transition"": 1}"	1corintios-14-11-P01	1corintios-14-11-P01
MR0726	726	1corintios	761	761	14:11	14:11	1	candidate	"{""candidate"": 1}"	"{""independence_transition"": 1, ""subordination_transition"": 1}"	1corintios-14-11-P02	1corintios-14-11-P02
MR0727	727	1corintios	762	762	14:12	14:12	1	strong	"{""strong"": 1}"	"{""independence_transition"": 1, ""number_change"": 1, ""person_change"": 1, ""subordination_transition"": 1}"	1corintios-14-12-P01	1corintios-14-12-P01
MR0728	728	1corintios	763	763	14:12	14:12	1	candidate	"{""candidate"": 1}"	"{""independence_transition"": 1, ""subordination_transition"": 1}"	1corintios-14-12-P02	1corintios-14-12-P02
MR0729	729	1corintios	764	764	14:12	14:12	1	candidate	"{""candidate"": 1}"	"{""independence_transition"": 1, ""subordination_transition"": 1}"	1corintios-14-12-P03	1corintios-14-12-P03
MR0730	730	1corintios	765	765	14:13	14:13	1	candidate	"{""candidate"": 1}"	"{""independence_transition"": 1, ""subordination_transition"": 1}"	1corintios-14-13-P01	1corintios-14-13-P01
MR0731	731	1corintios	766	766	14:13	14:13	1	strong	"{""strong"": 1}"	"{""independence_transition"": 1, ""number_change"": 1, ""person_change"": 1, ""subordination_transition"": 1}"	1corintios-14-13-P02	1corintios-14-13-P02
MR0732	732	1corintios	767	767	14:14	14:14	1	candidate	"{""candidate"": 1}"	"{""person_change"": 1}"	1corintios-14-14-P01	1corintios-14-14-P01
MR0733	733	1corintios	768	768	14:14	14:14	1	strong	"{""strong"": 1}"	"{""independence_transition"": 1, ""number_change"": 1, ""person_change"": 1, ""subordination_transition"": 1}"	1corintios-14-14-P02	1corintios-14-14-P02
MR0734	734	1corintios	769	769	14:14	14:14	1	none	"{""none"": 1}"	{}	1corintios-14-14-P03	1corintios-14-14-P03
MR0735	735	1corintios	770	770	14:15	14:15	1	candidate	"{""candidate"": 1}"	"{""number_change"": 1, ""person_change"": 1}"	1corintios-14-15-P01	1corintios-14-15-P01
MR0736	736	1corintios	771	771	14:15	14:15	1	candidate	"{""candidate"": 1}"	"{""person_change"": 1}"	1corintios-14-15-P02	1corintios-14-15-P02
MR0737	737	1corintios	772	772	14:15	14:15	1	none	"{""none"": 1}"	{}	1corintios-14-15-P03	1corintios-14-15-P03
MR0738	738	1corintios	773	773	14:15	14:15	1	none	"{""none"": 1}"	{}	1corintios-14-15-P04	1corintios-14-15-P04
MR0739	739	1corintios	774	774	14:15	14:15	1	none	"{""none"": 1}"	{}	1corintios-14-15-P05	1corintios-14-15-P05
MR0740	740	1corintios	775	775	14:16	14:16	1	strong	"{""strong"": 1}"	"{""independence_transition"": 1, ""person_change"": 1, ""subordination_transition"": 1}"	1corintios-14-16-P01	1corintios-14-16-P01
MR0741	741	1corintios	776	776	14:16	14:16	1	strong	"{""strong"": 1}"	"{""independence_transition"": 1, ""person_change"": 1, ""subordination_transition"": 1}"	1corintios-14-16-P02	1corintios-14-16-P02
MR0742	742	1corintios	777	777	14:16	14:16	1	strong	"{""strong"": 1}"	"{""independence_transition"": 1, ""person_change"": 1, ""subordination_transition"": 1}"	1corintios-14-16-P03	1corintios-14-16-P03
MR0743	743	1corintios	778	778	14:16	14:16	1	strong	"{""strong"": 1}"	"{""independence_transition"": 1, ""person_change"": 1, ""subordination_transition"": 1}"	1corintios-14-16-P04	1corintios-14-16-P04
MR0744	744	1corintios	779	779	14:17	14:17	1	candidate	"{""candidate"": 1}"	"{""person_change"": 1}"	1corintios-14-17-P01	1corintios-14-17-P01
MR0745	745	1corintios	780	780	14:17	14:17	1	none	"{""none"": 1}"	{}	1corintios-14-17-P02	1corintios-14-17-P02
MR0746	746	1corintios	781	781	14:18	14:18	1	candidate	"{""candidate"": 1}"	"{""person_change"": 1}"	1corintios-14-18-P01	1corintios-14-18-P01
MR0747	747	1corintios	782	782	14:18	14:18	1	none	"{""none"": 1}"	{}	1corintios-14-18-P02	1corintios-14-18-P02
MR0748	748	1corintios	783	783	14:19	14:19	1	none	"{""none"": 1}"	{}	1corintios-14-19-P01	1corintios-14-19-P01
MR0749	749	1corintios	784	784	14:19	14:19	1	candidate	"{""candidate"": 1}"	"{""independence_transition"": 1, ""subordination_transition"": 1}"	1corintios-14-19-P02	1corintios-14-19-P02
MR0750	750	1corintios	785	785	14:20	14:20	1	strong	"{""strong"": 1}"	"{""independence_transition"": 1, ""number_change"": 1, ""person_change"": 1, ""subordination_transition"": 1}"	1corintios-14-20-P01	1corintios-14-20-P01
MR0751	751	1corintios	786	786	14:20	14:20	1	none	"{""none"": 1}"	{}	1corintios-14-20-P02	1corintios-14-20-P02
MR0752	752	1corintios	787	787	14:20	14:20	1	none	"{""none"": 1}"	{}	1corintios-14-20-P03	1corintios-14-20-P03
MR0753	753	1corintios	788	788	14:21	14:21	1	candidate	"{""candidate"": 1}"	"{""number_change"": 1, ""person_change"": 1}"	1corintios-14-21-P01	1corintios-14-21-P01
MR0754	754	1corintios	789	789	14:21	14:21	1	strong	"{""strong"": 1}"	"{""independence_transition"": 1, ""person_change"": 1, ""subordination_transition"": 1}"	1corintios-14-21-P02	1corintios-14-21-P02
MR0755	755	1corintios	790	790	14:21	14:21	1	strong	"{""strong"": 1}"	"{""independence_transition"": 1, ""number_change"": 1, ""person_change"": 1, ""subordination_transition"": 1}"	1corintios-14-21-P03	1corintios-14-21-P03
MR0756	756	1corintios	791	791	14:21	14:21	1	candidate	"{""candidate"": 1}"	"{""number_change"": 1}"	1corintios-14-21-P04	1corintios-14-21-P04
MR0757	757	1corintios	792	792	14:22	14:22	1	strong	"{""strong"": 1}"	"{""independence_transition"": 1, ""person_change"": 1, ""subordination_transition"": 1}"	1corintios-14-22-P01	1corintios-14-22-P01
MR0758	758	1corintios	793	793	14:23	14:23	1	candidate	"{""candidate"": 1}"	"{""person_change"": 1}"	1corintios-14-23-P01	1corintios-14-23-P01
MR0759	759	1corintios	794	794	14:23	14:23	1	candidate	"{""candidate"": 1}"	"{""independence_transition"": 1, ""subordination_transition"": 1}"	1corintios-14-23-P02	1corintios-14-23-P02
MR0760	760	1corintios	795	795	14:23	14:23	1	candidate	"{""candidate"": 1}"	"{""number_change"": 1}"	1corintios-14-23-P03	1corintios-14-23-P03
MR0761	761	1corintios	796	796	14:23	14:23	1	none	"{""none"": 1}"	{}	1corintios-14-23-P04	1corintios-14-23-P04
MR0762	762	1corintios	797	797	14:23	14:23	1	strong	"{""strong"": 1}"	"{""independence_transition"": 1, ""person_change"": 1, ""subordination_transition"": 1}"	1corintios-14-23-P05	1corintios-14-23-P05
MR0763	763	1corintios	798	798	14:24	14:24	1	none	"{""none"": 1}"	{}	1corintios-14-24-P01	1corintios-14-24-P01
MR0764	764	1corintios	799	799	14:24	14:24	1	strong	"{""strong"": 1}"	"{""independence_transition"": 1, ""number_change"": 1, ""person_change"": 1, ""subordination_transition"": 1}"	1corintios-14-24-P02	1corintios-14-24-P02
MR0765	765	1corintios	800	800	14:24	14:24	1	none	"{""none"": 1}"	{}	1corintios-14-24-P03	1corintios-14-24-P03
MR0766	766	1corintios	801	801	14:24	14:24	1	none	"{""none"": 1}"	{}	1corintios-14-24-P04	1corintios-14-24-P04
MR0767	767	1corintios	802	802	14:25	14:25	1	none	"{""none"": 1}"	{}	1corintios-14-25-P01	1corintios-14-25-P01
MR0768	768	1corintios	803	803	14:25	14:25	1	none	"{""none"": 1}"	{}	1corintios-14-25-P02	1corintios-14-25-P02
MR0769	769	1corintios	804	804	14:25	14:25	1	candidate	"{""candidate"": 1}"	"{""independence_transition"": 1, ""subordination_transition"": 1}"	1corintios-14-25-P03	1corintios-14-25-P03
MR0770	770	1corintios	805	805	14:26	14:26	1	candidate	"{""candidate"": 1}"	"{""independence_transition"": 1, ""subordination_transition"": 1}"	1corintios-14-26-P01	1corintios-14-26-P01
MR0771	771	1corintios	806	806	14:26	14:26	1	strong	"{""strong"": 1}"	"{""independence_transition"": 1, ""number_change"": 1, ""person_change"": 1, ""subordination_transition"": 1}"	1corintios-14-26-P02	1corintios-14-26-P02
MR0772	772	1corintios	807	807	14:26	14:26	1	strong	"{""strong"": 1}"	"{""independence_transition"": 1, ""number_change"": 1, ""person_change"": 1, ""subordination_transition"": 1}"	1corintios-14-26-P03	1corintios-14-26-P03
MR0773	773	1corintios	808	808	14:26	14:26	1	none	"{""none"": 1}"	{}	1corintios-14-26-P04	1corintios-14-26-P04
MR0774	774	1corintios	809	809	14:26	14:26	1	none	"{""none"": 1}"	{}	1corintios-14-26-P05	1corintios-14-26-P05
MR0775	775	1corintios	810	812	14:26	14:26	3	none	"{""none"": 3}"	{}	1corintios-14-26-P06	1corintios-14-26-P08
MR0776	776	1corintios	813	813	14:27	14:27	1	none	"{""none"": 1}"	{}	1corintios-14-27-P01	1corintios-14-27-P01
MR0777	777	1corintios	814	814	14:27	14:27	1	none	"{""none"": 1}"	{}	1corintios-14-27-P02	1corintios-14-27-P02
MR0778	778	1corintios	815	815	14:28	14:28	1	candidate	"{""candidate"": 1}"	"{""independence_transition"": 1, ""subordination_transition"": 1}"	1corintios-14-28-P01	1corintios-14-28-P01
MR0779	779	1corintios	816	816	14:28	14:28	1	candidate	"{""candidate"": 1}"	"{""independence_transition"": 1, ""subordination_transition"": 1}"	1corintios-14-28-P02	1corintios-14-28-P02
MR0780	780	1corintios	817	817	14:28	14:28	1	none	"{""none"": 1}"	{}	1corintios-14-28-P03	1corintios-14-28-P03
MR0781	781	1corintios	818	818	14:29	14:29	1	none	"{""none"": 1}"	{}	1corintios-14-29-P01	1corintios-14-29-P01
MR0782	782	1corintios	819	819	14:29	14:29	1	none	"{""none"": 1}"	{}	1corintios-14-29-P02	1corintios-14-29-P02
MR0783	783	1corintios	820	820	14:30	14:30	1	candidate	"{""candidate"": 1}"	"{""independence_transition"": 1, ""subordination_transition"": 1}"	1corintios-14-30-P01	1corintios-14-30-P01
MR0784	784	1corintios	821	821	14:30	14:30	1	candidate	"{""candidate"": 1}"	"{""independence_transition"": 1, ""subordination_transition"": 1}"	1corintios-14-30-P02	1corintios-14-30-P02
MR0785	785	1corintios	822	822	14:31	14:31	1	candidate	"{""candidate"": 1}"	"{""number_change"": 1, ""person_change"": 1}"	1corintios-14-31-P01	1corintios-14-31-P01
MR0786	786	1corintios	823	823	14:31	14:31	1	strong	"{""strong"": 1}"	"{""independence_transition"": 1, ""number_change"": 1, ""person_change"": 1, ""subordination_transition"": 1}"	1corintios-14-31-P02	1corintios-14-31-P02
MR0787	787	1corintios	824	824	14:31	14:31	1	strong	"{""strong"": 1}"	"{""independence_transition"": 1, ""number_change"": 1, ""person_change"": 1, ""subordination_transition"": 1}"	1corintios-14-31-P03	1corintios-14-31-P03
MR0788	788	1corintios	825	825	14:32	14:32	1	none	"{""none"": 1}"	{}	1corintios-14-32-P01	1corintios-14-32-P01
MR0789	789	1corintios	826	826	14:33	14:33	1	candidate	"{""candidate"": 1}"	"{""number_change"": 1, ""person_change"": 1}"	1corintios-14-33-P01	1corintios-14-33-P01
MR0790	790	1corintios	827	827	14:34	14:34	1	none	"{""none"": 1}"	{}	1corintios-14-34-P01	1corintios-14-34-P01
MR0791	791	1corintios	828	828	14:34	14:34	1	none	"{""none"": 1}"	{}	1corintios-14-34-P02	1corintios-14-34-P02
MR0792	792	1corintios	829	829	14:34	14:34	1	candidate	"{""candidate"": 1}"	"{""number_change"": 1}"	1corintios-14-34-P03	1corintios-14-34-P03
MR0793	793	1corintios	830	830	14:34	14:34	1	candidate	"{""candidate"": 1}"	"{""independence_transition"": 1, ""subordination_transition"": 1}"	1corintios-14-34-P04	1corintios-14-34-P04
MR0794	794	1corintios	831	831	14:35	14:35	1	none	"{""none"": 1}"	{}	1corintios-14-35-P01	1corintios-14-35-P01
MR0795	795	1corintios	832	832	14:35	14:35	1	candidate	"{""candidate"": 1}"	"{""independence_transition"": 1, ""subordination_transition"": 1}"	1corintios-14-35-P02	1corintios-14-35-P02
MR0796	796	1corintios	833	833	14:35	14:35	1	candidate	"{""candidate"": 1}"	"{""number_change"": 1}"	1corintios-14-35-P03	1corintios-14-35-P03
MR0797	797	1corintios	834	834	14:36	14:36	1	none	"{""none"": 1}"	{}	1corintios-14-36-P01	1corintios-14-36-P01
MR0798	798	1corintios	835	835	14:36	14:36	1	none	"{""none"": 1}"	{}	1corintios-14-36-P02	1corintios-14-36-P02
MR0799	799	1corintios	836	836	14:37	14:37	1	candidate	"{""candidate"": 1}"	"{""independence_transition"": 1, ""subordination_transition"": 1}"	1corintios-14-37-P01	1corintios-14-37-P01
MR0800	800	1corintios	837	837	14:37	14:37	1	candidate	"{""candidate"": 1}"	"{""independence_transition"": 1, ""subordination_transition"": 1}"	1corintios-14-37-P02	1corintios-14-37-P02
MR0801	801	1corintios	838	838	14:37	14:37	1	candidate	"{""candidate"": 1}"	"{""person_change"": 1}"	1corintios-14-37-P03	1corintios-14-37-P03
MR0802	802	1corintios	839	839	14:37	14:37	1	strong	"{""strong"": 1}"	"{""independence_transition"": 1, ""person_change"": 1, ""subordination_transition"": 1}"	1corintios-14-37-P04	1corintios-14-37-P04
MR0803	803	1corintios	840	840	14:38	14:38	1	none	"{""none"": 1}"	{}	1corintios-14-38-P01	1corintios-14-38-P01
MR0804	804	1corintios	841	841	14:38	14:38	1	candidate	"{""candidate"": 1}"	"{""independence_transition"": 1, ""subordination_transition"": 1}"	1corintios-14-38-P02	1corintios-14-38-P02
MR0805	805	1corintios	842	842	14:39	14:39	1	strong	"{""strong"": 1}"	"{""independence_transition"": 1, ""number_change"": 1, ""person_change"": 1, ""subordination_transition"": 1}"	1corintios-14-39-P01	1corintios-14-39-P01
MR0806	806	1corintios	843	843	14:39	14:39	1	candidate	"{""candidate"": 1}"	"{""independence_transition"": 1, ""subordination_transition"": 1}"	1corintios-14-39-P02	1corintios-14-39-P02
MR0807	807	1corintios	844	844	14:40	14:40	1	candidate	"{""candidate"": 1}"	"{""number_change"": 1, ""person_change"": 1}"	1corintios-14-40-P01	1corintios-14-40-P01
MR0808	808	1corintios	845	845	15:1	15:1	1	candidate	"{""candidate"": 1}"	"{""person_change"": 1}"	1corintios-15-1-P01	1corintios-15-1-P01
MR0809	809	1corintios	846	846	15:1	15:1	1	none	"{""none"": 1}"	{}	1corintios-15-1-P02	1corintios-15-1-P02
MR0810	810	1corintios	847	847	15:1	15:1	1	candidate	"{""candidate"": 1}"	"{""number_change"": 1, ""person_change"": 1}"	1corintios-15-1-P03	1corintios-15-1-P03
MR0811	811	1corintios	848	848	15:1	15:1	1	none	"{""none"": 1}"	{}	1corintios-15-1-P04	1corintios-15-1-P04
MR0812	812	1corintios	849	849	15:2	15:2	1	none	"{""none"": 1}"	{}	1corintios-15-2-P01	1corintios-15-2-P01
MR0813	813	1corintios	850	850	15:2	15:2	1	candidate	"{""candidate"": 1}"	"{""number_change"": 1, ""person_change"": 1}"	1corintios-15-2-P02	1corintios-15-2-P02
MR0814	814	1corintios	851	851	15:2	15:2	1	strong	"{""strong"": 1}"	"{""independence_transition"": 1, ""number_change"": 1, ""person_change"": 1, ""subordination_transition"": 1}"	1corintios-15-2-P03	1corintios-15-2-P03
MR0815	815	1corintios	852	852	15:2	15:2	1	none	"{""none"": 1}"	{}	1corintios-15-2-P04	1corintios-15-2-P04
MR0816	816	1corintios	853	853	15:3	15:3	1	strong	"{""strong"": 1}"	"{""independence_transition"": 1, ""number_change"": 1, ""person_change"": 1, ""subordination_transition"": 1}"	1corintios-15-3-P01	1corintios-15-3-P01
MR0817	817	1corintios	854	854	15:3	15:3	1	none	"{""none"": 1}"	{}	1corintios-15-3-P02	1corintios-15-3-P02
MR0818	818	1corintios	855	855	15:3	15:3	1	strong	"{""strong"": 1}"	"{""independence_transition"": 1, ""number_change"": 1, ""person_change"": 1, ""subordination_transition"": 1}"	1corintios-15-3-P03	1corintios-15-3-P03
MR0819	819	1corintios	856	856	15:4	15:4	1	candidate	"{""candidate"": 1}"	"{""number_change"": 1, ""person_change"": 1}"	1corintios-15-4-P01	1corintios-15-4-P01
MR0820	820	1corintios	857	857	15:4	15:4	1	none	"{""none"": 1}"	{}	1corintios-15-4-P02	1corintios-15-4-P02
MR0821	821	1corintios	858	858	15:5	15:5	1	none	"{""none"": 1}"	{}	1corintios-15-5-P01	1corintios-15-5-P01
MR0822	822	1corintios	859	859	15:6	15:6	1	candidate	"{""candidate"": 1}"	"{""independence_transition"": 1, ""subordination_transition"": 1}"	1corintios-15-6-P01	1corintios-15-6-P01
MR0823	823	1corintios	860	860	15:6	15:6	1	none	"{""none"": 1}"	{}	1corintios-15-6-P02	1corintios-15-6-P02
MR0824	824	1corintios	861	861	15:6	15:6	1	candidate	"{""candidate"": 1}"	"{""number_change"": 1}"	1corintios-15-6-P03	1corintios-15-6-P03
MR0825	825	1corintios	862	862	15:7	15:7	1	candidate	"{""candidate"": 1}"	"{""number_change"": 1}"	1corintios-15-7-P01	1corintios-15-7-P01
MR0826	826	1corintios	863	863	15:8	15:8	1	none	"{""none"": 1}"	{}	1corintios-15-8-P01	1corintios-15-8-P01
MR0827	827	1corintios	864	864	15:9	15:9	1	candidate	"{""candidate"": 1}"	"{""person_change"": 1}"	1corintios-15-9-P01	1corintios-15-9-P01
MR0828	828	1corintios	865	868	15:9	15:10	4	none	"{""none"": 4}"	{}	1corintios-15-9-P02	1corintios-15-10-P02
MR0829	829	1corintios	869	869	15:10	15:10	1	none	"{""none"": 1}"	{}	1corintios-15-10-P03	1corintios-15-10-P03
MR0830	830	1corintios	870	870	15:10	15:10	1	none	"{""none"": 1}"	{}	1corintios-15-10-P04	1corintios-15-10-P04
MR0831	831	1corintios	871	871	15:11	15:11	1	candidate	"{""candidate"": 1}"	"{""number_change"": 1}"	1corintios-15-11-P01	1corintios-15-11-P01
MR0832	832	1corintios	872	872	15:11	15:11	1	candidate	"{""candidate"": 1}"	"{""person_change"": 1}"	1corintios-15-11-P02	1corintios-15-11-P02
MR0833	833	1corintios	873	873	15:12	15:12	1	candidate	"{""candidate"": 1}"	"{""independence_transition"": 1, ""subordination_transition"": 1}"	1corintios-15-12-P01	1corintios-15-12-P01
MR0834	834	1corintios	874	874	15:12	15:12	1	none	"{""none"": 1}"	{}	1corintios-15-12-P02	1corintios-15-12-P02
MR0835	835	1corintios	875	875	15:12	15:12	1	strong	"{""strong"": 1}"	"{""independence_transition"": 1, ""number_change"": 1, ""subordination_transition"": 1}"	1corintios-15-12-P03	1corintios-15-12-P03
MR0836	836	1corintios	876	876	15:12	15:12	1	strong	"{""strong"": 1}"	"{""independence_transition"": 1, ""number_change"": 1, ""subordination_transition"": 1}"	1corintios-15-12-P04	1corintios-15-12-P04
MR0837	837	1corintios	877	877	15:13	15:13	1	none	"{""none"": 1}"	{}	1corintios-15-13-P01	1corintios-15-13-P01
MR0838	838	1corintios	878	878	15:13	15:13	1	strong	"{""strong"": 1}"	"{""independence_transition"": 1, ""number_change"": 1, ""subordination_transition"": 1}"	1corintios-15-13-P02	1corintios-15-13-P02
MR0839	839	1corintios	879	879	15:14	15:14	1	strong	"{""strong"": 1}"	"{""independence_transition"": 1, ""number_change"": 1, ""subordination_transition"": 1}"	1corintios-15-14-P01	1corintios-15-14-P01
MR0840	840	1corintios	880	880	15:15	15:15	1	strong	"{""strong"": 1}"	"{""independence_transition"": 1, ""number_change"": 1, ""person_change"": 1, ""subordination_transition"": 1}"	1corintios-15-15-P01	1corintios-15-15-P01
MR0841	841	1corintios	881	881	15:15	15:15	1	candidate	"{""candidate"": 1}"	"{""independence_transition"": 1, ""subordination_transition"": 1}"	1corintios-15-15-P02	1corintios-15-15-P02
MR0842	842	1corintios	882	882	15:15	15:15	1	candidate	"{""candidate"": 1}"	"{""number_change"": 1, ""person_change"": 1}"	1corintios-15-15-P03	1corintios-15-15-P03
MR0843	843	1corintios	883	883	15:15	15:15	1	candidate	"{""candidate"": 1}"	"{""independence_transition"": 1, ""subordination_transition"": 1}"	1corintios-15-15-P04	1corintios-15-15-P04
MR0844	844	1corintios	884	884	15:15	15:15	1	none	"{""none"": 1}"	{}	1corintios-15-15-P05	1corintios-15-15-P05
MR0845	845	1corintios	885	885	15:16	15:16	1	candidate	"{""candidate"": 1}"	"{""independence_transition"": 1, ""subordination_transition"": 1}"	1corintios-15-16-P01	1corintios-15-16-P01
MR0846	846	1corintios	886	886	15:16	15:16	1	candidate	"{""candidate"": 1}"	"{""independence_transition"": 1, ""subordination_transition"": 1}"	1corintios-15-16-P02	1corintios-15-16-P02
MR0847	847	1corintios	887	887	15:17	15:17	1	candidate	"{""candidate"": 1}"	"{""independence_transition"": 1, ""subordination_transition"": 1}"	1corintios-15-17-P01	1corintios-15-17-P01
MR0848	848	1corintios	888	888	15:17	15:17	1	strong	"{""strong"": 1}"	"{""independence_transition"": 1, ""number_change"": 1, ""person_change"": 1, ""subordination_transition"": 1}"	1corintios-15-17-P02	1corintios-15-17-P02
MR0849	849	1corintios	889	889	15:18	15:18	1	none	"{""none"": 1}"	{}	1corintios-15-18-P01	1corintios-15-18-P01
MR0850	850	1corintios	890	890	15:19	15:19	1	strong	"{""strong"": 1}"	"{""independence_transition"": 1, ""person_change"": 1, ""subordination_transition"": 1}"	1corintios-15-19-P01	1corintios-15-19-P01
MR0851	851	1corintios	891	891	15:19	15:19	1	candidate	"{""candidate"": 1}"	"{""independence_transition"": 1, ""subordination_transition"": 1}"	1corintios-15-19-P02	1corintios-15-19-P02
MR0852	852	1corintios	892	892	15:20	15:20	1	none	"{""none"": 1}"	{}	1corintios-15-20-P01	1corintios-15-20-P01
MR0853	853	1corintios	893	893	15:22	15:22	1	none	"{""none"": 1}"	{}	1corintios-15-22-P01	1corintios-15-22-P01
MR0854	854	1corintios	894	894	15:22	15:22	1	none	"{""none"": 1}"	{}	1corintios-15-22-P02	1corintios-15-22-P02
MR0855	855	1corintios	895	895	15:24	15:24	1	candidate	"{""candidate"": 1}"	"{""independence_transition"": 1, ""subordination_transition"": 1}"	1corintios-15-24-P01	1corintios-15-24-P01
MR0856	856	1corintios	896	896	15:24	15:24	1	none	"{""none"": 1}"	{}	1corintios-15-24-P02	1corintios-15-24-P02
MR0857	857	1corintios	897	897	15:25	15:25	1	candidate	"{""candidate"": 1}"	"{""independence_transition"": 1, ""subordination_transition"": 1}"	1corintios-15-25-P01	1corintios-15-25-P01
MR0858	858	1corintios	898	898	15:25	15:25	1	none	"{""none"": 1}"	{}	1corintios-15-25-P02	1corintios-15-25-P02
MR0859	859	1corintios	899	899	15:26	15:26	1	none	"{""none"": 1}"	{}	1corintios-15-26-P01	1corintios-15-26-P01
MR0860	860	1corintios	900	900	15:27	15:27	1	none	"{""none"": 1}"	{}	1corintios-15-27-P01	1corintios-15-27-P01
MR0861	861	1corintios	901	901	15:27	15:27	1	candidate	"{""candidate"": 1}"	"{""independence_transition"": 1, ""subordination_transition"": 1}"	1corintios-15-27-P02	1corintios-15-27-P02
MR0862	862	1corintios	902	902	15:27	15:27	1	none	"{""none"": 1}"	{}	1corintios-15-27-P03	1corintios-15-27-P03
MR0863	863	1corintios	903	903	15:28	15:28	1	none	"{""none"": 1}"	{}	1corintios-15-28-P01	1corintios-15-28-P01
MR0864	864	1corintios	904	904	15:28	15:28	1	candidate	"{""candidate"": 1}"	"{""independence_transition"": 1, ""subordination_transition"": 1}"	1corintios-15-28-P02	1corintios-15-28-P02
MR0865	865	1corintios	905	905	15:28	15:28	1	candidate	"{""candidate"": 1}"	"{""independence_transition"": 1, ""subordination_transition"": 1}"	1corintios-15-28-P03	1corintios-15-28-P03
MR0866	866	1corintios	906	906	15:29	15:29	1	candidate	"{""candidate"": 1}"	"{""number_change"": 1}"	1corintios-15-29-P01	1corintios-15-29-P01
MR0867	867	1corintios	907	907	15:29	15:29	1	none	"{""none"": 1}"	{}	1corintios-15-29-P02	1corintios-15-29-P02
MR0868	868	1corintios	908	908	15:29	15:29	1	candidate	"{""candidate"": 1}"	"{""independence_transition"": 1, ""subordination_transition"": 1}"	1corintios-15-29-P03	1corintios-15-29-P03
MR0869	869	1corintios	909	909	15:30	15:30	1	candidate	"{""candidate"": 1}"	"{""person_change"": 1}"	1corintios-15-30-P01	1corintios-15-30-P01
MR0870	870	1corintios	910	910	15:31	15:31	1	candidate	"{""candidate"": 1}"	"{""number_change"": 1}"	1corintios-15-31-P01	1corintios-15-31-P01
MR0871	871	1corintios	911	911	15:31	15:31	1	none	"{""none"": 1}"	{}	1corintios-15-31-P02	1corintios-15-31-P02
MR0872	872	1corintios	912	912	15:32	15:32	1	candidate	"{""candidate"": 1}"	"{""independence_transition"": 1, ""subordination_transition"": 1}"	1corintios-15-32-P01	1corintios-15-32-P01
MR0873	873	1corintios	913	913	15:32	15:32	1	none	"{""none"": 1}"	{}	1corintios-15-32-P02	1corintios-15-32-P02
MR0874	874	1corintios	914	914	15:32	15:32	1	strong	"{""strong"": 1}"	"{""independence_transition"": 1, ""number_change"": 1, ""subordination_transition"": 1}"	1corintios-15-32-P03	1corintios-15-32-P03
MR0875	875	1corintios	915	915	15:32	15:32	1	none	"{""none"": 1}"	{}	1corintios-15-32-P04	1corintios-15-32-P04
MR0876	876	1corintios	916	916	15:32	15:32	1	none	"{""none"": 1}"	{}	1corintios-15-32-P05	1corintios-15-32-P05
MR0877	877	1corintios	917	917	15:33	15:33	1	candidate	"{""candidate"": 1}"	"{""person_change"": 1}"	1corintios-15-33-P01	1corintios-15-33-P01
MR0878	878	1corintios	918	918	15:33	15:33	1	candidate	"{""candidate"": 1}"	"{""person_change"": 1}"	1corintios-15-33-P02	1corintios-15-33-P02
MR0879	879	1corintios	919	919	15:34	15:34	1	candidate	"{""candidate"": 1}"	"{""person_change"": 1}"	1corintios-15-34-P01	1corintios-15-34-P01
MR0880	880	1corintios	920	920	15:34	15:34	1	none	"{""none"": 1}"	{}	1corintios-15-34-P02	1corintios-15-34-P02
MR0881	881	1corintios	921	921	15:34	15:34	1	none	"{""none"": 1}"	{}	1corintios-15-34-P03	1corintios-15-34-P03
MR0882	882	1corintios	922	922	15:34	15:34	1	candidate	"{""candidate"": 1}"	"{""number_change"": 1, ""person_change"": 1}"	1corintios-15-34-P04	1corintios-15-34-P04
MR0883	883	1corintios	923	923	15:35	15:35	1	candidate	"{""candidate"": 1}"	"{""person_change"": 1}"	1corintios-15-35-P01	1corintios-15-35-P01
MR0884	884	1corintios	924	924	15:35	15:35	1	candidate	"{""candidate"": 1}"	"{""number_change"": 1}"	1corintios-15-35-P02	1corintios-15-35-P02
MR0885	885	1corintios	925	925	15:35	15:35	1	none	"{""none"": 1}"	{}	1corintios-15-35-P03	1corintios-15-35-P03
MR0886	886	1corintios	926	926	15:36	15:36	1	candidate	"{""candidate"": 1}"	"{""number_change"": 1, ""person_change"": 1}"	1corintios-15-36-P01	1corintios-15-36-P01
MR0887	887	1corintios	927	927	15:36	15:36	1	candidate	"{""candidate"": 1}"	"{""person_change"": 1}"	1corintios-15-36-P02	1corintios-15-36-P02
MR0888	888	1corintios	928	928	15:36	15:36	1	candidate	"{""candidate"": 1}"	"{""independence_transition"": 1, ""subordination_transition"": 1}"	1corintios-15-36-P03	1corintios-15-36-P03
MR0889	889	1corintios	929	929	15:37	15:37	1	strong	"{""strong"": 1}"	"{""independence_transition"": 1, ""person_change"": 1, ""subordination_transition"": 1}"	1corintios-15-37-P01	1corintios-15-37-P01
MR0890	890	1corintios	930	930	15:37	15:37	1	none	"{""none"": 1}"	{}	1corintios-15-37-P02	1corintios-15-37-P02
MR0891	891	1corintios	931	931	15:37	15:37	1	strong	"{""strong"": 1}"	"{""independence_transition"": 1, ""person_change"": 1, ""subordination_transition"": 1}"	1corintios-15-37-P03	1corintios-15-37-P03
MR0892	892	1corintios	932	932	15:38	15:38	1	strong	"{""strong"": 1}"	"{""independence_transition"": 1, ""person_change"": 1, ""subordination_transition"": 1}"	1corintios-15-38-P01	1corintios-15-38-P01
MR0893	893	1corintios	933	933	15:38	15:38	1	strong	"{""strong"": 1}"	"{""independence_transition"": 1, ""person_change"": 1, ""subordination_transition"": 1}"	1corintios-15-38-P02	1corintios-15-38-P02
MR0894	894	1corintios	934	934	15:41	15:41	1	candidate	"{""candidate"": 1}"	"{""independence_transition"": 1, ""subordination_transition"": 1}"	1corintios-15-41-P01	1corintios-15-41-P01
MR0895	895	1corintios	935	935	15:42	15:42	1	none	"{""none"": 1}"	{}	1corintios-15-42-P01	1corintios-15-42-P01
MR0896	896	1corintios	936	940	15:42	15:43	5	none	"{""none"": 5}"	{}	1corintios-15-42-P02	1corintios-15-43-P04
MR0897	897	1corintios	941	941	15:44	15:44	1	none	"{""none"": 1}"	{}	1corintios-15-44-P01	1corintios-15-44-P01
MR0898	898	1corintios	942	942	15:44	15:44	1	none	"{""none"": 1}"	{}	1corintios-15-44-P02	1corintios-15-44-P02
MR0899	899	1corintios	943	943	15:44	15:44	1	candidate	"{""candidate"": 1}"	"{""independence_transition"": 1, ""subordination_transition"": 1}"	1corintios-15-44-P03	1corintios-15-44-P03
MR0900	900	1corintios	944	944	15:44	15:44	1	candidate	"{""candidate"": 1}"	"{""independence_transition"": 1, ""subordination_transition"": 1}"	1corintios-15-44-P04	1corintios-15-44-P04
MR0901	901	1corintios	945	945	15:45	15:45	1	none	"{""none"": 1}"	{}	1corintios-15-45-P01	1corintios-15-45-P01
MR0902	902	1corintios	946	946	15:45	15:45	1	none	"{""none"": 1}"	{}	1corintios-15-45-P02	1corintios-15-45-P02
MR0903	903	1corintios	947	947	15:49	15:49	1	strong	"{""strong"": 1}"	"{""independence_transition"": 1, ""number_change"": 1, ""person_change"": 1, ""subordination_transition"": 1}"	1corintios-15-49-P01	1corintios-15-49-P01
MR0904	904	1corintios	948	948	15:49	15:49	1	candidate	"{""candidate"": 1}"	"{""independence_transition"": 1, ""subordination_transition"": 1}"	1corintios-15-49-P02	1corintios-15-49-P02
MR0905	905	1corintios	949	949	15:50	15:50	1	candidate	"{""candidate"": 1}"	"{""number_change"": 1}"	1corintios-15-50-P01	1corintios-15-50-P01
MR0906	906	1corintios	950	950	15:50	15:50	1	strong	"{""strong"": 1}"	"{""independence_transition"": 1, ""number_change"": 1, ""subordination_transition"": 1}"	1corintios-15-50-P02	1corintios-15-50-P02
MR0907	907	1corintios	951	951	15:50	15:50	1	strong	"{""strong"": 1}"	"{""independence_transition"": 1, ""number_change"": 1, ""subordination_transition"": 1}"	1corintios-15-50-P03	1corintios-15-50-P03
MR0908	908	1corintios	952	952	15:51	15:51	1	none	"{""none"": 1}"	{}	1corintios-15-51-P01	1corintios-15-51-P01
MR0909	909	1corintios	953	953	15:51	15:51	1	candidate	"{""candidate"": 1}"	"{""number_change"": 1}"	1corintios-15-51-P02	1corintios-15-51-P02
MR0910	910	1corintios	954	954	15:51	15:51	1	none	"{""none"": 1}"	{}	1corintios-15-51-P03	1corintios-15-51-P03
MR0911	911	1corintios	955	955	15:52	15:52	1	candidate	"{""candidate"": 1}"	"{""number_change"": 1, ""person_change"": 1}"	1corintios-15-52-P01	1corintios-15-52-P01
MR0912	912	1corintios	956	956	15:52	15:52	1	none	"{""none"": 1}"	{}	1corintios-15-52-P02	1corintios-15-52-P02
MR0913	913	1corintios	957	957	15:52	15:52	1	candidate	"{""candidate"": 1}"	"{""number_change"": 1, ""person_change"": 1}"	1corintios-15-52-P03	1corintios-15-52-P03
MR0914	914	1corintios	958	958	15:53	15:53	1	candidate	"{""candidate"": 1}"	"{""number_change"": 1, ""person_change"": 1}"	1corintios-15-53-P01	1corintios-15-53-P01
MR0915	915	1corintios	959	959	15:54	15:54	1	candidate	"{""candidate"": 1}"	"{""independence_transition"": 1, ""subordination_transition"": 1}"	1corintios-15-54-P01	1corintios-15-54-P01
MR0916	916	1corintios	960	960	15:54	15:54	1	candidate	"{""candidate"": 1}"	"{""independence_transition"": 1, ""subordination_transition"": 1}"	1corintios-15-54-P02	1corintios-15-54-P02
MR0917	917	1corintios	961	961	15:54	15:54	1	none	"{""none"": 1}"	{}	1corintios-15-54-P03	1corintios-15-54-P03
MR0918	918	1corintios	962	962	15:54	15:54	1	none	"{""none"": 1}"	{}	1corintios-15-54-P04	1corintios-15-54-P04
MR0919	919	1corintios	963	963	15:58	15:58	1	strong	"{""strong"": 1}"	"{""independence_transition"": 1, ""number_change"": 1, ""person_change"": 1, ""subordination_transition"": 1}"	1corintios-15-58-P01	1corintios-15-58-P01
MR0920	920	1corintios	964	964	15:58	15:58	1	none	"{""none"": 1}"	{}	1corintios-15-58-P02	1corintios-15-58-P02
MR0921	921	1corintios	965	965	16:1	16:1	1	strong	"{""strong"": 1}"	"{""independence_transition"": 1, ""number_change"": 1, ""person_change"": 1, ""subordination_transition"": 1}"	1corintios-16-1-P01	1corintios-16-1-P01
MR0922	922	1corintios	966	966	16:1	16:1	1	candidate	"{""candidate"": 1}"	"{""number_change"": 1, ""person_change"": 1}"	1corintios-16-1-P02	1corintios-16-1-P02
MR0923	923	1corintios	967	967	16:2	16:2	1	none	"{""none"": 1}"	{}	1corintios-16-2-P01	1corintios-16-2-P01
MR0924	924	1corintios	968	968	16:2	16:2	1	strong	"{""strong"": 1}"	"{""independence_transition"": 1, ""number_change"": 1, ""person_change"": 1, ""subordination_transition"": 1}"	1corintios-16-2-P02	1corintios-16-2-P02
MR0925	925	1corintios	969	969	16:2	16:2	1	candidate	"{""candidate"": 1}"	"{""person_change"": 1}"	1corintios-16-2-P03	1corintios-16-2-P03
MR0926	926	1corintios	970	970	16:2	16:2	1	strong	"{""strong"": 1}"	"{""independence_transition"": 1, ""number_change"": 1, ""person_change"": 1, ""subordination_transition"": 1}"	1corintios-16-2-P04	1corintios-16-2-P04
MR0927	927	1corintios	971	971	16:3	16:3	1	strong	"{""strong"": 1}"	"{""independence_transition"": 1, ""number_change"": 1, ""person_change"": 1, ""subordination_transition"": 1}"	1corintios-16-3-P01	1corintios-16-3-P01
MR0928	928	1corintios	972	972	16:3	16:3	1	candidate	"{""candidate"": 1}"	"{""number_change"": 1, ""person_change"": 1}"	1corintios-16-3-P02	1corintios-16-3-P02
MR0929	929	1corintios	973	973	16:3	16:3	1	strong	"{""strong"": 1}"	"{""independence_transition"": 1, ""number_change"": 1, ""person_change"": 1, ""subordination_transition"": 1}"	1corintios-16-3-P03	1corintios-16-3-P03
MR0930	930	1corintios	974	974	16:4	16:4	1	strong	"{""strong"": 1}"	"{""independence_transition"": 1, ""number_change"": 1, ""person_change"": 1, ""subordination_transition"": 1}"	1corintios-16-4-P01	1corintios-16-4-P01
MR0931	931	1corintios	975	975	16:4	16:4	1	strong	"{""strong"": 1}"	"{""independence_transition"": 1, ""person_change"": 1, ""subordination_transition"": 1}"	1corintios-16-4-P02	1corintios-16-4-P02
MR0932	932	1corintios	976	976	16:5	16:5	1	candidate	"{""candidate"": 1}"	"{""number_change"": 1, ""person_change"": 1}"	1corintios-16-5-P01	1corintios-16-5-P01
MR0933	933	1corintios	977	977	16:5	16:5	1	candidate	"{""candidate"": 1}"	"{""independence_transition"": 1, ""subordination_transition"": 1}"	1corintios-16-5-P02	1corintios-16-5-P02
MR0934	934	1corintios	978	978	16:5	16:5	1	candidate	"{""candidate"": 1}"	"{""independence_transition"": 1, ""subordination_transition"": 1}"	1corintios-16-5-P03	1corintios-16-5-P03
MR0935	935	1corintios	979	979	16:6	16:6	1	none	"{""none"": 1}"	{}	1corintios-16-6-P01	1corintios-16-6-P01
MR0936	936	1corintios	980	980	16:6	16:6	1	none	"{""none"": 1}"	{}	1corintios-16-6-P02	1corintios-16-6-P02
MR0937	937	1corintios	981	981	16:6	16:6	1	strong	"{""strong"": 1}"	"{""independence_transition"": 1, ""number_change"": 1, ""person_change"": 1, ""subordination_transition"": 1}"	1corintios-16-6-P03	1corintios-16-6-P03
MR0938	938	1corintios	982	982	16:6	16:6	1	candidate	"{""candidate"": 1}"	"{""number_change"": 1, ""person_change"": 1}"	1corintios-16-6-P04	1corintios-16-6-P04
MR0939	939	1corintios	983	983	16:7	16:7	1	candidate	"{""candidate"": 1}"	"{""independence_transition"": 1, ""subordination_transition"": 1}"	1corintios-16-7-P01	1corintios-16-7-P01
MR0940	940	1corintios	984	984	16:7	16:7	1	none	"{""none"": 1}"	{}	1corintios-16-7-P02	1corintios-16-7-P02
MR0941	941	1corintios	985	985	16:7	16:7	1	candidate	"{""candidate"": 1}"	"{""independence_transition"": 1, ""subordination_transition"": 1}"	1corintios-16-7-P03	1corintios-16-7-P03
MR0942	942	1corintios	986	986	16:8	16:8	1	candidate	"{""candidate"": 1}"	"{""independence_transition"": 1, ""subordination_transition"": 1}"	1corintios-16-8-P01	1corintios-16-8-P01
MR0943	943	1corintios	987	987	16:9	16:9	1	candidate	"{""candidate"": 1}"	"{""person_change"": 1}"	1corintios-16-9-P01	1corintios-16-9-P01
MR0944	944	1corintios	988	988	16:10	16:10	1	candidate	"{""candidate"": 1}"	"{""independence_transition"": 1, ""subordination_transition"": 1}"	1corintios-16-10-P01	1corintios-16-10-P01
MR0945	945	1corintios	989	989	16:10	16:10	1	strong	"{""strong"": 1}"	"{""independence_transition"": 1, ""number_change"": 1, ""person_change"": 1, ""subordination_transition"": 1}"	1corintios-16-10-P02	1corintios-16-10-P02
MR0946	946	1corintios	990	990	16:10	16:10	1	strong	"{""strong"": 1}"	"{""independence_transition"": 1, ""number_change"": 1, ""person_change"": 1, ""subordination_transition"": 1}"	1corintios-16-10-P03	1corintios-16-10-P03
MR0947	947	1corintios	991	991	16:10	16:10	1	candidate	"{""candidate"": 1}"	"{""independence_transition"": 1, ""subordination_transition"": 1}"	1corintios-16-10-P04	1corintios-16-10-P04
MR0948	948	1corintios	992	992	16:11	16:11	1	none	"{""none"": 1}"	{}	1corintios-16-11-P01	1corintios-16-11-P01
MR0949	949	1corintios	993	993	16:11	16:11	1	candidate	"{""candidate"": 1}"	"{""number_change"": 1, ""person_change"": 1}"	1corintios-16-11-P02	1corintios-16-11-P02
MR0950	950	1corintios	994	994	16:11	16:11	1	strong	"{""strong"": 1}"	"{""independence_transition"": 1, ""number_change"": 1, ""person_change"": 1, ""subordination_transition"": 1}"	1corintios-16-11-P03	1corintios-16-11-P03
MR0951	951	1corintios	995	995	16:11	16:11	1	strong	"{""strong"": 1}"	"{""independence_transition"": 1, ""person_change"": 1, ""subordination_transition"": 1}"	1corintios-16-11-P04	1corintios-16-11-P04
MR0952	952	1corintios	996	996	16:12	16:12	1	none	"{""none"": 1}"	{}	1corintios-16-12-P01	1corintios-16-12-P01
MR0953	953	1corintios	997	997	16:12	16:12	1	strong	"{""strong"": 1}"	"{""independence_transition"": 1, ""person_change"": 1, ""subordination_transition"": 1}"	1corintios-16-12-P02	1corintios-16-12-P02
MR0954	954	1corintios	998	998	16:12	16:12	1	candidate	"{""candidate"": 1}"	"{""independence_transition"": 1, ""subordination_transition"": 1}"	1corintios-16-12-P03	1corintios-16-12-P03
MR0955	955	1corintios	999	999	16:12	16:12	1	candidate	"{""candidate"": 1}"	"{""independence_transition"": 1, ""subordination_transition"": 1}"	1corintios-16-12-P04	1corintios-16-12-P04
MR0956	956	1corintios	1000	1000	16:12	16:12	1	candidate	"{""candidate"": 1}"	"{""independence_transition"": 1, ""subordination_transition"": 1}"	1corintios-16-12-P05	1corintios-16-12-P05
MR0957	957	1corintios	1001	1001	16:12	16:12	1	candidate	"{""candidate"": 1}"	"{""independence_transition"": 1, ""subordination_transition"": 1}"	1corintios-16-12-P06	1corintios-16-12-P06
MR0958	958	1corintios	1002	1002	16:14	16:14	1	candidate	"{""candidate"": 1}"	"{""independence_transition"": 1, ""subordination_transition"": 1}"	1corintios-16-14-P01	1corintios-16-14-P01
MR0959	959	1corintios	1003	1003	16:15	16:15	1	candidate	"{""candidate"": 1}"	"{""person_change"": 1}"	1corintios-16-15-P01	1corintios-16-15-P01
MR0960	960	1corintios	1004	1004	16:15	16:15	1	candidate	"{""candidate"": 1}"	"{""number_change"": 1, ""person_change"": 1}"	1corintios-16-15-P02	1corintios-16-15-P02
MR0961	961	1corintios	1005	1005	16:15	16:15	1	strong	"{""strong"": 1}"	"{""independence_transition"": 1, ""number_change"": 1, ""person_change"": 1, ""subordination_transition"": 1}"	1corintios-16-15-P03	1corintios-16-15-P03
MR0962	962	1corintios	1006	1006	16:15	16:15	1	strong	"{""strong"": 1}"	"{""independence_transition"": 1, ""number_change"": 1, ""subordination_transition"": 1}"	1corintios-16-15-P04	1corintios-16-15-P04
MR0963	963	1corintios	1007	1007	16:16	16:16	1	strong	"{""strong"": 1}"	"{""independence_transition"": 1, ""person_change"": 1, ""subordination_transition"": 1}"	1corintios-16-16-P01	1corintios-16-16-P01
MR0964	964	1corintios	1008	1008	16:17	16:17	1	strong	"{""strong"": 1}"	"{""independence_transition"": 1, ""number_change"": 1, ""person_change"": 1, ""subordination_transition"": 1}"	1corintios-16-17-P01	1corintios-16-17-P01
MR0965	965	1corintios	1009	1009	16:17	16:17	1	strong	"{""strong"": 1}"	"{""independence_transition"": 1, ""number_change"": 1, ""person_change"": 1, ""subordination_transition"": 1}"	1corintios-16-17-P02	1corintios-16-17-P02
MR0966	966	1corintios	1010	1010	16:18	16:18	1	strong	"{""strong"": 1}"	"{""independence_transition"": 1, ""person_change"": 1, ""subordination_transition"": 1}"	1corintios-16-18-P01	1corintios-16-18-P01
MR0967	967	1corintios	1011	1011	16:18	16:18	1	candidate	"{""candidate"": 1}"	"{""person_change"": 1}"	1corintios-16-18-P02	1corintios-16-18-P02
MR0968	968	1corintios	1012	1012	16:19	16:19	1	candidate	"{""candidate"": 1}"	"{""person_change"": 1}"	1corintios-16-19-P01	1corintios-16-19-P01
MR0969	969	1corintios	1013	1013	16:19	16:19	1	candidate	"{""candidate"": 1}"	"{""number_change"": 1}"	1corintios-16-19-P02	1corintios-16-19-P02
MR0970	970	1corintios	1014	1014	16:20	16:20	1	candidate	"{""candidate"": 1}"	"{""number_change"": 1}"	1corintios-16-20-P01	1corintios-16-20-P01
MR0971	971	1corintios	1015	1015	16:20	16:20	1	candidate	"{""candidate"": 1}"	"{""person_change"": 1}"	1corintios-16-20-P02	1corintios-16-20-P02
MR0972	972	1corintios	1016	1016	16:22	16:22	1	candidate	"{""candidate"": 1}"	"{""independence_transition"": 1, ""subordination_transition"": 1}"	1corintios-16-22-P01	1corintios-16-22-P01
MR0973	973	1corintios	1017	1017	16:22	16:22	1	candidate	"{""candidate"": 1}"	"{""independence_transition"": 1, ""subordination_transition"": 1}"	1corintios-16-22-P02	1corintios-16-22-P02
MR0974	974	1corintios	1018	1018	16:22	16:22	1	candidate	"{""candidate"": 1}"	"{""person_change"": 1}"	1corintios-16-22-P03	1corintios-16-22-P03
