BOOK	CH	VS	CONNECTOR_ID	CONNECTOR_GREEK	CONNECTOR_KIND	CONNECTOR_RELATION	CURRENT_TARGET_CLAUSE	CURRENT_TARGET_SPAN	CANDIDATE_SOURCE_REF	CANDIDATE_SOURCE_CLAUSE	CANDIDATE_SOURCE_SPAN	CANDIDATE_DISTANCE	CANDIDATE_CONFIDENCE	STATUS	NOTES
1corintios	1	5	cn1	ὅτι	subordinating	content/cause	C1	ὅτι ἐν παντὶ ==ἐπλουτίσθητε== ἐν αὐτῷ ἐν παντὶ λόγῳ καὶ πάσῃ γνώσει	1corintios 1:4	C1	==εὐχαριστῶ== τῷ θεῷ μου πάντοτε περὶ ὑμῶν ἐπὶ τῇ χάριτι τοῦ θεοῦ τῇ δοθείσῃ ὑμῖν ἐν χριστῷ ἰησοῦ	previous-verse-final-clause	low	suggested-cross-verse-candidate	context-sensitive function; keep as suggested; target finite clause found; source not available in verse; target clause found but source clause unresolved; possible cross-verse source; requires review
1corintios	1	6	cn1	καθὼς	subordinating	comparison/manner	C1	καθὼς τὸ μαρτύριον τοῦ χριστοῦ ==ἐβεβαιώθη== ἐν ὑμῖν	1corintios 1:5	C1	ὅτι ἐν παντὶ ==ἐπλουτίσθητε== ἐν αὐτῷ ἐν παντὶ λόγῳ καὶ πάσῃ γνώσει	previous-verse-final-clause	low	suggested-cross-verse-candidate	context-sensitive function; keep as suggested; target finite clause found; source not available in verse; target clause found but source clause unresolved; possible cross-verse source; requires review
1corintios	1	8	cn1	καὶ	coordinating	coordination	C1	ὃς καὶ ==βεβαιώσει== ὑμᾶς ἕως τέλους ἀνεγκλήτους ἐν τῇ ἡμέρᾳ τοῦ κυρίου ἡμῶν ἰησοῦ χριστοῦ	1corintios 1:6	C1	καθὼς τὸ μαρτύριον τοῦ χριστοῦ ==ἐβεβαιώθη== ἐν ὑμῖν	previous-verse-final-clause	low	suggested-cross-verse-candidate	function follows connector inventory; connector before first finite clause or source outside verse; target clause found but source clause unresolved; coordinating connector may continue previous verse; keep low confidence
1corintios	1	15	cn1	ἵνα	subordinating	purpose/result	C1	ἵνα μή τις ==εἴπῃ== ὅτι εἰς τὸ ἐμὸν ὄνομα	1corintios 1:14	C2	==ἐβάπτισα== εἰ μὴ κρίσπον καὶ γάϊον	previous-verse-final-clause	low	suggested-cross-verse-candidate	context-sensitive function; keep as suggested; target finite clause found; source not available in verse; target clause found but source clause unresolved; possible cross-verse source; requires review
1corintios	1	17	cn2	γὰρ	coordinating	cause/ground	C1	οὐ γὰρ ==ἀπέστειλέν== με χριστὸς βαπτίζειν ἀλλὰ εὐαγγελίζεσθαι οὐκ ἐν σοφίᾳ λόγου	1corintios 1:16	C3	==ἐβάπτισα==	previous-verse-final-clause	medium	suggested-cross-verse-candidate	function follows connector inventory; connector before first finite clause or source outside verse; target clause found but source clause unresolved; strong backward-looking relation; previous verse final clause available
1corintios	1	18	cn1	γὰρ	coordinating	cause/ground	C1	ὁ λόγος γὰρ ὁ τοῦ σταυροῦ τοῖς μὲν ἀπολλυμένοις μωρία ==ἐστίν== τοῖς δὲ σῳζομένοις ἡμῖν δύναμις θεοῦ	1corintios 1:17	C2	ἵνα μὴ ==κενωθῇ== ὁ σταυρὸς τοῦ χριστοῦ	previous-verse-final-clause	medium	suggested-cross-verse-candidate	function follows connector inventory; connector before first finite clause or source outside verse; target clause found but source clause unresolved; strong backward-looking relation; previous verse final clause available
1corintios	1	21	cn1	ἐπειδὴ	subordinating	cause/ground	C1	ἐπειδὴ γὰρ ἐν τῇ σοφίᾳ τοῦ θεοῦ οὐκ ==ἔγνω== ὁ κόσμος διὰ τῆς σοφίας τὸν θεόν	1corintios 1:20	C1	ποῦ σοφός ποῦ γραμματεύς ποῦ συζητητὴς τοῦ αἰῶνος τούτου οὐχὶ ==ἐμώρανεν== ὁ θεὸς τὴν σοφίαν τοῦ κόσμου	previous-verse-final-clause	medium	suggested-cross-verse-candidate	function follows connector inventory; target finite clause found; source not available in verse; target clause found but source clause unresolved; strong backward-looking relation; previous verse final clause available
1corintios	1	21	cn2	γὰρ	coordinating	cause/ground	C1	ἐπειδὴ γὰρ ἐν τῇ σοφίᾳ τοῦ θεοῦ οὐκ ==ἔγνω== ὁ κόσμος διὰ τῆς σοφίας τὸν θεόν	1corintios 1:20	C1	ποῦ σοφός ποῦ γραμματεύς ποῦ συζητητὴς τοῦ αἰῶνος τούτου οὐχὶ ==ἐμώρανεν== ὁ θεὸς τὴν σοφίαν τοῦ κόσμου	previous-verse-final-clause	medium	suggested-cross-verse-candidate	function follows connector inventory; connector before first finite clause or source outside verse; target clause found but source clause unresolved; strong backward-looking relation; previous verse final clause available
1corintios	1	22	cn1	ἐπειδὴ	subordinating	cause/ground	C1	ἐπειδὴ καὶ ἰουδαῖοι σημεῖα ==αἰτοῦσιν== καὶ ἕλληνες σοφίαν	1corintios 1:21	C2	==εὐδόκησεν== ὁ θεὸς διὰ τῆς μωρίας τοῦ κηρύγματος σῶσαι τοὺς πιστεύοντας	previous-verse-final-clause	medium	suggested-cross-verse-candidate	function follows connector inventory; target finite clause found; source not available in verse; target clause found but source clause unresolved; strong backward-looking relation; previous verse final clause available
1corintios	1	22	cn2	καὶ	coordinating	coordination	C1	ἐπειδὴ καὶ ἰουδαῖοι σημεῖα ==αἰτοῦσιν== καὶ ἕλληνες σοφίαν	1corintios 1:21	C2	==εὐδόκησεν== ὁ θεὸς διὰ τῆς μωρίας τοῦ κηρύγματος σῶσαι τοὺς πιστεύοντας	previous-verse-final-clause	low	suggested-cross-verse-candidate	function follows connector inventory; connector before first finite clause or source outside verse; target clause found but source clause unresolved; coordinating connector may continue previous verse; keep low confidence
1corintios	1	23	cn1	δὲ	coordinating	coordination	C1	ἡμεῖς δὲ ==κηρύσσομεν== χριστὸν ἐσταυρωμένον ἰουδαίοις μὲν σκάνδαλον ἔθνεσιν δὲ μωρίαν	1corintios 1:22	C2	==ζητοῦσιν==	previous-verse-final-clause	low	suggested-cross-verse-candidate	function follows connector inventory; connector before first finite clause or source outside verse; target clause found but source clause unresolved; coordinating connector may continue previous verse; keep low confidence
1corintios	1	25	cn1	ὅτι	subordinating	content/cause	C1	ὅτι τὸ μωρὸν τοῦ θεοῦ σοφώτερον τῶν ἀνθρώπων ==ἐστίν== καὶ τὸ ἀσθενὲς τοῦ θεοῦ ἰσχυρότερον τῶν ἀνθρώπων	1corintios 1:23	C1	ἡμεῖς δὲ ==κηρύσσομεν== χριστὸν ἐσταυρωμένον ἰουδαίοις μὲν σκάνδαλον ἔθνεσιν δὲ μωρίαν	previous-verse-final-clause	low	suggested-cross-verse-candidate	context-sensitive function; keep as suggested; target finite clause found; source not available in verse; target clause found but source clause unresolved; possible cross-verse source; requires review
1corintios	1	27	cn1	ἀλλὰ	coordinating	contrast	C1	ἀλλὰ τὰ μωρὰ τοῦ κόσμου ==ἐξελέξατο== ὁ θεός	1corintios 1:26	C1	==βλέπετε== γὰρ τὴν κλῆσιν ὑμῶν ἀδελφοί ὅτι οὐ πολλοὶ σοφοὶ κατὰ σάρκα οὐ πολλοὶ δυνατοί οὐ πολλοὶ εὐγενεῖς	previous-verse-final-clause	medium	suggested-cross-verse-candidate	function follows connector inventory; connector before first finite clause or source outside verse; target clause found but source clause unresolved; strong backward-looking relation; previous verse final clause available
1corintios	1	28	cn1	καὶ	coordinating	coordination	C1	καὶ τὰ ἀγενῆ τοῦ κόσμου καὶ τὰ ἐξουθενημένα ==ἐξελέξατο== ὁ θεός τὰ μὴ ὄντα ἵνα τὰ ὄντα	1corintios 1:27	C4	ἵνα ==καταισχύνῃ== τὰ ἰσχυρά	previous-verse-final-clause	low	suggested-cross-verse-candidate	function follows connector inventory; connector before first finite clause or source outside verse; target clause found but source clause unresolved; coordinating connector may continue previous verse; keep low confidence
1corintios	1	28	cn2	καὶ	coordinating	coordination	C1	καὶ τὰ ἀγενῆ τοῦ κόσμου καὶ τὰ ἐξουθενημένα ==ἐξελέξατο== ὁ θεός τὰ μὴ ὄντα ἵνα τὰ ὄντα	1corintios 1:27	C4	ἵνα ==καταισχύνῃ== τὰ ἰσχυρά	previous-verse-final-clause	low	suggested-cross-verse-candidate	function follows connector inventory; connector before first finite clause or source outside verse; target clause found but source clause unresolved; coordinating connector may continue previous verse; keep low confidence
1corintios	1	29	cn1	ὅπως	subordinating	purpose	C1	ὅπως μὴ ==καυχήσηται== πᾶσα σὰρξ ἐνώπιον τοῦ θεοῦ	1corintios 1:28	C2	==καταργήσῃ==	previous-verse-final-clause	low	suggested-cross-verse-candidate	function follows connector inventory; target finite clause found; source not available in verse; target clause found but source clause unresolved; possible cross-verse source; requires review
1corintios	1	30	cn1	δὲ	coordinating	coordination	C1	ἐξ αὐτοῦ δὲ ὑμεῖς ==ἐστε== ἐν χριστῷ ἰησοῦ ὃς	1corintios 1:29	C1	ὅπως μὴ ==καυχήσηται== πᾶσα σὰρξ ἐνώπιον τοῦ θεοῦ	previous-verse-final-clause	low	suggested-cross-verse-candidate	function follows connector inventory; connector before first finite clause or source outside verse; target clause found but source clause unresolved; coordinating connector may continue previous verse; keep low confidence
1corintios	1	31	cn1	ἵνα	subordinating	purpose/result	C1	ἵνα καθὼς ==γέγραπται== ὁ καυχώμενος ἐν κυρίῳ	1corintios 1:30	C2	==ἐγενήθη== σοφία ἡμῖν ἀπὸ θεοῦ δικαιοσύνη τε καὶ ἁγιασμὸς καὶ ἀπολύτρωσις	previous-verse-final-clause	low	suggested-cross-verse-candidate	context-sensitive function; keep as suggested; target finite clause found; source not available in verse; target clause found but source clause unresolved; possible cross-verse source; requires review
1corintios	1	31	cn2	καθὼς	subordinating	comparison/manner	C1	ἵνα καθὼς ==γέγραπται== ὁ καυχώμενος ἐν κυρίῳ	1corintios 1:30	C2	==ἐγενήθη== σοφία ἡμῖν ἀπὸ θεοῦ δικαιοσύνη τε καὶ ἁγιασμὸς καὶ ἀπολύτρωσις	previous-verse-final-clause	low	suggested-cross-verse-candidate	context-sensitive function; keep as suggested; target finite clause found; source not available in verse; target clause found but source clause unresolved; possible cross-verse source; requires review
1corintios	2	2	cn2	γὰρ	coordinating	cause/ground	C1	οὐ γὰρ ==ἔκρινά== τι εἰδέναι ἐν ὑμῖν εἰ μὴ ἰησοῦν χριστὸν καὶ τοῦτον ἐσταυρωμένον	1corintios 2:1	C1	κἀγὼ ἐλθὼν πρὸς ὑμᾶς ἀδελφοί ==ἦλθον== οὐ καθʼ ὑπεροχὴν λόγου ἢ σοφίας καταγγέλλων ὑμῖν τὸ μαρτύριον τοῦ θεοῦ	previous-verse-final-clause	medium	suggested-cross-verse-candidate	function follows connector inventory; connector before first finite clause or source outside verse; target clause found but source clause unresolved; strong backward-looking relation; previous verse final clause available
1corintios	2	3	cn1	καὶ	coordinating	coordination	C1	κἀγὼ ἐν ἀσθενείᾳ καὶ ἐν φόβῳ καὶ ἐν τρόμῳ πολλῷ ==ἐγενόμην== πρὸς ὑμᾶς	1corintios 2:2	C1	οὐ γὰρ ==ἔκρινά== τι εἰδέναι ἐν ὑμῖν εἰ μὴ ἰησοῦν χριστὸν καὶ τοῦτον ἐσταυρωμένον	previous-verse-final-clause	low	suggested-cross-verse-candidate	function follows connector inventory; connector before first finite clause or source outside verse; target clause found but source clause unresolved; coordinating connector may continue previous verse; keep low confidence
1corintios	2	3	cn2	καὶ	coordinating	coordination	C1	κἀγὼ ἐν ἀσθενείᾳ καὶ ἐν φόβῳ καὶ ἐν τρόμῳ πολλῷ ==ἐγενόμην== πρὸς ὑμᾶς	1corintios 2:2	C1	οὐ γὰρ ==ἔκρινά== τι εἰδέναι ἐν ὑμῖν εἰ μὴ ἰησοῦν χριστὸν καὶ τοῦτον ἐσταυρωμένον	previous-verse-final-clause	low	suggested-cross-verse-candidate	function follows connector inventory; connector before first finite clause or source outside verse; target clause found but source clause unresolved; coordinating connector may continue previous verse; keep low confidence
1corintios	2	5	cn1	ἵνα	subordinating	purpose/result	C1	ἵνα ἡ πίστις ὑμῶν μὴ ==ᾖ== ἐν σοφίᾳ ἀνθρώπων ἀλλʼ ἐν δυνάμει θεοῦ	1corintios 2:3	C1	κἀγὼ ἐν ἀσθενείᾳ καὶ ἐν φόβῳ καὶ ἐν τρόμῳ πολλῷ ==ἐγενόμην== πρὸς ὑμᾶς	previous-verse-final-clause	low	suggested-cross-verse-candidate	context-sensitive function; keep as suggested; target finite clause found; source not available in verse; target clause found but source clause unresolved; possible cross-verse source; requires review
1corintios	2	6	cn1	δὲ	coordinating	coordination	C1	σοφίαν δὲ ==λαλοῦμεν== ἐν τοῖς τελείοις σοφίαν δὲ οὐ τοῦ αἰῶνος τούτου οὐδὲ τῶν ἀρχόντων τοῦ αἰῶνος τούτου τῶν καταργουμένων	1corintios 2:5	C1	ἵνα ἡ πίστις ὑμῶν μὴ ==ᾖ== ἐν σοφίᾳ ἀνθρώπων ἀλλʼ ἐν δυνάμει θεοῦ	previous-verse-final-clause	low	suggested-cross-verse-candidate	function follows connector inventory; connector before first finite clause or source outside verse; target clause found but source clause unresolved; coordinating connector may continue previous verse; keep low confidence
1corintios	2	7	cn1	ἀλλὰ	coordinating	contrast	C1	ἀλλὰ ==λαλοῦμεν== θεοῦ σοφίαν ἐν μυστηρίῳ τὴν ἀποκεκρυμμένην ἣν	1corintios 2:6	C1	σοφίαν δὲ ==λαλοῦμεν== ἐν τοῖς τελείοις σοφίαν δὲ οὐ τοῦ αἰῶνος τούτου οὐδὲ τῶν ἀρχόντων τοῦ αἰῶνος τούτου τῶν καταργουμένων	previous-verse-final-clause	medium	suggested-cross-verse-candidate	function follows connector inventory; connector before first finite clause or source outside verse; target clause found but source clause unresolved; strong backward-looking relation; previous verse final clause available
1corintios	2	9	cn1	ἀλλὰ	coordinating	contrast	C1	ἀλλὰ καθὼς ==γέγραπται== ἃ ὀφθαλμὸς	1corintios 2:8	C3	==ἐσταύρωσαν==	previous-verse-final-clause	medium	suggested-cross-verse-candidate	function follows connector inventory; connector before first finite clause or source outside verse; target clause found but source clause unresolved; strong backward-looking relation; previous verse final clause available
1corintios	2	9	cn2	καθὼς	subordinating	comparison/manner	C1	ἀλλὰ καθὼς ==γέγραπται== ἃ ὀφθαλμὸς	1corintios 2:8	C3	==ἐσταύρωσαν==	previous-verse-final-clause	low	suggested-cross-verse-candidate	context-sensitive function; keep as suggested; target finite clause found; source not available in verse; target clause found but source clause unresolved; possible cross-verse source; requires review
1corintios	2	10	cn1	γὰρ	coordinating	cause/ground	C1	ἡμῖν γὰρ ==ἀπεκάλυψεν== ὁ θεὸς διὰ τοῦ πνεύματος τὸ γὰρ πνεῦμα πάντα	1corintios 2:9	C5	==ἡτοίμασεν== ὁ θεὸς τοῖς ἀγαπῶσιν αὐτόν	previous-verse-final-clause	medium	suggested-cross-verse-candidate	function follows connector inventory; connector before first finite clause or source outside verse; target clause found but source clause unresolved; strong backward-looking relation; previous verse final clause available
1corintios	2	11	cn1	γὰρ	coordinating	cause/ground	C1	τίς γὰρ ==οἶδεν== ἀνθρώπων τὰ τοῦ ἀνθρώπου εἰ μὴ τὸ πνεῦμα τοῦ ἀνθρώπου τὸ ἐν αὐτῷ οὕτως καὶ τὰ τοῦ θεοῦ οὐδεὶς	1corintios 2:10	C2	==ἐραυνᾷ== καὶ τὰ βάθη τοῦ θεοῦ	previous-verse-final-clause	medium	suggested-cross-verse-candidate	function follows connector inventory; connector before first finite clause or source outside verse; target clause found but source clause unresolved; strong backward-looking relation; previous verse final clause available
1corintios	2	12	cn1	δὲ	coordinating	coordination	C1	ἡμεῖς δὲ οὐ τὸ πνεῦμα τοῦ κόσμου ==ἐλάβομεν== ἀλλὰ τὸ πνεῦμα τὸ ἐκ τοῦ θεοῦ	1corintios 2:11	C2	==ἔγνωκεν== εἰ μὴ τὸ πνεῦμα τοῦ θεοῦ	previous-verse-final-clause	low	suggested-cross-verse-candidate	function follows connector inventory; connector before first finite clause or source outside verse; target clause found but source clause unresolved; coordinating connector may continue previous verse; keep low confidence
1corintios	2	13	cn1	καὶ	coordinating	coordination	C1	ἃ καὶ ==λαλοῦμεν== οὐκ ἐν διδακτοῖς ἀνθρωπίνης σοφίας λόγοις ἀλλʼ ἐν διδακτοῖς πνεύματος πνευματικοῖς πνευματικὰ συγκρίνοντες	1corintios 2:12	C2	ἵνα ==εἰδῶμεν== τὰ ὑπὸ τοῦ θεοῦ χαρισθέντα ἡμῖν	previous-verse-final-clause	low	suggested-cross-verse-candidate	function follows connector inventory; connector before first finite clause or source outside verse; target clause found but source clause unresolved; coordinating connector may continue previous verse; keep low confidence
1corintios	2	14	cn1	δὲ	coordinating	coordination	C1	ψυχικὸς δὲ ἄνθρωπος οὐ ==δέχεται== τὰ τοῦ πνεύματος τοῦ θεοῦ μωρία γὰρ αὐτῷ	1corintios 2:13	C1	ἃ καὶ ==λαλοῦμεν== οὐκ ἐν διδακτοῖς ἀνθρωπίνης σοφίας λόγοις ἀλλʼ ἐν διδακτοῖς πνεύματος πνευματικοῖς πνευματικὰ συγκρίνοντες	previous-verse-final-clause	low	suggested-cross-verse-candidate	function follows connector inventory; connector before first finite clause or source outside verse; target clause found but source clause unresolved; coordinating connector may continue previous verse; keep low confidence
1corintios	2	15	cn1	δὲ	coordinating	coordination	C1	ὁ δὲ πνευματικὸς ==ἀνακρίνει== τὰ πάντα αὐτὸς δὲ ὑπʼ οὐδενὸς	1corintios 2:14	C4	==ἀνακρίνεται==	previous-verse-final-clause	low	suggested-cross-verse-candidate	function follows connector inventory; connector before first finite clause or source outside verse; target clause found but source clause unresolved; coordinating connector may continue previous verse; keep low confidence
1corintios	2	16	cn1	γὰρ	coordinating	cause/ground	C1	τίς γὰρ ==ἔγνω== νοῦν κυρίου ὃς	1corintios 2:15	C2	==ἀνακρίνεται==	previous-verse-final-clause	medium	suggested-cross-verse-candidate	function follows connector inventory; connector before first finite clause or source outside verse; target clause found but source clause unresolved; strong backward-looking relation; previous verse final clause available
1corintios	3	3	cn1	γὰρ	coordinating	cause/ground	C1	ἔτι γὰρ σαρκικοί ==ἐστε== ὅπου γὰρ ἐν ὑμῖν ζῆλος καὶ ἔρις οὐχὶ σαρκικοί	1corintios 3:2	C3	==δύνασθε==	previous-verse-final-clause	medium	suggested-cross-verse-candidate	function follows connector inventory; connector before first finite clause or source outside verse; target clause found but source clause unresolved; strong backward-looking relation; previous verse final clause available
1corintios	3	4	cn2	γὰρ	coordinating	cause/ground	C1	ὅταν γὰρ ==λέγῃ== τις ἐγὼ μέν	1corintios 3:3	C3	==περιπατεῖτε==	previous-verse-final-clause	medium	suggested-cross-verse-candidate	function follows connector inventory; connector before first finite clause or source outside verse; target clause found but source clause unresolved; strong backward-looking relation; previous verse final clause available
1corintios	3	5	cn1	οὖν	coordinating	inference	C1	τί οὖν ==ἐστιν== ἀπολλῶς τί	1corintios 3:4	C3	==ἐστε==	previous-verse-final-clause	medium	suggested-cross-verse-candidate	function follows connector inventory; connector before first finite clause or source outside verse; target clause found but source clause unresolved; strong backward-looking relation; previous verse final clause available
1corintios	3	7	cn1	ὥστε	subordinating	result/inference	C1	ὥστε οὔτε ὁ φυτεύων ==ἐστίν== τι οὔτε ὁ ποτίζων ἀλλʼ ὁ αὐξάνων θεός	1corintios 3:6	C3	==ηὔξανεν==	previous-verse-final-clause	medium	suggested-cross-verse-candidate	context-sensitive function; keep as suggested; target finite clause found; source not available in verse; target clause found but source clause unresolved; strong backward-looking relation; previous verse final clause available
1corintios	3	7	cn2	οὔτε	coordinating	negative coordination	C1	ὥστε οὔτε ὁ φυτεύων ==ἐστίν== τι οὔτε ὁ ποτίζων ἀλλʼ ὁ αὐξάνων θεός	1corintios 3:6	C3	==ηὔξανεν==	previous-verse-final-clause	low	suggested-cross-verse-candidate	function follows connector inventory; connector before first finite clause or source outside verse; target clause found but source clause unresolved; coordinating connector may continue previous verse; keep low confidence
1corintios	3	8	cn1	δὲ	coordinating	coordination	C1	ὁ φυτεύων δὲ καὶ ὁ ποτίζων ἕν ==εἰσιν== ἕκαστος δὲ τὸν ἴδιον μισθὸν	1corintios 3:7	C1	ὥστε οὔτε ὁ φυτεύων ==ἐστίν== τι οὔτε ὁ ποτίζων ἀλλʼ ὁ αὐξάνων θεός	previous-verse-final-clause	low	suggested-cross-verse-candidate	function follows connector inventory; connector before first finite clause or source outside verse; target clause found but source clause unresolved; coordinating connector may continue previous verse; keep low confidence
1corintios	3	8	cn2	καὶ	coordinating	coordination	C1	ὁ φυτεύων δὲ καὶ ὁ ποτίζων ἕν ==εἰσιν== ἕκαστος δὲ τὸν ἴδιον μισθὸν	1corintios 3:7	C1	ὥστε οὔτε ὁ φυτεύων ==ἐστίν== τι οὔτε ὁ ποτίζων ἀλλʼ ὁ αὐξάνων θεός	previous-verse-final-clause	low	suggested-cross-verse-candidate	function follows connector inventory; connector before first finite clause or source outside verse; target clause found but source clause unresolved; coordinating connector may continue previous verse; keep low confidence
1corintios	3	9	cn1	γάρ	coordinating	cause/ground	C1	θεοῦ γάρ ==ἐσμεν== συνεργοί θεοῦ γεώργιον θεοῦ οἰκοδομή	1corintios 3:8	C2	==λήμψεται== κατὰ τὸν ἴδιον κόπον	previous-verse-final-clause	medium	suggested-cross-verse-candidate	function follows connector inventory; connector before first finite clause or source outside verse; target clause found but source clause unresolved; strong backward-looking relation; previous verse final clause available
1corintios	3	10	cn1	ὡς	subordinating	comparison/manner	C1	κατὰ τὴν χάριν τοῦ θεοῦ τὴν δοθεῖσάν μοι ὡς σοφὸς ἀρχιτέκτων θεμέλιον ==ἔθηκα== ἄλλος	1corintios 3:9	C2	==ἐστε==	previous-verse-final-clause	low	suggested-cross-verse-candidate	context-sensitive function; keep as suggested; target finite clause found; source not available in verse; target clause found but source clause unresolved; possible cross-verse source; requires review
1corintios	3	11	cn1	γὰρ	coordinating	cause/ground	C1	θεμέλιον γὰρ ἄλλον οὐδεὶς ==δύναται== θεῖναι παρὰ τὸν κείμενον ὅς	1corintios 3:10	C4	==ἐποικοδομεῖ==	previous-verse-final-clause	medium	suggested-cross-verse-candidate	function follows connector inventory; connector before first finite clause or source outside verse; target clause found but source clause unresolved; strong backward-looking relation; previous verse final clause available
1corintios	3	12	cn1	εἰ	subordinating	condition	C1	εἰ δέ τις ==ἐποικοδομεῖ== ἐπὶ τὸν θεμέλιον χρυσόν ἄργυρον λίθους τιμίους ξύλα χόρτον καλάμην	1corintios 3:11	C2	==ἐστιν== ἰησοῦς χριστός	previous-verse-final-clause	low	suggested-cross-verse-candidate	function follows connector inventory; target finite clause found; source not available in verse; target clause found but source clause unresolved; possible cross-verse source; requires review
1corintios	3	12	cn2	δέ	coordinating	coordination	C1	εἰ δέ τις ==ἐποικοδομεῖ== ἐπὶ τὸν θεμέλιον χρυσόν ἄργυρον λίθους τιμίους ξύλα χόρτον καλάμην	1corintios 3:11	C2	==ἐστιν== ἰησοῦς χριστός	previous-verse-final-clause	low	suggested-cross-verse-candidate	function follows connector inventory; connector before first finite clause or source outside verse; target clause found but source clause unresolved; coordinating connector may continue previous verse; keep low confidence
1corintios	3	14	cn1	εἴ	subordinating	condition	C1	εἴ τινος τὸ ἔργον ==μενεῖ== ὃ	1corintios 3:13	C5	==δοκιμάσει==	previous-verse-final-clause	low	suggested-cross-verse-candidate	function follows connector inventory; target finite clause found; source not available in verse; target clause found but source clause unresolved; possible cross-verse source; requires review
1corintios	3	15	cn1	εἴ	subordinating	condition	C1	εἴ τινος τὸ ἔργον ==κατακαήσεται==	1corintios 3:14	C3	==λήμψεται==	previous-verse-final-clause	low	suggested-cross-verse-candidate	function follows connector inventory; target finite clause found; source not available in verse; target clause found but source clause unresolved; possible cross-verse source; requires review
1corintios	3	17	cn1	εἴ	subordinating	condition	C1	εἴ τις τὸν ναὸν τοῦ θεοῦ ==φθείρει==	1corintios 3:16	C3	==οἰκεῖ== ἐν ὑμῖν	previous-verse-final-clause	low	suggested-cross-verse-candidate	function follows connector inventory; target finite clause found; source not available in verse; target clause found but source clause unresolved; possible cross-verse source; requires review
1corintios	3	19	cn1	γὰρ	coordinating	cause/ground	C1	ἡ γὰρ σοφία τοῦ κόσμου τούτου μωρία παρὰ τῷ θεῷ ==ἐστιν==	1corintios 3:18	C4	ἵνα ==γένηται== σοφός	previous-verse-final-clause	medium	suggested-cross-verse-candidate	function follows connector inventory; connector before first finite clause or source outside verse; target clause found but source clause unresolved; strong backward-looking relation; previous verse final clause available
1corintios	3	20	cn1	καὶ	coordinating	coordination	C1	καὶ πάλιν κύριος ==γινώσκει== τοὺς διαλογισμοὺς τῶν σοφῶν	1corintios 3:19	C2	==γέγραπται== γάρ ὁ δρασσόμενος τοὺς σοφοὺς ἐν τῇ πανουργίᾳ αὐτῶν	previous-verse-final-clause	low	suggested-cross-verse-candidate	function follows connector inventory; connector before first finite clause or source outside verse; target clause found but source clause unresolved; coordinating connector may continue previous verse; keep low confidence
1corintios	3	21	cn1	ὥστε	subordinating	result/inference	C1	ὥστε μηδεὶς ==καυχάσθω== ἐν ἀνθρώποις πάντα γὰρ ὑμῶν	1corintios 3:20	C2	ὅτι ==εἰσὶν== μάταιοι	previous-verse-final-clause	medium	suggested-cross-verse-candidate	context-sensitive function; keep as suggested; target finite clause found; source not available in verse; target clause found but source clause unresolved; strong backward-looking relation; previous verse final clause available
1corintios	4	3	cn1	δὲ	coordinating	coordination	C1	ἐμοὶ δὲ εἰς ἐλάχιστόν ==ἐστιν== ἵνα ὑφʼ ὑμῶν	1corintios 4:2	C2	==εὑρεθῇ==	previous-verse-final-clause	low	suggested-cross-verse-candidate	function follows connector inventory; connector before first finite clause or source outside verse; target clause found but source clause unresolved; coordinating connector may continue previous verse; keep low confidence
1corintios	4	4	cn1	γὰρ	coordinating	cause/ground	C1	οὐδὲν γὰρ ἐμαυτῷ ==σύνοιδα== ἀλλʼ οὐκ ἐν τούτῳ	1corintios 4:3	C3	==ἀνακρίνω==	previous-verse-final-clause	medium	suggested-cross-verse-candidate	function follows connector inventory; connector before first finite clause or source outside verse; target clause found but source clause unresolved; strong backward-looking relation; previous verse final clause available
1corintios	4	5	cn1	ὥστε	subordinating	result/inference	C1	ὥστε μὴ πρὸ καιροῦ τι ==κρίνετε== ἕως ἂν	1corintios 4:4	C3	==ἐστιν==	previous-verse-final-clause	medium	suggested-cross-verse-candidate	context-sensitive function; keep as suggested; target finite clause found; source not available in verse; target clause found but source clause unresolved; strong backward-looking relation; previous verse final clause available
1corintios	4	6	cn1	δέ	coordinating	coordination	C1	ταῦτα δέ ἀδελφοί ==μετεσχημάτισα== εἰς ἐμαυτὸν καὶ ἀπολλῶν διʼ ὑμᾶς ἵνα ἐν ἡμῖν	1corintios 4:5	C5	==γενήσεται== ἑκάστῳ ἀπὸ τοῦ θεοῦ	previous-verse-final-clause	low	suggested-cross-verse-candidate	function follows connector inventory; connector before first finite clause or source outside verse; target clause found but source clause unresolved; coordinating connector may continue previous verse; keep low confidence
1corintios	4	7	cn1	γάρ	coordinating	cause/ground	C1	τίς γάρ σε ==διακρίνει== τί	1corintios 4:6	C4	==φυσιοῦσθε== κατὰ τοῦ ἑτέρου	previous-verse-final-clause	medium	suggested-cross-verse-candidate	function follows connector inventory; connector before first finite clause or source outside verse; target clause found but source clause unresolved; strong backward-looking relation; previous verse final clause available
1corintios	4	11	cn1	καὶ	coordinating	coordination	C1	ἄχρι τῆς ἄρτι ὥρας καὶ ==πεινῶμεν==	1corintios 4:9	C3	==ἐγενήθημεν== τῷ κόσμῳ καὶ ἀγγέλοις καὶ ἀνθρώποις	previous-verse-final-clause	low	suggested-cross-verse-candidate	function follows connector inventory; connector before first finite clause or source outside verse; target clause found but source clause unresolved; coordinating connector may continue previous verse; keep low confidence
1corintios	4	12	cn1	καὶ	coordinating	coordination	C1	καὶ ==κοπιῶμεν== ἐργαζόμενοι ταῖς ἰδίαις χερσίν λοιδορούμενοι	1corintios 4:11	C5	καὶ ==ἀστατοῦμεν==	previous-verse-final-clause	low	suggested-cross-verse-candidate	function follows connector inventory; connector before first finite clause or source outside verse; target clause found but source clause unresolved; coordinating connector may continue previous verse; keep low confidence
1corintios	4	15	cn1	ἐὰν	subordinating	condition	C1	ἐὰν γὰρ μυρίους παιδαγωγοὺς ==ἔχητε== ἐν χριστῷ ἀλλʼ οὐ πολλοὺς πατέρας ἐν γὰρ χριστῷ ἰησοῦ διὰ τοῦ εὐαγγελίου ἐγὼ ὑμᾶς	1corintios 4:14	C1	οὐκ ἐντρέπων ὑμᾶς ==γράφω== ταῦτα ἀλλʼ ὡς τέκνα μου ἀγαπητὰ νουθετῶν	previous-verse-final-clause	low	suggested-cross-verse-candidate	function follows connector inventory; target finite clause found; source not available in verse; target clause found but source clause unresolved; possible cross-verse source; requires review
1corintios	4	15	cn2	γὰρ	coordinating	cause/ground	C1	ἐὰν γὰρ μυρίους παιδαγωγοὺς ==ἔχητε== ἐν χριστῷ ἀλλʼ οὐ πολλοὺς πατέρας ἐν γὰρ χριστῷ ἰησοῦ διὰ τοῦ εὐαγγελίου ἐγὼ ὑμᾶς	1corintios 4:14	C1	οὐκ ἐντρέπων ὑμᾶς ==γράφω== ταῦτα ἀλλʼ ὡς τέκνα μου ἀγαπητὰ νουθετῶν	previous-verse-final-clause	medium	suggested-cross-verse-candidate	function follows connector inventory; connector before first finite clause or source outside verse; target clause found but source clause unresolved; strong backward-looking relation; previous verse final clause available
1corintios	4	18	cn1	ὡς	subordinating	comparison/manner	C1	ὡς μὴ ἐρχομένου δέ μου πρὸς ὑμᾶς ==ἐφυσιώθησάν== τινες	1corintios 4:17	C4	==διδάσκω==	previous-verse-final-clause	low	suggested-cross-verse-candidate	context-sensitive function; keep as suggested; target finite clause found; source not available in verse; target clause found but source clause unresolved; possible cross-verse source; requires review
1corintios	4	18	cn3	δέ	coordinating	coordination	C1	ὡς μὴ ἐρχομένου δέ μου πρὸς ὑμᾶς ==ἐφυσιώθησάν== τινες	1corintios 4:17	C4	==διδάσκω==	previous-verse-final-clause	low	suggested-cross-verse-candidate	function follows connector inventory; connector before first finite clause or source outside verse; target clause found but source clause unresolved; coordinating connector may continue previous verse; keep low confidence
1corintios	5	2	cn1	καὶ	coordinating	coordination	C1	καὶ ὑμεῖς πεφυσιωμένοι ==ἐστέ== καὶ οὐχὶ μᾶλλον	1corintios 5:1	C1	ὅλως ==ἀκούεται== ἐν ὑμῖν πορνεία καὶ τοιαύτη πορνεία ἥτις οὐδὲ ἐν τοῖς ἔθνεσιν ὥστε γυναῖκά τινα τοῦ πατρὸς ἔχειν	previous-verse-final-clause	low	suggested-cross-verse-candidate	function follows connector inventory; connector before first finite clause or source outside verse; target clause found but source clause unresolved; coordinating connector may continue previous verse; keep low confidence
1corintios	5	3	cn1	γάρ	coordinating	cause/ground	C1	ἐγὼ μὲν γάρ ἀπὼν τῷ σώματι παρὼν δὲ τῷ πνεύματι ἤδη ==κέκρικα== ὡς παρὼν τὸν οὕτως τοῦτο κατεργασάμενον	1corintios 5:2	C3	ἵνα ==ἀρθῇ== ἐκ μέσου ὑμῶν ὁ τὸ ἔργον τοῦτο ποιήσας	previous-verse-final-clause	medium	suggested-cross-verse-candidate	function follows connector inventory; connector before first finite clause or source outside verse; target clause found but source clause unresolved; strong backward-looking relation; previous verse final clause available
1corintios	5	3	cn2	δὲ	coordinating	coordination	C1	ἐγὼ μὲν γάρ ἀπὼν τῷ σώματι παρὼν δὲ τῷ πνεύματι ἤδη ==κέκρικα== ὡς παρὼν τὸν οὕτως τοῦτο κατεργασάμενον	1corintios 5:2	C3	ἵνα ==ἀρθῇ== ἐκ μέσου ὑμῶν ὁ τὸ ἔργον τοῦτο ποιήσας	previous-verse-final-clause	low	suggested-cross-verse-candidate	function follows connector inventory; connector before first finite clause or source outside verse; target clause found but source clause unresolved; coordinating connector may continue previous verse; keep low confidence
1corintios	5	5	cn1	ἵνα	subordinating	purpose/result	C1	παραδοῦναι τὸν τοιοῦτον τῷ σατανᾷ εἰς ὄλεθρον τῆς σαρκός ἵνα τὸ πνεῦμα ==σωθῇ== ἐν τῇ ἡμέρᾳ τοῦ κυρίου	1corintios 5:3	C1	ἐγὼ μὲν γάρ ἀπὼν τῷ σώματι παρὼν δὲ τῷ πνεύματι ἤδη ==κέκρικα== ὡς παρὼν τὸν οὕτως τοῦτο κατεργασάμενον	previous-verse-final-clause	low	suggested-cross-verse-candidate	context-sensitive function; keep as suggested; target finite clause found; source not available in verse; target clause found but source clause unresolved; possible cross-verse source; requires review
1corintios	5	8	cn1	ὥστε	subordinating	result/inference	C1	ὥστε ==ἑορτάζωμεν== μὴ ἐν ζύμῃ παλαιᾷ μηδὲ ἐν ζύμῃ κακίας καὶ πονηρίας ἀλλʼ ἐν ἀζύμοις εἰλικρινείας καὶ ἀληθείας	1corintios 5:7	C4	==ἐτύθη== χριστός	previous-verse-final-clause	medium	suggested-cross-verse-candidate	context-sensitive function; keep as suggested; target finite clause found; source not available in verse; target clause found but source clause unresolved; strong backward-looking relation; previous verse final clause available
1corintios	5	10	cn2	ἢ	coordinating	alternative/comparison	C1	οὐ πάντως τοῖς πόρνοις τοῦ κόσμου τούτου ἢ τοῖς πλεονέκταις καὶ ἅρπαξιν ἢ εἰδωλολάτραις ἐπεὶ ==ὠφείλετε== ἄρα ἐκ τοῦ κόσμου ἐξελθεῖν	1corintios 5:9	C1	==ἔγραψα== ὑμῖν ἐν τῇ ἐπιστολῇ μὴ συναναμίγνυσθαι πόρνοις	previous-verse-final-clause	low	suggested-cross-verse-candidate	context-sensitive function; keep as suggested; connector before first finite clause or source outside verse; target clause found but source clause unresolved; coordinating connector may continue previous verse; keep low confidence
1corintios	5	10	cn3	καὶ	coordinating	coordination	C1	οὐ πάντως τοῖς πόρνοις τοῦ κόσμου τούτου ἢ τοῖς πλεονέκταις καὶ ἅρπαξιν ἢ εἰδωλολάτραις ἐπεὶ ==ὠφείλετε== ἄρα ἐκ τοῦ κόσμου ἐξελθεῖν	1corintios 5:9	C1	==ἔγραψα== ὑμῖν ἐν τῇ ἐπιστολῇ μὴ συναναμίγνυσθαι πόρνοις	previous-verse-final-clause	low	suggested-cross-verse-candidate	function follows connector inventory; connector before first finite clause or source outside verse; target clause found but source clause unresolved; coordinating connector may continue previous verse; keep low confidence
1corintios	5	10	cn4	ἢ	coordinating	alternative/comparison	C1	οὐ πάντως τοῖς πόρνοις τοῦ κόσμου τούτου ἢ τοῖς πλεονέκταις καὶ ἅρπαξιν ἢ εἰδωλολάτραις ἐπεὶ ==ὠφείλετε== ἄρα ἐκ τοῦ κόσμου ἐξελθεῖν	1corintios 5:9	C1	==ἔγραψα== ὑμῖν ἐν τῇ ἐπιστολῇ μὴ συναναμίγνυσθαι πόρνοις	previous-verse-final-clause	low	suggested-cross-verse-candidate	context-sensitive function; keep as suggested; connector before first finite clause or source outside verse; target clause found but source clause unresolved; coordinating connector may continue previous verse; keep low confidence
1corintios	5	11	cn1	δὲ	coordinating	coordination	C1	νῦν δὲ ==ἔγραψα== ὑμῖν μὴ συναναμίγνυσθαι ἐάν τις ἀδελφὸς ὀνομαζόμενος	1corintios 5:10	C1	οὐ πάντως τοῖς πόρνοις τοῦ κόσμου τούτου ἢ τοῖς πλεονέκταις καὶ ἅρπαξιν ἢ εἰδωλολάτραις ἐπεὶ ==ὠφείλετε== ἄρα ἐκ τοῦ κόσμου ἐξελθεῖν	previous-verse-final-clause	low	suggested-cross-verse-candidate	function follows connector inventory; connector before first finite clause or source outside verse; target clause found but source clause unresolved; coordinating connector may continue previous verse; keep low confidence
1corintios	5	12	cn1	γάρ	coordinating	cause/ground	C1	τί γάρ μοι τοὺς ἔξω κρίνειν οὐχὶ τοὺς ἔσω ὑμεῖς ==κρίνετε==	1corintios 5:11	C2	==ᾖ== πόρνος ἢ πλεονέκτης ἢ εἰδωλολάτρης ἢ λοίδορος ἢ μέθυσος ἢ ἅρπαξ τῷ τοιούτῳ μηδὲ συνεσθίειν	previous-verse-final-clause	medium	suggested-cross-verse-candidate	function follows connector inventory; connector before first finite clause or source outside verse; target clause found but source clause unresolved; strong backward-looking relation; previous verse final clause available
1corintios	5	13	cn1	δὲ	coordinating	coordination	C1	τοὺς δὲ ἔξω ὁ θεὸς ==κρίνει;==	1corintios 5:12	C1	τί γάρ μοι τοὺς ἔξω κρίνειν οὐχὶ τοὺς ἔσω ὑμεῖς ==κρίνετε==	previous-verse-final-clause	low	suggested-cross-verse-candidate	function follows connector inventory; connector before first finite clause or source outside verse; target clause found but source clause unresolved; coordinating connector may continue previous verse; keep low confidence
1corintios	6	2	cn1	ἢ	coordinating	alternative/comparison	C1	ἢ οὐκ ==οἴδατε== ὅτι οἱ ἅγιοι τὸν κόσμον	1corintios 6:1	C1	==τολμᾷ== τις ὑμῶν πρᾶγμα ἔχων πρὸς τὸν ἕτερον κρίνεσθαι ἐπὶ τῶν ἀδίκων καὶ οὐχὶ ἐπὶ τῶν ἁγίων	previous-verse-final-clause	low	suggested-cross-verse-candidate	context-sensitive function; keep as suggested; connector before first finite clause or source outside verse; target clause found but source clause unresolved; coordinating connector may continue previous verse; keep low confidence
1corintios	6	4	cn1	οὖν	coordinating	inference	C1	βιωτικὰ μὲν οὖν κριτήρια ἐὰν ==ἔχητε== τοὺς ἐξουθενημένους ἐν τῇ ἐκκλησίᾳ τούτους	1corintios 6:3	C2	==κρινοῦμεν== μήτιγε βιωτικά	previous-verse-final-clause	medium	suggested-cross-verse-candidate	function follows connector inventory; connector before first finite clause or source outside verse; target clause found but source clause unresolved; strong backward-looking relation; previous verse final clause available
1corintios	6	4	cn2	ἐὰν	subordinating	condition	C1	βιωτικὰ μὲν οὖν κριτήρια ἐὰν ==ἔχητε== τοὺς ἐξουθενημένους ἐν τῇ ἐκκλησίᾳ τούτους	1corintios 6:3	C2	==κρινοῦμεν== μήτιγε βιωτικά	previous-verse-final-clause	low	suggested-cross-verse-candidate	function follows connector inventory; target finite clause found; source not available in verse; target clause found but source clause unresolved; possible cross-verse source; requires review
1corintios	6	6	cn1	ἀλλὰ	coordinating	contrast	C1	ἀλλὰ ἀδελφὸς μετὰ ἀδελφοῦ ==κρίνεται== καὶ τοῦτο ἐπὶ ἀπίστων	1corintios 6:5	C3	==δυνήσεται== διακρῖναι ἀνὰ μέσον τοῦ ἀδελφοῦ αὐτοῦ	previous-verse-final-clause	medium	suggested-cross-verse-candidate	function follows connector inventory; connector before first finite clause or source outside verse; target clause found but source clause unresolved; strong backward-looking relation; previous verse final clause available
1corintios	6	7	cn1	οὖν	coordinating	inference	C1	ἤδη μὲν οὖν ὅλως ἥττημα ὑμῖν ==ἐστιν== ὅτι κρίματα	1corintios 6:6	C1	ἀλλὰ ἀδελφὸς μετὰ ἀδελφοῦ ==κρίνεται== καὶ τοῦτο ἐπὶ ἀπίστων	previous-verse-final-clause	medium	suggested-cross-verse-candidate	function follows connector inventory; connector before first finite clause or source outside verse; target clause found but source clause unresolved; strong backward-looking relation; previous verse final clause available
1corintios	6	8	cn1	ἀλλὰ	coordinating	contrast	C1	ἀλλὰ ὑμεῖς ==ἀδικεῖτε==	1corintios 6:7	C4	==ἀποστερεῖσθε==	previous-verse-final-clause	medium	suggested-cross-verse-candidate	function follows connector inventory; connector before first finite clause or source outside verse; target clause found but source clause unresolved; strong backward-looking relation; previous verse final clause available
1corintios	6	9	cn1	ἢ	coordinating	alternative/comparison	C1	ἢ οὐκ ==οἴδατε== ὅτι ἄδικοι θεοῦ βασιλείαν	1corintios 6:8	C2	καὶ ==ἀποστερεῖτε== καὶ τοῦτο ἀδελφούς	previous-verse-final-clause	low	suggested-cross-verse-candidate	context-sensitive function; keep as suggested; connector before first finite clause or source outside verse; target clause found but source clause unresolved; coordinating connector may continue previous verse; keep low confidence
1corintios	6	10	cn1	οὔτε	coordinating	negative coordination	C1	οὔτε κλέπται οὔτε πλεονέκται οὐ μέθυσοι οὐ λοίδοροι οὐχ ἅρπαγες βασιλείαν θεοῦ ==κληρονομήσουσιν==	1corintios 6:9	C3	μὴ ==πλανᾶσθε== οὔτε πόρνοι οὔτε εἰδωλολάτραι οὔτε μοιχοὶ οὔτε μαλακοὶ οὔτε ἀρσενοκοῖται	previous-verse-final-clause	low	suggested-cross-verse-candidate	function follows connector inventory; connector before first finite clause or source outside verse; target clause found but source clause unresolved; coordinating connector may continue previous verse; keep low confidence
1corintios	6	10	cn2	οὔτε	coordinating	negative coordination	C1	οὔτε κλέπται οὔτε πλεονέκται οὐ μέθυσοι οὐ λοίδοροι οὐχ ἅρπαγες βασιλείαν θεοῦ ==κληρονομήσουσιν==	1corintios 6:9	C3	μὴ ==πλανᾶσθε== οὔτε πόρνοι οὔτε εἰδωλολάτραι οὔτε μοιχοὶ οὔτε μαλακοὶ οὔτε ἀρσενοκοῖται	previous-verse-final-clause	low	suggested-cross-verse-candidate	function follows connector inventory; connector before first finite clause or source outside verse; target clause found but source clause unresolved; coordinating connector may continue previous verse; keep low confidence
1corintios	6	11	cn1	καὶ	coordinating	coordination	C1	καὶ ταῦτά τινες ==ἦτε==	1corintios 6:10	C1	οὔτε κλέπται οὔτε πλεονέκται οὐ μέθυσοι οὐ λοίδοροι οὐχ ἅρπαγες βασιλείαν θεοῦ ==κληρονομήσουσιν==	previous-verse-final-clause	low	suggested-cross-verse-candidate	function follows connector inventory; connector before first finite clause or source outside verse; target clause found but source clause unresolved; coordinating connector may continue previous verse; keep low confidence
1corintios	6	13	cn1	καὶ	coordinating	coordination	C1	τὰ βρώματα τῇ κοιλίᾳ καὶ ἡ κοιλία τοῖς βρώμασιν ὁ δὲ θεὸς καὶ ταύτην καὶ ταῦτα ==καταργήσει== τὸ δὲ σῶμα οὐ τῇ πορνείᾳ ἀλλὰ τῷ κυρίῳ καὶ ὁ κύριος τῷ σώματι	1corintios 6:12	C4	==ἐξουσιασθήσομαι== ὑπό τινος	previous-verse-final-clause	low	suggested-cross-verse-candidate	function follows connector inventory; connector before first finite clause or source outside verse; target clause found but source clause unresolved; coordinating connector may continue previous verse; keep low confidence
1corintios	6	13	cn2	δὲ	coordinating	coordination	C1	τὰ βρώματα τῇ κοιλίᾳ καὶ ἡ κοιλία τοῖς βρώμασιν ὁ δὲ θεὸς καὶ ταύτην καὶ ταῦτα ==καταργήσει== τὸ δὲ σῶμα οὐ τῇ πορνείᾳ ἀλλὰ τῷ κυρίῳ καὶ ὁ κύριος τῷ σώματι	1corintios 6:12	C4	==ἐξουσιασθήσομαι== ὑπό τινος	previous-verse-final-clause	low	suggested-cross-verse-candidate	function follows connector inventory; connector before first finite clause or source outside verse; target clause found but source clause unresolved; coordinating connector may continue previous verse; keep low confidence
1corintios	6	13	cn3	καὶ	coordinating	coordination	C1	τὰ βρώματα τῇ κοιλίᾳ καὶ ἡ κοιλία τοῖς βρώμασιν ὁ δὲ θεὸς καὶ ταύτην καὶ ταῦτα ==καταργήσει== τὸ δὲ σῶμα οὐ τῇ πορνείᾳ ἀλλὰ τῷ κυρίῳ καὶ ὁ κύριος τῷ σώματι	1corintios 6:12	C4	==ἐξουσιασθήσομαι== ὑπό τινος	previous-verse-final-clause	low	suggested-cross-verse-candidate	function follows connector inventory; connector before first finite clause or source outside verse; target clause found but source clause unresolved; coordinating connector may continue previous verse; keep low confidence
1corintios	6	13	cn4	καὶ	coordinating	coordination	C1	τὰ βρώματα τῇ κοιλίᾳ καὶ ἡ κοιλία τοῖς βρώμασιν ὁ δὲ θεὸς καὶ ταύτην καὶ ταῦτα ==καταργήσει== τὸ δὲ σῶμα οὐ τῇ πορνείᾳ ἀλλὰ τῷ κυρίῳ καὶ ὁ κύριος τῷ σώματι	1corintios 6:12	C4	==ἐξουσιασθήσομαι== ὑπό τινος	previous-verse-final-clause	low	suggested-cross-verse-candidate	function follows connector inventory; connector before first finite clause or source outside verse; target clause found but source clause unresolved; coordinating connector may continue previous verse; keep low confidence
1corintios	6	14	cn1	δὲ	coordinating	coordination	C1	ὁ δὲ θεὸς καὶ τὸν κύριον ==ἤγειρεν== καὶ ἡμᾶς	1corintios 6:13	C1	τὰ βρώματα τῇ κοιλίᾳ καὶ ἡ κοιλία τοῖς βρώμασιν ὁ δὲ θεὸς καὶ ταύτην καὶ ταῦτα ==καταργήσει== τὸ δὲ σῶμα οὐ τῇ πορνείᾳ ἀλλὰ τῷ κυρίῳ καὶ ὁ κύριος τῷ σώματι	previous-verse-final-clause	low	suggested-cross-verse-candidate	function follows connector inventory; connector before first finite clause or source outside verse; target clause found but source clause unresolved; coordinating connector may continue previous verse; keep low confidence
1corintios	6	14	cn2	καὶ	coordinating	coordination	C1	ὁ δὲ θεὸς καὶ τὸν κύριον ==ἤγειρεν== καὶ ἡμᾶς	1corintios 6:13	C1	τὰ βρώματα τῇ κοιλίᾳ καὶ ἡ κοιλία τοῖς βρώμασιν ὁ δὲ θεὸς καὶ ταύτην καὶ ταῦτα ==καταργήσει== τὸ δὲ σῶμα οὐ τῇ πορνείᾳ ἀλλὰ τῷ κυρίῳ καὶ ὁ κύριος τῷ σώματι	previous-verse-final-clause	low	suggested-cross-verse-candidate	function follows connector inventory; connector before first finite clause or source outside verse; target clause found but source clause unresolved; coordinating connector may continue previous verse; keep low confidence
1corintios	6	16	cn1	ἢ	coordinating	alternative/comparison	C1	ἢ οὐκ ==οἴδατε== ὅτι ὁ κολλώμενος τῇ πόρνῃ ἓν σῶμά	1corintios 6:15	C3	==ποιήσω== πόρνης μέλη μὴ γένοιτο	previous-verse-final-clause	low	suggested-cross-verse-candidate	context-sensitive function; keep as suggested; connector before first finite clause or source outside verse; target clause found but source clause unresolved; coordinating connector may continue previous verse; keep low confidence
1corintios	6	17	cn1	δὲ	coordinating	coordination	C1	ὁ δὲ κολλώμενος τῷ κυρίῳ ἓν πνεῦμά ==ἐστιν==	1corintios 6:16	C4	==φησίν== οἱ δύο εἰς σάρκα μίαν	previous-verse-final-clause	low	suggested-cross-verse-candidate	function follows connector inventory; connector before first finite clause or source outside verse; target clause found but source clause unresolved; coordinating connector may continue previous verse; keep low confidence
1corintios	6	19	cn1	ἢ	coordinating	alternative/comparison	C1	ἢ οὐκ ==οἴδατε== ὅτι τὸ σῶμα ὑμῶν ναὸς τοῦ ἐν ὑμῖν ἁγίου πνεύματός	1corintios 6:18	C4	==ἁμαρτάνει==	previous-verse-final-clause	low	suggested-cross-verse-candidate	context-sensitive function; keep as suggested; connector before first finite clause or source outside verse; target clause found but source clause unresolved; coordinating connector may continue previous verse; keep low confidence
1corintios	7	1	cn1	δὲ	coordinating	coordination	C1	περὶ δὲ ὧν ==ἐγράψατε== καλὸν ἀνθρώπῳ γυναικὸς μὴ ἅπτεσθαι	1corintios 6:20	C2	==δοξάσατε== δὴ τὸν θεὸν ἐν τῷ σώματι ὑμῶν	previous-verse-final-clause	low	suggested-cross-verse-candidate	function follows connector inventory; connector before first finite clause or source outside verse; target clause found but source clause unresolved; coordinating connector may continue previous verse; keep low confidence
1corintios	7	2	cn1	δὲ	coordinating	coordination	C1	διὰ δὲ τὰς πορνείας ἕκαστος τὴν ἑαυτοῦ γυναῖκα ==ἐχέτω== καὶ ἑκάστη τὸν ἴδιον ἄνδρα	1corintios 7:1	C1	περὶ δὲ ὧν ==ἐγράψατε== καλὸν ἀνθρώπῳ γυναικὸς μὴ ἅπτεσθαι	previous-verse-final-clause	low	suggested-cross-verse-candidate	function follows connector inventory; connector before first finite clause or source outside verse; target clause found but source clause unresolved; coordinating connector may continue previous verse; keep low confidence
1corintios	7	6	cn1	δὲ	coordinating	coordination	C1	Τοῦτο δὲ ==λέγω== κατὰ συγγνώμην οὐ κατʼ ἐπιταγήν	1corintios 7:5	C4	ἵνα μὴ ==πειράζῃ== ὑμᾶς ὁ σατανᾶς διὰ τὴν ἀκρασίαν ὑμῶν	previous-verse-final-clause	low	suggested-cross-verse-candidate	function follows connector inventory; connector before first finite clause or source outside verse; target clause found but source clause unresolved; coordinating connector may continue previous verse; keep low confidence
1corintios	7	9	cn1	εἰ	subordinating	condition	C1	εἰ δὲ οὐκ ==ἐγκρατεύονται==	1corintios 7:8	C2	ἐὰν ==μείνωσιν== ὡς κἀγώ	previous-verse-final-clause	low	suggested-cross-verse-candidate	function follows connector inventory; target finite clause found; source not available in verse; target clause found but source clause unresolved; possible cross-verse source; requires review
1corintios	7	9	cn2	δὲ	coordinating	coordination	C1	εἰ δὲ οὐκ ==ἐγκρατεύονται==	1corintios 7:8	C2	ἐὰν ==μείνωσιν== ὡς κἀγώ	previous-verse-final-clause	low	suggested-cross-verse-candidate	function follows connector inventory; connector before first finite clause or source outside verse; target clause found but source clause unresolved; coordinating connector may continue previous verse; keep low confidence
1corintios	7	10	cn1	δὲ	coordinating	coordination	C1	τοῖς δὲ γεγαμηκόσιν ==παραγγέλλω== οὐκ ἐγὼ ἀλλὰ ὁ κύριος γυναῖκα ἀπὸ ἀνδρὸς μὴ χωρισθῆναι—	1corintios 7:9	C3	==ἐστιν== γαμῆσαι ἢ πυροῦσθαι	previous-verse-final-clause	low	suggested-cross-verse-candidate	function follows connector inventory; connector before first finite clause or source outside verse; target clause found but source clause unresolved; coordinating connector may continue previous verse; keep low confidence
1corintios	7	11	cn1	ἐὰν	subordinating	condition	C1	ἐὰν δὲ καὶ ==χωρισθῇ==	1corintios 7:10	C1	τοῖς δὲ γεγαμηκόσιν ==παραγγέλλω== οὐκ ἐγὼ ἀλλὰ ὁ κύριος γυναῖκα ἀπὸ ἀνδρὸς μὴ χωρισθῆναι—	previous-verse-final-clause	low	suggested-cross-verse-candidate	function follows connector inventory; target finite clause found; source not available in verse; target clause found but source clause unresolved; possible cross-verse source; requires review
1corintios	7	11	cn2	δὲ	coordinating	coordination	C1	ἐὰν δὲ καὶ ==χωρισθῇ==	1corintios 7:10	C1	τοῖς δὲ γεγαμηκόσιν ==παραγγέλλω== οὐκ ἐγὼ ἀλλὰ ὁ κύριος γυναῖκα ἀπὸ ἀνδρὸς μὴ χωρισθῆναι—	previous-verse-final-clause	low	suggested-cross-verse-candidate	function follows connector inventory; connector before first finite clause or source outside verse; target clause found but source clause unresolved; coordinating connector may continue previous verse; keep low confidence
1corintios	7	11	cn3	καὶ	coordinating	coordination	C1	ἐὰν δὲ καὶ ==χωρισθῇ==	1corintios 7:10	C1	τοῖς δὲ γεγαμηκόσιν ==παραγγέλλω== οὐκ ἐγὼ ἀλλὰ ὁ κύριος γυναῖκα ἀπὸ ἀνδρὸς μὴ χωρισθῆναι—	previous-verse-final-clause	low	suggested-cross-verse-candidate	function follows connector inventory; connector before first finite clause or source outside verse; target clause found but source clause unresolved; coordinating connector may continue previous verse; keep low confidence
1corintios	7	12	cn1	δὲ	coordinating	coordination	C1	Τοῖς δὲ λοιποῖς ==λέγω== ἐγώ οὐχ ὁ κύριος εἴ τις ἀδελφὸς γυναῖκα	1corintios 7:11	C3	==καταλλαγήτω—== καὶ ἄνδρα γυναῖκα μὴ ἀφιέναι	previous-verse-final-clause	low	suggested-cross-verse-candidate	function follows connector inventory; connector before first finite clause or source outside verse; target clause found but source clause unresolved; coordinating connector may continue previous verse; keep low confidence
1corintios	7	13	cn1	καὶ	coordinating	coordination	C1	καὶ γυνὴ εἴ τις ==ἔχει== ἄνδρα ἄπιστον καὶ οὗτος	1corintios 7:12	C4	μὴ ==ἀφιέτω== αὐτήν	previous-verse-final-clause	low	suggested-cross-verse-candidate	function follows connector inventory; connector before first finite clause or source outside verse; target clause found but source clause unresolved; coordinating connector may continue previous verse; keep low confidence
1corintios	7	13	cn2	εἴ	subordinating	condition	C1	καὶ γυνὴ εἴ τις ==ἔχει== ἄνδρα ἄπιστον καὶ οὗτος	1corintios 7:12	C4	μὴ ==ἀφιέτω== αὐτήν	previous-verse-final-clause	low	suggested-cross-verse-candidate	function follows connector inventory; target finite clause found; source not available in verse; target clause found but source clause unresolved; possible cross-verse source; requires review
1corintios	7	15	cn1	εἰ	subordinating	condition	C1	εἰ δὲ ὁ ἄπιστος ==χωρίζεται==	1corintios 7:14	C4	==ἐστιν==	previous-verse-final-clause	low	suggested-cross-verse-candidate	function follows connector inventory; target finite clause found; source not available in verse; target clause found but source clause unresolved; possible cross-verse source; requires review
1corintios	7	15	cn2	δὲ	coordinating	coordination	C1	εἰ δὲ ὁ ἄπιστος ==χωρίζεται==	1corintios 7:14	C4	==ἐστιν==	previous-verse-final-clause	low	suggested-cross-verse-candidate	function follows connector inventory; connector before first finite clause or source outside verse; target clause found but source clause unresolved; coordinating connector may continue previous verse; keep low confidence
1corintios	7	16	cn1	γὰρ	coordinating	cause/ground	C1	τί γὰρ ==οἶδας== γύναι εἰ τὸν ἄνδρα	1corintios 7:15	C4	==κέκληκεν== ἡμᾶς ὁ θεός	previous-verse-final-clause	medium	suggested-cross-verse-candidate	function follows connector inventory; connector before first finite clause or source outside verse; target clause found but source clause unresolved; strong backward-looking relation; previous verse final clause available
1corintios	7	17	cn1	εἰ	subordinating	condition	C1	εἰ μὴ ἑκάστῳ ὡς ==ἐμέρισεν== ὁ κύριος ἕκαστον	1corintios 7:16	C4	==σώσεις==	previous-verse-final-clause	low	suggested-cross-verse-candidate	function follows connector inventory; target finite clause found; source not available in verse; target clause found but source clause unresolved; possible cross-verse source; requires review
1corintios	7	17	cn3	ὡς	subordinating	comparison/manner	C1	εἰ μὴ ἑκάστῳ ὡς ==ἐμέρισεν== ὁ κύριος ἕκαστον	1corintios 7:16	C4	==σώσεις==	previous-verse-final-clause	low	suggested-cross-verse-candidate	context-sensitive function; keep as suggested; target finite clause found; source not available in verse; target clause found but source clause unresolved; possible cross-verse source; requires review
1corintios	7	22	cn1	γὰρ	coordinating	cause/ground	C1	ὁ γὰρ ἐν κυρίῳ κληθεὶς δοῦλος ἀπελεύθερος κυρίου ==ἐστίν== ὁμοίως ὁ ἐλεύθερος κληθεὶς δοῦλός	1corintios 7:21	C4	==χρῆσαι==	previous-verse-final-clause	medium	suggested-cross-verse-candidate	function follows connector inventory; connector before first finite clause or source outside verse; target clause found but source clause unresolved; strong backward-looking relation; previous verse final clause available
1corintios	7	25	cn1	δὲ	coordinating	coordination	C1	περὶ δὲ τῶν παρθένων ἐπιταγὴν κυρίου οὐκ ==ἔχω== γνώμην	1corintios 7:24	C2	==μενέτω== παρὰ θεῷ	previous-verse-final-clause	low	suggested-cross-verse-candidate	function follows connector inventory; connector before first finite clause or source outside verse; target clause found but source clause unresolved; coordinating connector may continue previous verse; keep low confidence
1corintios	7	28	cn1	ἐὰν	subordinating	condition	C1	ἐὰν δὲ καὶ ==γαμήσῃς==	1corintios 7:27	C4	μὴ ==ζήτει== γυναῖκα	previous-verse-final-clause	low	suggested-cross-verse-candidate	function follows connector inventory; target finite clause found; source not available in verse; target clause found but source clause unresolved; possible cross-verse source; requires review
1corintios	7	28	cn2	δὲ	coordinating	coordination	C1	ἐὰν δὲ καὶ ==γαμήσῃς==	1corintios 7:27	C4	μὴ ==ζήτει== γυναῖκα	previous-verse-final-clause	low	suggested-cross-verse-candidate	function follows connector inventory; connector before first finite clause or source outside verse; target clause found but source clause unresolved; coordinating connector may continue previous verse; keep low confidence
1corintios	7	28	cn3	καὶ	coordinating	coordination	C1	ἐὰν δὲ καὶ ==γαμήσῃς==	1corintios 7:27	C4	μὴ ==ζήτει== γυναῖκα	previous-verse-final-clause	low	suggested-cross-verse-candidate	function follows connector inventory; connector before first finite clause or source outside verse; target clause found but source clause unresolved; coordinating connector may continue previous verse; keep low confidence
1corintios	7	29	cn1	δέ	coordinating	coordination	C1	τοῦτο δέ ==φημι== ἀδελφοί ὁ καιρὸς συνεσταλμένος	1corintios 7:28	C6	==φείδομαι==	previous-verse-final-clause	low	suggested-cross-verse-candidate	function follows connector inventory; connector before first finite clause or source outside verse; target clause found but source clause unresolved; coordinating connector may continue previous verse; keep low confidence
1corintios	7	31	cn1	καὶ	coordinating	coordination	C1	καὶ οἱ χρώμενοι τὸν κόσμον ὡς μὴ καταχρώμενοι ==παράγει== γὰρ τὸ σχῆμα τοῦ κόσμου τούτου	1corintios 7:29	C3	==ὦσιν==	previous-verse-final-clause	low	suggested-cross-verse-candidate	function follows connector inventory; connector before first finite clause or source outside verse; target clause found but source clause unresolved; coordinating connector may continue previous verse; keep low confidence
1corintios	7	31	cn2	ὡς	subordinating	comparison/manner	C1	καὶ οἱ χρώμενοι τὸν κόσμον ὡς μὴ καταχρώμενοι ==παράγει== γὰρ τὸ σχῆμα τοῦ κόσμου τούτου	1corintios 7:29	C3	==ὦσιν==	previous-verse-final-clause	low	suggested-cross-verse-candidate	context-sensitive function; keep as suggested; target finite clause found; source not available in verse; target clause found but source clause unresolved; possible cross-verse source; requires review
1corintios	7	33	cn1	δὲ	coordinating	coordination	C1	ὁ δὲ γαμήσας ==μεριμνᾷ== τὰ τοῦ κόσμου πῶς	1corintios 7:32	C3	==ἀρέσῃ== τῷ κυρίῳ	previous-verse-final-clause	low	suggested-cross-verse-candidate	function follows connector inventory; connector before first finite clause or source outside verse; target clause found but source clause unresolved; coordinating connector may continue previous verse; keep low confidence
1corintios	7	34	cn1	καὶ	coordinating	coordination	C1	καὶ ==μεμέρισται== καὶ ἡ γυνὴ ἡ ἄγαμος καὶ ἡ παρθένος	1corintios 7:33	C2	==ἀρέσῃ== τῇ γυναικί	previous-verse-final-clause	low	suggested-cross-verse-candidate	function follows connector inventory; connector before first finite clause or source outside verse; target clause found but source clause unresolved; coordinating connector may continue previous verse; keep low confidence
1corintios	7	35	cn1	δὲ	coordinating	coordination	C1	τοῦτο δὲ πρὸς τὸ ὑμῶν αὐτῶν σύμφορον ==λέγω== οὐχ ἵνα βρόχον ὑμῖν	1corintios 7:34	C5	==ἀρέσῃ== τῷ ἀνδρί	previous-verse-final-clause	low	suggested-cross-verse-candidate	function follows connector inventory; connector before first finite clause or source outside verse; target clause found but source clause unresolved; coordinating connector may continue previous verse; keep low confidence
1corintios	7	36	cn1	εἰ	subordinating	condition	C1	εἰ δέ τις ἀσχημονεῖν ἐπὶ τὴν παρθένον αὐτοῦ ==νομίζει==	1corintios 7:35	C2	==ἐπιβάλω== ἀλλὰ πρὸς τὸ εὔσχημον καὶ εὐπάρεδρον τῷ κυρίῳ ἀπερισπάστως	previous-verse-final-clause	low	suggested-cross-verse-candidate	function follows connector inventory; target finite clause found; source not available in verse; target clause found but source clause unresolved; possible cross-verse source; requires review
1corintios	7	36	cn2	δέ	coordinating	coordination	C1	εἰ δέ τις ἀσχημονεῖν ἐπὶ τὴν παρθένον αὐτοῦ ==νομίζει==	1corintios 7:35	C2	==ἐπιβάλω== ἀλλὰ πρὸς τὸ εὔσχημον καὶ εὐπάρεδρον τῷ κυρίῳ ἀπερισπάστως	previous-verse-final-clause	low	suggested-cross-verse-candidate	function follows connector inventory; connector before first finite clause or source outside verse; target clause found but source clause unresolved; coordinating connector may continue previous verse; keep low confidence
1corintios	7	37	cn1	δὲ	coordinating	coordination	C1	ὃς δὲ ==ἕστηκεν== ἐν τῇ καρδίᾳ αὐτοῦ ἑδραῖος μὴ ἔχων ἀνάγκην ἐξουσίαν	1corintios 7:36	C7	==γαμείτωσαν==	previous-verse-final-clause	low	suggested-cross-verse-candidate	function follows connector inventory; connector before first finite clause or source outside verse; target clause found but source clause unresolved; coordinating connector may continue previous verse; keep low confidence
1corintios	7	38	cn1	ὥστε	subordinating	result/inference	C1	ὥστε καὶ ὁ γαμίζων τὴν παρθένον ἑαυτοῦ καλῶς ==ποιεῖ== καὶ ὁ μὴ ⸁γαμίζων κρεῖσσον	1corintios 7:37	C4	==ποιήσει==	previous-verse-final-clause	medium	suggested-cross-verse-candidate	context-sensitive function; keep as suggested; target finite clause found; source not available in verse; target clause found but source clause unresolved; strong backward-looking relation; previous verse final clause available
1corintios	7	38	cn2	καὶ	coordinating	coordination	C1	ὥστε καὶ ὁ γαμίζων τὴν παρθένον ἑαυτοῦ καλῶς ==ποιεῖ== καὶ ὁ μὴ ⸁γαμίζων κρεῖσσον	1corintios 7:37	C4	==ποιήσει==	previous-verse-final-clause	low	suggested-cross-verse-candidate	function follows connector inventory; connector before first finite clause or source outside verse; target clause found but source clause unresolved; coordinating connector may continue previous verse; keep low confidence
1corintios	7	40	cn1	δέ	coordinating	coordination	C1	μακαριωτέρα δέ ==ἐστιν== ἐὰν οὕτως	1corintios 7:39	C5	==θέλει== γαμηθῆναι μόνον ἐν κυρίῳ	previous-verse-final-clause	low	suggested-cross-verse-candidate	function follows connector inventory; connector before first finite clause or source outside verse; target clause found but source clause unresolved; coordinating connector may continue previous verse; keep low confidence
1corintios	8	1	cn1	δὲ	coordinating	coordination	C1	περὶ δὲ τῶν εἰδωλοθύτων ==οἴδαμεν== ὅτι πάντες γνῶσιν	1corintios 7:40	C3	==δοκῶ== δὲ κἀγὼ πνεῦμα θεοῦ ἔχειν	previous-verse-final-clause	low	suggested-cross-verse-candidate	function follows connector inventory; connector before first finite clause or source outside verse; target clause found but source clause unresolved; coordinating connector may continue previous verse; keep low confidence
1corintios	8	2	cn1	εἴ	subordinating	condition	C1	εἴ τις ==δοκεῖ== ἐγνωκέναι τι οὔπω	1corintios 8:1	C4	==οἰκοδομεῖ==	previous-verse-final-clause	low	suggested-cross-verse-candidate	function follows connector inventory; target finite clause found; source not available in verse; target clause found but source clause unresolved; possible cross-verse source; requires review
1corintios	8	3	cn1	εἰ	subordinating	condition	C1	εἰ δέ τις ==ἀγαπᾷ== τὸν θεόν οὗτος	1corintios 8:2	C3	καθὼς ==δεῖ== γνῶναι	previous-verse-final-clause	low	suggested-cross-verse-candidate	function follows connector inventory; target finite clause found; source not available in verse; target clause found but source clause unresolved; possible cross-verse source; requires review
1corintios	8	3	cn2	δέ	coordinating	coordination	C1	εἰ δέ τις ==ἀγαπᾷ== τὸν θεόν οὗτος	1corintios 8:2	C3	καθὼς ==δεῖ== γνῶναι	previous-verse-final-clause	low	suggested-cross-verse-candidate	function follows connector inventory; connector before first finite clause or source outside verse; target clause found but source clause unresolved; coordinating connector may continue previous verse; keep low confidence
1corintios	8	4	cn1	οὖν	coordinating	inference	C1	περὶ τῆς βρώσεως οὖν τῶν εἰδωλοθύτων ==οἴδαμεν== ὅτι οὐδὲν εἴδωλον ἐν κόσμῳ καὶ ὅτι οὐδεὶς θεὸς εἰ μὴ εἷς	1corintios 8:3	C2	==ἔγνωσται== ὑπʼ αὐτοῦ	previous-verse-final-clause	medium	suggested-cross-verse-candidate	function follows connector inventory; connector before first finite clause or source outside verse; target clause found but source clause unresolved; strong backward-looking relation; previous verse final clause available
1corintios	8	5	cn1	καὶ	coordinating	coordination	C1	καὶ γὰρ εἴπερ ==εἰσὶν== λεγόμενοι θεοὶ εἴτε ἐν οὐρανῷ εἴτε ἐπὶ γῆς	1corintios 8:4	C1	περὶ τῆς βρώσεως οὖν τῶν εἰδωλοθύτων ==οἴδαμεν== ὅτι οὐδὲν εἴδωλον ἐν κόσμῳ καὶ ὅτι οὐδεὶς θεὸς εἰ μὴ εἷς	previous-verse-final-clause	low	suggested-cross-verse-candidate	function follows connector inventory; connector before first finite clause or source outside verse; target clause found but source clause unresolved; coordinating connector may continue previous verse; keep low confidence
1corintios	8	5	cn2	γὰρ	coordinating	cause/ground	C1	καὶ γὰρ εἴπερ ==εἰσὶν== λεγόμενοι θεοὶ εἴτε ἐν οὐρανῷ εἴτε ἐπὶ γῆς	1corintios 8:4	C1	περὶ τῆς βρώσεως οὖν τῶν εἰδωλοθύτων ==οἴδαμεν== ὅτι οὐδὲν εἴδωλον ἐν κόσμῳ καὶ ὅτι οὐδεὶς θεὸς εἰ μὴ εἷς	previous-verse-final-clause	medium	suggested-cross-verse-candidate	function follows connector inventory; connector before first finite clause or source outside verse; target clause found but source clause unresolved; strong backward-looking relation; previous verse final clause available
1corintios	8	5	cn3	εἴπερ	subordinating	condition	C1	καὶ γὰρ εἴπερ ==εἰσὶν== λεγόμενοι θεοὶ εἴτε ἐν οὐρανῷ εἴτε ἐπὶ γῆς	1corintios 8:4	C1	περὶ τῆς βρώσεως οὖν τῶν εἰδωλοθύτων ==οἴδαμεν== ὅτι οὐδὲν εἴδωλον ἐν κόσμῳ καὶ ὅτι οὐδεὶς θεὸς εἰ μὴ εἷς	previous-verse-final-clause	low	suggested-cross-verse-candidate	function follows connector inventory; target finite clause found; source not available in verse; target clause found but source clause unresolved; possible cross-verse source; requires review
1corintios	8	7	cn1	ἀλλʼ	coordinating	contrast	C1	ἀλλʼ οὐκ ἐν πᾶσιν ἡ γνῶσις τινὲς δὲ τῇ συνηθείᾳ ἕως ἄρτι τοῦ εἰδώλου ὡς εἰδωλόθυτον ==ἐσθίουσιν== καὶ ἡ συνείδησις αὐτῶν ἀσθενὴς οὖσα	1corintios 8:5	C2	ὥσπερ ==εἰσὶν== θεοὶ πολλοὶ καὶ κύριοι πολλοί	previous-verse-final-clause	medium	suggested-cross-verse-candidate	function follows connector inventory; connector before first finite clause or source outside verse; target clause found but source clause unresolved; strong backward-looking relation; previous verse final clause available
1corintios	8	7	cn3	δὲ	coordinating	coordination	C1	ἀλλʼ οὐκ ἐν πᾶσιν ἡ γνῶσις τινὲς δὲ τῇ συνηθείᾳ ἕως ἄρτι τοῦ εἰδώλου ὡς εἰδωλόθυτον ==ἐσθίουσιν== καὶ ἡ συνείδησις αὐτῶν ἀσθενὴς οὖσα	1corintios 8:5	C2	ὥσπερ ==εἰσὶν== θεοὶ πολλοὶ καὶ κύριοι πολλοί	previous-verse-final-clause	low	suggested-cross-verse-candidate	function follows connector inventory; connector before first finite clause or source outside verse; target clause found but source clause unresolved; coordinating connector may continue previous verse; keep low confidence
1corintios	8	7	cn5	ὡς	subordinating	comparison/manner	C1	ἀλλʼ οὐκ ἐν πᾶσιν ἡ γνῶσις τινὲς δὲ τῇ συνηθείᾳ ἕως ἄρτι τοῦ εἰδώλου ὡς εἰδωλόθυτον ==ἐσθίουσιν== καὶ ἡ συνείδησις αὐτῶν ἀσθενὴς οὖσα	1corintios 8:5	C2	ὥσπερ ==εἰσὶν== θεοὶ πολλοὶ καὶ κύριοι πολλοί	previous-verse-final-clause	low	suggested-cross-verse-candidate	context-sensitive function; keep as suggested; target finite clause found; source not available in verse; target clause found but source clause unresolved; possible cross-verse source; requires review
1corintios	8	8	cn1	δὲ	coordinating	coordination	C1	βρῶμα δὲ ἡμᾶς οὐ ==παραστήσει== τῷ θεῷ οὔτε γὰρ	1corintios 8:7	C2	==μολύνεται==	previous-verse-final-clause	low	suggested-cross-verse-candidate	function follows connector inventory; connector before first finite clause or source outside verse; target clause found but source clause unresolved; coordinating connector may continue previous verse; keep low confidence
1corintios	8	10	cn1	ἐὰν	subordinating	condition	C1	ἐὰν γάρ τις ==ἴδῃ== σὲ τὸν ἔχοντα γνῶσιν ἐν εἰδωλείῳ κατακείμενον οὐχὶ ἡ συνείδησις αὐτοῦ ἀσθενοῦς ὄντος	1corintios 8:9	C2	==γένηται== τοῖς ἀσθενέσιν	previous-verse-final-clause	low	suggested-cross-verse-candidate	function follows connector inventory; target finite clause found; source not available in verse; target clause found but source clause unresolved; possible cross-verse source; requires review
1corintios	8	10	cn2	γάρ	coordinating	cause/ground	C1	ἐὰν γάρ τις ==ἴδῃ== σὲ τὸν ἔχοντα γνῶσιν ἐν εἰδωλείῳ κατακείμενον οὐχὶ ἡ συνείδησις αὐτοῦ ἀσθενοῦς ὄντος	1corintios 8:9	C2	==γένηται== τοῖς ἀσθενέσιν	previous-verse-final-clause	medium	suggested-cross-verse-candidate	function follows connector inventory; connector before first finite clause or source outside verse; target clause found but source clause unresolved; strong backward-looking relation; previous verse final clause available
1corintios	8	12	cn1	δὲ	coordinating	coordination	C1	οὕτως δὲ ἁμαρτάνοντες εἰς τοὺς ἀδελφοὺς καὶ τύπτοντες αὐτῶν τὴν συνείδησιν ἀσθενοῦσαν εἰς χριστὸν ==ἁμαρτάνετε==	1corintios 8:11	C2	==ἀπέθανεν==	previous-verse-final-clause	low	suggested-cross-verse-candidate	function follows connector inventory; connector before first finite clause or source outside verse; target clause found but source clause unresolved; coordinating connector may continue previous verse; keep low confidence
1corintios	8	12	cn2	καὶ	coordinating	coordination	C1	οὕτως δὲ ἁμαρτάνοντες εἰς τοὺς ἀδελφοὺς καὶ τύπτοντες αὐτῶν τὴν συνείδησιν ἀσθενοῦσαν εἰς χριστὸν ==ἁμαρτάνετε==	1corintios 8:11	C2	==ἀπέθανεν==	previous-verse-final-clause	low	suggested-cross-verse-candidate	function follows connector inventory; connector before first finite clause or source outside verse; target clause found but source clause unresolved; coordinating connector may continue previous verse; keep low confidence
1corintios	8	13	cn1	διόπερ	coordinating	inference	C1	διόπερ εἰ βρῶμα ==σκανδαλίζει== τὸν ἀδελφόν μου	1corintios 8:12	C1	οὕτως δὲ ἁμαρτάνοντες εἰς τοὺς ἀδελφοὺς καὶ τύπτοντες αὐτῶν τὴν συνείδησιν ἀσθενοῦσαν εἰς χριστὸν ==ἁμαρτάνετε==	previous-verse-final-clause	medium	suggested-cross-verse-candidate	function follows connector inventory; connector before first finite clause or source outside verse; target clause found but source clause unresolved; strong backward-looking relation; previous verse final clause available
1corintios	8	13	cn2	εἰ	subordinating	condition	C1	διόπερ εἰ βρῶμα ==σκανδαλίζει== τὸν ἀδελφόν μου	1corintios 8:12	C1	οὕτως δὲ ἁμαρτάνοντες εἰς τοὺς ἀδελφοὺς καὶ τύπτοντες αὐτῶν τὴν συνείδησιν ἀσθενοῦσαν εἰς χριστὸν ==ἁμαρτάνετε==	previous-verse-final-clause	low	suggested-cross-verse-candidate	function follows connector inventory; target finite clause found; source not available in verse; target clause found but source clause unresolved; possible cross-verse source; requires review
1corintios	9	2	cn1	εἰ	subordinating	condition	C1	εἰ ἄλλοις οὐκ ==εἰμὶ== ἀπόστολος ἀλλά γε ὑμῖν	1corintios 9:1	C4	==ἐστε== ἐν κυρίῳ	previous-verse-final-clause	low	suggested-cross-verse-candidate	function follows connector inventory; target finite clause found; source not available in verse; target clause found but source clause unresolved; possible cross-verse source; requires review
1corintios	9	6	cn1	ἢ	coordinating	alternative/comparison	C1	ἢ μόνος ἐγὼ καὶ βαρναβᾶς οὐκ ==ἔχομεν== ἐξουσίαν μὴ ἐργάζεσθαι	1corintios 9:5	C1	μὴ οὐκ ==ἔχομεν== ἐξουσίαν ἀδελφὴν γυναῖκα περιάγειν ὡς καὶ οἱ λοιποὶ ἀπόστολοι καὶ οἱ ἀδελφοὶ τοῦ κυρίου καὶ κηφᾶς	previous-verse-final-clause	low	suggested-cross-verse-candidate	context-sensitive function; keep as suggested; connector before first finite clause or source outside verse; target clause found but source clause unresolved; coordinating connector may continue previous verse; keep low confidence
1corintios	9	6	cn2	καὶ	coordinating	coordination	C1	ἢ μόνος ἐγὼ καὶ βαρναβᾶς οὐκ ==ἔχομεν== ἐξουσίαν μὴ ἐργάζεσθαι	1corintios 9:5	C1	μὴ οὐκ ==ἔχομεν== ἐξουσίαν ἀδελφὴν γυναῖκα περιάγειν ὡς καὶ οἱ λοιποὶ ἀπόστολοι καὶ οἱ ἀδελφοὶ τοῦ κυρίου καὶ κηφᾶς	previous-verse-final-clause	low	suggested-cross-verse-candidate	function follows connector inventory; connector before first finite clause or source outside verse; target clause found but source clause unresolved; coordinating connector may continue previous verse; keep low confidence
1corintios	9	9	cn1	γὰρ	coordinating	cause/ground	C1	ἐν γὰρ τῷ μωϋσέως νόμῳ ==γέγραπται==	1corintios 9:8	C2	οὐ ==λέγει==	previous-verse-final-clause	medium	suggested-cross-verse-candidate	function follows connector inventory; connector before first finite clause or source outside verse; target clause found but source clause unresolved; strong backward-looking relation; previous verse final clause available
1corintios	9	10	cn1	ἢ	coordinating	alternative/comparison	C1	ἢ διʼ ἡμᾶς πάντως ==λέγει== διʼ ἡμᾶς γὰρ	1corintios 9:9	C3	==μέλει== τῷ θεῷ	previous-verse-final-clause	low	suggested-cross-verse-candidate	context-sensitive function; keep as suggested; connector before first finite clause or source outside verse; target clause found but source clause unresolved; coordinating connector may continue previous verse; keep low confidence
1corintios	9	11	cn1	εἰ	subordinating	condition	C1	εἰ ἡμεῖς ὑμῖν τὰ πνευματικὰ ==ἐσπείραμεν== μέγα εἰ ἡμεῖς ὑμῶν τὰ σαρκικὰ	1corintios 9:10	C3	ὅτι ==ὀφείλει== ἐπʼ ἐλπίδι ὁ ἀροτριῶν ἀροτριᾶν καὶ ὁ ἀλοῶν ἐπʼ ἐλπίδι τοῦ μετέχειν	previous-verse-final-clause	low	suggested-cross-verse-candidate	function follows connector inventory; target finite clause found; source not available in verse; target clause found but source clause unresolved; possible cross-verse source; requires review
1corintios	9	12	cn1	εἰ	subordinating	condition	C1	εἰ ἄλλοι τῆς ὑμῶν ἐξουσίας ==μετέχουσιν== οὐ μᾶλλον ἡμεῖς	1corintios 9:11	C2	==θερίσομεν==	previous-verse-final-clause	low	suggested-cross-verse-candidate	function follows connector inventory; target finite clause found; source not available in verse; target clause found but source clause unresolved; possible cross-verse source; requires review
1corintios	9	14	cn1	καὶ	coordinating	coordination	C1	οὕτως καὶ ὁ κύριος ==διέταξεν== τοῖς τὸ εὐαγγέλιον καταγγέλλουσιν ἐκ τοῦ εὐαγγελίου ζῆν	1corintios 9:13	C3	==συμμερίζονται==	previous-verse-final-clause	low	suggested-cross-verse-candidate	function follows connector inventory; connector before first finite clause or source outside verse; target clause found but source clause unresolved; coordinating connector may continue previous verse; keep low confidence
1corintios	9	15	cn1	δὲ	coordinating	coordination	C1	ἐγὼ δὲ οὐ ==κέχρημαι== οὐδενὶ τούτων	1corintios 9:14	C1	οὕτως καὶ ὁ κύριος ==διέταξεν== τοῖς τὸ εὐαγγέλιον καταγγέλλουσιν ἐκ τοῦ εὐαγγελίου ζῆν	previous-verse-final-clause	low	suggested-cross-verse-candidate	function follows connector inventory; connector before first finite clause or source outside verse; target clause found but source clause unresolved; coordinating connector may continue previous verse; keep low confidence
1corintios	9	16	cn1	ἐὰν	subordinating	condition	C1	ἐὰν γὰρ ==εὐαγγελίζωμαι==	1corintios 9:15	C4	==κενώσει==	previous-verse-final-clause	low	suggested-cross-verse-candidate	function follows connector inventory; target finite clause found; source not available in verse; target clause found but source clause unresolved; possible cross-verse source; requires review
1corintios	9	16	cn2	γὰρ	coordinating	cause/ground	C1	ἐὰν γὰρ ==εὐαγγελίζωμαι==	1corintios 9:15	C4	==κενώσει==	previous-verse-final-clause	medium	suggested-cross-verse-candidate	function follows connector inventory; connector before first finite clause or source outside verse; target clause found but source clause unresolved; strong backward-looking relation; previous verse final clause available
1corintios	9	17	cn1	εἰ	subordinating	condition	C1	εἰ γὰρ ἑκὼν τοῦτο ==πράσσω== μισθὸν	1corintios 9:16	C5	ἐὰν μὴ ==εὐαγγελίσωμαι==	previous-verse-final-clause	low	suggested-cross-verse-candidate	function follows connector inventory; target finite clause found; source not available in verse; target clause found but source clause unresolved; possible cross-verse source; requires review
1corintios	9	17	cn2	γὰρ	coordinating	cause/ground	C1	εἰ γὰρ ἑκὼν τοῦτο ==πράσσω== μισθὸν	1corintios 9:16	C5	ἐὰν μὴ ==εὐαγγελίσωμαι==	previous-verse-final-clause	medium	suggested-cross-verse-candidate	function follows connector inventory; connector before first finite clause or source outside verse; target clause found but source clause unresolved; strong backward-looking relation; previous verse final clause available
1corintios	9	18	cn1	οὖν	coordinating	inference	C1	τίς οὖν μού ==ἐστιν== ὁ μισθός ἵνα εὐαγγελιζόμενος ἀδάπανον	1corintios 9:17	C3	==πεπίστευμαι==	previous-verse-final-clause	medium	suggested-cross-verse-candidate	function follows connector inventory; connector before first finite clause or source outside verse; target clause found but source clause unresolved; strong backward-looking relation; previous verse final clause available
1corintios	9	19	cn1	γὰρ	coordinating	cause/ground	C1	ἐλεύθερος γὰρ ὢν ἐκ πάντων πᾶσιν ἐμαυτὸν ==ἐδούλωσα== ἵνα τοὺς πλείονας	1corintios 9:18	C2	==θήσω== τὸ εὐαγγέλιον εἰς τὸ μὴ καταχρήσασθαι τῇ ἐξουσίᾳ μου ἐν τῷ εὐαγγελίῳ	previous-verse-final-clause	medium	suggested-cross-verse-candidate	function follows connector inventory; connector before first finite clause or source outside verse; target clause found but source clause unresolved; strong backward-looking relation; previous verse final clause available
1corintios	9	20	cn1	καὶ	coordinating	coordination	C1	καὶ ==ἐγενόμην== τοῖς ἰουδαίοις ὡς ἰουδαῖος ἵνα ἰουδαίους	1corintios 9:19	C2	==κερδήσω==	previous-verse-final-clause	low	suggested-cross-verse-candidate	function follows connector inventory; connector before first finite clause or source outside verse; target clause found but source clause unresolved; coordinating connector may continue previous verse; keep low confidence
1corintios	9	21	cn1	ὡς	subordinating	comparison/manner	C1	τοῖς ἀνόμοις ὡς ἄνομος μὴ ὢν ἄνομος θεοῦ ἀλλʼ ἔννομος χριστοῦ ἵνα ==κερδάνω== τοὺς ἀνόμους	1corintios 9:20	C3	==κερδήσω==	previous-verse-final-clause	low	suggested-cross-verse-candidate	context-sensitive function; keep as suggested; target finite clause found; source not available in verse; target clause found but source clause unresolved; possible cross-verse source; requires review
1corintios	9	21	cn3	ἀλλʼ	coordinating	contrast	C1	τοῖς ἀνόμοις ὡς ἄνομος μὴ ὢν ἄνομος θεοῦ ἀλλʼ ἔννομος χριστοῦ ἵνα ==κερδάνω== τοὺς ἀνόμους	1corintios 9:20	C3	==κερδήσω==	previous-verse-final-clause	medium	suggested-cross-verse-candidate	function follows connector inventory; connector before first finite clause or source outside verse; target clause found but source clause unresolved; strong backward-looking relation; previous verse final clause available
1corintios	9	21	cn4	ἵνα	subordinating	purpose/result	C1	τοῖς ἀνόμοις ὡς ἄνομος μὴ ὢν ἄνομος θεοῦ ἀλλʼ ἔννομος χριστοῦ ἵνα ==κερδάνω== τοὺς ἀνόμους	1corintios 9:20	C3	==κερδήσω==	previous-verse-final-clause	low	suggested-cross-verse-candidate	context-sensitive function; keep as suggested; target finite clause found; source not available in verse; target clause found but source clause unresolved; possible cross-verse source; requires review
1corintios	9	23	cn1	δὲ	coordinating	coordination	C1	πάντα δὲ ==ποιῶ== διὰ τὸ εὐαγγέλιον ἵνα συγκοινωνὸς αὐτοῦ	1corintios 9:22	C4	==σώσω==	previous-verse-final-clause	low	suggested-cross-verse-candidate	function follows connector inventory; connector before first finite clause or source outside verse; target clause found but source clause unresolved; coordinating connector may continue previous verse; keep low confidence
1corintios	9	25	cn1	δὲ	coordinating	coordination	C1	πᾶς δὲ ὁ ἀγωνιζόμενος πάντα ==ἐγκρατεύεται== ἐκεῖνοι μὲν οὖν ἵνα φθαρτὸν στέφανον	1corintios 9:24	C5	ἵνα ==καταλάβητε==	previous-verse-final-clause	low	suggested-cross-verse-candidate	function follows connector inventory; connector before first finite clause or source outside verse; target clause found but source clause unresolved; coordinating connector may continue previous verse; keep low confidence
1corintios	9	26	cn1	τοίνυν	coordinating	inference	C1	ἐγὼ τοίνυν οὕτως ==τρέχω== ὡς οὐκ ἀδήλως οὕτως	1corintios 9:25	C2	==λάβωσιν== ἡμεῖς δὲ ἄφθαρτον	previous-verse-final-clause	medium	suggested-cross-verse-candidate	function follows connector inventory; connector before first finite clause or source outside verse; target clause found but source clause unresolved; strong backward-looking relation; previous verse final clause available
1corintios	9	27	cn1	ἀλλὰ	coordinating	contrast	C1	ἀλλὰ ==ὑπωπιάζω== μου τὸ σῶμα	1corintios 9:26	C2	==πυκτεύω== ὡς οὐκ ἀέρα δέρων	previous-verse-final-clause	medium	suggested-cross-verse-candidate	function follows connector inventory; connector before first finite clause or source outside verse; target clause found but source clause unresolved; strong backward-looking relation; previous verse final clause available
1corintios	10	2	cn1	καὶ	coordinating	coordination	C1	καὶ πάντες εἰς τὸν μωϋσῆν ==ἐβαπτίσαντο== ἐν τῇ νεφέλῃ καὶ ἐν τῇ θαλάσσῃ	1corintios 10:1	C3	==διῆλθον==	previous-verse-final-clause	low	suggested-cross-verse-candidate	function follows connector inventory; connector before first finite clause or source outside verse; target clause found but source clause unresolved; coordinating connector may continue previous verse; keep low confidence
1corintios	10	3	cn1	καὶ	coordinating	coordination	C1	καὶ πάντες τὸ αὐτὸ πνευματικὸν βρῶμα ==ἔφαγον==	1corintios 10:2	C1	καὶ πάντες εἰς τὸν μωϋσῆν ==ἐβαπτίσαντο== ἐν τῇ νεφέλῃ καὶ ἐν τῇ θαλάσσῃ	previous-verse-final-clause	low	suggested-cross-verse-candidate	function follows connector inventory; connector before first finite clause or source outside verse; target clause found but source clause unresolved; coordinating connector may continue previous verse; keep low confidence
1corintios	10	4	cn1	καὶ	coordinating	coordination	C1	καὶ πάντες τὸ αὐτὸ πνευματικὸν ==ἔπιον== πόμα	1corintios 10:3	C1	καὶ πάντες τὸ αὐτὸ πνευματικὸν βρῶμα ==ἔφαγον==	previous-verse-final-clause	low	suggested-cross-verse-candidate	function follows connector inventory; connector before first finite clause or source outside verse; target clause found but source clause unresolved; coordinating connector may continue previous verse; keep low confidence
1corintios	10	5	cn1	ἀλλʼ	coordinating	contrast	C1	ἀλλʼ οὐκ ἐν τοῖς πλείοσιν αὐτῶν ==ηὐδόκησεν== ὁ θεός	1corintios 10:4	C3	δὲ ==ἦν== ὁ χριστός	previous-verse-final-clause	medium	suggested-cross-verse-candidate	function follows connector inventory; connector before first finite clause or source outside verse; target clause found but source clause unresolved; strong backward-looking relation; previous verse final clause available
1corintios	10	6	cn1	δὲ	coordinating	coordination	C1	ταῦτα δὲ τύποι ἡμῶν ==ἐγενήθησαν== εἰς τὸ μὴ εἶναι ἡμᾶς ἐπιθυμητὰς κακῶν καθὼς κἀκεῖνοι	1corintios 10:5	C2	==κατεστρώθησαν== γὰρ ἐν τῇ ἐρήμῳ	previous-verse-final-clause	low	suggested-cross-verse-candidate	function follows connector inventory; connector before first finite clause or source outside verse; target clause found but source clause unresolved; coordinating connector may continue previous verse; keep low confidence
1corintios	10	7	cn1	μηδὲ	coordinating	negative coordination	C1	μηδὲ εἰδωλολάτραι ==γίνεσθε== καθώς τινες αὐτῶν	1corintios 10:6	C2	==ἐπεθύμησαν==	previous-verse-final-clause	low	suggested-cross-verse-candidate	function follows connector inventory; connector before first finite clause or source outside verse; target clause found but source clause unresolved; coordinating connector may continue previous verse; keep low confidence
1corintios	10	8	cn1	μηδὲ	coordinating	negative coordination	C1	μηδὲ ==πορνεύωμεν== καθώς τινες αὐτῶν	1corintios 10:7	C4	καὶ ==ἀνέστησαν== παίζειν	previous-verse-final-clause	low	suggested-cross-verse-candidate	function follows connector inventory; connector before first finite clause or source outside verse; target clause found but source clause unresolved; coordinating connector may continue previous verse; keep low confidence
1corintios	10	9	cn1	μηδὲ	coordinating	negative coordination	C1	μηδὲ ==ἐκπειράζωμεν== τὸν χριστόν καθώς τινες αὐτῶν	1corintios 10:8	C3	καὶ ==ἔπεσαν== μιᾷ ἡμέρᾳ εἴκοσι τρεῖς χιλιάδες	previous-verse-final-clause	low	suggested-cross-verse-candidate	function follows connector inventory; connector before first finite clause or source outside verse; target clause found but source clause unresolved; coordinating connector may continue previous verse; keep low confidence
1corintios	10	10	cn1	μηδὲ	coordinating	negative coordination	C1	μηδὲ ==γογγύζετε== καθάπερ τινὲς αὐτῶν	1corintios 10:9	C3	==ἀπώλλυντο==	previous-verse-final-clause	low	suggested-cross-verse-candidate	function follows connector inventory; connector before first finite clause or source outside verse; target clause found but source clause unresolved; coordinating connector may continue previous verse; keep low confidence
1corintios	10	11	cn1	δὲ	coordinating	coordination	C1	ταῦτα δὲ τυπικῶς ==συνέβαινεν== ἐκείνοις	1corintios 10:10	C3	καὶ ==ἀπώλοντο== ὑπὸ τοῦ ὀλοθρευτοῦ	previous-verse-final-clause	low	suggested-cross-verse-candidate	function follows connector inventory; connector before first finite clause or source outside verse; target clause found but source clause unresolved; coordinating connector may continue previous verse; keep low confidence
1corintios	10	12	cn1	ὥστε	subordinating	result/inference	C1	ὥστε ὁ δοκῶν ἑστάναι ==βλεπέτω==	1corintios 10:11	C3	==κατήντηκεν==	previous-verse-final-clause	medium	suggested-cross-verse-candidate	context-sensitive function; keep as suggested; target finite clause found; source not available in verse; target clause found but source clause unresolved; strong backward-looking relation; previous verse final clause available
1corintios	10	14	cn1	διόπερ	coordinating	inference	C1	διόπερ ἀγαπητοί μου ==φεύγετε== ἀπὸ τῆς εἰδωλολατρίας	1corintios 10:13	C4	ἀλλὰ ==ποιήσει== σὺν τῷ πειρασμῷ καὶ τὴν ἔκβασιν τοῦ δύνασθαι ὑπενεγκεῖν	previous-verse-final-clause	medium	suggested-cross-verse-candidate	function follows connector inventory; connector before first finite clause or source outside verse; target clause found but source clause unresolved; strong backward-looking relation; previous verse final clause available
1corintios	10	15	cn1	ὡς	subordinating	comparison/manner	C1	ὡς φρονίμοις ==λέγω==	1corintios 10:14	C1	διόπερ ἀγαπητοί μου ==φεύγετε== ἀπὸ τῆς εἰδωλολατρίας	previous-verse-final-clause	low	suggested-cross-verse-candidate	context-sensitive function; keep as suggested; target finite clause found; source not available in verse; target clause found but source clause unresolved; possible cross-verse source; requires review
1corintios	10	17	cn1	ὅτι	subordinating	content/cause	C1	ὅτι εἷς ἄρτος ἓν σῶμα οἱ πολλοί ==ἐσμεν== οἱ γὰρ πάντες ἐκ τοῦ ἑνὸς ἄρτου	1corintios 10:16	C4	==ἐστιν==	previous-verse-final-clause	low	suggested-cross-verse-candidate	context-sensitive function; keep as suggested; target finite clause found; source not available in verse; target clause found but source clause unresolved; possible cross-verse source; requires review
1corintios	10	19	cn1	οὖν	coordinating	inference	C1	τί οὖν ==φημι== ὅτι εἰδωλόθυτόν τί	1corintios 10:18	C2	==εἰσίν==	previous-verse-final-clause	medium	suggested-cross-verse-candidate	function follows connector inventory; connector before first finite clause or source outside verse; target clause found but source clause unresolved; strong backward-looking relation; previous verse final clause available
1corintios	10	20	cn1	ἀλλʼ	coordinating	contrast	C1	ἀλλʼ ὅτι ἃ ==θύουσιν== δαιμονίοις καὶ οὐ θεῷ	1corintios 10:19	C3	==ἐστιν==	previous-verse-final-clause	medium	suggested-cross-verse-candidate	function follows connector inventory; connector before first finite clause or source outside verse; target clause found but source clause unresolved; strong backward-looking relation; previous verse final clause available
1corintios	10	20	cn2	ὅτι	subordinating	content/cause	C1	ἀλλʼ ὅτι ἃ ==θύουσιν== δαιμονίοις καὶ οὐ θεῷ	1corintios 10:19	C3	==ἐστιν==	previous-verse-final-clause	low	suggested-cross-verse-candidate	context-sensitive function; keep as suggested; target finite clause found; source not available in verse; target clause found but source clause unresolved; possible cross-verse source; requires review
1corintios	10	22	cn1	ἢ	coordinating	alternative/comparison	C1	ἢ ==παραζηλοῦμεν== τὸν κύριον μὴ ἰσχυρότεροι αὐτοῦ	1corintios 10:21	C2	οὐ ==δύνασθε== τραπέζης κυρίου μετέχειν καὶ τραπέζης δαιμονίων	previous-verse-final-clause	low	suggested-cross-verse-candidate	context-sensitive function; keep as suggested; connector before first finite clause or source outside verse; target clause found but source clause unresolved; coordinating connector may continue previous verse; keep low confidence
1corintios	10	27	cn1	εἴ	subordinating	condition	C1	εἴ τις ==καλεῖ== ὑμᾶς τῶν ἀπίστων	1corintios 10:25	C1	πᾶν τὸ ἐν μακέλλῳ πωλούμενον ==ἐσθίετε== μηδὲν ἀνακρίνοντες διὰ τὴν συνείδησιν	previous-verse-final-clause	low	suggested-cross-verse-candidate	function follows connector inventory; target finite clause found; source not available in verse; target clause found but source clause unresolved; possible cross-verse source; requires review
1corintios	10	28	cn1	ἐὰν	subordinating	condition	C1	ἐὰν δέ τις ὑμῖν ==εἴπῃ== τοῦτο ἱερόθυτόν	1corintios 10:27	C3	==ἐσθίετε== μηδὲν ἀνακρίνοντες διὰ τὴν συνείδησιν	previous-verse-final-clause	low	suggested-cross-verse-candidate	function follows connector inventory; target finite clause found; source not available in verse; target clause found but source clause unresolved; possible cross-verse source; requires review
1corintios	10	28	cn2	δέ	coordinating	coordination	C1	ἐὰν δέ τις ὑμῖν ==εἴπῃ== τοῦτο ἱερόθυτόν	1corintios 10:27	C3	==ἐσθίετε== μηδὲν ἀνακρίνοντες διὰ τὴν συνείδησιν	previous-verse-final-clause	low	suggested-cross-verse-candidate	function follows connector inventory; connector before first finite clause or source outside verse; target clause found but source clause unresolved; coordinating connector may continue previous verse; keep low confidence
1corintios	10	29	cn1	δὲ	coordinating	coordination	C1	συνείδησιν δὲ ==λέγω== οὐχὶ τὴν ἑαυτοῦ ἀλλὰ τὴν τοῦ ἑτέρου ἱνατί γὰρ ἡ ἐλευθερία μου	1corintios 10:28	C3	μὴ ==ἐσθίετε== διʼ ἐκεῖνον τὸν μηνύσαντα καὶ τὴν συνείδησιν	previous-verse-final-clause	low	suggested-cross-verse-candidate	function follows connector inventory; connector before first finite clause or source outside verse; target clause found but source clause unresolved; coordinating connector may continue previous verse; keep low confidence
1corintios	10	30	cn1	εἰ	subordinating	condition	C1	εἰ ἐγὼ χάριτι ==μετέχω== τί	1corintios 10:29	C2	==κρίνεται== ὑπὸ ἄλλης συνειδήσεως	previous-verse-final-clause	low	suggested-cross-verse-candidate	function follows connector inventory; target finite clause found; source not available in verse; target clause found but source clause unresolved; possible cross-verse source; requires review
1corintios	10	31	cn1	εἴτε	coordinating	alternative	C1	εἴτε οὖν ==ἐσθίετε== εἴτε	1corintios 10:30	C3	==εὐχαριστῶ==	previous-verse-final-clause	low	suggested-cross-verse-candidate	function follows connector inventory; connector before first finite clause or source outside verse; target clause found but source clause unresolved; coordinating connector may continue previous verse; keep low confidence
1corintios	10	31	cn2	οὖν	coordinating	inference	C1	εἴτε οὖν ==ἐσθίετε== εἴτε	1corintios 10:30	C3	==εὐχαριστῶ==	previous-verse-final-clause	medium	suggested-cross-verse-candidate	function follows connector inventory; connector before first finite clause or source outside verse; target clause found but source clause unresolved; strong backward-looking relation; previous verse final clause available
1corintios	10	32	cn1	καὶ	coordinating	coordination	C1	ἀπρόσκοποι καὶ ἰουδαίοις ==γίνεσθε== καὶ ἕλλησιν καὶ τῇ ἐκκλησίᾳ τοῦ θεοῦ	1corintios 10:31	C4	==ποιεῖτε==	previous-verse-final-clause	low	suggested-cross-verse-candidate	function follows connector inventory; connector before first finite clause or source outside verse; target clause found but source clause unresolved; coordinating connector may continue previous verse; keep low confidence
1corintios	10	33	cn1	καθὼς	subordinating	comparison/manner	C1	καθὼς κἀγὼ πάντα πᾶσιν ==ἀρέσκω== μὴ ζητῶν τὸ ἐμαυτοῦ σύμφορον ἀλλὰ τὸ τῶν πολλῶν	1corintios 10:32	C1	ἀπρόσκοποι καὶ ἰουδαίοις ==γίνεσθε== καὶ ἕλλησιν καὶ τῇ ἐκκλησίᾳ τοῦ θεοῦ	previous-verse-final-clause	low	suggested-cross-verse-candidate	context-sensitive function; keep as suggested; target finite clause found; source not available in verse; target clause found but source clause unresolved; possible cross-verse source; requires review
1corintios	11	4	cn1	ἢ	coordinating	alternative/comparison	C1	πᾶς ἀνὴρ προσευχόμενος ἢ προφητεύων κατὰ κεφαλῆς ἔχων ==καταισχύνει== τὴν κεφαλὴν αὐτοῦ	1corintios 11:3	C2	==ἐστιν== κεφαλὴ δὲ γυναικὸς ὁ ἀνήρ κεφαλὴ δὲ τοῦ χριστοῦ ὁ θεός	previous-verse-final-clause	low	suggested-cross-verse-candidate	context-sensitive function; keep as suggested; connector before first finite clause or source outside verse; target clause found but source clause unresolved; coordinating connector may continue previous verse; keep low confidence
1corintios	11	5	cn1	δὲ	coordinating	coordination	C1	πᾶσα δὲ γυνὴ προσευχομένη ἢ προφητεύουσα ἀκατακαλύπτῳ τῇ κεφαλῇ ==καταισχύνει== τὴν κεφαλὴν αὐτῆς ἓν γάρ	1corintios 11:4	C1	πᾶς ἀνὴρ προσευχόμενος ἢ προφητεύων κατὰ κεφαλῆς ἔχων ==καταισχύνει== τὴν κεφαλὴν αὐτοῦ	previous-verse-final-clause	low	suggested-cross-verse-candidate	function follows connector inventory; connector before first finite clause or source outside verse; target clause found but source clause unresolved; coordinating connector may continue previous verse; keep low confidence
1corintios	11	5	cn2	ἢ	coordinating	alternative/comparison	C1	πᾶσα δὲ γυνὴ προσευχομένη ἢ προφητεύουσα ἀκατακαλύπτῳ τῇ κεφαλῇ ==καταισχύνει== τὴν κεφαλὴν αὐτῆς ἓν γάρ	1corintios 11:4	C1	πᾶς ἀνὴρ προσευχόμενος ἢ προφητεύων κατὰ κεφαλῆς ἔχων ==καταισχύνει== τὴν κεφαλὴν αὐτοῦ	previous-verse-final-clause	low	suggested-cross-verse-candidate	context-sensitive function; keep as suggested; connector before first finite clause or source outside verse; target clause found but source clause unresolved; coordinating connector may continue previous verse; keep low confidence
1corintios	11	6	cn1	εἰ	subordinating	condition	C1	εἰ γὰρ οὐ ==κατακαλύπτεται== γυνή	1corintios 11:5	C2	==ἐστιν== καὶ τὸ αὐτὸ τῇ ἐξυρημένῃ	previous-verse-final-clause	low	suggested-cross-verse-candidate	function follows connector inventory; target finite clause found; source not available in verse; target clause found but source clause unresolved; possible cross-verse source; requires review
1corintios	11	6	cn2	γὰρ	coordinating	cause/ground	C1	εἰ γὰρ οὐ ==κατακαλύπτεται== γυνή	1corintios 11:5	C2	==ἐστιν== καὶ τὸ αὐτὸ τῇ ἐξυρημένῃ	previous-verse-final-clause	medium	suggested-cross-verse-candidate	function follows connector inventory; connector before first finite clause or source outside verse; target clause found but source clause unresolved; strong backward-looking relation; previous verse final clause available
1corintios	11	7	cn1	γὰρ	coordinating	cause/ground	C1	ἀνὴρ μὲν γὰρ οὐκ ==ὀφείλει== κατακαλύπτεσθαι τὴν κεφαλήν εἰκὼν καὶ δόξα θεοῦ ὑπάρχων ἡ γυνὴ δὲ δόξα ἀνδρός	1corintios 11:6	C3	==κατακαλυπτέσθω==	previous-verse-final-clause	medium	suggested-cross-verse-candidate	function follows connector inventory; connector before first finite clause or source outside verse; target clause found but source clause unresolved; strong backward-looking relation; previous verse final clause available
1corintios	11	8	cn2	γάρ	coordinating	cause/ground	C1	οὐ γάρ ==ἐστιν== ἀνὴρ ἐκ γυναικός ἀλλὰ γυνὴ ἐξ ἀνδρός	1corintios 11:7	C2	==ἐστιν==	previous-verse-final-clause	medium	suggested-cross-verse-candidate	function follows connector inventory; connector before first finite clause or source outside verse; target clause found but source clause unresolved; strong backward-looking relation; previous verse final clause available
1corintios	11	9	cn1	καὶ	coordinating	coordination	C1	καὶ γὰρ οὐκ ==ἐκτίσθη== ἀνὴρ διὰ τὴν γυναῖκα ἀλλὰ γυνὴ διὰ τὸν ἄνδρα	1corintios 11:8	C1	οὐ γάρ ==ἐστιν== ἀνὴρ ἐκ γυναικός ἀλλὰ γυνὴ ἐξ ἀνδρός	previous-verse-final-clause	low	suggested-cross-verse-candidate	function follows connector inventory; connector before first finite clause or source outside verse; target clause found but source clause unresolved; coordinating connector may continue previous verse; keep low confidence
1corintios	11	9	cn2	γὰρ	coordinating	cause/ground	C1	καὶ γὰρ οὐκ ==ἐκτίσθη== ἀνὴρ διὰ τὴν γυναῖκα ἀλλὰ γυνὴ διὰ τὸν ἄνδρα	1corintios 11:8	C1	οὐ γάρ ==ἐστιν== ἀνὴρ ἐκ γυναικός ἀλλὰ γυνὴ ἐξ ἀνδρός	previous-verse-final-clause	medium	suggested-cross-verse-candidate	function follows connector inventory; connector before first finite clause or source outside verse; target clause found but source clause unresolved; strong backward-looking relation; previous verse final clause available
1corintios	11	14	cn1	οὐδὲ	coordinating	negative coordination	C1	οὐδὲ ἡ φύσις αὐτὴ ==διδάσκει== ὑμᾶς ὅτι ἀνὴρ μὲν	1corintios 11:13	C2	==ἐστὶν== γυναῖκα ἀκατακάλυπτον τῷ θεῷ προσεύχεσθαι	previous-verse-final-clause	low	suggested-cross-verse-candidate	function follows connector inventory; connector before first finite clause or source outside verse; target clause found but source clause unresolved; coordinating connector may continue previous verse; keep low confidence
1corintios	11	15	cn1	δὲ	coordinating	coordination	C1	γυνὴ δὲ ἐὰν ==κομᾷ== δόξα αὐτῇ	1corintios 11:14	C3	==ἐστιν==	previous-verse-final-clause	low	suggested-cross-verse-candidate	function follows connector inventory; connector before first finite clause or source outside verse; target clause found but source clause unresolved; coordinating connector may continue previous verse; keep low confidence
1corintios	11	15	cn2	ἐὰν	subordinating	condition	C1	γυνὴ δὲ ἐὰν ==κομᾷ== δόξα αὐτῇ	1corintios 11:14	C3	==ἐστιν==	previous-verse-final-clause	low	suggested-cross-verse-candidate	function follows connector inventory; target finite clause found; source not available in verse; target clause found but source clause unresolved; possible cross-verse source; requires review
1corintios	11	16	cn1	εἰ	subordinating	condition	C1	εἰ δέ τις ==δοκεῖ== φιλόνεικος εἶναι ἡμεῖς τοιαύτην συνήθειαν	1corintios 11:15	C3	==δέδοται==	previous-verse-final-clause	low	suggested-cross-verse-candidate	function follows connector inventory; target finite clause found; source not available in verse; target clause found but source clause unresolved; possible cross-verse source; requires review
1corintios	11	16	cn2	δέ	coordinating	coordination	C1	εἰ δέ τις ==δοκεῖ== φιλόνεικος εἶναι ἡμεῖς τοιαύτην συνήθειαν	1corintios 11:15	C3	==δέδοται==	previous-verse-final-clause	low	suggested-cross-verse-candidate	function follows connector inventory; connector before first finite clause or source outside verse; target clause found but source clause unresolved; coordinating connector may continue previous verse; keep low confidence
1corintios	11	17	cn1	δὲ	coordinating	coordination	C1	τοῦτο δὲ παραγγέλλων οὐκ ==ἐπαινῶ== ὅτι οὐκ εἰς τὸ κρεῖσσον ἀλλὰ εἰς τὸ ἧσσον	1corintios 11:16	C2	οὐκ ==ἔχομεν== οὐδὲ αἱ ἐκκλησίαι τοῦ θεοῦ	previous-verse-final-clause	low	suggested-cross-verse-candidate	function follows connector inventory; connector before first finite clause or source outside verse; target clause found but source clause unresolved; coordinating connector may continue previous verse; keep low confidence
1corintios	11	18	cn1	γὰρ	coordinating	cause/ground	C1	πρῶτον μὲν γὰρ συνερχομένων ὑμῶν ἐν ἐκκλησίᾳ ==ἀκούω== σχίσματα ἐν ὑμῖν ὑπάρχειν καὶ μέρος τι	1corintios 11:17	C2	==συνέρχεσθε==	previous-verse-final-clause	medium	suggested-cross-verse-candidate	function follows connector inventory; connector before first finite clause or source outside verse; target clause found but source clause unresolved; strong backward-looking relation; previous verse final clause available
1corintios	11	20	cn1	οὖν	coordinating	inference	C1	συνερχομένων οὖν ὑμῶν ἐπὶ τὸ αὐτὸ οὐκ ==ἔστιν== κυριακὸν δεῖπνον φαγεῖν	1corintios 11:19	C2	==γένωνται== ἐν ὑμῖν	previous-verse-final-clause	medium	suggested-cross-verse-candidate	function follows connector inventory; connector before first finite clause or source outside verse; target clause found but source clause unresolved; strong backward-looking relation; previous verse final clause available
1corintios	11	21	cn1	γὰρ	coordinating	cause/ground	C1	ἕκαστος γὰρ τὸ ἴδιον δεῖπνον ==προλαμβάνει== ἐν τῷ φαγεῖν καὶ ὃς μὲν	1corintios 11:20	C1	συνερχομένων οὖν ὑμῶν ἐπὶ τὸ αὐτὸ οὐκ ==ἔστιν== κυριακὸν δεῖπνον φαγεῖν	previous-verse-final-clause	medium	suggested-cross-verse-candidate	function follows connector inventory; connector before first finite clause or source outside verse; target clause found but source clause unresolved; strong backward-looking relation; previous verse final clause available
1corintios	11	22	cn2	γὰρ	coordinating	cause/ground	C1	μὴ γὰρ οἰκίας οὐκ ==ἔχετε== εἰς τὸ ἐσθίειν καὶ πίνειν ἢ τῆς ἐκκλησίας τοῦ θεοῦ	1corintios 11:21	C3	δὲ ==μεθύει==	previous-verse-final-clause	medium	suggested-cross-verse-candidate	function follows connector inventory; connector before first finite clause or source outside verse; target clause found but source clause unresolved; strong backward-looking relation; previous verse final clause available
1corintios	11	23	cn1	γὰρ	coordinating	cause/ground	C1	ἐγὼ γὰρ ==παρέλαβον== ἀπὸ τοῦ κυρίου ὃ	1corintios 11:22	C6	οὐκ ==ἐπαινῶ==	previous-verse-final-clause	medium	suggested-cross-verse-candidate	function follows connector inventory; connector before first finite clause or source outside verse; target clause found but source clause unresolved; strong backward-looking relation; previous verse final clause available
1corintios	11	24	cn1	καὶ	coordinating	coordination	C1	καὶ εὐχαριστήσας ==ἔκλασεν==	1corintios 11:23	C4	==ἔλαβεν== ἄρτον	previous-verse-final-clause	low	suggested-cross-verse-candidate	function follows connector inventory; connector before first finite clause or source outside verse; target clause found but source clause unresolved; coordinating connector may continue previous verse; keep low confidence
1corintios	11	25	cn1	καὶ	coordinating	coordination	C1	ὡσαύτως καὶ τὸ ποτήριον μετὰ τὸ δειπνῆσαι λέγων τοῦτο τὸ ποτήριον ἡ καινὴ διαθήκη ==ἐστὶν== ἐν τῷ ἐμῷ αἵματι τοῦτο	1corintios 11:24	C4	==ποιεῖτε== εἰς τὴν ἐμὴν ἀνάμνησιν	previous-verse-final-clause	low	suggested-cross-verse-candidate	function follows connector inventory; connector before first finite clause or source outside verse; target clause found but source clause unresolved; coordinating connector may continue previous verse; keep low confidence
1corintios	11	26	cn1	γὰρ	coordinating	cause/ground	C1	ὁσάκις γὰρ ἐὰν ==ἐσθίητε== τὸν ἄρτον τοῦτον καὶ τὸ ποτήριον	1corintios 11:25	C3	ἐὰν ==πίνητε== εἰς τὴν ἐμὴν ἀνάμνησιν	previous-verse-final-clause	medium	suggested-cross-verse-candidate	function follows connector inventory; connector before first finite clause or source outside verse; target clause found but source clause unresolved; strong backward-looking relation; previous verse final clause available
1corintios	11	26	cn2	ἐὰν	subordinating	condition	C1	ὁσάκις γὰρ ἐὰν ==ἐσθίητε== τὸν ἄρτον τοῦτον καὶ τὸ ποτήριον	1corintios 11:25	C3	ἐὰν ==πίνητε== εἰς τὴν ἐμὴν ἀνάμνησιν	previous-verse-final-clause	low	suggested-cross-verse-candidate	function follows connector inventory; target finite clause found; source not available in verse; target clause found but source clause unresolved; possible cross-verse source; requires review
1corintios	11	27	cn1	ὥστε	subordinating	result/inference	C1	ὥστε ὃς ἂν ==ἐσθίῃ== τὸν ἄρτον	1corintios 11:26	C4	==ἔλθῃ==	previous-verse-final-clause	medium	suggested-cross-verse-candidate	context-sensitive function; keep as suggested; target finite clause found; source not available in verse; target clause found but source clause unresolved; strong backward-looking relation; previous verse final clause available
1corintios	11	29	cn1	γὰρ	coordinating	cause/ground	C1	ὁ γὰρ ἐσθίων καὶ πίνων κρίμα ἑαυτῷ ==ἐσθίει==	1corintios 11:28	C3	==πινέτω==	previous-verse-final-clause	medium	suggested-cross-verse-candidate	function follows connector inventory; connector before first finite clause or source outside verse; target clause found but source clause unresolved; strong backward-looking relation; previous verse final clause available
1corintios	11	29	cn2	καὶ	coordinating	coordination	C1	ὁ γὰρ ἐσθίων καὶ πίνων κρίμα ἑαυτῷ ==ἐσθίει==	1corintios 11:28	C3	==πινέτω==	previous-verse-final-clause	low	suggested-cross-verse-candidate	function follows connector inventory; connector before first finite clause or source outside verse; target clause found but source clause unresolved; coordinating connector may continue previous verse; keep low confidence
1corintios	11	30	cn1	καὶ	coordinating	coordination	C1	διὰ τοῦτο ἐν ὑμῖν πολλοὶ ἀσθενεῖς καὶ ἄρρωστοι καὶ ==κοιμῶνται== ἱκανοί	1corintios 11:29	C2	καὶ ==πίνει== μὴ διακρίνων τὸ σῶμα	previous-verse-final-clause	low	suggested-cross-verse-candidate	function follows connector inventory; connector before first finite clause or source outside verse; target clause found but source clause unresolved; coordinating connector may continue previous verse; keep low confidence
1corintios	11	30	cn2	καὶ	coordinating	coordination	C1	διὰ τοῦτο ἐν ὑμῖν πολλοὶ ἀσθενεῖς καὶ ἄρρωστοι καὶ ==κοιμῶνται== ἱκανοί	1corintios 11:29	C2	καὶ ==πίνει== μὴ διακρίνων τὸ σῶμα	previous-verse-final-clause	low	suggested-cross-verse-candidate	function follows connector inventory; connector before first finite clause or source outside verse; target clause found but source clause unresolved; coordinating connector may continue previous verse; keep low confidence
1corintios	11	31	cn1	εἰ	subordinating	condition	C1	εἰ δὲ ἑαυτοὺς ==διεκρίνομεν== οὐκ ἂν	1corintios 11:30	C1	διὰ τοῦτο ἐν ὑμῖν πολλοὶ ἀσθενεῖς καὶ ἄρρωστοι καὶ ==κοιμῶνται== ἱκανοί	previous-verse-final-clause	low	suggested-cross-verse-candidate	function follows connector inventory; target finite clause found; source not available in verse; target clause found but source clause unresolved; possible cross-verse source; requires review
1corintios	11	31	cn2	δὲ	coordinating	coordination	C1	εἰ δὲ ἑαυτοὺς ==διεκρίνομεν== οὐκ ἂν	1corintios 11:30	C1	διὰ τοῦτο ἐν ὑμῖν πολλοὶ ἀσθενεῖς καὶ ἄρρωστοι καὶ ==κοιμῶνται== ἱκανοί	previous-verse-final-clause	low	suggested-cross-verse-candidate	function follows connector inventory; connector before first finite clause or source outside verse; target clause found but source clause unresolved; coordinating connector may continue previous verse; keep low confidence
1corintios	11	32	cn1	δὲ	coordinating	coordination	C1	κρινόμενοι δὲ ὑπὸ κυρίου ==παιδευόμεθα== ἵνα μὴ σὺν τῷ κόσμῳ	1corintios 11:31	C2	==ἐκρινόμεθα==	previous-verse-final-clause	low	suggested-cross-verse-candidate	function follows connector inventory; connector before first finite clause or source outside verse; target clause found but source clause unresolved; coordinating connector may continue previous verse; keep low confidence
1corintios	11	33	cn1	ὥστε	subordinating	result/inference	C1	ὥστε ἀδελφοί μου συνερχόμενοι εἰς τὸ φαγεῖν ἀλλήλους ==ἐκδέχεσθε==	1corintios 11:32	C2	==κατακριθῶμεν==	previous-verse-final-clause	medium	suggested-cross-verse-candidate	context-sensitive function; keep as suggested; target finite clause found; source not available in verse; target clause found but source clause unresolved; strong backward-looking relation; previous verse final clause available
1corintios	11	34	cn1	εἴ	subordinating	condition	C1	εἴ τις ==πεινᾷ== ἐν οἴκῳ	1corintios 11:33	C1	ὥστε ἀδελφοί μου συνερχόμενοι εἰς τὸ φαγεῖν ἀλλήλους ==ἐκδέχεσθε==	previous-verse-final-clause	low	suggested-cross-verse-candidate	function follows connector inventory; target finite clause found; source not available in verse; target clause found but source clause unresolved; possible cross-verse source; requires review
1corintios	12	1	cn1	δὲ	coordinating	coordination	C1	περὶ δὲ τῶν πνευματικῶν ἀδελφοί οὐ ==θέλω== ὑμᾶς ἀγνοεῖν	1corintios 11:34	C5	==διατάξομαι==	previous-verse-final-clause	low	suggested-cross-verse-candidate	function follows connector inventory; connector before first finite clause or source outside verse; target clause found but source clause unresolved; coordinating connector may continue previous verse; keep low confidence
1corintios	12	3	cn1	διὸ	coordinating	inference	C1	διὸ ==γνωρίζω== ὑμῖν ὅτι οὐδεὶς ἐν πνεύματι θεοῦ λαλῶν	1corintios 12:2	C3	==ἤγεσθε== ἀπαγόμενοι	previous-verse-final-clause	medium	suggested-cross-verse-candidate	function follows connector inventory; connector before first finite clause or source outside verse; target clause found but source clause unresolved; strong backward-looking relation; previous verse final clause available
1corintios	12	4	cn1	δὲ	coordinating	coordination	C1	διαιρέσεις δὲ χαρισμάτων ==εἰσίν== τὸ δὲ αὐτὸ πνεῦμα	1corintios 12:3	C3	==δύναται== εἰπεῖν κύριος ἰησοῦς εἰ μὴ ἐν πνεύματι ἁγίῳ	previous-verse-final-clause	low	suggested-cross-verse-candidate	function follows connector inventory; connector before first finite clause or source outside verse; target clause found but source clause unresolved; coordinating connector may continue previous verse; keep low confidence
1corintios	12	5	cn1	καὶ	coordinating	coordination	C1	καὶ διαιρέσεις διακονιῶν ==εἰσιν== καὶ ὁ αὐτὸς κύριος	1corintios 12:4	C1	διαιρέσεις δὲ χαρισμάτων ==εἰσίν== τὸ δὲ αὐτὸ πνεῦμα	previous-verse-final-clause	low	suggested-cross-verse-candidate	function follows connector inventory; connector before first finite clause or source outside verse; target clause found but source clause unresolved; coordinating connector may continue previous verse; keep low confidence
1corintios	12	6	cn1	καὶ	coordinating	coordination	C1	καὶ διαιρέσεις ἐνεργημάτων ==εἰσίν== ὁ δὲ αὐτὸς θεός ὁ ἐνεργῶν τὰ πάντα ἐν πᾶσιν	1corintios 12:5	C1	καὶ διαιρέσεις διακονιῶν ==εἰσιν== καὶ ὁ αὐτὸς κύριος	previous-verse-final-clause	low	suggested-cross-verse-candidate	function follows connector inventory; connector before first finite clause or source outside verse; target clause found but source clause unresolved; coordinating connector may continue previous verse; keep low confidence
1corintios	12	7	cn1	δὲ	coordinating	coordination	C1	ἑκάστῳ δὲ ==δίδοται== ἡ φανέρωσις τοῦ πνεύματος πρὸς τὸ συμφέρον	1corintios 12:6	C1	καὶ διαιρέσεις ἐνεργημάτων ==εἰσίν== ὁ δὲ αὐτὸς θεός ὁ ἐνεργῶν τὰ πάντα ἐν πᾶσιν	previous-verse-final-clause	low	suggested-cross-verse-candidate	function follows connector inventory; connector before first finite clause or source outside verse; target clause found but source clause unresolved; coordinating connector may continue previous verse; keep low confidence
1corintios	12	8	cn1	γὰρ	coordinating	cause/ground	C1	ᾧ μὲν γὰρ διὰ τοῦ πνεύματος ==δίδοται== λόγος σοφίας ἄλλῳ δὲ λόγος γνώσεως κατὰ τὸ αὐτὸ πνεῦμα	1corintios 12:7	C1	ἑκάστῳ δὲ ==δίδοται== ἡ φανέρωσις τοῦ πνεύματος πρὸς τὸ συμφέρον	previous-verse-final-clause	medium	suggested-cross-verse-candidate	function follows connector inventory; connector before first finite clause or source outside verse; target clause found but source clause unresolved; strong backward-looking relation; previous verse final clause available
1corintios	12	11	cn1	δὲ	coordinating	coordination	C1	πάντα δὲ ταῦτα ==ἐνεργεῖ== τὸ ἓν καὶ τὸ αὐτὸ πνεῦμα διαιροῦν ἰδίᾳ ἑκάστῳ	1corintios 12:8	C1	ᾧ μὲν γὰρ διὰ τοῦ πνεύματος ==δίδοται== λόγος σοφίας ἄλλῳ δὲ λόγος γνώσεως κατὰ τὸ αὐτὸ πνεῦμα	previous-verse-final-clause	low	suggested-cross-verse-candidate	function follows connector inventory; connector before first finite clause or source outside verse; target clause found but source clause unresolved; coordinating connector may continue previous verse; keep low confidence
1corintios	12	12	cn1	καθάπερ	subordinating	comparison/manner	C1	καθάπερ γὰρ τὸ σῶμα ἕν ==ἐστιν== καὶ μέλη πολλὰ	1corintios 12:11	C2	καθὼς ==βούλεται==	previous-verse-final-clause	low	suggested-cross-verse-candidate	context-sensitive function; keep as suggested; target finite clause found; source not available in verse; target clause found but source clause unresolved; possible cross-verse source; requires review
1corintios	12	12	cn2	γὰρ	coordinating	cause/ground	C1	καθάπερ γὰρ τὸ σῶμα ἕν ==ἐστιν== καὶ μέλη πολλὰ	1corintios 12:11	C2	καθὼς ==βούλεται==	previous-verse-final-clause	medium	suggested-cross-verse-candidate	function follows connector inventory; connector before first finite clause or source outside verse; target clause found but source clause unresolved; strong backward-looking relation; previous verse final clause available
1corintios	12	13	cn1	καὶ	coordinating	coordination	C1	καὶ γὰρ ἐν ἑνὶ πνεύματι ἡμεῖς πάντες εἰς ἓν σῶμα ==ἐβαπτίσθημεν== εἴτε ἰουδαῖοι εἴτε ἕλληνες εἴτε δοῦλοι εἴτε ἐλεύθεροι καὶ πάντες ἓν πνεῦμα	1corintios 12:12	C3	==ἐστιν== σῶμα οὕτως καὶ ὁ χριστός	previous-verse-final-clause	low	suggested-cross-verse-candidate	function follows connector inventory; connector before first finite clause or source outside verse; target clause found but source clause unresolved; coordinating connector may continue previous verse; keep low confidence
1corintios	12	13	cn2	γὰρ	coordinating	cause/ground	C1	καὶ γὰρ ἐν ἑνὶ πνεύματι ἡμεῖς πάντες εἰς ἓν σῶμα ==ἐβαπτίσθημεν== εἴτε ἰουδαῖοι εἴτε ἕλληνες εἴτε δοῦλοι εἴτε ἐλεύθεροι καὶ πάντες ἓν πνεῦμα	1corintios 12:12	C3	==ἐστιν== σῶμα οὕτως καὶ ὁ χριστός	previous-verse-final-clause	medium	suggested-cross-verse-candidate	function follows connector inventory; connector before first finite clause or source outside verse; target clause found but source clause unresolved; strong backward-looking relation; previous verse final clause available
1corintios	12	14	cn1	καὶ	coordinating	coordination	C1	καὶ γὰρ τὸ σῶμα οὐκ ==ἔστιν== ἓν μέλος ἀλλὰ πολλά	1corintios 12:13	C2	==ἐποτίσθημεν==	previous-verse-final-clause	low	suggested-cross-verse-candidate	function follows connector inventory; connector before first finite clause or source outside verse; target clause found but source clause unresolved; coordinating connector may continue previous verse; keep low confidence
1corintios	12	14	cn2	γὰρ	coordinating	cause/ground	C1	καὶ γὰρ τὸ σῶμα οὐκ ==ἔστιν== ἓν μέλος ἀλλὰ πολλά	1corintios 12:13	C2	==ἐποτίσθημεν==	previous-verse-final-clause	medium	suggested-cross-verse-candidate	function follows connector inventory; connector before first finite clause or source outside verse; target clause found but source clause unresolved; strong backward-looking relation; previous verse final clause available
1corintios	12	15	cn1	ἐὰν	subordinating	condition	C1	ἐὰν ==εἴπῃ== ὁ πούς	1corintios 12:14	C1	καὶ γὰρ τὸ σῶμα οὐκ ==ἔστιν== ἓν μέλος ἀλλὰ πολλά	previous-verse-final-clause	low	suggested-cross-verse-candidate	function follows connector inventory; target finite clause found; source not available in verse; target clause found but source clause unresolved; possible cross-verse source; requires review
1corintios	12	16	cn1	καὶ	coordinating	coordination	C1	καὶ ἐὰν ==εἴπῃ== τὸ οὖς	1corintios 12:15	C4	οὐκ ==ἔστιν== ἐκ τοῦ σώματος	previous-verse-final-clause	low	suggested-cross-verse-candidate	function follows connector inventory; connector before first finite clause or source outside verse; target clause found but source clause unresolved; coordinating connector may continue previous verse; keep low confidence
1corintios	12	16	cn2	ἐὰν	subordinating	condition	C1	καὶ ἐὰν ==εἴπῃ== τὸ οὖς	1corintios 12:15	C4	οὐκ ==ἔστιν== ἐκ τοῦ σώματος	previous-verse-final-clause	low	suggested-cross-verse-candidate	function follows connector inventory; target finite clause found; source not available in verse; target clause found but source clause unresolved; possible cross-verse source; requires review
1corintios	12	18	cn1	δὲ	coordinating	coordination	C1	νυνὶ δὲ ὁ θεὸς ==ἔθετο== τὰ μέλη ἓν ἕκαστον αὐτῶν ἐν τῷ σώματι	1corintios 12:16	C4	οὐκ ==ἔστιν== ἐκ τοῦ σώματος	previous-verse-final-clause	low	suggested-cross-verse-candidate	function follows connector inventory; connector before first finite clause or source outside verse; target clause found but source clause unresolved; coordinating connector may continue previous verse; keep low confidence
1corintios	12	19	cn1	εἰ	subordinating	condition	C1	εἰ δὲ ==ἦν== τὰ πάντα ἓν μέλος ποῦ τὸ σῶμα	1corintios 12:18	C2	καθὼς ==ἠθέλησεν==	previous-verse-final-clause	low	suggested-cross-verse-candidate	function follows connector inventory; target finite clause found; source not available in verse; target clause found but source clause unresolved; possible cross-verse source; requires review
1corintios	12	19	cn2	δὲ	coordinating	coordination	C1	εἰ δὲ ==ἦν== τὰ πάντα ἓν μέλος ποῦ τὸ σῶμα	1corintios 12:18	C2	καθὼς ==ἠθέλησεν==	previous-verse-final-clause	low	suggested-cross-verse-candidate	function follows connector inventory; connector before first finite clause or source outside verse; target clause found but source clause unresolved; coordinating connector may continue previous verse; keep low confidence
1corintios	12	22	cn1	ἀλλὰ	coordinating	contrast	C1	ἀλλὰ πολλῷ μᾶλλον τὰ δοκοῦντα μέλη τοῦ σώματος ἀσθενέστερα ὑπάρχειν ἀναγκαῖά ==ἐστιν==	1corintios 12:21	C3	οὐκ ==ἔχω==	previous-verse-final-clause	medium	suggested-cross-verse-candidate	function follows connector inventory; connector before first finite clause or source outside verse; target clause found but source clause unresolved; strong backward-looking relation; previous verse final clause available
1corintios	12	23	cn1	καὶ	coordinating	coordination	C1	καὶ ἃ ==δοκοῦμεν== ἀτιμότερα εἶναι τοῦ σώματος τούτοις τιμὴν περισσοτέραν	1corintios 12:22	C1	ἀλλὰ πολλῷ μᾶλλον τὰ δοκοῦντα μέλη τοῦ σώματος ἀσθενέστερα ὑπάρχειν ἀναγκαῖά ==ἐστιν==	previous-verse-final-clause	low	suggested-cross-verse-candidate	function follows connector inventory; connector before first finite clause or source outside verse; target clause found but source clause unresolved; coordinating connector may continue previous verse; keep low confidence
1corintios	12	24	cn1	δὲ	coordinating	coordination	C1	τὰ δὲ εὐσχήμονα ἡμῶν οὐ χρείαν ==ἔχει== ἀλλὰ ὁ θεὸς	1corintios 12:23	C3	==ἔχει==	previous-verse-final-clause	low	suggested-cross-verse-candidate	function follows connector inventory; connector before first finite clause or source outside verse; target clause found but source clause unresolved; coordinating connector may continue previous verse; keep low confidence
1corintios	12	25	cn1	ἵνα	subordinating	purpose/result	C1	ἵνα μὴ ==ᾖ== σχίσμα ἐν τῷ σώματι ἀλλὰ τὸ αὐτὸ ὑπὲρ ἀλλήλων	1corintios 12:24	C2	==συνεκέρασεν== τὸ σῶμα τῷ ὑστεροῦντι περισσοτέραν δοὺς τιμήν	previous-verse-final-clause	low	suggested-cross-verse-candidate	context-sensitive function; keep as suggested; target finite clause found; source not available in verse; target clause found but source clause unresolved; possible cross-verse source; requires review
1corintios	12	26	cn1	καὶ	coordinating	coordination	C1	καὶ εἴτε ==πάσχει== ἓν μέλος	1corintios 12:25	C2	==μεριμνῶσι== τὰ μέλη	previous-verse-final-clause	low	suggested-cross-verse-candidate	function follows connector inventory; connector before first finite clause or source outside verse; target clause found but source clause unresolved; coordinating connector may continue previous verse; keep low confidence
1corintios	12	26	cn2	εἴτε	coordinating	alternative	C1	καὶ εἴτε ==πάσχει== ἓν μέλος	1corintios 12:25	C2	==μεριμνῶσι== τὰ μέλη	previous-verse-final-clause	low	suggested-cross-verse-candidate	function follows connector inventory; connector before first finite clause or source outside verse; target clause found but source clause unresolved; coordinating connector may continue previous verse; keep low confidence
1corintios	12	27	cn1	δέ	coordinating	coordination	C1	ὑμεῖς δέ ==ἐστε== σῶμα χριστοῦ καὶ μέλη ἐκ μέρους	1corintios 12:26	C4	==συγχαίρει== πάντα τὰ μέλη	previous-verse-final-clause	low	suggested-cross-verse-candidate	function follows connector inventory; connector before first finite clause or source outside verse; target clause found but source clause unresolved; coordinating connector may continue previous verse; keep low confidence
1corintios	12	28	cn1	καὶ	coordinating	coordination	C1	καὶ οὓς μὲν ==ἔθετο== ὁ θεὸς ἐν τῇ ἐκκλησίᾳ πρῶτον ἀποστόλους δεύτερον προφήτας τρίτον διδασκάλους ἔπειτα δυνάμεις ἔπειτα χαρίσματα ἰαμάτων ἀντιλήμψεις κυβερνήσεις γένη γλωσσῶν	1corintios 12:27	C1	ὑμεῖς δέ ==ἐστε== σῶμα χριστοῦ καὶ μέλη ἐκ μέρους	previous-verse-final-clause	low	suggested-cross-verse-candidate	function follows connector inventory; connector before first finite clause or source outside verse; target clause found but source clause unresolved; coordinating connector may continue previous verse; keep low confidence
1corintios	13	1	cn1	ἐὰν	subordinating	condition	C1	ἐὰν ταῖς γλώσσαις τῶν ἀνθρώπων ==λαλῶ== καὶ τῶν ἀγγέλων ἀγάπην	1corintios 12:31	C2	==δείκνυμι==	previous-verse-final-clause	low	suggested-cross-verse-candidate	function follows connector inventory; target finite clause found; source not available in verse; target clause found but source clause unresolved; possible cross-verse source; requires review
1corintios	13	2	cn1	καὶ	coordinating	coordination	C1	καὶ ἐὰν ==ἔχω== προφητείαν	1corintios 13:1	C3	==γέγονα== χαλκὸς ἠχῶν ἢ κύμβαλον ἀλαλάζον	previous-verse-final-clause	low	suggested-cross-verse-candidate	function follows connector inventory; connector before first finite clause or source outside verse; target clause found but source clause unresolved; coordinating connector may continue previous verse; keep low confidence
1corintios	13	2	cn2	ἐὰν	subordinating	condition	C1	καὶ ἐὰν ==ἔχω== προφητείαν	1corintios 13:1	C3	==γέγονα== χαλκὸς ἠχῶν ἢ κύμβαλον ἀλαλάζον	previous-verse-final-clause	low	suggested-cross-verse-candidate	function follows connector inventory; target finite clause found; source not available in verse; target clause found but source clause unresolved; possible cross-verse source; requires review
1corintios	13	3	cn1	καὶ	coordinating	coordination	C1	καὶ ἐὰν ==ψωμίσω== πάντα τὰ ὑπάρχοντά μου ⸄καὶ ἐὰν⸅	1corintios 13:2	C5	==εἰμι==	previous-verse-final-clause	low	suggested-cross-verse-candidate	function follows connector inventory; connector before first finite clause or source outside verse; target clause found but source clause unresolved; coordinating connector may continue previous verse; keep low confidence
1corintios	13	3	cn2	ἐὰν	subordinating	condition	C1	καὶ ἐὰν ==ψωμίσω== πάντα τὰ ὑπάρχοντά μου ⸄καὶ ἐὰν⸅	1corintios 13:2	C5	==εἰμι==	previous-verse-final-clause	low	suggested-cross-verse-candidate	function follows connector inventory; target finite clause found; source not available in verse; target clause found but source clause unresolved; possible cross-verse source; requires review
1corintios	13	9	cn1	γὰρ	coordinating	cause/ground	C1	ἐκ μέρους γὰρ ==γινώσκομεν== καὶ ἐκ μέρους	1corintios 13:8	C4	==καταργηθήσεται==	previous-verse-final-clause	medium	suggested-cross-verse-candidate	function follows connector inventory; connector before first finite clause or source outside verse; target clause found but source clause unresolved; strong backward-looking relation; previous verse final clause available
1corintios	13	10	cn2	δὲ	coordinating	coordination	C1	ὅταν δὲ ==ἔλθῃ== τὸ τέλειον τὸ ἐκ μέρους	1corintios 13:9	C2	==προφητεύομεν==	previous-verse-final-clause	low	suggested-cross-verse-candidate	function follows connector inventory; connector before first finite clause or source outside verse; target clause found but source clause unresolved; coordinating connector may continue previous verse; keep low confidence
1corintios	13	13	cn1	δὲ	coordinating	coordination	C1	νυνὶ δὲ ==μένει== πίστις ἐλπίς ἀγάπη τὰ τρία ταῦτα μείζων δὲ τούτων ἡ ἀγάπη	1corintios 13:12	C4	καθὼς καὶ ==ἐπεγνώσθην==	previous-verse-final-clause	low	suggested-cross-verse-candidate	function follows connector inventory; connector before first finite clause or source outside verse; target clause found but source clause unresolved; coordinating connector may continue previous verse; keep low confidence
1corintios	14	2	cn1	γὰρ	coordinating	cause/ground	C1	ὁ γὰρ λαλῶν γλώσσῃ οὐκ ἀνθρώποις ==λαλεῖ== ἀλλὰ θεῷ οὐδεὶς γὰρ	1corintios 14:1	C3	ἵνα ==προφητεύητε==	previous-verse-final-clause	medium	suggested-cross-verse-candidate	function follows connector inventory; connector before first finite clause or source outside verse; target clause found but source clause unresolved; strong backward-looking relation; previous verse final clause available
1corintios	14	3	cn1	δὲ	coordinating	coordination	C1	ὁ δὲ προφητεύων ἀνθρώποις ==λαλεῖ== οἰκοδομὴν καὶ παράκλησιν καὶ παραμυθίαν	1corintios 14:2	C3	δὲ ==λαλεῖ== μυστήρια	previous-verse-final-clause	low	suggested-cross-verse-candidate	function follows connector inventory; connector before first finite clause or source outside verse; target clause found but source clause unresolved; coordinating connector may continue previous verse; keep low confidence
1corintios	14	6	cn1	δέ	coordinating	coordination	C1	νῦν δέ ἀδελφοί ἐὰν ==ἔλθω== πρὸς ὑμᾶς γλώσσαις λαλῶν τί ὑμᾶς	1corintios 14:5	C4	==λάβῃ==	previous-verse-final-clause	low	suggested-cross-verse-candidate	function follows connector inventory; connector before first finite clause or source outside verse; target clause found but source clause unresolved; coordinating connector may continue previous verse; keep low confidence
1corintios	14	6	cn2	ἐὰν	subordinating	condition	C1	νῦν δέ ἀδελφοί ἐὰν ==ἔλθω== πρὸς ὑμᾶς γλώσσαις λαλῶν τί ὑμᾶς	1corintios 14:5	C4	==λάβῃ==	previous-verse-final-clause	low	suggested-cross-verse-candidate	function follows connector inventory; target finite clause found; source not available in verse; target clause found but source clause unresolved; possible cross-verse source; requires review
1corintios	14	7	cn1	εἴτε	coordinating	alternative	C1	ὅμως τὰ ἄψυχα φωνὴν διδόντα εἴτε αὐλὸς εἴτε κιθάρα ἐὰν διαστολὴν τοῖς φθόγγοις μὴ ==δῷ== πῶς	1corintios 14:6	C3	==λαλήσω== ἢ ἐν ἀποκαλύψει ἢ ἐν γνώσει ἢ ἐν προφητείᾳ ἢ ἐν διδαχῇ	previous-verse-final-clause	low	suggested-cross-verse-candidate	function follows connector inventory; connector before first finite clause or source outside verse; target clause found but source clause unresolved; coordinating connector may continue previous verse; keep low confidence
1corintios	14	7	cn2	εἴτε	coordinating	alternative	C1	ὅμως τὰ ἄψυχα φωνὴν διδόντα εἴτε αὐλὸς εἴτε κιθάρα ἐὰν διαστολὴν τοῖς φθόγγοις μὴ ==δῷ== πῶς	1corintios 14:6	C3	==λαλήσω== ἢ ἐν ἀποκαλύψει ἢ ἐν γνώσει ἢ ἐν προφητείᾳ ἢ ἐν διδαχῇ	previous-verse-final-clause	low	suggested-cross-verse-candidate	function follows connector inventory; connector before first finite clause or source outside verse; target clause found but source clause unresolved; coordinating connector may continue previous verse; keep low confidence
1corintios	14	7	cn3	ἐὰν	subordinating	condition	C1	ὅμως τὰ ἄψυχα φωνὴν διδόντα εἴτε αὐλὸς εἴτε κιθάρα ἐὰν διαστολὴν τοῖς φθόγγοις μὴ ==δῷ== πῶς	1corintios 14:6	C3	==λαλήσω== ἢ ἐν ἀποκαλύψει ἢ ἐν γνώσει ἢ ἐν προφητείᾳ ἢ ἐν διδαχῇ	previous-verse-final-clause	low	suggested-cross-verse-candidate	function follows connector inventory; target finite clause found; source not available in verse; target clause found but source clause unresolved; possible cross-verse source; requires review
1corintios	14	8	cn1	καὶ	coordinating	coordination	C1	καὶ γὰρ ἐὰν ἄδηλον φωνὴν σάλπιγξ ==δῷ== τίς	1corintios 14:7	C2	==γνωσθήσεται== τὸ αὐλούμενον ἢ τὸ κιθαριζόμενον	previous-verse-final-clause	low	suggested-cross-verse-candidate	function follows connector inventory; connector before first finite clause or source outside verse; target clause found but source clause unresolved; coordinating connector may continue previous verse; keep low confidence
1corintios	14	8	cn2	γὰρ	coordinating	cause/ground	C1	καὶ γὰρ ἐὰν ἄδηλον φωνὴν σάλπιγξ ==δῷ== τίς	1corintios 14:7	C2	==γνωσθήσεται== τὸ αὐλούμενον ἢ τὸ κιθαριζόμενον	previous-verse-final-clause	medium	suggested-cross-verse-candidate	function follows connector inventory; connector before first finite clause or source outside verse; target clause found but source clause unresolved; strong backward-looking relation; previous verse final clause available
1corintios	14	8	cn3	ἐὰν	subordinating	condition	C1	καὶ γὰρ ἐὰν ἄδηλον φωνὴν σάλπιγξ ==δῷ== τίς	1corintios 14:7	C2	==γνωσθήσεται== τὸ αὐλούμενον ἢ τὸ κιθαριζόμενον	previous-verse-final-clause	low	suggested-cross-verse-candidate	function follows connector inventory; target finite clause found; source not available in verse; target clause found but source clause unresolved; possible cross-verse source; requires review
1corintios	14	9	cn1	καὶ	coordinating	coordination	C1	οὕτως καὶ ὑμεῖς διὰ τῆς γλώσσης ἐὰν μὴ εὔσημον λόγον ==δῶτε== πῶς	1corintios 14:8	C2	==παρασκευάσεται== εἰς πόλεμον	previous-verse-final-clause	low	suggested-cross-verse-candidate	function follows connector inventory; connector before first finite clause or source outside verse; target clause found but source clause unresolved; coordinating connector may continue previous verse; keep low confidence
1corintios	14	9	cn2	ἐὰν	subordinating	condition	C1	οὕτως καὶ ὑμεῖς διὰ τῆς γλώσσης ἐὰν μὴ εὔσημον λόγον ==δῶτε== πῶς	1corintios 14:8	C2	==παρασκευάσεται== εἰς πόλεμον	previous-verse-final-clause	low	suggested-cross-verse-candidate	function follows connector inventory; target finite clause found; source not available in verse; target clause found but source clause unresolved; possible cross-verse source; requires review
1corintios	14	10	cn1	εἰ	subordinating	condition	C1	τοσαῦτα εἰ τύχοι γένη φωνῶν ==εἰσιν== ἐν κόσμῳ καὶ οὐδὲν ἄφωνον	1corintios 14:9	C3	==ἔσεσθε== γὰρ εἰς ἀέρα λαλοῦντες	previous-verse-final-clause	low	suggested-cross-verse-candidate	function follows connector inventory; target finite clause found; source not available in verse; target clause found but source clause unresolved; possible cross-verse source; requires review
1corintios	14	11	cn1	ἐὰν	subordinating	condition	C1	ἐὰν οὖν μὴ ==εἰδῶ== τὴν δύναμιν τῆς φωνῆς	1corintios 14:10	C1	τοσαῦτα εἰ τύχοι γένη φωνῶν ==εἰσιν== ἐν κόσμῳ καὶ οὐδὲν ἄφωνον	previous-verse-final-clause	low	suggested-cross-verse-candidate	function follows connector inventory; target finite clause found; source not available in verse; target clause found but source clause unresolved; possible cross-verse source; requires review
1corintios	14	11	cn2	οὖν	coordinating	inference	C1	ἐὰν οὖν μὴ ==εἰδῶ== τὴν δύναμιν τῆς φωνῆς	1corintios 14:10	C1	τοσαῦτα εἰ τύχοι γένη φωνῶν ==εἰσιν== ἐν κόσμῳ καὶ οὐδὲν ἄφωνον	previous-verse-final-clause	medium	suggested-cross-verse-candidate	function follows connector inventory; connector before first finite clause or source outside verse; target clause found but source clause unresolved; strong backward-looking relation; previous verse final clause available
1corintios	14	12	cn1	καὶ	coordinating	coordination	C1	οὕτως καὶ ὑμεῖς ἐπεὶ ζηλωταί ==ἐστε== πνευμάτων πρὸς τὴν οἰκοδομὴν τῆς ἐκκλησίας	1corintios 14:11	C2	==ἔσομαι== τῷ λαλοῦντι βάρβαρος καὶ ὁ λαλῶν ἐν ἐμοὶ βάρβαρος	previous-verse-final-clause	low	suggested-cross-verse-candidate	function follows connector inventory; connector before first finite clause or source outside verse; target clause found but source clause unresolved; coordinating connector may continue previous verse; keep low confidence
1corintios	14	13	cn1	διὸ	coordinating	inference	C1	διὸ ὁ λαλῶν γλώσσῃ ==προσευχέσθω==	1corintios 14:12	C3	ἵνα ==περισσεύητε==	previous-verse-final-clause	medium	suggested-cross-verse-candidate	function follows connector inventory; connector before first finite clause or source outside verse; target clause found but source clause unresolved; strong backward-looking relation; previous verse final clause available
1corintios	14	14	cn1	ἐὰν	subordinating	condition	C1	ἐὰν γὰρ ==προσεύχωμαι== γλώσσῃ τὸ πνεῦμά μου	1corintios 14:13	C2	ἵνα ==διερμηνεύῃ==	previous-verse-final-clause	low	suggested-cross-verse-candidate	function follows connector inventory; target finite clause found; source not available in verse; target clause found but source clause unresolved; possible cross-verse source; requires review
1corintios	14	14	cn2	γὰρ	coordinating	cause/ground	C1	ἐὰν γὰρ ==προσεύχωμαι== γλώσσῃ τὸ πνεῦμά μου	1corintios 14:13	C2	ἵνα ==διερμηνεύῃ==	previous-verse-final-clause	medium	suggested-cross-verse-candidate	function follows connector inventory; connector before first finite clause or source outside verse; target clause found but source clause unresolved; strong backward-looking relation; previous verse final clause available
1corintios	14	15	cn1	οὖν	coordinating	inference	C1	τί οὖν ==ἐστιν==	1corintios 14:14	C3	==ἐστιν==	previous-verse-final-clause	medium	suggested-cross-verse-candidate	function follows connector inventory; connector before first finite clause or source outside verse; target clause found but source clause unresolved; strong backward-looking relation; previous verse final clause available
1corintios	14	16	cn2	ἐὰν	subordinating	condition	C1	ἐπεὶ ἐὰν ==εὐλογῇς== πνεύματι ὁ ἀναπληρῶν τὸν τόπον τοῦ ἰδιώτου πῶς	1corintios 14:15	C5	==ψαλῶ== δὲ καὶ τῷ νοΐ	previous-verse-final-clause	low	suggested-cross-verse-candidate	function follows connector inventory; target finite clause found; source not available in verse; target clause found but source clause unresolved; possible cross-verse source; requires review
1corintios	14	17	cn1	γὰρ	coordinating	cause/ground	C1	σὺ μὲν γὰρ καλῶς ==εὐχαριστεῖς== ἀλλʼ ὁ ἕτερος	1corintios 14:16	C4	οὐκ ==οἶδεν==	previous-verse-final-clause	medium	suggested-cross-verse-candidate	function follows connector inventory; connector before first finite clause or source outside verse; target clause found but source clause unresolved; strong backward-looking relation; previous verse final clause available
1corintios	14	19	cn1	ἀλλὰ	coordinating	contrast	C1	ἀλλὰ ἐν ἐκκλησίᾳ ==θέλω== πέντε λόγους τῷ νοΐ μου λαλῆσαι ἵνα καὶ ἄλλους	1corintios 14:18	C2	==λαλῶ==	previous-verse-final-clause	medium	suggested-cross-verse-candidate	function follows connector inventory; connector before first finite clause or source outside verse; target clause found but source clause unresolved; strong backward-looking relation; previous verse final clause available
1corintios	14	22	cn1	ὥστε	subordinating	result/inference	C1	ὥστε αἱ γλῶσσαι εἰς σημεῖόν ==εἰσιν== οὐ τοῖς πιστεύουσιν ἀλλὰ τοῖς ἀπίστοις ἡ δὲ προφητεία οὐ τοῖς ἀπίστοις ἀλλὰ τοῖς πιστεύουσιν	1corintios 14:21	C4	==λέγει== κύριος	previous-verse-final-clause	medium	suggested-cross-verse-candidate	context-sensitive function; keep as suggested; target finite clause found; source not available in verse; target clause found but source clause unresolved; strong backward-looking relation; previous verse final clause available
1corintios	14	23	cn1	ἐὰν	subordinating	condition	C1	ἐὰν οὖν ==συνέλθῃ== ἡ ἐκκλησία ὅλη ἐπὶ τὸ αὐτὸ καὶ πάντες	1corintios 14:22	C1	ὥστε αἱ γλῶσσαι εἰς σημεῖόν ==εἰσιν== οὐ τοῖς πιστεύουσιν ἀλλὰ τοῖς ἀπίστοις ἡ δὲ προφητεία οὐ τοῖς ἀπίστοις ἀλλὰ τοῖς πιστεύουσιν	previous-verse-final-clause	low	suggested-cross-verse-candidate	function follows connector inventory; target finite clause found; source not available in verse; target clause found but source clause unresolved; possible cross-verse source; requires review
1corintios	14	23	cn2	οὖν	coordinating	inference	C1	ἐὰν οὖν ==συνέλθῃ== ἡ ἐκκλησία ὅλη ἐπὶ τὸ αὐτὸ καὶ πάντες	1corintios 14:22	C1	ὥστε αἱ γλῶσσαι εἰς σημεῖόν ==εἰσιν== οὐ τοῖς πιστεύουσιν ἀλλὰ τοῖς ἀπίστοις ἡ δὲ προφητεία οὐ τοῖς ἀπίστοις ἀλλὰ τοῖς πιστεύουσιν	previous-verse-final-clause	medium	suggested-cross-verse-candidate	function follows connector inventory; connector before first finite clause or source outside verse; target clause found but source clause unresolved; strong backward-looking relation; previous verse final clause available
1corintios	14	24	cn1	ἐὰν	subordinating	condition	C1	ἐὰν δὲ πάντες ==προφητεύωσιν==	1corintios 14:23	C5	ὅτι ==μαίνεσθε==	previous-verse-final-clause	low	suggested-cross-verse-candidate	function follows connector inventory; target finite clause found; source not available in verse; target clause found but source clause unresolved; possible cross-verse source; requires review
1corintios	14	24	cn2	δὲ	coordinating	coordination	C1	ἐὰν δὲ πάντες ==προφητεύωσιν==	1corintios 14:23	C5	ὅτι ==μαίνεσθε==	previous-verse-final-clause	low	suggested-cross-verse-candidate	function follows connector inventory; connector before first finite clause or source outside verse; target clause found but source clause unresolved; coordinating connector may continue previous verse; keep low confidence
1corintios	14	26	cn1	οὖν	coordinating	inference	C1	τί οὖν ==ἐστιν== ἀδελφοί	1corintios 14:25	C3	==ἐστιν==	previous-verse-final-clause	medium	suggested-cross-verse-candidate	function follows connector inventory; connector before first finite clause or source outside verse; target clause found but source clause unresolved; strong backward-looking relation; previous verse final clause available
1corintios	14	27	cn1	εἴτε	coordinating	alternative	C1	εἴτε γλώσσῃ τις ==λαλεῖ== κατὰ δύο ἢ τὸ πλεῖστον τρεῖς καὶ ἀνὰ μέρος καὶ εἷς	1corintios 14:26	C8	==γινέσθω==	previous-verse-final-clause	low	suggested-cross-verse-candidate	function follows connector inventory; connector before first finite clause or source outside verse; target clause found but source clause unresolved; coordinating connector may continue previous verse; keep low confidence
1corintios	14	28	cn1	ἐὰν	subordinating	condition	C1	ἐὰν δὲ μὴ ==ᾖ== διερμηνευτής	1corintios 14:27	C2	==διερμηνευέτω==	previous-verse-final-clause	low	suggested-cross-verse-candidate	function follows connector inventory; target finite clause found; source not available in verse; target clause found but source clause unresolved; possible cross-verse source; requires review
1corintios	14	28	cn2	δὲ	coordinating	coordination	C1	ἐὰν δὲ μὴ ==ᾖ== διερμηνευτής	1corintios 14:27	C2	==διερμηνευέτω==	previous-verse-final-clause	low	suggested-cross-verse-candidate	function follows connector inventory; connector before first finite clause or source outside verse; target clause found but source clause unresolved; coordinating connector may continue previous verse; keep low confidence
1corintios	14	29	cn1	δὲ	coordinating	coordination	C1	προφῆται δὲ δύο ἢ τρεῖς ==λαλείτωσαν== καὶ οἱ ἄλλοι	1corintios 14:28	C3	δὲ ==λαλείτω== καὶ τῷ θεῷ	previous-verse-final-clause	low	suggested-cross-verse-candidate	function follows connector inventory; connector before first finite clause or source outside verse; target clause found but source clause unresolved; coordinating connector may continue previous verse; keep low confidence
1corintios	14	29	cn2	ἢ	coordinating	alternative/comparison	C1	προφῆται δὲ δύο ἢ τρεῖς ==λαλείτωσαν== καὶ οἱ ἄλλοι	1corintios 14:28	C3	δὲ ==λαλείτω== καὶ τῷ θεῷ	previous-verse-final-clause	low	suggested-cross-verse-candidate	context-sensitive function; keep as suggested; connector before first finite clause or source outside verse; target clause found but source clause unresolved; coordinating connector may continue previous verse; keep low confidence
1corintios	14	30	cn1	ἐὰν	subordinating	condition	C1	ἐὰν δὲ ἄλλῳ ==ἀποκαλυφθῇ== καθημένῳ ὁ πρῶτος	1corintios 14:29	C2	==διακρινέτωσαν==	previous-verse-final-clause	low	suggested-cross-verse-candidate	function follows connector inventory; target finite clause found; source not available in verse; target clause found but source clause unresolved; possible cross-verse source; requires review
1corintios	14	30	cn2	δὲ	coordinating	coordination	C1	ἐὰν δὲ ἄλλῳ ==ἀποκαλυφθῇ== καθημένῳ ὁ πρῶτος	1corintios 14:29	C2	==διακρινέτωσαν==	previous-verse-final-clause	low	suggested-cross-verse-candidate	function follows connector inventory; connector before first finite clause or source outside verse; target clause found but source clause unresolved; coordinating connector may continue previous verse; keep low confidence
1corintios	14	32	cn1	καὶ	coordinating	coordination	C1	καὶ πνεύματα προφητῶν προφήταις ==ὑποτάσσεται==	1corintios 14:31	C3	==παρακαλῶνται==	previous-verse-final-clause	low	suggested-cross-verse-candidate	function follows connector inventory; connector before first finite clause or source outside verse; target clause found but source clause unresolved; coordinating connector may continue previous verse; keep low confidence
1corintios	14	33	cn2	γάρ	coordinating	cause/ground	C1	οὐ γάρ ==ἐστιν== ἀκαταστασίας ὁ θεὸς ἀλλὰ εἰρήνης ὡς ἐν πάσαις ταῖς ἐκκλησίαις τῶν ἁγίων	1corintios 14:32	C1	καὶ πνεύματα προφητῶν προφήταις ==ὑποτάσσεται==	previous-verse-final-clause	medium	suggested-cross-verse-candidate	function follows connector inventory; connector before first finite clause or source outside verse; target clause found but source clause unresolved; strong backward-looking relation; previous verse final clause available
1corintios	14	35	cn1	εἰ	subordinating	condition	C1	εἰ δέ τι μαθεῖν ==θέλουσιν== ἐν οἴκῳ τοὺς ἰδίους ἄνδρας	1corintios 14:34	C4	==λέγει==	previous-verse-final-clause	low	suggested-cross-verse-candidate	function follows connector inventory; target finite clause found; source not available in verse; target clause found but source clause unresolved; possible cross-verse source; requires review
1corintios	14	35	cn2	δέ	coordinating	coordination	C1	εἰ δέ τι μαθεῖν ==θέλουσιν== ἐν οἴκῳ τοὺς ἰδίους ἄνδρας	1corintios 14:34	C4	==λέγει==	previous-verse-final-clause	low	suggested-cross-verse-candidate	function follows connector inventory; connector before first finite clause or source outside verse; target clause found but source clause unresolved; coordinating connector may continue previous verse; keep low confidence
1corintios	14	36	cn1	ἢ	coordinating	alternative/comparison	C1	ἢ ἀφʼ ὑμῶν ὁ λόγος τοῦ θεοῦ ==ἐξῆλθεν== ἢ εἰς ὑμᾶς μόνους	1corintios 14:35	C3	==ἐστιν== γυναικὶ λαλεῖν ἐν ἐκκλησίᾳ	previous-verse-final-clause	low	suggested-cross-verse-candidate	context-sensitive function; keep as suggested; connector before first finite clause or source outside verse; target clause found but source clause unresolved; coordinating connector may continue previous verse; keep low confidence
1corintios	14	37	cn1	εἴ	subordinating	condition	C1	εἴ τις ==δοκεῖ== προφήτης εἶναι ἢ πνευματικός	1corintios 14:36	C2	==κατήντησεν==	previous-verse-final-clause	low	suggested-cross-verse-candidate	function follows connector inventory; target finite clause found; source not available in verse; target clause found but source clause unresolved; possible cross-verse source; requires review
1corintios	14	38	cn1	εἰ	subordinating	condition	C1	εἰ δέ τις ==ἀγνοεῖ==	1corintios 14:37	C4	==ἐστίν==	previous-verse-final-clause	low	suggested-cross-verse-candidate	function follows connector inventory; target finite clause found; source not available in verse; target clause found but source clause unresolved; possible cross-verse source; requires review
1corintios	14	38	cn2	δέ	coordinating	coordination	C1	εἰ δέ τις ==ἀγνοεῖ==	1corintios 14:37	C4	==ἐστίν==	previous-verse-final-clause	low	suggested-cross-verse-candidate	function follows connector inventory; connector before first finite clause or source outside verse; target clause found but source clause unresolved; coordinating connector may continue previous verse; keep low confidence
1corintios	14	39	cn1	ὥστε	subordinating	result/inference	C1	ὥστε ἀδελφοί μου ==ζηλοῦτε== τὸ προφητεύειν καὶ τὸ λαλεῖν	1corintios 14:38	C2	==ἀγνοεῖται==	previous-verse-final-clause	medium	suggested-cross-verse-candidate	context-sensitive function; keep as suggested; target finite clause found; source not available in verse; target clause found but source clause unresolved; strong backward-looking relation; previous verse final clause available
1corintios	14	40	cn1	δὲ	coordinating	coordination	C1	πάντα δὲ εὐσχημόνως καὶ κατὰ τάξιν ==γινέσθω==	1corintios 14:39	C2	μὴ ==κωλύετε== γλώσσαις	previous-verse-final-clause	low	suggested-cross-verse-candidate	function follows connector inventory; connector before first finite clause or source outside verse; target clause found but source clause unresolved; coordinating connector may continue previous verse; keep low confidence
1corintios	14	40	cn2	καὶ	coordinating	coordination	C1	πάντα δὲ εὐσχημόνως καὶ κατὰ τάξιν ==γινέσθω==	1corintios 14:39	C2	μὴ ==κωλύετε== γλώσσαις	previous-verse-final-clause	low	suggested-cross-verse-candidate	function follows connector inventory; connector before first finite clause or source outside verse; target clause found but source clause unresolved; coordinating connector may continue previous verse; keep low confidence
