BOOK	CH	VS	CN_ID	G_IDX	GREEK	LEMMA	RMAC	DETECTED_CERTAINTY	CONNECTOR_KIND	DEFAULT_RELATION	LEVEL1_DETECTED	LEVEL2_CATEGORY_CERTAINTY	LEVEL3_SUGGESTED_FUNCTION	LEVEL3_CONFIDENCE	LEVEL4_SUGGESTED_SOURCE	LEVEL4_SUGGESTED_TARGET	LEVEL4_CONFIDENCE	STATUS	NOTES
1corintios	1	1	cn1	09	καὶ	καί	CONJ	certain	coordinating	coordination	yes	high	coordinate/add	high			low	suggested	function follows connector inventory; no finite clause anchor found in verse
1corintios	1	2	cn1	30	καὶ	καί	CONJ	certain	coordinating	coordination	yes	high	coordinate/add	high			low	suggested	function follows connector inventory; no finite clause anchor found in verse
1corintios	1	3	cn1	03	καὶ	καί	CONJ	certain	coordinating	coordination	yes	high	coordinate/add	high			low	suggested	function follows connector inventory; no finite clause anchor found in verse
1corintios	1	3	cn2	09	καὶ	καί	CONJ	certain	coordinating	coordination	yes	high	coordinate/add	high			low	suggested	function follows connector inventory; no finite clause anchor found in verse
1corintios	1	5	cn1	01	ὅτι	ὅτι	CONJ	certain	subordinating	content/cause	yes	high	content-or-cause	medium		C1	low	suggested	context-sensitive function; keep as suggested; target finite clause found; source not available in verse
1corintios	1	5	cn2	10	καὶ	καί	CONJ	certain	coordinating	coordination	yes	high	coordinate/add	high	C1		low	suggested	function follows connector inventory; connector after last finite clause or target outside verse
1corintios	1	6	cn1	01	καθὼς	καθώς	CONJ	certain	subordinating	comparison/manner	yes	high	comparison/manner	medium		C1	low	suggested	context-sensitive function; keep as suggested; target finite clause found; source not available in verse
1corintios	1	7	cn1	01	ὥστε	ὥστε	CONJ	certain	subordinating	result/inference	yes	high	result/inference	medium			low	suggested	context-sensitive function; keep as suggested; no target finite clause found in verse
1corintios	1	7	cn2	03	μὴ	μή	D---------	certain	negation	negation	yes	high	negation	high			none	suggested	function follows connector inventory; negation detected; no clause connection suggested
1corintios	1	8	cn1	02	καὶ	καί	D---------	certain	coordinating	coordination	yes	high	coordinate/add	high		C1	low	suggested	function follows connector inventory; connector before first finite clause or source outside verse
1corintios	1	8	cn2	05	ἕως	ἕως	P---------	certain	subordinating	temporal	yes	high	temporal	high			low	suggested	function follows connector inventory; no target finite clause found in verse
1corintios	1	10	cn1	02	δὲ	δέ	CONJ	certain	coordinating	coordination	yes	high	coordinate/add	high	C1	C2	medium	suggested	function follows connector inventory; coordinating connector between finite clauses
1corintios	1	10	cn2	13	ἵνα	ἵνα	CONJ	certain	subordinating	purpose/result	yes	high	purpose/result	medium	C1	C2	medium	suggested	context-sensitive function; keep as suggested; subordinating connector before/near target finite clause
1corintios	1	10	cn3	18	καὶ	καί	CONJ	certain	coordinating	coordination	yes	high	coordinate/add	high	C2	C3	medium	suggested	function follows connector inventory; coordinating connector between finite clauses
1corintios	1	10	cn4	19	μὴ	μή	D---------	certain	negation	negation	yes	high	negation	high			none	suggested	function follows connector inventory; negation detected; no clause connection suggested
1corintios	1	10	cn5	25	δὲ	δέ	CONJ	certain	coordinating	coordination	yes	high	coordinate/add	high	C4		low	suggested	function follows connector inventory; connector after last finite clause or target outside verse
1corintios	1	10	cn6	31	καὶ	καί	CONJ	certain	coordinating	coordination	yes	high	coordinate/add	high	C4		low	suggested	function follows connector inventory; connector after last finite clause or target outside verse
1corintios	1	11	cn1	02	γάρ	γάρ	CONJ	certain	coordinating	cause/ground	yes	high	ground/explanation	high	C1	C2	medium	suggested	function follows connector inventory; coordinating connector between finite clauses
1corintios	1	11	cn2	11	ὅτι	ὅτι	CONJ	certain	subordinating	content/cause	yes	high	content-or-cause	medium	C1	C2	medium	suggested	context-sensitive function; keep as suggested; subordinating connector before/near target finite clause
1corintios	1	12	cn1	02	δὲ	δέ	CONJ	certain	coordinating	coordination	yes	high	coordinate/add	high	C1	C2	medium	suggested	function follows connector inventory; coordinating connector between finite clauses
1corintios	1	12	cn2	04	ὅτι	ὅτι	D---------	certain	subordinating	content/cause	yes	high	content-or-cause	medium	C1	C2	medium	suggested	context-sensitive function; keep as suggested; subordinating connector before/near target finite clause
1corintios	1	12	cn3	13	δὲ	δέ	CONJ	certain	coordinating	coordination	yes	high	coordinate/add	high	C3		low	suggested	function follows connector inventory; connector after last finite clause or target outside verse
1corintios	1	12	cn4	16	δὲ	δέ	CONJ	certain	coordinating	coordination	yes	high	coordinate/add	high	C3		low	suggested	function follows connector inventory; connector after last finite clause or target outside verse
1corintios	1	12	cn5	19	δὲ	δέ	CONJ	certain	coordinating	coordination	yes	high	coordinate/add	high	C3		low	suggested	function follows connector inventory; connector after last finite clause or target outside verse
1corintios	1	13	cn1	04	μὴ	μή	X---------	certain	negation	negation	yes	high	negation	high			none	suggested	function follows connector inventory; negation detected; no clause connection suggested
1corintios	1	13	cn2	09	ἢ	ἤ	CONJ	certain	coordinating	alternative/comparison	yes	high	alternative/comparison	medium	C2	C3	medium	suggested	context-sensitive function; keep as suggested; coordinating connector between finite clauses
1corintios	1	14	cn1	02	ὅτι	ὅτι	CONJ	certain	subordinating	content/cause	yes	high	content-or-cause	medium	C1	C2	medium	suggested	context-sensitive function; keep as suggested; subordinating connector before/near target finite clause
1corintios	1	14	cn2	06	εἰ	εἰ	CONJ	certain	subordinating	condition	yes	high	condition	high			low	suggested	function follows connector inventory; no target finite clause found in verse
1corintios	1	14	cn3	07	μὴ	μή	D---------	certain	negation	negation	yes	high	negation	high			none	suggested	function follows connector inventory; negation detected; no clause connection suggested
1corintios	1	14	cn4	09	καὶ	καί	CONJ	certain	coordinating	coordination	yes	high	coordinate/add	high	C2		low	suggested	function follows connector inventory; connector after last finite clause or target outside verse
1corintios	1	15	cn1	01	ἵνα	ἵνα	CONJ	certain	subordinating	purpose/result	yes	high	purpose/result	medium		C1	low	suggested	context-sensitive function; keep as suggested; target finite clause found; source not available in verse
1corintios	1	15	cn2	02	μή	μή	D---------	certain	negation	negation	yes	high	negation	high			none	suggested	function follows connector inventory; negation detected; no clause connection suggested
1corintios	1	15	cn3	05	ὅτι	ὅτι	CONJ	certain	subordinating	content/cause	yes	high	content-or-cause	medium	C1	C2	medium	suggested	context-sensitive function; keep as suggested; subordinating connector before/near target finite clause
1corintios	1	16	cn1	02	δὲ	δέ	CONJ	certain	coordinating	coordination	yes	high	coordinate/add	high	C1	C2	medium	suggested	function follows connector inventory; coordinating connector between finite clauses
1corintios	1	16	cn2	03	καὶ	καί	D---------	certain	coordinating	coordination	yes	high	coordinate/add	high	C1	C2	medium	suggested	function follows connector inventory; coordinating connector between finite clauses
1corintios	1	16	cn3	08	οὐκ	οὐ	D---------	certain	negation	negation	yes	high	negation	high			none	suggested	function follows connector inventory; negation detected; no clause connection suggested
1corintios	1	16	cn4	10	εἴ	εἰ	X---------	certain	subordinating	condition	yes	high	condition	high	C2	C3	medium	suggested	function follows connector inventory; subordinating connector before/near target finite clause
1corintios	1	17	cn1	01	οὐ	οὐ	D---------	certain	negation	negation	yes	high	negation	high			none	suggested	function follows connector inventory; negation detected; no clause connection suggested
1corintios	1	17	cn2	02	γὰρ	γάρ	CONJ	certain	coordinating	cause/ground	yes	high	ground/explanation	high		C1	low	suggested	function follows connector inventory; connector before first finite clause or source outside verse
1corintios	1	17	cn3	07	ἀλλὰ	ἀλλά	CONJ	certain	coordinating	contrast	yes	high	contrast	high	C1	C2	medium	suggested	function follows connector inventory; coordinating connector between finite clauses
1corintios	1	17	cn4	09	οὐκ	οὐ	D---------	certain	negation	negation	yes	high	negation	high			none	suggested	function follows connector inventory; negation detected; no clause connection suggested
1corintios	1	17	cn5	13	ἵνα	ἵνα	CONJ	certain	subordinating	purpose/result	yes	high	purpose/result	medium	C1	C2	medium	suggested	context-sensitive function; keep as suggested; subordinating connector before/near target finite clause
1corintios	1	17	cn6	14	μὴ	μή	D---------	certain	negation	negation	yes	high	negation	high			none	suggested	function follows connector inventory; negation detected; no clause connection suggested
1corintios	1	18	cn1	03	γὰρ	γάρ	CONJ	certain	coordinating	cause/ground	yes	high	ground/explanation	high		C1	low	suggested	function follows connector inventory; connector before first finite clause or source outside verse
1corintios	1	18	cn2	13	δὲ	δέ	CONJ	certain	coordinating	coordination	yes	high	coordinate/add	high	C1	C2	medium	suggested	function follows connector inventory; coordinating connector between finite clauses
1corintios	1	19	cn1	02	γάρ	γάρ	CONJ	certain	coordinating	cause/ground	yes	high	ground/explanation	high	C1	C2	medium	suggested	function follows connector inventory; coordinating connector between finite clauses
1corintios	1	19	cn2	08	καὶ	καί	CONJ	certain	coordinating	coordination	yes	high	coordinate/add	high	C2	C3	medium	suggested	function follows connector inventory; coordinating connector between finite clauses
1corintios	1	21	cn1	01	ἐπειδὴ	ἐπειδή	CONJ	certain	subordinating	cause/ground	yes	high	ground/explanation	high		C1	low	suggested	function follows connector inventory; target finite clause found; source not available in verse
1corintios	1	21	cn2	02	γὰρ	γάρ	CONJ	certain	coordinating	cause/ground	yes	high	ground/explanation	high		C1	low	suggested	function follows connector inventory; connector before first finite clause or source outside verse
1corintios	1	21	cn3	08	οὐκ	οὐ	D---------	certain	negation	negation	yes	high	negation	high			none	suggested	function follows connector inventory; negation detected; no clause connection suggested
1corintios	1	22	cn1	01	ἐπειδὴ	ἐπειδή	CONJ	certain	subordinating	cause/ground	yes	high	ground/explanation	high		C1	low	suggested	function follows connector inventory; target finite clause found; source not available in verse
1corintios	1	22	cn2	02	καὶ	καί	CONJ	certain	coordinating	coordination	yes	high	coordinate/add	high		C1	low	suggested	function follows connector inventory; connector before first finite clause or source outside verse
1corintios	1	22	cn3	06	καὶ	καί	CONJ	certain	coordinating	coordination	yes	high	coordinate/add	high	C1	C2	medium	suggested	function follows connector inventory; coordinating connector between finite clauses
1corintios	1	23	cn1	02	δὲ	δέ	CONJ	certain	coordinating	coordination	yes	high	coordinate/add	high		C1	low	suggested	function follows connector inventory; connector before first finite clause or source outside verse
1corintios	1	23	cn2	10	δὲ	δέ	CONJ	certain	coordinating	coordination	yes	high	coordinate/add	high	C1		low	suggested	function follows connector inventory; connector after last finite clause or target outside verse
1corintios	1	24	cn1	02	δὲ	δέ	CONJ	certain	coordinating	coordination	yes	high	coordinate/add	high			low	suggested	function follows connector inventory; no finite clause anchor found in verse
1corintios	1	24	cn2	06	τε	τέ	CONJ	certain	coordinating	coordination	yes	high	coordinate/add	high			low	suggested	function follows connector inventory; no finite clause anchor found in verse
1corintios	1	24	cn3	07	καὶ	καί	CONJ	certain	coordinating	coordination	yes	high	coordinate/add	high			low	suggested	function follows connector inventory; no finite clause anchor found in verse
1corintios	1	24	cn4	12	καὶ	καί	CONJ	certain	coordinating	coordination	yes	high	coordinate/add	high			low	suggested	function follows connector inventory; no finite clause anchor found in verse
1corintios	1	25	cn1	01	ὅτι	ὅτι	CONJ	certain	subordinating	content/cause	yes	high	content-or-cause	medium		C1	low	suggested	context-sensitive function; keep as suggested; target finite clause found; source not available in verse
1corintios	1	25	cn2	10	καὶ	καί	CONJ	certain	coordinating	coordination	yes	high	coordinate/add	high	C1		low	suggested	function follows connector inventory; connector after last finite clause or target outside verse
1corintios	1	26	cn1	02	γὰρ	γάρ	CONJ	certain	coordinating	cause/ground	yes	high	ground/explanation	high	C1		low	suggested	function follows connector inventory; connector after last finite clause or target outside verse
1corintios	1	26	cn2	07	ὅτι	ὅτι	D---------	certain	subordinating	content/cause	yes	high	content-or-cause	medium			low	suggested	context-sensitive function; keep as suggested; no target finite clause found in verse
1corintios	1	26	cn3	08	οὐ	οὐ	D---------	certain	negation	negation	yes	high	negation	high			none	suggested	function follows connector inventory; negation detected; no clause connection suggested
1corintios	1	26	cn4	13	οὐ	οὐ	D---------	certain	negation	negation	yes	high	negation	high			none	suggested	function follows connector inventory; negation detected; no clause connection suggested
1corintios	1	26	cn5	16	οὐ	οὐ	D---------	certain	negation	negation	yes	high	negation	high			none	suggested	function follows connector inventory; negation detected; no clause connection suggested
1corintios	1	27	cn1	01	ἀλλὰ	ἀλλά	CONJ	certain	coordinating	contrast	yes	high	contrast	high		C1	low	suggested	function follows connector inventory; connector before first finite clause or source outside verse
1corintios	1	27	cn2	09	ἵνα	ἵνα	CONJ	certain	subordinating	purpose/result	yes	high	purpose/result	medium	C1	C2	medium	suggested	context-sensitive function; keep as suggested; subordinating connector before/near target finite clause
1corintios	1	27	cn3	13	καὶ	καί	CONJ	certain	coordinating	coordination	yes	high	coordinate/add	high	C2	C3	medium	suggested	function follows connector inventory; coordinating connector between finite clauses
1corintios	1	27	cn4	21	ἵνα	ἵνα	CONJ	certain	subordinating	purpose/result	yes	high	purpose/result	medium	C3	C4	medium	suggested	context-sensitive function; keep as suggested; subordinating connector before/near target finite clause
1corintios	1	28	cn1	01	καὶ	καί	CONJ	certain	coordinating	coordination	yes	high	coordinate/add	high		C1	low	suggested	function follows connector inventory; connector before first finite clause or source outside verse
1corintios	1	28	cn2	06	καὶ	καί	CONJ	certain	coordinating	coordination	yes	high	coordinate/add	high		C1	low	suggested	function follows connector inventory; connector before first finite clause or source outside verse
1corintios	1	28	cn3	13	μὴ	μή	D---------	certain	negation	negation	yes	high	negation	high			none	suggested	function follows connector inventory; negation detected; no clause connection suggested
1corintios	1	28	cn4	15	ἵνα	ἵνα	CONJ	certain	subordinating	purpose/result	yes	high	purpose/result	medium	C1	C2	medium	suggested	context-sensitive function; keep as suggested; subordinating connector before/near target finite clause
1corintios	1	29	cn1	01	ὅπως	ὅπως	CONJ	certain	subordinating	purpose	yes	high	purpose	high		C1	low	suggested	function follows connector inventory; target finite clause found; source not available in verse
1corintios	1	29	cn2	02	μὴ	μή	D---------	certain	negation	negation	yes	high	negation	high			none	suggested	function follows connector inventory; negation detected; no clause connection suggested
1corintios	1	30	cn1	03	δὲ	δέ	CONJ	certain	coordinating	coordination	yes	high	coordinate/add	high		C1	low	suggested	function follows connector inventory; connector before first finite clause or source outside verse
1corintios	1	30	cn2	16	τε	τέ	CONJ	certain	coordinating	coordination	yes	high	coordinate/add	high	C2		low	suggested	function follows connector inventory; connector after last finite clause or target outside verse
1corintios	1	30	cn3	17	καὶ	καί	CONJ	certain	coordinating	coordination	yes	high	coordinate/add	high	C2		low	suggested	function follows connector inventory; connector after last finite clause or target outside verse
1corintios	1	30	cn4	19	καὶ	καί	CONJ	certain	coordinating	coordination	yes	high	coordinate/add	high	C2		low	suggested	function follows connector inventory; connector after last finite clause or target outside verse
1corintios	1	31	cn1	01	ἵνα	ἵνα	CONJ	certain	subordinating	purpose/result	yes	high	purpose/result	medium		C1	low	suggested	context-sensitive function; keep as suggested; target finite clause found; source not available in verse
1corintios	1	31	cn2	02	καθὼς	καθώς	CONJ	certain	subordinating	comparison/manner	yes	high	comparison/manner	medium		C1	low	suggested	context-sensitive function; keep as suggested; target finite clause found; source not available in verse
1corintios	2	1	cn1	07	οὐ	οὐ	D---------	certain	negation	negation	yes	high	negation	high			none	suggested	function follows connector inventory; negation detected; no clause connection suggested
1corintios	2	1	cn2	11	ἢ	ἤ	CONJ	certain	coordinating	alternative/comparison	yes	high	alternative/comparison	medium	C1		low	suggested	context-sensitive function; keep as suggested; connector after last finite clause or target outside verse
1corintios	2	2	cn1	01	οὐ	οὐ	D---------	certain	negation	negation	yes	high	negation	high			none	suggested	function follows connector inventory; negation detected; no clause connection suggested
1corintios	2	2	cn2	02	γὰρ	γάρ	CONJ	certain	coordinating	cause/ground	yes	high	ground/explanation	high		C1	low	suggested	function follows connector inventory; connector before first finite clause or source outside verse
1corintios	2	2	cn3	08	εἰ	εἰ	CONJ	certain	subordinating	condition	yes	high	condition	high			low	suggested	function follows connector inventory; no target finite clause found in verse
1corintios	2	2	cn4	09	μὴ	μή	D---------	certain	negation	negation	yes	high	negation	high			none	suggested	function follows connector inventory; negation detected; no clause connection suggested
1corintios	2	2	cn5	12	καὶ	καί	CONJ	certain	coordinating	coordination	yes	high	coordinate/add	high	C1		low	suggested	function follows connector inventory; connector after last finite clause or target outside verse
1corintios	2	3	cn1	04	καὶ	καί	CONJ	certain	coordinating	coordination	yes	high	coordinate/add	high		C1	low	suggested	function follows connector inventory; connector before first finite clause or source outside verse
1corintios	2	3	cn2	07	καὶ	καί	CONJ	certain	coordinating	coordination	yes	high	coordinate/add	high		C1	low	suggested	function follows connector inventory; connector before first finite clause or source outside verse
1corintios	2	4	cn1	01	καὶ	καί	CONJ	certain	coordinating	coordination	yes	high	coordinate/add	high			low	suggested	function follows connector inventory; no finite clause anchor found in verse
1corintios	2	4	cn2	05	καὶ	καί	CONJ	certain	coordinating	coordination	yes	high	coordinate/add	high			low	suggested	function follows connector inventory; no finite clause anchor found in verse
1corintios	2	4	cn3	09	οὐκ	οὐ	D---------	certain	negation	negation	yes	high	negation	high			none	suggested	function follows connector inventory; negation detected; no clause connection suggested
1corintios	2	4	cn4	13	ἀλλʼ	ἀλλά	CONJ	certain	coordinating	contrast	yes	high	contrast	high			low	suggested	function follows connector inventory; no finite clause anchor found in verse
1corintios	2	4	cn5	17	καὶ	καί	CONJ	certain	coordinating	coordination	yes	high	coordinate/add	high			low	suggested	function follows connector inventory; no finite clause anchor found in verse
1corintios	2	5	cn1	01	ἵνα	ἵνα	CONJ	certain	subordinating	purpose/result	yes	high	purpose/result	medium		C1	low	suggested	context-sensitive function; keep as suggested; target finite clause found; source not available in verse
1corintios	2	5	cn2	05	μὴ	μή	D---------	certain	negation	negation	yes	high	negation	high			none	suggested	function follows connector inventory; negation detected; no clause connection suggested
1corintios	2	5	cn3	10	ἀλλʼ	ἀλλά	CONJ	certain	coordinating	contrast	yes	high	contrast	high	C1		low	suggested	function follows connector inventory; connector after last finite clause or target outside verse
1corintios	2	6	cn1	02	δὲ	δέ	CONJ	certain	coordinating	coordination	yes	high	coordinate/add	high		C1	low	suggested	function follows connector inventory; connector before first finite clause or source outside verse
1corintios	2	6	cn2	08	δὲ	δέ	CONJ	certain	coordinating	coordination	yes	high	coordinate/add	high	C1		low	suggested	function follows connector inventory; connector after last finite clause or target outside verse
1corintios	2	6	cn3	09	οὐ	οὐ	D---------	certain	negation	negation	yes	high	negation	high			none	suggested	function follows connector inventory; negation detected; no clause connection suggested
1corintios	2	6	cn4	13	οὐδὲ	οὐδέ	CONJ	certain	coordinating	negative coordination	yes	high	coordinate/negative	high	C1		low	suggested	function follows connector inventory; connector after last finite clause or target outside verse
1corintios	2	7	cn1	01	ἀλλὰ	ἀλλά	CONJ	certain	coordinating	contrast	yes	high	contrast	high		C1	low	suggested	function follows connector inventory; connector before first finite clause or source outside verse
1corintios	2	8	cn1	09	εἰ	εἰ	CONJ	certain	subordinating	condition	yes	high	condition	high	C1	C2	medium	suggested	function follows connector inventory; subordinating connector before/near target finite clause
1corintios	2	8	cn2	10	γὰρ	γάρ	CONJ	certain	coordinating	cause/ground	yes	high	ground/explanation	high	C1	C2	medium	suggested	function follows connector inventory; coordinating connector between finite clauses
1corintios	2	8	cn3	12	οὐκ	οὐ	D---------	certain	negation	negation	yes	high	negation	high			none	suggested	function follows connector inventory; negation detected; no clause connection suggested
1corintios	2	9	cn1	01	ἀλλὰ	ἀλλά	CONJ	certain	coordinating	contrast	yes	high	contrast	high		C1	low	suggested	function follows connector inventory; connector before first finite clause or source outside verse
1corintios	2	9	cn2	02	καθὼς	καθώς	CONJ	certain	subordinating	comparison/manner	yes	high	comparison/manner	medium		C1	low	suggested	context-sensitive function; keep as suggested; target finite clause found; source not available in verse
1corintios	2	9	cn3	06	οὐκ	οὐ	D---------	certain	negation	negation	yes	high	negation	high			none	suggested	function follows connector inventory; negation detected; no clause connection suggested
1corintios	2	9	cn4	08	καὶ	καί	CONJ	certain	coordinating	coordination	yes	high	coordinate/add	high	C2	C3	medium	suggested	function follows connector inventory; coordinating connector between finite clauses
1corintios	2	9	cn5	10	οὐκ	οὐ	D---------	certain	negation	negation	yes	high	negation	high			none	suggested	function follows connector inventory; negation detected; no clause connection suggested
1corintios	2	9	cn6	12	καὶ	καί	CONJ	certain	coordinating	coordination	yes	high	coordinate/add	high	C3	C4	medium	suggested	function follows connector inventory; coordinating connector between finite clauses
1corintios	2	9	cn7	16	οὐκ	οὐ	D---------	certain	negation	negation	yes	high	negation	high			none	suggested	function follows connector inventory; negation detected; no clause connection suggested
1corintios	2	10	cn1	02	γὰρ	γάρ	CONJ	certain	coordinating	cause/ground	yes	high	ground/explanation	high		C1	low	suggested	function follows connector inventory; connector before first finite clause or source outside verse
1corintios	2	10	cn2	10	γὰρ	γάρ	CONJ	certain	coordinating	cause/ground	yes	high	ground/explanation	high	C1	C2	medium	suggested	function follows connector inventory; coordinating connector between finite clauses
1corintios	2	10	cn3	14	καὶ	καί	D---------	certain	coordinating	coordination	yes	high	coordinate/add	high	C2		low	suggested	function follows connector inventory; connector after last finite clause or target outside verse
1corintios	2	11	cn1	02	γὰρ	γάρ	CONJ	certain	coordinating	cause/ground	yes	high	ground/explanation	high		C1	low	suggested	function follows connector inventory; connector before first finite clause or source outside verse
1corintios	2	11	cn2	08	εἰ	εἰ	CONJ	certain	subordinating	condition	yes	high	condition	high	C1	C2	medium	suggested	function follows connector inventory; subordinating connector before/near target finite clause
1corintios	2	11	cn3	09	μὴ	μή	D---------	certain	negation	negation	yes	high	negation	high			none	suggested	function follows connector inventory; negation detected; no clause connection suggested
1corintios	2	11	cn4	18	καὶ	καί	D---------	certain	coordinating	coordination	yes	high	coordinate/add	high	C1	C2	medium	suggested	function follows connector inventory; coordinating connector between finite clauses
1corintios	2	11	cn5	24	εἰ	εἰ	CONJ	certain	subordinating	condition	yes	high	condition	high			low	suggested	function follows connector inventory; no target finite clause found in verse
1corintios	2	11	cn6	25	μὴ	μή	D---------	certain	negation	negation	yes	high	negation	high			none	suggested	function follows connector inventory; negation detected; no clause connection suggested
1corintios	2	12	cn1	02	δὲ	δέ	CONJ	certain	coordinating	coordination	yes	high	coordinate/add	high		C1	low	suggested	function follows connector inventory; connector before first finite clause or source outside verse
1corintios	2	12	cn2	03	οὐ	οὐ	D---------	certain	negation	negation	yes	high	negation	high			none	suggested	function follows connector inventory; negation detected; no clause connection suggested
1corintios	2	12	cn3	09	ἀλλὰ	ἀλλά	CONJ	certain	coordinating	contrast	yes	high	contrast	high	C1	C2	medium	suggested	function follows connector inventory; coordinating connector between finite clauses
1corintios	2	12	cn4	16	ἵνα	ἵνα	CONJ	certain	subordinating	purpose/result	yes	high	purpose/result	medium	C1	C2	medium	suggested	context-sensitive function; keep as suggested; subordinating connector before/near target finite clause
1corintios	2	13	cn1	02	καὶ	καί	D---------	certain	coordinating	coordination	yes	high	coordinate/add	high		C1	low	suggested	function follows connector inventory; connector before first finite clause or source outside verse
1corintios	2	13	cn2	04	οὐκ	οὐ	D---------	certain	negation	negation	yes	high	negation	high			none	suggested	function follows connector inventory; negation detected; no clause connection suggested
1corintios	2	13	cn3	10	ἀλλʼ	ἀλλά	CONJ	certain	coordinating	contrast	yes	high	contrast	high	C1		low	suggested	function follows connector inventory; connector after last finite clause or target outside verse
1corintios	2	14	cn1	02	δὲ	δέ	CONJ	certain	coordinating	coordination	yes	high	coordinate/add	high		C1	low	suggested	function follows connector inventory; connector before first finite clause or source outside verse
1corintios	2	14	cn2	04	οὐ	οὐ	D---------	certain	negation	negation	yes	high	negation	high			none	suggested	function follows connector inventory; negation detected; no clause connection suggested
1corintios	2	14	cn3	12	γὰρ	γάρ	CONJ	certain	coordinating	cause/ground	yes	high	ground/explanation	high	C1	C2	medium	suggested	function follows connector inventory; coordinating connector between finite clauses
1corintios	2	14	cn4	15	καὶ	καί	CONJ	certain	coordinating	coordination	yes	high	coordinate/add	high	C2	C3	medium	suggested	function follows connector inventory; coordinating connector between finite clauses
1corintios	2	14	cn5	16	οὐ	οὐ	D---------	certain	negation	negation	yes	high	negation	high			none	suggested	function follows connector inventory; negation detected; no clause connection suggested
1corintios	2	14	cn6	19	ὅτι	ὅτι	CONJ	certain	subordinating	content/cause	yes	high	content-or-cause	medium	C3	C4	medium	suggested	context-sensitive function; keep as suggested; subordinating connector before/near target finite clause
1corintios	2	15	cn1	02	δὲ	δέ	CONJ	certain	coordinating	coordination	yes	high	coordinate/add	high		C1	low	suggested	function follows connector inventory; connector before first finite clause or source outside verse
1corintios	2	15	cn2	08	δὲ	δέ	CONJ	certain	coordinating	coordination	yes	high	coordinate/add	high	C1	C2	medium	suggested	function follows connector inventory; coordinating connector between finite clauses
1corintios	2	16	cn1	02	γὰρ	γάρ	CONJ	certain	coordinating	cause/ground	yes	high	ground/explanation	high		C1	low	suggested	function follows connector inventory; connector before first finite clause or source outside verse
1corintios	2	16	cn2	10	δὲ	δέ	CONJ	certain	coordinating	coordination	yes	high	coordinate/add	high	C2	C3	medium	suggested	function follows connector inventory; coordinating connector between finite clauses
1corintios	3	1	cn1	03	οὐκ	οὐ	D---------	certain	negation	negation	yes	high	negation	high			none	suggested	function follows connector inventory; negation detected; no clause connection suggested
1corintios	3	1	cn2	07	ὡς	ὡς	CONJ	certain	subordinating	comparison/manner	yes	high	comparison/manner	medium			low	suggested	context-sensitive function; keep as suggested; no target finite clause found in verse
1corintios	3	1	cn3	09	ἀλλʼ	ἀλλά	CONJ	certain	coordinating	contrast	yes	high	contrast	high	C1		low	suggested	function follows connector inventory; connector after last finite clause or target outside verse
1corintios	3	1	cn4	10	ὡς	ὡς	CONJ	certain	subordinating	comparison/manner	yes	high	comparison/manner	medium			low	suggested	context-sensitive function; keep as suggested; no target finite clause found in verse
1corintios	3	1	cn5	12	ὡς	ὡς	CONJ	certain	subordinating	comparison/manner	yes	high	comparison/manner	medium			low	suggested	context-sensitive function; keep as suggested; no target finite clause found in verse
1corintios	3	2	cn1	04	οὐ	οὐ	D---------	certain	negation	negation	yes	high	negation	high			none	suggested	function follows connector inventory; negation detected; no clause connection suggested
1corintios	3	2	cn2	07	γὰρ	γάρ	CONJ	certain	coordinating	cause/ground	yes	high	ground/explanation	high	C1	C2	medium	suggested	function follows connector inventory; coordinating connector between finite clauses
1corintios	3	2	cn3	09	ἀλλʼ	ἀλλά	CONJ	certain	coordinating	contrast	yes	high	contrast	high	C2	C3	medium	suggested	function follows connector inventory; coordinating connector between finite clauses
1corintios	3	2	cn4	10	οὐδὲ	οὐδέ	D---------	certain	coordinating	negative coordination	yes	high	coordinate/negative	high	C2	C3	medium	suggested	function follows connector inventory; coordinating connector between finite clauses
1corintios	3	3	cn1	02	γὰρ	γάρ	CONJ	certain	coordinating	cause/ground	yes	high	ground/explanation	high		C1	low	suggested	function follows connector inventory; connector before first finite clause or source outside verse
1corintios	3	3	cn2	06	γὰρ	γάρ	CONJ	certain	coordinating	cause/ground	yes	high	ground/explanation	high	C1	C2	medium	suggested	function follows connector inventory; coordinating connector between finite clauses
1corintios	3	3	cn3	10	καὶ	καί	CONJ	certain	coordinating	coordination	yes	high	coordinate/add	high	C1	C2	medium	suggested	function follows connector inventory; coordinating connector between finite clauses
1corintios	3	3	cn4	15	καὶ	καί	CONJ	certain	coordinating	coordination	yes	high	coordinate/add	high	C2	C3	medium	suggested	function follows connector inventory; coordinating connector between finite clauses
1corintios	3	4	cn1	01	ὅταν	ὅταν	CONJ	certain	subordinating	temporal/condition	yes	high	temporal-or-condition	medium		C1	low	suggested	context-sensitive function; keep as suggested; target finite clause found; source not available in verse
1corintios	3	4	cn2	02	γὰρ	γάρ	CONJ	certain	coordinating	cause/ground	yes	high	ground/explanation	high		C1	low	suggested	function follows connector inventory; connector before first finite clause or source outside verse
1corintios	3	4	cn3	10	δέ	δέ	CONJ	certain	coordinating	coordination	yes	high	coordinate/add	high	C2	C3	medium	suggested	function follows connector inventory; coordinating connector between finite clauses
1corintios	3	4	cn4	13	οὐκ	οὐ	X---------	certain	negation	negation	yes	high	negation	high			none	suggested	function follows connector inventory; negation detected; no clause connection suggested
1corintios	3	5	cn1	02	οὖν	οὖν	CONJ	certain	coordinating	inference	yes	high	inference/result	high		C1	low	suggested	function follows connector inventory; connector before first finite clause or source outside verse
1corintios	3	5	cn2	06	δέ	δέ	CONJ	certain	coordinating	coordination	yes	high	coordinate/add	high	C1	C2	medium	suggested	function follows connector inventory; coordinating connector between finite clauses
1corintios	3	5	cn3	13	καὶ	καί	D---------	certain	coordinating	coordination	yes	high	coordinate/add	high	C3	C4	medium	suggested	function follows connector inventory; coordinating connector between finite clauses
1corintios	3	5	cn4	15	ὡς	ὡς	CONJ	certain	subordinating	comparison/manner	yes	high	comparison/manner	medium	C3	C4	medium	suggested	context-sensitive function; keep as suggested; subordinating connector before/near target finite clause
1corintios	3	6	cn1	05	ἀλλὰ	ἀλλά	CONJ	certain	coordinating	contrast	yes	high	contrast	high	C2	C3	medium	suggested	function follows connector inventory; coordinating connector between finite clauses
1corintios	3	7	cn1	01	ὥστε	ὥστε	CONJ	certain	subordinating	result/inference	yes	high	result/inference	medium		C1	low	suggested	context-sensitive function; keep as suggested; target finite clause found; source not available in verse
1corintios	3	7	cn2	02	οὔτε	οὔτε	CONJ	certain	coordinating	negative coordination	yes	high	coordinate/negative	high		C1	low	suggested	function follows connector inventory; connector before first finite clause or source outside verse
1corintios	3	7	cn3	07	οὔτε	οὔτε	CONJ	certain	coordinating	negative coordination	yes	high	coordinate/negative	high	C1		low	suggested	function follows connector inventory; connector after last finite clause or target outside verse
1corintios	3	7	cn4	10	ἀλλʼ	ἀλλά	CONJ	certain	coordinating	contrast	yes	high	contrast	high	C1		low	suggested	function follows connector inventory; connector after last finite clause or target outside verse
1corintios	3	8	cn1	03	δὲ	δέ	CONJ	certain	coordinating	coordination	yes	high	coordinate/add	high		C1	low	suggested	function follows connector inventory; connector before first finite clause or source outside verse
1corintios	3	8	cn2	04	καὶ	καί	CONJ	certain	coordinating	coordination	yes	high	coordinate/add	high		C1	low	suggested	function follows connector inventory; connector before first finite clause or source outside verse
1corintios	3	8	cn3	10	δὲ	δέ	CONJ	certain	coordinating	coordination	yes	high	coordinate/add	high	C1	C2	medium	suggested	function follows connector inventory; coordinating connector between finite clauses
1corintios	3	9	cn1	02	γάρ	γάρ	CONJ	certain	coordinating	cause/ground	yes	high	ground/explanation	high		C1	low	suggested	function follows connector inventory; connector before first finite clause or source outside verse
1corintios	3	10	cn1	09	ὡς	ὡς	CONJ	certain	subordinating	comparison/manner	yes	high	comparison/manner	medium		C1	low	suggested	context-sensitive function; keep as suggested; target finite clause found; source not available in verse
1corintios	3	10	cn2	15	δὲ	δέ	CONJ	certain	coordinating	coordination	yes	high	coordinate/add	high	C1	C2	medium	suggested	function follows connector inventory; coordinating connector between finite clauses
1corintios	3	10	cn3	18	δὲ	δέ	CONJ	certain	coordinating	coordination	yes	high	coordinate/add	high	C2	C3	medium	suggested	function follows connector inventory; coordinating connector between finite clauses
1corintios	3	11	cn1	02	γὰρ	γάρ	CONJ	certain	coordinating	cause/ground	yes	high	ground/explanation	high		C1	low	suggested	function follows connector inventory; connector before first finite clause or source outside verse
1corintios	3	12	cn1	01	εἰ	εἰ	CONJ	certain	subordinating	condition	yes	high	condition	high		C1	low	suggested	function follows connector inventory; target finite clause found; source not available in verse
1corintios	3	12	cn2	02	δέ	δέ	CONJ	certain	coordinating	coordination	yes	high	coordinate/add	high		C1	low	suggested	function follows connector inventory; connector before first finite clause or source outside verse
1corintios	3	13	cn1	07	γὰρ	γάρ	CONJ	certain	coordinating	cause/ground	yes	high	ground/explanation	high	C1	C2	medium	suggested	function follows connector inventory; coordinating connector between finite clauses
1corintios	3	13	cn2	10	ὅτι	ὅτι	CONJ	certain	subordinating	content/cause	yes	high	content-or-cause	medium	C2	C3	medium	suggested	context-sensitive function; keep as suggested; subordinating connector before/near target finite clause
1corintios	3	13	cn3	14	καὶ	καί	CONJ	certain	coordinating	coordination	yes	high	coordinate/add	high	C3	C4	medium	suggested	function follows connector inventory; coordinating connector between finite clauses
1corintios	3	14	cn1	01	εἴ	εἰ	CONJ	certain	subordinating	condition	yes	high	condition	high		C1	low	suggested	function follows connector inventory; target finite clause found; source not available in verse
1corintios	3	15	cn1	01	εἴ	εἰ	CONJ	certain	subordinating	condition	yes	high	condition	high		C1	low	suggested	function follows connector inventory; target finite clause found; source not available in verse
1corintios	3	15	cn2	08	δὲ	δέ	CONJ	certain	coordinating	coordination	yes	high	coordinate/add	high	C2	C3	medium	suggested	function follows connector inventory; coordinating connector between finite clauses
1corintios	3	15	cn3	11	δὲ	δέ	CONJ	certain	coordinating	coordination	yes	high	coordinate/add	high	C3		low	suggested	function follows connector inventory; connector after last finite clause or target outside verse
1corintios	3	15	cn4	12	ὡς	ὡς	CONJ	certain	subordinating	comparison/manner	yes	high	comparison/manner	medium			low	suggested	context-sensitive function; keep as suggested; no target finite clause found in verse
1corintios	3	16	cn1	01	οὐκ	οὐ	D---------	certain	negation	negation	yes	high	negation	high			none	suggested	function follows connector inventory; negation detected; no clause connection suggested
1corintios	3	16	cn2	03	ὅτι	ὅτι	CONJ	certain	subordinating	content/cause	yes	high	content-or-cause	medium	C1	C2	medium	suggested	context-sensitive function; keep as suggested; subordinating connector before/near target finite clause
1corintios	3	16	cn3	07	καὶ	καί	CONJ	certain	coordinating	coordination	yes	high	coordinate/add	high	C2	C3	medium	suggested	function follows connector inventory; coordinating connector between finite clauses
1corintios	3	17	cn1	01	εἴ	εἰ	CONJ	certain	subordinating	condition	yes	high	condition	high		C1	low	suggested	function follows connector inventory; target finite clause found; source not available in verse
1corintios	3	17	cn2	13	γὰρ	γάρ	CONJ	certain	coordinating	cause/ground	yes	high	ground/explanation	high	C2	C3	medium	suggested	function follows connector inventory; coordinating connector between finite clauses
1corintios	3	18	cn1	04	εἴ	εἰ	CONJ	certain	subordinating	condition	yes	high	condition	high	C1	C2	medium	suggested	function follows connector inventory; subordinating connector before/near target finite clause
1corintios	3	18	cn2	17	ἵνα	ἵνα	CONJ	certain	subordinating	purpose/result	yes	high	purpose/result	medium	C3	C4	medium	suggested	context-sensitive function; keep as suggested; subordinating connector before/near target finite clause
1corintios	3	19	cn1	02	γὰρ	γάρ	CONJ	certain	coordinating	cause/ground	yes	high	ground/explanation	high		C1	low	suggested	function follows connector inventory; connector before first finite clause or source outside verse
1corintios	3	19	cn2	13	γάρ	γάρ	CONJ	certain	coordinating	cause/ground	yes	high	ground/explanation	high	C2		low	suggested	function follows connector inventory; connector after last finite clause or target outside verse
1corintios	3	20	cn1	01	καὶ	καί	CONJ	certain	coordinating	coordination	yes	high	coordinate/add	high		C1	low	suggested	function follows connector inventory; connector before first finite clause or source outside verse
1corintios	3	20	cn2	09	ὅτι	ὅτι	CONJ	certain	subordinating	content/cause	yes	high	content-or-cause	medium	C1	C2	medium	suggested	context-sensitive function; keep as suggested; subordinating connector before/near target finite clause
1corintios	3	21	cn1	01	ὥστε	ὥστε	CONJ	certain	subordinating	result/inference	yes	high	result/inference	medium		C1	low	suggested	context-sensitive function; keep as suggested; target finite clause found; source not available in verse
1corintios	3	21	cn2	07	γὰρ	γάρ	CONJ	certain	coordinating	cause/ground	yes	high	ground/explanation	high	C1	C2	medium	suggested	function follows connector inventory; coordinating connector between finite clauses
1corintios	3	22	cn1	01	εἴτε	εἴτε	CONJ	certain	coordinating	alternative	yes	high	alternative	high			low	suggested	function follows connector inventory; no finite clause anchor found in verse
1corintios	3	22	cn2	03	εἴτε	εἴτε	CONJ	certain	coordinating	alternative	yes	high	alternative	high			low	suggested	function follows connector inventory; no finite clause anchor found in verse
1corintios	3	22	cn3	05	εἴτε	εἴτε	CONJ	certain	coordinating	alternative	yes	high	alternative	high			low	suggested	function follows connector inventory; no finite clause anchor found in verse
1corintios	3	22	cn4	07	εἴτε	εἴτε	CONJ	certain	coordinating	alternative	yes	high	alternative	high			low	suggested	function follows connector inventory; no finite clause anchor found in verse
1corintios	3	22	cn5	09	εἴτε	εἴτε	CONJ	certain	coordinating	alternative	yes	high	alternative	high			low	suggested	function follows connector inventory; no finite clause anchor found in verse
1corintios	3	22	cn6	11	εἴτε	εἴτε	CONJ	certain	coordinating	alternative	yes	high	alternative	high			low	suggested	function follows connector inventory; no finite clause anchor found in verse
1corintios	3	22	cn7	13	εἴτε	εἴτε	CONJ	certain	coordinating	alternative	yes	high	alternative	high			low	suggested	function follows connector inventory; no finite clause anchor found in verse
1corintios	3	22	cn8	15	εἴτε	εἴτε	CONJ	certain	coordinating	alternative	yes	high	alternative	high			low	suggested	function follows connector inventory; no finite clause anchor found in verse
1corintios	3	23	cn1	02	δὲ	δέ	CONJ	certain	coordinating	coordination	yes	high	coordinate/add	high			low	suggested	function follows connector inventory; no finite clause anchor found in verse
1corintios	3	23	cn2	05	δὲ	δέ	CONJ	certain	coordinating	coordination	yes	high	coordinate/add	high			low	suggested	function follows connector inventory; no finite clause anchor found in verse
1corintios	4	1	cn1	05	ὡς	ὡς	CONJ	certain	subordinating	comparison/manner	yes	high	comparison/manner	medium			low	suggested	context-sensitive function; keep as suggested; no target finite clause found in verse
1corintios	4	1	cn2	08	καὶ	καί	CONJ	certain	coordinating	coordination	yes	high	coordinate/add	high	C1		low	suggested	function follows connector inventory; connector after last finite clause or target outside verse
1corintios	4	2	cn1	07	ἵνα	ἵνα	CONJ	certain	subordinating	purpose/result	yes	high	purpose/result	medium	C1	C2	medium	suggested	context-sensitive function; keep as suggested; subordinating connector before/near target finite clause
1corintios	4	3	cn1	02	δὲ	δέ	CONJ	certain	coordinating	coordination	yes	high	coordinate/add	high		C1	low	suggested	function follows connector inventory; connector before first finite clause or source outside verse
1corintios	4	3	cn2	06	ἵνα	ἵνα	CONJ	certain	subordinating	purpose/result	yes	high	purpose/result	medium	C1	C2	medium	suggested	context-sensitive function; keep as suggested; subordinating connector before/near target finite clause
1corintios	4	3	cn3	10	ἢ	ἤ	CONJ	certain	coordinating	alternative/comparison	yes	high	alternative/comparison	medium	C2	C3	medium	suggested	context-sensitive function; keep as suggested; coordinating connector between finite clauses
1corintios	4	3	cn4	14	ἀλλʼ	ἀλλά	CONJ	certain	coordinating	contrast	yes	high	contrast	high	C2	C3	medium	suggested	function follows connector inventory; coordinating connector between finite clauses
1corintios	4	3	cn5	15	οὐδὲ	οὐδέ	D---------	certain	coordinating	negative coordination	yes	high	coordinate/negative	high	C2	C3	medium	suggested	function follows connector inventory; coordinating connector between finite clauses
1corintios	4	4	cn1	02	γὰρ	γάρ	CONJ	certain	coordinating	cause/ground	yes	high	ground/explanation	high		C1	low	suggested	function follows connector inventory; connector before first finite clause or source outside verse
1corintios	4	4	cn2	05	ἀλλʼ	ἀλλά	CONJ	certain	coordinating	contrast	yes	high	contrast	high	C1	C2	medium	suggested	function follows connector inventory; coordinating connector between finite clauses
1corintios	4	4	cn3	06	οὐκ	οὐ	D---------	certain	negation	negation	yes	high	negation	high			none	suggested	function follows connector inventory; negation detected; no clause connection suggested
1corintios	4	4	cn4	11	δὲ	δέ	CONJ	certain	coordinating	coordination	yes	high	coordinate/add	high	C2	C3	medium	suggested	function follows connector inventory; coordinating connector between finite clauses
1corintios	4	5	cn1	01	ὥστε	ὥστε	CONJ	certain	subordinating	result/inference	yes	high	result/inference	medium		C1	low	suggested	context-sensitive function; keep as suggested; target finite clause found; source not available in verse
1corintios	4	5	cn2	02	μὴ	μή	D---------	certain	negation	negation	yes	high	negation	high			none	suggested	function follows connector inventory; negation detected; no clause connection suggested
1corintios	4	5	cn3	07	ἕως	ἕως	CONJ	certain	subordinating	temporal	yes	high	temporal	high	C1	C2	medium	suggested	function follows connector inventory; subordinating connector before/near target finite clause
1corintios	4	5	cn4	13	καὶ	καί	CONJ	certain	coordinating	coordination	yes	high	coordinate/add	high	C2	C3	medium	suggested	function follows connector inventory; coordinating connector between finite clauses
1corintios	4	5	cn5	19	καὶ	καί	CONJ	certain	coordinating	coordination	yes	high	coordinate/add	high	C3	C4	medium	suggested	function follows connector inventory; coordinating connector between finite clauses
1corintios	4	5	cn6	25	καὶ	καί	CONJ	certain	coordinating	coordination	yes	high	coordinate/add	high	C4	C5	medium	suggested	function follows connector inventory; coordinating connector between finite clauses
1corintios	4	6	cn1	02	δέ	δέ	CONJ	certain	coordinating	coordination	yes	high	coordinate/add	high		C1	low	suggested	function follows connector inventory; connector before first finite clause or source outside verse
1corintios	4	6	cn2	07	καὶ	καί	CONJ	certain	coordinating	coordination	yes	high	coordinate/add	high	C1	C2	medium	suggested	function follows connector inventory; coordinating connector between finite clauses
1corintios	4	6	cn3	11	ἵνα	ἵνα	CONJ	certain	subordinating	purpose/result	yes	high	purpose/result	medium	C1	C2	medium	suggested	context-sensitive function; keep as suggested; subordinating connector before/near target finite clause
1corintios	4	6	cn4	16	μὴ	μή	D---------	certain	negation	negation	yes	high	negation	high			none	suggested	function follows connector inventory; negation detected; no clause connection suggested
1corintios	4	6	cn5	20	ἵνα	ἵνα	CONJ	certain	subordinating	purpose/result	yes	high	purpose/result	medium	C3	C4	medium	suggested	context-sensitive function; keep as suggested; subordinating connector before/near target finite clause
1corintios	4	6	cn6	21	μὴ	μή	D---------	certain	negation	negation	yes	high	negation	high			none	suggested	function follows connector inventory; negation detected; no clause connection suggested
1corintios	4	7	cn1	02	γάρ	γάρ	CONJ	certain	coordinating	cause/ground	yes	high	ground/explanation	high		C1	low	suggested	function follows connector inventory; connector before first finite clause or source outside verse
1corintios	4	7	cn2	06	δὲ	δέ	CONJ	certain	coordinating	coordination	yes	high	coordinate/add	high	C1	C2	medium	suggested	function follows connector inventory; coordinating connector between finite clauses
1corintios	4	7	cn3	09	οὐκ	οὐ	D---------	certain	negation	negation	yes	high	negation	high			none	suggested	function follows connector inventory; negation detected; no clause connection suggested
1corintios	4	7	cn4	11	εἰ	εἰ	CONJ	certain	subordinating	condition	yes	high	condition	high	C3	C4	medium	suggested	function follows connector inventory; subordinating connector before/near target finite clause
1corintios	4	7	cn5	12	δὲ	δέ	CONJ	certain	coordinating	coordination	yes	high	coordinate/add	high	C3	C4	medium	suggested	function follows connector inventory; coordinating connector between finite clauses
1corintios	4	7	cn6	13	καὶ	καί	D---------	certain	coordinating	coordination	yes	high	coordinate/add	high	C3	C4	medium	suggested	function follows connector inventory; coordinating connector between finite clauses
1corintios	4	7	cn7	17	ὡς	ὡς	CONJ	certain	subordinating	comparison/manner	yes	high	comparison/manner	medium			low	suggested	context-sensitive function; keep as suggested; no target finite clause found in verse
1corintios	4	7	cn8	18	μὴ	μή	D---------	certain	negation	negation	yes	high	negation	high			none	suggested	function follows connector inventory; negation detected; no clause connection suggested
1corintios	4	8	cn1	09	καὶ	καί	CONJ	certain	coordinating	coordination	yes	high	coordinate/add	high	C3	C4	medium	suggested	function follows connector inventory; coordinating connector between finite clauses
1corintios	4	8	cn2	13	ἵνα	ἵνα	CONJ	certain	subordinating	purpose/result	yes	high	purpose/result	medium	C4	C5	medium	suggested	context-sensitive function; keep as suggested; subordinating connector before/near target finite clause
1corintios	4	8	cn3	14	καὶ	καί	D---------	certain	coordinating	coordination	yes	high	coordinate/add	high	C4	C5	medium	suggested	function follows connector inventory; coordinating connector between finite clauses
1corintios	4	9	cn1	02	γάρ	γάρ	CONJ	certain	coordinating	cause/ground	yes	high	ground/explanation	high	C1	C2	medium	suggested	function follows connector inventory; coordinating connector between finite clauses
1corintios	4	9	cn2	10	ὡς	ὡς	CONJ	certain	subordinating	comparison/manner	yes	high	comparison/manner	medium	C2	C3	medium	suggested	context-sensitive function; keep as suggested; subordinating connector before/near target finite clause
1corintios	4	9	cn3	12	ὅτι	ὅτι	CONJ	certain	subordinating	content/cause	yes	high	content-or-cause	medium	C2	C3	medium	suggested	context-sensitive function; keep as suggested; subordinating connector before/near target finite clause
1corintios	4	9	cn4	17	καὶ	καί	CONJ	certain	coordinating	coordination	yes	high	coordinate/add	high	C3		low	suggested	function follows connector inventory; connector after last finite clause or target outside verse
1corintios	4	9	cn5	19	καὶ	καί	CONJ	certain	coordinating	coordination	yes	high	coordinate/add	high	C3		low	suggested	function follows connector inventory; connector after last finite clause or target outside verse
1corintios	4	10	cn1	06	δὲ	δέ	CONJ	certain	coordinating	coordination	yes	high	coordinate/add	high			low	suggested	function follows connector inventory; no finite clause anchor found in verse
1corintios	4	10	cn2	13	δὲ	δέ	CONJ	certain	coordinating	coordination	yes	high	coordinate/add	high			low	suggested	function follows connector inventory; no finite clause anchor found in verse
1corintios	4	10	cn3	18	δὲ	δέ	CONJ	certain	coordinating	coordination	yes	high	coordinate/add	high			low	suggested	function follows connector inventory; no finite clause anchor found in verse
1corintios	4	11	cn1	05	καὶ	καί	CONJ	certain	coordinating	coordination	yes	high	coordinate/add	high		C1	low	suggested	function follows connector inventory; connector before first finite clause or source outside verse
1corintios	4	11	cn2	07	καὶ	καί	CONJ	certain	coordinating	coordination	yes	high	coordinate/add	high	C1	C2	medium	suggested	function follows connector inventory; coordinating connector between finite clauses
1corintios	4	11	cn3	09	καὶ	καί	CONJ	certain	coordinating	coordination	yes	high	coordinate/add	high	C2	C3	medium	suggested	function follows connector inventory; coordinating connector between finite clauses
1corintios	4	11	cn4	11	καὶ	καί	CONJ	certain	coordinating	coordination	yes	high	coordinate/add	high	C3	C4	medium	suggested	function follows connector inventory; coordinating connector between finite clauses
1corintios	4	11	cn5	13	καὶ	καί	CONJ	certain	coordinating	coordination	yes	high	coordinate/add	high	C4	C5	medium	suggested	function follows connector inventory; coordinating connector between finite clauses
1corintios	4	12	cn1	01	καὶ	καί	CONJ	certain	coordinating	coordination	yes	high	coordinate/add	high		C1	low	suggested	function follows connector inventory; connector before first finite clause or source outside verse
1corintios	4	13	cn1	03	ὡς	ὡς	CONJ	certain	subordinating	comparison/manner	yes	high	comparison/manner	medium	C1	C2	medium	suggested	context-sensitive function; keep as suggested; subordinating connector before/near target finite clause
1corintios	4	13	cn2	10	ἕως	ἕως	P---------	certain	subordinating	temporal	yes	high	temporal	high			low	suggested	function follows connector inventory; no target finite clause found in verse
1corintios	4	14	cn1	01	οὐκ	οὐ	D---------	certain	negation	negation	yes	high	negation	high			none	suggested	function follows connector inventory; negation detected; no clause connection suggested
1corintios	4	14	cn2	06	ἀλλʼ	ἀλλά	CONJ	certain	coordinating	contrast	yes	high	contrast	high	C1		low	suggested	function follows connector inventory; connector after last finite clause or target outside verse
1corintios	4	14	cn3	07	ὡς	ὡς	CONJ	certain	subordinating	comparison/manner	yes	high	comparison/manner	medium			low	suggested	context-sensitive function; keep as suggested; no target finite clause found in verse
1corintios	4	15	cn1	01	ἐὰν	ἐάν	CONJ	certain	subordinating	condition	yes	high	condition	high		C1	low	suggested	function follows connector inventory; target finite clause found; source not available in verse
1corintios	4	15	cn2	02	γὰρ	γάρ	CONJ	certain	coordinating	cause/ground	yes	high	ground/explanation	high		C1	low	suggested	function follows connector inventory; connector before first finite clause or source outside verse
1corintios	4	15	cn3	08	ἀλλʼ	ἀλλά	CONJ	certain	coordinating	contrast	yes	high	contrast	high	C1	C2	medium	suggested	function follows connector inventory; coordinating connector between finite clauses
1corintios	4	15	cn4	09	οὐ	οὐ	D---------	certain	negation	negation	yes	high	negation	high			none	suggested	function follows connector inventory; negation detected; no clause connection suggested
1corintios	4	15	cn5	13	γὰρ	γάρ	CONJ	certain	coordinating	cause/ground	yes	high	ground/explanation	high	C1	C2	medium	suggested	function follows connector inventory; coordinating connector between finite clauses
1corintios	4	16	cn1	02	οὖν	οὖν	CONJ	certain	coordinating	inference	yes	high	inference/result	high	C1	C2	medium	suggested	function follows connector inventory; coordinating connector between finite clauses
1corintios	4	17	cn1	11	καὶ	καί	CONJ	certain	coordinating	coordination	yes	high	coordinate/add	high	C2	C3	medium	suggested	function follows connector inventory; coordinating connector between finite clauses
1corintios	4	17	cn2	25	καθὼς	καθώς	CONJ	certain	subordinating	comparison/manner	yes	high	comparison/manner	medium	C3	C4	medium	suggested	context-sensitive function; keep as suggested; subordinating connector before/near target finite clause
1corintios	4	18	cn1	01	ὡς	ὡς	CONJ	certain	subordinating	comparison/manner	yes	high	comparison/manner	medium		C1	low	suggested	context-sensitive function; keep as suggested; target finite clause found; source not available in verse
1corintios	4	18	cn2	02	μὴ	μή	D---------	certain	negation	negation	yes	high	negation	high			none	suggested	function follows connector inventory; negation detected; no clause connection suggested
1corintios	4	18	cn3	04	δέ	δέ	CONJ	certain	coordinating	coordination	yes	high	coordinate/add	high		C1	low	suggested	function follows connector inventory; connector before first finite clause or source outside verse
1corintios	4	19	cn1	02	δὲ	δέ	CONJ	certain	coordinating	coordination	yes	high	coordinate/add	high	C1	C2	medium	suggested	function follows connector inventory; coordinating connector between finite clauses
1corintios	4	19	cn2	06	ἐὰν	ἐάν	CONJ	certain	subordinating	condition	yes	high	condition	high	C1	C2	medium	suggested	function follows connector inventory; subordinating connector before/near target finite clause
1corintios	4	19	cn3	10	καὶ	καί	CONJ	certain	coordinating	coordination	yes	high	coordinate/add	high	C2	C3	medium	suggested	function follows connector inventory; coordinating connector between finite clauses
1corintios	4	19	cn4	12	οὐ	οὐ	D---------	certain	negation	negation	yes	high	negation	high			none	suggested	function follows connector inventory; negation detected; no clause connection suggested
1corintios	4	19	cn5	17	ἀλλὰ	ἀλλά	CONJ	certain	coordinating	contrast	yes	high	contrast	high	C3		low	suggested	function follows connector inventory; connector after last finite clause or target outside verse
1corintios	4	20	cn1	01	οὐ	οὐ	D---------	certain	negation	negation	yes	high	negation	high			none	suggested	function follows connector inventory; negation detected; no clause connection suggested
1corintios	4	20	cn2	02	γὰρ	γάρ	CONJ	certain	coordinating	cause/ground	yes	high	ground/explanation	high			low	suggested	function follows connector inventory; no finite clause anchor found in verse
1corintios	4	20	cn3	09	ἀλλʼ	ἀλλά	CONJ	certain	coordinating	contrast	yes	high	contrast	high			low	suggested	function follows connector inventory; no finite clause anchor found in verse
1corintios	4	21	cn1	08	ἢ	ἤ	CONJ	certain	coordinating	alternative/comparison	yes	high	alternative/comparison	medium	C2		low	suggested	context-sensitive function; keep as suggested; connector after last finite clause or target outside verse
1corintios	4	21	cn2	12	τε	τέ	CONJ	certain	coordinating	coordination	yes	high	coordinate/add	high	C2		low	suggested	function follows connector inventory; connector after last finite clause or target outside verse
1corintios	5	1	cn1	06	καὶ	καί	CONJ	certain	coordinating	coordination	yes	high	coordinate/add	high	C1		low	suggested	function follows connector inventory; connector after last finite clause or target outside verse
1corintios	5	1	cn2	10	οὐδὲ	οὐδέ	D---------	certain	coordinating	negative coordination	yes	high	coordinate/negative	high	C1		low	suggested	function follows connector inventory; connector after last finite clause or target outside verse
1corintios	5	1	cn3	14	ὥστε	ὥστε	CONJ	certain	subordinating	result/inference	yes	high	result/inference	medium			low	suggested	context-sensitive function; keep as suggested; no target finite clause found in verse
1corintios	5	2	cn1	01	καὶ	καί	CONJ	certain	coordinating	coordination	yes	high	coordinate/add	high		C1	low	suggested	function follows connector inventory; connector before first finite clause or source outside verse
1corintios	5	2	cn2	05	καὶ	καί	CONJ	certain	coordinating	coordination	yes	high	coordinate/add	high	C1	C2	medium	suggested	function follows connector inventory; coordinating connector between finite clauses
1corintios	5	2	cn3	09	ἵνα	ἵνα	CONJ	certain	subordinating	purpose/result	yes	high	purpose/result	medium	C2	C3	medium	suggested	context-sensitive function; keep as suggested; subordinating connector before/near target finite clause
1corintios	5	3	cn1	03	γάρ	γάρ	CONJ	certain	coordinating	cause/ground	yes	high	ground/explanation	high		C1	low	suggested	function follows connector inventory; connector before first finite clause or source outside verse
1corintios	5	3	cn2	08	δὲ	δέ	CONJ	certain	coordinating	coordination	yes	high	coordinate/add	high		C1	low	suggested	function follows connector inventory; connector before first finite clause or source outside verse
1corintios	5	3	cn3	13	ὡς	ὡς	CONJ	certain	subordinating	comparison/manner	yes	high	comparison/manner	medium			low	suggested	context-sensitive function; keep as suggested; no target finite clause found in verse
1corintios	5	4	cn1	10	καὶ	καί	CONJ	certain	coordinating	coordination	yes	high	coordinate/add	high			low	suggested	function follows connector inventory; no finite clause anchor found in verse
1corintios	5	5	cn1	10	ἵνα	ἵνα	CONJ	certain	subordinating	purpose/result	yes	high	purpose/result	medium		C1	low	suggested	context-sensitive function; keep as suggested; target finite clause found; source not available in verse
1corintios	5	6	cn1	01	οὐ	οὐ	D---------	certain	negation	negation	yes	high	negation	high			none	suggested	function follows connector inventory; negation detected; no clause connection suggested
1corintios	5	6	cn2	06	οὐκ	οὐ	D---------	certain	negation	negation	yes	high	negation	high			none	suggested	function follows connector inventory; negation detected; no clause connection suggested
1corintios	5	6	cn3	08	ὅτι	ὅτι	CONJ	certain	subordinating	content/cause	yes	high	content-or-cause	medium	C1	C2	medium	suggested	context-sensitive function; keep as suggested; subordinating connector before/near target finite clause
1corintios	5	7	cn1	05	ἵνα	ἵνα	CONJ	certain	subordinating	purpose/result	yes	high	purpose/result	medium	C1	C2	medium	suggested	context-sensitive function; keep as suggested; subordinating connector before/near target finite clause
1corintios	5	7	cn2	09	καθώς	καθώς	CONJ	certain	subordinating	comparison/manner	yes	high	comparison/manner	medium	C2	C3	medium	suggested	context-sensitive function; keep as suggested; subordinating connector before/near target finite clause
1corintios	5	7	cn3	12	καὶ	καί	D---------	certain	coordinating	coordination	yes	high	coordinate/add	high	C3	C4	medium	suggested	function follows connector inventory; coordinating connector between finite clauses
1corintios	5	7	cn4	13	γὰρ	γάρ	CONJ	certain	coordinating	cause/ground	yes	high	ground/explanation	high	C3	C4	medium	suggested	function follows connector inventory; coordinating connector between finite clauses
1corintios	5	8	cn1	01	ὥστε	ὥστε	CONJ	certain	subordinating	result/inference	yes	high	result/inference	medium		C1	low	suggested	context-sensitive function; keep as suggested; target finite clause found; source not available in verse
1corintios	5	8	cn2	03	μὴ	μή	D---------	certain	negation	negation	yes	high	negation	high			none	suggested	function follows connector inventory; negation detected; no clause connection suggested
1corintios	5	8	cn3	07	μηδὲ	μηδέ	CONJ	certain	coordinating	negative coordination	yes	high	coordinate/negative	high	C1		low	suggested	function follows connector inventory; connector after last finite clause or target outside verse
1corintios	5	8	cn4	11	καὶ	καί	CONJ	certain	coordinating	coordination	yes	high	coordinate/add	high	C1		low	suggested	function follows connector inventory; connector after last finite clause or target outside verse
1corintios	5	8	cn5	13	ἀλλʼ	ἀλλά	CONJ	certain	coordinating	contrast	yes	high	contrast	high	C1		low	suggested	function follows connector inventory; connector after last finite clause or target outside verse
1corintios	5	8	cn6	17	καὶ	καί	CONJ	certain	coordinating	coordination	yes	high	coordinate/add	high	C1		low	suggested	function follows connector inventory; connector after last finite clause or target outside verse
1corintios	5	9	cn1	06	μὴ	μή	D---------	certain	negation	negation	yes	high	negation	high			none	suggested	function follows connector inventory; negation detected; no clause connection suggested
1corintios	5	10	cn1	01	οὐ	οὐ	D---------	certain	negation	negation	yes	high	negation	high			none	suggested	function follows connector inventory; negation detected; no clause connection suggested
1corintios	5	10	cn2	08	ἢ	ἤ	CONJ	certain	coordinating	alternative/comparison	yes	high	alternative/comparison	medium		C1	low	suggested	context-sensitive function; keep as suggested; connector before first finite clause or source outside verse
1corintios	5	10	cn3	11	καὶ	καί	CONJ	certain	coordinating	coordination	yes	high	coordinate/add	high		C1	low	suggested	function follows connector inventory; connector before first finite clause or source outside verse
1corintios	5	10	cn4	13	ἢ	ἤ	CONJ	certain	coordinating	alternative/comparison	yes	high	alternative/comparison	medium		C1	low	suggested	context-sensitive function; keep as suggested; connector before first finite clause or source outside verse
1corintios	5	10	cn5	15	ἐπεὶ	ἐπεί	CONJ	certain	subordinating	cause/temporal	yes	high	cause-or-temporal	medium		C1	low	suggested	context-sensitive function; keep as suggested; target finite clause found; source not available in verse
1corintios	5	10	cn6	17	ἄρα	ἄρα	CONJ	certain	coordinating	inference	yes	high	inference/result	high	C1		low	suggested	function follows connector inventory; connector after last finite clause or target outside verse
1corintios	5	11	cn1	02	δὲ	δέ	CONJ	certain	coordinating	coordination	yes	high	coordinate/add	high		C1	low	suggested	function follows connector inventory; connector before first finite clause or source outside verse
1corintios	5	11	cn2	05	μὴ	μή	D---------	certain	negation	negation	yes	high	negation	high			none	suggested	function follows connector inventory; negation detected; no clause connection suggested
1corintios	5	11	cn3	07	ἐάν	ἐάν	CONJ	certain	subordinating	condition	yes	high	condition	high	C1	C2	medium	suggested	function follows connector inventory; subordinating connector before/near target finite clause
1corintios	5	11	cn4	13	ἢ	ἤ	CONJ	certain	coordinating	alternative/comparison	yes	high	alternative/comparison	medium	C2		low	suggested	context-sensitive function; keep as suggested; connector after last finite clause or target outside verse
1corintios	5	11	cn5	15	ἢ	ἤ	CONJ	certain	coordinating	alternative/comparison	yes	high	alternative/comparison	medium	C2		low	suggested	context-sensitive function; keep as suggested; connector after last finite clause or target outside verse
1corintios	5	11	cn6	17	ἢ	ἤ	CONJ	certain	coordinating	alternative/comparison	yes	high	alternative/comparison	medium	C2		low	suggested	context-sensitive function; keep as suggested; connector after last finite clause or target outside verse
1corintios	5	11	cn7	19	ἢ	ἤ	CONJ	certain	coordinating	alternative/comparison	yes	high	alternative/comparison	medium	C2		low	suggested	context-sensitive function; keep as suggested; connector after last finite clause or target outside verse
1corintios	5	11	cn8	21	ἢ	ἤ	CONJ	certain	coordinating	alternative/comparison	yes	high	alternative/comparison	medium	C2		low	suggested	context-sensitive function; keep as suggested; connector after last finite clause or target outside verse
1corintios	5	11	cn9	25	μηδὲ	μηδέ	CONJ	certain	coordinating	negative coordination	yes	high	coordinate/negative	high	C2		low	suggested	function follows connector inventory; connector after last finite clause or target outside verse
1corintios	5	12	cn1	02	γάρ	γάρ	CONJ	certain	coordinating	cause/ground	yes	high	ground/explanation	high		C1	low	suggested	function follows connector inventory; connector before first finite clause or source outside verse
1corintios	5	13	cn1	02	δὲ	δέ	CONJ	certain	coordinating	coordination	yes	high	coordinate/add	high		C1	low	suggested	function follows connector inventory; connector before first finite clause or source outside verse
1corintios	6	1	cn1	13	καὶ	καί	CONJ	certain	coordinating	coordination	yes	high	coordinate/add	high	C1		low	suggested	function follows connector inventory; connector after last finite clause or target outside verse
1corintios	6	2	cn1	01	ἢ	ἤ	CONJ	certain	coordinating	alternative/comparison	yes	high	alternative/comparison	medium		C1	low	suggested	context-sensitive function; keep as suggested; connector before first finite clause or source outside verse
1corintios	6	2	cn2	02	οὐκ	οὐ	D---------	certain	negation	negation	yes	high	negation	high			none	suggested	function follows connector inventory; negation detected; no clause connection suggested
1corintios	6	2	cn3	04	ὅτι	ὅτι	CONJ	certain	subordinating	content/cause	yes	high	content-or-cause	medium	C1	C2	medium	suggested	context-sensitive function; keep as suggested; subordinating connector before/near target finite clause
1corintios	6	2	cn4	10	καὶ	καί	CONJ	certain	coordinating	coordination	yes	high	coordinate/add	high	C2	C3	medium	suggested	function follows connector inventory; coordinating connector between finite clauses
1corintios	6	2	cn5	11	εἰ	εἰ	CONJ	certain	subordinating	condition	yes	high	condition	high	C2	C3	medium	suggested	function follows connector inventory; subordinating connector before/near target finite clause
1corintios	6	3	cn1	01	οὐκ	οὐ	D---------	certain	negation	negation	yes	high	negation	high			none	suggested	function follows connector inventory; negation detected; no clause connection suggested
1corintios	6	3	cn2	03	ὅτι	ὅτι	CONJ	certain	subordinating	content/cause	yes	high	content-or-cause	medium	C1	C2	medium	suggested	context-sensitive function; keep as suggested; subordinating connector before/near target finite clause
1corintios	6	4	cn1	03	οὖν	οὖν	CONJ	certain	coordinating	inference	yes	high	inference/result	high		C1	low	suggested	function follows connector inventory; connector before first finite clause or source outside verse
1corintios	6	4	cn2	05	ἐὰν	ἐάν	CONJ	certain	subordinating	condition	yes	high	condition	high		C1	low	suggested	function follows connector inventory; target finite clause found; source not available in verse
1corintios	6	5	cn1	06	οὐκ	οὐ	X---------	certain	negation	negation	yes	high	negation	high			none	suggested	function follows connector inventory; negation detected; no clause connection suggested
1corintios	6	6	cn1	01	ἀλλὰ	ἀλλά	CONJ	certain	coordinating	contrast	yes	high	contrast	high		C1	low	suggested	function follows connector inventory; connector before first finite clause or source outside verse
1corintios	6	6	cn2	06	καὶ	καί	CONJ	certain	coordinating	coordination	yes	high	coordinate/add	high	C1		low	suggested	function follows connector inventory; connector after last finite clause or target outside verse
1corintios	6	7	cn1	03	οὖν	οὖν	CONJ	certain	coordinating	inference	yes	high	inference/result	high		C1	low	suggested	function follows connector inventory; connector before first finite clause or source outside verse
1corintios	6	7	cn2	08	ὅτι	ὅτι	CONJ	certain	subordinating	content/cause	yes	high	content-or-cause	medium	C1	C2	medium	suggested	context-sensitive function; keep as suggested; subordinating connector before/near target finite clause
1corintios	6	8	cn1	01	ἀλλὰ	ἀλλά	CONJ	certain	coordinating	contrast	yes	high	contrast	high		C1	low	suggested	function follows connector inventory; connector before first finite clause or source outside verse
1corintios	6	8	cn2	04	καὶ	καί	CONJ	certain	coordinating	coordination	yes	high	coordinate/add	high	C1	C2	medium	suggested	function follows connector inventory; coordinating connector between finite clauses
1corintios	6	8	cn3	06	καὶ	καί	CONJ	certain	coordinating	coordination	yes	high	coordinate/add	high	C2		low	suggested	function follows connector inventory; connector after last finite clause or target outside verse
1corintios	6	9	cn1	01	ἢ	ἤ	CONJ	certain	coordinating	alternative/comparison	yes	high	alternative/comparison	medium		C1	low	suggested	context-sensitive function; keep as suggested; connector before first finite clause or source outside verse
1corintios	6	9	cn2	02	οὐκ	οὐ	D---------	certain	negation	negation	yes	high	negation	high			none	suggested	function follows connector inventory; negation detected; no clause connection suggested
1corintios	6	9	cn3	04	ὅτι	ὅτι	CONJ	certain	subordinating	content/cause	yes	high	content-or-cause	medium	C1	C2	medium	suggested	context-sensitive function; keep as suggested; subordinating connector before/near target finite clause
1corintios	6	9	cn4	08	οὐ	οὐ	D---------	certain	negation	negation	yes	high	negation	high			none	suggested	function follows connector inventory; negation detected; no clause connection suggested
1corintios	6	9	cn5	10	μὴ	μή	D---------	certain	negation	negation	yes	high	negation	high			none	suggested	function follows connector inventory; negation detected; no clause connection suggested
1corintios	6	9	cn6	12	οὔτε	οὔτε	CONJ	certain	coordinating	negative coordination	yes	high	coordinate/negative	high	C3		low	suggested	function follows connector inventory; connector after last finite clause or target outside verse
1corintios	6	9	cn7	14	οὔτε	οὔτε	CONJ	certain	coordinating	negative coordination	yes	high	coordinate/negative	high	C3		low	suggested	function follows connector inventory; connector after last finite clause or target outside verse
1corintios	6	9	cn8	16	οὔτε	οὔτε	CONJ	certain	coordinating	negative coordination	yes	high	coordinate/negative	high	C3		low	suggested	function follows connector inventory; connector after last finite clause or target outside verse
1corintios	6	9	cn9	18	οὔτε	οὔτε	CONJ	certain	coordinating	negative coordination	yes	high	coordinate/negative	high	C3		low	suggested	function follows connector inventory; connector after last finite clause or target outside verse
1corintios	6	9	cn10	20	οὔτε	οὔτε	CONJ	certain	coordinating	negative coordination	yes	high	coordinate/negative	high	C3		low	suggested	function follows connector inventory; connector after last finite clause or target outside verse
1corintios	6	10	cn1	01	οὔτε	οὔτε	CONJ	certain	coordinating	negative coordination	yes	high	coordinate/negative	high		C1	low	suggested	function follows connector inventory; connector before first finite clause or source outside verse
1corintios	6	10	cn2	03	οὔτε	οὔτε	CONJ	certain	coordinating	negative coordination	yes	high	coordinate/negative	high		C1	low	suggested	function follows connector inventory; connector before first finite clause or source outside verse
1corintios	6	10	cn3	05	οὐ	οὐ	D---------	certain	negation	negation	yes	high	negation	high			none	suggested	function follows connector inventory; negation detected; no clause connection suggested
1corintios	6	10	cn4	07	οὐ	οὐ	D---------	certain	negation	negation	yes	high	negation	high			none	suggested	function follows connector inventory; negation detected; no clause connection suggested
1corintios	6	10	cn5	09	οὐχ	οὐ	D---------	certain	negation	negation	yes	high	negation	high			none	suggested	function follows connector inventory; negation detected; no clause connection suggested
1corintios	6	11	cn1	01	καὶ	καί	CONJ	certain	coordinating	coordination	yes	high	coordinate/add	high		C1	low	suggested	function follows connector inventory; connector before first finite clause or source outside verse
1corintios	6	11	cn2	05	ἀλλὰ	ἀλλά	CONJ	certain	coordinating	contrast	yes	high	contrast	high	C1	C2	medium	suggested	function follows connector inventory; coordinating connector between finite clauses
1corintios	6	11	cn3	07	ἀλλὰ	ἀλλά	CONJ	certain	coordinating	contrast	yes	high	contrast	high	C2	C3	medium	suggested	function follows connector inventory; coordinating connector between finite clauses
1corintios	6	11	cn4	09	ἀλλὰ	ἀλλά	CONJ	certain	coordinating	contrast	yes	high	contrast	high	C3	C4	medium	suggested	function follows connector inventory; coordinating connector between finite clauses
1corintios	6	11	cn5	17	καὶ	καί	CONJ	certain	coordinating	coordination	yes	high	coordinate/add	high	C4		low	suggested	function follows connector inventory; connector after last finite clause or target outside verse
1corintios	6	12	cn1	04	ἀλλʼ	ἀλλά	CONJ	certain	coordinating	contrast	yes	high	contrast	high	C1	C2	medium	suggested	function follows connector inventory; coordinating connector between finite clauses
1corintios	6	12	cn2	05	οὐ	οὐ	D---------	certain	negation	negation	yes	high	negation	high			none	suggested	function follows connector inventory; negation detected; no clause connection suggested
1corintios	6	12	cn3	11	ἀλλʼ	ἀλλά	CONJ	certain	coordinating	contrast	yes	high	contrast	high	C3	C4	medium	suggested	function follows connector inventory; coordinating connector between finite clauses
1corintios	6	12	cn4	12	οὐκ	οὐ	D---------	certain	negation	negation	yes	high	negation	high			none	suggested	function follows connector inventory; negation detected; no clause connection suggested
1corintios	6	13	cn1	05	καὶ	καί	CONJ	certain	coordinating	coordination	yes	high	coordinate/add	high		C1	low	suggested	function follows connector inventory; connector before first finite clause or source outside verse
1corintios	6	13	cn2	11	δὲ	δέ	CONJ	certain	coordinating	coordination	yes	high	coordinate/add	high		C1	low	suggested	function follows connector inventory; connector before first finite clause or source outside verse
1corintios	6	13	cn3	13	καὶ	καί	CONJ	certain	coordinating	coordination	yes	high	coordinate/add	high		C1	low	suggested	function follows connector inventory; connector before first finite clause or source outside verse
1corintios	6	13	cn4	15	καὶ	καί	CONJ	certain	coordinating	coordination	yes	high	coordinate/add	high		C1	low	suggested	function follows connector inventory; connector before first finite clause or source outside verse
1corintios	6	13	cn5	19	δὲ	δέ	CONJ	certain	coordinating	coordination	yes	high	coordinate/add	high	C1		low	suggested	function follows connector inventory; connector after last finite clause or target outside verse
1corintios	6	13	cn6	21	οὐ	οὐ	D---------	certain	negation	negation	yes	high	negation	high			none	suggested	function follows connector inventory; negation detected; no clause connection suggested
1corintios	6	13	cn7	24	ἀλλὰ	ἀλλά	CONJ	certain	coordinating	contrast	yes	high	contrast	high	C1		low	suggested	function follows connector inventory; connector after last finite clause or target outside verse
1corintios	6	13	cn8	27	καὶ	καί	CONJ	certain	coordinating	coordination	yes	high	coordinate/add	high	C1		low	suggested	function follows connector inventory; connector after last finite clause or target outside verse
1corintios	6	14	cn1	02	δὲ	δέ	CONJ	certain	coordinating	coordination	yes	high	coordinate/add	high		C1	low	suggested	function follows connector inventory; connector before first finite clause or source outside verse
1corintios	6	14	cn2	04	καὶ	καί	CONJ	certain	coordinating	coordination	yes	high	coordinate/add	high		C1	low	suggested	function follows connector inventory; connector before first finite clause or source outside verse
1corintios	6	14	cn3	08	καὶ	καί	CONJ	certain	coordinating	coordination	yes	high	coordinate/add	high	C1	C2	medium	suggested	function follows connector inventory; coordinating connector between finite clauses
1corintios	6	15	cn1	01	οὐκ	οὐ	D---------	certain	negation	negation	yes	high	negation	high			none	suggested	function follows connector inventory; negation detected; no clause connection suggested
1corintios	6	15	cn2	03	ὅτι	ὅτι	CONJ	certain	subordinating	content/cause	yes	high	content-or-cause	medium	C1	C2	medium	suggested	context-sensitive function; keep as suggested; subordinating connector before/near target finite clause
1corintios	6	15	cn3	11	οὖν	οὖν	CONJ	certain	coordinating	inference	yes	high	inference/result	high	C2	C3	medium	suggested	function follows connector inventory; coordinating connector between finite clauses
1corintios	6	15	cn4	19	μὴ	μή	D---------	certain	negation	negation	yes	high	negation	high			none	suggested	function follows connector inventory; negation detected; no clause connection suggested
1corintios	6	16	cn1	01	ἢ	ἤ	CONJ	certain	coordinating	alternative/comparison	yes	high	alternative/comparison	medium		C1	low	suggested	context-sensitive function; keep as suggested; connector before first finite clause or source outside verse
1corintios	6	16	cn2	02	οὐκ	οὐ	D---------	certain	negation	negation	yes	high	negation	high			none	suggested	function follows connector inventory; negation detected; no clause connection suggested
1corintios	6	16	cn3	04	ὅτι	ὅτι	CONJ	certain	subordinating	content/cause	yes	high	content-or-cause	medium	C1	C2	medium	suggested	context-sensitive function; keep as suggested; subordinating connector before/near target finite clause
1corintios	6	16	cn4	13	γάρ	γάρ	CONJ	certain	coordinating	cause/ground	yes	high	ground/explanation	high	C3	C4	medium	suggested	function follows connector inventory; coordinating connector between finite clauses
1corintios	6	17	cn1	02	δὲ	δέ	CONJ	certain	coordinating	coordination	yes	high	coordinate/add	high		C1	low	suggested	function follows connector inventory; connector before first finite clause or source outside verse
1corintios	6	18	cn1	07	ἐὰν	ἐάν	X---------	certain	subordinating	condition	yes	high	condition	high	C1	C2	medium	suggested	function follows connector inventory; subordinating connector before/near target finite clause
1corintios	6	18	cn2	15	δὲ	δέ	CONJ	certain	coordinating	coordination	yes	high	coordinate/add	high	C3	C4	medium	suggested	function follows connector inventory; coordinating connector between finite clauses
1corintios	6	19	cn1	01	ἢ	ἤ	CONJ	certain	coordinating	alternative/comparison	yes	high	alternative/comparison	medium		C1	low	suggested	context-sensitive function; keep as suggested; connector before first finite clause or source outside verse
1corintios	6	19	cn2	02	οὐκ	οὐ	D---------	certain	negation	negation	yes	high	negation	high			none	suggested	function follows connector inventory; negation detected; no clause connection suggested
1corintios	6	19	cn3	04	ὅτι	ὅτι	CONJ	certain	subordinating	content/cause	yes	high	content-or-cause	medium	C1	C2	medium	suggested	context-sensitive function; keep as suggested; subordinating connector before/near target finite clause
1corintios	6	19	cn4	19	καὶ	καί	CONJ	certain	coordinating	coordination	yes	high	coordinate/add	high	C3	C4	medium	suggested	function follows connector inventory; coordinating connector between finite clauses
1corintios	6	19	cn5	20	οὐκ	οὐ	D---------	certain	negation	negation	yes	high	negation	high			none	suggested	function follows connector inventory; negation detected; no clause connection suggested
1corintios	6	20	cn1	02	γὰρ	γάρ	CONJ	certain	coordinating	cause/ground	yes	high	ground/explanation	high	C1	C2	medium	suggested	function follows connector inventory; coordinating connector between finite clauses
1corintios	7	1	cn1	02	δὲ	δέ	CONJ	certain	coordinating	coordination	yes	high	coordinate/add	high		C1	low	suggested	function follows connector inventory; connector before first finite clause or source outside verse
1corintios	7	1	cn2	08	μὴ	μή	D---------	certain	negation	negation	yes	high	negation	high			none	suggested	function follows connector inventory; negation detected; no clause connection suggested
1corintios	7	2	cn1	02	δὲ	δέ	CONJ	certain	coordinating	coordination	yes	high	coordinate/add	high		C1	low	suggested	function follows connector inventory; connector before first finite clause or source outside verse
1corintios	7	2	cn2	10	καὶ	καί	CONJ	certain	coordinating	coordination	yes	high	coordinate/add	high	C1	C2	medium	suggested	function follows connector inventory; coordinating connector between finite clauses
1corintios	7	3	cn1	09	δὲ	δέ	CONJ	certain	coordinating	coordination	yes	high	coordinate/add	high	C1		low	suggested	function follows connector inventory; connector after last finite clause or target outside verse
1corintios	7	3	cn2	10	καὶ	καί	D---------	certain	coordinating	coordination	yes	high	coordinate/add	high	C1		low	suggested	function follows connector inventory; connector after last finite clause or target outside verse
1corintios	7	4	cn1	06	οὐκ	οὐ	D---------	certain	negation	negation	yes	high	negation	high			none	suggested	function follows connector inventory; negation detected; no clause connection suggested
1corintios	7	4	cn2	08	ἀλλὰ	ἀλλά	CONJ	certain	coordinating	contrast	yes	high	contrast	high	C1	C2	medium	suggested	function follows connector inventory; coordinating connector between finite clauses
1corintios	7	4	cn3	12	δὲ	δέ	CONJ	certain	coordinating	coordination	yes	high	coordinate/add	high	C1	C2	medium	suggested	function follows connector inventory; coordinating connector between finite clauses
1corintios	7	4	cn4	13	καὶ	καί	D---------	certain	coordinating	coordination	yes	high	coordinate/add	high	C1	C2	medium	suggested	function follows connector inventory; coordinating connector between finite clauses
1corintios	7	4	cn5	19	οὐκ	οὐ	D---------	certain	negation	negation	yes	high	negation	high			none	suggested	function follows connector inventory; negation detected; no clause connection suggested
1corintios	7	4	cn6	21	ἀλλὰ	ἀλλά	CONJ	certain	coordinating	contrast	yes	high	contrast	high	C2		low	suggested	function follows connector inventory; connector after last finite clause or target outside verse
1corintios	7	5	cn1	01	μὴ	μή	D---------	certain	negation	negation	yes	high	negation	high			none	suggested	function follows connector inventory; negation detected; no clause connection suggested
1corintios	7	5	cn2	04	εἰ	εἰ	CONJ	certain	subordinating	condition	yes	high	condition	high	C1	C2	medium	suggested	function follows connector inventory; subordinating connector before/near target finite clause
1corintios	7	5	cn3	11	ἵνα	ἵνα	CONJ	certain	subordinating	purpose/result	yes	high	purpose/result	medium	C1	C2	medium	suggested	context-sensitive function; keep as suggested; subordinating connector before/near target finite clause
1corintios	7	5	cn4	15	καὶ	καί	CONJ	certain	coordinating	coordination	yes	high	coordinate/add	high	C2	C3	medium	suggested	function follows connector inventory; coordinating connector between finite clauses
1corintios	7	5	cn5	21	ἵνα	ἵνα	CONJ	certain	subordinating	purpose/result	yes	high	purpose/result	medium	C3	C4	medium	suggested	context-sensitive function; keep as suggested; subordinating connector before/near target finite clause
1corintios	7	5	cn6	22	μὴ	μή	D---------	certain	negation	negation	yes	high	negation	high			none	suggested	function follows connector inventory; negation detected; no clause connection suggested
1corintios	7	6	cn1	02	δὲ	δέ	CONJ	certain	coordinating	coordination	yes	high	coordinate/add	high		C1	low	suggested	function follows connector inventory; connector before first finite clause or source outside verse
1corintios	7	6	cn2	06	οὐ	οὐ	D---------	certain	negation	negation	yes	high	negation	high			none	suggested	function follows connector inventory; negation detected; no clause connection suggested
1corintios	7	7	cn1	02	δὲ	δέ	CONJ	certain	coordinating	coordination	yes	high	coordinate/add	high	C1	C2	medium	suggested	function follows connector inventory; coordinating connector between finite clauses
1corintios	7	7	cn2	06	ὡς	ὡς	CONJ	certain	subordinating	comparison/manner	yes	high	comparison/manner	medium	C1	C2	medium	suggested	context-sensitive function; keep as suggested; subordinating connector before/near target finite clause
1corintios	7	7	cn3	07	καὶ	καί	D---------	certain	coordinating	coordination	yes	high	coordinate/add	high	C1	C2	medium	suggested	function follows connector inventory; coordinating connector between finite clauses
1corintios	7	7	cn4	09	ἀλλὰ	ἀλλά	CONJ	certain	coordinating	contrast	yes	high	contrast	high	C1	C2	medium	suggested	function follows connector inventory; coordinating connector between finite clauses
1corintios	7	7	cn5	20	δὲ	δέ	CONJ	certain	coordinating	coordination	yes	high	coordinate/add	high	C2		low	suggested	function follows connector inventory; connector after last finite clause or target outside verse
1corintios	7	8	cn1	02	δὲ	δέ	CONJ	certain	coordinating	coordination	yes	high	coordinate/add	high	C1	C2	medium	suggested	function follows connector inventory; coordinating connector between finite clauses
1corintios	7	8	cn2	05	καὶ	καί	CONJ	certain	coordinating	coordination	yes	high	coordinate/add	high	C1	C2	medium	suggested	function follows connector inventory; coordinating connector between finite clauses
1corintios	7	8	cn3	10	ἐὰν	ἐάν	CONJ	certain	subordinating	condition	yes	high	condition	high	C1	C2	medium	suggested	function follows connector inventory; subordinating connector before/near target finite clause
1corintios	7	8	cn4	12	ὡς	ὡς	CONJ	certain	subordinating	comparison/manner	yes	high	comparison/manner	medium			low	suggested	context-sensitive function; keep as suggested; no target finite clause found in verse
1corintios	7	9	cn1	01	εἰ	εἰ	CONJ	certain	subordinating	condition	yes	high	condition	high		C1	low	suggested	function follows connector inventory; target finite clause found; source not available in verse
1corintios	7	9	cn2	02	δὲ	δέ	CONJ	certain	coordinating	coordination	yes	high	coordinate/add	high		C1	low	suggested	function follows connector inventory; connector before first finite clause or source outside verse
1corintios	7	9	cn3	03	οὐκ	οὐ	D---------	certain	negation	negation	yes	high	negation	high			none	suggested	function follows connector inventory; negation detected; no clause connection suggested
1corintios	7	9	cn4	07	γάρ	γάρ	CONJ	certain	coordinating	cause/ground	yes	high	ground/explanation	high	C2	C3	medium	suggested	function follows connector inventory; coordinating connector between finite clauses
1corintios	7	9	cn5	10	ἢ	ἤ	CONJ	certain	coordinating	alternative/comparison	yes	high	alternative/comparison	medium	C3		low	suggested	context-sensitive function; keep as suggested; connector after last finite clause or target outside verse
1corintios	7	10	cn1	02	δὲ	δέ	CONJ	certain	coordinating	coordination	yes	high	coordinate/add	high		C1	low	suggested	function follows connector inventory; connector before first finite clause or source outside verse
1corintios	7	10	cn2	05	οὐκ	οὐ	D---------	certain	negation	negation	yes	high	negation	high			none	suggested	function follows connector inventory; negation detected; no clause connection suggested
1corintios	7	10	cn3	07	ἀλλὰ	ἀλλά	CONJ	certain	coordinating	contrast	yes	high	contrast	high	C1		low	suggested	function follows connector inventory; connector after last finite clause or target outside verse
1corintios	7	10	cn4	13	μὴ	μή	D---------	certain	negation	negation	yes	high	negation	high			none	suggested	function follows connector inventory; negation detected; no clause connection suggested
1corintios	7	11	cn1	01	ἐὰν	ἐάν	CONJ	certain	subordinating	condition	yes	high	condition	high		C1	low	suggested	function follows connector inventory; target finite clause found; source not available in verse
1corintios	7	11	cn2	02	δὲ	δέ	CONJ	certain	coordinating	coordination	yes	high	coordinate/add	high		C1	low	suggested	function follows connector inventory; connector before first finite clause or source outside verse
1corintios	7	11	cn3	03	καὶ	καί	D---------	certain	coordinating	coordination	yes	high	coordinate/add	high		C1	low	suggested	function follows connector inventory; connector before first finite clause or source outside verse
1corintios	7	11	cn4	07	ἢ	ἤ	CONJ	certain	coordinating	alternative/comparison	yes	high	alternative/comparison	medium	C2	C3	medium	suggested	context-sensitive function; keep as suggested; coordinating connector between finite clauses
1corintios	7	11	cn5	11	καὶ	καί	CONJ	certain	coordinating	coordination	yes	high	coordinate/add	high	C3		low	suggested	function follows connector inventory; connector after last finite clause or target outside verse
1corintios	7	11	cn6	14	μὴ	μή	D---------	certain	negation	negation	yes	high	negation	high			none	suggested	function follows connector inventory; negation detected; no clause connection suggested
1corintios	7	12	cn1	02	δὲ	δέ	CONJ	certain	coordinating	coordination	yes	high	coordinate/add	high		C1	low	suggested	function follows connector inventory; connector before first finite clause or source outside verse
1corintios	7	12	cn2	06	οὐχ	οὐ	D---------	certain	negation	negation	yes	high	negation	high			none	suggested	function follows connector inventory; negation detected; no clause connection suggested
1corintios	7	12	cn3	09	εἴ	εἰ	CONJ	certain	subordinating	condition	yes	high	condition	high	C1	C2	medium	suggested	function follows connector inventory; subordinating connector before/near target finite clause
1corintios	7	12	cn4	15	καὶ	καί	CONJ	certain	coordinating	coordination	yes	high	coordinate/add	high	C2	C3	medium	suggested	function follows connector inventory; coordinating connector between finite clauses
1corintios	7	12	cn5	21	μὴ	μή	D---------	certain	negation	negation	yes	high	negation	high			none	suggested	function follows connector inventory; negation detected; no clause connection suggested
1corintios	7	13	cn1	01	καὶ	καί	CONJ	certain	coordinating	coordination	yes	high	coordinate/add	high		C1	low	suggested	function follows connector inventory; connector before first finite clause or source outside verse
1corintios	7	13	cn2	03	εἴ	εἰ	CONJ	certain	subordinating	condition	yes	high	condition	high		C1	low	suggested	function follows connector inventory; target finite clause found; source not available in verse
1corintios	7	13	cn3	08	καὶ	καί	CONJ	certain	coordinating	coordination	yes	high	coordinate/add	high	C1	C2	medium	suggested	function follows connector inventory; coordinating connector between finite clauses
1corintios	7	13	cn4	14	μὴ	μή	D---------	certain	negation	negation	yes	high	negation	high			none	suggested	function follows connector inventory; negation detected; no clause connection suggested
1corintios	7	14	cn1	02	γὰρ	γάρ	CONJ	certain	coordinating	cause/ground	yes	high	ground/explanation	high	C1	C2	medium	suggested	function follows connector inventory; coordinating connector between finite clauses
1corintios	7	14	cn2	10	καὶ	καί	CONJ	certain	coordinating	coordination	yes	high	coordinate/add	high	C1	C2	medium	suggested	function follows connector inventory; coordinating connector between finite clauses
1corintios	7	14	cn3	19	ἐπεὶ	ἐπεί	CONJ	certain	subordinating	cause/temporal	yes	high	cause-or-temporal	medium	C2	C3	medium	suggested	context-sensitive function; keep as suggested; subordinating connector before/near target finite clause
1corintios	7	14	cn4	20	ἄρα	ἄρα	CONJ	certain	coordinating	inference	yes	high	inference/result	high	C2	C3	medium	suggested	function follows connector inventory; coordinating connector between finite clauses
1corintios	7	14	cn5	27	δὲ	δέ	CONJ	certain	coordinating	coordination	yes	high	coordinate/add	high	C3	C4	medium	suggested	function follows connector inventory; coordinating connector between finite clauses
1corintios	7	15	cn1	01	εἰ	εἰ	CONJ	certain	subordinating	condition	yes	high	condition	high		C1	low	suggested	function follows connector inventory; target finite clause found; source not available in verse
1corintios	7	15	cn2	02	δὲ	δέ	CONJ	certain	coordinating	coordination	yes	high	coordinate/add	high		C1	low	suggested	function follows connector inventory; connector before first finite clause or source outside verse
1corintios	7	15	cn3	07	οὐ	οὐ	D---------	certain	negation	negation	yes	high	negation	high			none	suggested	function follows connector inventory; negation detected; no clause connection suggested
1corintios	7	15	cn4	11	ἢ	ἤ	CONJ	certain	coordinating	alternative/comparison	yes	high	alternative/comparison	medium	C3	C4	medium	suggested	context-sensitive function; keep as suggested; coordinating connector between finite clauses
1corintios	7	15	cn5	18	δὲ	δέ	CONJ	certain	coordinating	coordination	yes	high	coordinate/add	high	C3	C4	medium	suggested	function follows connector inventory; coordinating connector between finite clauses
1corintios	7	16	cn1	02	γὰρ	γάρ	CONJ	certain	coordinating	cause/ground	yes	high	ground/explanation	high		C1	low	suggested	function follows connector inventory; connector before first finite clause or source outside verse
1corintios	7	16	cn2	05	εἰ	εἰ	X---------	certain	subordinating	condition	yes	high	condition	high	C1	C2	medium	suggested	function follows connector inventory; subordinating connector before/near target finite clause
1corintios	7	16	cn3	09	ἢ	ἤ	CONJ	certain	coordinating	alternative/comparison	yes	high	alternative/comparison	medium	C2	C3	medium	suggested	context-sensitive function; keep as suggested; coordinating connector between finite clauses
1corintios	7	16	cn4	13	εἰ	εἰ	X---------	certain	subordinating	condition	yes	high	condition	high	C3	C4	medium	suggested	function follows connector inventory; subordinating connector before/near target finite clause
1corintios	7	17	cn1	01	εἰ	εἰ	CONJ	certain	subordinating	condition	yes	high	condition	high		C1	low	suggested	function follows connector inventory; target finite clause found; source not available in verse
1corintios	7	17	cn2	02	μὴ	μή	D---------	certain	negation	negation	yes	high	negation	high			none	suggested	function follows connector inventory; negation detected; no clause connection suggested
1corintios	7	17	cn3	04	ὡς	ὡς	CONJ	certain	subordinating	comparison/manner	yes	high	comparison/manner	medium		C1	low	suggested	context-sensitive function; keep as suggested; target finite clause found; source not available in verse
1corintios	7	17	cn4	09	ὡς	ὡς	CONJ	certain	subordinating	comparison/manner	yes	high	comparison/manner	medium	C1	C2	medium	suggested	context-sensitive function; keep as suggested; subordinating connector before/near target finite clause
1corintios	7	17	cn5	15	καὶ	καί	CONJ	certain	coordinating	coordination	yes	high	coordinate/add	high	C3	C4	medium	suggested	function follows connector inventory; coordinating connector between finite clauses
1corintios	7	18	cn1	04	μὴ	μή	D---------	certain	negation	negation	yes	high	negation	high			none	suggested	function follows connector inventory; negation detected; no clause connection suggested
1corintios	7	18	cn2	10	μὴ	μή	D---------	certain	negation	negation	yes	high	negation	high			none	suggested	function follows connector inventory; negation detected; no clause connection suggested
1corintios	7	19	cn1	05	καὶ	καί	CONJ	certain	coordinating	coordination	yes	high	coordinate/add	high	C1	C2	medium	suggested	function follows connector inventory; coordinating connector between finite clauses
1corintios	7	19	cn2	10	ἀλλὰ	ἀλλά	CONJ	certain	coordinating	contrast	yes	high	contrast	high	C2		low	suggested	function follows connector inventory; connector after last finite clause or target outside verse
1corintios	7	21	cn1	03	μή	μή	D---------	certain	negation	negation	yes	high	negation	high			none	suggested	function follows connector inventory; negation detected; no clause connection suggested
1corintios	7	21	cn2	06	ἀλλʼ	ἀλλά	CONJ	certain	coordinating	contrast	yes	high	contrast	high	C2	C3	medium	suggested	function follows connector inventory; coordinating connector between finite clauses
1corintios	7	21	cn3	07	εἰ	εἰ	CONJ	certain	subordinating	condition	yes	high	condition	high	C2	C3	medium	suggested	function follows connector inventory; subordinating connector before/near target finite clause
1corintios	7	21	cn4	08	καὶ	καί	D---------	certain	coordinating	coordination	yes	high	coordinate/add	high	C2	C3	medium	suggested	function follows connector inventory; coordinating connector between finite clauses
1corintios	7	22	cn1	02	γὰρ	γάρ	CONJ	certain	coordinating	cause/ground	yes	high	ground/explanation	high		C1	low	suggested	function follows connector inventory; connector before first finite clause or source outside verse
1corintios	7	23	cn1	03	μὴ	μή	D---------	certain	negation	negation	yes	high	negation	high			none	suggested	function follows connector inventory; negation detected; no clause connection suggested
1corintios	7	25	cn1	02	δὲ	δέ	CONJ	certain	coordinating	coordination	yes	high	coordinate/add	high		C1	low	suggested	function follows connector inventory; connector before first finite clause or source outside verse
1corintios	7	25	cn2	07	οὐκ	οὐ	D---------	certain	negation	negation	yes	high	negation	high			none	suggested	function follows connector inventory; negation detected; no clause connection suggested
1corintios	7	25	cn3	10	δὲ	δέ	CONJ	certain	coordinating	coordination	yes	high	coordinate/add	high	C1	C2	medium	suggested	function follows connector inventory; coordinating connector between finite clauses
1corintios	7	25	cn4	12	ὡς	ὡς	CONJ	certain	subordinating	comparison/manner	yes	high	comparison/manner	medium			low	suggested	context-sensitive function; keep as suggested; no target finite clause found in verse
1corintios	7	26	cn1	02	οὖν	οὖν	CONJ	certain	coordinating	inference	yes	high	inference/result	high	C1		low	suggested	function follows connector inventory; connector after last finite clause or target outside verse
1corintios	7	26	cn2	10	ὅτι	ὅτι	D---------	certain	subordinating	content/cause	yes	high	content-or-cause	medium			low	suggested	context-sensitive function; keep as suggested; no target finite clause found in verse
1corintios	7	27	cn1	03	μὴ	μή	D---------	certain	negation	negation	yes	high	negation	high			none	suggested	function follows connector inventory; negation detected; no clause connection suggested
1corintios	7	27	cn2	09	μὴ	μή	D---------	certain	negation	negation	yes	high	negation	high			none	suggested	function follows connector inventory; negation detected; no clause connection suggested
1corintios	7	28	cn1	01	ἐὰν	ἐάν	CONJ	certain	subordinating	condition	yes	high	condition	high		C1	low	suggested	function follows connector inventory; target finite clause found; source not available in verse
1corintios	7	28	cn2	02	δὲ	δέ	CONJ	certain	coordinating	coordination	yes	high	coordinate/add	high		C1	low	suggested	function follows connector inventory; connector before first finite clause or source outside verse
1corintios	7	28	cn3	03	καὶ	καί	D---------	certain	coordinating	coordination	yes	high	coordinate/add	high		C1	low	suggested	function follows connector inventory; connector before first finite clause or source outside verse
1corintios	7	28	cn4	05	οὐχ	οὐ	D---------	certain	negation	negation	yes	high	negation	high			none	suggested	function follows connector inventory; negation detected; no clause connection suggested
1corintios	7	28	cn5	07	καὶ	καί	CONJ	certain	coordinating	coordination	yes	high	coordinate/add	high	C2	C3	medium	suggested	function follows connector inventory; coordinating connector between finite clauses
1corintios	7	28	cn6	08	ἐὰν	ἐάν	CONJ	certain	subordinating	condition	yes	high	condition	high	C2	C3	medium	suggested	function follows connector inventory; subordinating connector before/near target finite clause
1corintios	7	28	cn7	12	οὐχ	οὐ	D---------	certain	negation	negation	yes	high	negation	high			none	suggested	function follows connector inventory; negation detected; no clause connection suggested
1corintios	7	28	cn8	15	δὲ	δέ	CONJ	certain	coordinating	coordination	yes	high	coordinate/add	high	C4	C5	medium	suggested	function follows connector inventory; coordinating connector between finite clauses
1corintios	7	28	cn9	22	δὲ	δέ	CONJ	certain	coordinating	coordination	yes	high	coordinate/add	high	C5	C6	medium	suggested	function follows connector inventory; coordinating connector between finite clauses
1corintios	7	29	cn1	02	δέ	δέ	CONJ	certain	coordinating	coordination	yes	high	coordinate/add	high		C1	low	suggested	function follows connector inventory; connector before first finite clause or source outside verse
1corintios	7	29	cn2	11	ἵνα	ἵνα	CONJ	certain	subordinating	purpose/result	yes	high	purpose/result	medium	C2	C3	medium	suggested	context-sensitive function; keep as suggested; subordinating connector before/near target finite clause
1corintios	7	29	cn3	12	καὶ	καί	D---------	certain	coordinating	coordination	yes	high	coordinate/add	high	C2	C3	medium	suggested	function follows connector inventory; coordinating connector between finite clauses
1corintios	7	29	cn4	16	ὡς	ὡς	CONJ	certain	subordinating	comparison/manner	yes	high	comparison/manner	medium	C2	C3	medium	suggested	context-sensitive function; keep as suggested; subordinating connector before/near target finite clause
1corintios	7	29	cn5	17	μὴ	μή	D---------	certain	negation	negation	yes	high	negation	high			none	suggested	function follows connector inventory; negation detected; no clause connection suggested
1corintios	7	30	cn1	01	καὶ	καί	CONJ	certain	coordinating	coordination	yes	high	coordinate/add	high			low	suggested	function follows connector inventory; no finite clause anchor found in verse
1corintios	7	30	cn2	04	ὡς	ὡς	CONJ	certain	subordinating	comparison/manner	yes	high	comparison/manner	medium			low	suggested	context-sensitive function; keep as suggested; no target finite clause found in verse
1corintios	7	30	cn3	05	μὴ	μή	D---------	certain	negation	negation	yes	high	negation	high			none	suggested	function follows connector inventory; negation detected; no clause connection suggested
1corintios	7	30	cn4	07	καὶ	καί	CONJ	certain	coordinating	coordination	yes	high	coordinate/add	high			low	suggested	function follows connector inventory; no finite clause anchor found in verse
1corintios	7	30	cn5	10	ὡς	ὡς	CONJ	certain	subordinating	comparison/manner	yes	high	comparison/manner	medium			low	suggested	context-sensitive function; keep as suggested; no target finite clause found in verse
1corintios	7	30	cn6	11	μὴ	μή	D---------	certain	negation	negation	yes	high	negation	high			none	suggested	function follows connector inventory; negation detected; no clause connection suggested
1corintios	7	30	cn7	13	καὶ	καί	CONJ	certain	coordinating	coordination	yes	high	coordinate/add	high			low	suggested	function follows connector inventory; no finite clause anchor found in verse
1corintios	7	30	cn8	16	ὡς	ὡς	CONJ	certain	subordinating	comparison/manner	yes	high	comparison/manner	medium			low	suggested	context-sensitive function; keep as suggested; no target finite clause found in verse
1corintios	7	30	cn9	17	μὴ	μή	D---------	certain	negation	negation	yes	high	negation	high			none	suggested	function follows connector inventory; negation detected; no clause connection suggested
1corintios	7	31	cn1	01	καὶ	καί	CONJ	certain	coordinating	coordination	yes	high	coordinate/add	high		C1	low	suggested	function follows connector inventory; connector before first finite clause or source outside verse
1corintios	7	31	cn2	06	ὡς	ὡς	CONJ	certain	subordinating	comparison/manner	yes	high	comparison/manner	medium		C1	low	suggested	context-sensitive function; keep as suggested; target finite clause found; source not available in verse
1corintios	7	31	cn3	07	μὴ	μή	D---------	certain	negation	negation	yes	high	negation	high			none	suggested	function follows connector inventory; negation detected; no clause connection suggested
1corintios	7	31	cn4	10	γὰρ	γάρ	CONJ	certain	coordinating	cause/ground	yes	high	ground/explanation	high	C1		low	suggested	function follows connector inventory; connector after last finite clause or target outside verse
1corintios	7	32	cn1	02	δὲ	δέ	CONJ	certain	coordinating	coordination	yes	high	coordinate/add	high	C1	C2	medium	suggested	function follows connector inventory; coordinating connector between finite clauses
1corintios	7	33	cn1	02	δὲ	δέ	CONJ	certain	coordinating	coordination	yes	high	coordinate/add	high		C1	low	suggested	function follows connector inventory; connector before first finite clause or source outside verse
1corintios	7	34	cn1	01	καὶ	καί	CONJ	certain	coordinating	coordination	yes	high	coordinate/add	high		C1	low	suggested	function follows connector inventory; connector before first finite clause or source outside verse
1corintios	7	34	cn2	03	καὶ	καί	CONJ	certain	coordinating	coordination	yes	high	coordinate/add	high	C1	C2	medium	suggested	function follows connector inventory; coordinating connector between finite clauses
1corintios	7	34	cn3	08	καὶ	καί	CONJ	certain	coordinating	coordination	yes	high	coordinate/add	high	C1	C2	medium	suggested	function follows connector inventory; coordinating connector between finite clauses
1corintios	7	34	cn4	15	ἵνα	ἵνα	CONJ	certain	subordinating	purpose/result	yes	high	purpose/result	medium	C2	C3	medium	suggested	context-sensitive function; keep as suggested; subordinating connector before/near target finite clause
1corintios	7	34	cn5	18	καὶ	καί	CONJ	certain	coordinating	coordination	yes	high	coordinate/add	high	C3	C4	medium	suggested	function follows connector inventory; coordinating connector between finite clauses
1corintios	7	34	cn6	21	καὶ	καί	CONJ	certain	coordinating	coordination	yes	high	coordinate/add	high	C3	C4	medium	suggested	function follows connector inventory; coordinating connector between finite clauses
1corintios	7	34	cn7	25	δὲ	δέ	CONJ	certain	coordinating	coordination	yes	high	coordinate/add	high	C3	C4	medium	suggested	function follows connector inventory; coordinating connector between finite clauses
1corintios	7	35	cn1	02	δὲ	δέ	CONJ	certain	coordinating	coordination	yes	high	coordinate/add	high		C1	low	suggested	function follows connector inventory; connector before first finite clause or source outside verse
1corintios	7	35	cn2	09	οὐχ	οὐ	D---------	certain	negation	negation	yes	high	negation	high			none	suggested	function follows connector inventory; negation detected; no clause connection suggested
1corintios	7	35	cn3	10	ἵνα	ἵνα	CONJ	certain	subordinating	purpose/result	yes	high	purpose/result	medium	C1	C2	medium	suggested	context-sensitive function; keep as suggested; subordinating connector before/near target finite clause
1corintios	7	35	cn4	14	ἀλλὰ	ἀλλά	CONJ	certain	coordinating	contrast	yes	high	contrast	high	C2		low	suggested	function follows connector inventory; connector after last finite clause or target outside verse
1corintios	7	35	cn5	18	καὶ	καί	CONJ	certain	coordinating	coordination	yes	high	coordinate/add	high	C2		low	suggested	function follows connector inventory; connector after last finite clause or target outside verse
1corintios	7	36	cn1	01	εἰ	εἰ	CONJ	certain	subordinating	condition	yes	high	condition	high		C1	low	suggested	function follows connector inventory; target finite clause found; source not available in verse
1corintios	7	36	cn2	02	δέ	δέ	CONJ	certain	coordinating	coordination	yes	high	coordinate/add	high		C1	low	suggested	function follows connector inventory; connector before first finite clause or source outside verse
1corintios	7	36	cn3	10	ἐὰν	ἐάν	CONJ	certain	subordinating	condition	yes	high	condition	high	C1	C2	medium	suggested	function follows connector inventory; subordinating connector before/near target finite clause
1corintios	7	36	cn4	13	καὶ	καί	CONJ	certain	coordinating	coordination	yes	high	coordinate/add	high	C2	C3	medium	suggested	function follows connector inventory; coordinating connector between finite clauses
1corintios	7	36	cn5	20	οὐχ	οὐ	D---------	certain	negation	negation	yes	high	negation	high			none	suggested	function follows connector inventory; negation detected; no clause connection suggested
1corintios	7	37	cn1	02	δὲ	δέ	CONJ	certain	coordinating	coordination	yes	high	coordinate/add	high		C1	low	suggested	function follows connector inventory; connector before first finite clause or source outside verse
1corintios	7	37	cn2	09	μὴ	μή	D---------	certain	negation	negation	yes	high	negation	high			none	suggested	function follows connector inventory; negation detected; no clause connection suggested
1corintios	7	37	cn3	13	δὲ	δέ	CONJ	certain	coordinating	coordination	yes	high	coordinate/add	high	C1	C2	medium	suggested	function follows connector inventory; coordinating connector between finite clauses
1corintios	7	37	cn4	19	καὶ	καί	CONJ	certain	coordinating	coordination	yes	high	coordinate/add	high	C2	C3	medium	suggested	function follows connector inventory; coordinating connector between finite clauses
1corintios	7	38	cn1	01	ὥστε	ὥστε	CONJ	certain	subordinating	result/inference	yes	high	result/inference	medium		C1	low	suggested	context-sensitive function; keep as suggested; target finite clause found; source not available in verse
1corintios	7	38	cn2	02	καὶ	καί	CONJ	certain	coordinating	coordination	yes	high	coordinate/add	high		C1	low	suggested	function follows connector inventory; connector before first finite clause or source outside verse
1corintios	7	38	cn3	10	καὶ	καί	CONJ	certain	coordinating	coordination	yes	high	coordinate/add	high	C1	C2	medium	suggested	function follows connector inventory; coordinating connector between finite clauses
1corintios	7	38	cn4	12	μὴ	μή	D---------	certain	negation	negation	yes	high	negation	high			none	suggested	function follows connector inventory; negation detected; no clause connection suggested
1corintios	7	39	cn1	10	ἐὰν	ἐάν	CONJ	certain	subordinating	condition	yes	high	condition	high	C2	C3	medium	suggested	function follows connector inventory; subordinating connector before/near target finite clause
1corintios	7	39	cn2	11	δὲ	δέ	CONJ	certain	coordinating	coordination	yes	high	coordinate/add	high	C2	C3	medium	suggested	function follows connector inventory; coordinating connector between finite clauses
1corintios	7	40	cn1	02	δέ	δέ	CONJ	certain	coordinating	coordination	yes	high	coordinate/add	high		C1	low	suggested	function follows connector inventory; connector before first finite clause or source outside verse
1corintios	7	40	cn2	04	ἐὰν	ἐάν	CONJ	certain	subordinating	condition	yes	high	condition	high	C1	C2	medium	suggested	function follows connector inventory; subordinating connector before/near target finite clause
1corintios	7	40	cn3	12	δὲ	δέ	CONJ	certain	coordinating	coordination	yes	high	coordinate/add	high	C3		low	suggested	function follows connector inventory; connector after last finite clause or target outside verse
1corintios	8	1	cn1	02	δὲ	δέ	CONJ	certain	coordinating	coordination	yes	high	coordinate/add	high		C1	low	suggested	function follows connector inventory; connector before first finite clause or source outside verse
1corintios	8	1	cn2	06	ὅτι	ὅτι	CONJ	certain	subordinating	content/cause	yes	high	content-or-cause	medium	C1	C2	medium	suggested	context-sensitive function; keep as suggested; subordinating connector before/near target finite clause
1corintios	8	1	cn3	14	δὲ	δέ	CONJ	certain	coordinating	coordination	yes	high	coordinate/add	high	C3	C4	medium	suggested	function follows connector inventory; coordinating connector between finite clauses
1corintios	8	2	cn1	01	εἴ	εἰ	CONJ	certain	subordinating	condition	yes	high	condition	high		C1	low	suggested	function follows connector inventory; target finite clause found; source not available in verse
1corintios	8	2	cn2	08	καθὼς	καθώς	CONJ	certain	subordinating	comparison/manner	yes	high	comparison/manner	medium	C2	C3	medium	suggested	context-sensitive function; keep as suggested; subordinating connector before/near target finite clause
1corintios	8	3	cn1	01	εἰ	εἰ	CONJ	certain	subordinating	condition	yes	high	condition	high		C1	low	suggested	function follows connector inventory; target finite clause found; source not available in verse
1corintios	8	3	cn2	02	δέ	δέ	CONJ	certain	coordinating	coordination	yes	high	coordinate/add	high		C1	low	suggested	function follows connector inventory; connector before first finite clause or source outside verse
1corintios	8	4	cn1	04	οὖν	οὖν	CONJ	certain	coordinating	inference	yes	high	inference/result	high		C1	low	suggested	function follows connector inventory; connector before first finite clause or source outside verse
1corintios	8	4	cn2	08	ὅτι	ὅτι	CONJ	certain	subordinating	content/cause	yes	high	content-or-cause	medium			low	suggested	context-sensitive function; keep as suggested; no target finite clause found in verse
1corintios	8	4	cn3	13	καὶ	καί	CONJ	certain	coordinating	coordination	yes	high	coordinate/add	high	C1		low	suggested	function follows connector inventory; connector after last finite clause or target outside verse
1corintios	8	4	cn4	14	ὅτι	ὅτι	CONJ	certain	subordinating	content/cause	yes	high	content-or-cause	medium			low	suggested	context-sensitive function; keep as suggested; no target finite clause found in verse
1corintios	8	4	cn5	17	εἰ	εἰ	CONJ	certain	subordinating	condition	yes	high	condition	high			low	suggested	function follows connector inventory; no target finite clause found in verse
1corintios	8	4	cn6	18	μὴ	μή	D---------	certain	negation	negation	yes	high	negation	high			none	suggested	function follows connector inventory; negation detected; no clause connection suggested
1corintios	8	5	cn1	01	καὶ	καί	D---------	certain	coordinating	coordination	yes	high	coordinate/add	high		C1	low	suggested	function follows connector inventory; connector before first finite clause or source outside verse
1corintios	8	5	cn2	02	γὰρ	γάρ	CONJ	certain	coordinating	cause/ground	yes	high	ground/explanation	high		C1	low	suggested	function follows connector inventory; connector before first finite clause or source outside verse
1corintios	8	5	cn3	03	εἴπερ	εἴπερ	CONJ	certain	subordinating	condition	yes	high	condition	high		C1	low	suggested	function follows connector inventory; target finite clause found; source not available in verse
1corintios	8	5	cn4	07	εἴτε	εἴτε	CONJ	certain	coordinating	alternative	yes	high	alternative	high	C1	C2	medium	suggested	function follows connector inventory; coordinating connector between finite clauses
1corintios	8	5	cn5	10	εἴτε	εἴτε	CONJ	certain	coordinating	alternative	yes	high	alternative	high	C1	C2	medium	suggested	function follows connector inventory; coordinating connector between finite clauses
1corintios	8	5	cn6	13	ὥσπερ	ὥσπερ	CONJ	certain	subordinating	comparison/manner	yes	high	comparison/manner	medium	C1	C2	medium	suggested	context-sensitive function; keep as suggested; subordinating connector before/near target finite clause
1corintios	8	5	cn7	17	καὶ	καί	CONJ	certain	coordinating	coordination	yes	high	coordinate/add	high	C2		low	suggested	function follows connector inventory; connector after last finite clause or target outside verse
1corintios	8	6	cn1	01	ἀλλʼ	ἀλλά	CONJ	certain	coordinating	contrast	yes	high	contrast	high			low	suggested	function follows connector inventory; no finite clause anchor found in verse
1corintios	8	6	cn2	11	καὶ	καί	CONJ	certain	coordinating	coordination	yes	high	coordinate/add	high			low	suggested	function follows connector inventory; no finite clause anchor found in verse
1corintios	8	6	cn3	15	καὶ	καί	CONJ	certain	coordinating	coordination	yes	high	coordinate/add	high			low	suggested	function follows connector inventory; no finite clause anchor found in verse
1corintios	8	6	cn4	24	καὶ	καί	CONJ	certain	coordinating	coordination	yes	high	coordinate/add	high			low	suggested	function follows connector inventory; no finite clause anchor found in verse
1corintios	8	7	cn1	01	ἀλλʼ	ἀλλά	CONJ	certain	coordinating	contrast	yes	high	contrast	high		C1	low	suggested	function follows connector inventory; connector before first finite clause or source outside verse
1corintios	8	7	cn2	02	οὐκ	οὐ	D---------	certain	negation	negation	yes	high	negation	high			none	suggested	function follows connector inventory; negation detected; no clause connection suggested
1corintios	8	7	cn3	08	δὲ	δέ	CONJ	certain	coordinating	coordination	yes	high	coordinate/add	high		C1	low	suggested	function follows connector inventory; connector before first finite clause or source outside verse
1corintios	8	7	cn4	11	ἕως	ἕως	P---------	certain	subordinating	temporal	yes	high	temporal	high		C1	low	suggested	function follows connector inventory; target finite clause found; source not available in verse
1corintios	8	7	cn5	15	ὡς	ὡς	CONJ	certain	subordinating	comparison/manner	yes	high	comparison/manner	medium		C1	low	suggested	context-sensitive function; keep as suggested; target finite clause found; source not available in verse
1corintios	8	7	cn6	18	καὶ	καί	CONJ	certain	coordinating	coordination	yes	high	coordinate/add	high	C1	C2	medium	suggested	function follows connector inventory; coordinating connector between finite clauses
1corintios	8	8	cn1	02	δὲ	δέ	CONJ	certain	coordinating	coordination	yes	high	coordinate/add	high		C1	low	suggested	function follows connector inventory; connector before first finite clause or source outside verse
1corintios	8	8	cn2	04	οὐ	οὐ	D---------	certain	negation	negation	yes	high	negation	high			none	suggested	function follows connector inventory; negation detected; no clause connection suggested
1corintios	8	8	cn3	08	οὔτε	οὔτε	CONJ	certain	coordinating	negative coordination	yes	high	coordinate/negative	high	C1	C2	medium	suggested	function follows connector inventory; coordinating connector between finite clauses
1corintios	8	8	cn4	09	γὰρ	γάρ	CONJ	certain	coordinating	cause/ground	yes	high	ground/explanation	high	C1	C2	medium	suggested	function follows connector inventory; coordinating connector between finite clauses
1corintios	8	8	cn5	10	ἐὰν	ἐάν	CONJ	certain	subordinating	condition	yes	high	condition	high	C1	C2	medium	suggested	function follows connector inventory; subordinating connector before/near target finite clause
1corintios	8	8	cn6	13	οὔτε	οὔτε	CONJ	certain	coordinating	negative coordination	yes	high	coordinate/negative	high	C3	C4	medium	suggested	function follows connector inventory; coordinating connector between finite clauses
1corintios	8	8	cn7	14	ἐὰν	ἐάν	CONJ	certain	subordinating	condition	yes	high	condition	high	C3	C4	medium	suggested	function follows connector inventory; subordinating connector before/near target finite clause
1corintios	8	8	cn8	15	μὴ	μή	D---------	certain	negation	negation	yes	high	negation	high			none	suggested	function follows connector inventory; negation detected; no clause connection suggested
1corintios	8	9	cn1	02	δὲ	δέ	CONJ	certain	coordinating	coordination	yes	high	coordinate/add	high	C1	C2	medium	suggested	function follows connector inventory; coordinating connector between finite clauses
1corintios	8	9	cn2	03	μή	μή	CONJ	certain	negation	negation	yes	high	negation	high			none	suggested	function follows connector inventory; negation detected; no clause connection suggested
1corintios	8	10	cn1	01	ἐὰν	ἐάν	CONJ	certain	subordinating	condition	yes	high	condition	high		C1	low	suggested	function follows connector inventory; target finite clause found; source not available in verse
1corintios	8	10	cn2	02	γάρ	γάρ	CONJ	certain	coordinating	cause/ground	yes	high	ground/explanation	high		C1	low	suggested	function follows connector inventory; connector before first finite clause or source outside verse
1corintios	8	11	cn1	02	γὰρ	γάρ	CONJ	certain	coordinating	cause/ground	yes	high	ground/explanation	high	C1	C2	medium	suggested	function follows connector inventory; coordinating connector between finite clauses
1corintios	8	12	cn1	02	δὲ	δέ	CONJ	certain	coordinating	coordination	yes	high	coordinate/add	high		C1	low	suggested	function follows connector inventory; connector before first finite clause or source outside verse
1corintios	8	12	cn2	07	καὶ	καί	CONJ	certain	coordinating	coordination	yes	high	coordinate/add	high		C1	low	suggested	function follows connector inventory; connector before first finite clause or source outside verse
1corintios	8	13	cn1	01	διόπερ	διόπερ	CONJ	certain	coordinating	inference	yes	high	inference/result	high		C1	low	suggested	function follows connector inventory; connector before first finite clause or source outside verse
1corintios	8	13	cn2	02	εἰ	εἰ	CONJ	certain	subordinating	condition	yes	high	condition	high		C1	low	suggested	function follows connector inventory; target finite clause found; source not available in verse
1corintios	8	13	cn3	08	οὐ	οὐ	D---------	certain	negation	negation	yes	high	negation	high			none	suggested	function follows connector inventory; negation detected; no clause connection suggested
1corintios	8	13	cn4	09	μὴ	μή	D---------	certain	negation	negation	yes	high	negation	high			none	suggested	function follows connector inventory; negation detected; no clause connection suggested
1corintios	8	13	cn5	15	ἵνα	ἵνα	CONJ	certain	subordinating	purpose/result	yes	high	purpose/result	medium	C2	C3	medium	suggested	context-sensitive function; keep as suggested; subordinating connector before/near target finite clause
1corintios	8	13	cn6	16	μὴ	μή	D---------	certain	negation	negation	yes	high	negation	high			none	suggested	function follows connector inventory; negation detected; no clause connection suggested
1corintios	9	1	cn1	01	οὐκ	οὐ	X---------	certain	negation	negation	yes	high	negation	high			none	suggested	function follows connector inventory; negation detected; no clause connection suggested
1corintios	9	1	cn2	04	οὐκ	οὐ	X---------	certain	negation	negation	yes	high	negation	high			none	suggested	function follows connector inventory; negation detected; no clause connection suggested
1corintios	9	1	cn3	13	οὐ	οὐ	X---------	certain	negation	negation	yes	high	negation	high			none	suggested	function follows connector inventory; negation detected; no clause connection suggested
1corintios	9	2	cn1	01	εἰ	εἰ	CONJ	certain	subordinating	condition	yes	high	condition	high		C1	low	suggested	function follows connector inventory; target finite clause found; source not available in verse
1corintios	9	2	cn2	03	οὐκ	οὐ	D---------	certain	negation	negation	yes	high	negation	high			none	suggested	function follows connector inventory; negation detected; no clause connection suggested
1corintios	9	2	cn3	06	ἀλλά	ἀλλά	CONJ	certain	coordinating	contrast	yes	high	contrast	high	C1	C2	medium	suggested	function follows connector inventory; coordinating connector between finite clauses
1corintios	9	2	cn4	11	γὰρ	γάρ	CONJ	certain	coordinating	cause/ground	yes	high	ground/explanation	high	C2	C3	medium	suggested	function follows connector inventory; coordinating connector between finite clauses
1corintios	9	4	cn1	01	μὴ	μή	X---------	certain	negation	negation	yes	high	negation	high			none	suggested	function follows connector inventory; negation detected; no clause connection suggested
1corintios	9	4	cn2	02	οὐκ	οὐ	D---------	certain	negation	negation	yes	high	negation	high			none	suggested	function follows connector inventory; negation detected; no clause connection suggested
1corintios	9	4	cn3	06	καὶ	καί	CONJ	certain	coordinating	coordination	yes	high	coordinate/add	high	C1		low	suggested	function follows connector inventory; connector after last finite clause or target outside verse
1corintios	9	5	cn1	01	μὴ	μή	X---------	certain	negation	negation	yes	high	negation	high			none	suggested	function follows connector inventory; negation detected; no clause connection suggested
1corintios	9	5	cn2	02	οὐκ	οὐ	D---------	certain	negation	negation	yes	high	negation	high			none	suggested	function follows connector inventory; negation detected; no clause connection suggested
1corintios	9	5	cn3	08	ὡς	ὡς	CONJ	certain	subordinating	comparison/manner	yes	high	comparison/manner	medium			low	suggested	context-sensitive function; keep as suggested; no target finite clause found in verse
1corintios	9	5	cn4	09	καὶ	καί	D---------	certain	coordinating	coordination	yes	high	coordinate/add	high	C1		low	suggested	function follows connector inventory; connector after last finite clause or target outside verse
1corintios	9	5	cn5	13	καὶ	καί	CONJ	certain	coordinating	coordination	yes	high	coordinate/add	high	C1		low	suggested	function follows connector inventory; connector after last finite clause or target outside verse
1corintios	9	5	cn6	18	καὶ	καί	CONJ	certain	coordinating	coordination	yes	high	coordinate/add	high	C1		low	suggested	function follows connector inventory; connector after last finite clause or target outside verse
1corintios	9	6	cn1	01	ἢ	ἤ	CONJ	certain	coordinating	alternative/comparison	yes	high	alternative/comparison	medium		C1	low	suggested	context-sensitive function; keep as suggested; connector before first finite clause or source outside verse
1corintios	9	6	cn2	04	καὶ	καί	CONJ	certain	coordinating	coordination	yes	high	coordinate/add	high		C1	low	suggested	function follows connector inventory; connector before first finite clause or source outside verse
1corintios	9	6	cn3	06	οὐκ	οὐ	X---------	certain	negation	negation	yes	high	negation	high			none	suggested	function follows connector inventory; negation detected; no clause connection suggested
1corintios	9	6	cn4	09	μὴ	μή	D---------	certain	negation	negation	yes	high	negation	high			none	suggested	function follows connector inventory; negation detected; no clause connection suggested
1corintios	9	7	cn1	09	καὶ	καί	CONJ	certain	coordinating	coordination	yes	high	coordinate/add	high	C2	C3	medium	suggested	function follows connector inventory; coordinating connector between finite clauses
1corintios	9	7	cn2	13	οὐκ	οὐ	D---------	certain	negation	negation	yes	high	negation	high			none	suggested	function follows connector inventory; negation detected; no clause connection suggested
1corintios	9	7	cn3	18	καὶ	καί	CONJ	certain	coordinating	coordination	yes	high	coordinate/add	high	C4	C5	medium	suggested	function follows connector inventory; coordinating connector between finite clauses
1corintios	9	7	cn4	24	οὐκ	οὐ	D---------	certain	negation	negation	yes	high	negation	high			none	suggested	function follows connector inventory; negation detected; no clause connection suggested
1corintios	9	8	cn1	01	μὴ	μή	X---------	certain	negation	negation	yes	high	negation	high			none	suggested	function follows connector inventory; negation detected; no clause connection suggested
1corintios	9	8	cn2	06	ἢ	ἤ	CONJ	certain	coordinating	alternative/comparison	yes	high	alternative/comparison	medium	C1	C2	medium	suggested	context-sensitive function; keep as suggested; coordinating connector between finite clauses
1corintios	9	8	cn3	07	καὶ	καί	D---------	certain	coordinating	coordination	yes	high	coordinate/add	high	C1	C2	medium	suggested	function follows connector inventory; coordinating connector between finite clauses
1corintios	9	8	cn4	11	οὐ	οὐ	X---------	certain	negation	negation	yes	high	negation	high			none	suggested	function follows connector inventory; negation detected; no clause connection suggested
1corintios	9	9	cn1	02	γὰρ	γάρ	CONJ	certain	coordinating	cause/ground	yes	high	ground/explanation	high		C1	low	suggested	function follows connector inventory; connector before first finite clause or source outside verse
1corintios	9	9	cn2	07	οὐ	οὐ	D---------	certain	negation	negation	yes	high	negation	high			none	suggested	function follows connector inventory; negation detected; no clause connection suggested
1corintios	9	9	cn3	11	μὴ	μή	X---------	certain	negation	negation	yes	high	negation	high			none	suggested	function follows connector inventory; negation detected; no clause connection suggested
1corintios	9	10	cn1	01	ἢ	ἤ	CONJ	certain	coordinating	alternative/comparison	yes	high	alternative/comparison	medium		C1	low	suggested	context-sensitive function; keep as suggested; connector before first finite clause or source outside verse
1corintios	9	10	cn2	08	γὰρ	γάρ	CONJ	certain	coordinating	cause/ground	yes	high	ground/explanation	high	C1	C2	medium	suggested	function follows connector inventory; coordinating connector between finite clauses
1corintios	9	10	cn3	10	ὅτι	ὅτι	CONJ	certain	subordinating	content/cause	yes	high	content-or-cause	medium	C2	C3	medium	suggested	context-sensitive function; keep as suggested; subordinating connector before/near target finite clause
1corintios	9	10	cn4	17	καὶ	καί	CONJ	certain	coordinating	coordination	yes	high	coordinate/add	high	C3		low	suggested	function follows connector inventory; connector after last finite clause or target outside verse
1corintios	9	11	cn1	01	εἰ	εἰ	CONJ	certain	subordinating	condition	yes	high	condition	high		C1	low	suggested	function follows connector inventory; target finite clause found; source not available in verse
1corintios	9	11	cn2	08	εἰ	εἰ	CONJ	certain	subordinating	condition	yes	high	condition	high	C1	C2	medium	suggested	function follows connector inventory; subordinating connector before/near target finite clause
1corintios	9	12	cn1	01	εἰ	εἰ	CONJ	certain	subordinating	condition	yes	high	condition	high		C1	low	suggested	function follows connector inventory; target finite clause found; source not available in verse
1corintios	9	12	cn2	07	οὐ	οὐ	X---------	certain	negation	negation	yes	high	negation	high			none	suggested	function follows connector inventory; negation detected; no clause connection suggested
1corintios	9	12	cn3	10	ἀλλʼ	ἀλλά	CONJ	certain	coordinating	contrast	yes	high	contrast	high	C1	C2	medium	suggested	function follows connector inventory; coordinating connector between finite clauses
1corintios	9	12	cn4	11	οὐκ	οὐ	D---------	certain	negation	negation	yes	high	negation	high			none	suggested	function follows connector inventory; negation detected; no clause connection suggested
1corintios	9	12	cn5	16	ἀλλὰ	ἀλλά	CONJ	certain	coordinating	contrast	yes	high	contrast	high	C2	C3	medium	suggested	function follows connector inventory; coordinating connector between finite clauses
1corintios	9	12	cn6	19	ἵνα	ἵνα	CONJ	certain	subordinating	purpose/result	yes	high	purpose/result	medium	C3	C4	medium	suggested	context-sensitive function; keep as suggested; subordinating connector before/near target finite clause
1corintios	9	12	cn7	20	μή	μή	D---------	certain	negation	negation	yes	high	negation	high			none	suggested	function follows connector inventory; negation detected; no clause connection suggested
1corintios	9	13	cn1	01	οὐκ	οὐ	D---------	certain	negation	negation	yes	high	negation	high			none	suggested	function follows connector inventory; negation detected; no clause connection suggested
1corintios	9	13	cn2	03	ὅτι	ὅτι	CONJ	certain	subordinating	content/cause	yes	high	content-or-cause	medium	C1	C2	medium	suggested	context-sensitive function; keep as suggested; subordinating connector before/near target finite clause
1corintios	9	14	cn1	02	καὶ	καί	D---------	certain	coordinating	coordination	yes	high	coordinate/add	high		C1	low	suggested	function follows connector inventory; connector before first finite clause or source outside verse
1corintios	9	15	cn1	02	δὲ	δέ	CONJ	certain	coordinating	coordination	yes	high	coordinate/add	high		C1	low	suggested	function follows connector inventory; connector before first finite clause or source outside verse
1corintios	9	15	cn2	03	οὐ	οὐ	D---------	certain	negation	negation	yes	high	negation	high			none	suggested	function follows connector inventory; negation detected; no clause connection suggested
1corintios	9	15	cn3	07	οὐκ	οὐ	D---------	certain	negation	negation	yes	high	negation	high			none	suggested	function follows connector inventory; negation detected; no clause connection suggested
1corintios	9	15	cn4	09	δὲ	δέ	CONJ	certain	coordinating	coordination	yes	high	coordinate/add	high	C2	C3	medium	suggested	function follows connector inventory; coordinating connector between finite clauses
1corintios	9	15	cn5	11	ἵνα	ἵνα	CONJ	certain	subordinating	purpose/result	yes	high	purpose/result	medium	C2	C3	medium	suggested	context-sensitive function; keep as suggested; subordinating connector before/near target finite clause
1corintios	9	15	cn6	17	γάρ	γάρ	CONJ	certain	coordinating	cause/ground	yes	high	ground/explanation	high	C3	C4	medium	suggested	function follows connector inventory; coordinating connector between finite clauses
1corintios	9	15	cn7	21	ἤ—	ἤ	CONJ	certain	coordinating	alternative/comparison	yes	high	alternative/comparison	medium	C3	C4	medium	suggested	context-sensitive function; keep as suggested; coordinating connector between finite clauses
1corintios	9	16	cn1	01	ἐὰν	ἐάν	CONJ	certain	subordinating	condition	yes	high	condition	high		C1	low	suggested	function follows connector inventory; target finite clause found; source not available in verse
1corintios	9	16	cn2	02	γὰρ	γάρ	CONJ	certain	coordinating	cause/ground	yes	high	ground/explanation	high		C1	low	suggested	function follows connector inventory; connector before first finite clause or source outside verse
1corintios	9	16	cn3	04	οὐκ	οὐ	D---------	certain	negation	negation	yes	high	negation	high			none	suggested	function follows connector inventory; negation detected; no clause connection suggested
1corintios	9	16	cn4	09	γάρ	γάρ	CONJ	certain	coordinating	cause/ground	yes	high	ground/explanation	high	C2	C3	medium	suggested	function follows connector inventory; coordinating connector between finite clauses
1corintios	9	16	cn5	13	γάρ	γάρ	CONJ	certain	coordinating	cause/ground	yes	high	ground/explanation	high	C3	C4	medium	suggested	function follows connector inventory; coordinating connector between finite clauses
1corintios	9	16	cn6	16	ἐὰν	ἐάν	CONJ	certain	subordinating	condition	yes	high	condition	high	C4	C5	medium	suggested	function follows connector inventory; subordinating connector before/near target finite clause
1corintios	9	16	cn7	17	μὴ	μή	D---------	certain	negation	negation	yes	high	negation	high			none	suggested	function follows connector inventory; negation detected; no clause connection suggested
1corintios	9	17	cn1	01	εἰ	εἰ	CONJ	certain	subordinating	condition	yes	high	condition	high		C1	low	suggested	function follows connector inventory; target finite clause found; source not available in verse
1corintios	9	17	cn2	02	γὰρ	γάρ	CONJ	certain	coordinating	cause/ground	yes	high	ground/explanation	high		C1	low	suggested	function follows connector inventory; connector before first finite clause or source outside verse
1corintios	9	17	cn3	08	εἰ	εἰ	CONJ	certain	subordinating	condition	yes	high	condition	high	C2	C3	medium	suggested	function follows connector inventory; subordinating connector before/near target finite clause
1corintios	9	17	cn4	09	δὲ	δέ	CONJ	certain	coordinating	coordination	yes	high	coordinate/add	high	C2	C3	medium	suggested	function follows connector inventory; coordinating connector between finite clauses
1corintios	9	18	cn1	02	οὖν	οὖν	CONJ	certain	coordinating	inference	yes	high	inference/result	high		C1	low	suggested	function follows connector inventory; connector before first finite clause or source outside verse
1corintios	9	18	cn2	07	ἵνα	ἵνα	CONJ	certain	subordinating	purpose/result	yes	high	purpose/result	medium	C1	C2	medium	suggested	context-sensitive function; keep as suggested; subordinating connector before/near target finite clause
1corintios	9	18	cn3	15	μὴ	μή	D---------	certain	negation	negation	yes	high	negation	high			none	suggested	function follows connector inventory; negation detected; no clause connection suggested
1corintios	9	19	cn1	02	γὰρ	γάρ	CONJ	certain	coordinating	cause/ground	yes	high	ground/explanation	high		C1	low	suggested	function follows connector inventory; connector before first finite clause or source outside verse
1corintios	9	19	cn2	09	ἵνα	ἵνα	CONJ	certain	subordinating	purpose/result	yes	high	purpose/result	medium	C1	C2	medium	suggested	context-sensitive function; keep as suggested; subordinating connector before/near target finite clause
1corintios	9	20	cn1	01	καὶ	καί	CONJ	certain	coordinating	coordination	yes	high	coordinate/add	high		C1	low	suggested	function follows connector inventory; connector before first finite clause or source outside verse
1corintios	9	20	cn2	05	ὡς	ὡς	CONJ	certain	subordinating	comparison/manner	yes	high	comparison/manner	medium	C1	C2	medium	suggested	context-sensitive function; keep as suggested; subordinating connector before/near target finite clause
1corintios	9	20	cn3	07	ἵνα	ἵνα	CONJ	certain	subordinating	purpose/result	yes	high	purpose/result	medium	C1	C2	medium	suggested	context-sensitive function; keep as suggested; subordinating connector before/near target finite clause
1corintios	9	20	cn4	13	ὡς	ὡς	CONJ	certain	subordinating	comparison/manner	yes	high	comparison/manner	medium	C2	C3	medium	suggested	context-sensitive function; keep as suggested; subordinating connector before/near target finite clause
1corintios	9	20	cn5	16	μὴ	μή	D---------	certain	negation	negation	yes	high	negation	high			none	suggested	function follows connector inventory; negation detected; no clause connection suggested
1corintios	9	20	cn6	21	ἵνα	ἵνα	CONJ	certain	subordinating	purpose/result	yes	high	purpose/result	medium	C2	C3	medium	suggested	context-sensitive function; keep as suggested; subordinating connector before/near target finite clause
1corintios	9	21	cn1	03	ὡς	ὡς	CONJ	certain	subordinating	comparison/manner	yes	high	comparison/manner	medium		C1	low	suggested	context-sensitive function; keep as suggested; target finite clause found; source not available in verse
1corintios	9	21	cn2	05	μὴ	μή	D---------	certain	negation	negation	yes	high	negation	high			none	suggested	function follows connector inventory; negation detected; no clause connection suggested
1corintios	9	21	cn3	09	ἀλλʼ	ἀλλά	CONJ	certain	coordinating	contrast	yes	high	contrast	high		C1	low	suggested	function follows connector inventory; connector before first finite clause or source outside verse
1corintios	9	21	cn4	12	ἵνα	ἵνα	CONJ	certain	subordinating	purpose/result	yes	high	purpose/result	medium		C1	low	suggested	context-sensitive function; keep as suggested; target finite clause found; source not available in verse
1corintios	9	22	cn1	05	ἵνα	ἵνα	CONJ	certain	subordinating	purpose/result	yes	high	purpose/result	medium	C1	C2	medium	suggested	context-sensitive function; keep as suggested; subordinating connector before/near target finite clause
1corintios	9	22	cn2	13	ἵνα	ἵνα	CONJ	certain	subordinating	purpose/result	yes	high	purpose/result	medium	C3	C4	medium	suggested	context-sensitive function; keep as suggested; subordinating connector before/near target finite clause
1corintios	9	23	cn1	02	δὲ	δέ	CONJ	certain	coordinating	coordination	yes	high	coordinate/add	high		C1	low	suggested	function follows connector inventory; connector before first finite clause or source outside verse
1corintios	9	23	cn2	07	ἵνα	ἵνα	CONJ	certain	subordinating	purpose/result	yes	high	purpose/result	medium	C1	C2	medium	suggested	context-sensitive function; keep as suggested; subordinating connector before/near target finite clause
1corintios	9	24	cn1	01	οὐκ	οὐ	D---------	certain	negation	negation	yes	high	negation	high			none	suggested	function follows connector inventory; negation detected; no clause connection suggested
1corintios	9	24	cn2	03	ὅτι	ὅτι	CONJ	certain	subordinating	content/cause	yes	high	content-or-cause	medium	C1	C2	medium	suggested	context-sensitive function; keep as suggested; subordinating connector before/near target finite clause
1corintios	9	24	cn3	12	δὲ	δέ	CONJ	certain	coordinating	coordination	yes	high	coordinate/add	high	C2	C3	medium	suggested	function follows connector inventory; coordinating connector between finite clauses
1corintios	9	24	cn4	18	ἵνα	ἵνα	CONJ	certain	subordinating	purpose/result	yes	high	purpose/result	medium	C4	C5	medium	suggested	context-sensitive function; keep as suggested; subordinating connector before/near target finite clause
1corintios	9	25	cn1	02	δὲ	δέ	CONJ	certain	coordinating	coordination	yes	high	coordinate/add	high		C1	low	suggested	function follows connector inventory; connector before first finite clause or source outside verse
1corintios	9	25	cn2	09	οὖν	οὖν	CONJ	certain	coordinating	inference	yes	high	inference/result	high	C1	C2	medium	suggested	function follows connector inventory; coordinating connector between finite clauses
1corintios	9	25	cn3	10	ἵνα	ἵνα	CONJ	certain	subordinating	purpose/result	yes	high	purpose/result	medium	C1	C2	medium	suggested	context-sensitive function; keep as suggested; subordinating connector before/near target finite clause
1corintios	9	25	cn4	15	δὲ	δέ	CONJ	certain	coordinating	coordination	yes	high	coordinate/add	high	C2		low	suggested	function follows connector inventory; connector after last finite clause or target outside verse
1corintios	9	26	cn1	02	τοίνυν	τοίνυν	CONJ	certain	coordinating	inference	yes	high	inference/result	high		C1	low	suggested	function follows connector inventory; connector before first finite clause or source outside verse
1corintios	9	26	cn2	05	ὡς	ὡς	CONJ	certain	subordinating	comparison/manner	yes	high	comparison/manner	medium	C1	C2	medium	suggested	context-sensitive function; keep as suggested; subordinating connector before/near target finite clause
1corintios	9	26	cn3	06	οὐκ	οὐ	D---------	certain	negation	negation	yes	high	negation	high			none	suggested	function follows connector inventory; negation detected; no clause connection suggested
1corintios	9	26	cn4	10	ὡς	ὡς	CONJ	certain	subordinating	comparison/manner	yes	high	comparison/manner	medium			low	suggested	context-sensitive function; keep as suggested; no target finite clause found in verse
1corintios	9	26	cn5	11	οὐκ	οὐ	D---------	certain	negation	negation	yes	high	negation	high			none	suggested	function follows connector inventory; negation detected; no clause connection suggested
1corintios	9	27	cn1	01	ἀλλὰ	ἀλλά	CONJ	certain	coordinating	contrast	yes	high	contrast	high		C1	low	suggested	function follows connector inventory; connector before first finite clause or source outside verse
1corintios	9	27	cn2	06	καὶ	καί	CONJ	certain	coordinating	coordination	yes	high	coordinate/add	high	C1	C2	medium	suggested	function follows connector inventory; coordinating connector between finite clauses
1corintios	9	27	cn3	08	μή	μή	CONJ	certain	negation	negation	yes	high	negation	high			none	suggested	function follows connector inventory; negation detected; no clause connection suggested
1corintios	10	1	cn1	01	οὐ	οὐ	D---------	certain	negation	negation	yes	high	negation	high			none	suggested	function follows connector inventory; negation detected; no clause connection suggested
1corintios	10	1	cn2	03	γὰρ	γάρ	CONJ	certain	coordinating	cause/ground	yes	high	ground/explanation	high	C1	C2	medium	suggested	function follows connector inventory; coordinating connector between finite clauses
1corintios	10	1	cn3	07	ὅτι	ὅτι	CONJ	certain	subordinating	content/cause	yes	high	content-or-cause	medium	C1	C2	medium	suggested	context-sensitive function; keep as suggested; subordinating connector before/near target finite clause
1corintios	10	1	cn4	16	καὶ	καί	CONJ	certain	coordinating	coordination	yes	high	coordinate/add	high	C2	C3	medium	suggested	function follows connector inventory; coordinating connector between finite clauses
1corintios	10	2	cn1	01	καὶ	καί	CONJ	certain	coordinating	coordination	yes	high	coordinate/add	high		C1	low	suggested	function follows connector inventory; connector before first finite clause or source outside verse
1corintios	10	2	cn2	10	καὶ	καί	CONJ	certain	coordinating	coordination	yes	high	coordinate/add	high	C1		low	suggested	function follows connector inventory; connector after last finite clause or target outside verse
1corintios	10	3	cn1	01	καὶ	καί	CONJ	certain	coordinating	coordination	yes	high	coordinate/add	high		C1	low	suggested	function follows connector inventory; connector before first finite clause or source outside verse
1corintios	10	4	cn1	01	καὶ	καί	CONJ	certain	coordinating	coordination	yes	high	coordinate/add	high		C1	low	suggested	function follows connector inventory; connector before first finite clause or source outside verse
1corintios	10	4	cn2	09	γὰρ	γάρ	CONJ	certain	coordinating	cause/ground	yes	high	ground/explanation	high	C2	C3	medium	suggested	function follows connector inventory; coordinating connector between finite clauses
1corintios	10	4	cn3	16	δὲ	δέ	CONJ	certain	coordinating	coordination	yes	high	coordinate/add	high	C2	C3	medium	suggested	function follows connector inventory; coordinating connector between finite clauses
1corintios	10	5	cn1	01	ἀλλʼ	ἀλλά	CONJ	certain	coordinating	contrast	yes	high	contrast	high		C1	low	suggested	function follows connector inventory; connector before first finite clause or source outside verse
1corintios	10	5	cn2	02	οὐκ	οὐ	D---------	certain	negation	negation	yes	high	negation	high			none	suggested	function follows connector inventory; negation detected; no clause connection suggested
1corintios	10	5	cn3	11	γὰρ	γάρ	CONJ	certain	coordinating	cause/ground	yes	high	ground/explanation	high	C2		low	suggested	function follows connector inventory; connector after last finite clause or target outside verse
1corintios	10	6	cn1	02	δὲ	δέ	CONJ	certain	coordinating	coordination	yes	high	coordinate/add	high		C1	low	suggested	function follows connector inventory; connector before first finite clause or source outside verse
1corintios	10	6	cn2	08	μὴ	μή	D---------	certain	negation	negation	yes	high	negation	high			none	suggested	function follows connector inventory; negation detected; no clause connection suggested
1corintios	10	6	cn3	13	καθὼς	καθώς	CONJ	certain	subordinating	comparison/manner	yes	high	comparison/manner	medium	C1	C2	medium	suggested	context-sensitive function; keep as suggested; subordinating connector before/near target finite clause
1corintios	10	7	cn1	01	μηδὲ	μηδέ	CONJ	certain	coordinating	negative coordination	yes	high	coordinate/negative	high		C1	low	suggested	function follows connector inventory; connector before first finite clause or source outside verse
1corintios	10	7	cn2	04	καθώς	καθώς	CONJ	certain	subordinating	comparison/manner	yes	high	comparison/manner	medium	C1	C2	medium	suggested	context-sensitive function; keep as suggested; subordinating connector before/near target finite clause
1corintios	10	7	cn3	07	ὥσπερ	ὥσπερ	CONJ	certain	subordinating	comparison/manner	yes	high	comparison/manner	medium	C1	C2	medium	suggested	context-sensitive function; keep as suggested; subordinating connector before/near target finite clause
1corintios	10	7	cn4	13	καὶ	καί	CONJ	certain	coordinating	coordination	yes	high	coordinate/add	high	C3	C4	medium	suggested	function follows connector inventory; coordinating connector between finite clauses
1corintios	10	7	cn5	15	καὶ	καί	CONJ	certain	coordinating	coordination	yes	high	coordinate/add	high	C3	C4	medium	suggested	function follows connector inventory; coordinating connector between finite clauses
1corintios	10	8	cn1	01	μηδὲ	μηδέ	CONJ	certain	coordinating	negative coordination	yes	high	coordinate/negative	high		C1	low	suggested	function follows connector inventory; connector before first finite clause or source outside verse
1corintios	10	8	cn2	03	καθώς	καθώς	CONJ	certain	subordinating	comparison/manner	yes	high	comparison/manner	medium	C1	C2	medium	suggested	context-sensitive function; keep as suggested; subordinating connector before/near target finite clause
1corintios	10	8	cn3	07	καὶ	καί	CONJ	certain	coordinating	coordination	yes	high	coordinate/add	high	C2	C3	medium	suggested	function follows connector inventory; coordinating connector between finite clauses
1corintios	10	9	cn1	01	μηδὲ	μηδέ	CONJ	certain	coordinating	negative coordination	yes	high	coordinate/negative	high		C1	low	suggested	function follows connector inventory; connector before first finite clause or source outside verse
1corintios	10	9	cn2	05	καθώς	καθώς	CONJ	certain	subordinating	comparison/manner	yes	high	comparison/manner	medium	C1	C2	medium	suggested	context-sensitive function; keep as suggested; subordinating connector before/near target finite clause
1corintios	10	9	cn3	09	καὶ	καί	CONJ	certain	coordinating	coordination	yes	high	coordinate/add	high	C2	C3	medium	suggested	function follows connector inventory; coordinating connector between finite clauses
1corintios	10	10	cn1	01	μηδὲ	μηδέ	CONJ	certain	coordinating	negative coordination	yes	high	coordinate/negative	high		C1	low	suggested	function follows connector inventory; connector before first finite clause or source outside verse
1corintios	10	10	cn2	03	καθάπερ	καθάπερ	CONJ	certain	subordinating	comparison/manner	yes	high	comparison/manner	medium	C1	C2	medium	suggested	context-sensitive function; keep as suggested; subordinating connector before/near target finite clause
1corintios	10	10	cn3	07	καὶ	καί	CONJ	certain	coordinating	coordination	yes	high	coordinate/add	high	C2	C3	medium	suggested	function follows connector inventory; coordinating connector between finite clauses
1corintios	10	11	cn1	02	δὲ	δέ	CONJ	certain	coordinating	coordination	yes	high	coordinate/add	high		C1	low	suggested	function follows connector inventory; connector before first finite clause or source outside verse
1corintios	10	11	cn2	07	δὲ	δέ	CONJ	certain	coordinating	coordination	yes	high	coordinate/add	high	C2	C3	medium	suggested	function follows connector inventory; coordinating connector between finite clauses
1corintios	10	12	cn1	01	ὥστε	ὥστε	CONJ	certain	subordinating	result/inference	yes	high	result/inference	medium		C1	low	suggested	context-sensitive function; keep as suggested; target finite clause found; source not available in verse
1corintios	10	12	cn2	06	μὴ	μή	CONJ	certain	negation	negation	yes	high	negation	high			none	suggested	function follows connector inventory; negation detected; no clause connection suggested
1corintios	10	13	cn1	03	οὐκ	οὐ	D---------	certain	negation	negation	yes	high	negation	high			none	suggested	function follows connector inventory; negation detected; no clause connection suggested
1corintios	10	13	cn2	05	εἰ	εἰ	CONJ	certain	subordinating	condition	yes	high	condition	high	C1	C2	medium	suggested	function follows connector inventory; subordinating connector before/near target finite clause
1corintios	10	13	cn3	06	μὴ	μή	D---------	certain	negation	negation	yes	high	negation	high			none	suggested	function follows connector inventory; negation detected; no clause connection suggested
1corintios	10	13	cn4	09	δὲ	δέ	CONJ	certain	coordinating	coordination	yes	high	coordinate/add	high	C1	C2	medium	suggested	function follows connector inventory; coordinating connector between finite clauses
1corintios	10	13	cn5	13	οὐκ	οὐ	D---------	certain	negation	negation	yes	high	negation	high			none	suggested	function follows connector inventory; negation detected; no clause connection suggested
1corintios	10	13	cn6	20	ἀλλὰ	ἀλλά	CONJ	certain	coordinating	contrast	yes	high	contrast	high	C3	C4	medium	suggested	function follows connector inventory; coordinating connector between finite clauses
1corintios	10	13	cn7	25	καὶ	καί	D---------	certain	coordinating	coordination	yes	high	coordinate/add	high	C4		low	suggested	function follows connector inventory; connector after last finite clause or target outside verse
1corintios	10	14	cn1	01	διόπερ	διόπερ	CONJ	certain	coordinating	inference	yes	high	inference/result	high		C1	low	suggested	function follows connector inventory; connector before first finite clause or source outside verse
1corintios	10	15	cn1	01	ὡς	ὡς	CONJ	certain	subordinating	comparison/manner	yes	high	comparison/manner	medium		C1	low	suggested	context-sensitive function; keep as suggested; target finite clause found; source not available in verse
1corintios	10	17	cn1	01	ὅτι	ὅτι	CONJ	certain	subordinating	content/cause	yes	high	content-or-cause	medium		C1	low	suggested	context-sensitive function; keep as suggested; target finite clause found; source not available in verse
1corintios	10	17	cn2	10	γὰρ	γάρ	CONJ	certain	coordinating	cause/ground	yes	high	ground/explanation	high	C1	C2	medium	suggested	function follows connector inventory; coordinating connector between finite clauses
1corintios	10	18	cn1	06	οὐχ	οὐ	X---------	certain	negation	negation	yes	high	negation	high			none	suggested	function follows connector inventory; negation detected; no clause connection suggested
1corintios	10	19	cn1	02	οὖν	οὖν	CONJ	certain	coordinating	inference	yes	high	inference/result	high		C1	low	suggested	function follows connector inventory; connector before first finite clause or source outside verse
1corintios	10	19	cn2	04	ὅτι	ὅτι	CONJ	certain	subordinating	content/cause	yes	high	content-or-cause	medium	C1	C2	medium	suggested	context-sensitive function; keep as suggested; subordinating connector before/near target finite clause
1corintios	10	19	cn3	08	ἢ	ἤ	CONJ	certain	coordinating	alternative/comparison	yes	high	alternative/comparison	medium	C2	C3	medium	suggested	context-sensitive function; keep as suggested; coordinating connector between finite clauses
1corintios	10	19	cn4	09	ὅτι	ὅτι	CONJ	certain	subordinating	content/cause	yes	high	content-or-cause	medium	C2	C3	medium	suggested	context-sensitive function; keep as suggested; subordinating connector before/near target finite clause
1corintios	10	20	cn1	01	ἀλλʼ	ἀλλά	CONJ	certain	coordinating	contrast	yes	high	contrast	high		C1	low	suggested	function follows connector inventory; connector before first finite clause or source outside verse
1corintios	10	20	cn2	02	ὅτι	ὅτι	CONJ	certain	subordinating	content/cause	yes	high	content-or-cause	medium		C1	low	suggested	context-sensitive function; keep as suggested; target finite clause found; source not available in verse
1corintios	10	20	cn3	06	καὶ	καί	CONJ	certain	coordinating	coordination	yes	high	coordinate/add	high	C1	C2	medium	suggested	function follows connector inventory; coordinating connector between finite clauses
1corintios	10	20	cn4	07	οὐ	οὐ	D---------	certain	negation	negation	yes	high	negation	high			none	suggested	function follows connector inventory; negation detected; no clause connection suggested
1corintios	10	20	cn5	10	οὐ	οὐ	D---------	certain	negation	negation	yes	high	negation	high			none	suggested	function follows connector inventory; negation detected; no clause connection suggested
1corintios	10	20	cn6	12	δὲ	δέ	CONJ	certain	coordinating	coordination	yes	high	coordinate/add	high	C3		low	suggested	function follows connector inventory; connector after last finite clause or target outside verse
1corintios	10	21	cn1	01	οὐ	οὐ	D---------	certain	negation	negation	yes	high	negation	high			none	suggested	function follows connector inventory; negation detected; no clause connection suggested
1corintios	10	21	cn2	06	καὶ	καί	CONJ	certain	coordinating	coordination	yes	high	coordinate/add	high	C1	C2	medium	suggested	function follows connector inventory; coordinating connector between finite clauses
1corintios	10	21	cn3	09	οὐ	οὐ	D---------	certain	negation	negation	yes	high	negation	high			none	suggested	function follows connector inventory; negation detected; no clause connection suggested
1corintios	10	21	cn4	14	καὶ	καί	CONJ	certain	coordinating	coordination	yes	high	coordinate/add	high	C2		low	suggested	function follows connector inventory; connector after last finite clause or target outside verse
1corintios	10	22	cn1	01	ἢ	ἤ	CONJ	certain	coordinating	alternative/comparison	yes	high	alternative/comparison	medium		C1	low	suggested	context-sensitive function; keep as suggested; connector before first finite clause or source outside verse
1corintios	10	22	cn2	05	μὴ	μή	X---------	certain	negation	negation	yes	high	negation	high			none	suggested	function follows connector inventory; negation detected; no clause connection suggested
1corintios	10	23	cn1	03	ἀλλʼ	ἀλλά	CONJ	certain	coordinating	contrast	yes	high	contrast	high	C1	C2	medium	suggested	function follows connector inventory; coordinating connector between finite clauses
1corintios	10	23	cn2	04	οὐ	οὐ	D---------	certain	negation	negation	yes	high	negation	high			none	suggested	function follows connector inventory; negation detected; no clause connection suggested
1corintios	10	23	cn3	09	ἀλλʼ	ἀλλά	CONJ	certain	coordinating	contrast	yes	high	contrast	high	C3	C4	medium	suggested	function follows connector inventory; coordinating connector between finite clauses
1corintios	10	23	cn4	10	οὐ	οὐ	D---------	certain	negation	negation	yes	high	negation	high			none	suggested	function follows connector inventory; negation detected; no clause connection suggested
1corintios	10	24	cn1	05	ἀλλὰ	ἀλλά	CONJ	certain	coordinating	contrast	yes	high	contrast	high	C1		low	suggested	function follows connector inventory; connector after last finite clause or target outside verse
1corintios	10	26	cn1	03	γὰρ	γάρ	CONJ	certain	coordinating	cause/ground	yes	high	ground/explanation	high			low	suggested	function follows connector inventory; no finite clause anchor found in verse
1corintios	10	26	cn2	06	καὶ	καί	CONJ	certain	coordinating	coordination	yes	high	coordinate/add	high			low	suggested	function follows connector inventory; no finite clause anchor found in verse
1corintios	10	27	cn1	01	εἴ	εἰ	CONJ	certain	subordinating	condition	yes	high	condition	high		C1	low	suggested	function follows connector inventory; target finite clause found; source not available in verse
1corintios	10	27	cn2	07	καὶ	καί	CONJ	certain	coordinating	coordination	yes	high	coordinate/add	high	C1	C2	medium	suggested	function follows connector inventory; coordinating connector between finite clauses
1corintios	10	28	cn1	01	ἐὰν	ἐάν	CONJ	certain	subordinating	condition	yes	high	condition	high		C1	low	suggested	function follows connector inventory; target finite clause found; source not available in verse
1corintios	10	28	cn2	02	δέ	δέ	CONJ	certain	coordinating	coordination	yes	high	coordinate/add	high		C1	low	suggested	function follows connector inventory; connector before first finite clause or source outside verse
1corintios	10	28	cn3	09	μὴ	μή	D---------	certain	negation	negation	yes	high	negation	high			none	suggested	function follows connector inventory; negation detected; no clause connection suggested
1corintios	10	28	cn4	15	καὶ	καί	CONJ	certain	coordinating	coordination	yes	high	coordinate/add	high	C3		low	suggested	function follows connector inventory; connector after last finite clause or target outside verse
1corintios	10	29	cn1	02	δὲ	δέ	CONJ	certain	coordinating	coordination	yes	high	coordinate/add	high		C1	low	suggested	function follows connector inventory; connector before first finite clause or source outside verse
1corintios	10	29	cn2	07	ἀλλὰ	ἀλλά	CONJ	certain	coordinating	contrast	yes	high	contrast	high	C1	C2	medium	suggested	function follows connector inventory; coordinating connector between finite clauses
1corintios	10	29	cn3	12	γὰρ	γάρ	CONJ	certain	coordinating	cause/ground	yes	high	ground/explanation	high	C1	C2	medium	suggested	function follows connector inventory; coordinating connector between finite clauses
1corintios	10	30	cn1	01	εἰ	εἰ	CONJ	certain	subordinating	condition	yes	high	condition	high		C1	low	suggested	function follows connector inventory; target finite clause found; source not available in verse
1corintios	10	31	cn1	01	εἴτε	εἴτε	CONJ	certain	coordinating	alternative	yes	high	alternative	high		C1	low	suggested	function follows connector inventory; connector before first finite clause or source outside verse
1corintios	10	31	cn2	02	οὖν	οὖν	CONJ	certain	coordinating	inference	yes	high	inference/result	high		C1	low	suggested	function follows connector inventory; connector before first finite clause or source outside verse
1corintios	10	31	cn3	04	εἴτε	εἴτε	CONJ	certain	coordinating	alternative	yes	high	alternative	high	C1	C2	medium	suggested	function follows connector inventory; coordinating connector between finite clauses
1corintios	10	31	cn4	06	εἴτε	εἴτε	CONJ	certain	coordinating	alternative	yes	high	alternative	high	C2	C3	medium	suggested	function follows connector inventory; coordinating connector between finite clauses
1corintios	10	32	cn1	02	καὶ	καί	CONJ	certain	coordinating	coordination	yes	high	coordinate/add	high		C1	low	suggested	function follows connector inventory; connector before first finite clause or source outside verse
1corintios	10	32	cn2	05	καὶ	καί	CONJ	certain	coordinating	coordination	yes	high	coordinate/add	high	C1		low	suggested	function follows connector inventory; connector after last finite clause or target outside verse
1corintios	10	32	cn3	07	καὶ	καί	CONJ	certain	coordinating	coordination	yes	high	coordinate/add	high	C1		low	suggested	function follows connector inventory; connector after last finite clause or target outside verse
1corintios	10	33	cn1	01	καθὼς	καθώς	CONJ	certain	subordinating	comparison/manner	yes	high	comparison/manner	medium		C1	low	suggested	context-sensitive function; keep as suggested; target finite clause found; source not available in verse
1corintios	10	33	cn2	06	μὴ	μή	D---------	certain	negation	negation	yes	high	negation	high			none	suggested	function follows connector inventory; negation detected; no clause connection suggested
1corintios	10	33	cn3	11	ἀλλὰ	ἀλλά	CONJ	certain	coordinating	contrast	yes	high	contrast	high	C1	C2	medium	suggested	function follows connector inventory; coordinating connector between finite clauses
1corintios	10	33	cn4	15	ἵνα	ἵνα	CONJ	certain	subordinating	purpose/result	yes	high	purpose/result	medium	C1	C2	medium	suggested	context-sensitive function; keep as suggested; subordinating connector before/near target finite clause
1corintios	11	1	cn1	04	καθὼς	καθώς	CONJ	certain	subordinating	comparison/manner	yes	high	comparison/manner	medium			low	suggested	context-sensitive function; keep as suggested; no target finite clause found in verse
1corintios	11	2	cn1	02	δὲ	δέ	CONJ	certain	coordinating	coordination	yes	high	coordinate/add	high	C1	C2	medium	suggested	function follows connector inventory; coordinating connector between finite clauses
1corintios	11	2	cn2	04	ὅτι	ὅτι	CONJ	certain	subordinating	content/cause	yes	high	content-or-cause	medium	C1	C2	medium	suggested	context-sensitive function; keep as suggested; subordinating connector before/near target finite clause
1corintios	11	2	cn3	08	καὶ	καί	CONJ	certain	coordinating	coordination	yes	high	coordinate/add	high	C2	C3	medium	suggested	function follows connector inventory; coordinating connector between finite clauses
1corintios	11	2	cn4	09	καθὼς	καθώς	CONJ	certain	subordinating	comparison/manner	yes	high	comparison/manner	medium	C2	C3	medium	suggested	context-sensitive function; keep as suggested; subordinating connector before/near target finite clause
1corintios	11	3	cn1	02	δὲ	δέ	CONJ	certain	coordinating	coordination	yes	high	coordinate/add	high	C1	C2	medium	suggested	function follows connector inventory; coordinating connector between finite clauses
1corintios	11	3	cn2	05	ὅτι	ὅτι	CONJ	certain	subordinating	content/cause	yes	high	content-or-cause	medium	C1	C2	medium	suggested	context-sensitive function; keep as suggested; subordinating connector before/near target finite clause
1corintios	11	3	cn3	14	δὲ	δέ	CONJ	certain	coordinating	coordination	yes	high	coordinate/add	high	C2		low	suggested	function follows connector inventory; connector after last finite clause or target outside verse
1corintios	11	3	cn4	19	δὲ	δέ	CONJ	certain	coordinating	coordination	yes	high	coordinate/add	high	C2		low	suggested	function follows connector inventory; connector after last finite clause or target outside verse
1corintios	11	4	cn1	04	ἢ	ἤ	CONJ	certain	coordinating	alternative/comparison	yes	high	alternative/comparison	medium		C1	low	suggested	context-sensitive function; keep as suggested; connector before first finite clause or source outside verse
1corintios	11	5	cn1	02	δὲ	δέ	CONJ	certain	coordinating	coordination	yes	high	coordinate/add	high		C1	low	suggested	function follows connector inventory; connector before first finite clause or source outside verse
1corintios	11	5	cn2	05	ἢ	ἤ	CONJ	certain	coordinating	alternative/comparison	yes	high	alternative/comparison	medium		C1	low	suggested	context-sensitive function; keep as suggested; connector before first finite clause or source outside verse
1corintios	11	5	cn3	15	γάρ	γάρ	CONJ	certain	coordinating	cause/ground	yes	high	ground/explanation	high	C1	C2	medium	suggested	function follows connector inventory; coordinating connector between finite clauses
1corintios	11	5	cn4	17	καὶ	καί	CONJ	certain	coordinating	coordination	yes	high	coordinate/add	high	C2		low	suggested	function follows connector inventory; connector after last finite clause or target outside verse
1corintios	11	6	cn1	01	εἰ	εἰ	CONJ	certain	subordinating	condition	yes	high	condition	high		C1	low	suggested	function follows connector inventory; target finite clause found; source not available in verse
1corintios	11	6	cn2	02	γὰρ	γάρ	CONJ	certain	coordinating	cause/ground	yes	high	ground/explanation	high		C1	low	suggested	function follows connector inventory; connector before first finite clause or source outside verse
1corintios	11	6	cn3	03	οὐ	οὐ	D---------	certain	negation	negation	yes	high	negation	high			none	suggested	function follows connector inventory; negation detected; no clause connection suggested
1corintios	11	6	cn4	06	καὶ	καί	D---------	certain	coordinating	coordination	yes	high	coordinate/add	high	C1	C2	medium	suggested	function follows connector inventory; coordinating connector between finite clauses
1corintios	11	6	cn5	08	εἰ	εἰ	CONJ	certain	subordinating	condition	yes	high	condition	high	C2	C3	medium	suggested	function follows connector inventory; subordinating connector before/near target finite clause
1corintios	11	6	cn6	09	δὲ	δέ	CONJ	certain	coordinating	coordination	yes	high	coordinate/add	high	C2	C3	medium	suggested	function follows connector inventory; coordinating connector between finite clauses
1corintios	11	6	cn7	14	ἢ	ἤ	CONJ	certain	coordinating	alternative/comparison	yes	high	alternative/comparison	medium	C2	C3	medium	suggested	context-sensitive function; keep as suggested; coordinating connector between finite clauses
1corintios	11	7	cn1	03	γὰρ	γάρ	CONJ	certain	coordinating	cause/ground	yes	high	ground/explanation	high		C1	low	suggested	function follows connector inventory; connector before first finite clause or source outside verse
1corintios	11	7	cn2	04	οὐκ	οὐ	D---------	certain	negation	negation	yes	high	negation	high			none	suggested	function follows connector inventory; negation detected; no clause connection suggested
1corintios	11	7	cn3	10	καὶ	καί	CONJ	certain	coordinating	coordination	yes	high	coordinate/add	high	C1	C2	medium	suggested	function follows connector inventory; coordinating connector between finite clauses
1corintios	11	7	cn4	16	δὲ	δέ	CONJ	certain	coordinating	coordination	yes	high	coordinate/add	high	C1	C2	medium	suggested	function follows connector inventory; coordinating connector between finite clauses
1corintios	11	8	cn1	01	οὐ	οὐ	D---------	certain	negation	negation	yes	high	negation	high			none	suggested	function follows connector inventory; negation detected; no clause connection suggested
1corintios	11	8	cn2	02	γάρ	γάρ	CONJ	certain	coordinating	cause/ground	yes	high	ground/explanation	high		C1	low	suggested	function follows connector inventory; connector before first finite clause or source outside verse
1corintios	11	8	cn3	07	ἀλλὰ	ἀλλά	CONJ	certain	coordinating	contrast	yes	high	contrast	high	C1		low	suggested	function follows connector inventory; connector after last finite clause or target outside verse
1corintios	11	9	cn1	01	καὶ	καί	D---------	certain	coordinating	coordination	yes	high	coordinate/add	high		C1	low	suggested	function follows connector inventory; connector before first finite clause or source outside verse
1corintios	11	9	cn2	02	γὰρ	γάρ	CONJ	certain	coordinating	cause/ground	yes	high	ground/explanation	high		C1	low	suggested	function follows connector inventory; connector before first finite clause or source outside verse
1corintios	11	9	cn3	03	οὐκ	οὐ	D---------	certain	negation	negation	yes	high	negation	high			none	suggested	function follows connector inventory; negation detected; no clause connection suggested
1corintios	11	9	cn4	09	ἀλλὰ	ἀλλά	CONJ	certain	coordinating	contrast	yes	high	contrast	high	C1		low	suggested	function follows connector inventory; connector after last finite clause or target outside verse
1corintios	11	11	cn1	01	πλὴν	πλήν	CONJ	certain	coordinating	contrast/exception	yes	high	contrast/exception	high			low	suggested	function follows connector inventory; no finite clause anchor found in verse
1corintios	11	11	cn2	02	οὔτε	οὔτε	CONJ	certain	coordinating	negative coordination	yes	high	coordinate/negative	high			low	suggested	function follows connector inventory; no finite clause anchor found in verse
1corintios	11	11	cn3	06	οὔτε	οὔτε	CONJ	certain	coordinating	negative coordination	yes	high	coordinate/negative	high			low	suggested	function follows connector inventory; no finite clause anchor found in verse
1corintios	11	12	cn1	01	ὥσπερ	ὥσπερ	CONJ	certain	subordinating	comparison/manner	yes	high	comparison/manner	medium			low	suggested	context-sensitive function; keep as suggested; no target finite clause found in verse
1corintios	11	12	cn2	02	γὰρ	γάρ	CONJ	certain	coordinating	cause/ground	yes	high	ground/explanation	high			low	suggested	function follows connector inventory; no finite clause anchor found in verse
1corintios	11	12	cn3	09	καὶ	καί	D---------	certain	coordinating	coordination	yes	high	coordinate/add	high			low	suggested	function follows connector inventory; no finite clause anchor found in verse
1corintios	11	12	cn4	16	δὲ	δέ	CONJ	certain	coordinating	coordination	yes	high	coordinate/add	high			low	suggested	function follows connector inventory; no finite clause anchor found in verse
1corintios	11	14	cn1	01	οὐδὲ	οὐδέ	D---------	certain	coordinating	negative coordination	yes	high	coordinate/negative	high		C1	low	suggested	function follows connector inventory; connector before first finite clause or source outside verse
1corintios	11	14	cn2	07	ὅτι	ὅτι	CONJ	certain	subordinating	content/cause	yes	high	content-or-cause	medium	C1	C2	medium	suggested	context-sensitive function; keep as suggested; subordinating connector before/near target finite clause
1corintios	11	14	cn3	10	ἐὰν	ἐάν	CONJ	certain	subordinating	condition	yes	high	condition	high	C1	C2	medium	suggested	function follows connector inventory; subordinating connector before/near target finite clause
1corintios	11	15	cn1	02	δὲ	δέ	CONJ	certain	coordinating	coordination	yes	high	coordinate/add	high		C1	low	suggested	function follows connector inventory; connector before first finite clause or source outside verse
1corintios	11	15	cn2	03	ἐὰν	ἐάν	CONJ	certain	subordinating	condition	yes	high	condition	high		C1	low	suggested	function follows connector inventory; target finite clause found; source not available in verse
1corintios	11	15	cn3	08	ὅτι	ὅτι	CONJ	certain	subordinating	content/cause	yes	high	content-or-cause	medium	C2	C3	medium	suggested	context-sensitive function; keep as suggested; subordinating connector before/near target finite clause
1corintios	11	16	cn1	01	εἰ	εἰ	CONJ	certain	subordinating	condition	yes	high	condition	high		C1	low	suggested	function follows connector inventory; target finite clause found; source not available in verse
1corintios	11	16	cn2	02	δέ	δέ	CONJ	certain	coordinating	coordination	yes	high	coordinate/add	high		C1	low	suggested	function follows connector inventory; connector before first finite clause or source outside verse
1corintios	11	16	cn3	10	οὐκ	οὐ	D---------	certain	negation	negation	yes	high	negation	high			none	suggested	function follows connector inventory; negation detected; no clause connection suggested
1corintios	11	16	cn4	12	οὐδὲ	οὐδέ	CONJ	certain	coordinating	negative coordination	yes	high	coordinate/negative	high	C2		low	suggested	function follows connector inventory; connector after last finite clause or target outside verse
1corintios	11	17	cn1	02	δὲ	δέ	CONJ	certain	coordinating	coordination	yes	high	coordinate/add	high		C1	low	suggested	function follows connector inventory; connector before first finite clause or source outside verse
1corintios	11	17	cn2	04	οὐκ	οὐ	D---------	certain	negation	negation	yes	high	negation	high			none	suggested	function follows connector inventory; negation detected; no clause connection suggested
1corintios	11	17	cn3	06	ὅτι	ὅτι	CONJ	certain	subordinating	content/cause	yes	high	content-or-cause	medium	C1	C2	medium	suggested	context-sensitive function; keep as suggested; subordinating connector before/near target finite clause
1corintios	11	17	cn4	07	οὐκ	οὐ	D---------	certain	negation	negation	yes	high	negation	high			none	suggested	function follows connector inventory; negation detected; no clause connection suggested
1corintios	11	17	cn5	11	ἀλλὰ	ἀλλά	CONJ	certain	coordinating	contrast	yes	high	contrast	high	C1	C2	medium	suggested	function follows connector inventory; coordinating connector between finite clauses
1corintios	11	18	cn1	03	γὰρ	γάρ	CONJ	certain	coordinating	cause/ground	yes	high	ground/explanation	high		C1	low	suggested	function follows connector inventory; connector before first finite clause or source outside verse
1corintios	11	18	cn2	13	καὶ	καί	CONJ	certain	coordinating	coordination	yes	high	coordinate/add	high	C1	C2	medium	suggested	function follows connector inventory; coordinating connector between finite clauses
1corintios	11	19	cn1	02	γὰρ	γάρ	CONJ	certain	coordinating	cause/ground	yes	high	ground/explanation	high	C1	C2	medium	suggested	function follows connector inventory; coordinating connector between finite clauses
1corintios	11	19	cn2	03	καὶ	καί	D---------	certain	coordinating	coordination	yes	high	coordinate/add	high	C1	C2	medium	suggested	function follows connector inventory; coordinating connector between finite clauses
1corintios	11	19	cn3	08	ἵνα	ἵνα	CONJ	certain	subordinating	purpose/result	yes	high	purpose/result	medium	C1	C2	medium	suggested	context-sensitive function; keep as suggested; subordinating connector before/near target finite clause
1corintios	11	19	cn4	09	καὶ	καί	D---------	certain	coordinating	coordination	yes	high	coordinate/add	high	C1	C2	medium	suggested	function follows connector inventory; coordinating connector between finite clauses
1corintios	11	20	cn1	02	οὖν	οὖν	CONJ	certain	coordinating	inference	yes	high	inference/result	high		C1	low	suggested	function follows connector inventory; connector before first finite clause or source outside verse
1corintios	11	20	cn2	07	οὐκ	οὐ	D---------	certain	negation	negation	yes	high	negation	high			none	suggested	function follows connector inventory; negation detected; no clause connection suggested
1corintios	11	21	cn1	02	γὰρ	γάρ	CONJ	certain	coordinating	cause/ground	yes	high	ground/explanation	high		C1	low	suggested	function follows connector inventory; connector before first finite clause or source outside verse
1corintios	11	21	cn2	10	καὶ	καί	CONJ	certain	coordinating	coordination	yes	high	coordinate/add	high	C1	C2	medium	suggested	function follows connector inventory; coordinating connector between finite clauses
1corintios	11	21	cn3	15	δὲ	δέ	CONJ	certain	coordinating	coordination	yes	high	coordinate/add	high	C2	C3	medium	suggested	function follows connector inventory; coordinating connector between finite clauses
1corintios	11	22	cn1	01	μὴ	μή	X---------	certain	negation	negation	yes	high	negation	high			none	suggested	function follows connector inventory; negation detected; no clause connection suggested
1corintios	11	22	cn2	02	γὰρ	γάρ	CONJ	certain	coordinating	cause/ground	yes	high	ground/explanation	high		C1	low	suggested	function follows connector inventory; connector before first finite clause or source outside verse
1corintios	11	22	cn3	04	οὐκ	οὐ	D---------	certain	negation	negation	yes	high	negation	high			none	suggested	function follows connector inventory; negation detected; no clause connection suggested
1corintios	11	22	cn4	09	καὶ	καί	CONJ	certain	coordinating	coordination	yes	high	coordinate/add	high	C1	C2	medium	suggested	function follows connector inventory; coordinating connector between finite clauses
1corintios	11	22	cn5	11	ἢ	ἤ	CONJ	certain	coordinating	alternative/comparison	yes	high	alternative/comparison	medium	C1	C2	medium	suggested	context-sensitive function; keep as suggested; coordinating connector between finite clauses
1corintios	11	22	cn6	17	καὶ	καί	CONJ	certain	coordinating	coordination	yes	high	coordinate/add	high	C2	C3	medium	suggested	function follows connector inventory; coordinating connector between finite clauses
1corintios	11	22	cn7	20	μὴ	μή	D---------	certain	negation	negation	yes	high	negation	high			none	suggested	function follows connector inventory; negation detected; no clause connection suggested
1corintios	11	22	cn8	29	οὐκ	οὐ	D---------	certain	negation	negation	yes	high	negation	high			none	suggested	function follows connector inventory; negation detected; no clause connection suggested
1corintios	11	23	cn1	02	γὰρ	γάρ	CONJ	certain	coordinating	cause/ground	yes	high	ground/explanation	high		C1	low	suggested	function follows connector inventory; connector before first finite clause or source outside verse
1corintios	11	23	cn2	08	καὶ	καί	D---------	certain	coordinating	coordination	yes	high	coordinate/add	high	C1	C2	medium	suggested	function follows connector inventory; coordinating connector between finite clauses
1corintios	11	23	cn3	11	ὅτι	ὅτι	D---------	certain	subordinating	content/cause	yes	high	content-or-cause	medium	C2	C3	medium	suggested	context-sensitive function; keep as suggested; subordinating connector before/near target finite clause
1corintios	11	24	cn1	01	καὶ	καί	CONJ	certain	coordinating	coordination	yes	high	coordinate/add	high		C1	low	suggested	function follows connector inventory; connector before first finite clause or source outside verse
1corintios	11	24	cn2	04	καὶ	καί	CONJ	certain	coordinating	coordination	yes	high	coordinate/add	high	C1	C2	medium	suggested	function follows connector inventory; coordinating connector between finite clauses
1corintios	11	25	cn1	02	καὶ	καί	D---------	certain	coordinating	coordination	yes	high	coordinate/add	high		C1	low	suggested	function follows connector inventory; connector before first finite clause or source outside verse
1corintios	11	25	cn2	23	ἐὰν	ἐάν	X---------	certain	subordinating	condition	yes	high	condition	high	C2	C3	medium	suggested	function follows connector inventory; subordinating connector before/near target finite clause
1corintios	11	26	cn1	02	γὰρ	γάρ	CONJ	certain	coordinating	cause/ground	yes	high	ground/explanation	high		C1	low	suggested	function follows connector inventory; connector before first finite clause or source outside verse
1corintios	11	26	cn2	03	ἐὰν	ἐάν	X---------	certain	subordinating	condition	yes	high	condition	high		C1	low	suggested	function follows connector inventory; target finite clause found; source not available in verse
1corintios	11	26	cn3	08	καὶ	καί	CONJ	certain	coordinating	coordination	yes	high	coordinate/add	high	C1	C2	medium	suggested	function follows connector inventory; coordinating connector between finite clauses
1corintios	11	27	cn1	01	ὥστε	ὥστε	CONJ	certain	subordinating	result/inference	yes	high	result/inference	medium		C1	low	suggested	context-sensitive function; keep as suggested; target finite clause found; source not available in verse
1corintios	11	27	cn2	07	ἢ	ἤ	CONJ	certain	coordinating	alternative/comparison	yes	high	alternative/comparison	medium	C1	C2	medium	suggested	context-sensitive function; keep as suggested; coordinating connector between finite clauses
1corintios	11	27	cn3	18	καὶ	καί	CONJ	certain	coordinating	coordination	yes	high	coordinate/add	high	C3		low	suggested	function follows connector inventory; connector after last finite clause or target outside verse
1corintios	11	28	cn1	02	δὲ	δέ	CONJ	certain	coordinating	coordination	yes	high	coordinate/add	high	C1	C2	medium	suggested	function follows connector inventory; coordinating connector between finite clauses
1corintios	11	28	cn2	05	καὶ	καί	CONJ	certain	coordinating	coordination	yes	high	coordinate/add	high	C1	C2	medium	suggested	function follows connector inventory; coordinating connector between finite clauses
1corintios	11	28	cn3	11	καὶ	καί	CONJ	certain	coordinating	coordination	yes	high	coordinate/add	high	C2	C3	medium	suggested	function follows connector inventory; coordinating connector between finite clauses
1corintios	11	29	cn1	02	γὰρ	γάρ	CONJ	certain	coordinating	cause/ground	yes	high	ground/explanation	high		C1	low	suggested	function follows connector inventory; connector before first finite clause or source outside verse
1corintios	11	29	cn2	04	καὶ	καί	CONJ	certain	coordinating	coordination	yes	high	coordinate/add	high		C1	low	suggested	function follows connector inventory; connector before first finite clause or source outside verse
1corintios	11	29	cn3	09	καὶ	καί	CONJ	certain	coordinating	coordination	yes	high	coordinate/add	high	C1	C2	medium	suggested	function follows connector inventory; coordinating connector between finite clauses
1corintios	11	29	cn4	11	μὴ	μή	D---------	certain	negation	negation	yes	high	negation	high			none	suggested	function follows connector inventory; negation detected; no clause connection suggested
1corintios	11	30	cn1	07	καὶ	καί	CONJ	certain	coordinating	coordination	yes	high	coordinate/add	high		C1	low	suggested	function follows connector inventory; connector before first finite clause or source outside verse
1corintios	11	30	cn2	09	καὶ	καί	CONJ	certain	coordinating	coordination	yes	high	coordinate/add	high		C1	low	suggested	function follows connector inventory; connector before first finite clause or source outside verse
1corintios	11	31	cn1	01	εἰ	εἰ	CONJ	certain	subordinating	condition	yes	high	condition	high		C1	low	suggested	function follows connector inventory; target finite clause found; source not available in verse
1corintios	11	31	cn2	02	δὲ	δέ	CONJ	certain	coordinating	coordination	yes	high	coordinate/add	high		C1	low	suggested	function follows connector inventory; connector before first finite clause or source outside verse
1corintios	11	31	cn3	05	οὐκ	οὐ	D---------	certain	negation	negation	yes	high	negation	high			none	suggested	function follows connector inventory; negation detected; no clause connection suggested
1corintios	11	32	cn1	02	δὲ	δέ	CONJ	certain	coordinating	coordination	yes	high	coordinate/add	high		C1	low	suggested	function follows connector inventory; connector before first finite clause or source outside verse
1corintios	11	32	cn2	06	ἵνα	ἵνα	CONJ	certain	subordinating	purpose/result	yes	high	purpose/result	medium	C1	C2	medium	suggested	context-sensitive function; keep as suggested; subordinating connector before/near target finite clause
1corintios	11	32	cn3	07	μὴ	μή	D---------	certain	negation	negation	yes	high	negation	high			none	suggested	function follows connector inventory; negation detected; no clause connection suggested
1corintios	11	33	cn1	01	ὥστε	ὥστε	CONJ	certain	subordinating	result/inference	yes	high	result/inference	medium		C1	low	suggested	context-sensitive function; keep as suggested; target finite clause found; source not available in verse
1corintios	11	34	cn1	01	εἴ	εἰ	CONJ	certain	subordinating	condition	yes	high	condition	high		C1	low	suggested	function follows connector inventory; target finite clause found; source not available in verse
1corintios	11	34	cn2	07	ἵνα	ἵνα	CONJ	certain	subordinating	purpose/result	yes	high	purpose/result	medium	C2	C3	medium	suggested	context-sensitive function; keep as suggested; subordinating connector before/near target finite clause
1corintios	11	34	cn3	08	μὴ	μή	D---------	certain	negation	negation	yes	high	negation	high			none	suggested	function follows connector inventory; negation detected; no clause connection suggested
1corintios	11	34	cn4	13	δὲ	δέ	CONJ	certain	coordinating	coordination	yes	high	coordinate/add	high	C3	C4	medium	suggested	function follows connector inventory; coordinating connector between finite clauses
1corintios	11	34	cn5	15	ὡς	ὡς	CONJ	certain	subordinating	comparison/manner	yes	high	comparison/manner	medium	C3	C4	medium	suggested	context-sensitive function; keep as suggested; subordinating connector before/near target finite clause
1corintios	12	1	cn1	02	δὲ	δέ	CONJ	certain	coordinating	coordination	yes	high	coordinate/add	high		C1	low	suggested	function follows connector inventory; connector before first finite clause or source outside verse
1corintios	12	1	cn2	06	οὐ	οὐ	D---------	certain	negation	negation	yes	high	negation	high			none	suggested	function follows connector inventory; negation detected; no clause connection suggested
1corintios	12	2	cn1	02	ὅτι	ὅτι	CONJ	certain	subordinating	content/cause	yes	high	content-or-cause	medium	C1	C2	medium	suggested	context-sensitive function; keep as suggested; subordinating connector before/near target finite clause
1corintios	12	2	cn2	11	ὡς	ὡς	CONJ	certain	subordinating	comparison/manner	yes	high	comparison/manner	medium	C2	C3	medium	suggested	context-sensitive function; keep as suggested; subordinating connector before/near target finite clause
1corintios	12	3	cn1	01	διὸ	διό	CONJ	certain	coordinating	inference	yes	high	inference/result	high		C1	low	suggested	function follows connector inventory; connector before first finite clause or source outside verse
1corintios	12	3	cn2	04	ὅτι	ὅτι	CONJ	certain	subordinating	content/cause	yes	high	content-or-cause	medium	C1	C2	medium	suggested	context-sensitive function; keep as suggested; subordinating connector before/near target finite clause
1corintios	12	3	cn3	13	καὶ	καί	CONJ	certain	coordinating	coordination	yes	high	coordinate/add	high	C2	C3	medium	suggested	function follows connector inventory; coordinating connector between finite clauses
1corintios	12	3	cn4	19	εἰ	εἰ	CONJ	certain	subordinating	condition	yes	high	condition	high			low	suggested	function follows connector inventory; no target finite clause found in verse
1corintios	12	3	cn5	20	μὴ	μή	D---------	certain	negation	negation	yes	high	negation	high			none	suggested	function follows connector inventory; negation detected; no clause connection suggested
1corintios	12	4	cn1	02	δὲ	δέ	CONJ	certain	coordinating	coordination	yes	high	coordinate/add	high		C1	low	suggested	function follows connector inventory; connector before first finite clause or source outside verse
1corintios	12	4	cn2	06	δὲ	δέ	CONJ	certain	coordinating	coordination	yes	high	coordinate/add	high	C1		low	suggested	function follows connector inventory; connector after last finite clause or target outside verse
1corintios	12	5	cn1	01	καὶ	καί	CONJ	certain	coordinating	coordination	yes	high	coordinate/add	high		C1	low	suggested	function follows connector inventory; connector before first finite clause or source outside verse
1corintios	12	5	cn2	05	καὶ	καί	CONJ	certain	coordinating	coordination	yes	high	coordinate/add	high	C1		low	suggested	function follows connector inventory; connector after last finite clause or target outside verse
1corintios	12	6	cn1	01	καὶ	καί	CONJ	certain	coordinating	coordination	yes	high	coordinate/add	high		C1	low	suggested	function follows connector inventory; connector before first finite clause or source outside verse
1corintios	12	6	cn2	06	δὲ	δέ	CONJ	certain	coordinating	coordination	yes	high	coordinate/add	high	C1		low	suggested	function follows connector inventory; connector after last finite clause or target outside verse
1corintios	12	7	cn1	02	δὲ	δέ	CONJ	certain	coordinating	coordination	yes	high	coordinate/add	high		C1	low	suggested	function follows connector inventory; connector before first finite clause or source outside verse
1corintios	12	8	cn1	03	γὰρ	γάρ	CONJ	certain	coordinating	cause/ground	yes	high	ground/explanation	high		C1	low	suggested	function follows connector inventory; connector before first finite clause or source outside verse
1corintios	12	8	cn2	11	δὲ	δέ	CONJ	certain	coordinating	coordination	yes	high	coordinate/add	high	C1		low	suggested	function follows connector inventory; connector after last finite clause or target outside verse
1corintios	12	11	cn1	02	δὲ	δέ	CONJ	certain	coordinating	coordination	yes	high	coordinate/add	high		C1	low	suggested	function follows connector inventory; connector before first finite clause or source outside verse
1corintios	12	11	cn2	07	καὶ	καί	CONJ	certain	coordinating	coordination	yes	high	coordinate/add	high	C1	C2	medium	suggested	function follows connector inventory; coordinating connector between finite clauses
1corintios	12	11	cn3	14	καθὼς	καθώς	CONJ	certain	subordinating	comparison/manner	yes	high	comparison/manner	medium	C1	C2	medium	suggested	context-sensitive function; keep as suggested; subordinating connector before/near target finite clause
1corintios	12	12	cn1	01	καθάπερ	καθάπερ	CONJ	certain	subordinating	comparison/manner	yes	high	comparison/manner	medium		C1	low	suggested	context-sensitive function; keep as suggested; target finite clause found; source not available in verse
1corintios	12	12	cn2	02	γὰρ	γάρ	CONJ	certain	coordinating	cause/ground	yes	high	ground/explanation	high		C1	low	suggested	function follows connector inventory; connector before first finite clause or source outside verse
1corintios	12	12	cn3	07	καὶ	καί	CONJ	certain	coordinating	coordination	yes	high	coordinate/add	high	C1	C2	medium	suggested	function follows connector inventory; coordinating connector between finite clauses
1corintios	12	12	cn4	12	δὲ	δέ	CONJ	certain	coordinating	coordination	yes	high	coordinate/add	high	C2	C3	medium	suggested	function follows connector inventory; coordinating connector between finite clauses
1corintios	12	12	cn5	23	καὶ	καί	D---------	certain	coordinating	coordination	yes	high	coordinate/add	high	C3		low	suggested	function follows connector inventory; connector after last finite clause or target outside verse
1corintios	12	13	cn1	01	καὶ	καί	D---------	certain	coordinating	coordination	yes	high	coordinate/add	high		C1	low	suggested	function follows connector inventory; connector before first finite clause or source outside verse
1corintios	12	13	cn2	02	γὰρ	γάρ	CONJ	certain	coordinating	cause/ground	yes	high	ground/explanation	high		C1	low	suggested	function follows connector inventory; connector before first finite clause or source outside verse
1corintios	12	13	cn3	12	εἴτε	εἴτε	CONJ	certain	coordinating	alternative	yes	high	alternative	high	C1	C2	medium	suggested	function follows connector inventory; coordinating connector between finite clauses
1corintios	12	13	cn4	14	εἴτε	εἴτε	CONJ	certain	coordinating	alternative	yes	high	alternative	high	C1	C2	medium	suggested	function follows connector inventory; coordinating connector between finite clauses
1corintios	12	13	cn5	16	εἴτε	εἴτε	CONJ	certain	coordinating	alternative	yes	high	alternative	high	C1	C2	medium	suggested	function follows connector inventory; coordinating connector between finite clauses
1corintios	12	13	cn6	18	εἴτε	εἴτε	CONJ	certain	coordinating	alternative	yes	high	alternative	high	C1	C2	medium	suggested	function follows connector inventory; coordinating connector between finite clauses
1corintios	12	13	cn7	20	καὶ	καί	CONJ	certain	coordinating	coordination	yes	high	coordinate/add	high	C1	C2	medium	suggested	function follows connector inventory; coordinating connector between finite clauses
1corintios	12	14	cn1	01	καὶ	καί	D---------	certain	coordinating	coordination	yes	high	coordinate/add	high		C1	low	suggested	function follows connector inventory; connector before first finite clause or source outside verse
1corintios	12	14	cn2	02	γὰρ	γάρ	CONJ	certain	coordinating	cause/ground	yes	high	ground/explanation	high		C1	low	suggested	function follows connector inventory; connector before first finite clause or source outside verse
1corintios	12	14	cn3	05	οὐκ	οὐ	D---------	certain	negation	negation	yes	high	negation	high			none	suggested	function follows connector inventory; negation detected; no clause connection suggested
1corintios	12	14	cn4	09	ἀλλὰ	ἀλλά	CONJ	certain	coordinating	contrast	yes	high	contrast	high	C1		low	suggested	function follows connector inventory; connector after last finite clause or target outside verse
1corintios	12	15	cn1	01	ἐὰν	ἐάν	CONJ	certain	subordinating	condition	yes	high	condition	high		C1	low	suggested	function follows connector inventory; target finite clause found; source not available in verse
1corintios	12	15	cn2	05	ὅτι	ὅτι	CONJ	certain	subordinating	content/cause	yes	high	content-or-cause	medium	C1	C2	medium	suggested	context-sensitive function; keep as suggested; subordinating connector before/near target finite clause
1corintios	12	15	cn3	06	οὐκ	οὐ	D---------	certain	negation	negation	yes	high	negation	high			none	suggested	function follows connector inventory; negation detected; no clause connection suggested
1corintios	12	15	cn4	09	οὐκ	οὐ	D---------	certain	negation	negation	yes	high	negation	high			none	suggested	function follows connector inventory; negation detected; no clause connection suggested
1corintios	12	15	cn5	14	οὐ	οὐ	D---------	certain	negation	negation	yes	high	negation	high			none	suggested	function follows connector inventory; negation detected; no clause connection suggested
1corintios	12	15	cn6	17	οὐκ	οὐ	D---------	certain	negation	negation	yes	high	negation	high			none	suggested	function follows connector inventory; negation detected; no clause connection suggested
1corintios	12	16	cn1	01	καὶ	καί	CONJ	certain	coordinating	coordination	yes	high	coordinate/add	high		C1	low	suggested	function follows connector inventory; connector before first finite clause or source outside verse
1corintios	12	16	cn2	02	ἐὰν	ἐάν	CONJ	certain	subordinating	condition	yes	high	condition	high		C1	low	suggested	function follows connector inventory; target finite clause found; source not available in verse
1corintios	12	16	cn3	06	ὅτι	ὅτι	CONJ	certain	subordinating	content/cause	yes	high	content-or-cause	medium	C1	C2	medium	suggested	context-sensitive function; keep as suggested; subordinating connector before/near target finite clause
1corintios	12	16	cn4	07	οὐκ	οὐ	D---------	certain	negation	negation	yes	high	negation	high			none	suggested	function follows connector inventory; negation detected; no clause connection suggested
1corintios	12	16	cn5	10	οὐκ	οὐ	D---------	certain	negation	negation	yes	high	negation	high			none	suggested	function follows connector inventory; negation detected; no clause connection suggested
1corintios	12	16	cn6	15	οὐ	οὐ	D---------	certain	negation	negation	yes	high	negation	high			none	suggested	function follows connector inventory; negation detected; no clause connection suggested
1corintios	12	16	cn7	18	οὐκ	οὐ	D---------	certain	negation	negation	yes	high	negation	high			none	suggested	function follows connector inventory; negation detected; no clause connection suggested
1corintios	12	17	cn1	01	εἰ	εἰ	CONJ	certain	subordinating	condition	yes	high	condition	high			low	suggested	function follows connector inventory; no target finite clause found in verse
1corintios	12	17	cn2	09	εἰ	εἰ	CONJ	certain	subordinating	condition	yes	high	condition	high			low	suggested	function follows connector inventory; no target finite clause found in verse
1corintios	12	18	cn1	02	δὲ	δέ	CONJ	certain	coordinating	coordination	yes	high	coordinate/add	high		C1	low	suggested	function follows connector inventory; connector before first finite clause or source outside verse
1corintios	12	18	cn2	14	καθὼς	καθώς	CONJ	certain	subordinating	comparison/manner	yes	high	comparison/manner	medium	C1	C2	medium	suggested	context-sensitive function; keep as suggested; subordinating connector before/near target finite clause
1corintios	12	19	cn1	01	εἰ	εἰ	CONJ	certain	subordinating	condition	yes	high	condition	high		C1	low	suggested	function follows connector inventory; target finite clause found; source not available in verse
1corintios	12	19	cn2	02	δὲ	δέ	CONJ	certain	coordinating	coordination	yes	high	coordinate/add	high		C1	low	suggested	function follows connector inventory; connector before first finite clause or source outside verse
1corintios	12	20	cn1	02	δὲ	δέ	CONJ	certain	coordinating	coordination	yes	high	coordinate/add	high			low	suggested	function follows connector inventory; no finite clause anchor found in verse
1corintios	12	20	cn2	07	δὲ	δέ	CONJ	certain	coordinating	coordination	yes	high	coordinate/add	high			low	suggested	function follows connector inventory; no finite clause anchor found in verse
1corintios	12	21	cn1	01	οὐ	οὐ	D---------	certain	negation	negation	yes	high	negation	high			none	suggested	function follows connector inventory; negation detected; no clause connection suggested
1corintios	12	21	cn2	03	δὲ	δέ	CONJ	certain	coordinating	coordination	yes	high	coordinate/add	high	C1	C2	medium	suggested	function follows connector inventory; coordinating connector between finite clauses
1corintios	12	21	cn3	11	οὐκ	οὐ	D---------	certain	negation	negation	yes	high	negation	high			none	suggested	function follows connector inventory; negation detected; no clause connection suggested
1corintios	12	21	cn4	13	ἢ	ἤ	CONJ	certain	coordinating	alternative/comparison	yes	high	alternative/comparison	medium	C2	C3	medium	suggested	context-sensitive function; keep as suggested; coordinating connector between finite clauses
1corintios	12	21	cn5	21	οὐκ	οὐ	D---------	certain	negation	negation	yes	high	negation	high			none	suggested	function follows connector inventory; negation detected; no clause connection suggested
1corintios	12	22	cn1	01	ἀλλὰ	ἀλλά	CONJ	certain	coordinating	contrast	yes	high	contrast	high		C1	low	suggested	function follows connector inventory; connector before first finite clause or source outside verse
1corintios	12	23	cn1	01	καὶ	καί	CONJ	certain	coordinating	coordination	yes	high	coordinate/add	high		C1	low	suggested	function follows connector inventory; connector before first finite clause or source outside verse
1corintios	12	23	cn2	12	καὶ	καί	CONJ	certain	coordinating	coordination	yes	high	coordinate/add	high	C2	C3	medium	suggested	function follows connector inventory; coordinating connector between finite clauses
1corintios	12	24	cn1	02	δὲ	δέ	CONJ	certain	coordinating	coordination	yes	high	coordinate/add	high		C1	low	suggested	function follows connector inventory; connector before first finite clause or source outside verse
1corintios	12	24	cn2	05	οὐ	οὐ	D---------	certain	negation	negation	yes	high	negation	high			none	suggested	function follows connector inventory; negation detected; no clause connection suggested
1corintios	12	24	cn3	08	ἀλλὰ	ἀλλά	CONJ	certain	coordinating	contrast	yes	high	contrast	high	C1	C2	medium	suggested	function follows connector inventory; coordinating connector between finite clauses
1corintios	12	25	cn1	01	ἵνα	ἵνα	CONJ	certain	subordinating	purpose/result	yes	high	purpose/result	medium		C1	low	suggested	context-sensitive function; keep as suggested; target finite clause found; source not available in verse
1corintios	12	25	cn2	02	μὴ	μή	D---------	certain	negation	negation	yes	high	negation	high			none	suggested	function follows connector inventory; negation detected; no clause connection suggested
1corintios	12	25	cn3	08	ἀλλὰ	ἀλλά	CONJ	certain	coordinating	contrast	yes	high	contrast	high	C1	C2	medium	suggested	function follows connector inventory; coordinating connector between finite clauses
1corintios	12	26	cn1	01	καὶ	καί	CONJ	certain	coordinating	coordination	yes	high	coordinate/add	high		C1	low	suggested	function follows connector inventory; connector before first finite clause or source outside verse
1corintios	12	26	cn2	02	εἴτε	εἴτε	CONJ	certain	coordinating	alternative	yes	high	alternative	high		C1	low	suggested	function follows connector inventory; connector before first finite clause or source outside verse
1corintios	12	26	cn3	10	εἴτε	εἴτε	CONJ	certain	coordinating	alternative	yes	high	alternative	high	C2	C3	medium	suggested	function follows connector inventory; coordinating connector between finite clauses
1corintios	12	27	cn1	02	δέ	δέ	CONJ	certain	coordinating	coordination	yes	high	coordinate/add	high		C1	low	suggested	function follows connector inventory; connector before first finite clause or source outside verse
1corintios	12	27	cn2	06	καὶ	καί	CONJ	certain	coordinating	coordination	yes	high	coordinate/add	high	C1		low	suggested	function follows connector inventory; connector after last finite clause or target outside verse
1corintios	12	28	cn1	01	καὶ	καί	CONJ	certain	coordinating	coordination	yes	high	coordinate/add	high		C1	low	suggested	function follows connector inventory; connector before first finite clause or source outside verse
1corintios	12	29	cn1	01	μὴ	μή	X---------	certain	negation	negation	yes	high	negation	high			none	suggested	function follows connector inventory; negation detected; no clause connection suggested
1corintios	12	29	cn2	04	μὴ	μή	X---------	certain	negation	negation	yes	high	negation	high			none	suggested	function follows connector inventory; negation detected; no clause connection suggested
1corintios	12	29	cn3	07	μὴ	μή	X---------	certain	negation	negation	yes	high	negation	high			none	suggested	function follows connector inventory; negation detected; no clause connection suggested
1corintios	12	29	cn4	10	μὴ	μή	X---------	certain	negation	negation	yes	high	negation	high			none	suggested	function follows connector inventory; negation detected; no clause connection suggested
1corintios	12	30	cn1	01	μὴ	μή	X---------	certain	negation	negation	yes	high	negation	high			none	suggested	function follows connector inventory; negation detected; no clause connection suggested
1corintios	12	30	cn2	06	μὴ	μή	X---------	certain	negation	negation	yes	high	negation	high			none	suggested	function follows connector inventory; negation detected; no clause connection suggested
1corintios	12	30	cn3	10	μὴ	μή	X---------	certain	negation	negation	yes	high	negation	high			none	suggested	function follows connector inventory; negation detected; no clause connection suggested
1corintios	12	31	cn1	02	δὲ	δέ	CONJ	certain	coordinating	coordination	yes	high	coordinate/add	high	C1	C2	medium	suggested	function follows connector inventory; coordinating connector between finite clauses
1corintios	12	31	cn2	07	καὶ	καί	CONJ	certain	coordinating	coordination	yes	high	coordinate/add	high	C1	C2	medium	suggested	function follows connector inventory; coordinating connector between finite clauses
1corintios	13	1	cn1	01	ἐὰν	ἐάν	CONJ	certain	subordinating	condition	yes	high	condition	high		C1	low	suggested	function follows connector inventory; target finite clause found; source not available in verse
1corintios	13	1	cn2	07	καὶ	καί	CONJ	certain	coordinating	coordination	yes	high	coordinate/add	high	C1	C2	medium	suggested	function follows connector inventory; coordinating connector between finite clauses
1corintios	13	1	cn3	11	δὲ	δέ	CONJ	certain	coordinating	coordination	yes	high	coordinate/add	high	C1	C2	medium	suggested	function follows connector inventory; coordinating connector between finite clauses
1corintios	13	1	cn4	12	μὴ	μή	D---------	certain	negation	negation	yes	high	negation	high			none	suggested	function follows connector inventory; negation detected; no clause connection suggested
1corintios	13	1	cn5	17	ἢ	ἤ	CONJ	certain	coordinating	alternative/comparison	yes	high	alternative/comparison	medium	C3		low	suggested	context-sensitive function; keep as suggested; connector after last finite clause or target outside verse
1corintios	13	2	cn1	01	καὶ	καί	CONJ	certain	coordinating	coordination	yes	high	coordinate/add	high		C1	low	suggested	function follows connector inventory; connector before first finite clause or source outside verse
1corintios	13	2	cn2	02	ἐὰν	ἐάν	CONJ	certain	subordinating	condition	yes	high	condition	high		C1	low	suggested	function follows connector inventory; target finite clause found; source not available in verse
1corintios	13	2	cn3	05	καὶ	καί	CONJ	certain	coordinating	coordination	yes	high	coordinate/add	high	C1	C2	medium	suggested	function follows connector inventory; coordinating connector between finite clauses
1corintios	13	2	cn4	10	καὶ	καί	CONJ	certain	coordinating	coordination	yes	high	coordinate/add	high	C2	C3	medium	suggested	function follows connector inventory; coordinating connector between finite clauses
1corintios	13	2	cn5	20	ὥστε	ὥστε	CONJ	certain	subordinating	result/inference	yes	high	result/inference	medium	C3	C4	medium	suggested	context-sensitive function; keep as suggested; subordinating connector before/near target finite clause
1corintios	13	2	cn6	24	δὲ	δέ	CONJ	certain	coordinating	coordination	yes	high	coordinate/add	high	C3	C4	medium	suggested	function follows connector inventory; coordinating connector between finite clauses
1corintios	13	2	cn7	25	μὴ	μή	D---------	certain	negation	negation	yes	high	negation	high			none	suggested	function follows connector inventory; negation detected; no clause connection suggested
1corintios	13	3	cn1	01	καὶ	καί	CONJ	certain	coordinating	coordination	yes	high	coordinate/add	high		C1	low	suggested	function follows connector inventory; connector before first finite clause or source outside verse
1corintios	13	3	cn2	02	ἐὰν	ἐάν	CONJ	certain	subordinating	condition	yes	high	condition	high		C1	low	suggested	function follows connector inventory; target finite clause found; source not available in verse
1corintios	13	3	cn3	14	ἵνα	ἵνα	CONJ	certain	subordinating	purpose/result	yes	high	purpose/result	medium	C2	C3	medium	suggested	context-sensitive function; keep as suggested; subordinating connector before/near target finite clause
1corintios	13	3	cn4	17	δὲ	δέ	CONJ	certain	coordinating	coordination	yes	high	coordinate/add	high	C3	C4	medium	suggested	function follows connector inventory; coordinating connector between finite clauses
1corintios	13	3	cn5	18	μὴ	μή	D---------	certain	negation	negation	yes	high	negation	high			none	suggested	function follows connector inventory; negation detected; no clause connection suggested
1corintios	13	4	cn1	07	οὐ	οὐ	D---------	certain	negation	negation	yes	high	negation	high			none	suggested	function follows connector inventory; negation detected; no clause connection suggested
1corintios	13	4	cn2	11	οὐ	οὐ	D---------	certain	negation	negation	yes	high	negation	high			none	suggested	function follows connector inventory; negation detected; no clause connection suggested
1corintios	13	4	cn3	13	οὐ	οὐ	D---------	certain	negation	negation	yes	high	negation	high			none	suggested	function follows connector inventory; negation detected; no clause connection suggested
1corintios	13	5	cn1	01	οὐκ	οὐ	D---------	certain	negation	negation	yes	high	negation	high			none	suggested	function follows connector inventory; negation detected; no clause connection suggested
1corintios	13	5	cn2	03	οὐ	οὐ	D---------	certain	negation	negation	yes	high	negation	high			none	suggested	function follows connector inventory; negation detected; no clause connection suggested
1corintios	13	5	cn3	07	οὐ	οὐ	D---------	certain	negation	negation	yes	high	negation	high			none	suggested	function follows connector inventory; negation detected; no clause connection suggested
1corintios	13	5	cn4	09	οὐ	οὐ	D---------	certain	negation	negation	yes	high	negation	high			none	suggested	function follows connector inventory; negation detected; no clause connection suggested
1corintios	13	6	cn1	01	οὐ	οὐ	D---------	certain	negation	negation	yes	high	negation	high			none	suggested	function follows connector inventory; negation detected; no clause connection suggested
1corintios	13	6	cn2	07	δὲ	δέ	CONJ	certain	coordinating	coordination	yes	high	coordinate/add	high	C2		low	suggested	function follows connector inventory; connector after last finite clause or target outside verse
1corintios	13	8	cn1	05	εἴτε	εἴτε	CONJ	certain	coordinating	alternative	yes	high	alternative	high	C1	C2	medium	suggested	function follows connector inventory; coordinating connector between finite clauses
1corintios	13	8	cn2	06	δὲ	δέ	CONJ	certain	coordinating	coordination	yes	high	coordinate/add	high	C1	C2	medium	suggested	function follows connector inventory; coordinating connector between finite clauses
1corintios	13	8	cn3	09	εἴτε	εἴτε	CONJ	certain	coordinating	alternative	yes	high	alternative	high	C2	C3	medium	suggested	function follows connector inventory; coordinating connector between finite clauses
1corintios	13	8	cn4	12	εἴτε	εἴτε	CONJ	certain	coordinating	alternative	yes	high	alternative	high	C3	C4	medium	suggested	function follows connector inventory; coordinating connector between finite clauses
1corintios	13	9	cn1	03	γὰρ	γάρ	CONJ	certain	coordinating	cause/ground	yes	high	ground/explanation	high		C1	low	suggested	function follows connector inventory; connector before first finite clause or source outside verse
1corintios	13	9	cn2	05	καὶ	καί	CONJ	certain	coordinating	coordination	yes	high	coordinate/add	high	C1	C2	medium	suggested	function follows connector inventory; coordinating connector between finite clauses
1corintios	13	10	cn1	01	ὅταν	ὅταν	CONJ	certain	subordinating	temporal/condition	yes	high	temporal-or-condition	medium		C1	low	suggested	context-sensitive function; keep as suggested; target finite clause found; source not available in verse
1corintios	13	10	cn2	02	δὲ	δέ	CONJ	certain	coordinating	coordination	yes	high	coordinate/add	high		C1	low	suggested	function follows connector inventory; connector before first finite clause or source outside verse
1corintios	13	11	cn1	05	ὡς	ὡς	CONJ	certain	subordinating	comparison/manner	yes	high	comparison/manner	medium	C2	C3	medium	suggested	context-sensitive function; keep as suggested; subordinating connector before/near target finite clause
1corintios	13	11	cn2	08	ὡς	ὡς	CONJ	certain	subordinating	comparison/manner	yes	high	comparison/manner	medium	C3	C4	medium	suggested	context-sensitive function; keep as suggested; subordinating connector before/near target finite clause
1corintios	13	11	cn3	11	ὡς	ὡς	CONJ	certain	subordinating	comparison/manner	yes	high	comparison/manner	medium	C4	C5	medium	suggested	context-sensitive function; keep as suggested; subordinating connector before/near target finite clause
1corintios	13	12	cn1	02	γὰρ	γάρ	CONJ	certain	coordinating	cause/ground	yes	high	ground/explanation	high	C1	C2	medium	suggested	function follows connector inventory; coordinating connector between finite clauses
1corintios	13	12	cn2	09	δὲ	δέ	CONJ	certain	coordinating	coordination	yes	high	coordinate/add	high	C1	C2	medium	suggested	function follows connector inventory; coordinating connector between finite clauses
1corintios	13	12	cn3	18	δὲ	δέ	CONJ	certain	coordinating	coordination	yes	high	coordinate/add	high	C2	C3	medium	suggested	function follows connector inventory; coordinating connector between finite clauses
1corintios	13	12	cn4	20	καθὼς	καθώς	CONJ	certain	subordinating	comparison/manner	yes	high	comparison/manner	medium	C3	C4	medium	suggested	context-sensitive function; keep as suggested; subordinating connector before/near target finite clause
1corintios	13	12	cn5	21	καὶ	καί	D---------	certain	coordinating	coordination	yes	high	coordinate/add	high	C3	C4	medium	suggested	function follows connector inventory; coordinating connector between finite clauses
1corintios	13	13	cn1	02	δὲ	δέ	CONJ	certain	coordinating	coordination	yes	high	coordinate/add	high		C1	low	suggested	function follows connector inventory; connector before first finite clause or source outside verse
1corintios	13	13	cn2	11	δὲ	δέ	CONJ	certain	coordinating	coordination	yes	high	coordinate/add	high	C1		low	suggested	function follows connector inventory; connector after last finite clause or target outside verse
1corintios	14	1	cn1	05	δὲ	δέ	CONJ	certain	coordinating	coordination	yes	high	coordinate/add	high	C2	C3	medium	suggested	function follows connector inventory; coordinating connector between finite clauses
1corintios	14	1	cn2	09	δὲ	δέ	CONJ	certain	coordinating	coordination	yes	high	coordinate/add	high	C2	C3	medium	suggested	function follows connector inventory; coordinating connector between finite clauses
1corintios	14	1	cn3	10	ἵνα	ἵνα	CONJ	certain	subordinating	purpose/result	yes	high	purpose/result	medium	C2	C3	medium	suggested	context-sensitive function; keep as suggested; subordinating connector before/near target finite clause
1corintios	14	2	cn1	02	γὰρ	γάρ	CONJ	certain	coordinating	cause/ground	yes	high	ground/explanation	high		C1	low	suggested	function follows connector inventory; connector before first finite clause or source outside verse
1corintios	14	2	cn2	05	οὐκ	οὐ	D---------	certain	negation	negation	yes	high	negation	high			none	suggested	function follows connector inventory; negation detected; no clause connection suggested
1corintios	14	2	cn3	08	ἀλλὰ	ἀλλά	CONJ	certain	coordinating	contrast	yes	high	contrast	high	C1	C2	medium	suggested	function follows connector inventory; coordinating connector between finite clauses
1corintios	14	2	cn4	11	γὰρ	γάρ	CONJ	certain	coordinating	cause/ground	yes	high	ground/explanation	high	C1	C2	medium	suggested	function follows connector inventory; coordinating connector between finite clauses
1corintios	14	2	cn5	14	δὲ	δέ	CONJ	certain	coordinating	coordination	yes	high	coordinate/add	high	C2	C3	medium	suggested	function follows connector inventory; coordinating connector between finite clauses
1corintios	14	3	cn1	02	δὲ	δέ	CONJ	certain	coordinating	coordination	yes	high	coordinate/add	high		C1	low	suggested	function follows connector inventory; connector before first finite clause or source outside verse
1corintios	14	3	cn2	07	καὶ	καί	CONJ	certain	coordinating	coordination	yes	high	coordinate/add	high	C1		low	suggested	function follows connector inventory; connector after last finite clause or target outside verse
1corintios	14	3	cn3	09	καὶ	καί	CONJ	certain	coordinating	coordination	yes	high	coordinate/add	high	C1		low	suggested	function follows connector inventory; connector after last finite clause or target outside verse
1corintios	14	4	cn1	07	δὲ	δέ	CONJ	certain	coordinating	coordination	yes	high	coordinate/add	high	C1	C2	medium	suggested	function follows connector inventory; coordinating connector between finite clauses
1corintios	14	5	cn1	02	δὲ	δέ	CONJ	certain	coordinating	coordination	yes	high	coordinate/add	high	C1	C2	medium	suggested	function follows connector inventory; coordinating connector between finite clauses
1corintios	14	5	cn2	08	δὲ	δέ	CONJ	certain	coordinating	coordination	yes	high	coordinate/add	high	C1	C2	medium	suggested	function follows connector inventory; coordinating connector between finite clauses
1corintios	14	5	cn3	09	ἵνα	ἵνα	CONJ	certain	subordinating	purpose/result	yes	high	purpose/result	medium	C1	C2	medium	suggested	context-sensitive function; keep as suggested; subordinating connector before/near target finite clause
1corintios	14	5	cn4	12	δὲ	δέ	CONJ	certain	coordinating	coordination	yes	high	coordinate/add	high	C2	C3	medium	suggested	function follows connector inventory; coordinating connector between finite clauses
1corintios	14	5	cn5	15	ἢ	ἤ	CONJ	certain	coordinating	alternative/comparison	yes	high	alternative/comparison	medium	C2	C3	medium	suggested	context-sensitive function; keep as suggested; coordinating connector between finite clauses
1corintios	14	5	cn6	20	εἰ	εἰ	CONJ	certain	subordinating	condition	yes	high	condition	high	C2	C3	medium	suggested	function follows connector inventory; subordinating connector before/near target finite clause
1corintios	14	5	cn7	21	μὴ	μή	D---------	certain	negation	negation	yes	high	negation	high			none	suggested	function follows connector inventory; negation detected; no clause connection suggested
1corintios	14	5	cn8	23	ἵνα	ἵνα	CONJ	certain	subordinating	purpose/result	yes	high	purpose/result	medium	C3	C4	medium	suggested	context-sensitive function; keep as suggested; subordinating connector before/near target finite clause
1corintios	14	6	cn1	02	δέ	δέ	CONJ	certain	coordinating	coordination	yes	high	coordinate/add	high		C1	low	suggested	function follows connector inventory; connector before first finite clause or source outside verse
1corintios	14	6	cn2	04	ἐὰν	ἐάν	CONJ	certain	subordinating	condition	yes	high	condition	high		C1	low	suggested	function follows connector inventory; target finite clause found; source not available in verse
1corintios	14	6	cn3	13	ἐὰν	ἐάν	CONJ	certain	subordinating	condition	yes	high	condition	high	C2	C3	medium	suggested	function follows connector inventory; subordinating connector before/near target finite clause
1corintios	14	6	cn4	14	μὴ	μή	D---------	certain	negation	negation	yes	high	negation	high			none	suggested	function follows connector inventory; negation detected; no clause connection suggested
1corintios	14	6	cn5	17	ἢ	ἤ	CONJ	certain	coordinating	alternative/comparison	yes	high	alternative/comparison	medium	C3		low	suggested	context-sensitive function; keep as suggested; connector after last finite clause or target outside verse
1corintios	14	6	cn6	20	ἢ	ἤ	CONJ	certain	coordinating	alternative/comparison	yes	high	alternative/comparison	medium	C3		low	suggested	context-sensitive function; keep as suggested; connector after last finite clause or target outside verse
1corintios	14	6	cn7	23	ἢ	ἤ	CONJ	certain	coordinating	alternative/comparison	yes	high	alternative/comparison	medium	C3		low	suggested	context-sensitive function; keep as suggested; connector after last finite clause or target outside verse
1corintios	14	6	cn8	26	ἢ	ἤ	CONJ	certain	coordinating	alternative/comparison	yes	high	alternative/comparison	medium	C3		low	suggested	context-sensitive function; keep as suggested; connector after last finite clause or target outside verse
1corintios	14	7	cn1	06	εἴτε	εἴτε	CONJ	certain	coordinating	alternative	yes	high	alternative	high		C1	low	suggested	function follows connector inventory; connector before first finite clause or source outside verse
1corintios	14	7	cn2	08	εἴτε	εἴτε	CONJ	certain	coordinating	alternative	yes	high	alternative	high		C1	low	suggested	function follows connector inventory; connector before first finite clause or source outside verse
1corintios	14	7	cn3	10	ἐὰν	ἐάν	CONJ	certain	subordinating	condition	yes	high	condition	high		C1	low	suggested	function follows connector inventory; target finite clause found; source not available in verse
1corintios	14	7	cn4	14	μὴ	μή	D---------	certain	negation	negation	yes	high	negation	high			none	suggested	function follows connector inventory; negation detected; no clause connection suggested
1corintios	14	7	cn5	20	ἢ	ἤ	CONJ	certain	coordinating	alternative/comparison	yes	high	alternative/comparison	medium	C2		low	suggested	context-sensitive function; keep as suggested; connector after last finite clause or target outside verse
1corintios	14	8	cn1	01	καὶ	καί	D---------	certain	coordinating	coordination	yes	high	coordinate/add	high		C1	low	suggested	function follows connector inventory; connector before first finite clause or source outside verse
1corintios	14	8	cn2	02	γὰρ	γάρ	CONJ	certain	coordinating	cause/ground	yes	high	ground/explanation	high		C1	low	suggested	function follows connector inventory; connector before first finite clause or source outside verse
1corintios	14	8	cn3	03	ἐὰν	ἐάν	CONJ	certain	subordinating	condition	yes	high	condition	high		C1	low	suggested	function follows connector inventory; target finite clause found; source not available in verse
1corintios	14	9	cn1	02	καὶ	καί	D---------	certain	coordinating	coordination	yes	high	coordinate/add	high		C1	low	suggested	function follows connector inventory; connector before first finite clause or source outside verse
1corintios	14	9	cn2	07	ἐὰν	ἐάν	CONJ	certain	subordinating	condition	yes	high	condition	high		C1	low	suggested	function follows connector inventory; target finite clause found; source not available in verse
1corintios	14	9	cn3	08	μὴ	μή	D---------	certain	negation	negation	yes	high	negation	high			none	suggested	function follows connector inventory; negation detected; no clause connection suggested
1corintios	14	9	cn4	17	γὰρ	γάρ	CONJ	certain	coordinating	cause/ground	yes	high	ground/explanation	high	C3		low	suggested	function follows connector inventory; connector after last finite clause or target outside verse
1corintios	14	10	cn1	02	εἰ	εἰ	CONJ	certain	subordinating	condition	yes	high	condition	high		C1	low	suggested	function follows connector inventory; target finite clause found; source not available in verse
1corintios	14	10	cn2	09	καὶ	καί	CONJ	certain	coordinating	coordination	yes	high	coordinate/add	high	C1		low	suggested	function follows connector inventory; connector after last finite clause or target outside verse
1corintios	14	11	cn1	01	ἐὰν	ἐάν	CONJ	certain	subordinating	condition	yes	high	condition	high		C1	low	suggested	function follows connector inventory; target finite clause found; source not available in verse
1corintios	14	11	cn2	02	οὖν	οὖν	CONJ	certain	coordinating	inference	yes	high	inference/result	high		C1	low	suggested	function follows connector inventory; connector before first finite clause or source outside verse
1corintios	14	11	cn3	03	μὴ	μή	D---------	certain	negation	negation	yes	high	negation	high			none	suggested	function follows connector inventory; negation detected; no clause connection suggested
1corintios	14	11	cn4	13	καὶ	καί	CONJ	certain	coordinating	coordination	yes	high	coordinate/add	high	C2		low	suggested	function follows connector inventory; connector after last finite clause or target outside verse
1corintios	14	12	cn1	02	καὶ	καί	D---------	certain	coordinating	coordination	yes	high	coordinate/add	high		C1	low	suggested	function follows connector inventory; connector before first finite clause or source outside verse
1corintios	14	12	cn2	04	ἐπεὶ	ἐπεί	CONJ	certain	subordinating	cause/temporal	yes	high	cause-or-temporal	medium		C1	low	suggested	context-sensitive function; keep as suggested; target finite clause found; source not available in verse
1corintios	14	12	cn3	14	ἵνα	ἵνα	CONJ	certain	subordinating	purpose/result	yes	high	purpose/result	medium	C2	C3	medium	suggested	context-sensitive function; keep as suggested; subordinating connector before/near target finite clause
1corintios	14	13	cn1	01	διὸ	διό	CONJ	certain	coordinating	inference	yes	high	inference/result	high		C1	low	suggested	function follows connector inventory; connector before first finite clause or source outside verse
1corintios	14	13	cn2	06	ἵνα	ἵνα	CONJ	certain	subordinating	purpose/result	yes	high	purpose/result	medium	C1	C2	medium	suggested	context-sensitive function; keep as suggested; subordinating connector before/near target finite clause
1corintios	14	14	cn1	01	ἐὰν	ἐάν	CONJ	certain	subordinating	condition	yes	high	condition	high		C1	low	suggested	function follows connector inventory; target finite clause found; source not available in verse
1corintios	14	14	cn2	02	γὰρ	γάρ	CONJ	certain	coordinating	cause/ground	yes	high	ground/explanation	high		C1	low	suggested	function follows connector inventory; connector before first finite clause or source outside verse
1corintios	14	14	cn3	10	δὲ	δέ	CONJ	certain	coordinating	coordination	yes	high	coordinate/add	high	C2	C3	medium	suggested	function follows connector inventory; coordinating connector between finite clauses
1corintios	14	15	cn1	02	οὖν	οὖν	CONJ	certain	coordinating	inference	yes	high	inference/result	high		C1	low	suggested	function follows connector inventory; connector before first finite clause or source outside verse
1corintios	14	15	cn2	08	δὲ	δέ	CONJ	certain	coordinating	coordination	yes	high	coordinate/add	high	C3	C4	medium	suggested	function follows connector inventory; coordinating connector between finite clauses
1corintios	14	15	cn3	09	καὶ	καί	D---------	certain	coordinating	coordination	yes	high	coordinate/add	high	C3	C4	medium	suggested	function follows connector inventory; coordinating connector between finite clauses
1corintios	14	15	cn4	16	δὲ	δέ	CONJ	certain	coordinating	coordination	yes	high	coordinate/add	high	C5		low	suggested	function follows connector inventory; connector after last finite clause or target outside verse
1corintios	14	15	cn5	17	καὶ	καί	D---------	certain	coordinating	coordination	yes	high	coordinate/add	high	C5		low	suggested	function follows connector inventory; connector after last finite clause or target outside verse
1corintios	14	16	cn1	01	ἐπεὶ	ἐπεί	CONJ	certain	subordinating	cause/temporal	yes	high	cause-or-temporal	medium		C1	low	suggested	context-sensitive function; keep as suggested; target finite clause found; source not available in verse
1corintios	14	16	cn2	02	ἐὰν	ἐάν	CONJ	certain	subordinating	condition	yes	high	condition	high		C1	low	suggested	function follows connector inventory; target finite clause found; source not available in verse
1corintios	14	16	cn3	19	ἐπειδὴ	ἐπειδή	CONJ	certain	subordinating	cause/ground	yes	high	ground/explanation	high	C2	C3	medium	suggested	function follows connector inventory; subordinating connector before/near target finite clause
1corintios	14	16	cn4	22	οὐκ	οὐ	D---------	certain	negation	negation	yes	high	negation	high			none	suggested	function follows connector inventory; negation detected; no clause connection suggested
1corintios	14	17	cn1	03	γὰρ	γάρ	CONJ	certain	coordinating	cause/ground	yes	high	ground/explanation	high		C1	low	suggested	function follows connector inventory; connector before first finite clause or source outside verse
1corintios	14	17	cn2	06	ἀλλʼ	ἀλλά	CONJ	certain	coordinating	contrast	yes	high	contrast	high	C1	C2	medium	suggested	function follows connector inventory; coordinating connector between finite clauses
1corintios	14	17	cn3	09	οὐκ	οὐ	D---------	certain	negation	negation	yes	high	negation	high			none	suggested	function follows connector inventory; negation detected; no clause connection suggested
1corintios	14	19	cn1	01	ἀλλὰ	ἀλλά	CONJ	certain	coordinating	contrast	yes	high	contrast	high		C1	low	suggested	function follows connector inventory; connector before first finite clause or source outside verse
1corintios	14	19	cn2	11	ἵνα	ἵνα	CONJ	certain	subordinating	purpose/result	yes	high	purpose/result	medium	C1	C2	medium	suggested	context-sensitive function; keep as suggested; subordinating connector before/near target finite clause
1corintios	14	19	cn3	12	καὶ	καί	D---------	certain	coordinating	coordination	yes	high	coordinate/add	high	C1	C2	medium	suggested	function follows connector inventory; coordinating connector between finite clauses
1corintios	14	19	cn4	15	ἢ	ἤ	CONJ	certain	coordinating	alternative/comparison	yes	high	alternative/comparison	medium	C2		low	suggested	context-sensitive function; keep as suggested; connector after last finite clause or target outside verse
1corintios	14	20	cn1	02	μὴ	μή	D---------	certain	negation	negation	yes	high	negation	high			none	suggested	function follows connector inventory; negation detected; no clause connection suggested
1corintios	14	20	cn2	07	ἀλλὰ	ἀλλά	CONJ	certain	coordinating	contrast	yes	high	contrast	high	C1	C2	medium	suggested	function follows connector inventory; coordinating connector between finite clauses
1corintios	14	20	cn3	12	δὲ	δέ	CONJ	certain	coordinating	coordination	yes	high	coordinate/add	high	C2	C3	medium	suggested	function follows connector inventory; coordinating connector between finite clauses
1corintios	14	21	cn1	05	ὅτι	ὅτι	CONJ	certain	subordinating	content/cause	yes	high	content-or-cause	medium	C1	C2	medium	suggested	context-sensitive function; keep as suggested; subordinating connector before/near target finite clause
1corintios	14	21	cn2	08	καὶ	καί	CONJ	certain	coordinating	coordination	yes	high	coordinate/add	high	C1	C2	medium	suggested	function follows connector inventory; coordinating connector between finite clauses
1corintios	14	21	cn3	16	καὶ	καί	CONJ	certain	coordinating	coordination	yes	high	coordinate/add	high	C2	C3	medium	suggested	function follows connector inventory; coordinating connector between finite clauses
1corintios	14	22	cn1	01	ὥστε	ὥστε	CONJ	certain	subordinating	result/inference	yes	high	result/inference	medium		C1	low	suggested	context-sensitive function; keep as suggested; target finite clause found; source not available in verse
1corintios	14	22	cn2	07	οὐ	οὐ	D---------	certain	negation	negation	yes	high	negation	high			none	suggested	function follows connector inventory; negation detected; no clause connection suggested
1corintios	14	22	cn3	10	ἀλλὰ	ἀλλά	CONJ	certain	coordinating	contrast	yes	high	contrast	high	C1		low	suggested	function follows connector inventory; connector after last finite clause or target outside verse
1corintios	14	22	cn4	14	δὲ	δέ	CONJ	certain	coordinating	coordination	yes	high	coordinate/add	high	C1		low	suggested	function follows connector inventory; connector after last finite clause or target outside verse
1corintios	14	22	cn5	16	οὐ	οὐ	D---------	certain	negation	negation	yes	high	negation	high			none	suggested	function follows connector inventory; negation detected; no clause connection suggested
1corintios	14	22	cn6	19	ἀλλὰ	ἀλλά	CONJ	certain	coordinating	contrast	yes	high	contrast	high	C1		low	suggested	function follows connector inventory; connector after last finite clause or target outside verse
1corintios	14	23	cn1	01	ἐὰν	ἐάν	CONJ	certain	subordinating	condition	yes	high	condition	high		C1	low	suggested	function follows connector inventory; target finite clause found; source not available in verse
1corintios	14	23	cn2	02	οὖν	οὖν	CONJ	certain	coordinating	inference	yes	high	inference/result	high		C1	low	suggested	function follows connector inventory; connector before first finite clause or source outside verse
1corintios	14	23	cn3	10	καὶ	καί	CONJ	certain	coordinating	coordination	yes	high	coordinate/add	high	C1	C2	medium	suggested	function follows connector inventory; coordinating connector between finite clauses
1corintios	14	23	cn4	15	δὲ	δέ	CONJ	certain	coordinating	coordination	yes	high	coordinate/add	high	C3	C4	medium	suggested	function follows connector inventory; coordinating connector between finite clauses
1corintios	14	23	cn5	17	ἢ	ἤ	CONJ	certain	coordinating	alternative/comparison	yes	high	alternative/comparison	medium	C3	C4	medium	suggested	context-sensitive function; keep as suggested; coordinating connector between finite clauses
1corintios	14	23	cn6	19	οὐκ	οὐ	X---------	certain	negation	negation	yes	high	negation	high			none	suggested	function follows connector inventory; negation detected; no clause connection suggested
1corintios	14	23	cn7	21	ὅτι	ὅτι	CONJ	certain	subordinating	content/cause	yes	high	content-or-cause	medium	C4	C5	medium	suggested	context-sensitive function; keep as suggested; subordinating connector before/near target finite clause
1corintios	14	24	cn1	01	ἐὰν	ἐάν	CONJ	certain	subordinating	condition	yes	high	condition	high		C1	low	suggested	function follows connector inventory; target finite clause found; source not available in verse
1corintios	14	24	cn2	02	δὲ	δέ	CONJ	certain	coordinating	coordination	yes	high	coordinate/add	high		C1	low	suggested	function follows connector inventory; connector before first finite clause or source outside verse
1corintios	14	24	cn3	06	δέ	δέ	CONJ	certain	coordinating	coordination	yes	high	coordinate/add	high	C2	C3	medium	suggested	function follows connector inventory; coordinating connector between finite clauses
1corintios	14	24	cn4	09	ἢ	ἤ	CONJ	certain	coordinating	alternative/comparison	yes	high	alternative/comparison	medium	C2	C3	medium	suggested	context-sensitive function; keep as suggested; coordinating connector between finite clauses
1corintios	14	25	cn1	08	καὶ	καί	CONJ	certain	coordinating	coordination	yes	high	coordinate/add	high	C1	C2	medium	suggested	function follows connector inventory; coordinating connector between finite clauses
1corintios	14	25	cn2	17	ὅτι	ὅτι	CONJ	certain	subordinating	content/cause	yes	high	content-or-cause	medium	C2	C3	medium	suggested	context-sensitive function; keep as suggested; subordinating connector before/near target finite clause
1corintios	14	26	cn1	02	οὖν	οὖν	CONJ	certain	coordinating	inference	yes	high	inference/result	high		C1	low	suggested	function follows connector inventory; connector before first finite clause or source outside verse
1corintios	14	26	cn2	05	ὅταν	ὅταν	CONJ	certain	subordinating	temporal/condition	yes	high	temporal-or-condition	medium	C1	C2	medium	suggested	context-sensitive function; keep as suggested; subordinating connector before/near target finite clause
1corintios	14	27	cn1	01	εἴτε	εἴτε	CONJ	certain	coordinating	alternative	yes	high	alternative	high		C1	low	suggested	function follows connector inventory; connector before first finite clause or source outside verse
1corintios	14	27	cn2	07	ἢ	ἤ	CONJ	certain	coordinating	alternative/comparison	yes	high	alternative/comparison	medium	C1	C2	medium	suggested	context-sensitive function; keep as suggested; coordinating connector between finite clauses
1corintios	14	27	cn3	11	καὶ	καί	CONJ	certain	coordinating	coordination	yes	high	coordinate/add	high	C1	C2	medium	suggested	function follows connector inventory; coordinating connector between finite clauses
1corintios	14	27	cn4	14	καὶ	καί	CONJ	certain	coordinating	coordination	yes	high	coordinate/add	high	C1	C2	medium	suggested	function follows connector inventory; coordinating connector between finite clauses
1corintios	14	28	cn1	01	ἐὰν	ἐάν	CONJ	certain	subordinating	condition	yes	high	condition	high		C1	low	suggested	function follows connector inventory; target finite clause found; source not available in verse
1corintios	14	28	cn2	02	δὲ	δέ	CONJ	certain	coordinating	coordination	yes	high	coordinate/add	high		C1	low	suggested	function follows connector inventory; connector before first finite clause or source outside verse
1corintios	14	28	cn3	03	μὴ	μή	D---------	certain	negation	negation	yes	high	negation	high			none	suggested	function follows connector inventory; negation detected; no clause connection suggested
1corintios	14	28	cn4	10	δὲ	δέ	CONJ	certain	coordinating	coordination	yes	high	coordinate/add	high	C2	C3	medium	suggested	function follows connector inventory; coordinating connector between finite clauses
1corintios	14	28	cn5	12	καὶ	καί	CONJ	certain	coordinating	coordination	yes	high	coordinate/add	high	C3		low	suggested	function follows connector inventory; connector after last finite clause or target outside verse
1corintios	14	29	cn1	02	δὲ	δέ	CONJ	certain	coordinating	coordination	yes	high	coordinate/add	high		C1	low	suggested	function follows connector inventory; connector before first finite clause or source outside verse
1corintios	14	29	cn2	04	ἢ	ἤ	CONJ	certain	coordinating	alternative/comparison	yes	high	alternative/comparison	medium		C1	low	suggested	context-sensitive function; keep as suggested; connector before first finite clause or source outside verse
1corintios	14	29	cn3	07	καὶ	καί	CONJ	certain	coordinating	coordination	yes	high	coordinate/add	high	C1	C2	medium	suggested	function follows connector inventory; coordinating connector between finite clauses
1corintios	14	30	cn1	01	ἐὰν	ἐάν	CONJ	certain	subordinating	condition	yes	high	condition	high		C1	low	suggested	function follows connector inventory; target finite clause found; source not available in verse
1corintios	14	30	cn2	02	δὲ	δέ	CONJ	certain	coordinating	coordination	yes	high	coordinate/add	high		C1	low	suggested	function follows connector inventory; connector before first finite clause or source outside verse
1corintios	14	31	cn1	02	γὰρ	γάρ	CONJ	certain	coordinating	cause/ground	yes	high	ground/explanation	high	C1	C2	medium	suggested	function follows connector inventory; coordinating connector between finite clauses
1corintios	14	31	cn2	07	ἵνα	ἵνα	CONJ	certain	subordinating	purpose/result	yes	high	purpose/result	medium	C1	C2	medium	suggested	context-sensitive function; keep as suggested; subordinating connector before/near target finite clause
1corintios	14	31	cn3	10	καὶ	καί	CONJ	certain	coordinating	coordination	yes	high	coordinate/add	high	C2	C3	medium	suggested	function follows connector inventory; coordinating connector between finite clauses
1corintios	14	32	cn1	01	καὶ	καί	CONJ	certain	coordinating	coordination	yes	high	coordinate/add	high		C1	low	suggested	function follows connector inventory; connector before first finite clause or source outside verse
1corintios	14	33	cn1	01	οὐ	οὐ	D---------	certain	negation	negation	yes	high	negation	high			none	suggested	function follows connector inventory; negation detected; no clause connection suggested
1corintios	14	33	cn2	02	γάρ	γάρ	CONJ	certain	coordinating	cause/ground	yes	high	ground/explanation	high		C1	low	suggested	function follows connector inventory; connector before first finite clause or source outside verse
1corintios	14	33	cn3	07	ἀλλὰ	ἀλλά	CONJ	certain	coordinating	contrast	yes	high	contrast	high	C1		low	suggested	function follows connector inventory; connector after last finite clause or target outside verse
1corintios	14	33	cn4	09	ὡς	ὡς	CONJ	certain	subordinating	comparison/manner	yes	high	comparison/manner	medium			low	suggested	context-sensitive function; keep as suggested; no target finite clause found in verse
1corintios	14	34	cn1	07	οὐ	οὐ	D---------	certain	negation	negation	yes	high	negation	high			none	suggested	function follows connector inventory; negation detected; no clause connection suggested
1corintios	14	34	cn2	08	γὰρ	γάρ	CONJ	certain	coordinating	cause/ground	yes	high	ground/explanation	high	C1	C2	medium	suggested	function follows connector inventory; coordinating connector between finite clauses
1corintios	14	34	cn3	12	ἀλλὰ	ἀλλά	CONJ	certain	coordinating	contrast	yes	high	contrast	high	C2	C3	medium	suggested	function follows connector inventory; coordinating connector between finite clauses
1corintios	14	34	cn4	14	καθὼς	καθώς	CONJ	certain	subordinating	comparison/manner	yes	high	comparison/manner	medium	C3	C4	medium	suggested	context-sensitive function; keep as suggested; subordinating connector before/near target finite clause
1corintios	14	34	cn5	15	καὶ	καί	D---------	certain	coordinating	coordination	yes	high	coordinate/add	high	C3	C4	medium	suggested	function follows connector inventory; coordinating connector between finite clauses
1corintios	14	35	cn1	01	εἰ	εἰ	CONJ	certain	subordinating	condition	yes	high	condition	high		C1	low	suggested	function follows connector inventory; target finite clause found; source not available in verse
1corintios	14	35	cn2	02	δέ	δέ	CONJ	certain	coordinating	coordination	yes	high	coordinate/add	high		C1	low	suggested	function follows connector inventory; connector before first finite clause or source outside verse
1corintios	14	35	cn3	13	γάρ	γάρ	CONJ	certain	coordinating	cause/ground	yes	high	ground/explanation	high	C2	C3	medium	suggested	function follows connector inventory; coordinating connector between finite clauses
1corintios	14	36	cn1	01	ἢ	ἤ	CONJ	certain	coordinating	alternative/comparison	yes	high	alternative/comparison	medium		C1	low	suggested	context-sensitive function; keep as suggested; connector before first finite clause or source outside verse
1corintios	14	36	cn2	09	ἢ	ἤ	CONJ	certain	coordinating	alternative/comparison	yes	high	alternative/comparison	medium	C1	C2	medium	suggested	context-sensitive function; keep as suggested; coordinating connector between finite clauses
1corintios	14	37	cn1	01	εἴ	εἰ	CONJ	certain	subordinating	condition	yes	high	condition	high		C1	low	suggested	function follows connector inventory; target finite clause found; source not available in verse
1corintios	14	37	cn2	06	ἢ	ἤ	CONJ	certain	coordinating	alternative/comparison	yes	high	alternative/comparison	medium	C1	C2	medium	suggested	context-sensitive function; keep as suggested; coordinating connector between finite clauses
1corintios	14	37	cn3	12	ὅτι	ὅτι	CONJ	certain	subordinating	content/cause	yes	high	content-or-cause	medium	C3	C4	medium	suggested	context-sensitive function; keep as suggested; subordinating connector before/near target finite clause
1corintios	14	38	cn1	01	εἰ	εἰ	CONJ	certain	subordinating	condition	yes	high	condition	high		C1	low	suggested	function follows connector inventory; target finite clause found; source not available in verse
1corintios	14	38	cn2	02	δέ	δέ	CONJ	certain	coordinating	coordination	yes	high	coordinate/add	high		C1	low	suggested	function follows connector inventory; connector before first finite clause or source outside verse
1corintios	14	39	cn1	01	ὥστε	ὥστε	CONJ	certain	subordinating	result/inference	yes	high	result/inference	medium		C1	low	suggested	context-sensitive function; keep as suggested; target finite clause found; source not available in verse
1corintios	14	39	cn2	07	καὶ	καί	CONJ	certain	coordinating	coordination	yes	high	coordinate/add	high	C1	C2	medium	suggested	function follows connector inventory; coordinating connector between finite clauses
1corintios	14	39	cn3	10	μὴ	μή	D---------	certain	negation	negation	yes	high	negation	high			none	suggested	function follows connector inventory; negation detected; no clause connection suggested
1corintios	14	40	cn1	02	δὲ	δέ	CONJ	certain	coordinating	coordination	yes	high	coordinate/add	high		C1	low	suggested	function follows connector inventory; connector before first finite clause or source outside verse
1corintios	14	40	cn2	04	καὶ	καί	CONJ	certain	coordinating	coordination	yes	high	coordinate/add	high		C1	low	suggested	function follows connector inventory; connector before first finite clause or source outside verse
1corintios	15	1	cn1	02	δὲ	δέ	CONJ	certain	coordinating	coordination	yes	high	coordinate/add	high	C1	C2	medium	suggested	function follows connector inventory; coordinating connector between finite clauses
1corintios	15	1	cn2	11	καὶ	καί	D---------	certain	coordinating	coordination	yes	high	coordinate/add	high	C2	C3	medium	suggested	function follows connector inventory; coordinating connector between finite clauses
1corintios	15	1	cn3	15	καὶ	καί	D---------	certain	coordinating	coordination	yes	high	coordinate/add	high	C3	C4	medium	suggested	function follows connector inventory; coordinating connector between finite clauses
