BOOK	CH	VS	CLAUSE_ID	CLAUSE_TYPE	FINITE_G_IDX	FINITE_GREEK	FINITE_LEMMA	FINITE_RMAC	FINITE_CERTAINTY	CONNECTOR_ID	CONNECTOR_GREEK	CONNECTOR_KIND	CONNECTOR_RELATION	CONNECTOR_FUNCTION_STATUS	CONNECTOR_FUNCTION	SOURCE_CLAUSE	TARGET_CLAUSE	CONNECTION_CONFIDENCE	STATUS	NOTES
1corintios	1	4	C1	finite-anchor	01	εὐχαριστῶ	εὐχαριστέω	V-PAI-1S	certain										confirmed-finite-anchor	finite clause anchor with no connector relationship
1corintios	1	5	C1	finite-anchor	04	ἐπλουτίσθητε	πλουτίζω	V-API-2P	certain	cn1	ὅτι	subordinating	content/cause	suggested	content-or-cause		C1	low	suggested-relationship	context-sensitive function; keep as suggested; target finite clause found; source not available in verse
1corintios	1	5	C1	finite-anchor	04	ἐπλουτίσθητε	πλουτίζω	V-API-2P	certain	cn2	καὶ	coordinating	coordination	suggested	coordinate/add	C1		low	suggested-relationship	function follows connector inventory; connector after last finite clause or target outside verse
1corintios	1	6	C1	finite-anchor	06	ἐβεβαιώθη	βεβαιόω	V-API-3S	certain	cn1	καθὼς	subordinating	comparison/manner	suggested	comparison/manner		C1	low	suggested-relationship	context-sensitive function; keep as suggested; target finite clause found; source not available in verse
1corintios	1	8	C1	finite-anchor	03	βεβαιώσει	βεβαιόω	V-FAI-3S	certain	cn1	καὶ	coordinating	coordination	suggested	coordinate/add		C1	low	suggested-relationship	function follows connector inventory; connector before first finite clause or source outside verse
1corintios	1	9	C1	finite-anchor	06	ἐκλήθητε	καλέω	V-API-2P	certain										confirmed-finite-anchor	finite clause anchor with no connector relationship
1corintios	1	10	C1	finite-anchor	01	παρακαλῶ	παρακαλέω	V-PAI-1S	certain	cn1	δὲ	coordinating	coordination	suggested	coordinate/add	C1	C2	medium	suggested-relationship	function follows connector inventory; coordinating connector between finite clauses
1corintios	1	10	C1	finite-anchor	01	παρακαλῶ	παρακαλέω	V-PAI-1S	certain	cn2	ἵνα	subordinating	purpose/result	suggested	purpose/result	C1	C2	medium	suggested-relationship	context-sensitive function; keep as suggested; subordinating connector before/near target finite clause
1corintios	1	10	C2	finite-anchor	16	λέγητε	λέγω	V-PAS-2P	certain	cn1	δὲ	coordinating	coordination	suggested	coordinate/add	C1	C2	medium	suggested-relationship	function follows connector inventory; coordinating connector between finite clauses
1corintios	1	10	C2	finite-anchor	16	λέγητε	λέγω	V-PAS-2P	certain	cn2	ἵνα	subordinating	purpose/result	suggested	purpose/result	C1	C2	medium	suggested-relationship	context-sensitive function; keep as suggested; subordinating connector before/near target finite clause
1corintios	1	10	C2	finite-anchor	16	λέγητε	λέγω	V-PAS-2P	certain	cn3	καὶ	coordinating	coordination	suggested	coordinate/add	C2	C3	medium	suggested-relationship	function follows connector inventory; coordinating connector between finite clauses
1corintios	1	10	C3	finite-anchor	20	ᾖ	εἰμί	V-PAS-3S	certain	cn3	καὶ	coordinating	coordination	suggested	coordinate/add	C2	C3	medium	suggested-relationship	function follows connector inventory; coordinating connector between finite clauses
1corintios	1	10	C4	finite-anchor	24	ἦτε	εἰμί	V-PAS-2P	certain	cn5	δὲ	coordinating	coordination	suggested	coordinate/add	C4		low	suggested-relationship	function follows connector inventory; connector after last finite clause or target outside verse
1corintios	1	10	C4	finite-anchor	24	ἦτε	εἰμί	V-PAS-2P	certain	cn6	καὶ	coordinating	coordination	suggested	coordinate/add	C4		low	suggested-relationship	function follows connector inventory; connector after last finite clause or target outside verse
1corintios	1	11	C1	finite-anchor	01	ἐδηλώθη	δηλόω	V-API-3S	certain	cn1	γάρ	coordinating	cause/ground	suggested	ground/explanation	C1	C2	medium	suggested-relationship	function follows connector inventory; coordinating connector between finite clauses
1corintios	1	11	C1	finite-anchor	01	ἐδηλώθη	δηλόω	V-API-3S	certain	cn2	ὅτι	subordinating	content/cause	suggested	content-or-cause	C1	C2	medium	suggested-relationship	context-sensitive function; keep as suggested; subordinating connector before/near target finite clause
1corintios	1	11	C2	finite-anchor	15	εἰσιν	εἰμί	V-PAI-3P	certain	cn1	γάρ	coordinating	cause/ground	suggested	ground/explanation	C1	C2	medium	suggested-relationship	function follows connector inventory; coordinating connector between finite clauses
1corintios	1	11	C2	finite-anchor	15	εἰσιν	εἰμί	V-PAI-3P	certain	cn2	ὅτι	subordinating	content/cause	suggested	content-or-cause	C1	C2	medium	suggested-relationship	context-sensitive function; keep as suggested; subordinating connector before/near target finite clause
1corintios	1	12	C1	finite-anchor	01	λέγω	λέγω	V-PAI-1S	certain	cn1	δὲ	coordinating	coordination	suggested	coordinate/add	C1	C2	medium	suggested-relationship	function follows connector inventory; coordinating connector between finite clauses
1corintios	1	12	C1	finite-anchor	01	λέγω	λέγω	V-PAI-1S	certain	cn2	ὅτι	subordinating	content/cause	suggested	content-or-cause	C1	C2	medium	suggested-relationship	context-sensitive function; keep as suggested; subordinating connector before/near target finite clause
1corintios	1	12	C2	finite-anchor	07	λέγει	λέγω	V-PAI-3S	certain	cn1	δὲ	coordinating	coordination	suggested	coordinate/add	C1	C2	medium	suggested-relationship	function follows connector inventory; coordinating connector between finite clauses
1corintios	1	12	C2	finite-anchor	07	λέγει	λέγω	V-PAI-3S	certain	cn2	ὅτι	subordinating	content/cause	suggested	content-or-cause	C1	C2	medium	suggested-relationship	context-sensitive function; keep as suggested; subordinating connector before/near target finite clause
1corintios	1	12	C3	finite-anchor	10	εἰμι	εἰμί	V-PAI-1S	certain	cn3	δὲ	coordinating	coordination	suggested	coordinate/add	C3		low	suggested-relationship	function follows connector inventory; connector after last finite clause or target outside verse
1corintios	1	12	C3	finite-anchor	10	εἰμι	εἰμί	V-PAI-1S	certain	cn4	δὲ	coordinating	coordination	suggested	coordinate/add	C3		low	suggested-relationship	function follows connector inventory; connector after last finite clause or target outside verse
1corintios	1	12	C3	finite-anchor	10	εἰμι	εἰμί	V-PAI-1S	certain	cn5	δὲ	coordinating	coordination	suggested	coordinate/add	C3		low	suggested-relationship	function follows connector inventory; connector after last finite clause or target outside verse
1corintios	1	13	C1	finite-anchor	01	μεμέρισται	μερίζω	V-XPI-3S	certain										confirmed-finite-anchor	finite clause anchor with unresolved connector relationship
1corintios	1	13	C2	finite-anchor	06	ἐσταυρώθη	σταυρόω	V-API-3S	certain	cn2	ἢ	coordinating	alternative/comparison	suggested	alternative/comparison	C2	C3	medium	suggested-relationship	context-sensitive function; keep as suggested; coordinating connector between finite clauses
1corintios	1	13	C3	finite-anchor	14	ἐβαπτίσθητε	βαπτίζω	V-API-2P	certain	cn2	ἢ	coordinating	alternative/comparison	suggested	alternative/comparison	C2	C3	medium	suggested-relationship	context-sensitive function; keep as suggested; coordinating connector between finite clauses
1corintios	1	14	C1	finite-anchor	01	εὐχαριστῶ	εὐχαριστέω	V-PAI-1S	certain	cn1	ὅτι	subordinating	content/cause	suggested	content-or-cause	C1	C2	medium	suggested-relationship	context-sensitive function; keep as suggested; subordinating connector before/near target finite clause
1corintios	1	14	C2	finite-anchor	05	ἐβάπτισα	βαπτίζω	V-AAI-1S	certain	cn1	ὅτι	subordinating	content/cause	suggested	content-or-cause	C1	C2	medium	suggested-relationship	context-sensitive function; keep as suggested; subordinating connector before/near target finite clause
1corintios	1	14	C2	finite-anchor	05	ἐβάπτισα	βαπτίζω	V-AAI-1S	certain	cn4	καὶ	coordinating	coordination	suggested	coordinate/add	C2		low	suggested-relationship	function follows connector inventory; connector after last finite clause or target outside verse
1corintios	1	15	C1	finite-anchor	04	εἴπῃ	λέγω	V-AAS-3S	certain	cn1	ἵνα	subordinating	purpose/result	suggested	purpose/result		C1	low	suggested-relationship	context-sensitive function; keep as suggested; target finite clause found; source not available in verse
1corintios	1	15	C1	finite-anchor	04	εἴπῃ	λέγω	V-AAS-3S	certain	cn3	ὅτι	subordinating	content/cause	suggested	content-or-cause	C1	C2	medium	suggested-relationship	context-sensitive function; keep as suggested; subordinating connector before/near target finite clause
1corintios	1	15	C2	finite-anchor	10	ἐβαπτίσθητε	βαπτίζω	V-API-2P	certain	cn3	ὅτι	subordinating	content/cause	suggested	content-or-cause	C1	C2	medium	suggested-relationship	context-sensitive function; keep as suggested; subordinating connector before/near target finite clause
1corintios	1	16	C1	finite-anchor	01	ἐβάπτισα	βαπτίζω	V-AAI-1S	certain	cn1	δὲ	coordinating	coordination	suggested	coordinate/add	C1	C2	medium	suggested-relationship	function follows connector inventory; coordinating connector between finite clauses
1corintios	1	16	C1	finite-anchor	01	ἐβάπτισα	βαπτίζω	V-AAI-1S	certain	cn2	καὶ	coordinating	coordination	suggested	coordinate/add	C1	C2	medium	suggested-relationship	function follows connector inventory; coordinating connector between finite clauses
1corintios	1	16	C2	finite-anchor	09	οἶδα	οἶδα	V-XAI-1S	certain	cn1	δὲ	coordinating	coordination	suggested	coordinate/add	C1	C2	medium	suggested-relationship	function follows connector inventory; coordinating connector between finite clauses
1corintios	1	16	C2	finite-anchor	09	οἶδα	οἶδα	V-XAI-1S	certain	cn2	καὶ	coordinating	coordination	suggested	coordinate/add	C1	C2	medium	suggested-relationship	function follows connector inventory; coordinating connector between finite clauses
1corintios	1	16	C2	finite-anchor	09	οἶδα	οἶδα	V-XAI-1S	certain	cn4	εἴ	subordinating	condition	suggested	condition	C2	C3	medium	suggested-relationship	function follows connector inventory; subordinating connector before/near target finite clause
1corintios	1	16	C3	finite-anchor	13	ἐβάπτισα	βαπτίζω	V-AAI-1S	certain	cn4	εἴ	subordinating	condition	suggested	condition	C2	C3	medium	suggested-relationship	function follows connector inventory; subordinating connector before/near target finite clause
1corintios	1	17	C1	finite-anchor	03	ἀπέστειλέν	ἀποστέλλω	V-AAI-3S	certain	cn2	γὰρ	coordinating	cause/ground	suggested	ground/explanation		C1	low	suggested-relationship	function follows connector inventory; connector before first finite clause or source outside verse
1corintios	1	17	C1	finite-anchor	03	ἀπέστειλέν	ἀποστέλλω	V-AAI-3S	certain	cn3	ἀλλὰ	coordinating	contrast	suggested	contrast	C1	C2	medium	suggested-relationship	function follows connector inventory; coordinating connector between finite clauses
1corintios	1	17	C1	finite-anchor	03	ἀπέστειλέν	ἀποστέλλω	V-AAI-3S	certain	cn5	ἵνα	subordinating	purpose/result	suggested	purpose/result	C1	C2	medium	suggested-relationship	context-sensitive function; keep as suggested; subordinating connector before/near target finite clause
1corintios	1	17	C2	finite-anchor	15	κενωθῇ	κενόω	V-APS-3S	certain	cn3	ἀλλὰ	coordinating	contrast	suggested	contrast	C1	C2	medium	suggested-relationship	function follows connector inventory; coordinating connector between finite clauses
1corintios	1	17	C2	finite-anchor	15	κενωθῇ	κενόω	V-APS-3S	certain	cn5	ἵνα	subordinating	purpose/result	suggested	purpose/result	C1	C2	medium	suggested-relationship	context-sensitive function; keep as suggested; subordinating connector before/near target finite clause
1corintios	1	18	C1	finite-anchor	11	ἐστίν	εἰμί	V-PAI-3S	certain	cn1	γὰρ	coordinating	cause/ground	suggested	ground/explanation		C1	low	suggested-relationship	function follows connector inventory; connector before first finite clause or source outside verse
1corintios	1	18	C1	finite-anchor	11	ἐστίν	εἰμί	V-PAI-3S	certain	cn2	δὲ	coordinating	coordination	suggested	coordinate/add	C1	C2	medium	suggested-relationship	function follows connector inventory; coordinating connector between finite clauses
1corintios	1	18	C2	finite-anchor	18	ἐστιν	εἰμί	V-PAI-3S	certain	cn2	δὲ	coordinating	coordination	suggested	coordinate/add	C1	C2	medium	suggested-relationship	function follows connector inventory; coordinating connector between finite clauses
1corintios	1	19	C1	finite-anchor	01	γέγραπται	γράφω	V-XPI-3S	certain	cn1	γάρ	coordinating	cause/ground	suggested	ground/explanation	C1	C2	medium	suggested-relationship	function follows connector inventory; coordinating connector between finite clauses
1corintios	1	19	C2	finite-anchor	03	ἀπολῶ	ἀπόλλυμι	V-FAI-1S	certain	cn1	γάρ	coordinating	cause/ground	suggested	ground/explanation	C1	C2	medium	suggested-relationship	function follows connector inventory; coordinating connector between finite clauses
1corintios	1	19	C2	finite-anchor	03	ἀπολῶ	ἀπόλλυμι	V-FAI-1S	certain	cn2	καὶ	coordinating	coordination	suggested	coordinate/add	C2	C3	medium	suggested-relationship	function follows connector inventory; coordinating connector between finite clauses
1corintios	1	19	C3	finite-anchor	13	ἀθετήσω	ἀθετέω	V-FAI-1S	certain	cn2	καὶ	coordinating	coordination	suggested	coordinate/add	C2	C3	medium	suggested-relationship	function follows connector inventory; coordinating connector between finite clauses
1corintios	1	20	C1	finite-anchor	11	ἐμώρανεν	μωραίνω	V-AAI-3S	certain										confirmed-finite-anchor	finite clause anchor with no connector relationship
1corintios	1	21	C1	finite-anchor	09	ἔγνω	γινώσκω	V-AAI-3S	certain	cn1	ἐπειδὴ	subordinating	cause/ground	suggested	ground/explanation		C1	low	suggested-relationship	function follows connector inventory; target finite clause found; source not available in verse
1corintios	1	21	C1	finite-anchor	09	ἔγνω	γινώσκω	V-AAI-3S	certain	cn2	γὰρ	coordinating	cause/ground	suggested	ground/explanation		C1	low	suggested-relationship	function follows connector inventory; connector before first finite clause or source outside verse
1corintios	1	21	C2	finite-anchor	17	εὐδόκησεν	εὐδοκέω	V-AAI-3S	certain										confirmed-finite-anchor	finite clause anchor with unresolved connector relationship
1corintios	1	22	C1	finite-anchor	05	αἰτοῦσιν	αἰτέω	V-PAI-3P	certain	cn1	ἐπειδὴ	subordinating	cause/ground	suggested	ground/explanation		C1	low	suggested-relationship	function follows connector inventory; target finite clause found; source not available in verse
1corintios	1	22	C1	finite-anchor	05	αἰτοῦσιν	αἰτέω	V-PAI-3P	certain	cn2	καὶ	coordinating	coordination	suggested	coordinate/add		C1	low	suggested-relationship	function follows connector inventory; connector before first finite clause or source outside verse
1corintios	1	22	C1	finite-anchor	05	αἰτοῦσιν	αἰτέω	V-PAI-3P	certain	cn3	καὶ	coordinating	coordination	suggested	coordinate/add	C1	C2	medium	suggested-relationship	function follows connector inventory; coordinating connector between finite clauses
1corintios	1	22	C2	finite-anchor	09	ζητοῦσιν	ζητέω	V-PAI-3P	certain	cn3	καὶ	coordinating	coordination	suggested	coordinate/add	C1	C2	medium	suggested-relationship	function follows connector inventory; coordinating connector between finite clauses
1corintios	1	23	C1	finite-anchor	03	κηρύσσομεν	κηρύσσω	V-PAI-1P	certain	cn1	δὲ	coordinating	coordination	suggested	coordinate/add		C1	low	suggested-relationship	function follows connector inventory; connector before first finite clause or source outside verse
1corintios	1	23	C1	finite-anchor	03	κηρύσσομεν	κηρύσσω	V-PAI-1P	certain	cn2	δὲ	coordinating	coordination	suggested	coordinate/add	C1		low	suggested-relationship	function follows connector inventory; connector after last finite clause or target outside verse
1corintios	1	25	C1	finite-anchor	09	ἐστίν	εἰμί	V-PAI-3S	certain	cn1	ὅτι	subordinating	content/cause	suggested	content-or-cause		C1	low	suggested-relationship	context-sensitive function; keep as suggested; target finite clause found; source not available in verse
1corintios	1	25	C1	finite-anchor	09	ἐστίν	εἰμί	V-PAI-3S	certain	cn2	καὶ	coordinating	coordination	suggested	coordinate/add	C1		low	suggested-relationship	function follows connector inventory; connector after last finite clause or target outside verse
1corintios	1	26	C1	finite-anchor	01	βλέπετε	βλέπω	V-PAI-2P	certain	cn1	γὰρ	coordinating	cause/ground	suggested	ground/explanation	C1		low	suggested-relationship	function follows connector inventory; connector after last finite clause or target outside verse
1corintios	1	27	C1	finite-anchor	06	ἐξελέξατο	ἐκλέγομαι	V-AMI-3S	certain	cn1	ἀλλὰ	coordinating	contrast	suggested	contrast		C1	low	suggested-relationship	function follows connector inventory; connector before first finite clause or source outside verse
1corintios	1	27	C1	finite-anchor	06	ἐξελέξατο	ἐκλέγομαι	V-AMI-3S	certain	cn2	ἵνα	subordinating	purpose/result	suggested	purpose/result	C1	C2	medium	suggested-relationship	context-sensitive function; keep as suggested; subordinating connector before/near target finite clause
1corintios	1	27	C2	finite-anchor	10	καταισχύνῃ	καταισχύνω	V-PAS-3S	certain	cn2	ἵνα	subordinating	purpose/result	suggested	purpose/result	C1	C2	medium	suggested-relationship	context-sensitive function; keep as suggested; subordinating connector before/near target finite clause
1corintios	1	27	C2	finite-anchor	10	καταισχύνῃ	καταισχύνω	V-PAS-3S	certain	cn3	καὶ	coordinating	coordination	suggested	coordinate/add	C2	C3	medium	suggested-relationship	function follows connector inventory; coordinating connector between finite clauses
1corintios	1	27	C3	finite-anchor	18	ἐξελέξατο	ἐκλέγομαι	V-AMI-3S	certain	cn3	καὶ	coordinating	coordination	suggested	coordinate/add	C2	C3	medium	suggested-relationship	function follows connector inventory; coordinating connector between finite clauses
1corintios	1	27	C3	finite-anchor	18	ἐξελέξατο	ἐκλέγομαι	V-AMI-3S	certain	cn4	ἵνα	subordinating	purpose/result	suggested	purpose/result	C3	C4	medium	suggested-relationship	context-sensitive function; keep as suggested; subordinating connector before/near target finite clause
1corintios	1	27	C4	finite-anchor	22	καταισχύνῃ	καταισχύνω	V-PAS-3S	certain	cn4	ἵνα	subordinating	purpose/result	suggested	purpose/result	C3	C4	medium	suggested-relationship	context-sensitive function; keep as suggested; subordinating connector before/near target finite clause
1corintios	1	28	C1	finite-anchor	09	ἐξελέξατο	ἐκλέγομαι	V-AMI-3S	certain	cn1	καὶ	coordinating	coordination	suggested	coordinate/add		C1	low	suggested-relationship	function follows connector inventory; connector before first finite clause or source outside verse
1corintios	1	28	C1	finite-anchor	09	ἐξελέξατο	ἐκλέγομαι	V-AMI-3S	certain	cn2	καὶ	coordinating	coordination	suggested	coordinate/add		C1	low	suggested-relationship	function follows connector inventory; connector before first finite clause or source outside verse
1corintios	1	28	C1	finite-anchor	09	ἐξελέξατο	ἐκλέγομαι	V-AMI-3S	certain	cn4	ἵνα	subordinating	purpose/result	suggested	purpose/result	C1	C2	medium	suggested-relationship	context-sensitive function; keep as suggested; subordinating connector before/near target finite clause
1corintios	1	28	C2	finite-anchor	18	καταργήσῃ	καταργέω	V-AAS-3S	certain	cn4	ἵνα	subordinating	purpose/result	suggested	purpose/result	C1	C2	medium	suggested-relationship	context-sensitive function; keep as suggested; subordinating connector before/near target finite clause
1corintios	1	29	C1	finite-anchor	03	καυχήσηται	καυχάομαι	V-AMS-3S	certain	cn1	ὅπως	subordinating	purpose	suggested	purpose		C1	low	suggested-relationship	function follows connector inventory; target finite clause found; source not available in verse
1corintios	1	30	C1	finite-anchor	05	ἐστε	εἰμί	V-PAI-2P	certain	cn1	δὲ	coordinating	coordination	suggested	coordinate/add		C1	low	suggested-relationship	function follows connector inventory; connector before first finite clause or source outside verse
1corintios	1	30	C2	finite-anchor	10	ἐγενήθη	γίνομαι	V-API-3S	certain	cn2	τε	coordinating	coordination	suggested	coordinate/add	C2		low	suggested-relationship	function follows connector inventory; connector after last finite clause or target outside verse
1corintios	1	30	C2	finite-anchor	10	ἐγενήθη	γίνομαι	V-API-3S	certain	cn3	καὶ	coordinating	coordination	suggested	coordinate/add	C2		low	suggested-relationship	function follows connector inventory; connector after last finite clause or target outside verse
1corintios	1	30	C2	finite-anchor	10	ἐγενήθη	γίνομαι	V-API-3S	certain	cn4	καὶ	coordinating	coordination	suggested	coordinate/add	C2		low	suggested-relationship	function follows connector inventory; connector after last finite clause or target outside verse
1corintios	1	31	C1	finite-anchor	03	γέγραπται	γράφω	V-XPI-3S	certain	cn1	ἵνα	subordinating	purpose/result	suggested	purpose/result		C1	low	suggested-relationship	context-sensitive function; keep as suggested; target finite clause found; source not available in verse
1corintios	1	31	C1	finite-anchor	03	γέγραπται	γράφω	V-XPI-3S	certain	cn2	καθὼς	subordinating	comparison/manner	suggested	comparison/manner		C1	low	suggested-relationship	context-sensitive function; keep as suggested; target finite clause found; source not available in verse
1corintios	1	31	C2	finite-anchor	08	καυχάσθω	καυχάομαι	V-PMD-3S	certain										confirmed-finite-anchor	finite clause anchor with unresolved connector relationship
1corintios	2	1	C1	finite-anchor	06	ἦλθον	ἔρχομαι	V-AAI-1S	certain	cn2	ἢ	coordinating	alternative/comparison	suggested	alternative/comparison	C1		low	suggested-relationship	context-sensitive function; keep as suggested; connector after last finite clause or target outside verse
1corintios	2	2	C1	finite-anchor	03	ἔκρινά	κρίνω	V-AAI-1S	certain	cn2	γὰρ	coordinating	cause/ground	suggested	ground/explanation		C1	low	suggested-relationship	function follows connector inventory; connector before first finite clause or source outside verse
1corintios	2	2	C1	finite-anchor	03	ἔκρινά	κρίνω	V-AAI-1S	certain	cn5	καὶ	coordinating	coordination	suggested	coordinate/add	C1		low	suggested-relationship	function follows connector inventory; connector after last finite clause or target outside verse
1corintios	2	3	C1	finite-anchor	11	ἐγενόμην	γίνομαι	V-AMI-1S	certain	cn1	καὶ	coordinating	coordination	suggested	coordinate/add		C1	low	suggested-relationship	function follows connector inventory; connector before first finite clause or source outside verse
1corintios	2	3	C1	finite-anchor	11	ἐγενόμην	γίνομαι	V-AMI-1S	certain	cn2	καὶ	coordinating	coordination	suggested	coordinate/add		C1	low	suggested-relationship	function follows connector inventory; connector before first finite clause or source outside verse
1corintios	2	5	C1	finite-anchor	06	ᾖ	εἰμί	V-PAS-3S	certain	cn1	ἵνα	subordinating	purpose/result	suggested	purpose/result		C1	low	suggested-relationship	context-sensitive function; keep as suggested; target finite clause found; source not available in verse
1corintios	2	5	C1	finite-anchor	06	ᾖ	εἰμί	V-PAS-3S	certain	cn3	ἀλλʼ	coordinating	contrast	suggested	contrast	C1		low	suggested-relationship	function follows connector inventory; connector after last finite clause or target outside verse
1corintios	2	6	C1	finite-anchor	03	λαλοῦμεν	λαλέω	V-PAI-1P	certain	cn1	δὲ	coordinating	coordination	suggested	coordinate/add		C1	low	suggested-relationship	function follows connector inventory; connector before first finite clause or source outside verse
1corintios	2	6	C1	finite-anchor	03	λαλοῦμεν	λαλέω	V-PAI-1P	certain	cn2	δὲ	coordinating	coordination	suggested	coordinate/add	C1		low	suggested-relationship	function follows connector inventory; connector after last finite clause or target outside verse
1corintios	2	6	C1	finite-anchor	03	λαλοῦμεν	λαλέω	V-PAI-1P	certain	cn4	οὐδὲ	coordinating	negative coordination	suggested	coordinate/negative	C1		low	suggested-relationship	function follows connector inventory; connector after last finite clause or target outside verse
1corintios	2	7	C1	finite-anchor	02	λαλοῦμεν	λαλέω	V-PAI-1P	certain	cn1	ἀλλὰ	coordinating	contrast	suggested	contrast		C1	low	suggested-relationship	function follows connector inventory; connector before first finite clause or source outside verse
1corintios	2	7	C2	finite-anchor	10	προώρισεν	προορίζω	V-AAI-3S	certain										confirmed-finite-anchor	finite clause anchor with unresolved connector relationship
1corintios	2	8	C1	finite-anchor	08	ἔγνωκεν	γινώσκω	V-XAI-3S	certain	cn1	εἰ	subordinating	condition	suggested	condition	C1	C2	medium	suggested-relationship	function follows connector inventory; subordinating connector before/near target finite clause
1corintios	2	8	C1	finite-anchor	08	ἔγνωκεν	γινώσκω	V-XAI-3S	certain	cn2	γὰρ	coordinating	cause/ground	suggested	ground/explanation	C1	C2	medium	suggested-relationship	function follows connector inventory; coordinating connector between finite clauses
1corintios	2	8	C2	finite-anchor	11	ἔγνωσαν	γινώσκω	V-AAI-3P	certain	cn1	εἰ	subordinating	condition	suggested	condition	C1	C2	medium	suggested-relationship	function follows connector inventory; subordinating connector before/near target finite clause
1corintios	2	8	C2	finite-anchor	11	ἔγνωσαν	γινώσκω	V-AAI-3P	certain	cn2	γὰρ	coordinating	cause/ground	suggested	ground/explanation	C1	C2	medium	suggested-relationship	function follows connector inventory; coordinating connector between finite clauses
1corintios	2	8	C3	finite-anchor	18	ἐσταύρωσαν	σταυρόω	V-AAI-3P	certain										confirmed-finite-anchor	finite clause anchor with unresolved connector relationship
1corintios	2	9	C1	finite-anchor	03	γέγραπται	γράφω	V-XPI-3S	certain	cn1	ἀλλὰ	coordinating	contrast	suggested	contrast		C1	low	suggested-relationship	function follows connector inventory; connector before first finite clause or source outside verse
1corintios	2	9	C1	finite-anchor	03	γέγραπται	γράφω	V-XPI-3S	certain	cn2	καθὼς	subordinating	comparison/manner	suggested	comparison/manner		C1	low	suggested-relationship	context-sensitive function; keep as suggested; target finite clause found; source not available in verse
1corintios	2	9	C2	finite-anchor	07	εἶδεν	ὁράω	V-AAI-3S	certain	cn4	καὶ	coordinating	coordination	suggested	coordinate/add	C2	C3	medium	suggested-relationship	function follows connector inventory; coordinating connector between finite clauses
1corintios	2	9	C3	finite-anchor	11	ἤκουσεν	ἀκούω	V-AAI-3S	certain	cn4	καὶ	coordinating	coordination	suggested	coordinate/add	C2	C3	medium	suggested-relationship	function follows connector inventory; coordinating connector between finite clauses
1corintios	2	9	C3	finite-anchor	11	ἤκουσεν	ἀκούω	V-AAI-3S	certain	cn6	καὶ	coordinating	coordination	suggested	coordinate/add	C3	C4	medium	suggested-relationship	function follows connector inventory; coordinating connector between finite clauses
1corintios	2	9	C4	finite-anchor	17	ἀνέβη	ἀναβαίνω	V-AAI-3S	certain	cn6	καὶ	coordinating	coordination	suggested	coordinate/add	C3	C4	medium	suggested-relationship	function follows connector inventory; coordinating connector between finite clauses
1corintios	2	9	C5	finite-anchor	19	ἡτοίμασεν	ἑτοιμάζω	V-AAI-3S	certain										confirmed-finite-anchor	finite clause anchor with unresolved connector relationship
1corintios	2	10	C1	finite-anchor	03	ἀπεκάλυψεν	ἀποκαλύπτω	V-AAI-3S	certain	cn1	γὰρ	coordinating	cause/ground	suggested	ground/explanation		C1	low	suggested-relationship	function follows connector inventory; connector before first finite clause or source outside verse
1corintios	2	10	C1	finite-anchor	03	ἀπεκάλυψεν	ἀποκαλύπτω	V-AAI-3S	certain	cn2	γὰρ	coordinating	cause/ground	suggested	ground/explanation	C1	C2	medium	suggested-relationship	function follows connector inventory; coordinating connector between finite clauses
1corintios	2	10	C2	finite-anchor	13	ἐραυνᾷ	ἐραυνάω	V-PAI-3S	certain	cn2	γὰρ	coordinating	cause/ground	suggested	ground/explanation	C1	C2	medium	suggested-relationship	function follows connector inventory; coordinating connector between finite clauses
1corintios	2	10	C2	finite-anchor	13	ἐραυνᾷ	ἐραυνάω	V-PAI-3S	certain	cn3	καὶ	coordinating	coordination	suggested	coordinate/add	C2		low	suggested-relationship	function follows connector inventory; connector after last finite clause or target outside verse
1corintios	2	11	C1	finite-anchor	03	οἶδεν	οἶδα	V-XAI-3S	certain	cn1	γὰρ	coordinating	cause/ground	suggested	ground/explanation		C1	low	suggested-relationship	function follows connector inventory; connector before first finite clause or source outside verse
1corintios	2	11	C1	finite-anchor	03	οἶδεν	οἶδα	V-XAI-3S	certain	cn2	εἰ	subordinating	condition	suggested	condition	C1	C2	medium	suggested-relationship	function follows connector inventory; subordinating connector before/near target finite clause
1corintios	2	11	C1	finite-anchor	03	οἶδεν	οἶδα	V-XAI-3S	certain	cn4	καὶ	coordinating	coordination	suggested	coordinate/add	C1	C2	medium	suggested-relationship	function follows connector inventory; coordinating connector between finite clauses
1corintios	2	11	C2	finite-anchor	23	ἔγνωκεν	γινώσκω	V-XAI-3S	certain	cn2	εἰ	subordinating	condition	suggested	condition	C1	C2	medium	suggested-relationship	function follows connector inventory; subordinating connector before/near target finite clause
1corintios	2	11	C2	finite-anchor	23	ἔγνωκεν	γινώσκω	V-XAI-3S	certain	cn4	καὶ	coordinating	coordination	suggested	coordinate/add	C1	C2	medium	suggested-relationship	function follows connector inventory; coordinating connector between finite clauses
1corintios	2	12	C1	finite-anchor	08	ἐλάβομεν	λαμβάνω	V-AAI-1P	certain	cn1	δὲ	coordinating	coordination	suggested	coordinate/add		C1	low	suggested-relationship	function follows connector inventory; connector before first finite clause or source outside verse
1corintios	2	12	C1	finite-anchor	08	ἐλάβομεν	λαμβάνω	V-AAI-1P	certain	cn3	ἀλλὰ	coordinating	contrast	suggested	contrast	C1	C2	medium	suggested-relationship	function follows connector inventory; coordinating connector between finite clauses
1corintios	2	12	C1	finite-anchor	08	ἐλάβομεν	λαμβάνω	V-AAI-1P	certain	cn4	ἵνα	subordinating	purpose/result	suggested	purpose/result	C1	C2	medium	suggested-relationship	context-sensitive function; keep as suggested; subordinating connector before/near target finite clause
1corintios	2	12	C2	finite-anchor	17	εἰδῶμεν	οἶδα	V-XAS-1P	certain	cn3	ἀλλὰ	coordinating	contrast	suggested	contrast	C1	C2	medium	suggested-relationship	function follows connector inventory; coordinating connector between finite clauses
1corintios	2	12	C2	finite-anchor	17	εἰδῶμεν	οἶδα	V-XAS-1P	certain	cn4	ἵνα	subordinating	purpose/result	suggested	purpose/result	C1	C2	medium	suggested-relationship	context-sensitive function; keep as suggested; subordinating connector before/near target finite clause
1corintios	2	13	C1	finite-anchor	03	λαλοῦμεν	λαλέω	V-PAI-1P	certain	cn1	καὶ	coordinating	coordination	suggested	coordinate/add		C1	low	suggested-relationship	function follows connector inventory; connector before first finite clause or source outside verse
1corintios	2	13	C1	finite-anchor	03	λαλοῦμεν	λαλέω	V-PAI-1P	certain	cn3	ἀλλʼ	coordinating	contrast	suggested	contrast	C1		low	suggested-relationship	function follows connector inventory; connector after last finite clause or target outside verse
1corintios	2	14	C1	finite-anchor	05	δέχεται	δέχομαι	V-PMI-3S	certain	cn1	δὲ	coordinating	coordination	suggested	coordinate/add		C1	low	suggested-relationship	function follows connector inventory; connector before first finite clause or source outside verse
1corintios	2	14	C1	finite-anchor	05	δέχεται	δέχομαι	V-PMI-3S	certain	cn3	γὰρ	coordinating	cause/ground	suggested	ground/explanation	C1	C2	medium	suggested-relationship	function follows connector inventory; coordinating connector between finite clauses
1corintios	2	14	C2	finite-anchor	14	ἐστίν	εἰμί	V-PAI-3S	certain	cn3	γὰρ	coordinating	cause/ground	suggested	ground/explanation	C1	C2	medium	suggested-relationship	function follows connector inventory; coordinating connector between finite clauses
1corintios	2	14	C2	finite-anchor	14	ἐστίν	εἰμί	V-PAI-3S	certain	cn4	καὶ	coordinating	coordination	suggested	coordinate/add	C2	C3	medium	suggested-relationship	function follows connector inventory; coordinating connector between finite clauses
1corintios	2	14	C3	finite-anchor	17	δύναται	δύναμαι	V-PMI-3S	certain	cn4	καὶ	coordinating	coordination	suggested	coordinate/add	C2	C3	medium	suggested-relationship	function follows connector inventory; coordinating connector between finite clauses
1corintios	2	14	C3	finite-anchor	17	δύναται	δύναμαι	V-PMI-3S	certain	cn6	ὅτι	subordinating	content/cause	suggested	content-or-cause	C3	C4	medium	suggested-relationship	context-sensitive function; keep as suggested; subordinating connector before/near target finite clause
1corintios	2	14	C4	finite-anchor	21	ἀνακρίνεται	ἀνακρίνω	V-PPI-3S	certain	cn6	ὅτι	subordinating	content/cause	suggested	content-or-cause	C3	C4	medium	suggested-relationship	context-sensitive function; keep as suggested; subordinating connector before/near target finite clause
1corintios	2	15	C1	finite-anchor	04	ἀνακρίνει	ἀνακρίνω	V-PAI-3S	certain	cn1	δὲ	coordinating	coordination	suggested	coordinate/add		C1	low	suggested-relationship	function follows connector inventory; connector before first finite clause or source outside verse
1corintios	2	15	C1	finite-anchor	04	ἀνακρίνει	ἀνακρίνω	V-PAI-3S	certain	cn2	δὲ	coordinating	coordination	suggested	coordinate/add	C1	C2	medium	suggested-relationship	function follows connector inventory; coordinating connector between finite clauses
1corintios	2	15	C2	finite-anchor	11	ἀνακρίνεται	ἀνακρίνω	V-PPI-3S	certain	cn2	δὲ	coordinating	coordination	suggested	coordinate/add	C1	C2	medium	suggested-relationship	function follows connector inventory; coordinating connector between finite clauses
1corintios	2	16	C1	finite-anchor	03	ἔγνω	γινώσκω	V-AAI-3S	certain	cn1	γὰρ	coordinating	cause/ground	suggested	ground/explanation		C1	low	suggested-relationship	function follows connector inventory; connector before first finite clause or source outside verse
1corintios	2	16	C2	finite-anchor	07	συμβιβάσει	συμβιβάζω	V-FAI-3S	certain	cn2	δὲ	coordinating	coordination	suggested	coordinate/add	C2	C3	medium	suggested-relationship	function follows connector inventory; coordinating connector between finite clauses
1corintios	2	16	C3	finite-anchor	13	ἔχομεν	ἔχω	V-PAI-1P	certain	cn2	δὲ	coordinating	coordination	suggested	coordinate/add	C2	C3	medium	suggested-relationship	function follows connector inventory; coordinating connector between finite clauses
1corintios	3	1	C1	finite-anchor	04	ἠδυνήθην	δύναμαι	V-API-1S	certain	cn3	ἀλλʼ	coordinating	contrast	suggested	contrast	C1		low	suggested-relationship	function follows connector inventory; connector after last finite clause or target outside verse
1corintios	3	2	C1	finite-anchor	03	ἐπότισα	ποτίζω	V-AAI-1S	certain	cn2	γὰρ	coordinating	cause/ground	suggested	ground/explanation	C1	C2	medium	suggested-relationship	function follows connector inventory; coordinating connector between finite clauses
1corintios	3	2	C2	finite-anchor	08	ἐδύνασθε	δύναμαι	V-IMI-2P	certain	cn2	γὰρ	coordinating	cause/ground	suggested	ground/explanation	C1	C2	medium	suggested-relationship	function follows connector inventory; coordinating connector between finite clauses
1corintios	3	2	C2	finite-anchor	08	ἐδύνασθε	δύναμαι	V-IMI-2P	certain	cn3	ἀλλʼ	coordinating	contrast	suggested	contrast	C2	C3	medium	suggested-relationship	function follows connector inventory; coordinating connector between finite clauses
1corintios	3	2	C2	finite-anchor	08	ἐδύνασθε	δύναμαι	V-IMI-2P	certain	cn4	οὐδὲ	coordinating	negative coordination	suggested	coordinate/negative	C2	C3	medium	suggested-relationship	function follows connector inventory; coordinating connector between finite clauses
1corintios	3	2	C3	finite-anchor	13	δύνασθε	δύναμαι	V-PMI-2P	certain	cn3	ἀλλʼ	coordinating	contrast	suggested	contrast	C2	C3	medium	suggested-relationship	function follows connector inventory; coordinating connector between finite clauses
1corintios	3	2	C3	finite-anchor	13	δύνασθε	δύναμαι	V-PMI-2P	certain	cn4	οὐδὲ	coordinating	negative coordination	suggested	coordinate/negative	C2	C3	medium	suggested-relationship	function follows connector inventory; coordinating connector between finite clauses
1corintios	3	3	C1	finite-anchor	04	ἐστε	εἰμί	V-PAI-2P	certain	cn1	γὰρ	coordinating	cause/ground	suggested	ground/explanation		C1	low	suggested-relationship	function follows connector inventory; connector before first finite clause or source outside verse
1corintios	3	3	C1	finite-anchor	04	ἐστε	εἰμί	V-PAI-2P	certain	cn2	γὰρ	coordinating	cause/ground	suggested	ground/explanation	C1	C2	medium	suggested-relationship	function follows connector inventory; coordinating connector between finite clauses
1corintios	3	3	C1	finite-anchor	04	ἐστε	εἰμί	V-PAI-2P	certain	cn3	καὶ	coordinating	coordination	suggested	coordinate/add	C1	C2	medium	suggested-relationship	function follows connector inventory; coordinating connector between finite clauses
1corintios	3	3	C2	finite-anchor	14	ἐστε	εἰμί	V-PAI-2P	certain	cn2	γὰρ	coordinating	cause/ground	suggested	ground/explanation	C1	C2	medium	suggested-relationship	function follows connector inventory; coordinating connector between finite clauses
1corintios	3	3	C2	finite-anchor	14	ἐστε	εἰμί	V-PAI-2P	certain	cn3	καὶ	coordinating	coordination	suggested	coordinate/add	C1	C2	medium	suggested-relationship	function follows connector inventory; coordinating connector between finite clauses
1corintios	3	3	C2	finite-anchor	14	ἐστε	εἰμί	V-PAI-2P	certain	cn4	καὶ	coordinating	coordination	suggested	coordinate/add	C2	C3	medium	suggested-relationship	function follows connector inventory; coordinating connector between finite clauses
1corintios	3	3	C3	finite-anchor	18	περιπατεῖτε	περιπατέω	V-PAI-2P	certain	cn4	καὶ	coordinating	coordination	suggested	coordinate/add	C2	C3	medium	suggested-relationship	function follows connector inventory; coordinating connector between finite clauses
1corintios	3	4	C1	finite-anchor	03	λέγῃ	λέγω	V-PAS-3S	certain	cn1	ὅταν	subordinating	temporal/condition	suggested	temporal-or-condition		C1	low	suggested-relationship	context-sensitive function; keep as suggested; target finite clause found; source not available in verse
1corintios	3	4	C1	finite-anchor	03	λέγῃ	λέγω	V-PAS-3S	certain	cn2	γὰρ	coordinating	cause/ground	suggested	ground/explanation		C1	low	suggested-relationship	function follows connector inventory; connector before first finite clause or source outside verse
1corintios	3	4	C2	finite-anchor	07	εἰμι	εἰμί	V-PAI-1S	certain	cn3	δέ	coordinating	coordination	suggested	coordinate/add	C2	C3	medium	suggested-relationship	function follows connector inventory; coordinating connector between finite clauses
1corintios	3	4	C3	finite-anchor	15	ἐστε	εἰμί	V-PAI-2P	certain	cn3	δέ	coordinating	coordination	suggested	coordinate/add	C2	C3	medium	suggested-relationship	function follows connector inventory; coordinating connector between finite clauses
1corintios	3	5	C1	finite-anchor	03	ἐστιν	εἰμί	V-PAI-3S	certain	cn1	οὖν	coordinating	inference	suggested	inference/result		C1	low	suggested-relationship	function follows connector inventory; connector before first finite clause or source outside verse
1corintios	3	5	C1	finite-anchor	03	ἐστιν	εἰμί	V-PAI-3S	certain	cn2	δέ	coordinating	coordination	suggested	coordinate/add	C1	C2	medium	suggested-relationship	function follows connector inventory; coordinating connector between finite clauses
1corintios	3	5	C2	finite-anchor	07	ἐστιν	εἰμί	V-PAI-3S	certain	cn2	δέ	coordinating	coordination	suggested	coordinate/add	C1	C2	medium	suggested-relationship	function follows connector inventory; coordinating connector between finite clauses
1corintios	3	5	C3	finite-anchor	12	ἐπιστεύσατε	πιστεύω	V-AAI-2P	certain	cn3	καὶ	coordinating	coordination	suggested	coordinate/add	C3	C4	medium	suggested-relationship	function follows connector inventory; coordinating connector between finite clauses
1corintios	3	5	C3	finite-anchor	12	ἐπιστεύσατε	πιστεύω	V-AAI-2P	certain	cn4	ὡς	subordinating	comparison/manner	suggested	comparison/manner	C3	C4	medium	suggested-relationship	context-sensitive function; keep as suggested; subordinating connector before/near target finite clause
1corintios	3	5	C4	finite-anchor	18	ἔδωκεν	δίδωμι	V-AAI-3S	certain	cn3	καὶ	coordinating	coordination	suggested	coordinate/add	C3	C4	medium	suggested-relationship	function follows connector inventory; coordinating connector between finite clauses
1corintios	3	5	C4	finite-anchor	18	ἔδωκεν	δίδωμι	V-AAI-3S	certain	cn4	ὡς	subordinating	comparison/manner	suggested	comparison/manner	C3	C4	medium	suggested-relationship	context-sensitive function; keep as suggested; subordinating connector before/near target finite clause
1corintios	3	6	C1	finite-anchor	02	ἐφύτευσα	φυτεύω	V-AAI-1S	certain										confirmed-finite-anchor	finite clause anchor with unresolved connector relationship
1corintios	3	6	C2	finite-anchor	04	ἐπότισεν	ποτίζω	V-AAI-3S	certain	cn1	ἀλλὰ	coordinating	contrast	suggested	contrast	C2	C3	medium	suggested-relationship	function follows connector inventory; coordinating connector between finite clauses
1corintios	3	6	C3	finite-anchor	08	ηὔξανεν	αὐξάνω	V-IAI-3S	certain	cn1	ἀλλὰ	coordinating	contrast	suggested	contrast	C2	C3	medium	suggested-relationship	function follows connector inventory; coordinating connector between finite clauses
1corintios	3	7	C1	finite-anchor	05	ἐστίν	εἰμί	V-PAI-3S	certain	cn1	ὥστε	subordinating	result/inference	suggested	result/inference		C1	low	suggested-relationship	context-sensitive function; keep as suggested; target finite clause found; source not available in verse
1corintios	3	7	C1	finite-anchor	05	ἐστίν	εἰμί	V-PAI-3S	certain	cn2	οὔτε	coordinating	negative coordination	suggested	coordinate/negative		C1	low	suggested-relationship	function follows connector inventory; connector before first finite clause or source outside verse
1corintios	3	7	C1	finite-anchor	05	ἐστίν	εἰμί	V-PAI-3S	certain	cn3	οὔτε	coordinating	negative coordination	suggested	coordinate/negative	C1		low	suggested-relationship	function follows connector inventory; connector after last finite clause or target outside verse
1corintios	3	7	C1	finite-anchor	05	ἐστίν	εἰμί	V-PAI-3S	certain	cn4	ἀλλʼ	coordinating	contrast	suggested	contrast	C1		low	suggested-relationship	function follows connector inventory; connector after last finite clause or target outside verse
1corintios	3	8	C1	finite-anchor	08	εἰσιν	εἰμί	V-PAI-3P	certain	cn1	δὲ	coordinating	coordination	suggested	coordinate/add		C1	low	suggested-relationship	function follows connector inventory; connector before first finite clause or source outside verse
1corintios	3	8	C1	finite-anchor	08	εἰσιν	εἰμί	V-PAI-3P	certain	cn2	καὶ	coordinating	coordination	suggested	coordinate/add		C1	low	suggested-relationship	function follows connector inventory; connector before first finite clause or source outside verse
1corintios	3	8	C1	finite-anchor	08	εἰσιν	εἰμί	V-PAI-3P	certain	cn3	δὲ	coordinating	coordination	suggested	coordinate/add	C1	C2	medium	suggested-relationship	function follows connector inventory; coordinating connector between finite clauses
1corintios	3	8	C2	finite-anchor	14	λήμψεται	λαμβάνω	V-FMI-3S	certain	cn3	δὲ	coordinating	coordination	suggested	coordinate/add	C1	C2	medium	suggested-relationship	function follows connector inventory; coordinating connector between finite clauses
1corintios	3	9	C1	finite-anchor	03	ἐσμεν	εἰμί	V-PAI-1P	certain	cn1	γάρ	coordinating	cause/ground	suggested	ground/explanation		C1	low	suggested-relationship	function follows connector inventory; connector before first finite clause or source outside verse
1corintios	3	9	C2	finite-anchor	09	ἐστε	εἰμί	V-PAI-2P	certain										confirmed-finite-anchor	finite clause anchor with unresolved connector relationship
1corintios	3	10	C1	finite-anchor	13	ἔθηκα	τίθημι	V-AAI-1S	certain	cn1	ὡς	subordinating	comparison/manner	suggested	comparison/manner		C1	low	suggested-relationship	context-sensitive function; keep as suggested; target finite clause found; source not available in verse
1corintios	3	10	C1	finite-anchor	13	ἔθηκα	τίθημι	V-AAI-1S	certain	cn2	δὲ	coordinating	coordination	suggested	coordinate/add	C1	C2	medium	suggested-relationship	function follows connector inventory; coordinating connector between finite clauses
1corintios	3	10	C2	finite-anchor	16	ἐποικοδομεῖ	ἐποικοδομέω	V-PAI-3S	certain	cn2	δὲ	coordinating	coordination	suggested	coordinate/add	C1	C2	medium	suggested-relationship	function follows connector inventory; coordinating connector between finite clauses
1corintios	3	10	C2	finite-anchor	16	ἐποικοδομεῖ	ἐποικοδομέω	V-PAI-3S	certain	cn3	δὲ	coordinating	coordination	suggested	coordinate/add	C2	C3	medium	suggested-relationship	function follows connector inventory; coordinating connector between finite clauses
1corintios	3	10	C3	finite-anchor	19	βλεπέτω	βλέπω	V-PAD-3S	certain	cn3	δὲ	coordinating	coordination	suggested	coordinate/add	C2	C3	medium	suggested-relationship	function follows connector inventory; coordinating connector between finite clauses
1corintios	3	10	C4	finite-anchor	21	ἐποικοδομεῖ	ἐποικοδομέω	V-PAI-3S	certain										confirmed-finite-anchor	finite clause anchor with unresolved connector relationship
1corintios	3	11	C1	finite-anchor	05	δύναται	δύναμαι	V-PMI-3S	certain	cn1	γὰρ	coordinating	cause/ground	suggested	ground/explanation		C1	low	suggested-relationship	function follows connector inventory; connector before first finite clause or source outside verse
1corintios	3	11	C2	finite-anchor	11	ἐστιν	εἰμί	V-PAI-3S	certain										confirmed-finite-anchor	finite clause anchor with unresolved connector relationship
1corintios	3	12	C1	finite-anchor	04	ἐποικοδομεῖ	ἐποικοδομέω	V-PAI-3S	certain	cn1	εἰ	subordinating	condition	suggested	condition		C1	low	suggested-relationship	function follows connector inventory; target finite clause found; source not available in verse
1corintios	3	12	C1	finite-anchor	04	ἐποικοδομεῖ	ἐποικοδομέω	V-PAI-3S	certain	cn2	δέ	coordinating	coordination	suggested	coordinate/add		C1	low	suggested-relationship	function follows connector inventory; connector before first finite clause or source outside verse
1corintios	3	13	C1	finite-anchor	05	γενήσεται	γίνομαι	V-FMI-3S	certain	cn1	γὰρ	coordinating	cause/ground	suggested	ground/explanation	C1	C2	medium	suggested-relationship	function follows connector inventory; coordinating connector between finite clauses
1corintios	3	13	C2	finite-anchor	09	δηλώσει	δηλόω	V-FAI-3S	certain	cn1	γὰρ	coordinating	cause/ground	suggested	ground/explanation	C1	C2	medium	suggested-relationship	function follows connector inventory; coordinating connector between finite clauses
1corintios	3	13	C2	finite-anchor	09	δηλώσει	δηλόω	V-FAI-3S	certain	cn2	ὅτι	subordinating	content/cause	suggested	content-or-cause	C2	C3	medium	suggested-relationship	context-sensitive function; keep as suggested; subordinating connector before/near target finite clause
1corintios	3	13	C3	finite-anchor	13	ἀποκαλύπτεται	ἀποκαλύπτω	V-PPI-3S	certain	cn2	ὅτι	subordinating	content/cause	suggested	content-or-cause	C2	C3	medium	suggested-relationship	context-sensitive function; keep as suggested; subordinating connector before/near target finite clause
1corintios	3	13	C3	finite-anchor	13	ἀποκαλύπτεται	ἀποκαλύπτω	V-PPI-3S	certain	cn3	καὶ	coordinating	coordination	suggested	coordinate/add	C3	C4	medium	suggested-relationship	function follows connector inventory; coordinating connector between finite clauses
1corintios	3	13	C4	finite-anchor	19	ἐστιν	εἰμί	V-PAI-3S	certain	cn3	καὶ	coordinating	coordination	suggested	coordinate/add	C3	C4	medium	suggested-relationship	function follows connector inventory; coordinating connector between finite clauses
1corintios	3	13	C5	finite-anchor	23	δοκιμάσει	δοκιμάζω	V-FAI-3S	certain										confirmed-finite-anchor	finite clause anchor with unresolved connector relationship
1corintios	3	14	C1	finite-anchor	05	μενεῖ	μένω	V-FAI-3S	certain	cn1	εἴ	subordinating	condition	suggested	condition		C1	low	suggested-relationship	function follows connector inventory; target finite clause found; source not available in verse
1corintios	3	14	C2	finite-anchor	07	ἐποικοδόμησεν	ἐποικοδομέω	V-AAI-3S	certain										confirmed-finite-anchor	finite clause anchor with unresolved connector relationship
1corintios	3	14	C3	finite-anchor	09	λήμψεται	λαμβάνω	V-FMI-3S	certain										confirmed-finite-anchor	finite clause anchor with unresolved connector relationship
1corintios	3	15	C1	finite-anchor	05	κατακαήσεται	κατακαίω	V-FPI-3S	certain	cn1	εἴ	subordinating	condition	suggested	condition		C1	low	suggested-relationship	function follows connector inventory; target finite clause found; source not available in verse
1corintios	3	15	C2	finite-anchor	06	ζημιωθήσεται	ζημιόω	V-FPI-3S	certain	cn2	δὲ	coordinating	coordination	suggested	coordinate/add	C2	C3	medium	suggested-relationship	function follows connector inventory; coordinating connector between finite clauses
1corintios	3	15	C3	finite-anchor	09	σωθήσεται	σῴζω	V-FPI-3S	certain	cn2	δὲ	coordinating	coordination	suggested	coordinate/add	C2	C3	medium	suggested-relationship	function follows connector inventory; coordinating connector between finite clauses
1corintios	3	15	C3	finite-anchor	09	σωθήσεται	σῴζω	V-FPI-3S	certain	cn3	δὲ	coordinating	coordination	suggested	coordinate/add	C3		low	suggested-relationship	function follows connector inventory; connector after last finite clause or target outside verse
1corintios	3	16	C1	finite-anchor	02	οἴδατε	οἶδα	V-XAI-2P	certain	cn2	ὅτι	subordinating	content/cause	suggested	content-or-cause	C1	C2	medium	suggested-relationship	context-sensitive function; keep as suggested; subordinating connector before/near target finite clause
1corintios	3	16	C2	finite-anchor	06	ἐστε	εἰμί	V-PAI-2P	certain	cn2	ὅτι	subordinating	content/cause	suggested	content-or-cause	C1	C2	medium	suggested-relationship	context-sensitive function; keep as suggested; subordinating connector before/near target finite clause
1corintios	3	16	C2	finite-anchor	06	ἐστε	εἰμί	V-PAI-2P	certain	cn3	καὶ	coordinating	coordination	suggested	coordinate/add	C2	C3	medium	suggested-relationship	function follows connector inventory; coordinating connector between finite clauses
1corintios	3	16	C3	finite-anchor	12	οἰκεῖ	οἰκέω	V-PAI-3S	certain	cn3	καὶ	coordinating	coordination	suggested	coordinate/add	C2	C3	medium	suggested-relationship	function follows connector inventory; coordinating connector between finite clauses
1corintios	3	17	C1	finite-anchor	07	φθείρει	φθείρω	V-PAI-3S	certain	cn1	εἴ	subordinating	condition	suggested	condition		C1	low	suggested-relationship	function follows connector inventory; target finite clause found; source not available in verse
1corintios	3	17	C2	finite-anchor	08	φθερεῖ	φθείρω	V-FAI-3S	certain	cn2	γὰρ	coordinating	cause/ground	suggested	ground/explanation	C2	C3	medium	suggested-relationship	function follows connector inventory; coordinating connector between finite clauses
1corintios	3	17	C3	finite-anchor	18	ἐστιν	εἰμί	V-PAI-3S	certain	cn2	γὰρ	coordinating	cause/ground	suggested	ground/explanation	C2	C3	medium	suggested-relationship	function follows connector inventory; coordinating connector between finite clauses
1corintios	3	17	C4	finite-anchor	20	ἐστε	εἰμί	V-PAI-2P	certain										confirmed-finite-anchor	finite clause anchor with unresolved connector relationship
1corintios	3	18	C1	finite-anchor	03	ἐξαπατάτω	ἐξαπατάω	V-PAD-3S	certain	cn1	εἴ	subordinating	condition	suggested	condition	C1	C2	medium	suggested-relationship	function follows connector inventory; subordinating connector before/near target finite clause
1corintios	3	18	C2	finite-anchor	06	δοκεῖ	δοκέω	V-PAI-3S	certain	cn1	εἴ	subordinating	condition	suggested	condition	C1	C2	medium	suggested-relationship	function follows connector inventory; subordinating connector before/near target finite clause
1corintios	3	18	C3	finite-anchor	16	γενέσθω	γίνομαι	V-AMD-3S	certain	cn2	ἵνα	subordinating	purpose/result	suggested	purpose/result	C3	C4	medium	suggested-relationship	context-sensitive function; keep as suggested; subordinating connector before/near target finite clause
1corintios	3	18	C4	finite-anchor	18	γένηται	γίνομαι	V-AMS-3S	certain	cn2	ἵνα	subordinating	purpose/result	suggested	purpose/result	C3	C4	medium	suggested-relationship	context-sensitive function; keep as suggested; subordinating connector before/near target finite clause
1corintios	3	19	C1	finite-anchor	11	ἐστιν	εἰμί	V-PAI-3S	certain	cn1	γὰρ	coordinating	cause/ground	suggested	ground/explanation		C1	low	suggested-relationship	function follows connector inventory; connector before first finite clause or source outside verse
1corintios	3	19	C2	finite-anchor	12	γέγραπται	γράφω	V-XPI-3S	certain	cn2	γάρ	coordinating	cause/ground	suggested	ground/explanation	C2		low	suggested-relationship	function follows connector inventory; connector after last finite clause or target outside verse
1corintios	3	20	C1	finite-anchor	04	γινώσκει	γινώσκω	V-PAI-3S	certain	cn1	καὶ	coordinating	coordination	suggested	coordinate/add		C1	low	suggested-relationship	function follows connector inventory; connector before first finite clause or source outside verse
1corintios	3	20	C1	finite-anchor	04	γινώσκει	γινώσκω	V-PAI-3S	certain	cn2	ὅτι	subordinating	content/cause	suggested	content-or-cause	C1	C2	medium	suggested-relationship	context-sensitive function; keep as suggested; subordinating connector before/near target finite clause
1corintios	3	20	C2	finite-anchor	10	εἰσὶν	εἰμί	V-PAI-3P	certain	cn2	ὅτι	subordinating	content/cause	suggested	content-or-cause	C1	C2	medium	suggested-relationship	context-sensitive function; keep as suggested; subordinating connector before/near target finite clause
1corintios	3	21	C1	finite-anchor	03	καυχάσθω	καυχάομαι	V-PMD-3S	certain	cn1	ὥστε	subordinating	result/inference	suggested	result/inference		C1	low	suggested-relationship	context-sensitive function; keep as suggested; target finite clause found; source not available in verse
1corintios	3	21	C1	finite-anchor	03	καυχάσθω	καυχάομαι	V-PMD-3S	certain	cn2	γὰρ	coordinating	cause/ground	suggested	ground/explanation	C1	C2	medium	suggested-relationship	function follows connector inventory; coordinating connector between finite clauses
1corintios	3	21	C2	finite-anchor	09	ἐστιν	εἰμί	V-PAI-3S	certain	cn2	γὰρ	coordinating	cause/ground	suggested	ground/explanation	C1	C2	medium	suggested-relationship	function follows connector inventory; coordinating connector between finite clauses
1corintios	4	1	C1	finite-anchor	03	λογιζέσθω	λογίζομαι	V-PMD-3S	certain	cn2	καὶ	coordinating	coordination	suggested	coordinate/add	C1		low	suggested-relationship	function follows connector inventory; connector after last finite clause or target outside verse
1corintios	4	2	C1	finite-anchor	03	ζητεῖται	ζητέω	V-PPI-3S	certain	cn1	ἵνα	subordinating	purpose/result	suggested	purpose/result	C1	C2	medium	suggested-relationship	context-sensitive function; keep as suggested; subordinating connector before/near target finite clause
1corintios	4	2	C2	finite-anchor	10	εὑρεθῇ	εὑρίσκω	V-APS-3S	certain	cn1	ἵνα	subordinating	purpose/result	suggested	purpose/result	C1	C2	medium	suggested-relationship	context-sensitive function; keep as suggested; subordinating connector before/near target finite clause
1corintios	4	3	C1	finite-anchor	05	ἐστιν	εἰμί	V-PAI-3S	certain	cn1	δὲ	coordinating	coordination	suggested	coordinate/add		C1	low	suggested-relationship	function follows connector inventory; connector before first finite clause or source outside verse
1corintios	4	3	C1	finite-anchor	05	ἐστιν	εἰμί	V-PAI-3S	certain	cn2	ἵνα	subordinating	purpose/result	suggested	purpose/result	C1	C2	medium	suggested-relationship	context-sensitive function; keep as suggested; subordinating connector before/near target finite clause
1corintios	4	3	C2	finite-anchor	09	ἀνακριθῶ	ἀνακρίνω	V-APS-1S	certain	cn2	ἵνα	subordinating	purpose/result	suggested	purpose/result	C1	C2	medium	suggested-relationship	context-sensitive function; keep as suggested; subordinating connector before/near target finite clause
1corintios	4	3	C2	finite-anchor	09	ἀνακριθῶ	ἀνακρίνω	V-APS-1S	certain	cn3	ἢ	coordinating	alternative/comparison	suggested	alternative/comparison	C2	C3	medium	suggested-relationship	context-sensitive function; keep as suggested; coordinating connector between finite clauses
1corintios	4	3	C2	finite-anchor	09	ἀνακριθῶ	ἀνακρίνω	V-APS-1S	certain	cn4	ἀλλʼ	coordinating	contrast	suggested	contrast	C2	C3	medium	suggested-relationship	function follows connector inventory; coordinating connector between finite clauses
1corintios	4	3	C2	finite-anchor	09	ἀνακριθῶ	ἀνακρίνω	V-APS-1S	certain	cn5	οὐδὲ	coordinating	negative coordination	suggested	coordinate/negative	C2	C3	medium	suggested-relationship	function follows connector inventory; coordinating connector between finite clauses
1corintios	4	3	C3	finite-anchor	17	ἀνακρίνω	ἀνακρίνω	V-PAI-1S	certain	cn3	ἢ	coordinating	alternative/comparison	suggested	alternative/comparison	C2	C3	medium	suggested-relationship	context-sensitive function; keep as suggested; coordinating connector between finite clauses
1corintios	4	3	C3	finite-anchor	17	ἀνακρίνω	ἀνακρίνω	V-PAI-1S	certain	cn4	ἀλλʼ	coordinating	contrast	suggested	contrast	C2	C3	medium	suggested-relationship	function follows connector inventory; coordinating connector between finite clauses
1corintios	4	3	C3	finite-anchor	17	ἀνακρίνω	ἀνακρίνω	V-PAI-1S	certain	cn5	οὐδὲ	coordinating	negative coordination	suggested	coordinate/negative	C2	C3	medium	suggested-relationship	function follows connector inventory; coordinating connector between finite clauses
1corintios	4	4	C1	finite-anchor	04	σύνοιδα	σύνοιδα	V-XAI-1S	certain	cn1	γὰρ	coordinating	cause/ground	suggested	ground/explanation		C1	low	suggested-relationship	function follows connector inventory; connector before first finite clause or source outside verse
1corintios	4	4	C1	finite-anchor	04	σύνοιδα	σύνοιδα	V-XAI-1S	certain	cn2	ἀλλʼ	coordinating	contrast	suggested	contrast	C1	C2	medium	suggested-relationship	function follows connector inventory; coordinating connector between finite clauses
1corintios	4	4	C2	finite-anchor	09	δεδικαίωμαι	δικαιόω	V-XPI-1S	certain	cn2	ἀλλʼ	coordinating	contrast	suggested	contrast	C1	C2	medium	suggested-relationship	function follows connector inventory; coordinating connector between finite clauses
1corintios	4	4	C2	finite-anchor	09	δεδικαίωμαι	δικαιόω	V-XPI-1S	certain	cn4	δὲ	coordinating	coordination	suggested	coordinate/add	C2	C3	medium	suggested-relationship	function follows connector inventory; coordinating connector between finite clauses
1corintios	4	4	C3	finite-anchor	15	ἐστιν	εἰμί	V-PAI-3S	certain	cn4	δὲ	coordinating	coordination	suggested	coordinate/add	C2	C3	medium	suggested-relationship	function follows connector inventory; coordinating connector between finite clauses
1corintios	4	5	C1	finite-anchor	06	κρίνετε	κρίνω	V-PAD-2P	certain	cn1	ὥστε	subordinating	result/inference	suggested	result/inference		C1	low	suggested-relationship	context-sensitive function; keep as suggested; target finite clause found; source not available in verse
1corintios	4	5	C1	finite-anchor	06	κρίνετε	κρίνω	V-PAD-2P	certain	cn3	ἕως	subordinating	temporal	suggested	temporal	C1	C2	medium	suggested-relationship	function follows connector inventory; subordinating connector before/near target finite clause
1corintios	4	5	C2	finite-anchor	09	ἔλθῃ	ἔρχομαι	V-AAS-3S	certain	cn3	ἕως	subordinating	temporal	suggested	temporal	C1	C2	medium	suggested-relationship	function follows connector inventory; subordinating connector before/near target finite clause
1corintios	4	5	C2	finite-anchor	09	ἔλθῃ	ἔρχομαι	V-AAS-3S	certain	cn4	καὶ	coordinating	coordination	suggested	coordinate/add	C2	C3	medium	suggested-relationship	function follows connector inventory; coordinating connector between finite clauses
1corintios	4	5	C3	finite-anchor	14	φωτίσει	φωτίζω	V-FAI-3S	certain	cn4	καὶ	coordinating	coordination	suggested	coordinate/add	C2	C3	medium	suggested-relationship	function follows connector inventory; coordinating connector between finite clauses
1corintios	4	5	C3	finite-anchor	14	φωτίσει	φωτίζω	V-FAI-3S	certain	cn5	καὶ	coordinating	coordination	suggested	coordinate/add	C3	C4	medium	suggested-relationship	function follows connector inventory; coordinating connector between finite clauses
1corintios	4	5	C4	finite-anchor	20	φανερώσει	φανερόω	V-FAI-3S	certain	cn5	καὶ	coordinating	coordination	suggested	coordinate/add	C3	C4	medium	suggested-relationship	function follows connector inventory; coordinating connector between finite clauses
1corintios	4	5	C4	finite-anchor	20	φανερώσει	φανερόω	V-FAI-3S	certain	cn6	καὶ	coordinating	coordination	suggested	coordinate/add	C4	C5	medium	suggested-relationship	function follows connector inventory; coordinating connector between finite clauses
1corintios	4	5	C5	finite-anchor	29	γενήσεται	γίνομαι	V-FMI-3S	certain	cn6	καὶ	coordinating	coordination	suggested	coordinate/add	C4	C5	medium	suggested-relationship	function follows connector inventory; coordinating connector between finite clauses
1corintios	4	6	C1	finite-anchor	04	μετεσχημάτισα	μετασχηματίζω	V-AAI-1S	certain	cn1	δέ	coordinating	coordination	suggested	coordinate/add		C1	low	suggested-relationship	function follows connector inventory; connector before first finite clause or source outside verse
1corintios	4	6	C1	finite-anchor	04	μετεσχημάτισα	μετασχηματίζω	V-AAI-1S	certain	cn2	καὶ	coordinating	coordination	suggested	coordinate/add	C1	C2	medium	suggested-relationship	function follows connector inventory; coordinating connector between finite clauses
1corintios	4	6	C1	finite-anchor	04	μετεσχημάτισα	μετασχηματίζω	V-AAI-1S	certain	cn3	ἵνα	subordinating	purpose/result	suggested	purpose/result	C1	C2	medium	suggested-relationship	context-sensitive function; keep as suggested; subordinating connector before/near target finite clause
1corintios	4	6	C2	finite-anchor	14	μάθητε	μανθάνω	V-AAS-2P	certain	cn2	καὶ	coordinating	coordination	suggested	coordinate/add	C1	C2	medium	suggested-relationship	function follows connector inventory; coordinating connector between finite clauses
1corintios	4	6	C2	finite-anchor	14	μάθητε	μανθάνω	V-AAS-2P	certain	cn3	ἵνα	subordinating	purpose/result	suggested	purpose/result	C1	C2	medium	suggested-relationship	context-sensitive function; keep as suggested; subordinating connector before/near target finite clause
1corintios	4	6	C3	finite-anchor	19	γέγραπται	γράφω	V-XPI-3S	certain	cn5	ἵνα	subordinating	purpose/result	suggested	purpose/result	C3	C4	medium	suggested-relationship	context-sensitive function; keep as suggested; subordinating connector before/near target finite clause
1corintios	4	6	C4	finite-anchor	26	φυσιοῦσθε	φυσιόω	V-PPI-2P	certain	cn5	ἵνα	subordinating	purpose/result	suggested	purpose/result	C3	C4	medium	suggested-relationship	context-sensitive function; keep as suggested; subordinating connector before/near target finite clause
1corintios	4	7	C1	finite-anchor	04	διακρίνει	διακρίνω	V-PAI-3S	certain	cn1	γάρ	coordinating	cause/ground	suggested	ground/explanation		C1	low	suggested-relationship	function follows connector inventory; connector before first finite clause or source outside verse
1corintios	4	7	C1	finite-anchor	04	διακρίνει	διακρίνω	V-PAI-3S	certain	cn2	δὲ	coordinating	coordination	suggested	coordinate/add	C1	C2	medium	suggested-relationship	function follows connector inventory; coordinating connector between finite clauses
1corintios	4	7	C2	finite-anchor	07	ἔχεις	ἔχω	V-PAI-2S	certain	cn2	δὲ	coordinating	coordination	suggested	coordinate/add	C1	C2	medium	suggested-relationship	function follows connector inventory; coordinating connector between finite clauses
1corintios	4	7	C3	finite-anchor	10	ἔλαβες	λαμβάνω	V-AAI-2S	certain	cn4	εἰ	subordinating	condition	suggested	condition	C3	C4	medium	suggested-relationship	function follows connector inventory; subordinating connector before/near target finite clause
1corintios	4	7	C3	finite-anchor	10	ἔλαβες	λαμβάνω	V-AAI-2S	certain	cn5	δὲ	coordinating	coordination	suggested	coordinate/add	C3	C4	medium	suggested-relationship	function follows connector inventory; coordinating connector between finite clauses
1corintios	4	7	C3	finite-anchor	10	ἔλαβες	λαμβάνω	V-AAI-2S	certain	cn6	καὶ	coordinating	coordination	suggested	coordinate/add	C3	C4	medium	suggested-relationship	function follows connector inventory; coordinating connector between finite clauses
1corintios	4	7	C4	finite-anchor	14	ἔλαβες	λαμβάνω	V-AAI-2S	certain	cn4	εἰ	subordinating	condition	suggested	condition	C3	C4	medium	suggested-relationship	function follows connector inventory; subordinating connector before/near target finite clause
1corintios	4	7	C4	finite-anchor	14	ἔλαβες	λαμβάνω	V-AAI-2S	certain	cn5	δὲ	coordinating	coordination	suggested	coordinate/add	C3	C4	medium	suggested-relationship	function follows connector inventory; coordinating connector between finite clauses
1corintios	4	7	C4	finite-anchor	14	ἔλαβες	λαμβάνω	V-AAI-2S	certain	cn6	καὶ	coordinating	coordination	suggested	coordinate/add	C3	C4	medium	suggested-relationship	function follows connector inventory; coordinating connector between finite clauses
1corintios	4	7	C5	finite-anchor	16	καυχᾶσαι	καυχάομαι	V-PMI-2S	certain										confirmed-finite-anchor	finite clause anchor with unresolved connector relationship
1corintios	4	8	C1	finite-anchor	03	ἐστέ	εἰμί	V-PAI-2P	certain										confirmed-finite-anchor	finite clause anchor with unresolved connector relationship
1corintios	4	8	C2	finite-anchor	05	ἐπλουτήσατε	πλουτέω	V-AAI-2P	certain										confirmed-finite-anchor	finite clause anchor with unresolved connector relationship
1corintios	4	8	C3	finite-anchor	08	ἐβασιλεύσατε	βασιλεύω	V-AAI-2P	certain	cn1	καὶ	coordinating	coordination	suggested	coordinate/add	C3	C4	medium	suggested-relationship	function follows connector inventory; coordinating connector between finite clauses
1corintios	4	8	C4	finite-anchor	12	ἐβασιλεύσατε	βασιλεύω	V-AAI-2P	certain	cn1	καὶ	coordinating	coordination	suggested	coordinate/add	C3	C4	medium	suggested-relationship	function follows connector inventory; coordinating connector between finite clauses
1corintios	4	8	C4	finite-anchor	12	ἐβασιλεύσατε	βασιλεύω	V-AAI-2P	certain	cn2	ἵνα	subordinating	purpose/result	suggested	purpose/result	C4	C5	medium	suggested-relationship	context-sensitive function; keep as suggested; subordinating connector before/near target finite clause
1corintios	4	8	C4	finite-anchor	12	ἐβασιλεύσατε	βασιλεύω	V-AAI-2P	certain	cn3	καὶ	coordinating	coordination	suggested	coordinate/add	C4	C5	medium	suggested-relationship	function follows connector inventory; coordinating connector between finite clauses
1corintios	4	8	C5	finite-anchor	17	συμβασιλεύσωμεν	συμβασιλεύω	V-AAS-1P	certain	cn2	ἵνα	subordinating	purpose/result	suggested	purpose/result	C4	C5	medium	suggested-relationship	context-sensitive function; keep as suggested; subordinating connector before/near target finite clause
1corintios	4	8	C5	finite-anchor	17	συμβασιλεύσωμεν	συμβασιλεύω	V-AAS-1P	certain	cn3	καὶ	coordinating	coordination	suggested	coordinate/add	C4	C5	medium	suggested-relationship	function follows connector inventory; coordinating connector between finite clauses
1corintios	4	9	C1	finite-anchor	01	δοκῶ	δοκέω	V-PAI-1S	certain	cn1	γάρ	coordinating	cause/ground	suggested	ground/explanation	C1	C2	medium	suggested-relationship	function follows connector inventory; coordinating connector between finite clauses
1corintios	4	9	C2	finite-anchor	09	ἀπέδειξεν	ἀποδείκνυμι	V-AAI-3S	certain	cn1	γάρ	coordinating	cause/ground	suggested	ground/explanation	C1	C2	medium	suggested-relationship	function follows connector inventory; coordinating connector between finite clauses
1corintios	4	9	C2	finite-anchor	09	ἀπέδειξεν	ἀποδείκνυμι	V-AAI-3S	certain	cn2	ὡς	subordinating	comparison/manner	suggested	comparison/manner	C2	C3	medium	suggested-relationship	context-sensitive function; keep as suggested; subordinating connector before/near target finite clause
1corintios	4	9	C2	finite-anchor	09	ἀπέδειξεν	ἀποδείκνυμι	V-AAI-3S	certain	cn3	ὅτι	subordinating	content/cause	suggested	content-or-cause	C2	C3	medium	suggested-relationship	context-sensitive function; keep as suggested; subordinating connector before/near target finite clause
1corintios	4	9	C3	finite-anchor	14	ἐγενήθημεν	γίνομαι	V-API-1P	certain	cn2	ὡς	subordinating	comparison/manner	suggested	comparison/manner	C2	C3	medium	suggested-relationship	context-sensitive function; keep as suggested; subordinating connector before/near target finite clause
1corintios	4	9	C3	finite-anchor	14	ἐγενήθημεν	γίνομαι	V-API-1P	certain	cn3	ὅτι	subordinating	content/cause	suggested	content-or-cause	C2	C3	medium	suggested-relationship	context-sensitive function; keep as suggested; subordinating connector before/near target finite clause
1corintios	4	9	C3	finite-anchor	14	ἐγενήθημεν	γίνομαι	V-API-1P	certain	cn4	καὶ	coordinating	coordination	suggested	coordinate/add	C3		low	suggested-relationship	function follows connector inventory; connector after last finite clause or target outside verse
1corintios	4	9	C3	finite-anchor	14	ἐγενήθημεν	γίνομαι	V-API-1P	certain	cn5	καὶ	coordinating	coordination	suggested	coordinate/add	C3		low	suggested-relationship	function follows connector inventory; connector after last finite clause or target outside verse
1corintios	4	11	C1	finite-anchor	06	πεινῶμεν	πεινάω	V-PAI-1P	certain	cn1	καὶ	coordinating	coordination	suggested	coordinate/add		C1	low	suggested-relationship	function follows connector inventory; connector before first finite clause or source outside verse
1corintios	4	11	C1	finite-anchor	06	πεινῶμεν	πεινάω	V-PAI-1P	certain	cn2	καὶ	coordinating	coordination	suggested	coordinate/add	C1	C2	medium	suggested-relationship	function follows connector inventory; coordinating connector between finite clauses
1corintios	4	11	C2	finite-anchor	08	διψῶμεν	διψάω	V-PAI-1P	certain	cn2	καὶ	coordinating	coordination	suggested	coordinate/add	C1	C2	medium	suggested-relationship	function follows connector inventory; coordinating connector between finite clauses
1corintios	4	11	C2	finite-anchor	08	διψῶμεν	διψάω	V-PAI-1P	certain	cn3	καὶ	coordinating	coordination	suggested	coordinate/add	C2	C3	medium	suggested-relationship	function follows connector inventory; coordinating connector between finite clauses
1corintios	4	11	C3	finite-anchor	10	γυμνιτεύομεν	γυμνιτεύω	V-PAI-1P	certain	cn3	καὶ	coordinating	coordination	suggested	coordinate/add	C2	C3	medium	suggested-relationship	function follows connector inventory; coordinating connector between finite clauses
1corintios	4	11	C3	finite-anchor	10	γυμνιτεύομεν	γυμνιτεύω	V-PAI-1P	certain	cn4	καὶ	coordinating	coordination	suggested	coordinate/add	C3	C4	medium	suggested-relationship	function follows connector inventory; coordinating connector between finite clauses
1corintios	4	11	C4	finite-anchor	12	κολαφιζόμεθα	κολαφίζω	V-PPI-1P	certain	cn4	καὶ	coordinating	coordination	suggested	coordinate/add	C3	C4	medium	suggested-relationship	function follows connector inventory; coordinating connector between finite clauses
1corintios	4	11	C4	finite-anchor	12	κολαφιζόμεθα	κολαφίζω	V-PPI-1P	certain	cn5	καὶ	coordinating	coordination	suggested	coordinate/add	C4	C5	medium	suggested-relationship	function follows connector inventory; coordinating connector between finite clauses
1corintios	4	11	C5	finite-anchor	14	ἀστατοῦμεν	ἀστατέω	V-PAI-1P	certain	cn5	καὶ	coordinating	coordination	suggested	coordinate/add	C4	C5	medium	suggested-relationship	function follows connector inventory; coordinating connector between finite clauses
1corintios	4	12	C1	finite-anchor	02	κοπιῶμεν	κοπιάω	V-PAI-1P	certain	cn1	καὶ	coordinating	coordination	suggested	coordinate/add		C1	low	suggested-relationship	function follows connector inventory; connector before first finite clause or source outside verse
1corintios	4	12	C2	finite-anchor	08	εὐλογοῦμεν	εὐλογέω	V-PAI-1P	certain										confirmed-finite-anchor	finite clause anchor with unresolved connector relationship
1corintios	4	12	C3	finite-anchor	10	ἀνεχόμεθα	ἀνέχομαι	V-PMI-1P	certain										confirmed-finite-anchor	finite clause anchor with unresolved connector relationship
1corintios	4	13	C1	finite-anchor	02	παρακαλοῦμεν	παρακαλέω	V-PAI-1P	certain	cn1	ὡς	subordinating	comparison/manner	suggested	comparison/manner	C1	C2	medium	suggested-relationship	context-sensitive function; keep as suggested; subordinating connector before/near target finite clause
1corintios	4	13	C2	finite-anchor	07	ἐγενήθημεν	γίνομαι	V-API-1P	certain	cn1	ὡς	subordinating	comparison/manner	suggested	comparison/manner	C1	C2	medium	suggested-relationship	context-sensitive function; keep as suggested; subordinating connector before/near target finite clause
1corintios	4	14	C1	finite-anchor	04	γράφω	γράφω	V-PAI-1S	certain	cn2	ἀλλʼ	coordinating	contrast	suggested	contrast	C1		low	suggested-relationship	function follows connector inventory; connector after last finite clause or target outside verse
1corintios	4	15	C1	finite-anchor	05	ἔχητε	ἔχω	V-PAS-2P	certain	cn1	ἐὰν	subordinating	condition	suggested	condition		C1	low	suggested-relationship	function follows connector inventory; target finite clause found; source not available in verse
1corintios	4	15	C1	finite-anchor	05	ἔχητε	ἔχω	V-PAS-2P	certain	cn2	γὰρ	coordinating	cause/ground	suggested	ground/explanation		C1	low	suggested-relationship	function follows connector inventory; connector before first finite clause or source outside verse
1corintios	4	15	C1	finite-anchor	05	ἔχητε	ἔχω	V-PAS-2P	certain	cn3	ἀλλʼ	coordinating	contrast	suggested	contrast	C1	C2	medium	suggested-relationship	function follows connector inventory; coordinating connector between finite clauses
1corintios	4	15	C1	finite-anchor	05	ἔχητε	ἔχω	V-PAS-2P	certain	cn5	γὰρ	coordinating	cause/ground	suggested	ground/explanation	C1	C2	medium	suggested-relationship	function follows connector inventory; coordinating connector between finite clauses
1corintios	4	15	C2	finite-anchor	21	ἐγέννησα	γεννάω	V-AAI-1S	certain	cn3	ἀλλʼ	coordinating	contrast	suggested	contrast	C1	C2	medium	suggested-relationship	function follows connector inventory; coordinating connector between finite clauses
1corintios	4	15	C2	finite-anchor	21	ἐγέννησα	γεννάω	V-AAI-1S	certain	cn5	γὰρ	coordinating	cause/ground	suggested	ground/explanation	C1	C2	medium	suggested-relationship	function follows connector inventory; coordinating connector between finite clauses
1corintios	4	16	C1	finite-anchor	01	παρακαλῶ	παρακαλέω	V-PAI-1S	certain	cn1	οὖν	coordinating	inference	suggested	inference/result	C1	C2	medium	suggested-relationship	function follows connector inventory; coordinating connector between finite clauses
1corintios	4	16	C2	finite-anchor	06	γίνεσθε	γίνομαι	V-PMD-2P	certain	cn1	οὖν	coordinating	inference	suggested	inference/result	C1	C2	medium	suggested-relationship	function follows connector inventory; coordinating connector between finite clauses
1corintios	4	17	C1	finite-anchor	03	ἔπεμψα	πέμπω	V-AAI-1S	certain										confirmed-finite-anchor	finite clause anchor with unresolved connector relationship
1corintios	4	17	C2	finite-anchor	07	ἐστίν	εἰμί	V-PAI-3S	certain	cn1	καὶ	coordinating	coordination	suggested	coordinate/add	C2	C3	medium	suggested-relationship	function follows connector inventory; coordinating connector between finite clauses
1corintios	4	17	C3	finite-anchor	17	ἀναμνήσει	ἀναμιμνῄσκω	V-FAI-3S	certain	cn1	καὶ	coordinating	coordination	suggested	coordinate/add	C2	C3	medium	suggested-relationship	function follows connector inventory; coordinating connector between finite clauses
1corintios	4	17	C3	finite-anchor	17	ἀναμνήσει	ἀναμιμνῄσκω	V-FAI-3S	certain	cn2	καθὼς	subordinating	comparison/manner	suggested	comparison/manner	C3	C4	medium	suggested-relationship	context-sensitive function; keep as suggested; subordinating connector before/near target finite clause
1corintios	4	17	C4	finite-anchor	30	διδάσκω	διδάσκω	V-PAI-1S	certain	cn2	καθὼς	subordinating	comparison/manner	suggested	comparison/manner	C3	C4	medium	suggested-relationship	context-sensitive function; keep as suggested; subordinating connector before/near target finite clause
1corintios	4	18	C1	finite-anchor	08	ἐφυσιώθησάν	φυσιόω	V-API-3P	certain	cn1	ὡς	subordinating	comparison/manner	suggested	comparison/manner		C1	low	suggested-relationship	context-sensitive function; keep as suggested; target finite clause found; source not available in verse
1corintios	4	18	C1	finite-anchor	08	ἐφυσιώθησάν	φυσιόω	V-API-3P	certain	cn3	δέ	coordinating	coordination	suggested	coordinate/add		C1	low	suggested-relationship	function follows connector inventory; connector before first finite clause or source outside verse
1corintios	4	19	C1	finite-anchor	01	ἐλεύσομαι	ἔρχομαι	V-FMI-1S	certain	cn1	δὲ	coordinating	coordination	suggested	coordinate/add	C1	C2	medium	suggested-relationship	function follows connector inventory; coordinating connector between finite clauses
1corintios	4	19	C1	finite-anchor	01	ἐλεύσομαι	ἔρχομαι	V-FMI-1S	certain	cn2	ἐὰν	subordinating	condition	suggested	condition	C1	C2	medium	suggested-relationship	function follows connector inventory; subordinating connector before/near target finite clause
1corintios	4	19	C2	finite-anchor	09	θελήσῃ	θέλω	V-AAS-3S	certain	cn1	δὲ	coordinating	coordination	suggested	coordinate/add	C1	C2	medium	suggested-relationship	function follows connector inventory; coordinating connector between finite clauses
1corintios	4	19	C2	finite-anchor	09	θελήσῃ	θέλω	V-AAS-3S	certain	cn2	ἐὰν	subordinating	condition	suggested	condition	C1	C2	medium	suggested-relationship	function follows connector inventory; subordinating connector before/near target finite clause
1corintios	4	19	C2	finite-anchor	09	θελήσῃ	θέλω	V-AAS-3S	certain	cn3	καὶ	coordinating	coordination	suggested	coordinate/add	C2	C3	medium	suggested-relationship	function follows connector inventory; coordinating connector between finite clauses
1corintios	4	19	C3	finite-anchor	11	γνώσομαι	γινώσκω	V-FMI-1S	certain	cn3	καὶ	coordinating	coordination	suggested	coordinate/add	C2	C3	medium	suggested-relationship	function follows connector inventory; coordinating connector between finite clauses
1corintios	4	19	C3	finite-anchor	11	γνώσομαι	γινώσκω	V-FMI-1S	certain	cn5	ἀλλὰ	coordinating	contrast	suggested	contrast	C3		low	suggested-relationship	function follows connector inventory; connector after last finite clause or target outside verse
1corintios	4	21	C1	finite-anchor	02	θέλετε	θέλω	V-PAI-2P	certain										confirmed-finite-anchor	finite clause anchor with unresolved connector relationship
1corintios	4	21	C2	finite-anchor	05	ἔλθω	ἔρχομαι	V-AAS-1S	certain	cn1	ἢ	coordinating	alternative/comparison	suggested	alternative/comparison	C2		low	suggested-relationship	context-sensitive function; keep as suggested; connector after last finite clause or target outside verse
1corintios	4	21	C2	finite-anchor	05	ἔλθω	ἔρχομαι	V-AAS-1S	certain	cn2	τε	coordinating	coordination	suggested	coordinate/add	C2		low	suggested-relationship	function follows connector inventory; connector after last finite clause or target outside verse
1corintios	5	1	C1	finite-anchor	02	ἀκούεται	ἀκούω	V-PPI-3S	certain	cn1	καὶ	coordinating	coordination	suggested	coordinate/add	C1		low	suggested-relationship	function follows connector inventory; connector after last finite clause or target outside verse
1corintios	5	1	C1	finite-anchor	02	ἀκούεται	ἀκούω	V-PPI-3S	certain	cn2	οὐδὲ	coordinating	negative coordination	suggested	coordinate/negative	C1		low	suggested-relationship	function follows connector inventory; connector after last finite clause or target outside verse
1corintios	5	2	C1	finite-anchor	04	ἐστέ	εἰμί	V-PAI-2P	certain	cn1	καὶ	coordinating	coordination	suggested	coordinate/add		C1	low	suggested-relationship	function follows connector inventory; connector before first finite clause or source outside verse
1corintios	5	2	C1	finite-anchor	04	ἐστέ	εἰμί	V-PAI-2P	certain	cn2	καὶ	coordinating	coordination	suggested	coordinate/add	C1	C2	medium	suggested-relationship	function follows connector inventory; coordinating connector between finite clauses
1corintios	5	2	C2	finite-anchor	08	ἐπενθήσατε	πενθέω	V-AAI-2P	certain	cn2	καὶ	coordinating	coordination	suggested	coordinate/add	C1	C2	medium	suggested-relationship	function follows connector inventory; coordinating connector between finite clauses
1corintios	5	2	C2	finite-anchor	08	ἐπενθήσατε	πενθέω	V-AAI-2P	certain	cn3	ἵνα	subordinating	purpose/result	suggested	purpose/result	C2	C3	medium	suggested-relationship	context-sensitive function; keep as suggested; subordinating connector before/near target finite clause
1corintios	5	2	C3	finite-anchor	10	ἀρθῇ	αἴρω	V-APS-3S	certain	cn3	ἵνα	subordinating	purpose/result	suggested	purpose/result	C2	C3	medium	suggested-relationship	context-sensitive function; keep as suggested; subordinating connector before/near target finite clause
1corintios	5	3	C1	finite-anchor	12	κέκρικα	κρίνω	V-XAI-1S	certain	cn1	γάρ	coordinating	cause/ground	suggested	ground/explanation		C1	low	suggested-relationship	function follows connector inventory; connector before first finite clause or source outside verse
1corintios	5	3	C1	finite-anchor	12	κέκρικα	κρίνω	V-XAI-1S	certain	cn2	δὲ	coordinating	coordination	suggested	coordinate/add		C1	low	suggested-relationship	function follows connector inventory; connector before first finite clause or source outside verse
1corintios	5	5	C1	finite-anchor	13	σωθῇ	σῴζω	V-APS-3S	certain	cn1	ἵνα	subordinating	purpose/result	suggested	purpose/result		C1	low	suggested-relationship	context-sensitive function; keep as suggested; target finite clause found; source not available in verse
1corintios	5	6	C1	finite-anchor	07	οἴδατε	οἶδα	V-XAI-2P	certain	cn3	ὅτι	subordinating	content/cause	suggested	content-or-cause	C1	C2	medium	suggested-relationship	context-sensitive function; keep as suggested; subordinating connector before/near target finite clause
1corintios	5	6	C2	finite-anchor	14	ζυμοῖ	ζυμόω	V-PAI-3S	certain	cn3	ὅτι	subordinating	content/cause	suggested	content-or-cause	C1	C2	medium	suggested-relationship	context-sensitive function; keep as suggested; subordinating connector before/near target finite clause
1corintios	5	7	C1	finite-anchor	01	ἐκκαθάρατε	ἐκκαθαίρω	V-AAD-2P	certain	cn1	ἵνα	subordinating	purpose/result	suggested	purpose/result	C1	C2	medium	suggested-relationship	context-sensitive function; keep as suggested; subordinating connector before/near target finite clause
1corintios	5	7	C2	finite-anchor	06	ἦτε	εἰμί	V-PAS-2P	certain	cn1	ἵνα	subordinating	purpose/result	suggested	purpose/result	C1	C2	medium	suggested-relationship	context-sensitive function; keep as suggested; subordinating connector before/near target finite clause
1corintios	5	7	C2	finite-anchor	06	ἦτε	εἰμί	V-PAS-2P	certain	cn2	καθώς	subordinating	comparison/manner	suggested	comparison/manner	C2	C3	medium	suggested-relationship	context-sensitive function; keep as suggested; subordinating connector before/near target finite clause
1corintios	5	7	C3	finite-anchor	10	ἐστε	εἰμί	V-PAI-2P	certain	cn2	καθώς	subordinating	comparison/manner	suggested	comparison/manner	C2	C3	medium	suggested-relationship	context-sensitive function; keep as suggested; subordinating connector before/near target finite clause
1corintios	5	7	C3	finite-anchor	10	ἐστε	εἰμί	V-PAI-2P	certain	cn3	καὶ	coordinating	coordination	suggested	coordinate/add	C3	C4	medium	suggested-relationship	function follows connector inventory; coordinating connector between finite clauses
1corintios	5	7	C3	finite-anchor	10	ἐστε	εἰμί	V-PAI-2P	certain	cn4	γὰρ	coordinating	cause/ground	suggested	ground/explanation	C3	C4	medium	suggested-relationship	function follows connector inventory; coordinating connector between finite clauses
1corintios	5	7	C4	finite-anchor	17	ἐτύθη	θύω	V-API-3S	certain	cn3	καὶ	coordinating	coordination	suggested	coordinate/add	C3	C4	medium	suggested-relationship	function follows connector inventory; coordinating connector between finite clauses
1corintios	5	7	C4	finite-anchor	17	ἐτύθη	θύω	V-API-3S	certain	cn4	γὰρ	coordinating	cause/ground	suggested	ground/explanation	C3	C4	medium	suggested-relationship	function follows connector inventory; coordinating connector between finite clauses
1corintios	5	8	C1	finite-anchor	02	ἑορτάζωμεν	ἑορτάζω	V-PAS-1P	certain	cn1	ὥστε	subordinating	result/inference	suggested	result/inference		C1	low	suggested-relationship	context-sensitive function; keep as suggested; target finite clause found; source not available in verse
1corintios	5	8	C1	finite-anchor	02	ἑορτάζωμεν	ἑορτάζω	V-PAS-1P	certain	cn3	μηδὲ	coordinating	negative coordination	suggested	coordinate/negative	C1		low	suggested-relationship	function follows connector inventory; connector after last finite clause or target outside verse
1corintios	5	8	C1	finite-anchor	02	ἑορτάζωμεν	ἑορτάζω	V-PAS-1P	certain	cn4	καὶ	coordinating	coordination	suggested	coordinate/add	C1		low	suggested-relationship	function follows connector inventory; connector after last finite clause or target outside verse
1corintios	5	8	C1	finite-anchor	02	ἑορτάζωμεν	ἑορτάζω	V-PAS-1P	certain	cn5	ἀλλʼ	coordinating	contrast	suggested	contrast	C1		low	suggested-relationship	function follows connector inventory; connector after last finite clause or target outside verse
1corintios	5	8	C1	finite-anchor	02	ἑορτάζωμεν	ἑορτάζω	V-PAS-1P	certain	cn6	καὶ	coordinating	coordination	suggested	coordinate/add	C1		low	suggested-relationship	function follows connector inventory; connector after last finite clause or target outside verse
1corintios	5	9	C1	finite-anchor	01	ἔγραψα	γράφω	V-AAI-1S	certain										confirmed-finite-anchor	finite clause anchor with unresolved connector relationship
1corintios	5	10	C1	finite-anchor	16	ὠφείλετε	ὀφείλω	V-IAI-2P	certain	cn2	ἢ	coordinating	alternative/comparison	suggested	alternative/comparison		C1	low	suggested-relationship	context-sensitive function; keep as suggested; connector before first finite clause or source outside verse
1corintios	5	10	C1	finite-anchor	16	ὠφείλετε	ὀφείλω	V-IAI-2P	certain	cn3	καὶ	coordinating	coordination	suggested	coordinate/add		C1	low	suggested-relationship	function follows connector inventory; connector before first finite clause or source outside verse
1corintios	5	10	C1	finite-anchor	16	ὠφείλετε	ὀφείλω	V-IAI-2P	certain	cn4	ἢ	coordinating	alternative/comparison	suggested	alternative/comparison		C1	low	suggested-relationship	context-sensitive function; keep as suggested; connector before first finite clause or source outside verse
1corintios	5	10	C1	finite-anchor	16	ὠφείλετε	ὀφείλω	V-IAI-2P	certain	cn5	ἐπεὶ	subordinating	cause/temporal	suggested	cause-or-temporal		C1	low	suggested-relationship	context-sensitive function; keep as suggested; target finite clause found; source not available in verse
1corintios	5	10	C1	finite-anchor	16	ὠφείλετε	ὀφείλω	V-IAI-2P	certain	cn6	ἄρα	coordinating	inference	suggested	inference/result	C1		low	suggested-relationship	function follows connector inventory; connector after last finite clause or target outside verse
1corintios	5	11	C1	finite-anchor	03	ἔγραψα	γράφω	V-AAI-1S	certain	cn1	δὲ	coordinating	coordination	suggested	coordinate/add		C1	low	suggested-relationship	function follows connector inventory; connector before first finite clause or source outside verse
1corintios	5	11	C1	finite-anchor	03	ἔγραψα	γράφω	V-AAI-1S	certain	cn3	ἐάν	subordinating	condition	suggested	condition	C1	C2	medium	suggested-relationship	function follows connector inventory; subordinating connector before/near target finite clause
1corintios	5	11	C2	finite-anchor	11	ᾖ	εἰμί	V-PAS-3S	certain	cn3	ἐάν	subordinating	condition	suggested	condition	C1	C2	medium	suggested-relationship	function follows connector inventory; subordinating connector before/near target finite clause
1corintios	5	11	C2	finite-anchor	11	ᾖ	εἰμί	V-PAS-3S	certain	cn4	ἢ	coordinating	alternative/comparison	suggested	alternative/comparison	C2		low	suggested-relationship	context-sensitive function; keep as suggested; connector after last finite clause or target outside verse
1corintios	5	11	C2	finite-anchor	11	ᾖ	εἰμί	V-PAS-3S	certain	cn5	ἢ	coordinating	alternative/comparison	suggested	alternative/comparison	C2		low	suggested-relationship	context-sensitive function; keep as suggested; connector after last finite clause or target outside verse
1corintios	5	11	C2	finite-anchor	11	ᾖ	εἰμί	V-PAS-3S	certain	cn6	ἢ	coordinating	alternative/comparison	suggested	alternative/comparison	C2		low	suggested-relationship	context-sensitive function; keep as suggested; connector after last finite clause or target outside verse
1corintios	5	11	C2	finite-anchor	11	ᾖ	εἰμί	V-PAS-3S	certain	cn7	ἢ	coordinating	alternative/comparison	suggested	alternative/comparison	C2		low	suggested-relationship	context-sensitive function; keep as suggested; connector after last finite clause or target outside verse
1corintios	5	11	C2	finite-anchor	11	ᾖ	εἰμί	V-PAS-3S	certain	cn8	ἢ	coordinating	alternative/comparison	suggested	alternative/comparison	C2		low	suggested-relationship	context-sensitive function; keep as suggested; connector after last finite clause or target outside verse
1corintios	5	11	C2	finite-anchor	11	ᾖ	εἰμί	V-PAS-3S	certain	cn9	μηδὲ	coordinating	negative coordination	suggested	coordinate/negative	C2		low	suggested-relationship	function follows connector inventory; connector after last finite clause or target outside verse
1corintios	5	12	C1	finite-anchor	11	κρίνετε	κρίνω	V-PAI-2P	certain	cn1	γάρ	coordinating	cause/ground	suggested	ground/explanation		C1	low	suggested-relationship	function follows connector inventory; connector before first finite clause or source outside verse
1corintios	5	13	C1	finite-anchor	06	κρίνει;	κρίνω	V-PAI-3S	certain	cn1	δὲ	coordinating	coordination	suggested	coordinate/add		C1	low	suggested-relationship	function follows connector inventory; connector before first finite clause or source outside verse
1corintios	5	13	C2	finite-anchor	07	ἐξάρατε	ἐξαίρω	V-AAD-2P	certain										confirmed-finite-anchor	finite clause anchor with unresolved connector relationship
1corintios	6	1	C1	finite-anchor	01	τολμᾷ	τολμάω	V-PAI-3S	certain	cn1	καὶ	coordinating	coordination	suggested	coordinate/add	C1		low	suggested-relationship	function follows connector inventory; connector after last finite clause or target outside verse
1corintios	6	2	C1	finite-anchor	03	οἴδατε	οἶδα	V-XAI-2P	certain	cn1	ἢ	coordinating	alternative/comparison	suggested	alternative/comparison		C1	low	suggested-relationship	context-sensitive function; keep as suggested; connector before first finite clause or source outside verse
1corintios	6	2	C1	finite-anchor	03	οἴδατε	οἶδα	V-XAI-2P	certain	cn3	ὅτι	subordinating	content/cause	suggested	content-or-cause	C1	C2	medium	suggested-relationship	context-sensitive function; keep as suggested; subordinating connector before/near target finite clause
1corintios	6	2	C2	finite-anchor	09	κρινοῦσιν	κρίνω	V-FAI-3P	certain	cn3	ὅτι	subordinating	content/cause	suggested	content-or-cause	C1	C2	medium	suggested-relationship	context-sensitive function; keep as suggested; subordinating connector before/near target finite clause
1corintios	6	2	C2	finite-anchor	09	κρινοῦσιν	κρίνω	V-FAI-3P	certain	cn4	καὶ	coordinating	coordination	suggested	coordinate/add	C2	C3	medium	suggested-relationship	function follows connector inventory; coordinating connector between finite clauses
1corintios	6	2	C2	finite-anchor	09	κρινοῦσιν	κρίνω	V-FAI-3P	certain	cn5	εἰ	subordinating	condition	suggested	condition	C2	C3	medium	suggested-relationship	function follows connector inventory; subordinating connector before/near target finite clause
1corintios	6	2	C3	finite-anchor	14	κρίνεται	κρίνω	V-PPI-3S	certain	cn4	καὶ	coordinating	coordination	suggested	coordinate/add	C2	C3	medium	suggested-relationship	function follows connector inventory; coordinating connector between finite clauses
1corintios	6	2	C3	finite-anchor	14	κρίνεται	κρίνω	V-PPI-3S	certain	cn5	εἰ	subordinating	condition	suggested	condition	C2	C3	medium	suggested-relationship	function follows connector inventory; subordinating connector before/near target finite clause
1corintios	6	2	C4	finite-anchor	18	ἐστε	εἰμί	V-PAI-2P	certain										confirmed-finite-anchor	finite clause anchor with unresolved connector relationship
1corintios	6	3	C1	finite-anchor	02	οἴδατε	οἶδα	V-XAI-2P	certain	cn2	ὅτι	subordinating	content/cause	suggested	content-or-cause	C1	C2	medium	suggested-relationship	context-sensitive function; keep as suggested; subordinating connector before/near target finite clause
1corintios	6	3	C2	finite-anchor	05	κρινοῦμεν	κρίνω	V-FAI-1P	certain	cn2	ὅτι	subordinating	content/cause	suggested	content-or-cause	C1	C2	medium	suggested-relationship	context-sensitive function; keep as suggested; subordinating connector before/near target finite clause
1corintios	6	4	C1	finite-anchor	06	ἔχητε	ἔχω	V-PAS-2P	certain	cn1	οὖν	coordinating	inference	suggested	inference/result		C1	low	suggested-relationship	function follows connector inventory; connector before first finite clause or source outside verse
1corintios	6	4	C1	finite-anchor	06	ἔχητε	ἔχω	V-PAS-2P	certain	cn2	ἐὰν	subordinating	condition	suggested	condition		C1	low	suggested-relationship	function follows connector inventory; target finite clause found; source not available in verse
1corintios	6	4	C2	finite-anchor	13	καθίζετε	καθίζω	V-PAI-2P	certain										confirmed-finite-anchor	finite clause anchor with unresolved connector relationship
1corintios	6	5	C1	finite-anchor	04	λέγω	λέγω	V-PAI-1S	certain										confirmed-finite-anchor	finite clause anchor with unresolved connector relationship
1corintios	6	5	C2	finite-anchor	07	ἔνι	ἔνι	V-PAI-3S	certain										confirmed-finite-anchor	finite clause anchor with unresolved connector relationship
1corintios	6	5	C3	finite-anchor	13	δυνήσεται	δύναμαι	V-FMI-3S	certain										confirmed-finite-anchor	finite clause anchor with unresolved connector relationship
1corintios	6	6	C1	finite-anchor	05	κρίνεται	κρίνω	V-PPI-3S	certain	cn1	ἀλλὰ	coordinating	contrast	suggested	contrast		C1	low	suggested-relationship	function follows connector inventory; connector before first finite clause or source outside verse
1corintios	6	6	C1	finite-anchor	05	κρίνεται	κρίνω	V-PPI-3S	certain	cn2	καὶ	coordinating	coordination	suggested	coordinate/add	C1		low	suggested-relationship	function follows connector inventory; connector after last finite clause or target outside verse
1corintios	6	7	C1	finite-anchor	07	ἐστιν	εἰμί	V-PAI-3S	certain	cn1	οὖν	coordinating	inference	suggested	inference/result		C1	low	suggested-relationship	function follows connector inventory; connector before first finite clause or source outside verse
1corintios	6	7	C1	finite-anchor	07	ἐστιν	εἰμί	V-PAI-3S	certain	cn2	ὅτι	subordinating	content/cause	suggested	content-or-cause	C1	C2	medium	suggested-relationship	context-sensitive function; keep as suggested; subordinating connector before/near target finite clause
1corintios	6	7	C2	finite-anchor	10	ἔχετε	ἔχω	V-PAI-2P	certain	cn2	ὅτι	subordinating	content/cause	suggested	content-or-cause	C1	C2	medium	suggested-relationship	context-sensitive function; keep as suggested; subordinating connector before/near target finite clause
1corintios	6	7	C3	finite-anchor	17	ἀδικεῖσθε	ἀδικέω	V-PPI-2P	certain										confirmed-finite-anchor	finite clause anchor with unresolved connector relationship
1corintios	6	7	C4	finite-anchor	22	ἀποστερεῖσθε	ἀποστερέω	V-PPI-2P	certain										confirmed-finite-anchor	finite clause anchor with unresolved connector relationship
1corintios	6	8	C1	finite-anchor	03	ἀδικεῖτε	ἀδικέω	V-PAI-2P	certain	cn1	ἀλλὰ	coordinating	contrast	suggested	contrast		C1	low	suggested-relationship	function follows connector inventory; connector before first finite clause or source outside verse
1corintios	6	8	C1	finite-anchor	03	ἀδικεῖτε	ἀδικέω	V-PAI-2P	certain	cn2	καὶ	coordinating	coordination	suggested	coordinate/add	C1	C2	medium	suggested-relationship	function follows connector inventory; coordinating connector between finite clauses
1corintios	6	8	C2	finite-anchor	05	ἀποστερεῖτε	ἀποστερέω	V-PAI-2P	certain	cn2	καὶ	coordinating	coordination	suggested	coordinate/add	C1	C2	medium	suggested-relationship	function follows connector inventory; coordinating connector between finite clauses
1corintios	6	8	C2	finite-anchor	05	ἀποστερεῖτε	ἀποστερέω	V-PAI-2P	certain	cn3	καὶ	coordinating	coordination	suggested	coordinate/add	C2		low	suggested-relationship	function follows connector inventory; connector after last finite clause or target outside verse
1corintios	6	9	C1	finite-anchor	03	οἴδατε	οἶδα	V-XAI-2P	certain	cn1	ἢ	coordinating	alternative/comparison	suggested	alternative/comparison		C1	low	suggested-relationship	context-sensitive function; keep as suggested; connector before first finite clause or source outside verse
1corintios	6	9	C1	finite-anchor	03	οἴδατε	οἶδα	V-XAI-2P	certain	cn3	ὅτι	subordinating	content/cause	suggested	content-or-cause	C1	C2	medium	suggested-relationship	context-sensitive function; keep as suggested; subordinating connector before/near target finite clause
1corintios	6	9	C2	finite-anchor	09	κληρονομήσουσιν	κληρονομέω	V-FAI-3P	certain	cn3	ὅτι	subordinating	content/cause	suggested	content-or-cause	C1	C2	medium	suggested-relationship	context-sensitive function; keep as suggested; subordinating connector before/near target finite clause
1corintios	6	9	C3	finite-anchor	11	πλανᾶσθε	πλανάω	V-PPD-2P	certain	cn6	οὔτε	coordinating	negative coordination	suggested	coordinate/negative	C3		low	suggested-relationship	function follows connector inventory; connector after last finite clause or target outside verse
1corintios	6	9	C3	finite-anchor	11	πλανᾶσθε	πλανάω	V-PPD-2P	certain	cn7	οὔτε	coordinating	negative coordination	suggested	coordinate/negative	C3		low	suggested-relationship	function follows connector inventory; connector after last finite clause or target outside verse
1corintios	6	9	C3	finite-anchor	11	πλανᾶσθε	πλανάω	V-PPD-2P	certain	cn8	οὔτε	coordinating	negative coordination	suggested	coordinate/negative	C3		low	suggested-relationship	function follows connector inventory; connector after last finite clause or target outside verse
1corintios	6	9	C3	finite-anchor	11	πλανᾶσθε	πλανάω	V-PPD-2P	certain	cn9	οὔτε	coordinating	negative coordination	suggested	coordinate/negative	C3		low	suggested-relationship	function follows connector inventory; connector after last finite clause or target outside verse
1corintios	6	9	C3	finite-anchor	11	πλανᾶσθε	πλανάω	V-PPD-2P	certain	cn10	οὔτε	coordinating	negative coordination	suggested	coordinate/negative	C3		low	suggested-relationship	function follows connector inventory; connector after last finite clause or target outside verse
1corintios	6	10	C1	finite-anchor	13	κληρονομήσουσιν	κληρονομέω	V-FAI-3P	certain	cn1	οὔτε	coordinating	negative coordination	suggested	coordinate/negative		C1	low	suggested-relationship	function follows connector inventory; connector before first finite clause or source outside verse
1corintios	6	10	C1	finite-anchor	13	κληρονομήσουσιν	κληρονομέω	V-FAI-3P	certain	cn2	οὔτε	coordinating	negative coordination	suggested	coordinate/negative		C1	low	suggested-relationship	function follows connector inventory; connector before first finite clause or source outside verse
1corintios	6	11	C1	finite-anchor	04	ἦτε	εἰμί	V-IAI-2P	certain	cn1	καὶ	coordinating	coordination	suggested	coordinate/add		C1	low	suggested-relationship	function follows connector inventory; connector before first finite clause or source outside verse
1corintios	6	11	C1	finite-anchor	04	ἦτε	εἰμί	V-IAI-2P	certain	cn2	ἀλλὰ	coordinating	contrast	suggested	contrast	C1	C2	medium	suggested-relationship	function follows connector inventory; coordinating connector between finite clauses
1corintios	6	11	C2	finite-anchor	06	ἀπελούσασθε	ἀπολούομαι	V-AMI-2P	certain	cn2	ἀλλὰ	coordinating	contrast	suggested	contrast	C1	C2	medium	suggested-relationship	function follows connector inventory; coordinating connector between finite clauses
1corintios	6	11	C2	finite-anchor	06	ἀπελούσασθε	ἀπολούομαι	V-AMI-2P	certain	cn3	ἀλλὰ	coordinating	contrast	suggested	contrast	C2	C3	medium	suggested-relationship	function follows connector inventory; coordinating connector between finite clauses
1corintios	6	11	C3	finite-anchor	08	ἡγιάσθητε	ἁγιάζω	V-API-2P	certain	cn3	ἀλλὰ	coordinating	contrast	suggested	contrast	C2	C3	medium	suggested-relationship	function follows connector inventory; coordinating connector between finite clauses
1corintios	6	11	C3	finite-anchor	08	ἡγιάσθητε	ἁγιάζω	V-API-2P	certain	cn4	ἀλλὰ	coordinating	contrast	suggested	contrast	C3	C4	medium	suggested-relationship	function follows connector inventory; coordinating connector between finite clauses
1corintios	6	11	C4	finite-anchor	10	ἐδικαιώθητε	δικαιόω	V-API-2P	certain	cn4	ἀλλὰ	coordinating	contrast	suggested	contrast	C3	C4	medium	suggested-relationship	function follows connector inventory; coordinating connector between finite clauses
1corintios	6	11	C4	finite-anchor	10	ἐδικαιώθητε	δικαιόω	V-API-2P	certain	cn5	καὶ	coordinating	coordination	suggested	coordinate/add	C4		low	suggested-relationship	function follows connector inventory; connector after last finite clause or target outside verse
1corintios	6	12	C1	finite-anchor	03	ἔξεστιν	ἔξεστι(ν)	V-PAI-3S	certain	cn1	ἀλλʼ	coordinating	contrast	suggested	contrast	C1	C2	medium	suggested-relationship	function follows connector inventory; coordinating connector between finite clauses
1corintios	6	12	C2	finite-anchor	07	συμφέρει	συμφέρω	V-PAI-3S	certain	cn1	ἀλλʼ	coordinating	contrast	suggested	contrast	C1	C2	medium	suggested-relationship	function follows connector inventory; coordinating connector between finite clauses
1corintios	6	12	C3	finite-anchor	10	ἔξεστιν	ἔξεστι(ν)	V-PAI-3S	certain	cn3	ἀλλʼ	coordinating	contrast	suggested	contrast	C3	C4	medium	suggested-relationship	function follows connector inventory; coordinating connector between finite clauses
1corintios	6	12	C4	finite-anchor	14	ἐξουσιασθήσομαι	ἐξουσιάζω	V-FPI-1S	certain	cn3	ἀλλʼ	coordinating	contrast	suggested	contrast	C3	C4	medium	suggested-relationship	function follows connector inventory; coordinating connector between finite clauses
1corintios	6	13	C1	finite-anchor	17	καταργήσει	καταργέω	V-FAI-3S	certain	cn1	καὶ	coordinating	coordination	suggested	coordinate/add		C1	low	suggested-relationship	function follows connector inventory; connector before first finite clause or source outside verse
1corintios	6	13	C1	finite-anchor	17	καταργήσει	καταργέω	V-FAI-3S	certain	cn2	δὲ	coordinating	coordination	suggested	coordinate/add		C1	low	suggested-relationship	function follows connector inventory; connector before first finite clause or source outside verse
1corintios	6	13	C1	finite-anchor	17	καταργήσει	καταργέω	V-FAI-3S	certain	cn3	καὶ	coordinating	coordination	suggested	coordinate/add		C1	low	suggested-relationship	function follows connector inventory; connector before first finite clause or source outside verse
1corintios	6	13	C1	finite-anchor	17	καταργήσει	καταργέω	V-FAI-3S	certain	cn4	καὶ	coordinating	coordination	suggested	coordinate/add		C1	low	suggested-relationship	function follows connector inventory; connector before first finite clause or source outside verse
1corintios	6	13	C1	finite-anchor	17	καταργήσει	καταργέω	V-FAI-3S	certain	cn5	δὲ	coordinating	coordination	suggested	coordinate/add	C1		low	suggested-relationship	function follows connector inventory; connector after last finite clause or target outside verse
1corintios	6	13	C1	finite-anchor	17	καταργήσει	καταργέω	V-FAI-3S	certain	cn7	ἀλλὰ	coordinating	contrast	suggested	contrast	C1		low	suggested-relationship	function follows connector inventory; connector after last finite clause or target outside verse
1corintios	6	13	C1	finite-anchor	17	καταργήσει	καταργέω	V-FAI-3S	certain	cn8	καὶ	coordinating	coordination	suggested	coordinate/add	C1		low	suggested-relationship	function follows connector inventory; connector after last finite clause or target outside verse
1corintios	6	14	C1	finite-anchor	07	ἤγειρεν	ἐγείρω	V-AAI-3S	certain	cn1	δὲ	coordinating	coordination	suggested	coordinate/add		C1	low	suggested-relationship	function follows connector inventory; connector before first finite clause or source outside verse
1corintios	6	14	C1	finite-anchor	07	ἤγειρεν	ἐγείρω	V-AAI-3S	certain	cn2	καὶ	coordinating	coordination	suggested	coordinate/add		C1	low	suggested-relationship	function follows connector inventory; connector before first finite clause or source outside verse
1corintios	6	14	C1	finite-anchor	07	ἤγειρεν	ἐγείρω	V-AAI-3S	certain	cn3	καὶ	coordinating	coordination	suggested	coordinate/add	C1	C2	medium	suggested-relationship	function follows connector inventory; coordinating connector between finite clauses
1corintios	6	14	C2	finite-anchor	10	ἐξεγερεῖ	ἐξεγείρω	V-FAI-3S	certain	cn3	καὶ	coordinating	coordination	suggested	coordinate/add	C1	C2	medium	suggested-relationship	function follows connector inventory; coordinating connector between finite clauses
1corintios	6	15	C1	finite-anchor	02	οἴδατε	οἶδα	V-XAI-2P	certain	cn2	ὅτι	subordinating	content/cause	suggested	content-or-cause	C1	C2	medium	suggested-relationship	context-sensitive function; keep as suggested; subordinating connector before/near target finite clause
1corintios	6	15	C2	finite-anchor	09	ἐστιν	εἰμί	V-PAI-3S	certain	cn2	ὅτι	subordinating	content/cause	suggested	content-or-cause	C1	C2	medium	suggested-relationship	context-sensitive function; keep as suggested; subordinating connector before/near target finite clause
1corintios	6	15	C2	finite-anchor	09	ἐστιν	εἰμί	V-PAI-3S	certain	cn3	οὖν	coordinating	inference	suggested	inference/result	C2	C3	medium	suggested-relationship	function follows connector inventory; coordinating connector between finite clauses
1corintios	6	15	C3	finite-anchor	16	ποιήσω	ποιέω	V-AAS-1S	certain	cn3	οὖν	coordinating	inference	suggested	inference/result	C2	C3	medium	suggested-relationship	function follows connector inventory; coordinating connector between finite clauses
1corintios	6	16	C1	finite-anchor	03	οἴδατε	οἶδα	V-XAI-2P	certain	cn1	ἢ	coordinating	alternative/comparison	suggested	alternative/comparison		C1	low	suggested-relationship	context-sensitive function; keep as suggested; connector before first finite clause or source outside verse
1corintios	6	16	C1	finite-anchor	03	οἴδατε	οἶδα	V-XAI-2P	certain	cn3	ὅτι	subordinating	content/cause	suggested	content-or-cause	C1	C2	medium	suggested-relationship	context-sensitive function; keep as suggested; subordinating connector before/near target finite clause
1corintios	6	16	C2	finite-anchor	11	ἐστιν	εἰμί	V-PAI-3S	certain	cn3	ὅτι	subordinating	content/cause	suggested	content-or-cause	C1	C2	medium	suggested-relationship	context-sensitive function; keep as suggested; subordinating connector before/near target finite clause
1corintios	6	16	C3	finite-anchor	12	ἔσονται	εἰμί	V-FMI-3P	certain	cn4	γάρ	coordinating	cause/ground	suggested	ground/explanation	C3	C4	medium	suggested-relationship	function follows connector inventory; coordinating connector between finite clauses
1corintios	6	16	C4	finite-anchor	14	φησίν	φημί	V-PAI-3S	certain	cn4	γάρ	coordinating	cause/ground	suggested	ground/explanation	C3	C4	medium	suggested-relationship	function follows connector inventory; coordinating connector between finite clauses
1corintios	6	17	C1	finite-anchor	08	ἐστιν	εἰμί	V-PAI-3S	certain	cn1	δὲ	coordinating	coordination	suggested	coordinate/add		C1	low	suggested-relationship	function follows connector inventory; connector before first finite clause or source outside verse
1corintios	6	18	C1	finite-anchor	01	φεύγετε	φεύγω	V-PAD-2P	certain	cn1	ἐὰν	subordinating	condition	suggested	condition	C1	C2	medium	suggested-relationship	function follows connector inventory; subordinating connector before/near target finite clause
1corintios	6	18	C2	finite-anchor	08	ποιήσῃ	ποιέω	V-AAS-3S	certain	cn1	ἐὰν	subordinating	condition	suggested	condition	C1	C2	medium	suggested-relationship	function follows connector inventory; subordinating connector before/near target finite clause
1corintios	6	18	C3	finite-anchor	13	ἐστιν	εἰμί	V-PAI-3S	certain	cn2	δὲ	coordinating	coordination	suggested	coordinate/add	C3	C4	medium	suggested-relationship	function follows connector inventory; coordinating connector between finite clauses
1corintios	6	18	C4	finite-anchor	21	ἁμαρτάνει	ἁμαρτάνω	V-PAI-3S	certain	cn2	δὲ	coordinating	coordination	suggested	coordinate/add	C3	C4	medium	suggested-relationship	function follows connector inventory; coordinating connector between finite clauses
1corintios	6	19	C1	finite-anchor	03	οἴδατε	οἶδα	V-XAI-2P	certain	cn1	ἢ	coordinating	alternative/comparison	suggested	alternative/comparison		C1	low	suggested-relationship	context-sensitive function; keep as suggested; connector before first finite clause or source outside verse
1corintios	6	19	C1	finite-anchor	03	οἴδατε	οἶδα	V-XAI-2P	certain	cn3	ὅτι	subordinating	content/cause	suggested	content-or-cause	C1	C2	medium	suggested-relationship	context-sensitive function; keep as suggested; subordinating connector before/near target finite clause
1corintios	6	19	C2	finite-anchor	14	ἐστιν	εἰμί	V-PAI-3S	certain	cn3	ὅτι	subordinating	content/cause	suggested	content-or-cause	C1	C2	medium	suggested-relationship	context-sensitive function; keep as suggested; subordinating connector before/near target finite clause
1corintios	6	19	C3	finite-anchor	16	ἔχετε	ἔχω	V-PAI-2P	certain	cn4	καὶ	coordinating	coordination	suggested	coordinate/add	C3	C4	medium	suggested-relationship	function follows connector inventory; coordinating connector between finite clauses
1corintios	6	19	C4	finite-anchor	21	ἐστὲ	εἰμί	V-PAI-2P	certain	cn4	καὶ	coordinating	coordination	suggested	coordinate/add	C3	C4	medium	suggested-relationship	function follows connector inventory; coordinating connector between finite clauses
1corintios	6	20	C1	finite-anchor	01	ἠγοράσθητε	ἀγοράζω	V-API-2P	certain	cn1	γὰρ	coordinating	cause/ground	suggested	ground/explanation	C1	C2	medium	suggested-relationship	function follows connector inventory; coordinating connector between finite clauses
1corintios	6	20	C2	finite-anchor	04	δοξάσατε	δοξάζω	V-AAD-2P	certain	cn1	γὰρ	coordinating	cause/ground	suggested	ground/explanation	C1	C2	medium	suggested-relationship	function follows connector inventory; coordinating connector between finite clauses
1corintios	7	1	C1	finite-anchor	04	ἐγράψατε	γράφω	V-AAI-2P	certain	cn1	δὲ	coordinating	coordination	suggested	coordinate/add		C1	low	suggested-relationship	function follows connector inventory; connector before first finite clause or source outside verse
1corintios	7	2	C1	finite-anchor	09	ἐχέτω	ἔχω	V-PAD-3S	certain	cn1	δὲ	coordinating	coordination	suggested	coordinate/add		C1	low	suggested-relationship	function follows connector inventory; connector before first finite clause or source outside verse
1corintios	7	2	C1	finite-anchor	09	ἐχέτω	ἔχω	V-PAD-3S	certain	cn2	καὶ	coordinating	coordination	suggested	coordinate/add	C1	C2	medium	suggested-relationship	function follows connector inventory; coordinating connector between finite clauses
1corintios	7	2	C2	finite-anchor	15	ἐχέτω	ἔχω	V-PAD-3S	certain	cn2	καὶ	coordinating	coordination	suggested	coordinate/add	C1	C2	medium	suggested-relationship	function follows connector inventory; coordinating connector between finite clauses
1corintios	7	3	C1	finite-anchor	07	ἀποδιδότω	ἀποδίδωμι	V-PAD-3S	certain	cn1	δὲ	coordinating	coordination	suggested	coordinate/add	C1		low	suggested-relationship	function follows connector inventory; connector after last finite clause or target outside verse
1corintios	7	3	C1	finite-anchor	07	ἀποδιδότω	ἀποδίδωμι	V-PAD-3S	certain	cn2	καὶ	coordinating	coordination	suggested	coordinate/add	C1		low	suggested-relationship	function follows connector inventory; connector after last finite clause or target outside verse
1corintios	7	4	C1	finite-anchor	07	ἐξουσιάζει	ἐξουσιάζω	V-PAI-3S	certain	cn2	ἀλλὰ	coordinating	contrast	suggested	contrast	C1	C2	medium	suggested-relationship	function follows connector inventory; coordinating connector between finite clauses
1corintios	7	4	C1	finite-anchor	07	ἐξουσιάζει	ἐξουσιάζω	V-PAI-3S	certain	cn3	δὲ	coordinating	coordination	suggested	coordinate/add	C1	C2	medium	suggested-relationship	function follows connector inventory; coordinating connector between finite clauses
1corintios	7	4	C1	finite-anchor	07	ἐξουσιάζει	ἐξουσιάζω	V-PAI-3S	certain	cn4	καὶ	coordinating	coordination	suggested	coordinate/add	C1	C2	medium	suggested-relationship	function follows connector inventory; coordinating connector between finite clauses
1corintios	7	4	C2	finite-anchor	20	ἐξουσιάζει	ἐξουσιάζω	V-PAI-3S	certain	cn2	ἀλλὰ	coordinating	contrast	suggested	contrast	C1	C2	medium	suggested-relationship	function follows connector inventory; coordinating connector between finite clauses
1corintios	7	4	C2	finite-anchor	20	ἐξουσιάζει	ἐξουσιάζω	V-PAI-3S	certain	cn3	δὲ	coordinating	coordination	suggested	coordinate/add	C1	C2	medium	suggested-relationship	function follows connector inventory; coordinating connector between finite clauses
1corintios	7	4	C2	finite-anchor	20	ἐξουσιάζει	ἐξουσιάζω	V-PAI-3S	certain	cn4	καὶ	coordinating	coordination	suggested	coordinate/add	C1	C2	medium	suggested-relationship	function follows connector inventory; coordinating connector between finite clauses
1corintios	7	4	C2	finite-anchor	20	ἐξουσιάζει	ἐξουσιάζω	V-PAI-3S	certain	cn6	ἀλλὰ	coordinating	contrast	suggested	contrast	C2		low	suggested-relationship	function follows connector inventory; connector after last finite clause or target outside verse
1corintios	7	5	C1	finite-anchor	02	ἀποστερεῖτε	ἀποστερέω	V-PAD-2P	certain	cn2	εἰ	subordinating	condition	suggested	condition	C1	C2	medium	suggested-relationship	function follows connector inventory; subordinating connector before/near target finite clause
1corintios	7	5	C1	finite-anchor	02	ἀποστερεῖτε	ἀποστερέω	V-PAD-2P	certain	cn3	ἵνα	subordinating	purpose/result	suggested	purpose/result	C1	C2	medium	suggested-relationship	context-sensitive function; keep as suggested; subordinating connector before/near target finite clause
1corintios	7	5	C2	finite-anchor	12	σχολάσητε	σχολάζω	V-AAS-2P	certain	cn2	εἰ	subordinating	condition	suggested	condition	C1	C2	medium	suggested-relationship	function follows connector inventory; subordinating connector before/near target finite clause
1corintios	7	5	C2	finite-anchor	12	σχολάσητε	σχολάζω	V-AAS-2P	certain	cn3	ἵνα	subordinating	purpose/result	suggested	purpose/result	C1	C2	medium	suggested-relationship	context-sensitive function; keep as suggested; subordinating connector before/near target finite clause
1corintios	7	5	C2	finite-anchor	12	σχολάσητε	σχολάζω	V-AAS-2P	certain	cn4	καὶ	coordinating	coordination	suggested	coordinate/add	C2	C3	medium	suggested-relationship	function follows connector inventory; coordinating connector between finite clauses
1corintios	7	5	C3	finite-anchor	20	ἦτε	εἰμί	V-PAS-2P	certain	cn4	καὶ	coordinating	coordination	suggested	coordinate/add	C2	C3	medium	suggested-relationship	function follows connector inventory; coordinating connector between finite clauses
1corintios	7	5	C3	finite-anchor	20	ἦτε	εἰμί	V-PAS-2P	certain	cn5	ἵνα	subordinating	purpose/result	suggested	purpose/result	C3	C4	medium	suggested-relationship	context-sensitive function; keep as suggested; subordinating connector before/near target finite clause
1corintios	7	5	C4	finite-anchor	23	πειράζῃ	πειράζω	V-PAS-3S	certain	cn5	ἵνα	subordinating	purpose/result	suggested	purpose/result	C3	C4	medium	suggested-relationship	context-sensitive function; keep as suggested; subordinating connector before/near target finite clause
1corintios	7	6	C1	finite-anchor	03	λέγω	λέγω	V-PAI-1S	certain	cn1	δὲ	coordinating	coordination	suggested	coordinate/add		C1	low	suggested-relationship	function follows connector inventory; connector before first finite clause or source outside verse
1corintios	7	7	C1	finite-anchor	01	θέλω	θέλω	V-PAI-1S	certain	cn1	δὲ	coordinating	coordination	suggested	coordinate/add	C1	C2	medium	suggested-relationship	function follows connector inventory; coordinating connector between finite clauses
1corintios	7	7	C1	finite-anchor	01	θέλω	θέλω	V-PAI-1S	certain	cn2	ὡς	subordinating	comparison/manner	suggested	comparison/manner	C1	C2	medium	suggested-relationship	context-sensitive function; keep as suggested; subordinating connector before/near target finite clause
1corintios	7	7	C1	finite-anchor	01	θέλω	θέλω	V-PAI-1S	certain	cn3	καὶ	coordinating	coordination	suggested	coordinate/add	C1	C2	medium	suggested-relationship	function follows connector inventory; coordinating connector between finite clauses
1corintios	7	7	C1	finite-anchor	01	θέλω	θέλω	V-PAI-1S	certain	cn4	ἀλλὰ	coordinating	contrast	suggested	contrast	C1	C2	medium	suggested-relationship	function follows connector inventory; coordinating connector between finite clauses
1corintios	7	7	C2	finite-anchor	12	ἔχει	ἔχω	V-PAI-3S	certain	cn1	δὲ	coordinating	coordination	suggested	coordinate/add	C1	C2	medium	suggested-relationship	function follows connector inventory; coordinating connector between finite clauses
1corintios	7	7	C2	finite-anchor	12	ἔχει	ἔχω	V-PAI-3S	certain	cn2	ὡς	subordinating	comparison/manner	suggested	comparison/manner	C1	C2	medium	suggested-relationship	context-sensitive function; keep as suggested; subordinating connector before/near target finite clause
1corintios	7	7	C2	finite-anchor	12	ἔχει	ἔχω	V-PAI-3S	certain	cn3	καὶ	coordinating	coordination	suggested	coordinate/add	C1	C2	medium	suggested-relationship	function follows connector inventory; coordinating connector between finite clauses
1corintios	7	7	C2	finite-anchor	12	ἔχει	ἔχω	V-PAI-3S	certain	cn4	ἀλλὰ	coordinating	contrast	suggested	contrast	C1	C2	medium	suggested-relationship	function follows connector inventory; coordinating connector between finite clauses
1corintios	7	7	C2	finite-anchor	12	ἔχει	ἔχω	V-PAI-3S	certain	cn5	δὲ	coordinating	coordination	suggested	coordinate/add	C2		low	suggested-relationship	function follows connector inventory; connector after last finite clause or target outside verse
1corintios	7	8	C1	finite-anchor	01	λέγω	λέγω	V-PAI-1S	certain	cn1	δὲ	coordinating	coordination	suggested	coordinate/add	C1	C2	medium	suggested-relationship	function follows connector inventory; coordinating connector between finite clauses
1corintios	7	8	C1	finite-anchor	01	λέγω	λέγω	V-PAI-1S	certain	cn2	καὶ	coordinating	coordination	suggested	coordinate/add	C1	C2	medium	suggested-relationship	function follows connector inventory; coordinating connector between finite clauses
1corintios	7	8	C1	finite-anchor	01	λέγω	λέγω	V-PAI-1S	certain	cn3	ἐὰν	subordinating	condition	suggested	condition	C1	C2	medium	suggested-relationship	function follows connector inventory; subordinating connector before/near target finite clause
1corintios	7	8	C2	finite-anchor	11	μείνωσιν	μένω	V-AAS-3P	certain	cn1	δὲ	coordinating	coordination	suggested	coordinate/add	C1	C2	medium	suggested-relationship	function follows connector inventory; coordinating connector between finite clauses
1corintios	7	8	C2	finite-anchor	11	μείνωσιν	μένω	V-AAS-3P	certain	cn2	καὶ	coordinating	coordination	suggested	coordinate/add	C1	C2	medium	suggested-relationship	function follows connector inventory; coordinating connector between finite clauses
1corintios	7	8	C2	finite-anchor	11	μείνωσιν	μένω	V-AAS-3P	certain	cn3	ἐὰν	subordinating	condition	suggested	condition	C1	C2	medium	suggested-relationship	function follows connector inventory; subordinating connector before/near target finite clause
1corintios	7	9	C1	finite-anchor	04	ἐγκρατεύονται	ἐγκρατεύομαι	V-PMI-3P	certain	cn1	εἰ	subordinating	condition	suggested	condition		C1	low	suggested-relationship	function follows connector inventory; target finite clause found; source not available in verse
1corintios	7	9	C1	finite-anchor	04	ἐγκρατεύονται	ἐγκρατεύομαι	V-PMI-3P	certain	cn2	δὲ	coordinating	coordination	suggested	coordinate/add		C1	low	suggested-relationship	function follows connector inventory; connector before first finite clause or source outside verse
1corintios	7	9	C2	finite-anchor	05	γαμησάτωσαν	γαμέω	V-AAD-3P	certain	cn4	γάρ	coordinating	cause/ground	suggested	ground/explanation	C2	C3	medium	suggested-relationship	function follows connector inventory; coordinating connector between finite clauses
1corintios	7	9	C3	finite-anchor	08	ἐστιν	εἰμί	V-PAI-3S	certain	cn4	γάρ	coordinating	cause/ground	suggested	ground/explanation	C2	C3	medium	suggested-relationship	function follows connector inventory; coordinating connector between finite clauses
1corintios	7	9	C3	finite-anchor	08	ἐστιν	εἰμί	V-PAI-3S	certain	cn5	ἢ	coordinating	alternative/comparison	suggested	alternative/comparison	C3		low	suggested-relationship	context-sensitive function; keep as suggested; connector after last finite clause or target outside verse
1corintios	7	10	C1	finite-anchor	04	παραγγέλλω	παραγγέλλω	V-PAI-1S	certain	cn1	δὲ	coordinating	coordination	suggested	coordinate/add		C1	low	suggested-relationship	function follows connector inventory; connector before first finite clause or source outside verse
1corintios	7	10	C1	finite-anchor	04	παραγγέλλω	παραγγέλλω	V-PAI-1S	certain	cn3	ἀλλὰ	coordinating	contrast	suggested	contrast	C1		low	suggested-relationship	function follows connector inventory; connector after last finite clause or target outside verse
1corintios	7	11	C1	finite-anchor	04	χωρισθῇ	χωρίζω	V-APS-3S	certain	cn1	ἐὰν	subordinating	condition	suggested	condition		C1	low	suggested-relationship	function follows connector inventory; target finite clause found; source not available in verse
1corintios	7	11	C1	finite-anchor	04	χωρισθῇ	χωρίζω	V-APS-3S	certain	cn2	δὲ	coordinating	coordination	suggested	coordinate/add		C1	low	suggested-relationship	function follows connector inventory; connector before first finite clause or source outside verse
1corintios	7	11	C1	finite-anchor	04	χωρισθῇ	χωρίζω	V-APS-3S	certain	cn3	καὶ	coordinating	coordination	suggested	coordinate/add		C1	low	suggested-relationship	function follows connector inventory; connector before first finite clause or source outside verse
1corintios	7	11	C2	finite-anchor	05	μενέτω	μένω	V-PAD-3S	certain	cn4	ἢ	coordinating	alternative/comparison	suggested	alternative/comparison	C2	C3	medium	suggested-relationship	context-sensitive function; keep as suggested; coordinating connector between finite clauses
1corintios	7	11	C3	finite-anchor	10	καταλλαγήτω—	καταλλάσσω	V-APD-3S	certain	cn4	ἢ	coordinating	alternative/comparison	suggested	alternative/comparison	C2	C3	medium	suggested-relationship	context-sensitive function; keep as suggested; coordinating connector between finite clauses
1corintios	7	11	C3	finite-anchor	10	καταλλαγήτω—	καταλλάσσω	V-APD-3S	certain	cn5	καὶ	coordinating	coordination	suggested	coordinate/add	C3		low	suggested-relationship	function follows connector inventory; connector after last finite clause or target outside verse
1corintios	7	12	C1	finite-anchor	04	λέγω	λέγω	V-PAI-1S	certain	cn1	δὲ	coordinating	coordination	suggested	coordinate/add		C1	low	suggested-relationship	function follows connector inventory; connector before first finite clause or source outside verse
1corintios	7	12	C1	finite-anchor	04	λέγω	λέγω	V-PAI-1S	certain	cn3	εἴ	subordinating	condition	suggested	condition	C1	C2	medium	suggested-relationship	function follows connector inventory; subordinating connector before/near target finite clause
1corintios	7	12	C2	finite-anchor	13	ἔχει	ἔχω	V-PAI-3S	certain	cn3	εἴ	subordinating	condition	suggested	condition	C1	C2	medium	suggested-relationship	function follows connector inventory; subordinating connector before/near target finite clause
1corintios	7	12	C2	finite-anchor	13	ἔχει	ἔχω	V-PAI-3S	certain	cn4	καὶ	coordinating	coordination	suggested	coordinate/add	C2	C3	medium	suggested-relationship	function follows connector inventory; coordinating connector between finite clauses
1corintios	7	12	C3	finite-anchor	17	συνευδοκεῖ	συνευδοκέω	V-PAI-3S	certain	cn4	καὶ	coordinating	coordination	suggested	coordinate/add	C2	C3	medium	suggested-relationship	function follows connector inventory; coordinating connector between finite clauses
1corintios	7	12	C4	finite-anchor	22	ἀφιέτω	ἀφίημι	V-PAD-3S	certain										confirmed-finite-anchor	finite clause anchor with unresolved connector relationship
1corintios	7	13	C1	finite-anchor	05	ἔχει	ἔχω	V-PAI-3S	certain	cn1	καὶ	coordinating	coordination	suggested	coordinate/add		C1	low	suggested-relationship	function follows connector inventory; connector before first finite clause or source outside verse
1corintios	7	13	C1	finite-anchor	05	ἔχει	ἔχω	V-PAI-3S	certain	cn2	εἴ	subordinating	condition	suggested	condition		C1	low	suggested-relationship	function follows connector inventory; target finite clause found; source not available in verse
1corintios	7	13	C1	finite-anchor	05	ἔχει	ἔχω	V-PAI-3S	certain	cn3	καὶ	coordinating	coordination	suggested	coordinate/add	C1	C2	medium	suggested-relationship	function follows connector inventory; coordinating connector between finite clauses
1corintios	7	13	C2	finite-anchor	10	συνευδοκεῖ	συνευδοκέω	V-PAI-3S	certain	cn3	καὶ	coordinating	coordination	suggested	coordinate/add	C1	C2	medium	suggested-relationship	function follows connector inventory; coordinating connector between finite clauses
1corintios	7	13	C3	finite-anchor	15	ἀφιέτω	ἀφίημι	V-PAD-3S	certain										confirmed-finite-anchor	finite clause anchor with unresolved connector relationship
1corintios	7	14	C1	finite-anchor	01	ἡγίασται	ἁγιάζω	V-XPI-3S	certain	cn1	γὰρ	coordinating	cause/ground	suggested	ground/explanation	C1	C2	medium	suggested-relationship	function follows connector inventory; coordinating connector between finite clauses
1corintios	7	14	C1	finite-anchor	01	ἡγίασται	ἁγιάζω	V-XPI-3S	certain	cn2	καὶ	coordinating	coordination	suggested	coordinate/add	C1	C2	medium	suggested-relationship	function follows connector inventory; coordinating connector between finite clauses
1corintios	7	14	C2	finite-anchor	11	ἡγίασται	ἁγιάζω	V-XPI-3S	certain	cn1	γὰρ	coordinating	cause/ground	suggested	ground/explanation	C1	C2	medium	suggested-relationship	function follows connector inventory; coordinating connector between finite clauses
1corintios	7	14	C2	finite-anchor	11	ἡγίασται	ἁγιάζω	V-XPI-3S	certain	cn2	καὶ	coordinating	coordination	suggested	coordinate/add	C1	C2	medium	suggested-relationship	function follows connector inventory; coordinating connector between finite clauses
1corintios	7	14	C2	finite-anchor	11	ἡγίασται	ἁγιάζω	V-XPI-3S	certain	cn3	ἐπεὶ	subordinating	cause/temporal	suggested	cause-or-temporal	C2	C3	medium	suggested-relationship	context-sensitive function; keep as suggested; subordinating connector before/near target finite clause
1corintios	7	14	C2	finite-anchor	11	ἡγίασται	ἁγιάζω	V-XPI-3S	certain	cn4	ἄρα	coordinating	inference	suggested	inference/result	C2	C3	medium	suggested-relationship	function follows connector inventory; coordinating connector between finite clauses
1corintios	7	14	C3	finite-anchor	25	ἐστιν	εἰμί	V-PAI-3S	certain	cn3	ἐπεὶ	subordinating	cause/temporal	suggested	cause-or-temporal	C2	C3	medium	suggested-relationship	context-sensitive function; keep as suggested; subordinating connector before/near target finite clause
1corintios	7	14	C3	finite-anchor	25	ἐστιν	εἰμί	V-PAI-3S	certain	cn4	ἄρα	coordinating	inference	suggested	inference/result	C2	C3	medium	suggested-relationship	function follows connector inventory; coordinating connector between finite clauses
1corintios	7	14	C3	finite-anchor	25	ἐστιν	εἰμί	V-PAI-3S	certain	cn5	δὲ	coordinating	coordination	suggested	coordinate/add	C3	C4	medium	suggested-relationship	function follows connector inventory; coordinating connector between finite clauses
1corintios	7	14	C4	finite-anchor	29	ἐστιν	εἰμί	V-PAI-3S	certain	cn5	δὲ	coordinating	coordination	suggested	coordinate/add	C3	C4	medium	suggested-relationship	function follows connector inventory; coordinating connector between finite clauses
1corintios	7	15	C1	finite-anchor	05	χωρίζεται	χωρίζω	V-PPI-3S	certain	cn1	εἰ	subordinating	condition	suggested	condition		C1	low	suggested-relationship	function follows connector inventory; target finite clause found; source not available in verse
1corintios	7	15	C1	finite-anchor	05	χωρίζεται	χωρίζω	V-PPI-3S	certain	cn2	δὲ	coordinating	coordination	suggested	coordinate/add		C1	low	suggested-relationship	function follows connector inventory; connector before first finite clause or source outside verse
1corintios	7	15	C2	finite-anchor	06	χωριζέσθω	χωρίζω	V-PPD-3S	certain										confirmed-finite-anchor	finite clause anchor with unresolved connector relationship
1corintios	7	15	C3	finite-anchor	08	δεδούλωται	δουλόω	V-XPI-3S	certain	cn4	ἢ	coordinating	alternative/comparison	suggested	alternative/comparison	C3	C4	medium	suggested-relationship	context-sensitive function; keep as suggested; coordinating connector between finite clauses
1corintios	7	15	C3	finite-anchor	08	δεδούλωται	δουλόω	V-XPI-3S	certain	cn5	δὲ	coordinating	coordination	suggested	coordinate/add	C3	C4	medium	suggested-relationship	function follows connector inventory; coordinating connector between finite clauses
1corintios	7	15	C4	finite-anchor	20	κέκληκεν	καλέω	V-XAI-3S	certain	cn4	ἢ	coordinating	alternative/comparison	suggested	alternative/comparison	C3	C4	medium	suggested-relationship	context-sensitive function; keep as suggested; coordinating connector between finite clauses
1corintios	7	15	C4	finite-anchor	20	κέκληκεν	καλέω	V-XAI-3S	certain	cn5	δὲ	coordinating	coordination	suggested	coordinate/add	C3	C4	medium	suggested-relationship	function follows connector inventory; coordinating connector between finite clauses
1corintios	7	16	C1	finite-anchor	03	οἶδας	οἶδα	V-XAI-2S	certain	cn1	γὰρ	coordinating	cause/ground	suggested	ground/explanation		C1	low	suggested-relationship	function follows connector inventory; connector before first finite clause or source outside verse
1corintios	7	16	C1	finite-anchor	03	οἶδας	οἶδα	V-XAI-2S	certain	cn2	εἰ	subordinating	condition	suggested	condition	C1	C2	medium	suggested-relationship	function follows connector inventory; subordinating connector before/near target finite clause
1corintios	7	16	C2	finite-anchor	08	σώσεις	σῴζω	V-FAI-2S	certain	cn2	εἰ	subordinating	condition	suggested	condition	C1	C2	medium	suggested-relationship	function follows connector inventory; subordinating connector before/near target finite clause
1corintios	7	16	C2	finite-anchor	08	σώσεις	σῴζω	V-FAI-2S	certain	cn3	ἢ	coordinating	alternative/comparison	suggested	alternative/comparison	C2	C3	medium	suggested-relationship	context-sensitive function; keep as suggested; coordinating connector between finite clauses
1corintios	7	16	C3	finite-anchor	11	οἶδας	οἶδα	V-XAI-2S	certain	cn3	ἢ	coordinating	alternative/comparison	suggested	alternative/comparison	C2	C3	medium	suggested-relationship	context-sensitive function; keep as suggested; coordinating connector between finite clauses
1corintios	7	16	C3	finite-anchor	11	οἶδας	οἶδα	V-XAI-2S	certain	cn4	εἰ	subordinating	condition	suggested	condition	C3	C4	medium	suggested-relationship	function follows connector inventory; subordinating connector before/near target finite clause
1corintios	7	16	C4	finite-anchor	16	σώσεις	σῴζω	V-FAI-2S	certain	cn4	εἰ	subordinating	condition	suggested	condition	C3	C4	medium	suggested-relationship	function follows connector inventory; subordinating connector before/near target finite clause
1corintios	7	17	C1	finite-anchor	05	ἐμέρισεν	μερίζω	V-AAI-3S	certain	cn1	εἰ	subordinating	condition	suggested	condition		C1	low	suggested-relationship	function follows connector inventory; target finite clause found; source not available in verse
1corintios	7	17	C1	finite-anchor	05	ἐμέρισεν	μερίζω	V-AAI-3S	certain	cn3	ὡς	subordinating	comparison/manner	suggested	comparison/manner		C1	low	suggested-relationship	context-sensitive function; keep as suggested; target finite clause found; source not available in verse
1corintios	7	17	C1	finite-anchor	05	ἐμέρισεν	μερίζω	V-AAI-3S	certain	cn4	ὡς	subordinating	comparison/manner	suggested	comparison/manner	C1	C2	medium	suggested-relationship	context-sensitive function; keep as suggested; subordinating connector before/near target finite clause
1corintios	7	17	C2	finite-anchor	10	κέκληκεν	καλέω	V-XAI-3S	certain	cn4	ὡς	subordinating	comparison/manner	suggested	comparison/manner	C1	C2	medium	suggested-relationship	context-sensitive function; keep as suggested; subordinating connector before/near target finite clause
1corintios	7	17	C3	finite-anchor	14	περιπατείτω	περιπατέω	V-PAD-3S	certain	cn5	καὶ	coordinating	coordination	suggested	coordinate/add	C3	C4	medium	suggested-relationship	function follows connector inventory; coordinating connector between finite clauses
1corintios	7	17	C4	finite-anchor	21	διατάσσομαι	διατάσσω	V-PMI-1S	certain	cn5	καὶ	coordinating	coordination	suggested	coordinate/add	C3	C4	medium	suggested-relationship	function follows connector inventory; coordinating connector between finite clauses
1corintios	7	18	C1	finite-anchor	03	ἐκλήθη;	καλέω	V-API-3S	certain										confirmed-finite-anchor	finite clause anchor with unresolved connector relationship
1corintios	7	18	C2	finite-anchor	05	ἐπισπάσθω	ἐπισπάομαι	V-PMD-3S	certain										confirmed-finite-anchor	finite clause anchor with unresolved connector relationship
1corintios	7	18	C3	finite-anchor	08	κέκληταί	καλέω	V-XPI-3S	certain										confirmed-finite-anchor	finite clause anchor with unresolved connector relationship
1corintios	7	18	C4	finite-anchor	11	περιτεμνέσθω	περιτέμνω	V-PPD-3S	certain										confirmed-finite-anchor	finite clause anchor with unresolved connector relationship
1corintios	7	19	C1	finite-anchor	04	ἐστιν	εἰμί	V-PAI-3S	certain	cn1	καὶ	coordinating	coordination	suggested	coordinate/add	C1	C2	medium	suggested-relationship	function follows connector inventory; coordinating connector between finite clauses
1corintios	7	19	C2	finite-anchor	09	ἐστιν	εἰμί	V-PAI-3S	certain	cn1	καὶ	coordinating	coordination	suggested	coordinate/add	C1	C2	medium	suggested-relationship	function follows connector inventory; coordinating connector between finite clauses
1corintios	7	19	C2	finite-anchor	09	ἐστιν	εἰμί	V-PAI-3S	certain	cn2	ἀλλὰ	coordinating	contrast	suggested	contrast	C2		low	suggested-relationship	function follows connector inventory; connector after last finite clause or target outside verse
1corintios	7	20	C1	finite-anchor	06	ἐκλήθη	καλέω	V-API-3S	certain										confirmed-finite-anchor	finite clause anchor with no connector relationship
1corintios	7	20	C2	finite-anchor	09	μενέτω	μένω	V-PAD-3S	certain										confirmed-finite-anchor	finite clause anchor with no connector relationship
1corintios	7	21	C1	finite-anchor	02	ἐκλήθης;	καλέω	V-API-2S	certain										confirmed-finite-anchor	finite clause anchor with unresolved connector relationship
1corintios	7	21	C2	finite-anchor	05	μελέτω	μέλει	V-PAD-3S	certain	cn2	ἀλλʼ	coordinating	contrast	suggested	contrast	C2	C3	medium	suggested-relationship	function follows connector inventory; coordinating connector between finite clauses
1corintios	7	21	C2	finite-anchor	05	μελέτω	μέλει	V-PAD-3S	certain	cn3	εἰ	subordinating	condition	suggested	condition	C2	C3	medium	suggested-relationship	function follows connector inventory; subordinating connector before/near target finite clause
1corintios	7	21	C2	finite-anchor	05	μελέτω	μέλει	V-PAD-3S	certain	cn4	καὶ	coordinating	coordination	suggested	coordinate/add	C2	C3	medium	suggested-relationship	function follows connector inventory; coordinating connector between finite clauses
1corintios	7	21	C3	finite-anchor	09	δύνασαι	δύναμαι	V-PMI-2S	certain	cn2	ἀλλʼ	coordinating	contrast	suggested	contrast	C2	C3	medium	suggested-relationship	function follows connector inventory; coordinating connector between finite clauses
1corintios	7	21	C3	finite-anchor	09	δύνασαι	δύναμαι	V-PMI-2S	certain	cn3	εἰ	subordinating	condition	suggested	condition	C2	C3	medium	suggested-relationship	function follows connector inventory; subordinating connector before/near target finite clause
1corintios	7	21	C3	finite-anchor	09	δύνασαι	δύναμαι	V-PMI-2S	certain	cn4	καὶ	coordinating	coordination	suggested	coordinate/add	C2	C3	medium	suggested-relationship	function follows connector inventory; coordinating connector between finite clauses
1corintios	7	21	C4	finite-anchor	13	χρῆσαι	χράομαι	V-AMD-2S	certain										confirmed-finite-anchor	finite clause anchor with unresolved connector relationship
1corintios	7	22	C1	finite-anchor	09	ἐστίν	εἰμί	V-PAI-3S	certain	cn1	γὰρ	coordinating	cause/ground	suggested	ground/explanation		C1	low	suggested-relationship	function follows connector inventory; connector before first finite clause or source outside verse
1corintios	7	22	C2	finite-anchor	15	ἐστιν	εἰμί	V-PAI-3S	certain										confirmed-finite-anchor	finite clause anchor with unresolved connector relationship
1corintios	7	23	C1	finite-anchor	02	ἠγοράσθητε	ἀγοράζω	V-API-2P	certain										confirmed-finite-anchor	finite clause anchor with unresolved connector relationship
1corintios	7	23	C2	finite-anchor	04	γίνεσθε	γίνομαι	V-PMD-2P	certain										confirmed-finite-anchor	finite clause anchor with unresolved connector relationship
1corintios	7	24	C1	finite-anchor	04	ἐκλήθη	καλέω	V-API-3S	certain										confirmed-finite-anchor	finite clause anchor with no connector relationship
1corintios	7	24	C2	finite-anchor	08	μενέτω	μένω	V-PAD-3S	certain										confirmed-finite-anchor	finite clause anchor with no connector relationship
1corintios	7	25	C1	finite-anchor	08	ἔχω	ἔχω	V-PAI-1S	certain	cn1	δὲ	coordinating	coordination	suggested	coordinate/add		C1	low	suggested-relationship	function follows connector inventory; connector before first finite clause or source outside verse
1corintios	7	25	C1	finite-anchor	08	ἔχω	ἔχω	V-PAI-1S	certain	cn3	δὲ	coordinating	coordination	suggested	coordinate/add	C1	C2	medium	suggested-relationship	function follows connector inventory; coordinating connector between finite clauses
1corintios	7	25	C2	finite-anchor	11	δίδωμι	δίδωμι	V-PAI-1S	certain	cn3	δὲ	coordinating	coordination	suggested	coordinate/add	C1	C2	medium	suggested-relationship	function follows connector inventory; coordinating connector between finite clauses
1corintios	7	26	C1	finite-anchor	01	νομίζω	νομίζω	V-PAI-1S	certain	cn1	οὖν	coordinating	inference	suggested	inference/result	C1		low	suggested-relationship	function follows connector inventory; connector after last finite clause or target outside verse
1corintios	7	27	C1	finite-anchor	01	δέδεσαι	δέω	V-XPI-2S	certain										confirmed-finite-anchor	finite clause anchor with unresolved connector relationship
1corintios	7	27	C2	finite-anchor	04	ζήτει	ζητέω	V-PAD-2S	certain										confirmed-finite-anchor	finite clause anchor with unresolved connector relationship
1corintios	7	27	C3	finite-anchor	06	λέλυσαι	λύω	V-XPI-2S	certain										confirmed-finite-anchor	finite clause anchor with unresolved connector relationship
1corintios	7	27	C4	finite-anchor	10	ζήτει	ζητέω	V-PAD-2S	certain										confirmed-finite-anchor	finite clause anchor with unresolved connector relationship
1corintios	7	28	C1	finite-anchor	04	γαμήσῃς	γαμέω	V-AAS-2S	certain	cn1	ἐὰν	subordinating	condition	suggested	condition		C1	low	suggested-relationship	function follows connector inventory; target finite clause found; source not available in verse
1corintios	7	28	C1	finite-anchor	04	γαμήσῃς	γαμέω	V-AAS-2S	certain	cn2	δὲ	coordinating	coordination	suggested	coordinate/add		C1	low	suggested-relationship	function follows connector inventory; connector before first finite clause or source outside verse
1corintios	7	28	C1	finite-anchor	04	γαμήσῃς	γαμέω	V-AAS-2S	certain	cn3	καὶ	coordinating	coordination	suggested	coordinate/add		C1	low	suggested-relationship	function follows connector inventory; connector before first finite clause or source outside verse
1corintios	7	28	C2	finite-anchor	06	ἥμαρτες	ἁμαρτάνω	V-AAI-2S	certain	cn5	καὶ	coordinating	coordination	suggested	coordinate/add	C2	C3	medium	suggested-relationship	function follows connector inventory; coordinating connector between finite clauses
1corintios	7	28	C2	finite-anchor	06	ἥμαρτες	ἁμαρτάνω	V-AAI-2S	certain	cn6	ἐὰν	subordinating	condition	suggested	condition	C2	C3	medium	suggested-relationship	function follows connector inventory; subordinating connector before/near target finite clause
1corintios	7	28	C3	finite-anchor	09	γήμῃ	γαμέω	V-AAS-3S	certain	cn5	καὶ	coordinating	coordination	suggested	coordinate/add	C2	C3	medium	suggested-relationship	function follows connector inventory; coordinating connector between finite clauses
1corintios	7	28	C3	finite-anchor	09	γήμῃ	γαμέω	V-AAS-3S	certain	cn6	ἐὰν	subordinating	condition	suggested	condition	C2	C3	medium	suggested-relationship	function follows connector inventory; subordinating connector before/near target finite clause
1corintios	7	28	C4	finite-anchor	13	ἥμαρτεν	ἁμαρτάνω	V-AAI-3S	certain	cn8	δὲ	coordinating	coordination	suggested	coordinate/add	C4	C5	medium	suggested-relationship	function follows connector inventory; coordinating connector between finite clauses
1corintios	7	28	C5	finite-anchor	18	ἕξουσιν	ἔχω	V-FAI-3P	certain	cn8	δὲ	coordinating	coordination	suggested	coordinate/add	C4	C5	medium	suggested-relationship	function follows connector inventory; coordinating connector between finite clauses
1corintios	7	28	C5	finite-anchor	18	ἕξουσιν	ἔχω	V-FAI-3P	certain	cn9	δὲ	coordinating	coordination	suggested	coordinate/add	C5	C6	medium	suggested-relationship	function follows connector inventory; coordinating connector between finite clauses
1corintios	7	28	C6	finite-anchor	24	φείδομαι	φείδομαι	V-PMI-1S	certain	cn9	δὲ	coordinating	coordination	suggested	coordinate/add	C5	C6	medium	suggested-relationship	function follows connector inventory; coordinating connector between finite clauses
1corintios	7	29	C1	finite-anchor	03	φημι	φημί	V-PAI-1S	certain	cn1	δέ	coordinating	coordination	suggested	coordinate/add		C1	low	suggested-relationship	function follows connector inventory; connector before first finite clause or source outside verse
1corintios	7	29	C2	finite-anchor	08	ἐστίν	εἰμί	V-PAI-3S	certain	cn2	ἵνα	subordinating	purpose/result	suggested	purpose/result	C2	C3	medium	suggested-relationship	context-sensitive function; keep as suggested; subordinating connector before/near target finite clause
1corintios	7	29	C2	finite-anchor	08	ἐστίν	εἰμί	V-PAI-3S	certain	cn3	καὶ	coordinating	coordination	suggested	coordinate/add	C2	C3	medium	suggested-relationship	function follows connector inventory; coordinating connector between finite clauses
1corintios	7	29	C2	finite-anchor	08	ἐστίν	εἰμί	V-PAI-3S	certain	cn4	ὡς	subordinating	comparison/manner	suggested	comparison/manner	C2	C3	medium	suggested-relationship	context-sensitive function; keep as suggested; subordinating connector before/near target finite clause
1corintios	7	29	C3	finite-anchor	19	ὦσιν	εἰμί	V-PAS-3P	certain	cn2	ἵνα	subordinating	purpose/result	suggested	purpose/result	C2	C3	medium	suggested-relationship	context-sensitive function; keep as suggested; subordinating connector before/near target finite clause
1corintios	7	29	C3	finite-anchor	19	ὦσιν	εἰμί	V-PAS-3P	certain	cn3	καὶ	coordinating	coordination	suggested	coordinate/add	C2	C3	medium	suggested-relationship	function follows connector inventory; coordinating connector between finite clauses
1corintios	7	29	C3	finite-anchor	19	ὦσιν	εἰμί	V-PAS-3P	certain	cn4	ὡς	subordinating	comparison/manner	suggested	comparison/manner	C2	C3	medium	suggested-relationship	context-sensitive function; keep as suggested; subordinating connector before/near target finite clause
1corintios	7	31	C1	finite-anchor	09	παράγει	παράγω	V-PAI-3S	certain	cn1	καὶ	coordinating	coordination	suggested	coordinate/add		C1	low	suggested-relationship	function follows connector inventory; connector before first finite clause or source outside verse
1corintios	7	31	C1	finite-anchor	09	παράγει	παράγω	V-PAI-3S	certain	cn2	ὡς	subordinating	comparison/manner	suggested	comparison/manner		C1	low	suggested-relationship	context-sensitive function; keep as suggested; target finite clause found; source not available in verse
1corintios	7	31	C1	finite-anchor	09	παράγει	παράγω	V-PAI-3S	certain	cn4	γὰρ	coordinating	cause/ground	suggested	ground/explanation	C1		low	suggested-relationship	function follows connector inventory; connector after last finite clause or target outside verse
1corintios	7	32	C1	finite-anchor	01	θέλω	θέλω	V-PAI-1S	certain	cn1	δὲ	coordinating	coordination	suggested	coordinate/add	C1	C2	medium	suggested-relationship	function follows connector inventory; coordinating connector between finite clauses
1corintios	7	32	C2	finite-anchor	08	μεριμνᾷ	μεριμνάω	V-PAI-3S	certain	cn1	δὲ	coordinating	coordination	suggested	coordinate/add	C1	C2	medium	suggested-relationship	function follows connector inventory; coordinating connector between finite clauses
1corintios	7	32	C3	finite-anchor	13	ἀρέσῃ	ἀρέσκω	V-AAS-3S	certain										confirmed-finite-anchor	finite clause anchor with unresolved connector relationship
1corintios	7	33	C1	finite-anchor	04	μεριμνᾷ	μεριμνάω	V-PAI-3S	certain	cn1	δὲ	coordinating	coordination	suggested	coordinate/add		C1	low	suggested-relationship	function follows connector inventory; connector before first finite clause or source outside verse
1corintios	7	33	C2	finite-anchor	09	ἀρέσῃ	ἀρέσκω	V-AAS-3S	certain										confirmed-finite-anchor	finite clause anchor with unresolved connector relationship
1corintios	7	34	C1	finite-anchor	02	μεμέρισται	μερίζω	V-XPI-3S	certain	cn1	καὶ	coordinating	coordination	suggested	coordinate/add		C1	low	suggested-relationship	function follows connector inventory; connector before first finite clause or source outside verse
1corintios	7	34	C1	finite-anchor	02	μεμέρισται	μερίζω	V-XPI-3S	certain	cn2	καὶ	coordinating	coordination	suggested	coordinate/add	C1	C2	medium	suggested-relationship	function follows connector inventory; coordinating connector between finite clauses
1corintios	7	34	C1	finite-anchor	02	μεμέρισται	μερίζω	V-XPI-3S	certain	cn3	καὶ	coordinating	coordination	suggested	coordinate/add	C1	C2	medium	suggested-relationship	function follows connector inventory; coordinating connector between finite clauses
1corintios	7	34	C2	finite-anchor	11	μεριμνᾷ	μεριμνάω	V-PAI-3S	certain	cn2	καὶ	coordinating	coordination	suggested	coordinate/add	C1	C2	medium	suggested-relationship	function follows connector inventory; coordinating connector between finite clauses
1corintios	7	34	C2	finite-anchor	11	μεριμνᾷ	μεριμνάω	V-PAI-3S	certain	cn3	καὶ	coordinating	coordination	suggested	coordinate/add	C1	C2	medium	suggested-relationship	function follows connector inventory; coordinating connector between finite clauses
1corintios	7	34	C2	finite-anchor	11	μεριμνᾷ	μεριμνάω	V-PAI-3S	certain	cn4	ἵνα	subordinating	purpose/result	suggested	purpose/result	C2	C3	medium	suggested-relationship	context-sensitive function; keep as suggested; subordinating connector before/near target finite clause
1corintios	7	34	C3	finite-anchor	16	ᾖ	εἰμί	V-PAS-3S	certain	cn4	ἵνα	subordinating	purpose/result	suggested	purpose/result	C2	C3	medium	suggested-relationship	context-sensitive function; keep as suggested; subordinating connector before/near target finite clause
1corintios	7	34	C3	finite-anchor	16	ᾖ	εἰμί	V-PAS-3S	certain	cn5	καὶ	coordinating	coordination	suggested	coordinate/add	C3	C4	medium	suggested-relationship	function follows connector inventory; coordinating connector between finite clauses
1corintios	7	34	C3	finite-anchor	16	ᾖ	εἰμί	V-PAS-3S	certain	cn6	καὶ	coordinating	coordination	suggested	coordinate/add	C3	C4	medium	suggested-relationship	function follows connector inventory; coordinating connector between finite clauses
1corintios	7	34	C3	finite-anchor	16	ᾖ	εἰμί	V-PAS-3S	certain	cn7	δὲ	coordinating	coordination	suggested	coordinate/add	C3	C4	medium	suggested-relationship	function follows connector inventory; coordinating connector between finite clauses
1corintios	7	34	C4	finite-anchor	27	μεριμνᾷ	μεριμνάω	V-PAI-3S	certain	cn5	καὶ	coordinating	coordination	suggested	coordinate/add	C3	C4	medium	suggested-relationship	function follows connector inventory; coordinating connector between finite clauses
1corintios	7	34	C4	finite-anchor	27	μεριμνᾷ	μεριμνάω	V-PAI-3S	certain	cn6	καὶ	coordinating	coordination	suggested	coordinate/add	C3	C4	medium	suggested-relationship	function follows connector inventory; coordinating connector between finite clauses
1corintios	7	34	C4	finite-anchor	27	μεριμνᾷ	μεριμνάω	V-PAI-3S	certain	cn7	δὲ	coordinating	coordination	suggested	coordinate/add	C3	C4	medium	suggested-relationship	function follows connector inventory; coordinating connector between finite clauses
1corintios	7	34	C5	finite-anchor	32	ἀρέσῃ	ἀρέσκω	V-AAS-3S	certain										confirmed-finite-anchor	finite clause anchor with unresolved connector relationship
1corintios	7	35	C1	finite-anchor	08	λέγω	λέγω	V-PAI-1S	certain	cn1	δὲ	coordinating	coordination	suggested	coordinate/add		C1	low	suggested-relationship	function follows connector inventory; connector before first finite clause or source outside verse
1corintios	7	35	C1	finite-anchor	08	λέγω	λέγω	V-PAI-1S	certain	cn3	ἵνα	subordinating	purpose/result	suggested	purpose/result	C1	C2	medium	suggested-relationship	context-sensitive function; keep as suggested; subordinating connector before/near target finite clause
1corintios	7	35	C2	finite-anchor	13	ἐπιβάλω	ἐπιβάλλω	V-AAS-1S	certain	cn3	ἵνα	subordinating	purpose/result	suggested	purpose/result	C1	C2	medium	suggested-relationship	context-sensitive function; keep as suggested; subordinating connector before/near target finite clause
1corintios	7	35	C2	finite-anchor	13	ἐπιβάλω	ἐπιβάλλω	V-AAS-1S	certain	cn4	ἀλλὰ	coordinating	contrast	suggested	contrast	C2		low	suggested-relationship	function follows connector inventory; connector after last finite clause or target outside verse
1corintios	7	35	C2	finite-anchor	13	ἐπιβάλω	ἐπιβάλλω	V-AAS-1S	certain	cn5	καὶ	coordinating	coordination	suggested	coordinate/add	C2		low	suggested-relationship	function follows connector inventory; connector after last finite clause or target outside verse
1corintios	7	36	C1	finite-anchor	09	νομίζει	νομίζω	V-PAI-3S	certain	cn1	εἰ	subordinating	condition	suggested	condition		C1	low	suggested-relationship	function follows connector inventory; target finite clause found; source not available in verse
1corintios	7	36	C1	finite-anchor	09	νομίζει	νομίζω	V-PAI-3S	certain	cn2	δέ	coordinating	coordination	suggested	coordinate/add		C1	low	suggested-relationship	function follows connector inventory; connector before first finite clause or source outside verse
1corintios	7	36	C1	finite-anchor	09	νομίζει	νομίζω	V-PAI-3S	certain	cn3	ἐὰν	subordinating	condition	suggested	condition	C1	C2	medium	suggested-relationship	function follows connector inventory; subordinating connector before/near target finite clause
1corintios	7	36	C2	finite-anchor	11	ᾖ	εἰμί	V-PAS-3S	certain	cn3	ἐὰν	subordinating	condition	suggested	condition	C1	C2	medium	suggested-relationship	function follows connector inventory; subordinating connector before/near target finite clause
1corintios	7	36	C2	finite-anchor	11	ᾖ	εἰμί	V-PAS-3S	certain	cn4	καὶ	coordinating	coordination	suggested	coordinate/add	C2	C3	medium	suggested-relationship	function follows connector inventory; coordinating connector between finite clauses
1corintios	7	36	C3	finite-anchor	15	ὀφείλει	ὀφείλω	V-PAI-3S	certain	cn4	καὶ	coordinating	coordination	suggested	coordinate/add	C2	C3	medium	suggested-relationship	function follows connector inventory; coordinating connector between finite clauses
1corintios	7	36	C4	finite-anchor	18	θέλει	θέλω	V-PAI-3S	certain										confirmed-finite-anchor	finite clause anchor with unresolved connector relationship
1corintios	7	36	C5	finite-anchor	19	ποιείτω	ποιέω	V-PAD-3S	certain										confirmed-finite-anchor	finite clause anchor with unresolved connector relationship
1corintios	7	36	C6	finite-anchor	21	ἁμαρτάνει	ἁμαρτάνω	V-PAI-3S	certain										confirmed-finite-anchor	finite clause anchor with unresolved connector relationship
1corintios	7	36	C7	finite-anchor	22	γαμείτωσαν	γαμέω	V-PAD-3P	certain										confirmed-finite-anchor	finite clause anchor with unresolved connector relationship
1corintios	7	37	C1	finite-anchor	03	ἕστηκεν	ἵστημι	V-XAI-3S	certain	cn1	δὲ	coordinating	coordination	suggested	coordinate/add		C1	low	suggested-relationship	function follows connector inventory; connector before first finite clause or source outside verse
1corintios	7	37	C1	finite-anchor	03	ἕστηκεν	ἵστημι	V-XAI-3S	certain	cn3	δὲ	coordinating	coordination	suggested	coordinate/add	C1	C2	medium	suggested-relationship	function follows connector inventory; coordinating connector between finite clauses
1corintios	7	37	C2	finite-anchor	14	ἔχει	ἔχω	V-PAI-3S	certain	cn3	δὲ	coordinating	coordination	suggested	coordinate/add	C1	C2	medium	suggested-relationship	function follows connector inventory; coordinating connector between finite clauses
1corintios	7	37	C2	finite-anchor	14	ἔχει	ἔχω	V-PAI-3S	certain	cn4	καὶ	coordinating	coordination	suggested	coordinate/add	C2	C3	medium	suggested-relationship	function follows connector inventory; coordinating connector between finite clauses
1corintios	7	37	C3	finite-anchor	21	κέκρικεν	κρίνω	V-XAI-3S	certain	cn4	καὶ	coordinating	coordination	suggested	coordinate/add	C2	C3	medium	suggested-relationship	function follows connector inventory; coordinating connector between finite clauses
1corintios	7	37	C4	finite-anchor	31	ποιήσει	ποιέω	V-FAI-3S	certain										confirmed-finite-anchor	finite clause anchor with unresolved connector relationship
1corintios	7	38	C1	finite-anchor	09	ποιεῖ	ποιέω	V-PAI-3S	certain	cn1	ὥστε	subordinating	result/inference	suggested	result/inference		C1	low	suggested-relationship	context-sensitive function; keep as suggested; target finite clause found; source not available in verse
1corintios	7	38	C1	finite-anchor	09	ποιεῖ	ποιέω	V-PAI-3S	certain	cn2	καὶ	coordinating	coordination	suggested	coordinate/add		C1	low	suggested-relationship	function follows connector inventory; connector before first finite clause or source outside verse
1corintios	7	38	C1	finite-anchor	09	ποιεῖ	ποιέω	V-PAI-3S	certain	cn3	καὶ	coordinating	coordination	suggested	coordinate/add	C1	C2	medium	suggested-relationship	function follows connector inventory; coordinating connector between finite clauses
1corintios	7	38	C2	finite-anchor	15	ποιήσει	ποιέω	V-FAI-3S	certain	cn3	καὶ	coordinating	coordination	suggested	coordinate/add	C1	C2	medium	suggested-relationship	function follows connector inventory; coordinating connector between finite clauses
1corintios	7	39	C1	finite-anchor	02	δέδεται	δέω	V-XPI-3S	certain										confirmed-finite-anchor	finite clause anchor with unresolved connector relationship
1corintios	7	39	C2	finite-anchor	06	ζῇ	ζάω	V-PAI-3S	certain	cn1	ἐὰν	subordinating	condition	suggested	condition	C2	C3	medium	suggested-relationship	function follows connector inventory; subordinating connector before/near target finite clause
1corintios	7	39	C2	finite-anchor	06	ζῇ	ζάω	V-PAI-3S	certain	cn2	δὲ	coordinating	coordination	suggested	coordinate/add	C2	C3	medium	suggested-relationship	function follows connector inventory; coordinating connector between finite clauses
1corintios	7	39	C3	finite-anchor	12	κοιμηθῇ	κοιμάομαι	V-APS-3S	certain	cn1	ἐὰν	subordinating	condition	suggested	condition	C2	C3	medium	suggested-relationship	function follows connector inventory; subordinating connector before/near target finite clause
1corintios	7	39	C3	finite-anchor	12	κοιμηθῇ	κοιμάομαι	V-APS-3S	certain	cn2	δὲ	coordinating	coordination	suggested	coordinate/add	C2	C3	medium	suggested-relationship	function follows connector inventory; coordinating connector between finite clauses
1corintios	7	39	C4	finite-anchor	16	ἐστὶν	εἰμί	V-PAI-3S	certain										confirmed-finite-anchor	finite clause anchor with unresolved connector relationship
1corintios	7	39	C5	finite-anchor	18	θέλει	θέλω	V-PAI-3S	certain										confirmed-finite-anchor	finite clause anchor with unresolved connector relationship
1corintios	7	40	C1	finite-anchor	03	ἐστιν	εἰμί	V-PAI-3S	certain	cn1	δέ	coordinating	coordination	suggested	coordinate/add		C1	low	suggested-relationship	function follows connector inventory; connector before first finite clause or source outside verse
1corintios	7	40	C1	finite-anchor	03	ἐστιν	εἰμί	V-PAI-3S	certain	cn2	ἐὰν	subordinating	condition	suggested	condition	C1	C2	medium	suggested-relationship	function follows connector inventory; subordinating connector before/near target finite clause
1corintios	7	40	C2	finite-anchor	06	μείνῃ	μένω	V-AAS-3S	certain	cn2	ἐὰν	subordinating	condition	suggested	condition	C1	C2	medium	suggested-relationship	function follows connector inventory; subordinating connector before/near target finite clause
1corintios	7	40	C3	finite-anchor	11	δοκῶ	δοκέω	V-PAI-1S	certain	cn3	δὲ	coordinating	coordination	suggested	coordinate/add	C3		low	suggested-relationship	function follows connector inventory; connector after last finite clause or target outside verse
1corintios	8	1	C1	finite-anchor	05	οἴδαμεν	οἶδα	V-XAI-1P	certain	cn1	δὲ	coordinating	coordination	suggested	coordinate/add		C1	low	suggested-relationship	function follows connector inventory; connector before first finite clause or source outside verse
1corintios	8	1	C1	finite-anchor	05	οἴδαμεν	οἶδα	V-XAI-1P	certain	cn2	ὅτι	subordinating	content/cause	suggested	content-or-cause	C1	C2	medium	suggested-relationship	context-sensitive function; keep as suggested; subordinating connector before/near target finite clause
1corintios	8	1	C2	finite-anchor	09	ἔχομεν	ἔχω	V-PAI-1P	certain	cn2	ὅτι	subordinating	content/cause	suggested	content-or-cause	C1	C2	medium	suggested-relationship	context-sensitive function; keep as suggested; subordinating connector before/near target finite clause
1corintios	8	1	C3	finite-anchor	12	φυσιοῖ	φυσιόω	V-PAI-3S	certain	cn3	δὲ	coordinating	coordination	suggested	coordinate/add	C3	C4	medium	suggested-relationship	function follows connector inventory; coordinating connector between finite clauses
1corintios	8	1	C4	finite-anchor	16	οἰκοδομεῖ	οἰκοδομέω	V-PAI-3S	certain	cn3	δὲ	coordinating	coordination	suggested	coordinate/add	C3	C4	medium	suggested-relationship	function follows connector inventory; coordinating connector between finite clauses
1corintios	8	2	C1	finite-anchor	03	δοκεῖ	δοκέω	V-PAI-3S	certain	cn1	εἴ	subordinating	condition	suggested	condition		C1	low	suggested-relationship	function follows connector inventory; target finite clause found; source not available in verse
1corintios	8	2	C2	finite-anchor	07	ἔγνω	γινώσκω	V-AAI-3S	certain	cn2	καθὼς	subordinating	comparison/manner	suggested	comparison/manner	C2	C3	medium	suggested-relationship	context-sensitive function; keep as suggested; subordinating connector before/near target finite clause
1corintios	8	2	C3	finite-anchor	09	δεῖ	δέω	V-PAI-3S	certain	cn2	καθὼς	subordinating	comparison/manner	suggested	comparison/manner	C2	C3	medium	suggested-relationship	context-sensitive function; keep as suggested; subordinating connector before/near target finite clause
1corintios	8	3	C1	finite-anchor	04	ἀγαπᾷ	ἀγαπάω	V-PAI-3S	certain	cn1	εἰ	subordinating	condition	suggested	condition		C1	low	suggested-relationship	function follows connector inventory; target finite clause found; source not available in verse
1corintios	8	3	C1	finite-anchor	04	ἀγαπᾷ	ἀγαπάω	V-PAI-3S	certain	cn2	δέ	coordinating	coordination	suggested	coordinate/add		C1	low	suggested-relationship	function follows connector inventory; connector before first finite clause or source outside verse
1corintios	8	3	C2	finite-anchor	08	ἔγνωσται	γινώσκω	V-XPI-3S	certain										confirmed-finite-anchor	finite clause anchor with unresolved connector relationship
1corintios	8	4	C1	finite-anchor	07	οἴδαμεν	οἶδα	V-XAI-1P	certain	cn1	οὖν	coordinating	inference	suggested	inference/result		C1	low	suggested-relationship	function follows connector inventory; connector before first finite clause or source outside verse
1corintios	8	4	C1	finite-anchor	07	οἴδαμεν	οἶδα	V-XAI-1P	certain	cn3	καὶ	coordinating	coordination	suggested	coordinate/add	C1		low	suggested-relationship	function follows connector inventory; connector after last finite clause or target outside verse
1corintios	8	5	C1	finite-anchor	04	εἰσὶν	εἰμί	V-PAI-3P	certain	cn1	καὶ	coordinating	coordination	suggested	coordinate/add		C1	low	suggested-relationship	function follows connector inventory; connector before first finite clause or source outside verse
1corintios	8	5	C1	finite-anchor	04	εἰσὶν	εἰμί	V-PAI-3P	certain	cn2	γὰρ	coordinating	cause/ground	suggested	ground/explanation		C1	low	suggested-relationship	function follows connector inventory; connector before first finite clause or source outside verse
1corintios	8	5	C1	finite-anchor	04	εἰσὶν	εἰμί	V-PAI-3P	certain	cn3	εἴπερ	subordinating	condition	suggested	condition		C1	low	suggested-relationship	function follows connector inventory; target finite clause found; source not available in verse
1corintios	8	5	C1	finite-anchor	04	εἰσὶν	εἰμί	V-PAI-3P	certain	cn4	εἴτε	coordinating	alternative	suggested	alternative	C1	C2	medium	suggested-relationship	function follows connector inventory; coordinating connector between finite clauses
1corintios	8	5	C1	finite-anchor	04	εἰσὶν	εἰμί	V-PAI-3P	certain	cn5	εἴτε	coordinating	alternative	suggested	alternative	C1	C2	medium	suggested-relationship	function follows connector inventory; coordinating connector between finite clauses
1corintios	8	5	C1	finite-anchor	04	εἰσὶν	εἰμί	V-PAI-3P	certain	cn6	ὥσπερ	subordinating	comparison/manner	suggested	comparison/manner	C1	C2	medium	suggested-relationship	context-sensitive function; keep as suggested; subordinating connector before/near target finite clause
1corintios	8	5	C2	finite-anchor	14	εἰσὶν	εἰμί	V-PAI-3P	certain	cn4	εἴτε	coordinating	alternative	suggested	alternative	C1	C2	medium	suggested-relationship	function follows connector inventory; coordinating connector between finite clauses
1corintios	8	5	C2	finite-anchor	14	εἰσὶν	εἰμί	V-PAI-3P	certain	cn5	εἴτε	coordinating	alternative	suggested	alternative	C1	C2	medium	suggested-relationship	function follows connector inventory; coordinating connector between finite clauses
1corintios	8	5	C2	finite-anchor	14	εἰσὶν	εἰμί	V-PAI-3P	certain	cn6	ὥσπερ	subordinating	comparison/manner	suggested	comparison/manner	C1	C2	medium	suggested-relationship	context-sensitive function; keep as suggested; subordinating connector before/near target finite clause
1corintios	8	5	C2	finite-anchor	14	εἰσὶν	εἰμί	V-PAI-3P	certain	cn7	καὶ	coordinating	coordination	suggested	coordinate/add	C2		low	suggested-relationship	function follows connector inventory; connector after last finite clause or target outside verse
1corintios	8	7	C1	finite-anchor	17	ἐσθίουσιν	ἐσθίω	V-PAI-3P	certain	cn1	ἀλλʼ	coordinating	contrast	suggested	contrast		C1	low	suggested-relationship	function follows connector inventory; connector before first finite clause or source outside verse
1corintios	8	7	C1	finite-anchor	17	ἐσθίουσιν	ἐσθίω	V-PAI-3P	certain	cn3	δὲ	coordinating	coordination	suggested	coordinate/add		C1	low	suggested-relationship	function follows connector inventory; connector before first finite clause or source outside verse
1corintios	8	7	C1	finite-anchor	17	ἐσθίουσιν	ἐσθίω	V-PAI-3P	certain	cn4	ἕως	subordinating	temporal	suggested	temporal		C1	low	suggested-relationship	function follows connector inventory; target finite clause found; source not available in verse
1corintios	8	7	C1	finite-anchor	17	ἐσθίουσιν	ἐσθίω	V-PAI-3P	certain	cn5	ὡς	subordinating	comparison/manner	suggested	comparison/manner		C1	low	suggested-relationship	context-sensitive function; keep as suggested; target finite clause found; source not available in verse
1corintios	8	7	C1	finite-anchor	17	ἐσθίουσιν	ἐσθίω	V-PAI-3P	certain	cn6	καὶ	coordinating	coordination	suggested	coordinate/add	C1	C2	medium	suggested-relationship	function follows connector inventory; coordinating connector between finite clauses
1corintios	8	7	C2	finite-anchor	24	μολύνεται	μολύνω	V-PPI-3S	certain	cn6	καὶ	coordinating	coordination	suggested	coordinate/add	C1	C2	medium	suggested-relationship	function follows connector inventory; coordinating connector between finite clauses
1corintios	8	8	C1	finite-anchor	05	παραστήσει	παρίστημι	V-FAI-3S	certain	cn1	δὲ	coordinating	coordination	suggested	coordinate/add		C1	low	suggested-relationship	function follows connector inventory; connector before first finite clause or source outside verse
1corintios	8	8	C1	finite-anchor	05	παραστήσει	παρίστημι	V-FAI-3S	certain	cn3	οὔτε	coordinating	negative coordination	suggested	coordinate/negative	C1	C2	medium	suggested-relationship	function follows connector inventory; coordinating connector between finite clauses
1corintios	8	8	C1	finite-anchor	05	παραστήσει	παρίστημι	V-FAI-3S	certain	cn4	γὰρ	coordinating	cause/ground	suggested	ground/explanation	C1	C2	medium	suggested-relationship	function follows connector inventory; coordinating connector between finite clauses
1corintios	8	8	C1	finite-anchor	05	παραστήσει	παρίστημι	V-FAI-3S	certain	cn5	ἐὰν	subordinating	condition	suggested	condition	C1	C2	medium	suggested-relationship	function follows connector inventory; subordinating connector before/near target finite clause
1corintios	8	8	C2	finite-anchor	11	φάγωμεν	ἐσθίω	V-AAS-1P	certain	cn3	οὔτε	coordinating	negative coordination	suggested	coordinate/negative	C1	C2	medium	suggested-relationship	function follows connector inventory; coordinating connector between finite clauses
1corintios	8	8	C2	finite-anchor	11	φάγωμεν	ἐσθίω	V-AAS-1P	certain	cn4	γὰρ	coordinating	cause/ground	suggested	ground/explanation	C1	C2	medium	suggested-relationship	function follows connector inventory; coordinating connector between finite clauses
1corintios	8	8	C2	finite-anchor	11	φάγωμεν	ἐσθίω	V-AAS-1P	certain	cn5	ἐὰν	subordinating	condition	suggested	condition	C1	C2	medium	suggested-relationship	function follows connector inventory; subordinating connector before/near target finite clause
1corintios	8	8	C3	finite-anchor	12	περισσεύομεν	περισσεύω	V-PAI-1P	certain	cn6	οὔτε	coordinating	negative coordination	suggested	coordinate/negative	C3	C4	medium	suggested-relationship	function follows connector inventory; coordinating connector between finite clauses
1corintios	8	8	C3	finite-anchor	12	περισσεύομεν	περισσεύω	V-PAI-1P	certain	cn7	ἐὰν	subordinating	condition	suggested	condition	C3	C4	medium	suggested-relationship	function follows connector inventory; subordinating connector before/near target finite clause
1corintios	8	8	C4	finite-anchor	16	φάγωμεν	ἐσθίω	V-AAS-1P	certain	cn6	οὔτε	coordinating	negative coordination	suggested	coordinate/negative	C3	C4	medium	suggested-relationship	function follows connector inventory; coordinating connector between finite clauses
1corintios	8	8	C4	finite-anchor	16	φάγωμεν	ἐσθίω	V-AAS-1P	certain	cn7	ἐὰν	subordinating	condition	suggested	condition	C3	C4	medium	suggested-relationship	function follows connector inventory; subordinating connector before/near target finite clause
1corintios	8	8	C5	finite-anchor	17	ὑστερούμεθα	ὑστερέω	V-PPI-1P	certain										confirmed-finite-anchor	finite clause anchor with unresolved connector relationship
1corintios	8	9	C1	finite-anchor	01	βλέπετε	βλέπω	V-PAD-2P	certain	cn1	δὲ	coordinating	coordination	suggested	coordinate/add	C1	C2	medium	suggested-relationship	function follows connector inventory; coordinating connector between finite clauses
1corintios	8	9	C2	finite-anchor	10	γένηται	γίνομαι	V-AMS-3S	certain	cn1	δὲ	coordinating	coordination	suggested	coordinate/add	C1	C2	medium	suggested-relationship	function follows connector inventory; coordinating connector between finite clauses
1corintios	8	10	C1	finite-anchor	04	ἴδῃ	ὁράω	V-AAS-3S	certain	cn1	ἐὰν	subordinating	condition	suggested	condition		C1	low	suggested-relationship	function follows connector inventory; target finite clause found; source not available in verse
1corintios	8	10	C1	finite-anchor	04	ἴδῃ	ὁράω	V-AAS-3S	certain	cn2	γάρ	coordinating	cause/ground	suggested	ground/explanation		C1	low	suggested-relationship	function follows connector inventory; connector before first finite clause or source outside verse
1corintios	8	10	C2	finite-anchor	18	οἰκοδομηθήσεται	οἰκοδομέω	V-FPI-3S	certain										confirmed-finite-anchor	finite clause anchor with unresolved connector relationship
1corintios	8	11	C1	finite-anchor	01	ἀπόλλυται	ἀπόλλυμι	V-PPI-3S	certain	cn1	γὰρ	coordinating	cause/ground	suggested	ground/explanation	C1	C2	medium	suggested-relationship	function follows connector inventory; coordinating connector between finite clauses
1corintios	8	11	C2	finite-anchor	14	ἀπέθανεν	ἀποθνῄσκω	V-AAI-3S	certain	cn1	γὰρ	coordinating	cause/ground	suggested	ground/explanation	C1	C2	medium	suggested-relationship	function follows connector inventory; coordinating connector between finite clauses
1corintios	8	12	C1	finite-anchor	15	ἁμαρτάνετε	ἁμαρτάνω	V-PAI-2P	certain	cn1	δὲ	coordinating	coordination	suggested	coordinate/add		C1	low	suggested-relationship	function follows connector inventory; connector before first finite clause or source outside verse
1corintios	8	12	C1	finite-anchor	15	ἁμαρτάνετε	ἁμαρτάνω	V-PAI-2P	certain	cn2	καὶ	coordinating	coordination	suggested	coordinate/add		C1	low	suggested-relationship	function follows connector inventory; connector before first finite clause or source outside verse
1corintios	8	13	C1	finite-anchor	04	σκανδαλίζει	σκανδαλίζω	V-PAI-3S	certain	cn1	διόπερ	coordinating	inference	suggested	inference/result		C1	low	suggested-relationship	function follows connector inventory; connector before first finite clause or source outside verse
1corintios	8	13	C1	finite-anchor	04	σκανδαλίζει	σκανδαλίζω	V-PAI-3S	certain	cn2	εἰ	subordinating	condition	suggested	condition		C1	low	suggested-relationship	function follows connector inventory; target finite clause found; source not available in verse
1corintios	8	13	C2	finite-anchor	10	φάγω	ἐσθίω	V-AAS-1S	certain	cn5	ἵνα	subordinating	purpose/result	suggested	purpose/result	C2	C3	medium	suggested-relationship	context-sensitive function; keep as suggested; subordinating connector before/near target finite clause
1corintios	8	13	C3	finite-anchor	20	σκανδαλίσω	σκανδαλίζω	V-AAS-1S	certain	cn5	ἵνα	subordinating	purpose/result	suggested	purpose/result	C2	C3	medium	suggested-relationship	context-sensitive function; keep as suggested; subordinating connector before/near target finite clause
1corintios	9	1	C1	finite-anchor	02	εἰμὶ	εἰμί	V-PAI-1S	certain										confirmed-finite-anchor	finite clause anchor with unresolved connector relationship
1corintios	9	1	C2	finite-anchor	05	εἰμὶ	εἰμί	V-PAI-1S	certain										confirmed-finite-anchor	finite clause anchor with unresolved connector relationship
1corintios	9	1	C3	finite-anchor	12	ἑόρακα	ὁράω	V-XAI-1S	certain										confirmed-finite-anchor	finite clause anchor with unresolved connector relationship
1corintios	9	1	C4	finite-anchor	18	ἐστε	εἰμί	V-PAI-2P	certain										confirmed-finite-anchor	finite clause anchor with unresolved connector relationship
1corintios	9	2	C1	finite-anchor	04	εἰμὶ	εἰμί	V-PAI-1S	certain	cn1	εἰ	subordinating	condition	suggested	condition		C1	low	suggested-relationship	function follows connector inventory; target finite clause found; source not available in verse
1corintios	9	2	C1	finite-anchor	04	εἰμὶ	εἰμί	V-PAI-1S	certain	cn3	ἀλλά	coordinating	contrast	suggested	contrast	C1	C2	medium	suggested-relationship	function follows connector inventory; coordinating connector between finite clauses
1corintios	9	2	C2	finite-anchor	09	εἰμι	εἰμί	V-PAI-1S	certain	cn3	ἀλλά	coordinating	contrast	suggested	contrast	C1	C2	medium	suggested-relationship	function follows connector inventory; coordinating connector between finite clauses
1corintios	9	2	C2	finite-anchor	09	εἰμι	εἰμί	V-PAI-1S	certain	cn4	γὰρ	coordinating	cause/ground	suggested	ground/explanation	C2	C3	medium	suggested-relationship	function follows connector inventory; coordinating connector between finite clauses
1corintios	9	2	C3	finite-anchor	17	ἐστε	εἰμί	V-PAI-2P	certain	cn4	γὰρ	coordinating	cause/ground	suggested	ground/explanation	C2	C3	medium	suggested-relationship	function follows connector inventory; coordinating connector between finite clauses
1corintios	9	3	C1	finite-anchor	07	ἐστιν	εἰμί	V-PAI-3S	certain										confirmed-finite-anchor	finite clause anchor with no connector relationship
1corintios	9	4	C1	finite-anchor	03	ἔχομεν	ἔχω	V-PAI-1P	certain	cn3	καὶ	coordinating	coordination	suggested	coordinate/add	C1		low	suggested-relationship	function follows connector inventory; connector after last finite clause or target outside verse
1corintios	9	5	C1	finite-anchor	03	ἔχομεν	ἔχω	V-PAI-1P	certain	cn4	καὶ	coordinating	coordination	suggested	coordinate/add	C1		low	suggested-relationship	function follows connector inventory; connector after last finite clause or target outside verse
1corintios	9	5	C1	finite-anchor	03	ἔχομεν	ἔχω	V-PAI-1P	certain	cn5	καὶ	coordinating	coordination	suggested	coordinate/add	C1		low	suggested-relationship	function follows connector inventory; connector after last finite clause or target outside verse
1corintios	9	5	C1	finite-anchor	03	ἔχομεν	ἔχω	V-PAI-1P	certain	cn6	καὶ	coordinating	coordination	suggested	coordinate/add	C1		low	suggested-relationship	function follows connector inventory; connector after last finite clause or target outside verse
1corintios	9	6	C1	finite-anchor	07	ἔχομεν	ἔχω	V-PAI-1P	certain	cn1	ἢ	coordinating	alternative/comparison	suggested	alternative/comparison		C1	low	suggested-relationship	context-sensitive function; keep as suggested; connector before first finite clause or source outside verse
1corintios	9	6	C1	finite-anchor	07	ἔχομεν	ἔχω	V-PAI-1P	certain	cn2	καὶ	coordinating	coordination	suggested	coordinate/add		C1	low	suggested-relationship	function follows connector inventory; connector before first finite clause or source outside verse
1corintios	9	7	C1	finite-anchor	02	στρατεύεται	στρατεύομαι	V-PMI-3S	certain										confirmed-finite-anchor	finite clause anchor with unresolved connector relationship
1corintios	9	7	C2	finite-anchor	07	φυτεύει	φυτεύω	V-PAI-3S	certain	cn1	καὶ	coordinating	coordination	suggested	coordinate/add	C2	C3	medium	suggested-relationship	function follows connector inventory; coordinating connector between finite clauses
1corintios	9	7	C3	finite-anchor	14	ἐσθίει	ἐσθίω	V-PAI-3S	certain	cn1	καὶ	coordinating	coordination	suggested	coordinate/add	C2	C3	medium	suggested-relationship	function follows connector inventory; coordinating connector between finite clauses
1corintios	9	7	C4	finite-anchor	16	ποιμαίνει	ποιμαίνω	V-PAI-3S	certain	cn3	καὶ	coordinating	coordination	suggested	coordinate/add	C4	C5	medium	suggested-relationship	function follows connector inventory; coordinating connector between finite clauses
1corintios	9	7	C5	finite-anchor	25	ἐσθίει	ἐσθίω	V-PAI-3S	certain	cn3	καὶ	coordinating	coordination	suggested	coordinate/add	C4	C5	medium	suggested-relationship	function follows connector inventory; coordinating connector between finite clauses
1corintios	9	8	C1	finite-anchor	05	λαλῶ	λαλέω	V-PAI-1S	certain	cn2	ἢ	coordinating	alternative/comparison	suggested	alternative/comparison	C1	C2	medium	suggested-relationship	context-sensitive function; keep as suggested; coordinating connector between finite clauses
1corintios	9	8	C1	finite-anchor	05	λαλῶ	λαλέω	V-PAI-1S	certain	cn3	καὶ	coordinating	coordination	suggested	coordinate/add	C1	C2	medium	suggested-relationship	function follows connector inventory; coordinating connector between finite clauses
1corintios	9	8	C2	finite-anchor	12	λέγει	λέγω	V-PAI-3S	certain	cn2	ἢ	coordinating	alternative/comparison	suggested	alternative/comparison	C1	C2	medium	suggested-relationship	context-sensitive function; keep as suggested; coordinating connector between finite clauses
1corintios	9	8	C2	finite-anchor	12	λέγει	λέγω	V-PAI-3S	certain	cn3	καὶ	coordinating	coordination	suggested	coordinate/add	C1	C2	medium	suggested-relationship	function follows connector inventory; coordinating connector between finite clauses
1corintios	9	9	C1	finite-anchor	06	γέγραπται	γράφω	V-XPI-3S	certain	cn1	γὰρ	coordinating	cause/ground	suggested	ground/explanation		C1	low	suggested-relationship	function follows connector inventory; connector before first finite clause or source outside verse
1corintios	9	9	C2	finite-anchor	08	κημώσεις	κημόω	V-FAI-2S	certain										confirmed-finite-anchor	finite clause anchor with unresolved connector relationship
1corintios	9	9	C3	finite-anchor	14	μέλει	μέλει	V-PAI-3S	certain										confirmed-finite-anchor	finite clause anchor with unresolved connector relationship
1corintios	9	10	C1	finite-anchor	05	λέγει	λέγω	V-PAI-3S	certain	cn1	ἢ	coordinating	alternative/comparison	suggested	alternative/comparison		C1	low	suggested-relationship	context-sensitive function; keep as suggested; connector before first finite clause or source outside verse
1corintios	9	10	C1	finite-anchor	05	λέγει	λέγω	V-PAI-3S	certain	cn2	γὰρ	coordinating	cause/ground	suggested	ground/explanation	C1	C2	medium	suggested-relationship	function follows connector inventory; coordinating connector between finite clauses
1corintios	9	10	C2	finite-anchor	09	ἐγράφη	γράφω	V-API-3S	certain	cn2	γὰρ	coordinating	cause/ground	suggested	ground/explanation	C1	C2	medium	suggested-relationship	function follows connector inventory; coordinating connector between finite clauses
1corintios	9	10	C2	finite-anchor	09	ἐγράφη	γράφω	V-API-3S	certain	cn3	ὅτι	subordinating	content/cause	suggested	content-or-cause	C2	C3	medium	suggested-relationship	context-sensitive function; keep as suggested; subordinating connector before/near target finite clause
1corintios	9	10	C3	finite-anchor	11	ὀφείλει	ὀφείλω	V-PAI-3S	certain	cn3	ὅτι	subordinating	content/cause	suggested	content-or-cause	C2	C3	medium	suggested-relationship	context-sensitive function; keep as suggested; subordinating connector before/near target finite clause
1corintios	9	10	C3	finite-anchor	11	ὀφείλει	ὀφείλω	V-PAI-3S	certain	cn4	καὶ	coordinating	coordination	suggested	coordinate/add	C3		low	suggested-relationship	function follows connector inventory; connector after last finite clause or target outside verse
1corintios	9	11	C1	finite-anchor	06	ἐσπείραμεν	σπείρω	V-AAI-1P	certain	cn1	εἰ	subordinating	condition	suggested	condition		C1	low	suggested-relationship	function follows connector inventory; target finite clause found; source not available in verse
1corintios	9	11	C1	finite-anchor	06	ἐσπείραμεν	σπείρω	V-AAI-1P	certain	cn2	εἰ	subordinating	condition	suggested	condition	C1	C2	medium	suggested-relationship	function follows connector inventory; subordinating connector before/near target finite clause
1corintios	9	11	C2	finite-anchor	13	θερίσομεν	θερίζω	V-FAI-1P	certain	cn2	εἰ	subordinating	condition	suggested	condition	C1	C2	medium	suggested-relationship	function follows connector inventory; subordinating connector before/near target finite clause
1corintios	9	12	C1	finite-anchor	06	μετέχουσιν	μετέχω	V-PAI-3P	certain	cn1	εἰ	subordinating	condition	suggested	condition		C1	low	suggested-relationship	function follows connector inventory; target finite clause found; source not available in verse
1corintios	9	12	C1	finite-anchor	06	μετέχουσιν	μετέχω	V-PAI-3P	certain	cn3	ἀλλʼ	coordinating	contrast	suggested	contrast	C1	C2	medium	suggested-relationship	function follows connector inventory; coordinating connector between finite clauses
1corintios	9	12	C2	finite-anchor	12	ἐχρησάμεθα	χράομαι	V-AMI-1P	certain	cn3	ἀλλʼ	coordinating	contrast	suggested	contrast	C1	C2	medium	suggested-relationship	function follows connector inventory; coordinating connector between finite clauses
1corintios	9	12	C2	finite-anchor	12	ἐχρησάμεθα	χράομαι	V-AMI-1P	certain	cn5	ἀλλὰ	coordinating	contrast	suggested	contrast	C2	C3	medium	suggested-relationship	function follows connector inventory; coordinating connector between finite clauses
1corintios	9	12	C3	finite-anchor	18	στέγομεν	στέγω	V-PAI-1P	certain	cn5	ἀλλὰ	coordinating	contrast	suggested	contrast	C2	C3	medium	suggested-relationship	function follows connector inventory; coordinating connector between finite clauses
1corintios	9	12	C3	finite-anchor	18	στέγομεν	στέγω	V-PAI-1P	certain	cn6	ἵνα	subordinating	purpose/result	suggested	purpose/result	C3	C4	medium	suggested-relationship	context-sensitive function; keep as suggested; subordinating connector before/near target finite clause
1corintios	9	12	C4	finite-anchor	23	δῶμεν	δίδωμι	V-AAS-1P	certain	cn6	ἵνα	subordinating	purpose/result	suggested	purpose/result	C3	C4	medium	suggested-relationship	context-sensitive function; keep as suggested; subordinating connector before/near target finite clause
1corintios	9	13	C1	finite-anchor	02	οἴδατε	οἶδα	V-XAI-2P	certain	cn2	ὅτι	subordinating	content/cause	suggested	content-or-cause	C1	C2	medium	suggested-relationship	context-sensitive function; keep as suggested; subordinating connector before/near target finite clause
1corintios	9	13	C2	finite-anchor	12	ἐσθίουσιν	ἐσθίω	V-PAI-3P	certain	cn2	ὅτι	subordinating	content/cause	suggested	content-or-cause	C1	C2	medium	suggested-relationship	context-sensitive function; keep as suggested; subordinating connector before/near target finite clause
1corintios	9	13	C3	finite-anchor	19	συμμερίζονται	συμμερίζομαι	V-PMI-3P	certain										confirmed-finite-anchor	finite clause anchor with unresolved connector relationship
1corintios	9	14	C1	finite-anchor	05	διέταξεν	διατάσσω	V-AAI-3S	certain	cn1	καὶ	coordinating	coordination	suggested	coordinate/add		C1	low	suggested-relationship	function follows connector inventory; connector before first finite clause or source outside verse
1corintios	9	15	C1	finite-anchor	04	κέχρημαι	χράομαι	V-XMI-1S	certain	cn1	δὲ	coordinating	coordination	suggested	coordinate/add		C1	low	suggested-relationship	function follows connector inventory; connector before first finite clause or source outside verse
1corintios	9	15	C2	finite-anchor	08	ἔγραψα	γράφω	V-AAI-1S	certain	cn4	δὲ	coordinating	coordination	suggested	coordinate/add	C2	C3	medium	suggested-relationship	function follows connector inventory; coordinating connector between finite clauses
1corintios	9	15	C2	finite-anchor	08	ἔγραψα	γράφω	V-AAI-1S	certain	cn5	ἵνα	subordinating	purpose/result	suggested	purpose/result	C2	C3	medium	suggested-relationship	context-sensitive function; keep as suggested; subordinating connector before/near target finite clause
1corintios	9	15	C3	finite-anchor	13	γένηται	γίνομαι	V-AMS-3S	certain	cn4	δὲ	coordinating	coordination	suggested	coordinate/add	C2	C3	medium	suggested-relationship	function follows connector inventory; coordinating connector between finite clauses
1corintios	9	15	C3	finite-anchor	13	γένηται	γίνομαι	V-AMS-3S	certain	cn5	ἵνα	subordinating	purpose/result	suggested	purpose/result	C2	C3	medium	suggested-relationship	context-sensitive function; keep as suggested; subordinating connector before/near target finite clause
1corintios	9	15	C3	finite-anchor	13	γένηται	γίνομαι	V-AMS-3S	certain	cn6	γάρ	coordinating	cause/ground	suggested	ground/explanation	C3	C4	medium	suggested-relationship	function follows connector inventory; coordinating connector between finite clauses
1corintios	9	15	C3	finite-anchor	13	γένηται	γίνομαι	V-AMS-3S	certain	cn7	ἤ—	coordinating	alternative/comparison	suggested	alternative/comparison	C3	C4	medium	suggested-relationship	context-sensitive function; keep as suggested; coordinating connector between finite clauses
1corintios	9	15	C4	finite-anchor	26	κενώσει	κενόω	V-FAI-3S	certain	cn6	γάρ	coordinating	cause/ground	suggested	ground/explanation	C3	C4	medium	suggested-relationship	function follows connector inventory; coordinating connector between finite clauses
1corintios	9	15	C4	finite-anchor	26	κενώσει	κενόω	V-FAI-3S	certain	cn7	ἤ—	coordinating	alternative/comparison	suggested	alternative/comparison	C3	C4	medium	suggested-relationship	context-sensitive function; keep as suggested; coordinating connector between finite clauses
1corintios	9	16	C1	finite-anchor	03	εὐαγγελίζωμαι	εὐαγγελίζω	V-PMS-1S	certain	cn1	ἐὰν	subordinating	condition	suggested	condition		C1	low	suggested-relationship	function follows connector inventory; target finite clause found; source not available in verse
1corintios	9	16	C1	finite-anchor	03	εὐαγγελίζωμαι	εὐαγγελίζω	V-PMS-1S	certain	cn2	γὰρ	coordinating	cause/ground	suggested	ground/explanation		C1	low	suggested-relationship	function follows connector inventory; connector before first finite clause or source outside verse
1corintios	9	16	C2	finite-anchor	05	ἔστιν	εἰμί	V-PAI-3S	certain	cn4	γάρ	coordinating	cause/ground	suggested	ground/explanation	C2	C3	medium	suggested-relationship	function follows connector inventory; coordinating connector between finite clauses
1corintios	9	16	C3	finite-anchor	11	ἐπίκειται	ἐπίκειμαι	V-PMI-3S	certain	cn4	γάρ	coordinating	cause/ground	suggested	ground/explanation	C2	C3	medium	suggested-relationship	function follows connector inventory; coordinating connector between finite clauses
1corintios	9	16	C3	finite-anchor	11	ἐπίκειται	ἐπίκειμαι	V-PMI-3S	certain	cn5	γάρ	coordinating	cause/ground	suggested	ground/explanation	C3	C4	medium	suggested-relationship	function follows connector inventory; coordinating connector between finite clauses
1corintios	9	16	C4	finite-anchor	15	ἐστιν	εἰμί	V-PAI-3S	certain	cn5	γάρ	coordinating	cause/ground	suggested	ground/explanation	C3	C4	medium	suggested-relationship	function follows connector inventory; coordinating connector between finite clauses
1corintios	9	16	C4	finite-anchor	15	ἐστιν	εἰμί	V-PAI-3S	certain	cn6	ἐὰν	subordinating	condition	suggested	condition	C4	C5	medium	suggested-relationship	function follows connector inventory; subordinating connector before/near target finite clause
1corintios	9	16	C5	finite-anchor	18	εὐαγγελίσωμαι	εὐαγγελίζω	V-AMS-1S	certain	cn6	ἐὰν	subordinating	condition	suggested	condition	C4	C5	medium	suggested-relationship	function follows connector inventory; subordinating connector before/near target finite clause
1corintios	9	17	C1	finite-anchor	05	πράσσω	πράσσω	V-PAI-1S	certain	cn1	εἰ	subordinating	condition	suggested	condition		C1	low	suggested-relationship	function follows connector inventory; target finite clause found; source not available in verse
1corintios	9	17	C1	finite-anchor	05	πράσσω	πράσσω	V-PAI-1S	certain	cn2	γὰρ	coordinating	cause/ground	suggested	ground/explanation		C1	low	suggested-relationship	function follows connector inventory; connector before first finite clause or source outside verse
1corintios	9	17	C2	finite-anchor	07	ἔχω	ἔχω	V-PAI-1S	certain	cn3	εἰ	subordinating	condition	suggested	condition	C2	C3	medium	suggested-relationship	function follows connector inventory; subordinating connector before/near target finite clause
1corintios	9	17	C2	finite-anchor	07	ἔχω	ἔχω	V-PAI-1S	certain	cn4	δὲ	coordinating	coordination	suggested	coordinate/add	C2	C3	medium	suggested-relationship	function follows connector inventory; coordinating connector between finite clauses
1corintios	9	17	C3	finite-anchor	12	πεπίστευμαι	πιστεύω	V-XPI-1S	certain	cn3	εἰ	subordinating	condition	suggested	condition	C2	C3	medium	suggested-relationship	function follows connector inventory; subordinating connector before/near target finite clause
1corintios	9	17	C3	finite-anchor	12	πεπίστευμαι	πιστεύω	V-XPI-1S	certain	cn4	δὲ	coordinating	coordination	suggested	coordinate/add	C2	C3	medium	suggested-relationship	function follows connector inventory; coordinating connector between finite clauses
1corintios	9	18	C1	finite-anchor	04	ἐστιν	εἰμί	V-PAI-3S	certain	cn1	οὖν	coordinating	inference	suggested	inference/result		C1	low	suggested-relationship	function follows connector inventory; connector before first finite clause or source outside verse
1corintios	9	18	C1	finite-anchor	04	ἐστιν	εἰμί	V-PAI-3S	certain	cn2	ἵνα	subordinating	purpose/result	suggested	purpose/result	C1	C2	medium	suggested-relationship	context-sensitive function; keep as suggested; subordinating connector before/near target finite clause
1corintios	9	18	C2	finite-anchor	10	θήσω	τίθημι	V-AAS-1S	certain	cn2	ἵνα	subordinating	purpose/result	suggested	purpose/result	C1	C2	medium	suggested-relationship	context-sensitive function; keep as suggested; subordinating connector before/near target finite clause
1corintios	9	19	C1	finite-anchor	08	ἐδούλωσα	δουλόω	V-AAI-1S	certain	cn1	γὰρ	coordinating	cause/ground	suggested	ground/explanation		C1	low	suggested-relationship	function follows connector inventory; connector before first finite clause or source outside verse
1corintios	9	19	C1	finite-anchor	08	ἐδούλωσα	δουλόω	V-AAI-1S	certain	cn2	ἵνα	subordinating	purpose/result	suggested	purpose/result	C1	C2	medium	suggested-relationship	context-sensitive function; keep as suggested; subordinating connector before/near target finite clause
1corintios	9	19	C2	finite-anchor	12	κερδήσω	κερδαίνω	V-AAS-1S	certain	cn2	ἵνα	subordinating	purpose/result	suggested	purpose/result	C1	C2	medium	suggested-relationship	context-sensitive function; keep as suggested; subordinating connector before/near target finite clause
1corintios	9	20	C1	finite-anchor	02	ἐγενόμην	γίνομαι	V-AMI-1S	certain	cn1	καὶ	coordinating	coordination	suggested	coordinate/add		C1	low	suggested-relationship	function follows connector inventory; connector before first finite clause or source outside verse
1corintios	9	20	C1	finite-anchor	02	ἐγενόμην	γίνομαι	V-AMI-1S	certain	cn2	ὡς	subordinating	comparison/manner	suggested	comparison/manner	C1	C2	medium	suggested-relationship	context-sensitive function; keep as suggested; subordinating connector before/near target finite clause
1corintios	9	20	C1	finite-anchor	02	ἐγενόμην	γίνομαι	V-AMI-1S	certain	cn3	ἵνα	subordinating	purpose/result	suggested	purpose/result	C1	C2	medium	suggested-relationship	context-sensitive function; keep as suggested; subordinating connector before/near target finite clause
1corintios	9	20	C2	finite-anchor	09	κερδήσω	κερδαίνω	V-AAS-1S	certain	cn2	ὡς	subordinating	comparison/manner	suggested	comparison/manner	C1	C2	medium	suggested-relationship	context-sensitive function; keep as suggested; subordinating connector before/near target finite clause
1corintios	9	20	C2	finite-anchor	09	κερδήσω	κερδαίνω	V-AAS-1S	certain	cn3	ἵνα	subordinating	purpose/result	suggested	purpose/result	C1	C2	medium	suggested-relationship	context-sensitive function; keep as suggested; subordinating connector before/near target finite clause
1corintios	9	20	C2	finite-anchor	09	κερδήσω	κερδαίνω	V-AAS-1S	certain	cn4	ὡς	subordinating	comparison/manner	suggested	comparison/manner	C2	C3	medium	suggested-relationship	context-sensitive function; keep as suggested; subordinating connector before/near target finite clause
1corintios	9	20	C2	finite-anchor	09	κερδήσω	κερδαίνω	V-AAS-1S	certain	cn6	ἵνα	subordinating	purpose/result	suggested	purpose/result	C2	C3	medium	suggested-relationship	context-sensitive function; keep as suggested; subordinating connector before/near target finite clause
1corintios	9	20	C3	finite-anchor	25	κερδήσω	κερδαίνω	V-AAS-1S	certain	cn4	ὡς	subordinating	comparison/manner	suggested	comparison/manner	C2	C3	medium	suggested-relationship	context-sensitive function; keep as suggested; subordinating connector before/near target finite clause
1corintios	9	20	C3	finite-anchor	25	κερδήσω	κερδαίνω	V-AAS-1S	certain	cn6	ἵνα	subordinating	purpose/result	suggested	purpose/result	C2	C3	medium	suggested-relationship	context-sensitive function; keep as suggested; subordinating connector before/near target finite clause
1corintios	9	21	C1	finite-anchor	13	κερδάνω	κερδαίνω	V-AAS-1S	certain	cn1	ὡς	subordinating	comparison/manner	suggested	comparison/manner		C1	low	suggested-relationship	context-sensitive function; keep as suggested; target finite clause found; source not available in verse
1corintios	9	21	C1	finite-anchor	13	κερδάνω	κερδαίνω	V-AAS-1S	certain	cn3	ἀλλʼ	coordinating	contrast	suggested	contrast		C1	low	suggested-relationship	function follows connector inventory; connector before first finite clause or source outside verse
1corintios	9	21	C1	finite-anchor	13	κερδάνω	κερδαίνω	V-AAS-1S	certain	cn4	ἵνα	subordinating	purpose/result	suggested	purpose/result		C1	low	suggested-relationship	context-sensitive function; keep as suggested; target finite clause found; source not available in verse
1corintios	9	22	C1	finite-anchor	01	ἐγενόμην	γίνομαι	V-AMI-1S	certain	cn1	ἵνα	subordinating	purpose/result	suggested	purpose/result	C1	C2	medium	suggested-relationship	context-sensitive function; keep as suggested; subordinating connector before/near target finite clause
1corintios	9	22	C2	finite-anchor	08	κερδήσω	κερδαίνω	V-AAS-1S	certain	cn1	ἵνα	subordinating	purpose/result	suggested	purpose/result	C1	C2	medium	suggested-relationship	context-sensitive function; keep as suggested; subordinating connector before/near target finite clause
1corintios	9	22	C3	finite-anchor	11	γέγονα	γίνομαι	V-XAI-1S	certain	cn2	ἵνα	subordinating	purpose/result	suggested	purpose/result	C3	C4	medium	suggested-relationship	context-sensitive function; keep as suggested; subordinating connector before/near target finite clause
1corintios	9	22	C4	finite-anchor	16	σώσω	σῴζω	V-AAS-1S	certain	cn2	ἵνα	subordinating	purpose/result	suggested	purpose/result	C3	C4	medium	suggested-relationship	context-sensitive function; keep as suggested; subordinating connector before/near target finite clause
1corintios	9	23	C1	finite-anchor	03	ποιῶ	ποιέω	V-PAI-1S	certain	cn1	δὲ	coordinating	coordination	suggested	coordinate/add		C1	low	suggested-relationship	function follows connector inventory; connector before first finite clause or source outside verse
1corintios	9	23	C1	finite-anchor	03	ποιῶ	ποιέω	V-PAI-1S	certain	cn2	ἵνα	subordinating	purpose/result	suggested	purpose/result	C1	C2	medium	suggested-relationship	context-sensitive function; keep as suggested; subordinating connector before/near target finite clause
1corintios	9	23	C2	finite-anchor	10	γένωμαι	γίνομαι	V-AMS-1S	certain	cn2	ἵνα	subordinating	purpose/result	suggested	purpose/result	C1	C2	medium	suggested-relationship	context-sensitive function; keep as suggested; subordinating connector before/near target finite clause
1corintios	9	24	C1	finite-anchor	02	οἴδατε	οἶδα	V-XAI-2P	certain	cn2	ὅτι	subordinating	content/cause	suggested	content-or-cause	C1	C2	medium	suggested-relationship	context-sensitive function; keep as suggested; subordinating connector before/near target finite clause
1corintios	9	24	C2	finite-anchor	10	τρέχουσιν	τρέχω	V-PAI-3P	certain	cn2	ὅτι	subordinating	content/cause	suggested	content-or-cause	C1	C2	medium	suggested-relationship	context-sensitive function; keep as suggested; subordinating connector before/near target finite clause
1corintios	9	24	C2	finite-anchor	10	τρέχουσιν	τρέχω	V-PAI-3P	certain	cn3	δὲ	coordinating	coordination	suggested	coordinate/add	C2	C3	medium	suggested-relationship	function follows connector inventory; coordinating connector between finite clauses
1corintios	9	24	C3	finite-anchor	13	λαμβάνει	λαμβάνω	V-PAI-3S	certain	cn3	δὲ	coordinating	coordination	suggested	coordinate/add	C2	C3	medium	suggested-relationship	function follows connector inventory; coordinating connector between finite clauses
1corintios	9	24	C4	finite-anchor	17	τρέχετε	τρέχω	V-PAD-2P	certain	cn4	ἵνα	subordinating	purpose/result	suggested	purpose/result	C4	C5	medium	suggested-relationship	context-sensitive function; keep as suggested; subordinating connector before/near target finite clause
1corintios	9	24	C5	finite-anchor	19	καταλάβητε	καταλαμβάνω	V-AAS-2P	certain	cn4	ἵνα	subordinating	purpose/result	suggested	purpose/result	C4	C5	medium	suggested-relationship	context-sensitive function; keep as suggested; subordinating connector before/near target finite clause
1corintios	9	25	C1	finite-anchor	06	ἐγκρατεύεται	ἐγκρατεύομαι	V-PMI-3S	certain	cn1	δὲ	coordinating	coordination	suggested	coordinate/add		C1	low	suggested-relationship	function follows connector inventory; connector before first finite clause or source outside verse
1corintios	9	25	C1	finite-anchor	06	ἐγκρατεύεται	ἐγκρατεύομαι	V-PMI-3S	certain	cn2	οὖν	coordinating	inference	suggested	inference/result	C1	C2	medium	suggested-relationship	function follows connector inventory; coordinating connector between finite clauses
1corintios	9	25	C1	finite-anchor	06	ἐγκρατεύεται	ἐγκρατεύομαι	V-PMI-3S	certain	cn3	ἵνα	subordinating	purpose/result	suggested	purpose/result	C1	C2	medium	suggested-relationship	context-sensitive function; keep as suggested; subordinating connector before/near target finite clause
1corintios	9	25	C2	finite-anchor	13	λάβωσιν	λαμβάνω	V-AAS-3P	certain	cn2	οὖν	coordinating	inference	suggested	inference/result	C1	C2	medium	suggested-relationship	function follows connector inventory; coordinating connector between finite clauses
1corintios	9	25	C2	finite-anchor	13	λάβωσιν	λαμβάνω	V-AAS-3P	certain	cn3	ἵνα	subordinating	purpose/result	suggested	purpose/result	C1	C2	medium	suggested-relationship	context-sensitive function; keep as suggested; subordinating connector before/near target finite clause
1corintios	9	25	C2	finite-anchor	13	λάβωσιν	λαμβάνω	V-AAS-3P	certain	cn4	δὲ	coordinating	coordination	suggested	coordinate/add	C2		low	suggested-relationship	function follows connector inventory; connector after last finite clause or target outside verse
1corintios	9	26	C1	finite-anchor	04	τρέχω	τρέχω	V-PAI-1S	certain	cn1	τοίνυν	coordinating	inference	suggested	inference/result		C1	low	suggested-relationship	function follows connector inventory; connector before first finite clause or source outside verse
1corintios	9	26	C1	finite-anchor	04	τρέχω	τρέχω	V-PAI-1S	certain	cn2	ὡς	subordinating	comparison/manner	suggested	comparison/manner	C1	C2	medium	suggested-relationship	context-sensitive function; keep as suggested; subordinating connector before/near target finite clause
1corintios	9	26	C2	finite-anchor	09	πυκτεύω	πυκτεύω	V-PAI-1S	certain	cn2	ὡς	subordinating	comparison/manner	suggested	comparison/manner	C1	C2	medium	suggested-relationship	context-sensitive function; keep as suggested; subordinating connector before/near target finite clause
1corintios	9	27	C1	finite-anchor	02	ὑπωπιάζω	ὑπωπιάζω	V-PAI-1S	certain	cn1	ἀλλὰ	coordinating	contrast	suggested	contrast		C1	low	suggested-relationship	function follows connector inventory; connector before first finite clause or source outside verse
1corintios	9	27	C1	finite-anchor	02	ὑπωπιάζω	ὑπωπιάζω	V-PAI-1S	certain	cn2	καὶ	coordinating	coordination	suggested	coordinate/add	C1	C2	medium	suggested-relationship	function follows connector inventory; coordinating connector between finite clauses
1corintios	9	27	C2	finite-anchor	07	δουλαγωγῶ	δουλαγωγέω	V-PAI-1S	certain	cn2	καὶ	coordinating	coordination	suggested	coordinate/add	C1	C2	medium	suggested-relationship	function follows connector inventory; coordinating connector between finite clauses
1corintios	9	27	C3	finite-anchor	14	γένωμαι	γίνομαι	V-AMS-1S	certain										confirmed-finite-anchor	finite clause anchor with unresolved connector relationship
1corintios	10	1	C1	finite-anchor	02	θέλω	θέλω	V-PAI-1S	certain	cn2	γὰρ	coordinating	cause/ground	suggested	ground/explanation	C1	C2	medium	suggested-relationship	function follows connector inventory; coordinating connector between finite clauses
1corintios	10	1	C1	finite-anchor	02	θέλω	θέλω	V-PAI-1S	certain	cn3	ὅτι	subordinating	content/cause	suggested	content-or-cause	C1	C2	medium	suggested-relationship	context-sensitive function; keep as suggested; subordinating connector before/near target finite clause
1corintios	10	1	C2	finite-anchor	15	ἦσαν	εἰμί	V-IAI-3P	certain	cn2	γὰρ	coordinating	cause/ground	suggested	ground/explanation	C1	C2	medium	suggested-relationship	function follows connector inventory; coordinating connector between finite clauses
1corintios	10	1	C2	finite-anchor	15	ἦσαν	εἰμί	V-IAI-3P	certain	cn3	ὅτι	subordinating	content/cause	suggested	content-or-cause	C1	C2	medium	suggested-relationship	context-sensitive function; keep as suggested; subordinating connector before/near target finite clause
1corintios	10	1	C2	finite-anchor	15	ἦσαν	εἰμί	V-IAI-3P	certain	cn4	καὶ	coordinating	coordination	suggested	coordinate/add	C2	C3	medium	suggested-relationship	function follows connector inventory; coordinating connector between finite clauses
1corintios	10	1	C3	finite-anchor	21	διῆλθον	διέρχομαι	V-AAI-3P	certain	cn4	καὶ	coordinating	coordination	suggested	coordinate/add	C2	C3	medium	suggested-relationship	function follows connector inventory; coordinating connector between finite clauses
1corintios	10	2	C1	finite-anchor	06	ἐβαπτίσαντο	βαπτίζω	V-AMI-3P	certain	cn1	καὶ	coordinating	coordination	suggested	coordinate/add		C1	low	suggested-relationship	function follows connector inventory; connector before first finite clause or source outside verse
1corintios	10	2	C1	finite-anchor	06	ἐβαπτίσαντο	βαπτίζω	V-AMI-3P	certain	cn2	καὶ	coordinating	coordination	suggested	coordinate/add	C1		low	suggested-relationship	function follows connector inventory; connector after last finite clause or target outside verse
1corintios	10	3	C1	finite-anchor	07	ἔφαγον	ἐσθίω	V-AAI-3P	certain	cn1	καὶ	coordinating	coordination	suggested	coordinate/add		C1	low	suggested-relationship	function follows connector inventory; connector before first finite clause or source outside verse
1corintios	10	4	C1	finite-anchor	06	ἔπιον	πίνω	V-AAI-3P	certain	cn1	καὶ	coordinating	coordination	suggested	coordinate/add		C1	low	suggested-relationship	function follows connector inventory; connector before first finite clause or source outside verse
1corintios	10	4	C2	finite-anchor	08	ἔπινον	πίνω	V-IAI-3P	certain	cn2	γὰρ	coordinating	cause/ground	suggested	ground/explanation	C2	C3	medium	suggested-relationship	function follows connector inventory; coordinating connector between finite clauses
1corintios	10	4	C2	finite-anchor	08	ἔπινον	πίνω	V-IAI-3P	certain	cn3	δὲ	coordinating	coordination	suggested	coordinate/add	C2	C3	medium	suggested-relationship	function follows connector inventory; coordinating connector between finite clauses
1corintios	10	4	C3	finite-anchor	17	ἦν	εἰμί	V-IAI-3S	certain	cn2	γὰρ	coordinating	cause/ground	suggested	ground/explanation	C2	C3	medium	suggested-relationship	function follows connector inventory; coordinating connector between finite clauses
1corintios	10	4	C3	finite-anchor	17	ἦν	εἰμί	V-IAI-3S	certain	cn3	δὲ	coordinating	coordination	suggested	coordinate/add	C2	C3	medium	suggested-relationship	function follows connector inventory; coordinating connector between finite clauses
1corintios	10	5	C1	finite-anchor	07	ηὐδόκησεν	εὐδοκέω	V-AAI-3S	certain	cn1	ἀλλʼ	coordinating	contrast	suggested	contrast		C1	low	suggested-relationship	function follows connector inventory; connector before first finite clause or source outside verse
1corintios	10	5	C2	finite-anchor	10	κατεστρώθησαν	καταστρώννυμι	V-API-3P	certain	cn3	γὰρ	coordinating	cause/ground	suggested	ground/explanation	C2		low	suggested-relationship	function follows connector inventory; connector after last finite clause or target outside verse
1corintios	10	6	C1	finite-anchor	05	ἐγενήθησαν	γίνομαι	V-API-3P	certain	cn1	δὲ	coordinating	coordination	suggested	coordinate/add		C1	low	suggested-relationship	function follows connector inventory; connector before first finite clause or source outside verse
1corintios	10	6	C1	finite-anchor	05	ἐγενήθησαν	γίνομαι	V-API-3P	certain	cn3	καθὼς	subordinating	comparison/manner	suggested	comparison/manner	C1	C2	medium	suggested-relationship	context-sensitive function; keep as suggested; subordinating connector before/near target finite clause
1corintios	10	6	C2	finite-anchor	15	ἐπεθύμησαν	ἐπιθυμέω	V-AAI-3P	certain	cn3	καθὼς	subordinating	comparison/manner	suggested	comparison/manner	C1	C2	medium	suggested-relationship	context-sensitive function; keep as suggested; subordinating connector before/near target finite clause
1corintios	10	7	C1	finite-anchor	03	γίνεσθε	γίνομαι	V-PMD-2P	certain	cn1	μηδὲ	coordinating	negative coordination	suggested	coordinate/negative		C1	low	suggested-relationship	function follows connector inventory; connector before first finite clause or source outside verse
1corintios	10	7	C1	finite-anchor	03	γίνεσθε	γίνομαι	V-PMD-2P	certain	cn2	καθώς	subordinating	comparison/manner	suggested	comparison/manner	C1	C2	medium	suggested-relationship	context-sensitive function; keep as suggested; subordinating connector before/near target finite clause
1corintios	10	7	C1	finite-anchor	03	γίνεσθε	γίνομαι	V-PMD-2P	certain	cn3	ὥσπερ	subordinating	comparison/manner	suggested	comparison/manner	C1	C2	medium	suggested-relationship	context-sensitive function; keep as suggested; subordinating connector before/near target finite clause
1corintios	10	7	C2	finite-anchor	08	γέγραπται	γράφω	V-XPI-3S	certain	cn2	καθώς	subordinating	comparison/manner	suggested	comparison/manner	C1	C2	medium	suggested-relationship	context-sensitive function; keep as suggested; subordinating connector before/near target finite clause
1corintios	10	7	C2	finite-anchor	08	γέγραπται	γράφω	V-XPI-3S	certain	cn3	ὥσπερ	subordinating	comparison/manner	suggested	comparison/manner	C1	C2	medium	suggested-relationship	context-sensitive function; keep as suggested; subordinating connector before/near target finite clause
1corintios	10	7	C3	finite-anchor	09	ἐκάθισεν	καθίζω	V-AAI-3S	certain	cn4	καὶ	coordinating	coordination	suggested	coordinate/add	C3	C4	medium	suggested-relationship	function follows connector inventory; coordinating connector between finite clauses
1corintios	10	7	C3	finite-anchor	09	ἐκάθισεν	καθίζω	V-AAI-3S	certain	cn5	καὶ	coordinating	coordination	suggested	coordinate/add	C3	C4	medium	suggested-relationship	function follows connector inventory; coordinating connector between finite clauses
1corintios	10	7	C4	finite-anchor	16	ἀνέστησαν	ἀνίστημι	V-AAI-3P	certain	cn4	καὶ	coordinating	coordination	suggested	coordinate/add	C3	C4	medium	suggested-relationship	function follows connector inventory; coordinating connector between finite clauses
1corintios	10	7	C4	finite-anchor	16	ἀνέστησαν	ἀνίστημι	V-AAI-3P	certain	cn5	καὶ	coordinating	coordination	suggested	coordinate/add	C3	C4	medium	suggested-relationship	function follows connector inventory; coordinating connector between finite clauses
1corintios	10	8	C1	finite-anchor	02	πορνεύωμεν	πορνεύω	V-PAS-1P	certain	cn1	μηδὲ	coordinating	negative coordination	suggested	coordinate/negative		C1	low	suggested-relationship	function follows connector inventory; connector before first finite clause or source outside verse
1corintios	10	8	C1	finite-anchor	02	πορνεύωμεν	πορνεύω	V-PAS-1P	certain	cn2	καθώς	subordinating	comparison/manner	suggested	comparison/manner	C1	C2	medium	suggested-relationship	context-sensitive function; keep as suggested; subordinating connector before/near target finite clause
1corintios	10	8	C2	finite-anchor	06	ἐπόρνευσαν	πορνεύω	V-AAI-3P	certain	cn2	καθώς	subordinating	comparison/manner	suggested	comparison/manner	C1	C2	medium	suggested-relationship	context-sensitive function; keep as suggested; subordinating connector before/near target finite clause
1corintios	10	8	C2	finite-anchor	06	ἐπόρνευσαν	πορνεύω	V-AAI-3P	certain	cn3	καὶ	coordinating	coordination	suggested	coordinate/add	C2	C3	medium	suggested-relationship	function follows connector inventory; coordinating connector between finite clauses
1corintios	10	8	C3	finite-anchor	08	ἔπεσαν	πίπτω	V-AAI-3P	certain	cn3	καὶ	coordinating	coordination	suggested	coordinate/add	C2	C3	medium	suggested-relationship	function follows connector inventory; coordinating connector between finite clauses
1corintios	10	9	C1	finite-anchor	02	ἐκπειράζωμεν	ἐκπειράζω	V-PAS-1P	certain	cn1	μηδὲ	coordinating	negative coordination	suggested	coordinate/negative		C1	low	suggested-relationship	function follows connector inventory; connector before first finite clause or source outside verse
1corintios	10	9	C1	finite-anchor	02	ἐκπειράζωμεν	ἐκπειράζω	V-PAS-1P	certain	cn2	καθώς	subordinating	comparison/manner	suggested	comparison/manner	C1	C2	medium	suggested-relationship	context-sensitive function; keep as suggested; subordinating connector before/near target finite clause
1corintios	10	9	C2	finite-anchor	08	ἐπείρασαν	πειράζω	V-AAI-3P	certain	cn2	καθώς	subordinating	comparison/manner	suggested	comparison/manner	C1	C2	medium	suggested-relationship	context-sensitive function; keep as suggested; subordinating connector before/near target finite clause
1corintios	10	9	C2	finite-anchor	08	ἐπείρασαν	πειράζω	V-AAI-3P	certain	cn3	καὶ	coordinating	coordination	suggested	coordinate/add	C2	C3	medium	suggested-relationship	function follows connector inventory; coordinating connector between finite clauses
1corintios	10	9	C3	finite-anchor	13	ἀπώλλυντο	ἀπόλλυμι	V-IPI-3P	certain	cn3	καὶ	coordinating	coordination	suggested	coordinate/add	C2	C3	medium	suggested-relationship	function follows connector inventory; coordinating connector between finite clauses
1corintios	10	10	C1	finite-anchor	02	γογγύζετε	γογγύζω	V-PAD-2P	certain	cn1	μηδὲ	coordinating	negative coordination	suggested	coordinate/negative		C1	low	suggested-relationship	function follows connector inventory; connector before first finite clause or source outside verse
1corintios	10	10	C1	finite-anchor	02	γογγύζετε	γογγύζω	V-PAD-2P	certain	cn2	καθάπερ	subordinating	comparison/manner	suggested	comparison/manner	C1	C2	medium	suggested-relationship	context-sensitive function; keep as suggested; subordinating connector before/near target finite clause
1corintios	10	10	C2	finite-anchor	06	ἐγόγγυσαν	γογγύζω	V-AAI-3P	certain	cn2	καθάπερ	subordinating	comparison/manner	suggested	comparison/manner	C1	C2	medium	suggested-relationship	context-sensitive function; keep as suggested; subordinating connector before/near target finite clause
1corintios	10	10	C2	finite-anchor	06	ἐγόγγυσαν	γογγύζω	V-AAI-3P	certain	cn3	καὶ	coordinating	coordination	suggested	coordinate/add	C2	C3	medium	suggested-relationship	function follows connector inventory; coordinating connector between finite clauses
1corintios	10	10	C3	finite-anchor	08	ἀπώλοντο	ἀπόλλυμι	V-AMI-3P	certain	cn3	καὶ	coordinating	coordination	suggested	coordinate/add	C2	C3	medium	suggested-relationship	function follows connector inventory; coordinating connector between finite clauses
1corintios	10	11	C1	finite-anchor	04	συνέβαινεν	συμβαίνω	V-IAI-3S	certain	cn1	δὲ	coordinating	coordination	suggested	coordinate/add		C1	low	suggested-relationship	function follows connector inventory; connector before first finite clause or source outside verse
1corintios	10	11	C2	finite-anchor	06	ἐγράφη	γράφω	V-API-3S	certain	cn2	δὲ	coordinating	coordination	suggested	coordinate/add	C2	C3	medium	suggested-relationship	function follows connector inventory; coordinating connector between finite clauses
1corintios	10	11	C3	finite-anchor	17	κατήντηκεν	καταντάω	V-XAI-3S	certain	cn2	δὲ	coordinating	coordination	suggested	coordinate/add	C2	C3	medium	suggested-relationship	function follows connector inventory; coordinating connector between finite clauses
1corintios	10	12	C1	finite-anchor	05	βλεπέτω	βλέπω	V-PAD-3S	certain	cn1	ὥστε	subordinating	result/inference	suggested	result/inference		C1	low	suggested-relationship	context-sensitive function; keep as suggested; target finite clause found; source not available in verse
1corintios	10	12	C2	finite-anchor	07	πέσῃ	πίπτω	V-AAS-3S	certain										confirmed-finite-anchor	finite clause anchor with unresolved connector relationship
1corintios	10	13	C1	finite-anchor	04	εἴληφεν	λαμβάνω	V-XAI-3S	certain	cn2	εἰ	subordinating	condition	suggested	condition	C1	C2	medium	suggested-relationship	function follows connector inventory; subordinating connector before/near target finite clause
1corintios	10	13	C1	finite-anchor	04	εἴληφεν	λαμβάνω	V-XAI-3S	certain	cn4	δὲ	coordinating	coordination	suggested	coordinate/add	C1	C2	medium	suggested-relationship	function follows connector inventory; coordinating connector between finite clauses
1corintios	10	13	C2	finite-anchor	14	ἐάσει	ἐάω	V-FAI-3S	certain	cn2	εἰ	subordinating	condition	suggested	condition	C1	C2	medium	suggested-relationship	function follows connector inventory; subordinating connector before/near target finite clause
1corintios	10	13	C2	finite-anchor	14	ἐάσει	ἐάω	V-FAI-3S	certain	cn4	δὲ	coordinating	coordination	suggested	coordinate/add	C1	C2	medium	suggested-relationship	function follows connector inventory; coordinating connector between finite clauses
1corintios	10	13	C3	finite-anchor	19	δύνασθε	δύναμαι	V-PMI-2P	certain	cn6	ἀλλὰ	coordinating	contrast	suggested	contrast	C3	C4	medium	suggested-relationship	function follows connector inventory; coordinating connector between finite clauses
1corintios	10	13	C4	finite-anchor	21	ποιήσει	ποιέω	V-FAI-3S	certain	cn6	ἀλλὰ	coordinating	contrast	suggested	contrast	C3	C4	medium	suggested-relationship	function follows connector inventory; coordinating connector between finite clauses
1corintios	10	13	C4	finite-anchor	21	ποιήσει	ποιέω	V-FAI-3S	certain	cn7	καὶ	coordinating	coordination	suggested	coordinate/add	C4		low	suggested-relationship	function follows connector inventory; connector after last finite clause or target outside verse
1corintios	10	14	C1	finite-anchor	04	φεύγετε	φεύγω	V-PAD-2P	certain	cn1	διόπερ	coordinating	inference	suggested	inference/result		C1	low	suggested-relationship	function follows connector inventory; connector before first finite clause or source outside verse
1corintios	10	15	C1	finite-anchor	03	λέγω	λέγω	V-PAI-1S	certain	cn1	ὡς	subordinating	comparison/manner	suggested	comparison/manner		C1	low	suggested-relationship	context-sensitive function; keep as suggested; target finite clause found; source not available in verse
1corintios	10	15	C2	finite-anchor	04	κρίνατε	κρίνω	V-AAD-2P	certain										confirmed-finite-anchor	finite clause anchor with unresolved connector relationship
1corintios	10	15	C3	finite-anchor	07	φημι	φημί	V-PAI-1S	certain										confirmed-finite-anchor	finite clause anchor with unresolved connector relationship
1corintios	10	16	C1	finite-anchor	06	εὐλογοῦμεν	εὐλογέω	V-PAI-1P	certain										confirmed-finite-anchor	finite clause anchor with no connector relationship
1corintios	10	16	C2	finite-anchor	09	ἐστὶν	εἰμί	V-PAI-3S	certain										confirmed-finite-anchor	finite clause anchor with no connector relationship
1corintios	10	16	C3	finite-anchor	17	κλῶμεν	κλάω	V-PAI-1P	certain										confirmed-finite-anchor	finite clause anchor with no connector relationship
1corintios	10	16	C4	finite-anchor	24	ἐστιν	εἰμί	V-PAI-3S	certain										confirmed-finite-anchor	finite clause anchor with no connector relationship
1corintios	10	17	C1	finite-anchor	08	ἐσμεν	εἰμί	V-PAI-1P	certain	cn1	ὅτι	subordinating	content/cause	suggested	content-or-cause		C1	low	suggested-relationship	context-sensitive function; keep as suggested; target finite clause found; source not available in verse
1corintios	10	17	C1	finite-anchor	08	ἐσμεν	εἰμί	V-PAI-1P	certain	cn2	γὰρ	coordinating	cause/ground	suggested	ground/explanation	C1	C2	medium	suggested-relationship	function follows connector inventory; coordinating connector between finite clauses
1corintios	10	17	C2	finite-anchor	16	μετέχομεν	μετέχω	V-PAI-1P	certain	cn2	γὰρ	coordinating	cause/ground	suggested	ground/explanation	C1	C2	medium	suggested-relationship	function follows connector inventory; coordinating connector between finite clauses
1corintios	10	18	C1	finite-anchor	01	βλέπετε	βλέπω	V-PAD-2P	certain										confirmed-finite-anchor	finite clause anchor with unresolved connector relationship
1corintios	10	18	C2	finite-anchor	14	εἰσίν	εἰμί	V-PAI-3P	certain										confirmed-finite-anchor	finite clause anchor with unresolved connector relationship
1corintios	10	19	C1	finite-anchor	03	φημι	φημί	V-PAI-1S	certain	cn1	οὖν	coordinating	inference	suggested	inference/result		C1	low	suggested-relationship	function follows connector inventory; connector before first finite clause or source outside verse
1corintios	10	19	C1	finite-anchor	03	φημι	φημί	V-PAI-1S	certain	cn2	ὅτι	subordinating	content/cause	suggested	content-or-cause	C1	C2	medium	suggested-relationship	context-sensitive function; keep as suggested; subordinating connector before/near target finite clause
1corintios	10	19	C2	finite-anchor	07	ἐστιν	εἰμί	V-PAI-3S	certain	cn2	ὅτι	subordinating	content/cause	suggested	content-or-cause	C1	C2	medium	suggested-relationship	context-sensitive function; keep as suggested; subordinating connector before/near target finite clause
1corintios	10	19	C2	finite-anchor	07	ἐστιν	εἰμί	V-PAI-3S	certain	cn3	ἢ	coordinating	alternative/comparison	suggested	alternative/comparison	C2	C3	medium	suggested-relationship	context-sensitive function; keep as suggested; coordinating connector between finite clauses
1corintios	10	19	C2	finite-anchor	07	ἐστιν	εἰμί	V-PAI-3S	certain	cn4	ὅτι	subordinating	content/cause	suggested	content-or-cause	C2	C3	medium	suggested-relationship	context-sensitive function; keep as suggested; subordinating connector before/near target finite clause
1corintios	10	19	C3	finite-anchor	12	ἐστιν	εἰμί	V-PAI-3S	certain	cn3	ἢ	coordinating	alternative/comparison	suggested	alternative/comparison	C2	C3	medium	suggested-relationship	context-sensitive function; keep as suggested; coordinating connector between finite clauses
1corintios	10	19	C3	finite-anchor	12	ἐστιν	εἰμί	V-PAI-3S	certain	cn4	ὅτι	subordinating	content/cause	suggested	content-or-cause	C2	C3	medium	suggested-relationship	context-sensitive function; keep as suggested; subordinating connector before/near target finite clause
1corintios	10	20	C1	finite-anchor	04	θύουσιν	θύω	V-PAI-3P	certain	cn1	ἀλλʼ	coordinating	contrast	suggested	contrast		C1	low	suggested-relationship	function follows connector inventory; connector before first finite clause or source outside verse
1corintios	10	20	C1	finite-anchor	04	θύουσιν	θύω	V-PAI-3P	certain	cn2	ὅτι	subordinating	content/cause	suggested	content-or-cause		C1	low	suggested-relationship	context-sensitive function; keep as suggested; target finite clause found; source not available in verse
1corintios	10	20	C1	finite-anchor	04	θύουσιν	θύω	V-PAI-3P	certain	cn3	καὶ	coordinating	coordination	suggested	coordinate/add	C1	C2	medium	suggested-relationship	function follows connector inventory; coordinating connector between finite clauses
1corintios	10	20	C2	finite-anchor	09	θύουσιν	θύω	V-PAI-3P	certain	cn3	καὶ	coordinating	coordination	suggested	coordinate/add	C1	C2	medium	suggested-relationship	function follows connector inventory; coordinating connector between finite clauses
1corintios	10	20	C3	finite-anchor	11	θέλω	θέλω	V-PAI-1S	certain	cn6	δὲ	coordinating	coordination	suggested	coordinate/add	C3		low	suggested-relationship	function follows connector inventory; connector after last finite clause or target outside verse
1corintios	10	21	C1	finite-anchor	02	δύνασθε	δύναμαι	V-PMI-2P	certain	cn2	καὶ	coordinating	coordination	suggested	coordinate/add	C1	C2	medium	suggested-relationship	function follows connector inventory; coordinating connector between finite clauses
1corintios	10	21	C2	finite-anchor	10	δύνασθε	δύναμαι	V-PMI-2P	certain	cn2	καὶ	coordinating	coordination	suggested	coordinate/add	C1	C2	medium	suggested-relationship	function follows connector inventory; coordinating connector between finite clauses
1corintios	10	21	C2	finite-anchor	10	δύνασθε	δύναμαι	V-PMI-2P	certain	cn4	καὶ	coordinating	coordination	suggested	coordinate/add	C2		low	suggested-relationship	function follows connector inventory; connector after last finite clause or target outside verse
1corintios	10	22	C1	finite-anchor	02	παραζηλοῦμεν	παραζηλόω	V-PAI-1P	certain	cn1	ἢ	coordinating	alternative/comparison	suggested	alternative/comparison		C1	low	suggested-relationship	context-sensitive function; keep as suggested; connector before first finite clause or source outside verse
1corintios	10	22	C2	finite-anchor	08	ἐσμεν	εἰμί	V-PAI-1P	certain										confirmed-finite-anchor	finite clause anchor with unresolved connector relationship
1corintios	10	23	C1	finite-anchor	02	ἔξεστιν	ἔξεστι(ν)	V-PAI-3S	certain	cn1	ἀλλʼ	coordinating	contrast	suggested	contrast	C1	C2	medium	suggested-relationship	function follows connector inventory; coordinating connector between finite clauses
1corintios	10	23	C2	finite-anchor	06	συμφέρει	συμφέρω	V-PAI-3S	certain	cn1	ἀλλʼ	coordinating	contrast	suggested	contrast	C1	C2	medium	suggested-relationship	function follows connector inventory; coordinating connector between finite clauses
1corintios	10	23	C3	finite-anchor	08	ἔξεστιν	ἔξεστι(ν)	V-PAI-3S	certain	cn3	ἀλλʼ	coordinating	contrast	suggested	contrast	C3	C4	medium	suggested-relationship	function follows connector inventory; coordinating connector between finite clauses
1corintios	10	23	C4	finite-anchor	12	οἰκοδομεῖ	οἰκοδομέω	V-PAI-3S	certain	cn3	ἀλλʼ	coordinating	contrast	suggested	contrast	C3	C4	medium	suggested-relationship	function follows connector inventory; coordinating connector between finite clauses
1corintios	10	24	C1	finite-anchor	04	ζητείτω	ζητέω	V-PAD-3S	certain	cn1	ἀλλὰ	coordinating	contrast	suggested	contrast	C1		low	suggested-relationship	function follows connector inventory; connector after last finite clause or target outside verse
1corintios	10	25	C1	finite-anchor	06	ἐσθίετε	ἐσθίω	V-PAD-2P	certain										confirmed-finite-anchor	finite clause anchor with no connector relationship
1corintios	10	27	C1	finite-anchor	03	καλεῖ	καλέω	V-PAI-3S	certain	cn1	εἴ	subordinating	condition	suggested	condition		C1	low	suggested-relationship	function follows connector inventory; target finite clause found; source not available in verse
1corintios	10	27	C1	finite-anchor	03	καλεῖ	καλέω	V-PAI-3S	certain	cn2	καὶ	coordinating	coordination	suggested	coordinate/add	C1	C2	medium	suggested-relationship	function follows connector inventory; coordinating connector between finite clauses
1corintios	10	27	C2	finite-anchor	08	θέλετε	θέλω	V-PAI-2P	certain	cn2	καὶ	coordinating	coordination	suggested	coordinate/add	C1	C2	medium	suggested-relationship	function follows connector inventory; coordinating connector between finite clauses
1corintios	10	27	C3	finite-anchor	14	ἐσθίετε	ἐσθίω	V-PAD-2P	certain										confirmed-finite-anchor	finite clause anchor with unresolved connector relationship
1corintios	10	28	C1	finite-anchor	05	εἴπῃ	λέγω	V-AAS-3S	certain	cn1	ἐὰν	subordinating	condition	suggested	condition		C1	low	suggested-relationship	function follows connector inventory; target finite clause found; source not available in verse
1corintios	10	28	C1	finite-anchor	05	εἴπῃ	λέγω	V-AAS-3S	certain	cn2	δέ	coordinating	coordination	suggested	coordinate/add		C1	low	suggested-relationship	function follows connector inventory; connector before first finite clause or source outside verse
1corintios	10	28	C2	finite-anchor	08	ἐστιν	εἰμί	V-PAI-3S	certain										confirmed-finite-anchor	finite clause anchor with unresolved connector relationship
1corintios	10	28	C3	finite-anchor	10	ἐσθίετε	ἐσθίω	V-PAD-2P	certain	cn4	καὶ	coordinating	coordination	suggested	coordinate/add	C3		low	suggested-relationship	function follows connector inventory; connector after last finite clause or target outside verse
1corintios	10	29	C1	finite-anchor	03	λέγω	λέγω	V-PAI-1S	certain	cn1	δὲ	coordinating	coordination	suggested	coordinate/add		C1	low	suggested-relationship	function follows connector inventory; connector before first finite clause or source outside verse
1corintios	10	29	C1	finite-anchor	03	λέγω	λέγω	V-PAI-1S	certain	cn2	ἀλλὰ	coordinating	contrast	suggested	contrast	C1	C2	medium	suggested-relationship	function follows connector inventory; coordinating connector between finite clauses
1corintios	10	29	C1	finite-anchor	03	λέγω	λέγω	V-PAI-1S	certain	cn3	γὰρ	coordinating	cause/ground	suggested	ground/explanation	C1	C2	medium	suggested-relationship	function follows connector inventory; coordinating connector between finite clauses
1corintios	10	29	C2	finite-anchor	16	κρίνεται	κρίνω	V-PPI-3S	certain	cn2	ἀλλὰ	coordinating	contrast	suggested	contrast	C1	C2	medium	suggested-relationship	function follows connector inventory; coordinating connector between finite clauses
1corintios	10	29	C2	finite-anchor	16	κρίνεται	κρίνω	V-PPI-3S	certain	cn3	γὰρ	coordinating	cause/ground	suggested	ground/explanation	C1	C2	medium	suggested-relationship	function follows connector inventory; coordinating connector between finite clauses
1corintios	10	30	C1	finite-anchor	04	μετέχω	μετέχω	V-PAI-1S	certain	cn1	εἰ	subordinating	condition	suggested	condition		C1	low	suggested-relationship	function follows connector inventory; target finite clause found; source not available in verse
1corintios	10	30	C2	finite-anchor	06	βλασφημοῦμαι	βλασφημέω	V-PPI-1S	certain										confirmed-finite-anchor	finite clause anchor with unresolved connector relationship
1corintios	10	30	C3	finite-anchor	10	εὐχαριστῶ	εὐχαριστέω	V-PAI-1S	certain										confirmed-finite-anchor	finite clause anchor with unresolved connector relationship
1corintios	10	31	C1	finite-anchor	03	ἐσθίετε	ἐσθίω	V-PAI-2P	certain	cn1	εἴτε	coordinating	alternative	suggested	alternative		C1	low	suggested-relationship	function follows connector inventory; connector before first finite clause or source outside verse
1corintios	10	31	C1	finite-anchor	03	ἐσθίετε	ἐσθίω	V-PAI-2P	certain	cn2	οὖν	coordinating	inference	suggested	inference/result		C1	low	suggested-relationship	function follows connector inventory; connector before first finite clause or source outside verse
1corintios	10	31	C1	finite-anchor	03	ἐσθίετε	ἐσθίω	V-PAI-2P	certain	cn3	εἴτε	coordinating	alternative	suggested	alternative	C1	C2	medium	suggested-relationship	function follows connector inventory; coordinating connector between finite clauses
1corintios	10	31	C2	finite-anchor	05	πίνετε	πίνω	V-PAI-2P	certain	cn3	εἴτε	coordinating	alternative	suggested	alternative	C1	C2	medium	suggested-relationship	function follows connector inventory; coordinating connector between finite clauses
1corintios	10	31	C2	finite-anchor	05	πίνετε	πίνω	V-PAI-2P	certain	cn4	εἴτε	coordinating	alternative	suggested	alternative	C2	C3	medium	suggested-relationship	function follows connector inventory; coordinating connector between finite clauses
1corintios	10	31	C3	finite-anchor	08	ποιεῖτε	ποιέω	V-PAI-2P	certain	cn4	εἴτε	coordinating	alternative	suggested	alternative	C2	C3	medium	suggested-relationship	function follows connector inventory; coordinating connector between finite clauses
1corintios	10	31	C4	finite-anchor	13	ποιεῖτε	ποιέω	V-PAD-2P	certain										confirmed-finite-anchor	finite clause anchor with unresolved connector relationship
1corintios	10	32	C1	finite-anchor	04	γίνεσθε	γίνομαι	V-PMD-2P	certain	cn1	καὶ	coordinating	coordination	suggested	coordinate/add		C1	low	suggested-relationship	function follows connector inventory; connector before first finite clause or source outside verse
1corintios	10	32	C1	finite-anchor	04	γίνεσθε	γίνομαι	V-PMD-2P	certain	cn2	καὶ	coordinating	coordination	suggested	coordinate/add	C1		low	suggested-relationship	function follows connector inventory; connector after last finite clause or target outside verse
1corintios	10	32	C1	finite-anchor	04	γίνεσθε	γίνομαι	V-PMD-2P	certain	cn3	καὶ	coordinating	coordination	suggested	coordinate/add	C1		low	suggested-relationship	function follows connector inventory; connector after last finite clause or target outside verse
1corintios	10	33	C1	finite-anchor	05	ἀρέσκω	ἀρέσκω	V-PAI-1S	certain	cn1	καθὼς	subordinating	comparison/manner	suggested	comparison/manner		C1	low	suggested-relationship	context-sensitive function; keep as suggested; target finite clause found; source not available in verse
1corintios	10	33	C1	finite-anchor	05	ἀρέσκω	ἀρέσκω	V-PAI-1S	certain	cn3	ἀλλὰ	coordinating	contrast	suggested	contrast	C1	C2	medium	suggested-relationship	function follows connector inventory; coordinating connector between finite clauses
1corintios	10	33	C1	finite-anchor	05	ἀρέσκω	ἀρέσκω	V-PAI-1S	certain	cn4	ἵνα	subordinating	purpose/result	suggested	purpose/result	C1	C2	medium	suggested-relationship	context-sensitive function; keep as suggested; subordinating connector before/near target finite clause
1corintios	10	33	C2	finite-anchor	16	σωθῶσιν	σῴζω	V-APS-3P	certain	cn3	ἀλλὰ	coordinating	contrast	suggested	contrast	C1	C2	medium	suggested-relationship	function follows connector inventory; coordinating connector between finite clauses
1corintios	10	33	C2	finite-anchor	16	σωθῶσιν	σῴζω	V-APS-3P	certain	cn4	ἵνα	subordinating	purpose/result	suggested	purpose/result	C1	C2	medium	suggested-relationship	context-sensitive function; keep as suggested; subordinating connector before/near target finite clause
1corintios	11	1	C1	finite-anchor	03	γίνεσθε	γίνομαι	V-PMD-2P	certain										confirmed-finite-anchor	finite clause anchor with unresolved connector relationship
1corintios	11	2	C1	finite-anchor	01	ἐπαινῶ	ἐπαινέω	V-PAI-1S	certain	cn1	δὲ	coordinating	coordination	suggested	coordinate/add	C1	C2	medium	suggested-relationship	function follows connector inventory; coordinating connector between finite clauses
1corintios	11	2	C1	finite-anchor	01	ἐπαινῶ	ἐπαινέω	V-PAI-1S	certain	cn2	ὅτι	subordinating	content/cause	suggested	content-or-cause	C1	C2	medium	suggested-relationship	context-sensitive function; keep as suggested; subordinating connector before/near target finite clause
1corintios	11	2	C2	finite-anchor	07	μέμνησθε	μιμνῄσκομαι	V-XMI-2P	certain	cn1	δὲ	coordinating	coordination	suggested	coordinate/add	C1	C2	medium	suggested-relationship	function follows connector inventory; coordinating connector between finite clauses
1corintios	11	2	C2	finite-anchor	07	μέμνησθε	μιμνῄσκομαι	V-XMI-2P	certain	cn2	ὅτι	subordinating	content/cause	suggested	content-or-cause	C1	C2	medium	suggested-relationship	context-sensitive function; keep as suggested; subordinating connector before/near target finite clause
1corintios	11	2	C2	finite-anchor	07	μέμνησθε	μιμνῄσκομαι	V-XMI-2P	certain	cn3	καὶ	coordinating	coordination	suggested	coordinate/add	C2	C3	medium	suggested-relationship	function follows connector inventory; coordinating connector between finite clauses
1corintios	11	2	C2	finite-anchor	07	μέμνησθε	μιμνῄσκομαι	V-XMI-2P	certain	cn4	καθὼς	subordinating	comparison/manner	suggested	comparison/manner	C2	C3	medium	suggested-relationship	context-sensitive function; keep as suggested; subordinating connector before/near target finite clause
1corintios	11	2	C3	finite-anchor	10	παρέδωκα	παραδίδωμι	V-AAI-1S	certain	cn3	καὶ	coordinating	coordination	suggested	coordinate/add	C2	C3	medium	suggested-relationship	function follows connector inventory; coordinating connector between finite clauses
1corintios	11	2	C3	finite-anchor	10	παρέδωκα	παραδίδωμι	V-AAI-1S	certain	cn4	καθὼς	subordinating	comparison/manner	suggested	comparison/manner	C2	C3	medium	suggested-relationship	context-sensitive function; keep as suggested; subordinating connector before/near target finite clause
1corintios	11	2	C4	finite-anchor	14	κατέχετε	κατέχω	V-PAI-2P	certain										confirmed-finite-anchor	finite clause anchor with unresolved connector relationship
1corintios	11	3	C1	finite-anchor	01	θέλω	θέλω	V-PAI-1S	certain	cn1	δὲ	coordinating	coordination	suggested	coordinate/add	C1	C2	medium	suggested-relationship	function follows connector inventory; coordinating connector between finite clauses
1corintios	11	3	C1	finite-anchor	01	θέλω	θέλω	V-PAI-1S	certain	cn2	ὅτι	subordinating	content/cause	suggested	content-or-cause	C1	C2	medium	suggested-relationship	context-sensitive function; keep as suggested; subordinating connector before/near target finite clause
1corintios	11	3	C2	finite-anchor	12	ἐστιν	εἰμί	V-PAI-3S	certain	cn1	δὲ	coordinating	coordination	suggested	coordinate/add	C1	C2	medium	suggested-relationship	function follows connector inventory; coordinating connector between finite clauses
1corintios	11	3	C2	finite-anchor	12	ἐστιν	εἰμί	V-PAI-3S	certain	cn2	ὅτι	subordinating	content/cause	suggested	content-or-cause	C1	C2	medium	suggested-relationship	context-sensitive function; keep as suggested; subordinating connector before/near target finite clause
1corintios	11	3	C2	finite-anchor	12	ἐστιν	εἰμί	V-PAI-3S	certain	cn3	δὲ	coordinating	coordination	suggested	coordinate/add	C2		low	suggested-relationship	function follows connector inventory; connector after last finite clause or target outside verse
1corintios	11	3	C2	finite-anchor	12	ἐστιν	εἰμί	V-PAI-3S	certain	cn4	δὲ	coordinating	coordination	suggested	coordinate/add	C2		low	suggested-relationship	function follows connector inventory; connector after last finite clause or target outside verse
1corintios	11	4	C1	finite-anchor	09	καταισχύνει	καταισχύνω	V-PAI-3S	certain	cn1	ἢ	coordinating	alternative/comparison	suggested	alternative/comparison		C1	low	suggested-relationship	context-sensitive function; keep as suggested; connector before first finite clause or source outside verse
1corintios	11	5	C1	finite-anchor	10	καταισχύνει	καταισχύνω	V-PAI-3S	certain	cn1	δὲ	coordinating	coordination	suggested	coordinate/add		C1	low	suggested-relationship	function follows connector inventory; connector before first finite clause or source outside verse
1corintios	11	5	C1	finite-anchor	10	καταισχύνει	καταισχύνω	V-PAI-3S	certain	cn2	ἢ	coordinating	alternative/comparison	suggested	alternative/comparison		C1	low	suggested-relationship	context-sensitive function; keep as suggested; connector before first finite clause or source outside verse
1corintios	11	5	C1	finite-anchor	10	καταισχύνει	καταισχύνω	V-PAI-3S	certain	cn3	γάρ	coordinating	cause/ground	suggested	ground/explanation	C1	C2	medium	suggested-relationship	function follows connector inventory; coordinating connector between finite clauses
1corintios	11	5	C2	finite-anchor	16	ἐστιν	εἰμί	V-PAI-3S	certain	cn3	γάρ	coordinating	cause/ground	suggested	ground/explanation	C1	C2	medium	suggested-relationship	function follows connector inventory; coordinating connector between finite clauses
1corintios	11	5	C2	finite-anchor	16	ἐστιν	εἰμί	V-PAI-3S	certain	cn4	καὶ	coordinating	coordination	suggested	coordinate/add	C2		low	suggested-relationship	function follows connector inventory; connector after last finite clause or target outside verse
1corintios	11	6	C1	finite-anchor	04	κατακαλύπτεται	κατακαλύπτομαι	V-PMI-3S	certain	cn1	εἰ	subordinating	condition	suggested	condition		C1	low	suggested-relationship	function follows connector inventory; target finite clause found; source not available in verse
1corintios	11	6	C1	finite-anchor	04	κατακαλύπτεται	κατακαλύπτομαι	V-PMI-3S	certain	cn2	γὰρ	coordinating	cause/ground	suggested	ground/explanation		C1	low	suggested-relationship	function follows connector inventory; connector before first finite clause or source outside verse
1corintios	11	6	C1	finite-anchor	04	κατακαλύπτεται	κατακαλύπτομαι	V-PMI-3S	certain	cn4	καὶ	coordinating	coordination	suggested	coordinate/add	C1	C2	medium	suggested-relationship	function follows connector inventory; coordinating connector between finite clauses
1corintios	11	6	C2	finite-anchor	07	κειράσθω	κείρω	V-AMD-3S	certain	cn4	καὶ	coordinating	coordination	suggested	coordinate/add	C1	C2	medium	suggested-relationship	function follows connector inventory; coordinating connector between finite clauses
1corintios	11	6	C2	finite-anchor	07	κειράσθω	κείρω	V-AMD-3S	certain	cn5	εἰ	subordinating	condition	suggested	condition	C2	C3	medium	suggested-relationship	function follows connector inventory; subordinating connector before/near target finite clause
1corintios	11	6	C2	finite-anchor	07	κειράσθω	κείρω	V-AMD-3S	certain	cn6	δὲ	coordinating	coordination	suggested	coordinate/add	C2	C3	medium	suggested-relationship	function follows connector inventory; coordinating connector between finite clauses
1corintios	11	6	C2	finite-anchor	07	κειράσθω	κείρω	V-AMD-3S	certain	cn7	ἢ	coordinating	alternative/comparison	suggested	alternative/comparison	C2	C3	medium	suggested-relationship	context-sensitive function; keep as suggested; coordinating connector between finite clauses
1corintios	11	6	C3	finite-anchor	16	κατακαλυπτέσθω	κατακαλύπτομαι	V-PMD-3S	certain	cn5	εἰ	subordinating	condition	suggested	condition	C2	C3	medium	suggested-relationship	function follows connector inventory; subordinating connector before/near target finite clause
1corintios	11	6	C3	finite-anchor	16	κατακαλυπτέσθω	κατακαλύπτομαι	V-PMD-3S	certain	cn6	δὲ	coordinating	coordination	suggested	coordinate/add	C2	C3	medium	suggested-relationship	function follows connector inventory; coordinating connector between finite clauses
1corintios	11	6	C3	finite-anchor	16	κατακαλυπτέσθω	κατακαλύπτομαι	V-PMD-3S	certain	cn7	ἢ	coordinating	alternative/comparison	suggested	alternative/comparison	C2	C3	medium	suggested-relationship	context-sensitive function; keep as suggested; coordinating connector between finite clauses
1corintios	11	7	C1	finite-anchor	05	ὀφείλει	ὀφείλω	V-PAI-3S	certain	cn1	γὰρ	coordinating	cause/ground	suggested	ground/explanation		C1	low	suggested-relationship	function follows connector inventory; connector before first finite clause or source outside verse
1corintios	11	7	C1	finite-anchor	05	ὀφείλει	ὀφείλω	V-PAI-3S	certain	cn3	καὶ	coordinating	coordination	suggested	coordinate/add	C1	C2	medium	suggested-relationship	function follows connector inventory; coordinating connector between finite clauses
1corintios	11	7	C1	finite-anchor	05	ὀφείλει	ὀφείλω	V-PAI-3S	certain	cn4	δὲ	coordinating	coordination	suggested	coordinate/add	C1	C2	medium	suggested-relationship	function follows connector inventory; coordinating connector between finite clauses
1corintios	11	7	C2	finite-anchor	19	ἐστιν	εἰμί	V-PAI-3S	certain	cn3	καὶ	coordinating	coordination	suggested	coordinate/add	C1	C2	medium	suggested-relationship	function follows connector inventory; coordinating connector between finite clauses
1corintios	11	7	C2	finite-anchor	19	ἐστιν	εἰμί	V-PAI-3S	certain	cn4	δὲ	coordinating	coordination	suggested	coordinate/add	C1	C2	medium	suggested-relationship	function follows connector inventory; coordinating connector between finite clauses
1corintios	11	8	C1	finite-anchor	03	ἐστιν	εἰμί	V-PAI-3S	certain	cn2	γάρ	coordinating	cause/ground	suggested	ground/explanation		C1	low	suggested-relationship	function follows connector inventory; connector before first finite clause or source outside verse
1corintios	11	8	C1	finite-anchor	03	ἐστιν	εἰμί	V-PAI-3S	certain	cn3	ἀλλὰ	coordinating	contrast	suggested	contrast	C1		low	suggested-relationship	function follows connector inventory; connector after last finite clause or target outside verse
1corintios	11	9	C1	finite-anchor	04	ἐκτίσθη	κτίζω	V-API-3S	certain	cn1	καὶ	coordinating	coordination	suggested	coordinate/add		C1	low	suggested-relationship	function follows connector inventory; connector before first finite clause or source outside verse
1corintios	11	9	C1	finite-anchor	04	ἐκτίσθη	κτίζω	V-API-3S	certain	cn2	γὰρ	coordinating	cause/ground	suggested	ground/explanation		C1	low	suggested-relationship	function follows connector inventory; connector before first finite clause or source outside verse
1corintios	11	9	C1	finite-anchor	04	ἐκτίσθη	κτίζω	V-API-3S	certain	cn4	ἀλλὰ	coordinating	contrast	suggested	contrast	C1		low	suggested-relationship	function follows connector inventory; connector after last finite clause or target outside verse
1corintios	11	10	C1	finite-anchor	03	ὀφείλει	ὀφείλω	V-PAI-3S	certain										confirmed-finite-anchor	finite clause anchor with no connector relationship
1corintios	11	13	C1	finite-anchor	04	κρίνατε	κρίνω	V-AAD-2P	certain										confirmed-finite-anchor	finite clause anchor with no connector relationship
1corintios	11	13	C2	finite-anchor	06	ἐστὶν	εἰμί	V-PAI-3S	certain										confirmed-finite-anchor	finite clause anchor with no connector relationship
1corintios	11	14	C1	finite-anchor	05	διδάσκει	διδάσκω	V-PAI-3S	certain	cn1	οὐδὲ	coordinating	negative coordination	suggested	coordinate/negative		C1	low	suggested-relationship	function follows connector inventory; connector before first finite clause or source outside verse
1corintios	11	14	C1	finite-anchor	05	διδάσκει	διδάσκω	V-PAI-3S	certain	cn2	ὅτι	subordinating	content/cause	suggested	content-or-cause	C1	C2	medium	suggested-relationship	context-sensitive function; keep as suggested; subordinating connector before/near target finite clause
1corintios	11	14	C1	finite-anchor	05	διδάσκει	διδάσκω	V-PAI-3S	certain	cn3	ἐὰν	subordinating	condition	suggested	condition	C1	C2	medium	suggested-relationship	function follows connector inventory; subordinating connector before/near target finite clause
1corintios	11	14	C2	finite-anchor	11	κομᾷ	κομάω	V-PAS-3S	certain	cn2	ὅτι	subordinating	content/cause	suggested	content-or-cause	C1	C2	medium	suggested-relationship	context-sensitive function; keep as suggested; subordinating connector before/near target finite clause
1corintios	11	14	C2	finite-anchor	11	κομᾷ	κομάω	V-PAS-3S	certain	cn3	ἐὰν	subordinating	condition	suggested	condition	C1	C2	medium	suggested-relationship	function follows connector inventory; subordinating connector before/near target finite clause
1corintios	11	14	C3	finite-anchor	14	ἐστιν	εἰμί	V-PAI-3S	certain										confirmed-finite-anchor	finite clause anchor with unresolved connector relationship
1corintios	11	15	C1	finite-anchor	04	κομᾷ	κομάω	V-PAS-3S	certain	cn1	δὲ	coordinating	coordination	suggested	coordinate/add		C1	low	suggested-relationship	function follows connector inventory; connector before first finite clause or source outside verse
1corintios	11	15	C1	finite-anchor	04	κομᾷ	κομάω	V-PAS-3S	certain	cn2	ἐὰν	subordinating	condition	suggested	condition		C1	low	suggested-relationship	function follows connector inventory; target finite clause found; source not available in verse
1corintios	11	15	C2	finite-anchor	07	ἐστιν	εἰμί	V-PAI-3S	certain	cn3	ὅτι	subordinating	content/cause	suggested	content-or-cause	C2	C3	medium	suggested-relationship	context-sensitive function; keep as suggested; subordinating connector before/near target finite clause
1corintios	11	15	C3	finite-anchor	13	δέδοται	δίδωμι	V-XPI-3S	certain	cn3	ὅτι	subordinating	content/cause	suggested	content-or-cause	C2	C3	medium	suggested-relationship	context-sensitive function; keep as suggested; subordinating connector before/near target finite clause
1corintios	11	16	C1	finite-anchor	04	δοκεῖ	δοκέω	V-PAI-3S	certain	cn1	εἰ	subordinating	condition	suggested	condition		C1	low	suggested-relationship	function follows connector inventory; target finite clause found; source not available in verse
1corintios	11	16	C1	finite-anchor	04	δοκεῖ	δοκέω	V-PAI-3S	certain	cn2	δέ	coordinating	coordination	suggested	coordinate/add		C1	low	suggested-relationship	function follows connector inventory; connector before first finite clause or source outside verse
1corintios	11	16	C2	finite-anchor	11	ἔχομεν	ἔχω	V-PAI-1P	certain	cn4	οὐδὲ	coordinating	negative coordination	suggested	coordinate/negative	C2		low	suggested-relationship	function follows connector inventory; connector after last finite clause or target outside verse
1corintios	11	17	C1	finite-anchor	05	ἐπαινῶ	ἐπαινέω	V-PAI-1S	certain	cn1	δὲ	coordinating	coordination	suggested	coordinate/add		C1	low	suggested-relationship	function follows connector inventory; connector before first finite clause or source outside verse
1corintios	11	17	C1	finite-anchor	05	ἐπαινῶ	ἐπαινέω	V-PAI-1S	certain	cn3	ὅτι	subordinating	content/cause	suggested	content-or-cause	C1	C2	medium	suggested-relationship	context-sensitive function; keep as suggested; subordinating connector before/near target finite clause
1corintios	11	17	C1	finite-anchor	05	ἐπαινῶ	ἐπαινέω	V-PAI-1S	certain	cn5	ἀλλὰ	coordinating	contrast	suggested	contrast	C1	C2	medium	suggested-relationship	function follows connector inventory; coordinating connector between finite clauses
1corintios	11	17	C2	finite-anchor	15	συνέρχεσθε	συνέρχομαι	V-PMI-2P	certain	cn3	ὅτι	subordinating	content/cause	suggested	content-or-cause	C1	C2	medium	suggested-relationship	context-sensitive function; keep as suggested; subordinating connector before/near target finite clause
1corintios	11	17	C2	finite-anchor	15	συνέρχεσθε	συνέρχομαι	V-PMI-2P	certain	cn5	ἀλλὰ	coordinating	contrast	suggested	contrast	C1	C2	medium	suggested-relationship	function follows connector inventory; coordinating connector between finite clauses
1corintios	11	18	C1	finite-anchor	08	ἀκούω	ἀκούω	V-PAI-1S	certain	cn1	γὰρ	coordinating	cause/ground	suggested	ground/explanation		C1	low	suggested-relationship	function follows connector inventory; connector before first finite clause or source outside verse
1corintios	11	18	C1	finite-anchor	08	ἀκούω	ἀκούω	V-PAI-1S	certain	cn2	καὶ	coordinating	coordination	suggested	coordinate/add	C1	C2	medium	suggested-relationship	function follows connector inventory; coordinating connector between finite clauses
1corintios	11	18	C2	finite-anchor	16	πιστεύω	πιστεύω	V-PAI-1S	certain	cn2	καὶ	coordinating	coordination	suggested	coordinate/add	C1	C2	medium	suggested-relationship	function follows connector inventory; coordinating connector between finite clauses
1corintios	11	19	C1	finite-anchor	01	δεῖ	δέω	V-PAI-3S	certain	cn1	γὰρ	coordinating	cause/ground	suggested	ground/explanation	C1	C2	medium	suggested-relationship	function follows connector inventory; coordinating connector between finite clauses
1corintios	11	19	C1	finite-anchor	01	δεῖ	δέω	V-PAI-3S	certain	cn2	καὶ	coordinating	coordination	suggested	coordinate/add	C1	C2	medium	suggested-relationship	function follows connector inventory; coordinating connector between finite clauses
1corintios	11	19	C1	finite-anchor	01	δεῖ	δέω	V-PAI-3S	certain	cn3	ἵνα	subordinating	purpose/result	suggested	purpose/result	C1	C2	medium	suggested-relationship	context-sensitive function; keep as suggested; subordinating connector before/near target finite clause
1corintios	11	19	C1	finite-anchor	01	δεῖ	δέω	V-PAI-3S	certain	cn4	καὶ	coordinating	coordination	suggested	coordinate/add	C1	C2	medium	suggested-relationship	function follows connector inventory; coordinating connector between finite clauses
1corintios	11	19	C2	finite-anchor	13	γένωνται	γίνομαι	V-AMS-3P	certain	cn1	γὰρ	coordinating	cause/ground	suggested	ground/explanation	C1	C2	medium	suggested-relationship	function follows connector inventory; coordinating connector between finite clauses
1corintios	11	19	C2	finite-anchor	13	γένωνται	γίνομαι	V-AMS-3P	certain	cn2	καὶ	coordinating	coordination	suggested	coordinate/add	C1	C2	medium	suggested-relationship	function follows connector inventory; coordinating connector between finite clauses
1corintios	11	19	C2	finite-anchor	13	γένωνται	γίνομαι	V-AMS-3P	certain	cn3	ἵνα	subordinating	purpose/result	suggested	purpose/result	C1	C2	medium	suggested-relationship	context-sensitive function; keep as suggested; subordinating connector before/near target finite clause
1corintios	11	19	C2	finite-anchor	13	γένωνται	γίνομαι	V-AMS-3P	certain	cn4	καὶ	coordinating	coordination	suggested	coordinate/add	C1	C2	medium	suggested-relationship	function follows connector inventory; coordinating connector between finite clauses
1corintios	11	20	C1	finite-anchor	08	ἔστιν	εἰμί	V-PAI-3S	certain	cn1	οὖν	coordinating	inference	suggested	inference/result		C1	low	suggested-relationship	function follows connector inventory; connector before first finite clause or source outside verse
1corintios	11	21	C1	finite-anchor	06	προλαμβάνει	προλαμβάνω	V-PAI-3S	certain	cn1	γὰρ	coordinating	cause/ground	suggested	ground/explanation		C1	low	suggested-relationship	function follows connector inventory; connector before first finite clause or source outside verse
1corintios	11	21	C1	finite-anchor	06	προλαμβάνει	προλαμβάνω	V-PAI-3S	certain	cn2	καὶ	coordinating	coordination	suggested	coordinate/add	C1	C2	medium	suggested-relationship	function follows connector inventory; coordinating connector between finite clauses
1corintios	11	21	C2	finite-anchor	13	πεινᾷ	πεινάω	V-PAI-3S	certain	cn2	καὶ	coordinating	coordination	suggested	coordinate/add	C1	C2	medium	suggested-relationship	function follows connector inventory; coordinating connector between finite clauses
1corintios	11	21	C2	finite-anchor	13	πεινᾷ	πεινάω	V-PAI-3S	certain	cn3	δὲ	coordinating	coordination	suggested	coordinate/add	C2	C3	medium	suggested-relationship	function follows connector inventory; coordinating connector between finite clauses
1corintios	11	21	C3	finite-anchor	16	μεθύει	μεθύω	V-PAI-3S	certain	cn3	δὲ	coordinating	coordination	suggested	coordinate/add	C2	C3	medium	suggested-relationship	function follows connector inventory; coordinating connector between finite clauses
1corintios	11	22	C1	finite-anchor	05	ἔχετε	ἔχω	V-PAI-2P	certain	cn2	γὰρ	coordinating	cause/ground	suggested	ground/explanation		C1	low	suggested-relationship	function follows connector inventory; connector before first finite clause or source outside verse
1corintios	11	22	C1	finite-anchor	05	ἔχετε	ἔχω	V-PAI-2P	certain	cn4	καὶ	coordinating	coordination	suggested	coordinate/add	C1	C2	medium	suggested-relationship	function follows connector inventory; coordinating connector between finite clauses
1corintios	11	22	C1	finite-anchor	05	ἔχετε	ἔχω	V-PAI-2P	certain	cn5	ἢ	coordinating	alternative/comparison	suggested	alternative/comparison	C1	C2	medium	suggested-relationship	context-sensitive function; keep as suggested; coordinating connector between finite clauses
1corintios	11	22	C2	finite-anchor	16	καταφρονεῖτε	καταφρονέω	V-PAI-2P	certain	cn4	καὶ	coordinating	coordination	suggested	coordinate/add	C1	C2	medium	suggested-relationship	function follows connector inventory; coordinating connector between finite clauses
1corintios	11	22	C2	finite-anchor	16	καταφρονεῖτε	καταφρονέω	V-PAI-2P	certain	cn5	ἢ	coordinating	alternative/comparison	suggested	alternative/comparison	C1	C2	medium	suggested-relationship	context-sensitive function; keep as suggested; coordinating connector between finite clauses
1corintios	11	22	C2	finite-anchor	16	καταφρονεῖτε	καταφρονέω	V-PAI-2P	certain	cn6	καὶ	coordinating	coordination	suggested	coordinate/add	C2	C3	medium	suggested-relationship	function follows connector inventory; coordinating connector between finite clauses
1corintios	11	22	C3	finite-anchor	18	καταισχύνετε	καταισχύνω	V-PAI-2P	certain	cn6	καὶ	coordinating	coordination	suggested	coordinate/add	C2	C3	medium	suggested-relationship	function follows connector inventory; coordinating connector between finite clauses
1corintios	11	22	C4	finite-anchor	23	εἴπω	λέγω	V-AAS-1S	certain										confirmed-finite-anchor	finite clause anchor with unresolved connector relationship
1corintios	11	22	C5	finite-anchor	25	ἐπαινέσω	ἐπαινέω	V-AAS-1S	certain										confirmed-finite-anchor	finite clause anchor with unresolved connector relationship
1corintios	11	22	C6	finite-anchor	30	ἐπαινῶ	ἐπαινέω	V-PAI-1S	certain										confirmed-finite-anchor	finite clause anchor with unresolved connector relationship
1corintios	11	23	C1	finite-anchor	03	παρέλαβον	παραλαμβάνω	V-AAI-1S	certain	cn1	γὰρ	coordinating	cause/ground	suggested	ground/explanation		C1	low	suggested-relationship	function follows connector inventory; connector before first finite clause or source outside verse
1corintios	11	23	C1	finite-anchor	03	παρέλαβον	παραλαμβάνω	V-AAI-1S	certain	cn2	καὶ	coordinating	coordination	suggested	coordinate/add	C1	C2	medium	suggested-relationship	function follows connector inventory; coordinating connector between finite clauses
1corintios	11	23	C2	finite-anchor	09	παρέδωκα	παραδίδωμι	V-AAI-1S	certain	cn2	καὶ	coordinating	coordination	suggested	coordinate/add	C1	C2	medium	suggested-relationship	function follows connector inventory; coordinating connector between finite clauses
1corintios	11	23	C2	finite-anchor	09	παρέδωκα	παραδίδωμι	V-AAI-1S	certain	cn3	ὅτι	subordinating	content/cause	suggested	content-or-cause	C2	C3	medium	suggested-relationship	context-sensitive function; keep as suggested; subordinating connector before/near target finite clause
1corintios	11	23	C3	finite-anchor	19	παρεδίδετο	παραδίδωμι	V-IPI-3S	certain	cn3	ὅτι	subordinating	content/cause	suggested	content-or-cause	C2	C3	medium	suggested-relationship	context-sensitive function; keep as suggested; subordinating connector before/near target finite clause
1corintios	11	23	C4	finite-anchor	20	ἔλαβεν	λαμβάνω	V-AAI-3S	certain										confirmed-finite-anchor	finite clause anchor with unresolved connector relationship
1corintios	11	24	C1	finite-anchor	03	ἔκλασεν	κλάω	V-AAI-3S	certain	cn1	καὶ	coordinating	coordination	suggested	coordinate/add		C1	low	suggested-relationship	function follows connector inventory; connector before first finite clause or source outside verse
1corintios	11	24	C1	finite-anchor	03	ἔκλασεν	κλάω	V-AAI-3S	certain	cn2	καὶ	coordinating	coordination	suggested	coordinate/add	C1	C2	medium	suggested-relationship	function follows connector inventory; coordinating connector between finite clauses
1corintios	11	24	C2	finite-anchor	05	εἶπεν	λέγω	V-AAI-3S	certain	cn2	καὶ	coordinating	coordination	suggested	coordinate/add	C1	C2	medium	suggested-relationship	function follows connector inventory; coordinating connector between finite clauses
1corintios	11	24	C3	finite-anchor	08	ἐστιν	εἰμί	V-PAI-3S	certain										confirmed-finite-anchor	finite clause anchor with unresolved connector relationship
1corintios	11	24	C4	finite-anchor	15	ποιεῖτε	ποιέω	V-PAD-2P	certain										confirmed-finite-anchor	finite clause anchor with unresolved connector relationship
1corintios	11	25	C1	finite-anchor	15	ἐστὶν	εἰμί	V-PAI-3S	certain	cn1	καὶ	coordinating	coordination	suggested	coordinate/add		C1	low	suggested-relationship	function follows connector inventory; connector before first finite clause or source outside verse
1corintios	11	25	C2	finite-anchor	21	ποιεῖτε	ποιέω	V-PAD-2P	certain	cn2	ἐὰν	subordinating	condition	suggested	condition	C2	C3	medium	suggested-relationship	function follows connector inventory; subordinating connector before/near target finite clause
1corintios	11	25	C3	finite-anchor	24	πίνητε	πίνω	V-PAS-2P	certain	cn2	ἐὰν	subordinating	condition	suggested	condition	C2	C3	medium	suggested-relationship	function follows connector inventory; subordinating connector before/near target finite clause
1corintios	11	26	C1	finite-anchor	04	ἐσθίητε	ἐσθίω	V-PAS-2P	certain	cn1	γὰρ	coordinating	cause/ground	suggested	ground/explanation		C1	low	suggested-relationship	function follows connector inventory; connector before first finite clause or source outside verse
1corintios	11	26	C1	finite-anchor	04	ἐσθίητε	ἐσθίω	V-PAS-2P	certain	cn2	ἐὰν	subordinating	condition	suggested	condition		C1	low	suggested-relationship	function follows connector inventory; target finite clause found; source not available in verse
1corintios	11	26	C1	finite-anchor	04	ἐσθίητε	ἐσθίω	V-PAS-2P	certain	cn3	καὶ	coordinating	coordination	suggested	coordinate/add	C1	C2	medium	suggested-relationship	function follows connector inventory; coordinating connector between finite clauses
1corintios	11	26	C2	finite-anchor	11	πίνητε	πίνω	V-PAS-2P	certain	cn3	καὶ	coordinating	coordination	suggested	coordinate/add	C1	C2	medium	suggested-relationship	function follows connector inventory; coordinating connector between finite clauses
1corintios	11	26	C3	finite-anchor	16	καταγγέλλετε	καταγγέλλω	V-PAI-2P	certain										confirmed-finite-anchor	finite clause anchor with unresolved connector relationship
1corintios	11	26	C4	finite-anchor	19	ἔλθῃ	ἔρχομαι	V-AAS-3S	certain										confirmed-finite-anchor	finite clause anchor with unresolved connector relationship
1corintios	11	27	C1	finite-anchor	04	ἐσθίῃ	ἐσθίω	V-PAS-3S	certain	cn1	ὥστε	subordinating	result/inference	suggested	result/inference		C1	low	suggested-relationship	context-sensitive function; keep as suggested; target finite clause found; source not available in verse
1corintios	11	27	C1	finite-anchor	04	ἐσθίῃ	ἐσθίω	V-PAS-3S	certain	cn2	ἢ	coordinating	alternative/comparison	suggested	alternative/comparison	C1	C2	medium	suggested-relationship	context-sensitive function; keep as suggested; coordinating connector between finite clauses
1corintios	11	27	C2	finite-anchor	08	πίνῃ	πίνω	V-PAS-3S	certain	cn2	ἢ	coordinating	alternative/comparison	suggested	alternative/comparison	C1	C2	medium	suggested-relationship	context-sensitive function; keep as suggested; coordinating connector between finite clauses
1corintios	11	27	C3	finite-anchor	15	ἔσται	εἰμί	V-FMI-3S	certain	cn3	καὶ	coordinating	coordination	suggested	coordinate/add	C3		low	suggested-relationship	function follows connector inventory; connector after last finite clause or target outside verse
1corintios	11	28	C1	finite-anchor	01	δοκιμαζέτω	δοκιμάζω	V-PAD-3S	certain	cn1	δὲ	coordinating	coordination	suggested	coordinate/add	C1	C2	medium	suggested-relationship	function follows connector inventory; coordinating connector between finite clauses
1corintios	11	28	C1	finite-anchor	01	δοκιμαζέτω	δοκιμάζω	V-PAD-3S	certain	cn2	καὶ	coordinating	coordination	suggested	coordinate/add	C1	C2	medium	suggested-relationship	function follows connector inventory; coordinating connector between finite clauses
1corintios	11	28	C2	finite-anchor	10	ἐσθιέτω	ἐσθίω	V-PAD-3S	certain	cn1	δὲ	coordinating	coordination	suggested	coordinate/add	C1	C2	medium	suggested-relationship	function follows connector inventory; coordinating connector between finite clauses
1corintios	11	28	C2	finite-anchor	10	ἐσθιέτω	ἐσθίω	V-PAD-3S	certain	cn2	καὶ	coordinating	coordination	suggested	coordinate/add	C1	C2	medium	suggested-relationship	function follows connector inventory; coordinating connector between finite clauses
1corintios	11	28	C2	finite-anchor	10	ἐσθιέτω	ἐσθίω	V-PAD-3S	certain	cn3	καὶ	coordinating	coordination	suggested	coordinate/add	C2	C3	medium	suggested-relationship	function follows connector inventory; coordinating connector between finite clauses
1corintios	11	28	C3	finite-anchor	15	πινέτω	πίνω	V-PAD-3S	certain	cn3	καὶ	coordinating	coordination	suggested	coordinate/add	C2	C3	medium	suggested-relationship	function follows connector inventory; coordinating connector between finite clauses
1corintios	11	29	C1	finite-anchor	08	ἐσθίει	ἐσθίω	V-PAI-3S	certain	cn1	γὰρ	coordinating	cause/ground	suggested	ground/explanation		C1	low	suggested-relationship	function follows connector inventory; connector before first finite clause or source outside verse
1corintios	11	29	C1	finite-anchor	08	ἐσθίει	ἐσθίω	V-PAI-3S	certain	cn2	καὶ	coordinating	coordination	suggested	coordinate/add		C1	low	suggested-relationship	function follows connector inventory; connector before first finite clause or source outside verse
1corintios	11	29	C1	finite-anchor	08	ἐσθίει	ἐσθίω	V-PAI-3S	certain	cn3	καὶ	coordinating	coordination	suggested	coordinate/add	C1	C2	medium	suggested-relationship	function follows connector inventory; coordinating connector between finite clauses
1corintios	11	29	C2	finite-anchor	10	πίνει	πίνω	V-PAI-3S	certain	cn3	καὶ	coordinating	coordination	suggested	coordinate/add	C1	C2	medium	suggested-relationship	function follows connector inventory; coordinating connector between finite clauses
1corintios	11	30	C1	finite-anchor	10	κοιμῶνται	κοιμάομαι	V-PMI-3P	certain	cn1	καὶ	coordinating	coordination	suggested	coordinate/add		C1	low	suggested-relationship	function follows connector inventory; connector before first finite clause or source outside verse
1corintios	11	30	C1	finite-anchor	10	κοιμῶνται	κοιμάομαι	V-PMI-3P	certain	cn2	καὶ	coordinating	coordination	suggested	coordinate/add		C1	low	suggested-relationship	function follows connector inventory; connector before first finite clause or source outside verse
1corintios	11	31	C1	finite-anchor	04	διεκρίνομεν	διακρίνω	V-IAI-1P	certain	cn1	εἰ	subordinating	condition	suggested	condition		C1	low	suggested-relationship	function follows connector inventory; target finite clause found; source not available in verse
1corintios	11	31	C1	finite-anchor	04	διεκρίνομεν	διακρίνω	V-IAI-1P	certain	cn2	δὲ	coordinating	coordination	suggested	coordinate/add		C1	low	suggested-relationship	function follows connector inventory; connector before first finite clause or source outside verse
1corintios	11	31	C2	finite-anchor	07	ἐκρινόμεθα	κρίνω	V-IPI-1P	certain										confirmed-finite-anchor	finite clause anchor with unresolved connector relationship
1corintios	11	32	C1	finite-anchor	05	παιδευόμεθα	παιδεύω	V-PPI-1P	certain	cn1	δὲ	coordinating	coordination	suggested	coordinate/add		C1	low	suggested-relationship	function follows connector inventory; connector before first finite clause or source outside verse
1corintios	11	32	C1	finite-anchor	05	παιδευόμεθα	παιδεύω	V-PPI-1P	certain	cn2	ἵνα	subordinating	purpose/result	suggested	purpose/result	C1	C2	medium	suggested-relationship	context-sensitive function; keep as suggested; subordinating connector before/near target finite clause
1corintios	11	32	C2	finite-anchor	11	κατακριθῶμεν	κατακρίνω	V-APS-1P	certain	cn2	ἵνα	subordinating	purpose/result	suggested	purpose/result	C1	C2	medium	suggested-relationship	context-sensitive function; keep as suggested; subordinating connector before/near target finite clause
1corintios	11	33	C1	finite-anchor	09	ἐκδέχεσθε	ἐκδέχομαι	V-PMD-2P	certain	cn1	ὥστε	subordinating	result/inference	suggested	result/inference		C1	low	suggested-relationship	context-sensitive function; keep as suggested; target finite clause found; source not available in verse
1corintios	11	34	C1	finite-anchor	03	πεινᾷ	πεινάω	V-PAI-3S	certain	cn1	εἴ	subordinating	condition	suggested	condition		C1	low	suggested-relationship	function follows connector inventory; target finite clause found; source not available in verse
1corintios	11	34	C2	finite-anchor	06	ἐσθιέτω	ἐσθίω	V-PAD-3S	certain	cn2	ἵνα	subordinating	purpose/result	suggested	purpose/result	C2	C3	medium	suggested-relationship	context-sensitive function; keep as suggested; subordinating connector before/near target finite clause
1corintios	11	34	C3	finite-anchor	11	συνέρχησθε	συνέρχομαι	V-PMS-2P	certain	cn2	ἵνα	subordinating	purpose/result	suggested	purpose/result	C2	C3	medium	suggested-relationship	context-sensitive function; keep as suggested; subordinating connector before/near target finite clause
1corintios	11	34	C3	finite-anchor	11	συνέρχησθε	συνέρχομαι	V-PMS-2P	certain	cn4	δὲ	coordinating	coordination	suggested	coordinate/add	C3	C4	medium	suggested-relationship	function follows connector inventory; coordinating connector between finite clauses
1corintios	11	34	C3	finite-anchor	11	συνέρχησθε	συνέρχομαι	V-PMS-2P	certain	cn5	ὡς	subordinating	comparison/manner	suggested	comparison/manner	C3	C4	medium	suggested-relationship	context-sensitive function; keep as suggested; subordinating connector before/near target finite clause
1corintios	11	34	C4	finite-anchor	17	ἔλθω	ἔρχομαι	V-AAS-1S	certain	cn4	δὲ	coordinating	coordination	suggested	coordinate/add	C3	C4	medium	suggested-relationship	function follows connector inventory; coordinating connector between finite clauses
1corintios	11	34	C4	finite-anchor	17	ἔλθω	ἔρχομαι	V-AAS-1S	certain	cn5	ὡς	subordinating	comparison/manner	suggested	comparison/manner	C3	C4	medium	suggested-relationship	context-sensitive function; keep as suggested; subordinating connector before/near target finite clause
1corintios	11	34	C5	finite-anchor	18	διατάξομαι	διατάσσω	V-FMI-1S	certain										confirmed-finite-anchor	finite clause anchor with unresolved connector relationship
1corintios	12	1	C1	finite-anchor	07	θέλω	θέλω	V-PAI-1S	certain	cn1	δὲ	coordinating	coordination	suggested	coordinate/add		C1	low	suggested-relationship	function follows connector inventory; connector before first finite clause or source outside verse
1corintios	12	2	C1	finite-anchor	01	οἴδατε	οἶδα	V-XAI-2P	certain	cn1	ὅτι	subordinating	content/cause	suggested	content-or-cause	C1	C2	medium	suggested-relationship	context-sensitive function; keep as suggested; subordinating connector before/near target finite clause
1corintios	12	2	C2	finite-anchor	05	ἦτε	εἰμί	V-IAI-2P	certain	cn1	ὅτι	subordinating	content/cause	suggested	content-or-cause	C1	C2	medium	suggested-relationship	context-sensitive function; keep as suggested; subordinating connector before/near target finite clause
1corintios	12	2	C2	finite-anchor	05	ἦτε	εἰμί	V-IAI-2P	certain	cn2	ὡς	subordinating	comparison/manner	suggested	comparison/manner	C2	C3	medium	suggested-relationship	context-sensitive function; keep as suggested; subordinating connector before/near target finite clause
1corintios	12	2	C3	finite-anchor	13	ἤγεσθε	ἄγω	V-IPI-2P	certain	cn2	ὡς	subordinating	comparison/manner	suggested	comparison/manner	C2	C3	medium	suggested-relationship	context-sensitive function; keep as suggested; subordinating connector before/near target finite clause
1corintios	12	3	C1	finite-anchor	02	γνωρίζω	γνωρίζω	V-PAI-1S	certain	cn1	διὸ	coordinating	inference	suggested	inference/result		C1	low	suggested-relationship	function follows connector inventory; connector before first finite clause or source outside verse
1corintios	12	3	C1	finite-anchor	02	γνωρίζω	γνωρίζω	V-PAI-1S	certain	cn2	ὅτι	subordinating	content/cause	suggested	content-or-cause	C1	C2	medium	suggested-relationship	context-sensitive function; keep as suggested; subordinating connector before/near target finite clause
1corintios	12	3	C2	finite-anchor	10	λέγει	λέγω	V-PAI-3S	certain	cn2	ὅτι	subordinating	content/cause	suggested	content-or-cause	C1	C2	medium	suggested-relationship	context-sensitive function; keep as suggested; subordinating connector before/near target finite clause
1corintios	12	3	C2	finite-anchor	10	λέγει	λέγω	V-PAI-3S	certain	cn3	καὶ	coordinating	coordination	suggested	coordinate/add	C2	C3	medium	suggested-relationship	function follows connector inventory; coordinating connector between finite clauses
1corintios	12	3	C3	finite-anchor	15	δύναται	δύναμαι	V-PMI-3S	certain	cn3	καὶ	coordinating	coordination	suggested	coordinate/add	C2	C3	medium	suggested-relationship	function follows connector inventory; coordinating connector between finite clauses
1corintios	12	4	C1	finite-anchor	04	εἰσίν	εἰμί	V-PAI-3P	certain	cn1	δὲ	coordinating	coordination	suggested	coordinate/add		C1	low	suggested-relationship	function follows connector inventory; connector before first finite clause or source outside verse
1corintios	12	4	C1	finite-anchor	04	εἰσίν	εἰμί	V-PAI-3P	certain	cn2	δὲ	coordinating	coordination	suggested	coordinate/add	C1		low	suggested-relationship	function follows connector inventory; connector after last finite clause or target outside verse
1corintios	12	5	C1	finite-anchor	04	εἰσιν	εἰμί	V-PAI-3P	certain	cn1	καὶ	coordinating	coordination	suggested	coordinate/add		C1	low	suggested-relationship	function follows connector inventory; connector before first finite clause or source outside verse
1corintios	12	5	C1	finite-anchor	04	εἰσιν	εἰμί	V-PAI-3P	certain	cn2	καὶ	coordinating	coordination	suggested	coordinate/add	C1		low	suggested-relationship	function follows connector inventory; connector after last finite clause or target outside verse
1corintios	12	6	C1	finite-anchor	04	εἰσίν	εἰμί	V-PAI-3P	certain	cn1	καὶ	coordinating	coordination	suggested	coordinate/add		C1	low	suggested-relationship	function follows connector inventory; connector before first finite clause or source outside verse
1corintios	12	6	C1	finite-anchor	04	εἰσίν	εἰμί	V-PAI-3P	certain	cn2	δὲ	coordinating	coordination	suggested	coordinate/add	C1		low	suggested-relationship	function follows connector inventory; connector after last finite clause or target outside verse
1corintios	12	7	C1	finite-anchor	03	δίδοται	δίδωμι	V-PPI-3S	certain	cn1	δὲ	coordinating	coordination	suggested	coordinate/add		C1	low	suggested-relationship	function follows connector inventory; connector before first finite clause or source outside verse
1corintios	12	8	C1	finite-anchor	07	δίδοται	δίδωμι	V-PPI-3S	certain	cn1	γὰρ	coordinating	cause/ground	suggested	ground/explanation		C1	low	suggested-relationship	function follows connector inventory; connector before first finite clause or source outside verse
1corintios	12	8	C1	finite-anchor	07	δίδοται	δίδωμι	V-PPI-3S	certain	cn2	δὲ	coordinating	coordination	suggested	coordinate/add	C1		low	suggested-relationship	function follows connector inventory; connector after last finite clause or target outside verse
1corintios	12	11	C1	finite-anchor	04	ἐνεργεῖ	ἐνεργέω	V-PAI-3S	certain	cn1	δὲ	coordinating	coordination	suggested	coordinate/add		C1	low	suggested-relationship	function follows connector inventory; connector before first finite clause or source outside verse
1corintios	12	11	C1	finite-anchor	04	ἐνεργεῖ	ἐνεργέω	V-PAI-3S	certain	cn2	καὶ	coordinating	coordination	suggested	coordinate/add	C1	C2	medium	suggested-relationship	function follows connector inventory; coordinating connector between finite clauses
1corintios	12	11	C1	finite-anchor	04	ἐνεργεῖ	ἐνεργέω	V-PAI-3S	certain	cn3	καθὼς	subordinating	comparison/manner	suggested	comparison/manner	C1	C2	medium	suggested-relationship	context-sensitive function; keep as suggested; subordinating connector before/near target finite clause
1corintios	12	11	C2	finite-anchor	15	βούλεται	βούλομαι	V-PMI-3S	certain	cn2	καὶ	coordinating	coordination	suggested	coordinate/add	C1	C2	medium	suggested-relationship	function follows connector inventory; coordinating connector between finite clauses
1corintios	12	11	C2	finite-anchor	15	βούλεται	βούλομαι	V-PMI-3S	certain	cn3	καθὼς	subordinating	comparison/manner	suggested	comparison/manner	C1	C2	medium	suggested-relationship	context-sensitive function; keep as suggested; subordinating connector before/near target finite clause
1corintios	12	12	C1	finite-anchor	06	ἐστιν	εἰμί	V-PAI-3S	certain	cn1	καθάπερ	subordinating	comparison/manner	suggested	comparison/manner		C1	low	suggested-relationship	context-sensitive function; keep as suggested; target finite clause found; source not available in verse
1corintios	12	12	C1	finite-anchor	06	ἐστιν	εἰμί	V-PAI-3S	certain	cn2	γὰρ	coordinating	cause/ground	suggested	ground/explanation		C1	low	suggested-relationship	function follows connector inventory; connector before first finite clause or source outside verse
1corintios	12	12	C1	finite-anchor	06	ἐστιν	εἰμί	V-PAI-3S	certain	cn3	καὶ	coordinating	coordination	suggested	coordinate/add	C1	C2	medium	suggested-relationship	function follows connector inventory; coordinating connector between finite clauses
1corintios	12	12	C2	finite-anchor	10	ἔχει	ἔχω	V-PAI-3S	certain	cn3	καὶ	coordinating	coordination	suggested	coordinate/add	C1	C2	medium	suggested-relationship	function follows connector inventory; coordinating connector between finite clauses
1corintios	12	12	C2	finite-anchor	10	ἔχει	ἔχω	V-PAI-3S	certain	cn4	δὲ	coordinating	coordination	suggested	coordinate/add	C2	C3	medium	suggested-relationship	function follows connector inventory; coordinating connector between finite clauses
1corintios	12	12	C3	finite-anchor	20	ἐστιν	εἰμί	V-PAI-3S	certain	cn4	δὲ	coordinating	coordination	suggested	coordinate/add	C2	C3	medium	suggested-relationship	function follows connector inventory; coordinating connector between finite clauses
1corintios	12	12	C3	finite-anchor	20	ἐστιν	εἰμί	V-PAI-3S	certain	cn5	καὶ	coordinating	coordination	suggested	coordinate/add	C3		low	suggested-relationship	function follows connector inventory; connector after last finite clause or target outside verse
1corintios	12	13	C1	finite-anchor	11	ἐβαπτίσθημεν	βαπτίζω	V-API-1P	certain	cn1	καὶ	coordinating	coordination	suggested	coordinate/add		C1	low	suggested-relationship	function follows connector inventory; connector before first finite clause or source outside verse
1corintios	12	13	C1	finite-anchor	11	ἐβαπτίσθημεν	βαπτίζω	V-API-1P	certain	cn2	γὰρ	coordinating	cause/ground	suggested	ground/explanation		C1	low	suggested-relationship	function follows connector inventory; connector before first finite clause or source outside verse
1corintios	12	13	C1	finite-anchor	11	ἐβαπτίσθημεν	βαπτίζω	V-API-1P	certain	cn3	εἴτε	coordinating	alternative	suggested	alternative	C1	C2	medium	suggested-relationship	function follows connector inventory; coordinating connector between finite clauses
1corintios	12	13	C1	finite-anchor	11	ἐβαπτίσθημεν	βαπτίζω	V-API-1P	certain	cn4	εἴτε	coordinating	alternative	suggested	alternative	C1	C2	medium	suggested-relationship	function follows connector inventory; coordinating connector between finite clauses
1corintios	12	13	C1	finite-anchor	11	ἐβαπτίσθημεν	βαπτίζω	V-API-1P	certain	cn5	εἴτε	coordinating	alternative	suggested	alternative	C1	C2	medium	suggested-relationship	function follows connector inventory; coordinating connector between finite clauses
1corintios	12	13	C1	finite-anchor	11	ἐβαπτίσθημεν	βαπτίζω	V-API-1P	certain	cn6	εἴτε	coordinating	alternative	suggested	alternative	C1	C2	medium	suggested-relationship	function follows connector inventory; coordinating connector between finite clauses
1corintios	12	13	C1	finite-anchor	11	ἐβαπτίσθημεν	βαπτίζω	V-API-1P	certain	cn7	καὶ	coordinating	coordination	suggested	coordinate/add	C1	C2	medium	suggested-relationship	function follows connector inventory; coordinating connector between finite clauses
1corintios	12	13	C2	finite-anchor	24	ἐποτίσθημεν	ποτίζω	V-API-1P	certain	cn3	εἴτε	coordinating	alternative	suggested	alternative	C1	C2	medium	suggested-relationship	function follows connector inventory; coordinating connector between finite clauses
1corintios	12	13	C2	finite-anchor	24	ἐποτίσθημεν	ποτίζω	V-API-1P	certain	cn4	εἴτε	coordinating	alternative	suggested	alternative	C1	C2	medium	suggested-relationship	function follows connector inventory; coordinating connector between finite clauses
1corintios	12	13	C2	finite-anchor	24	ἐποτίσθημεν	ποτίζω	V-API-1P	certain	cn5	εἴτε	coordinating	alternative	suggested	alternative	C1	C2	medium	suggested-relationship	function follows connector inventory; coordinating connector between finite clauses
1corintios	12	13	C2	finite-anchor	24	ἐποτίσθημεν	ποτίζω	V-API-1P	certain	cn6	εἴτε	coordinating	alternative	suggested	alternative	C1	C2	medium	suggested-relationship	function follows connector inventory; coordinating connector between finite clauses
1corintios	12	13	C2	finite-anchor	24	ἐποτίσθημεν	ποτίζω	V-API-1P	certain	cn7	καὶ	coordinating	coordination	suggested	coordinate/add	C1	C2	medium	suggested-relationship	function follows connector inventory; coordinating connector between finite clauses
1corintios	12	14	C1	finite-anchor	06	ἔστιν	εἰμί	V-PAI-3S	certain	cn1	καὶ	coordinating	coordination	suggested	coordinate/add		C1	low	suggested-relationship	function follows connector inventory; connector before first finite clause or source outside verse
1corintios	12	14	C1	finite-anchor	06	ἔστιν	εἰμί	V-PAI-3S	certain	cn2	γὰρ	coordinating	cause/ground	suggested	ground/explanation		C1	low	suggested-relationship	function follows connector inventory; connector before first finite clause or source outside verse
1corintios	12	14	C1	finite-anchor	06	ἔστιν	εἰμί	V-PAI-3S	certain	cn4	ἀλλὰ	coordinating	contrast	suggested	contrast	C1		low	suggested-relationship	function follows connector inventory; connector after last finite clause or target outside verse
1corintios	12	15	C1	finite-anchor	02	εἴπῃ	λέγω	V-AAS-3S	certain	cn1	ἐὰν	subordinating	condition	suggested	condition		C1	low	suggested-relationship	function follows connector inventory; target finite clause found; source not available in verse
1corintios	12	15	C1	finite-anchor	02	εἴπῃ	λέγω	V-AAS-3S	certain	cn2	ὅτι	subordinating	content/cause	suggested	content-or-cause	C1	C2	medium	suggested-relationship	context-sensitive function; keep as suggested; subordinating connector before/near target finite clause
1corintios	12	15	C2	finite-anchor	07	εἰμὶ	εἰμί	V-PAI-1S	certain	cn2	ὅτι	subordinating	content/cause	suggested	content-or-cause	C1	C2	medium	suggested-relationship	context-sensitive function; keep as suggested; subordinating connector before/near target finite clause
1corintios	12	15	C3	finite-anchor	10	εἰμὶ	εἰμί	V-PAI-1S	certain										confirmed-finite-anchor	finite clause anchor with unresolved connector relationship
1corintios	12	15	C4	finite-anchor	18	ἔστιν	εἰμί	V-PAI-3S	certain										confirmed-finite-anchor	finite clause anchor with unresolved connector relationship
1corintios	12	16	C1	finite-anchor	03	εἴπῃ	λέγω	V-AAS-3S	certain	cn1	καὶ	coordinating	coordination	suggested	coordinate/add		C1	low	suggested-relationship	function follows connector inventory; connector before first finite clause or source outside verse
1corintios	12	16	C1	finite-anchor	03	εἴπῃ	λέγω	V-AAS-3S	certain	cn2	ἐὰν	subordinating	condition	suggested	condition		C1	low	suggested-relationship	function follows connector inventory; target finite clause found; source not available in verse
1corintios	12	16	C1	finite-anchor	03	εἴπῃ	λέγω	V-AAS-3S	certain	cn3	ὅτι	subordinating	content/cause	suggested	content-or-cause	C1	C2	medium	suggested-relationship	context-sensitive function; keep as suggested; subordinating connector before/near target finite clause
1corintios	12	16	C2	finite-anchor	08	εἰμὶ	εἰμί	V-PAI-1S	certain	cn3	ὅτι	subordinating	content/cause	suggested	content-or-cause	C1	C2	medium	suggested-relationship	context-sensitive function; keep as suggested; subordinating connector before/near target finite clause
1corintios	12	16	C3	finite-anchor	11	εἰμὶ	εἰμί	V-PAI-1S	certain										confirmed-finite-anchor	finite clause anchor with unresolved connector relationship
1corintios	12	16	C4	finite-anchor	19	ἔστιν	εἰμί	V-PAI-3S	certain										confirmed-finite-anchor	finite clause anchor with unresolved connector relationship
1corintios	12	18	C1	finite-anchor	05	ἔθετο	τίθημι	V-AMI-3S	certain	cn1	δὲ	coordinating	coordination	suggested	coordinate/add		C1	low	suggested-relationship	function follows connector inventory; connector before first finite clause or source outside verse
1corintios	12	18	C1	finite-anchor	05	ἔθετο	τίθημι	V-AMI-3S	certain	cn2	καθὼς	subordinating	comparison/manner	suggested	comparison/manner	C1	C2	medium	suggested-relationship	context-sensitive function; keep as suggested; subordinating connector before/near target finite clause
1corintios	12	18	C2	finite-anchor	15	ἠθέλησεν	θέλω	V-AAI-3S	certain	cn2	καθὼς	subordinating	comparison/manner	suggested	comparison/manner	C1	C2	medium	suggested-relationship	context-sensitive function; keep as suggested; subordinating connector before/near target finite clause
1corintios	12	19	C1	finite-anchor	03	ἦν	εἰμί	V-IAI-3S	certain	cn1	εἰ	subordinating	condition	suggested	condition		C1	low	suggested-relationship	function follows connector inventory; target finite clause found; source not available in verse
1corintios	12	19	C1	finite-anchor	03	ἦν	εἰμί	V-IAI-3S	certain	cn2	δὲ	coordinating	coordination	suggested	coordinate/add		C1	low	suggested-relationship	function follows connector inventory; connector before first finite clause or source outside verse
1corintios	12	21	C1	finite-anchor	02	δύναται	δύναμαι	V-PMI-3S	certain	cn2	δὲ	coordinating	coordination	suggested	coordinate/add	C1	C2	medium	suggested-relationship	function follows connector inventory; coordinating connector between finite clauses
1corintios	12	21	C2	finite-anchor	12	ἔχω	ἔχω	V-PAI-1S	certain	cn2	δὲ	coordinating	coordination	suggested	coordinate/add	C1	C2	medium	suggested-relationship	function follows connector inventory; coordinating connector between finite clauses
1corintios	12	21	C2	finite-anchor	12	ἔχω	ἔχω	V-PAI-1S	certain	cn4	ἢ	coordinating	alternative/comparison	suggested	alternative/comparison	C2	C3	medium	suggested-relationship	context-sensitive function; keep as suggested; coordinating connector between finite clauses
1corintios	12	21	C3	finite-anchor	22	ἔχω	ἔχω	V-PAI-1S	certain	cn4	ἢ	coordinating	alternative/comparison	suggested	alternative/comparison	C2	C3	medium	suggested-relationship	context-sensitive function; keep as suggested; coordinating connector between finite clauses
1corintios	12	22	C1	finite-anchor	12	ἐστιν	εἰμί	V-PAI-3S	certain	cn1	ἀλλὰ	coordinating	contrast	suggested	contrast		C1	low	suggested-relationship	function follows connector inventory; connector before first finite clause or source outside verse
1corintios	12	23	C1	finite-anchor	03	δοκοῦμεν	δοκέω	V-PAI-1P	certain	cn1	καὶ	coordinating	coordination	suggested	coordinate/add		C1	low	suggested-relationship	function follows connector inventory; connector before first finite clause or source outside verse
1corintios	12	23	C2	finite-anchor	11	περιτίθεμεν	περιτίθημι	V-PAI-1P	certain	cn2	καὶ	coordinating	coordination	suggested	coordinate/add	C2	C3	medium	suggested-relationship	function follows connector inventory; coordinating connector between finite clauses
1corintios	12	23	C3	finite-anchor	18	ἔχει	ἔχω	V-PAI-3S	certain	cn2	καὶ	coordinating	coordination	suggested	coordinate/add	C2	C3	medium	suggested-relationship	function follows connector inventory; coordinating connector between finite clauses
1corintios	12	24	C1	finite-anchor	07	ἔχει	ἔχω	V-PAI-3S	certain	cn1	δὲ	coordinating	coordination	suggested	coordinate/add		C1	low	suggested-relationship	function follows connector inventory; connector before first finite clause or source outside verse
1corintios	12	24	C1	finite-anchor	07	ἔχει	ἔχω	V-PAI-3S	certain	cn3	ἀλλὰ	coordinating	contrast	suggested	contrast	C1	C2	medium	suggested-relationship	function follows connector inventory; coordinating connector between finite clauses
1corintios	12	24	C2	finite-anchor	11	συνεκέρασεν	συγκεράννυμι	V-AAI-3S	certain	cn3	ἀλλὰ	coordinating	contrast	suggested	contrast	C1	C2	medium	suggested-relationship	function follows connector inventory; coordinating connector between finite clauses
1corintios	12	25	C1	finite-anchor	03	ᾖ	εἰμί	V-PAS-3S	certain	cn1	ἵνα	subordinating	purpose/result	suggested	purpose/result		C1	low	suggested-relationship	context-sensitive function; keep as suggested; target finite clause found; source not available in verse
1corintios	12	25	C1	finite-anchor	03	ᾖ	εἰμί	V-PAS-3S	certain	cn3	ἀλλὰ	coordinating	contrast	suggested	contrast	C1	C2	medium	suggested-relationship	function follows connector inventory; coordinating connector between finite clauses
1corintios	12	25	C2	finite-anchor	13	μεριμνῶσι	μεριμνάω	V-PAS-3P	certain	cn3	ἀλλὰ	coordinating	contrast	suggested	contrast	C1	C2	medium	suggested-relationship	function follows connector inventory; coordinating connector between finite clauses
1corintios	12	26	C1	finite-anchor	03	πάσχει	πάσχω	V-PAI-3S	certain	cn1	καὶ	coordinating	coordination	suggested	coordinate/add		C1	low	suggested-relationship	function follows connector inventory; connector before first finite clause or source outside verse
1corintios	12	26	C1	finite-anchor	03	πάσχει	πάσχω	V-PAI-3S	certain	cn2	εἴτε	coordinating	alternative	suggested	alternative		C1	low	suggested-relationship	function follows connector inventory; connector before first finite clause or source outside verse
1corintios	12	26	C2	finite-anchor	06	συμπάσχει	συμπάσχω	V-PAI-3S	certain	cn3	εἴτε	coordinating	alternative	suggested	alternative	C2	C3	medium	suggested-relationship	function follows connector inventory; coordinating connector between finite clauses
1corintios	12	26	C3	finite-anchor	11	δοξάζεται	δοξάζω	V-PPI-3S	certain	cn3	εἴτε	coordinating	alternative	suggested	alternative	C2	C3	medium	suggested-relationship	function follows connector inventory; coordinating connector between finite clauses
1corintios	12	26	C4	finite-anchor	13	συγχαίρει	συγχαίρω	V-PAI-3S	certain										confirmed-finite-anchor	finite clause anchor with unresolved connector relationship
1corintios	12	27	C1	finite-anchor	03	ἐστε	εἰμί	V-PAI-2P	certain	cn1	δέ	coordinating	coordination	suggested	coordinate/add		C1	low	suggested-relationship	function follows connector inventory; connector before first finite clause or source outside verse
1corintios	12	27	C1	finite-anchor	03	ἐστε	εἰμί	V-PAI-2P	certain	cn2	καὶ	coordinating	coordination	suggested	coordinate/add	C1		low	suggested-relationship	function follows connector inventory; connector after last finite clause or target outside verse
1corintios	12	28	C1	finite-anchor	04	ἔθετο	τίθημι	V-AMI-3S	certain	cn1	καὶ	coordinating	coordination	suggested	coordinate/add		C1	low	suggested-relationship	function follows connector inventory; connector before first finite clause or source outside verse
1corintios	12	30	C1	finite-anchor	04	ἔχουσιν	ἔχω	V-PAI-3P	certain										confirmed-finite-anchor	finite clause anchor with unresolved connector relationship
1corintios	12	30	C2	finite-anchor	09	λαλοῦσιν	λαλέω	V-PAI-3P	certain										confirmed-finite-anchor	finite clause anchor with unresolved connector relationship
1corintios	12	30	C3	finite-anchor	12	διερμηνεύουσιν	διερμηνεύω	V-PAI-3P	certain										confirmed-finite-anchor	finite clause anchor with unresolved connector relationship
1corintios	12	31	C1	finite-anchor	01	ζηλοῦτε	ζηλόω	V-PAD-2P	certain	cn1	δὲ	coordinating	coordination	suggested	coordinate/add	C1	C2	medium	suggested-relationship	function follows connector inventory; coordinating connector between finite clauses
1corintios	12	31	C1	finite-anchor	01	ζηλοῦτε	ζηλόω	V-PAD-2P	certain	cn2	καὶ	coordinating	coordination	suggested	coordinate/add	C1	C2	medium	suggested-relationship	function follows connector inventory; coordinating connector between finite clauses
1corintios	12	31	C2	finite-anchor	13	δείκνυμι	δείκνυμι	V-PAI-1S	certain	cn1	δὲ	coordinating	coordination	suggested	coordinate/add	C1	C2	medium	suggested-relationship	function follows connector inventory; coordinating connector between finite clauses
1corintios	12	31	C2	finite-anchor	13	δείκνυμι	δείκνυμι	V-PAI-1S	certain	cn2	καὶ	coordinating	coordination	suggested	coordinate/add	C1	C2	medium	suggested-relationship	function follows connector inventory; coordinating connector between finite clauses
1corintios	13	1	C1	finite-anchor	06	λαλῶ	λαλέω	V-PAS-1S	certain	cn1	ἐὰν	subordinating	condition	suggested	condition		C1	low	suggested-relationship	function follows connector inventory; target finite clause found; source not available in verse
1corintios	13	1	C1	finite-anchor	06	λαλῶ	λαλέω	V-PAS-1S	certain	cn2	καὶ	coordinating	coordination	suggested	coordinate/add	C1	C2	medium	suggested-relationship	function follows connector inventory; coordinating connector between finite clauses
1corintios	13	1	C1	finite-anchor	06	λαλῶ	λαλέω	V-PAS-1S	certain	cn3	δὲ	coordinating	coordination	suggested	coordinate/add	C1	C2	medium	suggested-relationship	function follows connector inventory; coordinating connector between finite clauses
1corintios	13	1	C2	finite-anchor	13	ἔχω	ἔχω	V-PAS-1S	certain	cn2	καὶ	coordinating	coordination	suggested	coordinate/add	C1	C2	medium	suggested-relationship	function follows connector inventory; coordinating connector between finite clauses
1corintios	13	1	C2	finite-anchor	13	ἔχω	ἔχω	V-PAS-1S	certain	cn3	δὲ	coordinating	coordination	suggested	coordinate/add	C1	C2	medium	suggested-relationship	function follows connector inventory; coordinating connector between finite clauses
1corintios	13	1	C3	finite-anchor	14	γέγονα	γίνομαι	V-XAI-1S	certain	cn5	ἢ	coordinating	alternative/comparison	suggested	alternative/comparison	C3		low	suggested-relationship	context-sensitive function; keep as suggested; connector after last finite clause or target outside verse
1corintios	13	2	C1	finite-anchor	03	ἔχω	ἔχω	V-PAS-1S	certain	cn1	καὶ	coordinating	coordination	suggested	coordinate/add		C1	low	suggested-relationship	function follows connector inventory; connector before first finite clause or source outside verse
1corintios	13	2	C1	finite-anchor	03	ἔχω	ἔχω	V-PAS-1S	certain	cn2	ἐὰν	subordinating	condition	suggested	condition		C1	low	suggested-relationship	function follows connector inventory; target finite clause found; source not available in verse
1corintios	13	2	C1	finite-anchor	03	ἔχω	ἔχω	V-PAS-1S	certain	cn3	καὶ	coordinating	coordination	suggested	coordinate/add	C1	C2	medium	suggested-relationship	function follows connector inventory; coordinating connector between finite clauses
1corintios	13	2	C2	finite-anchor	06	εἰδῶ	οἶδα	V-XAS-1S	certain	cn3	καὶ	coordinating	coordination	suggested	coordinate/add	C1	C2	medium	suggested-relationship	function follows connector inventory; coordinating connector between finite clauses
1corintios	13	2	C2	finite-anchor	06	εἰδῶ	οἶδα	V-XAS-1S	certain	cn4	καὶ	coordinating	coordination	suggested	coordinate/add	C2	C3	medium	suggested-relationship	function follows connector inventory; coordinating connector between finite clauses
1corintios	13	2	C3	finite-anchor	16	ἔχω	ἔχω	V-PAS-1S	certain	cn4	καὶ	coordinating	coordination	suggested	coordinate/add	C2	C3	medium	suggested-relationship	function follows connector inventory; coordinating connector between finite clauses
1corintios	13	2	C3	finite-anchor	16	ἔχω	ἔχω	V-PAS-1S	certain	cn5	ὥστε	subordinating	result/inference	suggested	result/inference	C3	C4	medium	suggested-relationship	context-sensitive function; keep as suggested; subordinating connector before/near target finite clause
1corintios	13	2	C3	finite-anchor	16	ἔχω	ἔχω	V-PAS-1S	certain	cn6	δὲ	coordinating	coordination	suggested	coordinate/add	C3	C4	medium	suggested-relationship	function follows connector inventory; coordinating connector between finite clauses
1corintios	13	2	C4	finite-anchor	26	ἔχω	ἔχω	V-PAS-1S	certain	cn5	ὥστε	subordinating	result/inference	suggested	result/inference	C3	C4	medium	suggested-relationship	context-sensitive function; keep as suggested; subordinating connector before/near target finite clause
1corintios	13	2	C4	finite-anchor	26	ἔχω	ἔχω	V-PAS-1S	certain	cn6	δὲ	coordinating	coordination	suggested	coordinate/add	C3	C4	medium	suggested-relationship	function follows connector inventory; coordinating connector between finite clauses
1corintios	13	2	C5	finite-anchor	28	εἰμι	εἰμί	V-PAI-1S	certain										confirmed-finite-anchor	finite clause anchor with unresolved connector relationship
1corintios	13	3	C1	finite-anchor	03	ψωμίσω	ψωμίζω	V-AAS-1S	certain	cn1	καὶ	coordinating	coordination	suggested	coordinate/add		C1	low	suggested-relationship	function follows connector inventory; connector before first finite clause or source outside verse
1corintios	13	3	C1	finite-anchor	03	ψωμίσω	ψωμίζω	V-AAS-1S	certain	cn2	ἐὰν	subordinating	condition	suggested	condition		C1	low	suggested-relationship	function follows connector inventory; target finite clause found; source not available in verse
1corintios	13	3	C2	finite-anchor	10	παραδῶ	παραδίδωμι	V-AAS-1S	certain	cn3	ἵνα	subordinating	purpose/result	suggested	purpose/result	C2	C3	medium	suggested-relationship	context-sensitive function; keep as suggested; subordinating connector before/near target finite clause
1corintios	13	3	C3	finite-anchor	15	καυθήσομαι	καίω	V-FPI-1S	certain	cn3	ἵνα	subordinating	purpose/result	suggested	purpose/result	C2	C3	medium	suggested-relationship	context-sensitive function; keep as suggested; subordinating connector before/near target finite clause
1corintios	13	3	C3	finite-anchor	15	καυθήσομαι	καίω	V-FPI-1S	certain	cn4	δὲ	coordinating	coordination	suggested	coordinate/add	C3	C4	medium	suggested-relationship	function follows connector inventory; coordinating connector between finite clauses
1corintios	13	3	C4	finite-anchor	19	ἔχω	ἔχω	V-PAS-1S	certain	cn4	δὲ	coordinating	coordination	suggested	coordinate/add	C3	C4	medium	suggested-relationship	function follows connector inventory; coordinating connector between finite clauses
1corintios	13	3	C5	finite-anchor	21	ὠφελοῦμαι	ὠφελέω	V-PPI-1S	certain										confirmed-finite-anchor	finite clause anchor with unresolved connector relationship
1corintios	13	4	C1	finite-anchor	03	μακροθυμεῖ	μακροθυμέω	V-PAI-3S	certain										confirmed-finite-anchor	finite clause anchor with unresolved connector relationship
1corintios	13	4	C2	finite-anchor	04	χρηστεύεται	χρηστεύομαι	V-PMI-3S	certain										confirmed-finite-anchor	finite clause anchor with unresolved connector relationship
1corintios	13	4	C3	finite-anchor	08	ζηλοῖ	ζηλόω	V-PAI-3S	certain										confirmed-finite-anchor	finite clause anchor with unresolved connector relationship
1corintios	13	4	C4	finite-anchor	12	περπερεύεται	περπερεύομαι	V-PMI-3S	certain										confirmed-finite-anchor	finite clause anchor with unresolved connector relationship
1corintios	13	4	C5	finite-anchor	14	φυσιοῦται	φυσιόω	V-PPI-3S	certain										confirmed-finite-anchor	finite clause anchor with unresolved connector relationship
1corintios	13	5	C1	finite-anchor	02	ἀσχημονεῖ	ἀσχημονέω	V-PAI-3S	certain										confirmed-finite-anchor	finite clause anchor with unresolved connector relationship
1corintios	13	5	C2	finite-anchor	04	ζητεῖ	ζητέω	V-PAI-3S	certain										confirmed-finite-anchor	finite clause anchor with unresolved connector relationship
1corintios	13	5	C3	finite-anchor	08	παροξύνεται	παροξύνομαι	V-PPI-3S	certain										confirmed-finite-anchor	finite clause anchor with unresolved connector relationship
1corintios	13	5	C4	finite-anchor	10	λογίζεται	λογίζομαι	V-PMI-3S	certain										confirmed-finite-anchor	finite clause anchor with unresolved connector relationship
1corintios	13	6	C1	finite-anchor	02	χαίρει	χαίρω	V-PAI-3S	certain										confirmed-finite-anchor	finite clause anchor with unresolved connector relationship
1corintios	13	6	C2	finite-anchor	06	συγχαίρει	συγχαίρω	V-PAI-3S	certain	cn2	δὲ	coordinating	coordination	suggested	coordinate/add	C2		low	suggested-relationship	function follows connector inventory; connector after last finite clause or target outside verse
1corintios	13	7	C1	finite-anchor	02	στέγει	στέγω	V-PAI-3S	certain										confirmed-finite-anchor	finite clause anchor with no connector relationship
1corintios	13	7	C2	finite-anchor	04	πιστεύει	πιστεύω	V-PAI-3S	certain										confirmed-finite-anchor	finite clause anchor with no connector relationship
1corintios	13	7	C3	finite-anchor	06	ἐλπίζει	ἐλπίζω	V-PAI-3S	certain										confirmed-finite-anchor	finite clause anchor with no connector relationship
1corintios	13	7	C4	finite-anchor	08	ὑπομένει	ὑπομένω	V-PAI-3S	certain										confirmed-finite-anchor	finite clause anchor with no connector relationship
1corintios	13	8	C1	finite-anchor	04	πίπτει	πίπτω	V-PAI-3S	certain	cn1	εἴτε	coordinating	alternative	suggested	alternative	C1	C2	medium	suggested-relationship	function follows connector inventory; coordinating connector between finite clauses
1corintios	13	8	C1	finite-anchor	04	πίπτει	πίπτω	V-PAI-3S	certain	cn2	δὲ	coordinating	coordination	suggested	coordinate/add	C1	C2	medium	suggested-relationship	function follows connector inventory; coordinating connector between finite clauses
1corintios	13	8	C2	finite-anchor	08	καταργηθήσονται	καταργέω	V-FPI-3P	certain	cn1	εἴτε	coordinating	alternative	suggested	alternative	C1	C2	medium	suggested-relationship	function follows connector inventory; coordinating connector between finite clauses
1corintios	13	8	C2	finite-anchor	08	καταργηθήσονται	καταργέω	V-FPI-3P	certain	cn2	δὲ	coordinating	coordination	suggested	coordinate/add	C1	C2	medium	suggested-relationship	function follows connector inventory; coordinating connector between finite clauses
1corintios	13	8	C2	finite-anchor	08	καταργηθήσονται	καταργέω	V-FPI-3P	certain	cn3	εἴτε	coordinating	alternative	suggested	alternative	C2	C3	medium	suggested-relationship	function follows connector inventory; coordinating connector between finite clauses
1corintios	13	8	C3	finite-anchor	11	παύσονται	παύω	V-FMI-3P	certain	cn3	εἴτε	coordinating	alternative	suggested	alternative	C2	C3	medium	suggested-relationship	function follows connector inventory; coordinating connector between finite clauses
1corintios	13	8	C3	finite-anchor	11	παύσονται	παύω	V-FMI-3P	certain	cn4	εἴτε	coordinating	alternative	suggested	alternative	C3	C4	medium	suggested-relationship	function follows connector inventory; coordinating connector between finite clauses
1corintios	13	8	C4	finite-anchor	14	καταργηθήσεται	καταργέω	V-FPI-3S	certain	cn4	εἴτε	coordinating	alternative	suggested	alternative	C3	C4	medium	suggested-relationship	function follows connector inventory; coordinating connector between finite clauses
1corintios	13	9	C1	finite-anchor	04	γινώσκομεν	γινώσκω	V-PAI-1P	certain	cn1	γὰρ	coordinating	cause/ground	suggested	ground/explanation		C1	low	suggested-relationship	function follows connector inventory; connector before first finite clause or source outside verse
1corintios	13	9	C1	finite-anchor	04	γινώσκομεν	γινώσκω	V-PAI-1P	certain	cn2	καὶ	coordinating	coordination	suggested	coordinate/add	C1	C2	medium	suggested-relationship	function follows connector inventory; coordinating connector between finite clauses
1corintios	13	9	C2	finite-anchor	08	προφητεύομεν	προφητεύω	V-PAI-1P	certain	cn2	καὶ	coordinating	coordination	suggested	coordinate/add	C1	C2	medium	suggested-relationship	function follows connector inventory; coordinating connector between finite clauses
1corintios	13	10	C1	finite-anchor	03	ἔλθῃ	ἔρχομαι	V-AAS-3S	certain	cn1	ὅταν	subordinating	temporal/condition	suggested	temporal-or-condition		C1	low	suggested-relationship	context-sensitive function; keep as suggested; target finite clause found; source not available in verse
1corintios	13	10	C1	finite-anchor	03	ἔλθῃ	ἔρχομαι	V-AAS-3S	certain	cn2	δὲ	coordinating	coordination	suggested	coordinate/add		C1	low	suggested-relationship	function follows connector inventory; connector before first finite clause or source outside verse
1corintios	13	10	C2	finite-anchor	09	καταργηθήσεται	καταργέω	V-FPI-3S	certain										confirmed-finite-anchor	finite clause anchor with unresolved connector relationship
1corintios	13	11	C1	finite-anchor	02	ἤμην	εἰμί	V-IMI-1S	certain										confirmed-finite-anchor	finite clause anchor with unresolved connector relationship
1corintios	13	11	C2	finite-anchor	04	ἐλάλουν	λαλέω	V-IAI-1S	certain	cn1	ὡς	subordinating	comparison/manner	suggested	comparison/manner	C2	C3	medium	suggested-relationship	context-sensitive function; keep as suggested; subordinating connector before/near target finite clause
1corintios	13	11	C3	finite-anchor	07	ἐφρόνουν	φρονέω	V-IAI-1S	certain	cn1	ὡς	subordinating	comparison/manner	suggested	comparison/manner	C2	C3	medium	suggested-relationship	context-sensitive function; keep as suggested; subordinating connector before/near target finite clause
1corintios	13	11	C3	finite-anchor	07	ἐφρόνουν	φρονέω	V-IAI-1S	certain	cn2	ὡς	subordinating	comparison/manner	suggested	comparison/manner	C3	C4	medium	suggested-relationship	context-sensitive function; keep as suggested; subordinating connector before/near target finite clause
1corintios	13	11	C4	finite-anchor	10	ἐλογιζόμην	λογίζομαι	V-IMI-1S	certain	cn2	ὡς	subordinating	comparison/manner	suggested	comparison/manner	C3	C4	medium	suggested-relationship	context-sensitive function; keep as suggested; subordinating connector before/near target finite clause
1corintios	13	11	C4	finite-anchor	10	ἐλογιζόμην	λογίζομαι	V-IMI-1S	certain	cn3	ὡς	subordinating	comparison/manner	suggested	comparison/manner	C4	C5	medium	suggested-relationship	context-sensitive function; keep as suggested; subordinating connector before/near target finite clause
1corintios	13	11	C5	finite-anchor	14	γέγονα	γίνομαι	V-XAI-1S	certain	cn3	ὡς	subordinating	comparison/manner	suggested	comparison/manner	C4	C5	medium	suggested-relationship	context-sensitive function; keep as suggested; subordinating connector before/near target finite clause
1corintios	13	11	C6	finite-anchor	16	κατήργηκα	καταργέω	V-XAI-1S	certain										confirmed-finite-anchor	finite clause anchor with unresolved connector relationship
1corintios	13	12	C1	finite-anchor	01	βλέπομεν	βλέπω	V-PAI-1P	certain	cn1	γὰρ	coordinating	cause/ground	suggested	ground/explanation	C1	C2	medium	suggested-relationship	function follows connector inventory; coordinating connector between finite clauses
1corintios	13	12	C1	finite-anchor	01	βλέπομεν	βλέπω	V-PAI-1P	certain	cn2	δὲ	coordinating	coordination	suggested	coordinate/add	C1	C2	medium	suggested-relationship	function follows connector inventory; coordinating connector between finite clauses
1corintios	13	12	C2	finite-anchor	14	γινώσκω	γινώσκω	V-PAI-1S	certain	cn1	γὰρ	coordinating	cause/ground	suggested	ground/explanation	C1	C2	medium	suggested-relationship	function follows connector inventory; coordinating connector between finite clauses
1corintios	13	12	C2	finite-anchor	14	γινώσκω	γινώσκω	V-PAI-1S	certain	cn2	δὲ	coordinating	coordination	suggested	coordinate/add	C1	C2	medium	suggested-relationship	function follows connector inventory; coordinating connector between finite clauses
1corintios	13	12	C2	finite-anchor	14	γινώσκω	γινώσκω	V-PAI-1S	certain	cn3	δὲ	coordinating	coordination	suggested	coordinate/add	C2	C3	medium	suggested-relationship	function follows connector inventory; coordinating connector between finite clauses
1corintios	13	12	C3	finite-anchor	19	ἐπιγνώσομαι	ἐπιγινώσκω	V-FMI-1S	certain	cn3	δὲ	coordinating	coordination	suggested	coordinate/add	C2	C3	medium	suggested-relationship	function follows connector inventory; coordinating connector between finite clauses
1corintios	13	12	C3	finite-anchor	19	ἐπιγνώσομαι	ἐπιγινώσκω	V-FMI-1S	certain	cn4	καθὼς	subordinating	comparison/manner	suggested	comparison/manner	C3	C4	medium	suggested-relationship	context-sensitive function; keep as suggested; subordinating connector before/near target finite clause
1corintios	13	12	C3	finite-anchor	19	ἐπιγνώσομαι	ἐπιγινώσκω	V-FMI-1S	certain	cn5	καὶ	coordinating	coordination	suggested	coordinate/add	C3	C4	medium	suggested-relationship	function follows connector inventory; coordinating connector between finite clauses
1corintios	13	12	C4	finite-anchor	22	ἐπεγνώσθην	ἐπιγινώσκω	V-API-1S	certain	cn4	καθὼς	subordinating	comparison/manner	suggested	comparison/manner	C3	C4	medium	suggested-relationship	context-sensitive function; keep as suggested; subordinating connector before/near target finite clause
1corintios	13	12	C4	finite-anchor	22	ἐπεγνώσθην	ἐπιγινώσκω	V-API-1S	certain	cn5	καὶ	coordinating	coordination	suggested	coordinate/add	C3	C4	medium	suggested-relationship	function follows connector inventory; coordinating connector between finite clauses
1corintios	13	13	C1	finite-anchor	03	μένει	μένω	V-PAI-3S	certain	cn1	δὲ	coordinating	coordination	suggested	coordinate/add		C1	low	suggested-relationship	function follows connector inventory; connector before first finite clause or source outside verse
1corintios	13	13	C1	finite-anchor	03	μένει	μένω	V-PAI-3S	certain	cn2	δὲ	coordinating	coordination	suggested	coordinate/add	C1		low	suggested-relationship	function follows connector inventory; connector after last finite clause or target outside verse
1corintios	14	1	C1	finite-anchor	01	διώκετε	διώκω	V-PAD-2P	certain										confirmed-finite-anchor	finite clause anchor with unresolved connector relationship
1corintios	14	1	C2	finite-anchor	04	ζηλοῦτε	ζηλόω	V-PAD-2P	certain	cn1	δὲ	coordinating	coordination	suggested	coordinate/add	C2	C3	medium	suggested-relationship	function follows connector inventory; coordinating connector between finite clauses
1corintios	14	1	C2	finite-anchor	04	ζηλοῦτε	ζηλόω	V-PAD-2P	certain	cn2	δὲ	coordinating	coordination	suggested	coordinate/add	C2	C3	medium	suggested-relationship	function follows connector inventory; coordinating connector between finite clauses
1corintios	14	1	C2	finite-anchor	04	ζηλοῦτε	ζηλόω	V-PAD-2P	certain	cn3	ἵνα	subordinating	purpose/result	suggested	purpose/result	C2	C3	medium	suggested-relationship	context-sensitive function; keep as suggested; subordinating connector before/near target finite clause
1corintios	14	1	C3	finite-anchor	11	προφητεύητε	προφητεύω	V-PAS-2P	certain	cn1	δὲ	coordinating	coordination	suggested	coordinate/add	C2	C3	medium	suggested-relationship	function follows connector inventory; coordinating connector between finite clauses
1corintios	14	1	C3	finite-anchor	11	προφητεύητε	προφητεύω	V-PAS-2P	certain	cn2	δὲ	coordinating	coordination	suggested	coordinate/add	C2	C3	medium	suggested-relationship	function follows connector inventory; coordinating connector between finite clauses
1corintios	14	1	C3	finite-anchor	11	προφητεύητε	προφητεύω	V-PAS-2P	certain	cn3	ἵνα	subordinating	purpose/result	suggested	purpose/result	C2	C3	medium	suggested-relationship	context-sensitive function; keep as suggested; subordinating connector before/near target finite clause
1corintios	14	2	C1	finite-anchor	07	λαλεῖ	λαλέω	V-PAI-3S	certain	cn1	γὰρ	coordinating	cause/ground	suggested	ground/explanation		C1	low	suggested-relationship	function follows connector inventory; connector before first finite clause or source outside verse
1corintios	14	2	C1	finite-anchor	07	λαλεῖ	λαλέω	V-PAI-3S	certain	cn3	ἀλλὰ	coordinating	contrast	suggested	contrast	C1	C2	medium	suggested-relationship	function follows connector inventory; coordinating connector between finite clauses
1corintios	14	2	C1	finite-anchor	07	λαλεῖ	λαλέω	V-PAI-3S	certain	cn4	γὰρ	coordinating	cause/ground	suggested	ground/explanation	C1	C2	medium	suggested-relationship	function follows connector inventory; coordinating connector between finite clauses
1corintios	14	2	C2	finite-anchor	12	ἀκούει	ἀκούω	V-PAI-3S	certain	cn3	ἀλλὰ	coordinating	contrast	suggested	contrast	C1	C2	medium	suggested-relationship	function follows connector inventory; coordinating connector between finite clauses
1corintios	14	2	C2	finite-anchor	12	ἀκούει	ἀκούω	V-PAI-3S	certain	cn4	γὰρ	coordinating	cause/ground	suggested	ground/explanation	C1	C2	medium	suggested-relationship	function follows connector inventory; coordinating connector between finite clauses
1corintios	14	2	C2	finite-anchor	12	ἀκούει	ἀκούω	V-PAI-3S	certain	cn5	δὲ	coordinating	coordination	suggested	coordinate/add	C2	C3	medium	suggested-relationship	function follows connector inventory; coordinating connector between finite clauses
1corintios	14	2	C3	finite-anchor	15	λαλεῖ	λαλέω	V-PAI-3S	certain	cn5	δὲ	coordinating	coordination	suggested	coordinate/add	C2	C3	medium	suggested-relationship	function follows connector inventory; coordinating connector between finite clauses
1corintios	14	3	C1	finite-anchor	05	λαλεῖ	λαλέω	V-PAI-3S	certain	cn1	δὲ	coordinating	coordination	suggested	coordinate/add		C1	low	suggested-relationship	function follows connector inventory; connector before first finite clause or source outside verse
1corintios	14	3	C1	finite-anchor	05	λαλεῖ	λαλέω	V-PAI-3S	certain	cn2	καὶ	coordinating	coordination	suggested	coordinate/add	C1		low	suggested-relationship	function follows connector inventory; connector after last finite clause or target outside verse
1corintios	14	3	C1	finite-anchor	05	λαλεῖ	λαλέω	V-PAI-3S	certain	cn3	καὶ	coordinating	coordination	suggested	coordinate/add	C1		low	suggested-relationship	function follows connector inventory; connector after last finite clause or target outside verse
1corintios	14	4	C1	finite-anchor	05	οἰκοδομεῖ	οἰκοδομέω	V-PAI-3S	certain	cn1	δὲ	coordinating	coordination	suggested	coordinate/add	C1	C2	medium	suggested-relationship	function follows connector inventory; coordinating connector between finite clauses
1corintios	14	4	C2	finite-anchor	10	οἰκοδομεῖ	οἰκοδομέω	V-PAI-3S	certain	cn1	δὲ	coordinating	coordination	suggested	coordinate/add	C1	C2	medium	suggested-relationship	function follows connector inventory; coordinating connector between finite clauses
1corintios	14	5	C1	finite-anchor	01	θέλω	θέλω	V-PAI-1S	certain	cn1	δὲ	coordinating	coordination	suggested	coordinate/add	C1	C2	medium	suggested-relationship	function follows connector inventory; coordinating connector between finite clauses
1corintios	14	5	C1	finite-anchor	01	θέλω	θέλω	V-PAI-1S	certain	cn2	δὲ	coordinating	coordination	suggested	coordinate/add	C1	C2	medium	suggested-relationship	function follows connector inventory; coordinating connector between finite clauses
1corintios	14	5	C1	finite-anchor	01	θέλω	θέλω	V-PAI-1S	certain	cn3	ἵνα	subordinating	purpose/result	suggested	purpose/result	C1	C2	medium	suggested-relationship	context-sensitive function; keep as suggested; subordinating connector before/near target finite clause
1corintios	14	5	C2	finite-anchor	10	προφητεύητε	προφητεύω	V-PAS-2P	certain	cn1	δὲ	coordinating	coordination	suggested	coordinate/add	C1	C2	medium	suggested-relationship	function follows connector inventory; coordinating connector between finite clauses
1corintios	14	5	C2	finite-anchor	10	προφητεύητε	προφητεύω	V-PAS-2P	certain	cn2	δὲ	coordinating	coordination	suggested	coordinate/add	C1	C2	medium	suggested-relationship	function follows connector inventory; coordinating connector between finite clauses
1corintios	14	5	C2	finite-anchor	10	προφητεύητε	προφητεύω	V-PAS-2P	certain	cn3	ἵνα	subordinating	purpose/result	suggested	purpose/result	C1	C2	medium	suggested-relationship	context-sensitive function; keep as suggested; subordinating connector before/near target finite clause
1corintios	14	5	C2	finite-anchor	10	προφητεύητε	προφητεύω	V-PAS-2P	certain	cn4	δὲ	coordinating	coordination	suggested	coordinate/add	C2	C3	medium	suggested-relationship	function follows connector inventory; coordinating connector between finite clauses
1corintios	14	5	C2	finite-anchor	10	προφητεύητε	προφητεύω	V-PAS-2P	certain	cn5	ἢ	coordinating	alternative/comparison	suggested	alternative/comparison	C2	C3	medium	suggested-relationship	context-sensitive function; keep as suggested; coordinating connector between finite clauses
1corintios	14	5	C2	finite-anchor	10	προφητεύητε	προφητεύω	V-PAS-2P	certain	cn6	εἰ	subordinating	condition	suggested	condition	C2	C3	medium	suggested-relationship	function follows connector inventory; subordinating connector before/near target finite clause
1corintios	14	5	C3	finite-anchor	22	διερμηνεύῃ	διερμηνεύω	V-PAS-3S	certain	cn4	δὲ	coordinating	coordination	suggested	coordinate/add	C2	C3	medium	suggested-relationship	function follows connector inventory; coordinating connector between finite clauses
1corintios	14	5	C3	finite-anchor	22	διερμηνεύῃ	διερμηνεύω	V-PAS-3S	certain	cn5	ἢ	coordinating	alternative/comparison	suggested	alternative/comparison	C2	C3	medium	suggested-relationship	context-sensitive function; keep as suggested; coordinating connector between finite clauses
1corintios	14	5	C3	finite-anchor	22	διερμηνεύῃ	διερμηνεύω	V-PAS-3S	certain	cn6	εἰ	subordinating	condition	suggested	condition	C2	C3	medium	suggested-relationship	function follows connector inventory; subordinating connector before/near target finite clause
1corintios	14	5	C3	finite-anchor	22	διερμηνεύῃ	διερμηνεύω	V-PAS-3S	certain	cn8	ἵνα	subordinating	purpose/result	suggested	purpose/result	C3	C4	medium	suggested-relationship	context-sensitive function; keep as suggested; subordinating connector before/near target finite clause
1corintios	14	5	C4	finite-anchor	27	λάβῃ	λαμβάνω	V-AAS-3S	certain	cn8	ἵνα	subordinating	purpose/result	suggested	purpose/result	C3	C4	medium	suggested-relationship	context-sensitive function; keep as suggested; subordinating connector before/near target finite clause
1corintios	14	6	C1	finite-anchor	05	ἔλθω	ἔρχομαι	V-AAS-1S	certain	cn1	δέ	coordinating	coordination	suggested	coordinate/add		C1	low	suggested-relationship	function follows connector inventory; connector before first finite clause or source outside verse
1corintios	14	6	C1	finite-anchor	05	ἔλθω	ἔρχομαι	V-AAS-1S	certain	cn2	ἐὰν	subordinating	condition	suggested	condition		C1	low	suggested-relationship	function follows connector inventory; target finite clause found; source not available in verse
1corintios	14	6	C2	finite-anchor	12	ὠφελήσω	ὠφελέω	V-FAI-1S	certain	cn3	ἐὰν	subordinating	condition	suggested	condition	C2	C3	medium	suggested-relationship	function follows connector inventory; subordinating connector before/near target finite clause
1corintios	14	6	C3	finite-anchor	16	λαλήσω	λαλέω	V-AAS-1S	certain	cn3	ἐὰν	subordinating	condition	suggested	condition	C2	C3	medium	suggested-relationship	function follows connector inventory; subordinating connector before/near target finite clause
1corintios	14	6	C3	finite-anchor	16	λαλήσω	λαλέω	V-AAS-1S	certain	cn5	ἢ	coordinating	alternative/comparison	suggested	alternative/comparison	C3		low	suggested-relationship	context-sensitive function; keep as suggested; connector after last finite clause or target outside verse
1corintios	14	6	C3	finite-anchor	16	λαλήσω	λαλέω	V-AAS-1S	certain	cn6	ἢ	coordinating	alternative/comparison	suggested	alternative/comparison	C3		low	suggested-relationship	context-sensitive function; keep as suggested; connector after last finite clause or target outside verse
1corintios	14	6	C3	finite-anchor	16	λαλήσω	λαλέω	V-AAS-1S	certain	cn7	ἢ	coordinating	alternative/comparison	suggested	alternative/comparison	C3		low	suggested-relationship	context-sensitive function; keep as suggested; connector after last finite clause or target outside verse
1corintios	14	6	C3	finite-anchor	16	λαλήσω	λαλέω	V-AAS-1S	certain	cn8	ἢ	coordinating	alternative/comparison	suggested	alternative/comparison	C3		low	suggested-relationship	context-sensitive function; keep as suggested; connector after last finite clause or target outside verse
1corintios	14	7	C1	finite-anchor	15	δῷ	δίδωμι	V-AAS-3S	certain	cn1	εἴτε	coordinating	alternative	suggested	alternative		C1	low	suggested-relationship	function follows connector inventory; connector before first finite clause or source outside verse
1corintios	14	7	C1	finite-anchor	15	δῷ	δίδωμι	V-AAS-3S	certain	cn2	εἴτε	coordinating	alternative	suggested	alternative		C1	low	suggested-relationship	function follows connector inventory; connector before first finite clause or source outside verse
1corintios	14	7	C1	finite-anchor	15	δῷ	δίδωμι	V-AAS-3S	certain	cn3	ἐὰν	subordinating	condition	suggested	condition		C1	low	suggested-relationship	function follows connector inventory; target finite clause found; source not available in verse
1corintios	14	7	C2	finite-anchor	17	γνωσθήσεται	γινώσκω	V-FPI-3S	certain	cn5	ἢ	coordinating	alternative/comparison	suggested	alternative/comparison	C2		low	suggested-relationship	context-sensitive function; keep as suggested; connector after last finite clause or target outside verse
1corintios	14	8	C1	finite-anchor	07	δῷ	δίδωμι	V-AAS-3S	certain	cn1	καὶ	coordinating	coordination	suggested	coordinate/add		C1	low	suggested-relationship	function follows connector inventory; connector before first finite clause or source outside verse
1corintios	14	8	C1	finite-anchor	07	δῷ	δίδωμι	V-AAS-3S	certain	cn2	γὰρ	coordinating	cause/ground	suggested	ground/explanation		C1	low	suggested-relationship	function follows connector inventory; connector before first finite clause or source outside verse
1corintios	14	8	C1	finite-anchor	07	δῷ	δίδωμι	V-AAS-3S	certain	cn3	ἐὰν	subordinating	condition	suggested	condition		C1	low	suggested-relationship	function follows connector inventory; target finite clause found; source not available in verse
1corintios	14	8	C2	finite-anchor	09	παρασκευάσεται	παρασκευάζω	V-FMI-3S	certain										confirmed-finite-anchor	finite clause anchor with unresolved connector relationship
1corintios	14	9	C1	finite-anchor	11	δῶτε	δίδωμι	V-AAS-2P	certain	cn1	καὶ	coordinating	coordination	suggested	coordinate/add		C1	low	suggested-relationship	function follows connector inventory; connector before first finite clause or source outside verse
1corintios	14	9	C1	finite-anchor	11	δῶτε	δίδωμι	V-AAS-2P	certain	cn2	ἐὰν	subordinating	condition	suggested	condition		C1	low	suggested-relationship	function follows connector inventory; target finite clause found; source not available in verse
1corintios	14	9	C2	finite-anchor	13	γνωσθήσεται	γινώσκω	V-FPI-3S	certain										confirmed-finite-anchor	finite clause anchor with unresolved connector relationship
1corintios	14	9	C3	finite-anchor	16	ἔσεσθε	εἰμί	V-FMI-2P	certain	cn4	γὰρ	coordinating	cause/ground	suggested	ground/explanation	C3		low	suggested-relationship	function follows connector inventory; connector after last finite clause or target outside verse
1corintios	14	10	C1	finite-anchor	06	εἰσιν	εἰμί	V-PAI-3P	certain	cn1	εἰ	subordinating	condition	suggested	condition		C1	low	suggested-relationship	function follows connector inventory; target finite clause found; source not available in verse
1corintios	14	10	C1	finite-anchor	06	εἰσιν	εἰμί	V-PAI-3P	certain	cn2	καὶ	coordinating	coordination	suggested	coordinate/add	C1		low	suggested-relationship	function follows connector inventory; connector after last finite clause or target outside verse
1corintios	14	11	C1	finite-anchor	04	εἰδῶ	οἶδα	V-XAS-1S	certain	cn1	ἐὰν	subordinating	condition	suggested	condition		C1	low	suggested-relationship	function follows connector inventory; target finite clause found; source not available in verse
1corintios	14	11	C1	finite-anchor	04	εἰδῶ	οἶδα	V-XAS-1S	certain	cn2	οὖν	coordinating	inference	suggested	inference/result		C1	low	suggested-relationship	function follows connector inventory; connector before first finite clause or source outside verse
1corintios	14	11	C2	finite-anchor	09	ἔσομαι	εἰμί	V-FMI-1S	certain	cn4	καὶ	coordinating	coordination	suggested	coordinate/add	C2		low	suggested-relationship	function follows connector inventory; connector after last finite clause or target outside verse
1corintios	14	12	C1	finite-anchor	06	ἐστε	εἰμί	V-PAI-2P	certain	cn1	καὶ	coordinating	coordination	suggested	coordinate/add		C1	low	suggested-relationship	function follows connector inventory; connector before first finite clause or source outside verse
1corintios	14	12	C1	finite-anchor	06	ἐστε	εἰμί	V-PAI-2P	certain	cn2	ἐπεὶ	subordinating	cause/temporal	suggested	cause-or-temporal		C1	low	suggested-relationship	context-sensitive function; keep as suggested; target finite clause found; source not available in verse
1corintios	14	12	C2	finite-anchor	13	ζητεῖτε	ζητέω	V-PAD-2P	certain	cn3	ἵνα	subordinating	purpose/result	suggested	purpose/result	C2	C3	medium	suggested-relationship	context-sensitive function; keep as suggested; subordinating connector before/near target finite clause
1corintios	14	12	C3	finite-anchor	15	περισσεύητε	περισσεύω	V-PAS-2P	certain	cn3	ἵνα	subordinating	purpose/result	suggested	purpose/result	C2	C3	medium	suggested-relationship	context-sensitive function; keep as suggested; subordinating connector before/near target finite clause
1corintios	14	13	C1	finite-anchor	05	προσευχέσθω	προσεύχομαι	V-PMD-3S	certain	cn1	διὸ	coordinating	inference	suggested	inference/result		C1	low	suggested-relationship	function follows connector inventory; connector before first finite clause or source outside verse
1corintios	14	13	C1	finite-anchor	05	προσευχέσθω	προσεύχομαι	V-PMD-3S	certain	cn2	ἵνα	subordinating	purpose/result	suggested	purpose/result	C1	C2	medium	suggested-relationship	context-sensitive function; keep as suggested; subordinating connector before/near target finite clause
1corintios	14	13	C2	finite-anchor	07	διερμηνεύῃ	διερμηνεύω	V-PAS-3S	certain	cn2	ἵνα	subordinating	purpose/result	suggested	purpose/result	C1	C2	medium	suggested-relationship	context-sensitive function; keep as suggested; subordinating connector before/near target finite clause
1corintios	14	14	C1	finite-anchor	03	προσεύχωμαι	προσεύχομαι	V-PMS-1S	certain	cn1	ἐὰν	subordinating	condition	suggested	condition		C1	low	suggested-relationship	function follows connector inventory; target finite clause found; source not available in verse
1corintios	14	14	C1	finite-anchor	03	προσεύχωμαι	προσεύχομαι	V-PMS-1S	certain	cn2	γὰρ	coordinating	cause/ground	suggested	ground/explanation		C1	low	suggested-relationship	function follows connector inventory; connector before first finite clause or source outside verse
1corintios	14	14	C2	finite-anchor	08	προσεύχεται	προσεύχομαι	V-PMI-3S	certain	cn3	δὲ	coordinating	coordination	suggested	coordinate/add	C2	C3	medium	suggested-relationship	function follows connector inventory; coordinating connector between finite clauses
1corintios	14	14	C3	finite-anchor	14	ἐστιν	εἰμί	V-PAI-3S	certain	cn3	δὲ	coordinating	coordination	suggested	coordinate/add	C2	C3	medium	suggested-relationship	function follows connector inventory; coordinating connector between finite clauses
1corintios	14	15	C1	finite-anchor	03	ἐστιν	εἰμί	V-PAI-3S	certain	cn1	οὖν	coordinating	inference	suggested	inference/result		C1	low	suggested-relationship	function follows connector inventory; connector before first finite clause or source outside verse
1corintios	14	15	C2	finite-anchor	04	προσεύξομαι	προσεύχομαι	V-FMI-1S	certain										confirmed-finite-anchor	finite clause anchor with unresolved connector relationship
1corintios	14	15	C3	finite-anchor	07	προσεύξομαι	προσεύχομαι	V-FMI-1S	certain	cn2	δὲ	coordinating	coordination	suggested	coordinate/add	C3	C4	medium	suggested-relationship	function follows connector inventory; coordinating connector between finite clauses
1corintios	14	15	C3	finite-anchor	07	προσεύξομαι	προσεύχομαι	V-FMI-1S	certain	cn3	καὶ	coordinating	coordination	suggested	coordinate/add	C3	C4	medium	suggested-relationship	function follows connector inventory; coordinating connector between finite clauses
1corintios	14	15	C4	finite-anchor	12	ψαλῶ	ψάλλω	V-FAI-1S	certain	cn2	δὲ	coordinating	coordination	suggested	coordinate/add	C3	C4	medium	suggested-relationship	function follows connector inventory; coordinating connector between finite clauses
1corintios	14	15	C4	finite-anchor	12	ψαλῶ	ψάλλω	V-FAI-1S	certain	cn3	καὶ	coordinating	coordination	suggested	coordinate/add	C3	C4	medium	suggested-relationship	function follows connector inventory; coordinating connector between finite clauses
1corintios	14	15	C5	finite-anchor	15	ψαλῶ	ψάλλω	V-FAI-1S	certain	cn4	δὲ	coordinating	coordination	suggested	coordinate/add	C5		low	suggested-relationship	function follows connector inventory; connector after last finite clause or target outside verse
1corintios	14	15	C5	finite-anchor	15	ψαλῶ	ψάλλω	V-FAI-1S	certain	cn5	καὶ	coordinating	coordination	suggested	coordinate/add	C5		low	suggested-relationship	function follows connector inventory; connector after last finite clause or target outside verse
1corintios	14	16	C1	finite-anchor	03	εὐλογῇς	εὐλογέω	V-PAS-2S	certain	cn1	ἐπεὶ	subordinating	cause/temporal	suggested	cause-or-temporal		C1	low	suggested-relationship	context-sensitive function; keep as suggested; target finite clause found; source not available in verse
1corintios	14	16	C1	finite-anchor	03	εὐλογῇς	εὐλογέω	V-PAS-2S	certain	cn2	ἐὰν	subordinating	condition	suggested	condition		C1	low	suggested-relationship	function follows connector inventory; target finite clause found; source not available in verse
1corintios	14	16	C2	finite-anchor	12	ἐρεῖ	λέγω	V-FAI-3S	certain	cn3	ἐπειδὴ	subordinating	cause/ground	suggested	ground/explanation	C2	C3	medium	suggested-relationship	function follows connector inventory; subordinating connector before/near target finite clause
1corintios	14	16	C3	finite-anchor	21	λέγεις	λέγω	V-PAI-2S	certain	cn3	ἐπειδὴ	subordinating	cause/ground	suggested	ground/explanation	C2	C3	medium	suggested-relationship	function follows connector inventory; subordinating connector before/near target finite clause
1corintios	14	16	C4	finite-anchor	23	οἶδεν	οἶδα	V-XAI-3S	certain										confirmed-finite-anchor	finite clause anchor with unresolved connector relationship
1corintios	14	17	C1	finite-anchor	05	εὐχαριστεῖς	εὐχαριστέω	V-PAI-2S	certain	cn1	γὰρ	coordinating	cause/ground	suggested	ground/explanation		C1	low	suggested-relationship	function follows connector inventory; connector before first finite clause or source outside verse
1corintios	14	17	C1	finite-anchor	05	εὐχαριστεῖς	εὐχαριστέω	V-PAI-2S	certain	cn2	ἀλλʼ	coordinating	contrast	suggested	contrast	C1	C2	medium	suggested-relationship	function follows connector inventory; coordinating connector between finite clauses
1corintios	14	17	C2	finite-anchor	10	οἰκοδομεῖται	οἰκοδομέω	V-PPI-3S	certain	cn2	ἀλλʼ	coordinating	contrast	suggested	contrast	C1	C2	medium	suggested-relationship	function follows connector inventory; coordinating connector between finite clauses
1corintios	14	18	C1	finite-anchor	01	εὐχαριστῶ	εὐχαριστέω	V-PAI-1S	certain										confirmed-finite-anchor	finite clause anchor with no connector relationship
1corintios	14	18	C2	finite-anchor	08	λαλῶ	λαλέω	V-PAI-1S	certain										confirmed-finite-anchor	finite clause anchor with no connector relationship
1corintios	14	19	C1	finite-anchor	04	θέλω	θέλω	V-PAI-1S	certain	cn1	ἀλλὰ	coordinating	contrast	suggested	contrast		C1	low	suggested-relationship	function follows connector inventory; connector before first finite clause or source outside verse
1corintios	14	19	C1	finite-anchor	04	θέλω	θέλω	V-PAI-1S	certain	cn2	ἵνα	subordinating	purpose/result	suggested	purpose/result	C1	C2	medium	suggested-relationship	context-sensitive function; keep as suggested; subordinating connector before/near target finite clause
1corintios	14	19	C1	finite-anchor	04	θέλω	θέλω	V-PAI-1S	certain	cn3	καὶ	coordinating	coordination	suggested	coordinate/add	C1	C2	medium	suggested-relationship	function follows connector inventory; coordinating connector between finite clauses
1corintios	14	19	C2	finite-anchor	14	κατηχήσω	κατηχέω	V-AAS-1S	certain	cn2	ἵνα	subordinating	purpose/result	suggested	purpose/result	C1	C2	medium	suggested-relationship	context-sensitive function; keep as suggested; subordinating connector before/near target finite clause
1corintios	14	19	C2	finite-anchor	14	κατηχήσω	κατηχέω	V-AAS-1S	certain	cn3	καὶ	coordinating	coordination	suggested	coordinate/add	C1	C2	medium	suggested-relationship	function follows connector inventory; coordinating connector between finite clauses
1corintios	14	19	C2	finite-anchor	14	κατηχήσω	κατηχέω	V-AAS-1S	certain	cn4	ἢ	coordinating	alternative/comparison	suggested	alternative/comparison	C2		low	suggested-relationship	context-sensitive function; keep as suggested; connector after last finite clause or target outside verse
1corintios	14	20	C1	finite-anchor	04	γίνεσθε	γίνομαι	V-PMD-2P	certain	cn2	ἀλλὰ	coordinating	contrast	suggested	contrast	C1	C2	medium	suggested-relationship	function follows connector inventory; coordinating connector between finite clauses
1corintios	14	20	C2	finite-anchor	10	νηπιάζετε	νηπιάζω	V-PAD-2P	certain	cn2	ἀλλὰ	coordinating	contrast	suggested	contrast	C1	C2	medium	suggested-relationship	function follows connector inventory; coordinating connector between finite clauses
1corintios	14	20	C2	finite-anchor	10	νηπιάζετε	νηπιάζω	V-PAD-2P	certain	cn3	δὲ	coordinating	coordination	suggested	coordinate/add	C2	C3	medium	suggested-relationship	function follows connector inventory; coordinating connector between finite clauses
1corintios	14	20	C3	finite-anchor	15	γίνεσθε	γίνομαι	V-PMD-2P	certain	cn3	δὲ	coordinating	coordination	suggested	coordinate/add	C2	C3	medium	suggested-relationship	function follows connector inventory; coordinating connector between finite clauses
1corintios	14	21	C1	finite-anchor	04	γέγραπται	γράφω	V-XPI-3S	certain	cn1	ὅτι	subordinating	content/cause	suggested	content-or-cause	C1	C2	medium	suggested-relationship	context-sensitive function; keep as suggested; subordinating connector before/near target finite clause
1corintios	14	21	C1	finite-anchor	04	γέγραπται	γράφω	V-XPI-3S	certain	cn2	καὶ	coordinating	coordination	suggested	coordinate/add	C1	C2	medium	suggested-relationship	function follows connector inventory; coordinating connector between finite clauses
1corintios	14	21	C2	finite-anchor	12	λαλήσω	λαλέω	V-FAI-1S	certain	cn1	ὅτι	subordinating	content/cause	suggested	content-or-cause	C1	C2	medium	suggested-relationship	context-sensitive function; keep as suggested; subordinating connector before/near target finite clause
1corintios	14	21	C2	finite-anchor	12	λαλήσω	λαλέω	V-FAI-1S	certain	cn2	καὶ	coordinating	coordination	suggested	coordinate/add	C1	C2	medium	suggested-relationship	function follows connector inventory; coordinating connector between finite clauses
1corintios	14	21	C2	finite-anchor	12	λαλήσω	λαλέω	V-FAI-1S	certain	cn3	καὶ	coordinating	coordination	suggested	coordinate/add	C2	C3	medium	suggested-relationship	function follows connector inventory; coordinating connector between finite clauses
1corintios	14	21	C3	finite-anchor	19	εἰσακούσονταί	εἰσακούω	V-FMI-3P	certain	cn3	καὶ	coordinating	coordination	suggested	coordinate/add	C2	C3	medium	suggested-relationship	function follows connector inventory; coordinating connector between finite clauses
1corintios	14	21	C4	finite-anchor	21	λέγει	λέγω	V-PAI-3S	certain										confirmed-finite-anchor	finite clause anchor with unresolved connector relationship
1corintios	14	22	C1	finite-anchor	06	εἰσιν	εἰμί	V-PAI-3P	certain	cn1	ὥστε	subordinating	result/inference	suggested	result/inference		C1	low	suggested-relationship	context-sensitive function; keep as suggested; target finite clause found; source not available in verse
1corintios	14	22	C1	finite-anchor	06	εἰσιν	εἰμί	V-PAI-3P	certain	cn3	ἀλλὰ	coordinating	contrast	suggested	contrast	C1		low	suggested-relationship	function follows connector inventory; connector after last finite clause or target outside verse
1corintios	14	22	C1	finite-anchor	06	εἰσιν	εἰμί	V-PAI-3P	certain	cn4	δὲ	coordinating	coordination	suggested	coordinate/add	C1		low	suggested-relationship	function follows connector inventory; connector after last finite clause or target outside verse
1corintios	14	22	C1	finite-anchor	06	εἰσιν	εἰμί	V-PAI-3P	certain	cn6	ἀλλὰ	coordinating	contrast	suggested	contrast	C1		low	suggested-relationship	function follows connector inventory; connector after last finite clause or target outside verse
1corintios	14	23	C1	finite-anchor	03	συνέλθῃ	συνέρχομαι	V-AAS-3S	certain	cn1	ἐὰν	subordinating	condition	suggested	condition		C1	low	suggested-relationship	function follows connector inventory; target finite clause found; source not available in verse
1corintios	14	23	C1	finite-anchor	03	συνέλθῃ	συνέρχομαι	V-AAS-3S	certain	cn2	οὖν	coordinating	inference	suggested	inference/result		C1	low	suggested-relationship	function follows connector inventory; connector before first finite clause or source outside verse
1corintios	14	23	C1	finite-anchor	03	συνέλθῃ	συνέρχομαι	V-AAS-3S	certain	cn3	καὶ	coordinating	coordination	suggested	coordinate/add	C1	C2	medium	suggested-relationship	function follows connector inventory; coordinating connector between finite clauses
1corintios	14	23	C2	finite-anchor	12	λαλῶσιν	λαλέω	V-PAS-3P	certain	cn3	καὶ	coordinating	coordination	suggested	coordinate/add	C1	C2	medium	suggested-relationship	function follows connector inventory; coordinating connector between finite clauses
1corintios	14	23	C3	finite-anchor	14	εἰσέλθωσιν	εἰσέρχομαι	V-AAS-3P	certain	cn4	δὲ	coordinating	coordination	suggested	coordinate/add	C3	C4	medium	suggested-relationship	function follows connector inventory; coordinating connector between finite clauses
1corintios	14	23	C3	finite-anchor	14	εἰσέλθωσιν	εἰσέρχομαι	V-AAS-3P	certain	cn5	ἢ	coordinating	alternative/comparison	suggested	alternative/comparison	C3	C4	medium	suggested-relationship	context-sensitive function; keep as suggested; coordinating connector between finite clauses
1corintios	14	23	C4	finite-anchor	20	ἐροῦσιν	λέγω	V-FAI-3P	certain	cn4	δὲ	coordinating	coordination	suggested	coordinate/add	C3	C4	medium	suggested-relationship	function follows connector inventory; coordinating connector between finite clauses
1corintios	14	23	C4	finite-anchor	20	ἐροῦσιν	λέγω	V-FAI-3P	certain	cn5	ἢ	coordinating	alternative/comparison	suggested	alternative/comparison	C3	C4	medium	suggested-relationship	context-sensitive function; keep as suggested; coordinating connector between finite clauses
1corintios	14	23	C4	finite-anchor	20	ἐροῦσιν	λέγω	V-FAI-3P	certain	cn7	ὅτι	subordinating	content/cause	suggested	content-or-cause	C4	C5	medium	suggested-relationship	context-sensitive function; keep as suggested; subordinating connector before/near target finite clause
1corintios	14	23	C5	finite-anchor	22	μαίνεσθε	μαίνομαι	V-PMI-2P	certain	cn7	ὅτι	subordinating	content/cause	suggested	content-or-cause	C4	C5	medium	suggested-relationship	context-sensitive function; keep as suggested; subordinating connector before/near target finite clause
1corintios	14	24	C1	finite-anchor	04	προφητεύωσιν	προφητεύω	V-PAS-3P	certain	cn1	ἐὰν	subordinating	condition	suggested	condition		C1	low	suggested-relationship	function follows connector inventory; target finite clause found; source not available in verse
1corintios	14	24	C1	finite-anchor	04	προφητεύωσιν	προφητεύω	V-PAS-3P	certain	cn2	δὲ	coordinating	coordination	suggested	coordinate/add		C1	low	suggested-relationship	function follows connector inventory; connector before first finite clause or source outside verse
1corintios	14	24	C2	finite-anchor	05	εἰσέλθῃ	εἰσέρχομαι	V-AAS-3S	certain	cn3	δέ	coordinating	coordination	suggested	coordinate/add	C2	C3	medium	suggested-relationship	function follows connector inventory; coordinating connector between finite clauses
1corintios	14	24	C2	finite-anchor	05	εἰσέλθῃ	εἰσέρχομαι	V-AAS-3S	certain	cn4	ἢ	coordinating	alternative/comparison	suggested	alternative/comparison	C2	C3	medium	suggested-relationship	context-sensitive function; keep as suggested; coordinating connector between finite clauses
1corintios	14	24	C3	finite-anchor	11	ἐλέγχεται	ἐλέγχω	V-PPI-3S	certain	cn3	δέ	coordinating	coordination	suggested	coordinate/add	C2	C3	medium	suggested-relationship	function follows connector inventory; coordinating connector between finite clauses
1corintios	14	24	C3	finite-anchor	11	ἐλέγχεται	ἐλέγχω	V-PPI-3S	certain	cn4	ἢ	coordinating	alternative/comparison	suggested	alternative/comparison	C2	C3	medium	suggested-relationship	context-sensitive function; keep as suggested; coordinating connector between finite clauses
1corintios	14	24	C4	finite-anchor	14	ἀνακρίνεται	ἀνακρίνω	V-PPI-3S	certain										confirmed-finite-anchor	finite clause anchor with unresolved connector relationship
1corintios	14	25	C1	finite-anchor	07	γίνεται	γίνομαι	V-PMI-3S	certain	cn1	καὶ	coordinating	coordination	suggested	coordinate/add	C1	C2	medium	suggested-relationship	function follows connector inventory; coordinating connector between finite clauses
1corintios	14	25	C2	finite-anchor	13	προσκυνήσει	προσκυνέω	V-FAI-3S	certain	cn1	καὶ	coordinating	coordination	suggested	coordinate/add	C1	C2	medium	suggested-relationship	function follows connector inventory; coordinating connector between finite clauses
1corintios	14	25	C2	finite-anchor	13	προσκυνήσει	προσκυνέω	V-FAI-3S	certain	cn2	ὅτι	subordinating	content/cause	suggested	content-or-cause	C2	C3	medium	suggested-relationship	context-sensitive function; keep as suggested; subordinating connector before/near target finite clause
1corintios	14	25	C3	finite-anchor	23	ἐστιν	εἰμί	V-PAI-3S	certain	cn2	ὅτι	subordinating	content/cause	suggested	content-or-cause	C2	C3	medium	suggested-relationship	context-sensitive function; keep as suggested; subordinating connector before/near target finite clause
1corintios	14	26	C1	finite-anchor	03	ἐστιν	εἰμί	V-PAI-3S	certain	cn1	οὖν	coordinating	inference	suggested	inference/result		C1	low	suggested-relationship	function follows connector inventory; connector before first finite clause or source outside verse
1corintios	14	26	C1	finite-anchor	03	ἐστιν	εἰμί	V-PAI-3S	certain	cn2	ὅταν	subordinating	temporal/condition	suggested	temporal-or-condition	C1	C2	medium	suggested-relationship	context-sensitive function; keep as suggested; subordinating connector before/near target finite clause
1corintios	14	26	C2	finite-anchor	06	συνέρχησθε	συνέρχομαι	V-PMS-2P	certain	cn2	ὅταν	subordinating	temporal/condition	suggested	temporal-or-condition	C1	C2	medium	suggested-relationship	context-sensitive function; keep as suggested; subordinating connector before/near target finite clause
1corintios	14	26	C3	finite-anchor	09	ἔχει	ἔχω	V-PAI-3S	certain										confirmed-finite-anchor	finite clause anchor with unresolved connector relationship
1corintios	14	26	C4	finite-anchor	11	ἔχει	ἔχω	V-PAI-3S	certain										confirmed-finite-anchor	finite clause anchor with unresolved connector relationship
1corintios	14	26	C5	finite-anchor	13	ἔχει	ἔχω	V-PAI-3S	certain										confirmed-finite-anchor	finite clause anchor with unresolved connector relationship
1corintios	14	26	C6	finite-anchor	15	ἔχει	ἔχω	V-PAI-3S	certain										confirmed-finite-anchor	finite clause anchor with unresolved connector relationship
1corintios	14	26	C7	finite-anchor	17	ἔχει	ἔχω	V-PAI-3S	certain										confirmed-finite-anchor	finite clause anchor with unresolved connector relationship
1corintios	14	26	C8	finite-anchor	21	γινέσθω	γίνομαι	V-PMD-3S	certain										confirmed-finite-anchor	finite clause anchor with unresolved connector relationship
1corintios	14	27	C1	finite-anchor	04	λαλεῖ	λαλέω	V-PAI-3S	certain	cn1	εἴτε	coordinating	alternative	suggested	alternative		C1	low	suggested-relationship	function follows connector inventory; connector before first finite clause or source outside verse
1corintios	14	27	C1	finite-anchor	04	λαλεῖ	λαλέω	V-PAI-3S	certain	cn2	ἢ	coordinating	alternative/comparison	suggested	alternative/comparison	C1	C2	medium	suggested-relationship	context-sensitive function; keep as suggested; coordinating connector between finite clauses
1corintios	14	27	C1	finite-anchor	04	λαλεῖ	λαλέω	V-PAI-3S	certain	cn3	καὶ	coordinating	coordination	suggested	coordinate/add	C1	C2	medium	suggested-relationship	function follows connector inventory; coordinating connector between finite clauses
1corintios	14	27	C1	finite-anchor	04	λαλεῖ	λαλέω	V-PAI-3S	certain	cn4	καὶ	coordinating	coordination	suggested	coordinate/add	C1	C2	medium	suggested-relationship	function follows connector inventory; coordinating connector between finite clauses
1corintios	14	27	C2	finite-anchor	16	διερμηνευέτω	διερμηνεύω	V-PAD-3S	certain	cn2	ἢ	coordinating	alternative/comparison	suggested	alternative/comparison	C1	C2	medium	suggested-relationship	context-sensitive function; keep as suggested; coordinating connector between finite clauses
1corintios	14	27	C2	finite-anchor	16	διερμηνευέτω	διερμηνεύω	V-PAD-3S	certain	cn3	καὶ	coordinating	coordination	suggested	coordinate/add	C1	C2	medium	suggested-relationship	function follows connector inventory; coordinating connector between finite clauses
1corintios	14	27	C2	finite-anchor	16	διερμηνευέτω	διερμηνεύω	V-PAD-3S	certain	cn4	καὶ	coordinating	coordination	suggested	coordinate/add	C1	C2	medium	suggested-relationship	function follows connector inventory; coordinating connector between finite clauses
1corintios	14	28	C1	finite-anchor	04	ᾖ	εἰμί	V-PAS-3S	certain	cn1	ἐὰν	subordinating	condition	suggested	condition		C1	low	suggested-relationship	function follows connector inventory; target finite clause found; source not available in verse
1corintios	14	28	C1	finite-anchor	04	ᾖ	εἰμί	V-PAS-3S	certain	cn2	δὲ	coordinating	coordination	suggested	coordinate/add		C1	low	suggested-relationship	function follows connector inventory; connector before first finite clause or source outside verse
1corintios	14	28	C2	finite-anchor	06	σιγάτω	σιγάω	V-PAD-3S	certain	cn4	δὲ	coordinating	coordination	suggested	coordinate/add	C2	C3	medium	suggested-relationship	function follows connector inventory; coordinating connector between finite clauses
1corintios	14	28	C3	finite-anchor	11	λαλείτω	λαλέω	V-PAD-3S	certain	cn4	δὲ	coordinating	coordination	suggested	coordinate/add	C2	C3	medium	suggested-relationship	function follows connector inventory; coordinating connector between finite clauses
1corintios	14	28	C3	finite-anchor	11	λαλείτω	λαλέω	V-PAD-3S	certain	cn5	καὶ	coordinating	coordination	suggested	coordinate/add	C3		low	suggested-relationship	function follows connector inventory; connector after last finite clause or target outside verse
1corintios	14	29	C1	finite-anchor	06	λαλείτωσαν	λαλέω	V-PAD-3P	certain	cn1	δὲ	coordinating	coordination	suggested	coordinate/add		C1	low	suggested-relationship	function follows connector inventory; connector before first finite clause or source outside verse
1corintios	14	29	C1	finite-anchor	06	λαλείτωσαν	λαλέω	V-PAD-3P	certain	cn2	ἢ	coordinating	alternative/comparison	suggested	alternative/comparison		C1	low	suggested-relationship	context-sensitive function; keep as suggested; connector before first finite clause or source outside verse
1corintios	14	29	C1	finite-anchor	06	λαλείτωσαν	λαλέω	V-PAD-3P	certain	cn3	καὶ	coordinating	coordination	suggested	coordinate/add	C1	C2	medium	suggested-relationship	function follows connector inventory; coordinating connector between finite clauses
1corintios	14	29	C2	finite-anchor	10	διακρινέτωσαν	διακρίνω	V-PAD-3P	certain	cn3	καὶ	coordinating	coordination	suggested	coordinate/add	C1	C2	medium	suggested-relationship	function follows connector inventory; coordinating connector between finite clauses
1corintios	14	30	C1	finite-anchor	04	ἀποκαλυφθῇ	ἀποκαλύπτω	V-APS-3S	certain	cn1	ἐὰν	subordinating	condition	suggested	condition		C1	low	suggested-relationship	function follows connector inventory; target finite clause found; source not available in verse
1corintios	14	30	C1	finite-anchor	04	ἀποκαλυφθῇ	ἀποκαλύπτω	V-APS-3S	certain	cn2	δὲ	coordinating	coordination	suggested	coordinate/add		C1	low	suggested-relationship	function follows connector inventory; connector before first finite clause or source outside verse
1corintios	14	30	C2	finite-anchor	08	σιγάτω	σιγάω	V-PAD-3S	certain										confirmed-finite-anchor	finite clause anchor with unresolved connector relationship
1corintios	14	31	C1	finite-anchor	01	δύνασθε	δύναμαι	V-PMI-2P	certain	cn1	γὰρ	coordinating	cause/ground	suggested	ground/explanation	C1	C2	medium	suggested-relationship	function follows connector inventory; coordinating connector between finite clauses
1corintios	14	31	C1	finite-anchor	01	δύνασθε	δύναμαι	V-PMI-2P	certain	cn2	ἵνα	subordinating	purpose/result	suggested	purpose/result	C1	C2	medium	suggested-relationship	context-sensitive function; keep as suggested; subordinating connector before/near target finite clause
1corintios	14	31	C2	finite-anchor	09	μανθάνωσιν	μανθάνω	V-PAS-3P	certain	cn1	γὰρ	coordinating	cause/ground	suggested	ground/explanation	C1	C2	medium	suggested-relationship	function follows connector inventory; coordinating connector between finite clauses
1corintios	14	31	C2	finite-anchor	09	μανθάνωσιν	μανθάνω	V-PAS-3P	certain	cn2	ἵνα	subordinating	purpose/result	suggested	purpose/result	C1	C2	medium	suggested-relationship	context-sensitive function; keep as suggested; subordinating connector before/near target finite clause
1corintios	14	31	C2	finite-anchor	09	μανθάνωσιν	μανθάνω	V-PAS-3P	certain	cn3	καὶ	coordinating	coordination	suggested	coordinate/add	C2	C3	medium	suggested-relationship	function follows connector inventory; coordinating connector between finite clauses
1corintios	14	31	C3	finite-anchor	12	παρακαλῶνται	παρακαλέω	V-PPS-3P	certain	cn3	καὶ	coordinating	coordination	suggested	coordinate/add	C2	C3	medium	suggested-relationship	function follows connector inventory; coordinating connector between finite clauses
1corintios	14	32	C1	finite-anchor	05	ὑποτάσσεται	ὑποτάσσω	V-PPI-3S	certain	cn1	καὶ	coordinating	coordination	suggested	coordinate/add		C1	low	suggested-relationship	function follows connector inventory; connector before first finite clause or source outside verse
1corintios	14	33	C1	finite-anchor	03	ἐστιν	εἰμί	V-PAI-3S	certain	cn2	γάρ	coordinating	cause/ground	suggested	ground/explanation		C1	low	suggested-relationship	function follows connector inventory; connector before first finite clause or source outside verse
1corintios	14	33	C1	finite-anchor	03	ἐστιν	εἰμί	V-PAI-3S	certain	cn3	ἀλλὰ	coordinating	contrast	suggested	contrast	C1		low	suggested-relationship	function follows connector inventory; connector after last finite clause or target outside verse
1corintios	14	34	C1	finite-anchor	06	σιγάτωσαν	σιγάω	V-PAD-3P	certain	cn2	γὰρ	coordinating	cause/ground	suggested	ground/explanation	C1	C2	medium	suggested-relationship	function follows connector inventory; coordinating connector between finite clauses
1corintios	14	34	C2	finite-anchor	09	ἐπιτρέπεται	ἐπιτρέπω	V-PPI-3S	certain	cn2	γὰρ	coordinating	cause/ground	suggested	ground/explanation	C1	C2	medium	suggested-relationship	function follows connector inventory; coordinating connector between finite clauses
1corintios	14	34	C2	finite-anchor	09	ἐπιτρέπεται	ἐπιτρέπω	V-PPI-3S	certain	cn3	ἀλλὰ	coordinating	contrast	suggested	contrast	C2	C3	medium	suggested-relationship	function follows connector inventory; coordinating connector between finite clauses
1corintios	14	34	C3	finite-anchor	13	ὑποτασσέσθωσαν	ὑποτάσσω	V-PPD-3P	certain	cn3	ἀλλὰ	coordinating	contrast	suggested	contrast	C2	C3	medium	suggested-relationship	function follows connector inventory; coordinating connector between finite clauses
1corintios	14	34	C3	finite-anchor	13	ὑποτασσέσθωσαν	ὑποτάσσω	V-PPD-3P	certain	cn4	καθὼς	subordinating	comparison/manner	suggested	comparison/manner	C3	C4	medium	suggested-relationship	context-sensitive function; keep as suggested; subordinating connector before/near target finite clause
1corintios	14	34	C3	finite-anchor	13	ὑποτασσέσθωσαν	ὑποτάσσω	V-PPD-3P	certain	cn5	καὶ	coordinating	coordination	suggested	coordinate/add	C3	C4	medium	suggested-relationship	function follows connector inventory; coordinating connector between finite clauses
1corintios	14	34	C4	finite-anchor	18	λέγει	λέγω	V-PAI-3S	certain	cn4	καθὼς	subordinating	comparison/manner	suggested	comparison/manner	C3	C4	medium	suggested-relationship	context-sensitive function; keep as suggested; subordinating connector before/near target finite clause
1corintios	14	34	C4	finite-anchor	18	λέγει	λέγω	V-PAI-3S	certain	cn5	καὶ	coordinating	coordination	suggested	coordinate/add	C3	C4	medium	suggested-relationship	function follows connector inventory; coordinating connector between finite clauses
1corintios	14	35	C1	finite-anchor	05	θέλουσιν	θέλω	V-PAI-3P	certain	cn1	εἰ	subordinating	condition	suggested	condition		C1	low	suggested-relationship	function follows connector inventory; target finite clause found; source not available in verse
1corintios	14	35	C1	finite-anchor	05	θέλουσιν	θέλω	V-PAI-3P	certain	cn2	δέ	coordinating	coordination	suggested	coordinate/add		C1	low	suggested-relationship	function follows connector inventory; connector before first finite clause or source outside verse
1corintios	14	35	C2	finite-anchor	11	ἐπερωτάτωσαν	ἐπερωτάω	V-PAD-3P	certain	cn3	γάρ	coordinating	cause/ground	suggested	ground/explanation	C2	C3	medium	suggested-relationship	function follows connector inventory; coordinating connector between finite clauses
1corintios	14	35	C3	finite-anchor	14	ἐστιν	εἰμί	V-PAI-3S	certain	cn3	γάρ	coordinating	cause/ground	suggested	ground/explanation	C2	C3	medium	suggested-relationship	function follows connector inventory; coordinating connector between finite clauses
1corintios	14	36	C1	finite-anchor	08	ἐξῆλθεν	ἐξέρχομαι	V-AAI-3S	certain	cn1	ἢ	coordinating	alternative/comparison	suggested	alternative/comparison		C1	low	suggested-relationship	context-sensitive function; keep as suggested; connector before first finite clause or source outside verse
1corintios	14	36	C1	finite-anchor	08	ἐξῆλθεν	ἐξέρχομαι	V-AAI-3S	certain	cn2	ἢ	coordinating	alternative/comparison	suggested	alternative/comparison	C1	C2	medium	suggested-relationship	context-sensitive function; keep as suggested; coordinating connector between finite clauses
1corintios	14	36	C2	finite-anchor	13	κατήντησεν	καταντάω	V-AAI-3S	certain	cn2	ἢ	coordinating	alternative/comparison	suggested	alternative/comparison	C1	C2	medium	suggested-relationship	context-sensitive function; keep as suggested; coordinating connector between finite clauses
1corintios	14	37	C1	finite-anchor	03	δοκεῖ	δοκέω	V-PAI-3S	certain	cn1	εἴ	subordinating	condition	suggested	condition		C1	low	suggested-relationship	function follows connector inventory; target finite clause found; source not available in verse
1corintios	14	37	C1	finite-anchor	03	δοκεῖ	δοκέω	V-PAI-3S	certain	cn2	ἢ	coordinating	alternative/comparison	suggested	alternative/comparison	C1	C2	medium	suggested-relationship	context-sensitive function; keep as suggested; coordinating connector between finite clauses
1corintios	14	37	C2	finite-anchor	08	ἐπιγινωσκέτω	ἐπιγινώσκω	V-PAD-3S	certain	cn2	ἢ	coordinating	alternative/comparison	suggested	alternative/comparison	C1	C2	medium	suggested-relationship	context-sensitive function; keep as suggested; coordinating connector between finite clauses
1corintios	14	37	C3	finite-anchor	10	γράφω	γράφω	V-PAI-1S	certain	cn3	ὅτι	subordinating	content/cause	suggested	content-or-cause	C3	C4	medium	suggested-relationship	context-sensitive function; keep as suggested; subordinating connector before/near target finite clause
1corintios	14	37	C4	finite-anchor	14	ἐστίν	εἰμί	V-PAI-3S	certain	cn3	ὅτι	subordinating	content/cause	suggested	content-or-cause	C3	C4	medium	suggested-relationship	context-sensitive function; keep as suggested; subordinating connector before/near target finite clause
1corintios	14	38	C1	finite-anchor	04	ἀγνοεῖ	ἀγνοέω	V-PAI-3S	certain	cn1	εἰ	subordinating	condition	suggested	condition		C1	low	suggested-relationship	function follows connector inventory; target finite clause found; source not available in verse
1corintios	14	38	C1	finite-anchor	04	ἀγνοεῖ	ἀγνοέω	V-PAI-3S	certain	cn2	δέ	coordinating	coordination	suggested	coordinate/add		C1	low	suggested-relationship	function follows connector inventory; connector before first finite clause or source outside verse
1corintios	14	38	C2	finite-anchor	05	ἀγνοεῖται	ἀγνοέω	V-PPI-3S	certain										confirmed-finite-anchor	finite clause anchor with unresolved connector relationship
1corintios	14	39	C1	finite-anchor	04	ζηλοῦτε	ζηλόω	V-PAD-2P	certain	cn1	ὥστε	subordinating	result/inference	suggested	result/inference		C1	low	suggested-relationship	context-sensitive function; keep as suggested; target finite clause found; source not available in verse
1corintios	14	39	C1	finite-anchor	04	ζηλοῦτε	ζηλόω	V-PAD-2P	certain	cn2	καὶ	coordinating	coordination	suggested	coordinate/add	C1	C2	medium	suggested-relationship	function follows connector inventory; coordinating connector between finite clauses
1corintios	14	39	C2	finite-anchor	11	κωλύετε	κωλύω	V-PAD-2P	certain	cn2	καὶ	coordinating	coordination	suggested	coordinate/add	C1	C2	medium	suggested-relationship	function follows connector inventory; coordinating connector between finite clauses
1corintios	14	40	C1	finite-anchor	07	γινέσθω	γίνομαι	V-PMD-3S	certain	cn1	δὲ	coordinating	coordination	suggested	coordinate/add		C1	low	suggested-relationship	function follows connector inventory; connector before first finite clause or source outside verse
1corintios	14	40	C1	finite-anchor	07	γινέσθω	γίνομαι	V-PMD-3S	certain	cn2	καὶ	coordinating	coordination	suggested	coordinate/add		C1	low	suggested-relationship	function follows connector inventory; connector before first finite clause or source outside verse
1corintios	15	1	C1	finite-anchor	01	γνωρίζω	γνωρίζω	V-PAI-1S	certain	cn1	δὲ	coordinating	coordination	suggested	coordinate/add	C1	C2	medium	suggested-relationship	function follows connector inventory; coordinating connector between finite clauses
1corintios	15	1	C2	finite-anchor	08	εὐηγγελισάμην	εὐαγγελίζω	V-AMI-1S	certain	cn1	δὲ	coordinating	coordination	suggested	coordinate/add	C1	C2	medium	suggested-relationship	function follows connector inventory; coordinating connector between finite clauses
1corintios	15	1	C2	finite-anchor	08	εὐηγγελισάμην	εὐαγγελίζω	V-AMI-1S	certain	cn2	καὶ	coordinating	coordination	suggested	coordinate/add	C2	C3	medium	suggested-relationship	function follows connector inventory; coordinating connector between finite clauses
1corintios	15	1	C3	finite-anchor	12	παρελάβετε	παραλαμβάνω	V-AAI-2P	certain	cn2	καὶ	coordinating	coordination	suggested	coordinate/add	C2	C3	medium	suggested-relationship	function follows connector inventory; coordinating connector between finite clauses
1corintios	15	1	C3	finite-anchor	12	παρελάβετε	παραλαμβάνω	V-AAI-2P	certain	cn3	καὶ	coordinating	coordination	suggested	coordinate/add	C3	C4	medium	suggested-relationship	function follows connector inventory; coordinating connector between finite clauses
1corintios	15	1	C4	finite-anchor	16	ἑστήκατε	ἵστημι	V-XAI-2P	certain	cn3	καὶ	coordinating	coordination	suggested	coordinate/add	C3	C4	medium	suggested-relationship	function follows connector inventory; coordinating connector between finite clauses
