BOOK	CH	VS	CLAUSE_ID	FINITE_GREEK	NODE_TYPE	PARENT_CLAUSE	RELATIONSHIP_TYPE	TREE_DEPTH	OWNERSHIP_CONFIDENCE	TREE_STATUS	SPAN_TEXT	NOTES
1corintios	1	4	C1	εὐχαριστῶ	root-or-unresolved			0		unresolved-root	==εὐχαριστῶ== τῷ θεῷ μου πάντοτε περὶ ὑμῶν ἐπὶ τῇ χάριτι τοῦ θεοῦ τῇ δοθείσῃ ὑμῖν ἐν χριστῷ ἰησοῦ	no ownership relationship resolved
1corintios	1	5	C1	ἐπλουτίσθητε	root-or-unresolved			0		unresolved-root	ὅτι ἐν παντὶ ==ἐπλουτίσθητε== ἐν αὐτῷ ἐν παντὶ λόγῳ καὶ πάσῃ γνώσει	no ownership relationship resolved
1corintios	1	6	C1	ἐβεβαιώθη	root-or-unresolved			0		unresolved-root	καθὼς τὸ μαρτύριον τοῦ χριστοῦ ==ἐβεβαιώθη== ἐν ὑμῖν	no ownership relationship resolved
1corintios	1	8	C1	βεβαιώσει	root-or-unresolved			0		unresolved-root	ὃς καὶ ==βεβαιώσει== ὑμᾶς ἕως τέλους ἀνεγκλήτους ἐν τῇ ἡμέρᾳ τοῦ κυρίου ἡμῶν ἰησοῦ χριστοῦ	no ownership relationship resolved
1corintios	1	9	C1	ἐκλήθητε	root-or-unresolved			0		unresolved-root	πιστὸς ὁ θεὸς διʼ οὗ ==ἐκλήθητε== εἰς κοινωνίαν τοῦ υἱοῦ αὐτοῦ ἰησοῦ χριστοῦ τοῦ κυρίου ἡμῶν	no ownership relationship resolved
1corintios	1	10	C1	παρακαλῶ	root-parent			0		unresolved-root	==παρακαλῶ==	no ownership relationship resolved
1corintios	1	10	C2	λέγητε	internal-node	C1	coordinate	1	medium	suggested	δὲ ὑμᾶς ἀδελφοί διὰ τοῦ ὀνόματος τοῦ κυρίου ἡμῶν ἰησοῦ χριστοῦ ἵνα τὸ αὐτὸ ==λέγητε==	function follows connector inventory; coordinating connector between finite clauses; source and target clauses available
1corintios	1	10	C3	ᾖ	leaf	C2	coordinate	2	medium	suggested	πάντες καὶ μὴ ==ᾖ==	function follows connector inventory; coordinating connector between finite clauses; source and target clauses available
1corintios	1	10	C4	ἦτε	root-or-unresolved			0		unresolved-root	ἐν ὑμῖν σχίσματα ==ἦτε== δὲ κατηρτισμένοι ἐν τῷ αὐτῷ νοῒ καὶ ἐν τῇ αὐτῇ γνώμῃ	no ownership relationship resolved
1corintios	1	11	C1	ἐδηλώθη	root-parent			0		unresolved-root	==ἐδηλώθη==	no ownership relationship resolved
1corintios	1	11	C2	εἰσιν	leaf	C1	subordinate	1	medium	suggested	γάρ μοι περὶ ὑμῶν ἀδελφοί μου ὑπὸ τῶν Χλόης ὅτι ἔριδες ἐν ὑμῖν ==εἰσιν==	function follows connector inventory; coordinating connector between finite clauses; source and target clauses available
1corintios	1	12	C1	λέγω	root-parent			0		unresolved-root	==λέγω==	no ownership relationship resolved
1corintios	1	12	C2	λέγει	leaf	C1	coordinate	1	medium	suggested	δὲ τοῦτο ὅτι ἕκαστος ὑμῶν ==λέγει==	function follows connector inventory; coordinating connector between finite clauses; source and target clauses available
1corintios	1	12	C3	εἰμι	root-or-unresolved			0		unresolved-root	ἐγὼ μέν ==εἰμι== παύλου ἐγὼ δὲ ἀπολλῶ ἐγὼ δὲ κηφᾶ ἐγὼ δὲ χριστοῦ	no ownership relationship resolved
1corintios	1	13	C1	μεμέρισται	root-or-unresolved			0		unresolved-root	==μεμέρισται==	no ownership relationship resolved
1corintios	1	13	C2	ἐσταυρώθη	root-parent			0		unresolved-root	ὁ χριστός μὴ παῦλος ==ἐσταυρώθη==	no ownership relationship resolved
1corintios	1	13	C3	ἐβαπτίσθητε	leaf	C2	coordinate	1	medium	suggested	ὑπὲρ ὑμῶν ἢ εἰς τὸ ὄνομα παύλου ==ἐβαπτίσθητε==	context-sensitive function; keep as suggested; coordinating connector between finite clauses; source and target clauses available
1corintios	1	14	C1	εὐχαριστῶ	root-parent			0		unresolved-root	==εὐχαριστῶ==	no ownership relationship resolved
1corintios	1	14	C2	ἐβάπτισα	leaf	C1	subordinate	1	medium	suggested	ὅτι οὐδένα ὑμῶν ==ἐβάπτισα== εἰ μὴ κρίσπον καὶ γάϊον	context-sensitive function; keep as suggested; subordinating connector before/near target finite clause; source and target clauses available
1corintios	1	15	C1	εἴπῃ	root-parent			0		unresolved-root	ἵνα μή τις ==εἴπῃ==	no ownership relationship resolved
1corintios	1	15	C2	ἐβαπτίσθητε	leaf	C1	subordinate	1	medium	suggested	ὅτι εἰς τὸ ἐμὸν ὄνομα ==ἐβαπτίσθητε==	context-sensitive function; keep as suggested; subordinating connector before/near target finite clause; source and target clauses available
1corintios	1	16	C1	ἐβάπτισα	root-parent			0		unresolved-root	==ἐβάπτισα==	no ownership relationship resolved
1corintios	1	16	C2	οἶδα	internal-node	C1	coordinate	1	medium	suggested	δὲ καὶ τὸν στεφανᾶ οἶκον λοιπὸν οὐκ ==οἶδα==	function follows connector inventory; coordinating connector between finite clauses; source and target clauses available
1corintios	1	16	C3	ἐβάπτισα	leaf	C2	subordinate	2	medium	suggested	εἴ τινα ἄλλον ==ἐβάπτισα==	function follows connector inventory; subordinating connector before/near target finite clause; source and target clauses available
1corintios	1	17	C1	ἀπέστειλέν	root-parent			0		unresolved-root	οὐ γὰρ ==ἀπέστειλέν==	no ownership relationship resolved
1corintios	1	17	C2	κενωθῇ	leaf	C1	coordinate	1	medium	suggested	με χριστὸς βαπτίζειν ἀλλὰ εὐαγγελίζεσθαι οὐκ ἐν σοφίᾳ λόγου ἵνα μὴ ==κενωθῇ== ὁ σταυρὸς τοῦ χριστοῦ	function follows connector inventory; coordinating connector between finite clauses; source and target clauses available
1corintios	1	18	C1	ἐστίν	root-parent			0		unresolved-root	ὁ λόγος γὰρ ὁ τοῦ σταυροῦ τοῖς μὲν ἀπολλυμένοις μωρία ==ἐστίν==	no ownership relationship resolved
1corintios	1	18	C2	ἐστιν	leaf	C1	coordinate	1	medium	suggested	τοῖς δὲ σῳζομένοις ἡμῖν δύναμις θεοῦ ==ἐστιν==	function follows connector inventory; coordinating connector between finite clauses; source and target clauses available
1corintios	1	19	C1	γέγραπται	root-parent			0		unresolved-root	==γέγραπται==	no ownership relationship resolved
1corintios	1	19	C2	ἀπολῶ	internal-node	C1	subordinate	1	medium	suggested	γάρ ==ἀπολῶ==	function follows connector inventory; coordinating connector between finite clauses; source and target clauses available
1corintios	1	19	C3	ἀθετήσω	leaf	C2	coordinate	2	medium	suggested	τὴν σοφίαν τῶν σοφῶν καὶ τὴν σύνεσιν τῶν συνετῶν ==ἀθετήσω==	function follows connector inventory; coordinating connector between finite clauses; source and target clauses available
1corintios	1	20	C1	ἐμώρανεν	root-or-unresolved			0		unresolved-root	ποῦ σοφός ποῦ γραμματεύς ποῦ συζητητὴς τοῦ αἰῶνος τούτου οὐχὶ ==ἐμώρανεν== ὁ θεὸς τὴν σοφίαν τοῦ κόσμου	no ownership relationship resolved
1corintios	1	21	C1	ἔγνω	root-or-unresolved			0		unresolved-root	ἐπειδὴ γὰρ ἐν τῇ σοφίᾳ τοῦ θεοῦ οὐκ ==ἔγνω==	no ownership relationship resolved
1corintios	1	21	C2	εὐδόκησεν	root-or-unresolved			0		unresolved-root	ὁ κόσμος διὰ τῆς σοφίας τὸν θεόν ==εὐδόκησεν== ὁ θεὸς διὰ τῆς μωρίας τοῦ κηρύγματος σῶσαι τοὺς πιστεύοντας	no ownership relationship resolved
1corintios	1	22	C1	αἰτοῦσιν	root-parent			0		unresolved-root	ἐπειδὴ καὶ ἰουδαῖοι σημεῖα ==αἰτοῦσιν==	no ownership relationship resolved
1corintios	1	22	C2	ζητοῦσιν	leaf	C1	coordinate	1	medium	suggested	καὶ ἕλληνες σοφίαν ==ζητοῦσιν==	function follows connector inventory; coordinating connector between finite clauses; source and target clauses available
1corintios	1	23	C1	κηρύσσομεν	root-or-unresolved			0		unresolved-root	ἡμεῖς δὲ ==κηρύσσομεν== χριστὸν ἐσταυρωμένον ἰουδαίοις μὲν σκάνδαλον ἔθνεσιν δὲ μωρίαν	no ownership relationship resolved
1corintios	1	25	C1	ἐστίν	root-or-unresolved			0		unresolved-root	ὅτι τὸ μωρὸν τοῦ θεοῦ σοφώτερον τῶν ἀνθρώπων ==ἐστίν== καὶ τὸ ἀσθενὲς τοῦ θεοῦ ἰσχυρότερον τῶν ἀνθρώπων	no ownership relationship resolved
1corintios	1	26	C1	βλέπετε	root-or-unresolved			0		unresolved-root	==βλέπετε== γὰρ τὴν κλῆσιν ὑμῶν ἀδελφοί ὅτι οὐ πολλοὶ σοφοὶ κατὰ σάρκα οὐ πολλοὶ δυνατοί οὐ πολλοὶ εὐγενεῖς	no ownership relationship resolved
1corintios	1	27	C1	ἐξελέξατο	root-parent			0		unresolved-root	ἀλλὰ τὰ μωρὰ τοῦ κόσμου ==ἐξελέξατο==	no ownership relationship resolved
1corintios	1	27	C2	καταισχύνῃ	internal-node	C1	subordinate	1	medium	suggested	ὁ θεός ἵνα ==καταισχύνῃ==	context-sensitive function; keep as suggested; subordinating connector before/near target finite clause; source and target clauses available
1corintios	1	27	C3	ἐξελέξατο	internal-node	C2	coordinate	2	medium	suggested	τοὺς σοφούς καὶ τὰ ἀσθενῆ τοῦ κόσμου ==ἐξελέξατο==	function follows connector inventory; coordinating connector between finite clauses; source and target clauses available
1corintios	1	27	C4	καταισχύνῃ	leaf	C3	subordinate	3	medium	suggested	ὁ θεός ἵνα ==καταισχύνῃ== τὰ ἰσχυρά	context-sensitive function; keep as suggested; subordinating connector before/near target finite clause; source and target clauses available
1corintios	1	28	C1	ἐξελέξατο	root-parent			0		unresolved-root	καὶ τὰ ἀγενῆ τοῦ κόσμου καὶ τὰ ἐξουθενημένα ==ἐξελέξατο==	no ownership relationship resolved
1corintios	1	28	C2	καταργήσῃ	leaf	C1	subordinate	1	medium	suggested	ὁ θεός τὰ μὴ ὄντα ἵνα τὰ ὄντα ==καταργήσῃ==	context-sensitive function; keep as suggested; subordinating connector before/near target finite clause; source and target clauses available
1corintios	1	29	C1	καυχήσηται	root-or-unresolved			0		unresolved-root	ὅπως μὴ ==καυχήσηται== πᾶσα σὰρξ ἐνώπιον τοῦ θεοῦ	no ownership relationship resolved
1corintios	1	30	C1	ἐστε	root-or-unresolved			0		unresolved-root	ἐξ αὐτοῦ δὲ ὑμεῖς ==ἐστε==	no ownership relationship resolved
1corintios	1	30	C2	ἐγενήθη	root-or-unresolved			0		unresolved-root	ἐν χριστῷ ἰησοῦ ὃς ==ἐγενήθη== σοφία ἡμῖν ἀπὸ θεοῦ δικαιοσύνη τε καὶ ἁγιασμὸς καὶ ἀπολύτρωσις	no ownership relationship resolved
1corintios	1	31	C1	γέγραπται	root-or-unresolved			0		unresolved-root	ἵνα καθὼς ==γέγραπται==	no ownership relationship resolved
1corintios	1	31	C2	καυχάσθω	root-or-unresolved			0		unresolved-root	ὁ καυχώμενος ἐν κυρίῳ ==καυχάσθω==	no ownership relationship resolved
1corintios	2	1	C1	ἦλθον	root-or-unresolved			0		unresolved-root	κἀγὼ ἐλθὼν πρὸς ὑμᾶς ἀδελφοί ==ἦλθον== οὐ καθʼ ὑπεροχὴν λόγου ἢ σοφίας καταγγέλλων ὑμῖν τὸ μαρτύριον τοῦ θεοῦ	no ownership relationship resolved
1corintios	2	2	C1	ἔκρινά	root-or-unresolved			0		unresolved-root	οὐ γὰρ ==ἔκρινά== τι εἰδέναι ἐν ὑμῖν εἰ μὴ ἰησοῦν χριστὸν καὶ τοῦτον ἐσταυρωμένον	no ownership relationship resolved
1corintios	2	3	C1	ἐγενόμην	root-or-unresolved			0		unresolved-root	κἀγὼ ἐν ἀσθενείᾳ καὶ ἐν φόβῳ καὶ ἐν τρόμῳ πολλῷ ==ἐγενόμην== πρὸς ὑμᾶς	no ownership relationship resolved
1corintios	2	5	C1	ᾖ	root-or-unresolved			0		unresolved-root	ἵνα ἡ πίστις ὑμῶν μὴ ==ᾖ== ἐν σοφίᾳ ἀνθρώπων ἀλλʼ ἐν δυνάμει θεοῦ	no ownership relationship resolved
1corintios	2	6	C1	λαλοῦμεν	root-or-unresolved			0		unresolved-root	σοφίαν δὲ ==λαλοῦμεν== ἐν τοῖς τελείοις σοφίαν δὲ οὐ τοῦ αἰῶνος τούτου οὐδὲ τῶν ἀρχόντων τοῦ αἰῶνος τούτου τῶν καταργουμένων	no ownership relationship resolved
1corintios	2	7	C1	λαλοῦμεν	root-or-unresolved			0		unresolved-root	ἀλλὰ ==λαλοῦμεν==	no ownership relationship resolved
1corintios	2	7	C2	προώρισεν	root-or-unresolved			0		unresolved-root	θεοῦ σοφίαν ἐν μυστηρίῳ τὴν ἀποκεκρυμμένην ἣν ==προώρισεν== ὁ θεὸς πρὸ τῶν αἰώνων εἰς δόξαν ἡμῶν	no ownership relationship resolved
1corintios	2	8	C1	ἔγνωκεν	root-parent			0		unresolved-root	ἣν οὐδεὶς τῶν ἀρχόντων τοῦ αἰῶνος τούτου ==ἔγνωκεν==	no ownership relationship resolved
1corintios	2	8	C2	ἔγνωσαν	leaf	C1	subordinate	1	medium	suggested	εἰ γὰρ ==ἔγνωσαν==	function follows connector inventory; subordinating connector before/near target finite clause; source and target clauses available
1corintios	2	8	C3	ἐσταύρωσαν	root-or-unresolved			0		unresolved-root	οὐκ ἂν τὸν κύριον τῆς δόξης ==ἐσταύρωσαν==	no ownership relationship resolved
1corintios	2	9	C1	γέγραπται	root-or-unresolved			0		unresolved-root	ἀλλὰ καθὼς ==γέγραπται==	no ownership relationship resolved
1corintios	2	9	C2	εἶδεν	root-parent			0		unresolved-root	ἃ ὀφθαλμὸς οὐκ ==εἶδεν==	no ownership relationship resolved
1corintios	2	9	C3	ἤκουσεν	internal-node	C2	coordinate	1	medium	suggested	καὶ οὖς οὐκ ==ἤκουσεν==	function follows connector inventory; coordinating connector between finite clauses; source and target clauses available
1corintios	2	9	C4	ἀνέβη	leaf	C3	coordinate	2	medium	suggested	καὶ ἐπὶ καρδίαν ἀνθρώπου οὐκ ==ἀνέβη==	function follows connector inventory; coordinating connector between finite clauses; source and target clauses available
1corintios	2	9	C5	ἡτοίμασεν	root-or-unresolved			0		unresolved-root	ὅσα ==ἡτοίμασεν== ὁ θεὸς τοῖς ἀγαπῶσιν αὐτόν	no ownership relationship resolved
1corintios	2	10	C1	ἀπεκάλυψεν	root-parent			0		unresolved-root	ἡμῖν γὰρ ==ἀπεκάλυψεν==	no ownership relationship resolved
1corintios	2	10	C2	ἐραυνᾷ	leaf	C1	subordinate	1	medium	suggested	ὁ θεὸς διὰ τοῦ πνεύματος τὸ γὰρ πνεῦμα πάντα ==ἐραυνᾷ== καὶ τὰ βάθη τοῦ θεοῦ	function follows connector inventory; coordinating connector between finite clauses; source and target clauses available
1corintios	2	11	C1	οἶδεν	root-parent			0		unresolved-root	τίς γὰρ ==οἶδεν==	no ownership relationship resolved
1corintios	2	11	C2	ἔγνωκεν	leaf	C1	subordinate	1	medium	suggested	ἀνθρώπων τὰ τοῦ ἀνθρώπου εἰ μὴ τὸ πνεῦμα τοῦ ἀνθρώπου τὸ ἐν αὐτῷ οὕτως καὶ τὰ τοῦ θεοῦ οὐδεὶς ==ἔγνωκεν== εἰ μὴ τὸ πνεῦμα τοῦ θεοῦ	function follows connector inventory; subordinating connector before/near target finite clause; source and target clauses available
1corintios	2	12	C1	ἐλάβομεν	root-parent			0		unresolved-root	ἡμεῖς δὲ οὐ τὸ πνεῦμα τοῦ κόσμου ==ἐλάβομεν==	no ownership relationship resolved
1corintios	2	12	C2	εἰδῶμεν	leaf	C1	coordinate	1	medium	suggested	ἀλλὰ τὸ πνεῦμα τὸ ἐκ τοῦ θεοῦ ἵνα ==εἰδῶμεν== τὰ ὑπὸ τοῦ θεοῦ χαρισθέντα ἡμῖν	function follows connector inventory; coordinating connector between finite clauses; source and target clauses available
1corintios	2	13	C1	λαλοῦμεν	root-or-unresolved			0		unresolved-root	ἃ καὶ ==λαλοῦμεν== οὐκ ἐν διδακτοῖς ἀνθρωπίνης σοφίας λόγοις ἀλλʼ ἐν διδακτοῖς πνεύματος πνευματικοῖς πνευματικὰ συγκρίνοντες	no ownership relationship resolved
1corintios	2	14	C1	δέχεται	root-parent			0		unresolved-root	ψυχικὸς δὲ ἄνθρωπος οὐ ==δέχεται==	no ownership relationship resolved
1corintios	2	14	C2	ἐστίν	internal-node	C1	subordinate	1	medium	suggested	τὰ τοῦ πνεύματος τοῦ θεοῦ μωρία γὰρ αὐτῷ ==ἐστίν==	function follows connector inventory; coordinating connector between finite clauses; source and target clauses available
1corintios	2	14	C3	δύναται	internal-node	C2	coordinate	2	medium	suggested	καὶ οὐ ==δύναται==	function follows connector inventory; coordinating connector between finite clauses; source and target clauses available
1corintios	2	14	C4	ἀνακρίνεται	leaf	C3	subordinate	3	medium	suggested	γνῶναι ὅτι πνευματικῶς ==ἀνακρίνεται==	context-sensitive function; keep as suggested; subordinating connector before/near target finite clause; source and target clauses available
1corintios	2	15	C1	ἀνακρίνει	root-parent			0		unresolved-root	ὁ δὲ πνευματικὸς ==ἀνακρίνει==	no ownership relationship resolved
1corintios	2	15	C2	ἀνακρίνεται	leaf	C1	coordinate	1	medium	suggested	τὰ πάντα αὐτὸς δὲ ὑπʼ οὐδενὸς ==ἀνακρίνεται==	function follows connector inventory; coordinating connector between finite clauses; source and target clauses available
1corintios	2	16	C1	ἔγνω	root-or-unresolved			0		unresolved-root	τίς γὰρ ==ἔγνω==	no ownership relationship resolved
1corintios	2	16	C2	συμβιβάσει	root-parent			0		unresolved-root	νοῦν κυρίου ὃς ==συμβιβάσει==	no ownership relationship resolved
1corintios	2	16	C3	ἔχομεν	leaf	C2	coordinate	1	medium	suggested	αὐτόν ἡμεῖς δὲ νοῦν χριστοῦ ==ἔχομεν==	function follows connector inventory; coordinating connector between finite clauses; source and target clauses available
1corintios	3	1	C1	ἠδυνήθην	root-or-unresolved			0		unresolved-root	κἀγώ ἀδελφοί οὐκ ==ἠδυνήθην== λαλῆσαι ὑμῖν ὡς πνευματικοῖς ἀλλʼ ὡς σαρκίνοις ὡς νηπίοις ἐν χριστῷ	no ownership relationship resolved
1corintios	3	2	C1	ἐπότισα	root-parent			0		unresolved-root	γάλα ὑμᾶς ==ἐπότισα==	no ownership relationship resolved
1corintios	3	2	C2	ἐδύνασθε	internal-node	C1	subordinate	1	medium	suggested	οὐ βρῶμα οὔπω γὰρ ==ἐδύνασθε==	function follows connector inventory; coordinating connector between finite clauses; source and target clauses available
1corintios	3	2	C3	δύνασθε	leaf	C2	coordinate	2	medium	suggested	ἀλλʼ οὐδὲ ἔτι νῦν ==δύνασθε==	function follows connector inventory; coordinating connector between finite clauses; source and target clauses available
1corintios	3	3	C1	ἐστε	root-parent			0		unresolved-root	ἔτι γὰρ σαρκικοί ==ἐστε==	no ownership relationship resolved
1corintios	3	3	C2	ἐστε	internal-node	C1	subordinate	1	medium	suggested	ὅπου γὰρ ἐν ὑμῖν ζῆλος καὶ ἔρις οὐχὶ σαρκικοί ==ἐστε==	function follows connector inventory; coordinating connector between finite clauses; source and target clauses available
1corintios	3	3	C3	περιπατεῖτε	leaf	C2	coordinate	2	medium	suggested	καὶ κατὰ ἄνθρωπον ==περιπατεῖτε==	function follows connector inventory; coordinating connector between finite clauses; source and target clauses available
1corintios	3	4	C1	λέγῃ	root-or-unresolved			0		unresolved-root	ὅταν γὰρ ==λέγῃ==	no ownership relationship resolved
1corintios	3	4	C2	εἰμι	root-parent			0		unresolved-root	τις ἐγὼ μέν ==εἰμι==	no ownership relationship resolved
1corintios	3	4	C3	ἐστε	leaf	C2	coordinate	1	medium	suggested	παύλου ἕτερος δέ ἐγὼ ἀπολλῶ οὐκ ἄνθρωποί ==ἐστε==	function follows connector inventory; coordinating connector between finite clauses; source and target clauses available
1corintios	3	5	C1	ἐστιν	root-parent			0		unresolved-root	τί οὖν ==ἐστιν==	no ownership relationship resolved
1corintios	3	5	C2	ἐστιν	leaf	C1	coordinate	1	medium	suggested	ἀπολλῶς τί δέ ==ἐστιν==	function follows connector inventory; coordinating connector between finite clauses; source and target clauses available
1corintios	3	5	C3	ἐπιστεύσατε	root-parent			0		unresolved-root	παῦλος διάκονοι διʼ ὧν ==ἐπιστεύσατε==	no ownership relationship resolved
1corintios	3	5	C4	ἔδωκεν	leaf	C3	coordinate	1	medium	suggested	καὶ ἑκάστῳ ὡς ὁ κύριος ==ἔδωκεν==	function follows connector inventory; coordinating connector between finite clauses; source and target clauses available
1corintios	3	6	C1	ἐφύτευσα	root-or-unresolved			0		unresolved-root	ἐγὼ ==ἐφύτευσα==	no ownership relationship resolved
1corintios	3	6	C2	ἐπότισεν	root-parent			0		unresolved-root	ἀπολλῶς ==ἐπότισεν==	no ownership relationship resolved
1corintios	3	6	C3	ηὔξανεν	leaf	C2	coordinate	1	medium	suggested	ἀλλὰ ὁ θεὸς ==ηὔξανεν==	function follows connector inventory; coordinating connector between finite clauses; source and target clauses available
1corintios	3	7	C1	ἐστίν	root-or-unresolved			0		unresolved-root	ὥστε οὔτε ὁ φυτεύων ==ἐστίν== τι οὔτε ὁ ποτίζων ἀλλʼ ὁ αὐξάνων θεός	no ownership relationship resolved
1corintios	3	8	C1	εἰσιν	root-parent			0		unresolved-root	ὁ φυτεύων δὲ καὶ ὁ ποτίζων ἕν ==εἰσιν==	no ownership relationship resolved
1corintios	3	8	C2	λήμψεται	leaf	C1	coordinate	1	medium	suggested	ἕκαστος δὲ τὸν ἴδιον μισθὸν ==λήμψεται== κατὰ τὸν ἴδιον κόπον	function follows connector inventory; coordinating connector between finite clauses; source and target clauses available
1corintios	3	9	C1	ἐσμεν	root-or-unresolved			0		unresolved-root	θεοῦ γάρ ==ἐσμεν==	no ownership relationship resolved
1corintios	3	9	C2	ἐστε	root-or-unresolved			0		unresolved-root	συνεργοί θεοῦ γεώργιον θεοῦ οἰκοδομή ==ἐστε==	no ownership relationship resolved
1corintios	3	10	C1	ἔθηκα	root-parent			0		unresolved-root	κατὰ τὴν χάριν τοῦ θεοῦ τὴν δοθεῖσάν μοι ὡς σοφὸς ἀρχιτέκτων θεμέλιον ==ἔθηκα==	no ownership relationship resolved
1corintios	3	10	C2	ἐποικοδομεῖ	internal-node	C1	coordinate	1	medium	suggested	ἄλλος δὲ ==ἐποικοδομεῖ==	function follows connector inventory; coordinating connector between finite clauses; source and target clauses available
1corintios	3	10	C3	βλεπέτω	leaf	C2	coordinate	2	medium	suggested	ἕκαστος δὲ ==βλεπέτω==	function follows connector inventory; coordinating connector between finite clauses; source and target clauses available
1corintios	3	10	C4	ἐποικοδομεῖ	root-or-unresolved			0		unresolved-root	πῶς ==ἐποικοδομεῖ==	no ownership relationship resolved
1corintios	3	11	C1	δύναται	root-or-unresolved			0		unresolved-root	θεμέλιον γὰρ ἄλλον οὐδεὶς ==δύναται==	no ownership relationship resolved
1corintios	3	11	C2	ἐστιν	root-or-unresolved			0		unresolved-root	θεῖναι παρὰ τὸν κείμενον ὅς ==ἐστιν== ἰησοῦς χριστός	no ownership relationship resolved
1corintios	3	12	C1	ἐποικοδομεῖ	root-or-unresolved			0		unresolved-root	εἰ δέ τις ==ἐποικοδομεῖ== ἐπὶ τὸν θεμέλιον χρυσόν ἄργυρον λίθους τιμίους ξύλα χόρτον καλάμην	no ownership relationship resolved
1corintios	3	13	C1	γενήσεται	root-parent			0		unresolved-root	ἑκάστου τὸ ἔργον φανερὸν ==γενήσεται==	no ownership relationship resolved
1corintios	3	13	C2	δηλώσει	internal-node	C1	subordinate	1	medium	suggested	ἡ γὰρ ἡμέρα ==δηλώσει==	function follows connector inventory; coordinating connector between finite clauses; source and target clauses available
1corintios	3	13	C3	ἀποκαλύπτεται	internal-node	C2	subordinate	2	medium	suggested	ὅτι ἐν πυρὶ ==ἀποκαλύπτεται==	context-sensitive function; keep as suggested; subordinating connector before/near target finite clause; source and target clauses available
1corintios	3	13	C4	ἐστιν	leaf	C3	coordinate	3	medium	suggested	καὶ ἑκάστου τὸ ἔργον ὁποῖόν ==ἐστιν==	function follows connector inventory; coordinating connector between finite clauses; source and target clauses available
1corintios	3	13	C5	δοκιμάσει	root-or-unresolved			0		unresolved-root	τὸ πῦρ αὐτὸ ==δοκιμάσει==	no ownership relationship resolved
1corintios	3	14	C1	μενεῖ	root-or-unresolved			0		unresolved-root	εἴ τινος τὸ ἔργον ==μενεῖ==	no ownership relationship resolved
1corintios	3	14	C2	ἐποικοδόμησεν	root-or-unresolved			0		unresolved-root	ὃ ==ἐποικοδόμησεν==	no ownership relationship resolved
1corintios	3	14	C3	λήμψεται	root-or-unresolved			0		unresolved-root	μισθὸν ==λήμψεται==	no ownership relationship resolved
1corintios	3	15	C1	κατακαήσεται	root-or-unresolved			0		unresolved-root	εἴ τινος τὸ ἔργον ==κατακαήσεται==	no ownership relationship resolved
1corintios	3	15	C2	ζημιωθήσεται	root-parent			0		unresolved-root	==ζημιωθήσεται==	no ownership relationship resolved
1corintios	3	15	C3	σωθήσεται	leaf	C2	coordinate	1	medium	suggested	αὐτὸς δὲ ==σωθήσεται== οὕτως δὲ ὡς διὰ πυρός	function follows connector inventory; coordinating connector between finite clauses; source and target clauses available
1corintios	3	16	C1	οἴδατε	root-parent			0		unresolved-root	οὐκ ==οἴδατε==	no ownership relationship resolved
1corintios	3	16	C2	ἐστε	internal-node	C1	subordinate	1	medium	suggested	ὅτι ναὸς θεοῦ ==ἐστε==	context-sensitive function; keep as suggested; subordinating connector before/near target finite clause; source and target clauses available
1corintios	3	16	C3	οἰκεῖ	leaf	C2	coordinate	2	medium	suggested	καὶ τὸ πνεῦμα τοῦ θεοῦ ==οἰκεῖ== ἐν ὑμῖν	function follows connector inventory; coordinating connector between finite clauses; source and target clauses available
1corintios	3	17	C1	φθείρει	root-or-unresolved			0		unresolved-root	εἴ τις τὸν ναὸν τοῦ θεοῦ ==φθείρει==	no ownership relationship resolved
1corintios	3	17	C2	φθερεῖ	root-parent			0		unresolved-root	==φθερεῖ==	no ownership relationship resolved
1corintios	3	17	C3	ἐστιν	leaf	C2	subordinate	1	medium	suggested	τοῦτον ὁ θεός ὁ γὰρ ναὸς τοῦ θεοῦ ἅγιός ==ἐστιν==	function follows connector inventory; coordinating connector between finite clauses; source and target clauses available
1corintios	3	17	C4	ἐστε	root-or-unresolved			0		unresolved-root	οἵτινές ==ἐστε== ὑμεῖς	no ownership relationship resolved
1corintios	3	18	C1	ἐξαπατάτω	root-parent			0		unresolved-root	μηδεὶς ἑαυτὸν ==ἐξαπατάτω==	no ownership relationship resolved
1corintios	3	18	C2	δοκεῖ	leaf	C1	subordinate	1	medium	suggested	εἴ τις ==δοκεῖ==	function follows connector inventory; subordinating connector before/near target finite clause; source and target clauses available
1corintios	3	18	C3	γενέσθω	root-parent			0		unresolved-root	σοφὸς εἶναι ἐν ὑμῖν ἐν τῷ αἰῶνι τούτῳ μωρὸς ==γενέσθω==	no ownership relationship resolved
1corintios	3	18	C4	γένηται	leaf	C3	subordinate	1	medium	suggested	ἵνα ==γένηται== σοφός	context-sensitive function; keep as suggested; subordinating connector before/near target finite clause; source and target clauses available
1corintios	3	19	C1	ἐστιν	root-or-unresolved			0		unresolved-root	ἡ γὰρ σοφία τοῦ κόσμου τούτου μωρία παρὰ τῷ θεῷ ==ἐστιν==	no ownership relationship resolved
1corintios	3	19	C2	γέγραπται	root-or-unresolved			0		unresolved-root	==γέγραπται== γάρ ὁ δρασσόμενος τοὺς σοφοὺς ἐν τῇ πανουργίᾳ αὐτῶν	no ownership relationship resolved
1corintios	3	20	C1	γινώσκει	root-parent			0		unresolved-root	καὶ πάλιν κύριος ==γινώσκει==	no ownership relationship resolved
1corintios	3	20	C2	εἰσὶν	leaf	C1	subordinate	1	medium	suggested	τοὺς διαλογισμοὺς τῶν σοφῶν ὅτι ==εἰσὶν== μάταιοι	context-sensitive function; keep as suggested; subordinating connector before/near target finite clause; source and target clauses available
1corintios	3	21	C1	καυχάσθω	root-parent			0		unresolved-root	ὥστε μηδεὶς ==καυχάσθω==	no ownership relationship resolved
1corintios	3	21	C2	ἐστιν	leaf	C1	subordinate	1	medium	suggested	ἐν ἀνθρώποις πάντα γὰρ ὑμῶν ==ἐστιν==	function follows connector inventory; coordinating connector between finite clauses; source and target clauses available
1corintios	4	1	C1	λογιζέσθω	root-or-unresolved			0		unresolved-root	οὕτως ἡμᾶς ==λογιζέσθω== ἄνθρωπος ὡς ὑπηρέτας χριστοῦ καὶ οἰκονόμους μυστηρίων θεοῦ	no ownership relationship resolved
1corintios	4	2	C1	ζητεῖται	root-parent			0		unresolved-root	ὧδε λοιπὸν ==ζητεῖται==	no ownership relationship resolved
1corintios	4	2	C2	εὑρεθῇ	leaf	C1	subordinate	1	medium	suggested	ἐν τοῖς οἰκονόμοις ἵνα πιστός τις ==εὑρεθῇ==	context-sensitive function; keep as suggested; subordinating connector before/near target finite clause; source and target clauses available
1corintios	4	3	C1	ἐστιν	root-parent			0		unresolved-root	ἐμοὶ δὲ εἰς ἐλάχιστόν ==ἐστιν==	no ownership relationship resolved
1corintios	4	3	C2	ἀνακριθῶ	internal-node	C1	subordinate	1	medium	suggested	ἵνα ὑφʼ ὑμῶν ==ἀνακριθῶ==	context-sensitive function; keep as suggested; subordinating connector before/near target finite clause; source and target clauses available
1corintios	4	3	C3	ἀνακρίνω	leaf	C2	coordinate	2	medium	suggested	ἢ ὑπὸ ἀνθρωπίνης ἡμέρας ἀλλʼ οὐδὲ ἐμαυτὸν ==ἀνακρίνω==	context-sensitive function; keep as suggested; coordinating connector between finite clauses; source and target clauses available
1corintios	4	4	C1	σύνοιδα	root-parent			0		unresolved-root	οὐδὲν γὰρ ἐμαυτῷ ==σύνοιδα==	no ownership relationship resolved
1corintios	4	4	C2	δεδικαίωμαι	internal-node	C1	coordinate	1	medium	suggested	ἀλλʼ οὐκ ἐν τούτῳ ==δεδικαίωμαι==	function follows connector inventory; coordinating connector between finite clauses; source and target clauses available
1corintios	4	4	C3	ἐστιν	leaf	C2	coordinate	2	medium	suggested	ὁ δὲ ἀνακρίνων με κύριός ==ἐστιν==	function follows connector inventory; coordinating connector between finite clauses; source and target clauses available
1corintios	4	5	C1	κρίνετε	root-parent			0		unresolved-root	ὥστε μὴ πρὸ καιροῦ τι ==κρίνετε==	no ownership relationship resolved
1corintios	4	5	C2	ἔλθῃ	internal-node	C1	subordinate	1	medium	suggested	ἕως ἂν ==ἔλθῃ==	function follows connector inventory; subordinating connector before/near target finite clause; source and target clauses available
1corintios	4	5	C3	φωτίσει	internal-node	C2	coordinate	2	medium	suggested	ὁ κύριος ὃς καὶ ==φωτίσει==	function follows connector inventory; coordinating connector between finite clauses; source and target clauses available
1corintios	4	5	C4	φανερώσει	internal-node	C3	coordinate	3	medium	suggested	τὰ κρυπτὰ τοῦ σκότους καὶ ==φανερώσει==	function follows connector inventory; coordinating connector between finite clauses; source and target clauses available
1corintios	4	5	C5	γενήσεται	leaf	C4	coordinate	4	medium	suggested	τὰς βουλὰς τῶν καρδιῶν καὶ τότε ὁ ἔπαινος ==γενήσεται== ἑκάστῳ ἀπὸ τοῦ θεοῦ	function follows connector inventory; coordinating connector between finite clauses; source and target clauses available
1corintios	4	6	C1	μετεσχημάτισα	root-parent			0		unresolved-root	ταῦτα δέ ἀδελφοί ==μετεσχημάτισα==	no ownership relationship resolved
1corintios	4	6	C2	μάθητε	leaf	C1	coordinate	1	medium	suggested	εἰς ἐμαυτὸν καὶ ἀπολλῶν διʼ ὑμᾶς ἵνα ἐν ἡμῖν ==μάθητε==	function follows connector inventory; coordinating connector between finite clauses; source and target clauses available
1corintios	4	6	C3	γέγραπται	root-parent			0		unresolved-root	τό μὴ ὑπὲρ ἃ ==γέγραπται==	no ownership relationship resolved
1corintios	4	6	C4	φυσιοῦσθε	leaf	C3	subordinate	1	medium	suggested	ἵνα μὴ εἷς ὑπὲρ τοῦ ἑνὸς ==φυσιοῦσθε== κατὰ τοῦ ἑτέρου	context-sensitive function; keep as suggested; subordinating connector before/near target finite clause; source and target clauses available
1corintios	4	7	C1	διακρίνει	root-parent			0		unresolved-root	τίς γάρ σε ==διακρίνει==	no ownership relationship resolved
1corintios	4	7	C2	ἔχεις	leaf	C1	coordinate	1	medium	suggested	τί δὲ ==ἔχεις==	function follows connector inventory; coordinating connector between finite clauses; source and target clauses available
1corintios	4	7	C3	ἔλαβες	root-parent			0		unresolved-root	ὃ οὐκ ==ἔλαβες==	no ownership relationship resolved
1corintios	4	7	C4	ἔλαβες	leaf	C3	subordinate	1	medium	suggested	εἰ δὲ καὶ ==ἔλαβες==	function follows connector inventory; subordinating connector before/near target finite clause; source and target clauses available
1corintios	4	7	C5	καυχᾶσαι	root-or-unresolved			0		unresolved-root	τί ==καυχᾶσαι== ὡς μὴ λαβών	no ownership relationship resolved
1corintios	4	8	C1	ἐστέ	root-or-unresolved			0		unresolved-root	ἤδη κεκορεσμένοι ==ἐστέ==	no ownership relationship resolved
1corintios	4	8	C2	ἐπλουτήσατε	root-or-unresolved			0		unresolved-root	ἤδη ==ἐπλουτήσατε==	no ownership relationship resolved
1corintios	4	8	C3	ἐβασιλεύσατε	root-parent			0		unresolved-root	χωρὶς ἡμῶν ==ἐβασιλεύσατε==	no ownership relationship resolved
1corintios	4	8	C4	ἐβασιλεύσατε	internal-node	C3	coordinate	1	medium	suggested	καὶ ὄφελόν γε ==ἐβασιλεύσατε==	function follows connector inventory; coordinating connector between finite clauses; source and target clauses available
1corintios	4	8	C5	συμβασιλεύσωμεν	leaf	C4	subordinate	2	medium	suggested	ἵνα καὶ ἡμεῖς ὑμῖν ==συμβασιλεύσωμεν==	context-sensitive function; keep as suggested; subordinating connector before/near target finite clause; source and target clauses available
1corintios	4	9	C1	δοκῶ	root-parent			0		unresolved-root	==δοκῶ==	no ownership relationship resolved
1corintios	4	9	C2	ἀπέδειξεν	internal-node	C1	subordinate	1	medium	suggested	γάρ ὁ θεὸς ἡμᾶς τοὺς ἀποστόλους ἐσχάτους ==ἀπέδειξεν==	function follows connector inventory; coordinating connector between finite clauses; source and target clauses available
1corintios	4	9	C3	ἐγενήθημεν	leaf	C2	subordinate	2	medium	suggested	ὡς ἐπιθανατίους ὅτι θέατρον ==ἐγενήθημεν== τῷ κόσμῳ καὶ ἀγγέλοις καὶ ἀνθρώποις	context-sensitive function; keep as suggested; subordinating connector before/near target finite clause; source and target clauses available
1corintios	4	11	C1	πεινῶμεν	root-parent			0		unresolved-root	ἄχρι τῆς ἄρτι ὥρας καὶ ==πεινῶμεν==	no ownership relationship resolved
1corintios	4	11	C2	διψῶμεν	internal-node	C1	coordinate	1	medium	suggested	καὶ ==διψῶμεν==	function follows connector inventory; coordinating connector between finite clauses; source and target clauses available
1corintios	4	11	C3	γυμνιτεύομεν	internal-node	C2	coordinate	2	medium	suggested	καὶ ==γυμνιτεύομεν==	function follows connector inventory; coordinating connector between finite clauses; source and target clauses available
1corintios	4	11	C4	κολαφιζόμεθα	internal-node	C3	coordinate	3	medium	suggested	καὶ ==κολαφιζόμεθα==	function follows connector inventory; coordinating connector between finite clauses; source and target clauses available
1corintios	4	11	C5	ἀστατοῦμεν	leaf	C4	coordinate	4	medium	suggested	καὶ ==ἀστατοῦμεν==	function follows connector inventory; coordinating connector between finite clauses; source and target clauses available
1corintios	4	12	C1	κοπιῶμεν	root-or-unresolved			0		unresolved-root	καὶ ==κοπιῶμεν==	no ownership relationship resolved
1corintios	4	12	C2	εὐλογοῦμεν	root-or-unresolved			0		unresolved-root	ἐργαζόμενοι ταῖς ἰδίαις χερσίν λοιδορούμενοι ==εὐλογοῦμεν==	no ownership relationship resolved
1corintios	4	12	C3	ἀνεχόμεθα	root-or-unresolved			0		unresolved-root	διωκόμενοι ==ἀνεχόμεθα==	no ownership relationship resolved
1corintios	4	13	C1	παρακαλοῦμεν	root-parent			0		unresolved-root	δυσφημούμενοι ==παρακαλοῦμεν==	no ownership relationship resolved
1corintios	4	13	C2	ἐγενήθημεν	leaf	C1	subordinate	1	medium	suggested	ὡς περικαθάρματα τοῦ κόσμου ==ἐγενήθημεν== πάντων περίψημα ἕως ἄρτι	context-sensitive function; keep as suggested; subordinating connector before/near target finite clause; source and target clauses available
1corintios	4	14	C1	γράφω	root-or-unresolved			0		unresolved-root	οὐκ ἐντρέπων ὑμᾶς ==γράφω== ταῦτα ἀλλʼ ὡς τέκνα μου ἀγαπητὰ νουθετῶν	no ownership relationship resolved
1corintios	4	15	C1	ἔχητε	root-parent			0		unresolved-root	ἐὰν γὰρ μυρίους παιδαγωγοὺς ==ἔχητε==	no ownership relationship resolved
1corintios	4	15	C2	ἐγέννησα	leaf	C1	coordinate	1	medium	suggested	ἐν χριστῷ ἀλλʼ οὐ πολλοὺς πατέρας ἐν γὰρ χριστῷ ἰησοῦ διὰ τοῦ εὐαγγελίου ἐγὼ ὑμᾶς ==ἐγέννησα==	function follows connector inventory; coordinating connector between finite clauses; source and target clauses available
1corintios	4	16	C1	παρακαλῶ	root-parent			0		unresolved-root	==παρακαλῶ==	no ownership relationship resolved
1corintios	4	16	C2	γίνεσθε	leaf	C1	coordinate	1	medium	suggested	οὖν ὑμᾶς μιμηταί μου ==γίνεσθε==	function follows connector inventory; coordinating connector between finite clauses; source and target clauses available
1corintios	4	17	C1	ἔπεμψα	root-or-unresolved			0		unresolved-root	διὰ τοῦτο ==ἔπεμψα==	no ownership relationship resolved
1corintios	4	17	C2	ἐστίν	root-parent			0		unresolved-root	ὑμῖν τιμόθεον ὅς ==ἐστίν==	no ownership relationship resolved
1corintios	4	17	C3	ἀναμνήσει	internal-node	C2	coordinate	1	medium	suggested	μου τέκνον ἀγαπητὸν καὶ πιστὸν ἐν κυρίῳ ὃς ὑμᾶς ==ἀναμνήσει==	function follows connector inventory; coordinating connector between finite clauses; source and target clauses available
1corintios	4	17	C4	διδάσκω	leaf	C3	subordinate	2	medium	suggested	τὰς ὁδούς μου τὰς ἐν χριστῷ ἰησοῦ καθὼς πανταχοῦ ἐν πάσῃ ἐκκλησίᾳ ==διδάσκω==	context-sensitive function; keep as suggested; subordinating connector before/near target finite clause; source and target clauses available
1corintios	4	18	C1	ἐφυσιώθησάν	root-or-unresolved			0		unresolved-root	ὡς μὴ ἐρχομένου δέ μου πρὸς ὑμᾶς ==ἐφυσιώθησάν== τινες	no ownership relationship resolved
1corintios	4	19	C1	ἐλεύσομαι	root-parent			0		unresolved-root	==ἐλεύσομαι==	no ownership relationship resolved
1corintios	4	19	C2	θελήσῃ	internal-node	C1	coordinate	1	medium	suggested	δὲ ταχέως πρὸς ὑμᾶς ἐὰν ὁ κύριος ==θελήσῃ==	function follows connector inventory; coordinating connector between finite clauses; source and target clauses available
1corintios	4	19	C3	γνώσομαι	leaf	C2	coordinate	2	medium	suggested	καὶ ==γνώσομαι== οὐ τὸν λόγον τῶν πεφυσιωμένων ἀλλὰ τὴν δύναμιν	function follows connector inventory; coordinating connector between finite clauses; source and target clauses available
1corintios	4	21	C1	θέλετε	root-or-unresolved			0		unresolved-root	τί ==θέλετε==	no ownership relationship resolved
1corintios	4	21	C2	ἔλθω	root-or-unresolved			0		unresolved-root	ἐν ῥάβδῳ ==ἔλθω== πρὸς ὑμᾶς ἢ ἐν ἀγάπῃ πνεύματί τε πραΰτητος	no ownership relationship resolved
1corintios	5	1	C1	ἀκούεται	root-or-unresolved			0		unresolved-root	ὅλως ==ἀκούεται== ἐν ὑμῖν πορνεία καὶ τοιαύτη πορνεία ἥτις οὐδὲ ἐν τοῖς ἔθνεσιν ὥστε γυναῖκά τινα τοῦ πατρὸς ἔχειν	no ownership relationship resolved
1corintios	5	2	C1	ἐστέ	root-parent			0		unresolved-root	καὶ ὑμεῖς πεφυσιωμένοι ==ἐστέ==	no ownership relationship resolved
1corintios	5	2	C2	ἐπενθήσατε	internal-node	C1	coordinate	1	medium	suggested	καὶ οὐχὶ μᾶλλον ==ἐπενθήσατε==	function follows connector inventory; coordinating connector between finite clauses; source and target clauses available
1corintios	5	2	C3	ἀρθῇ	leaf	C2	subordinate	2	medium	suggested	ἵνα ==ἀρθῇ== ἐκ μέσου ὑμῶν ὁ τὸ ἔργον τοῦτο ποιήσας	context-sensitive function; keep as suggested; subordinating connector before/near target finite clause; source and target clauses available
1corintios	5	3	C1	κέκρικα	root-or-unresolved			0		unresolved-root	ἐγὼ μὲν γάρ ἀπὼν τῷ σώματι παρὼν δὲ τῷ πνεύματι ἤδη ==κέκρικα== ὡς παρὼν τὸν οὕτως τοῦτο κατεργασάμενον	no ownership relationship resolved
1corintios	5	5	C1	σωθῇ	root-or-unresolved			0		unresolved-root	παραδοῦναι τὸν τοιοῦτον τῷ σατανᾷ εἰς ὄλεθρον τῆς σαρκός ἵνα τὸ πνεῦμα ==σωθῇ== ἐν τῇ ἡμέρᾳ τοῦ κυρίου	no ownership relationship resolved
1corintios	5	6	C1	οἴδατε	root-parent			0		unresolved-root	οὐ καλὸν τὸ καύχημα ὑμῶν οὐκ ==οἴδατε==	no ownership relationship resolved
1corintios	5	6	C2	ζυμοῖ	leaf	C1	subordinate	1	medium	suggested	ὅτι μικρὰ ζύμη ὅλον τὸ φύραμα ==ζυμοῖ==	context-sensitive function; keep as suggested; subordinating connector before/near target finite clause; source and target clauses available
1corintios	5	7	C1	ἐκκαθάρατε	root-parent			0		unresolved-root	==ἐκκαθάρατε==	no ownership relationship resolved
1corintios	5	7	C2	ἦτε	internal-node	C1	subordinate	1	medium	suggested	τὴν παλαιὰν ζύμην ἵνα ==ἦτε==	context-sensitive function; keep as suggested; subordinating connector before/near target finite clause; source and target clauses available
1corintios	5	7	C3	ἐστε	internal-node	C2	subordinate	2	medium	suggested	νέον φύραμα καθώς ==ἐστε==	context-sensitive function; keep as suggested; subordinating connector before/near target finite clause; source and target clauses available
1corintios	5	7	C4	ἐτύθη	leaf	C3	coordinate	3	medium	suggested	ἄζυμοι καὶ γὰρ τὸ πάσχα ἡμῶν ==ἐτύθη== χριστός	function follows connector inventory; coordinating connector between finite clauses; source and target clauses available
1corintios	5	8	C1	ἑορτάζωμεν	root-or-unresolved			0		unresolved-root	ὥστε ==ἑορτάζωμεν== μὴ ἐν ζύμῃ παλαιᾷ μηδὲ ἐν ζύμῃ κακίας καὶ πονηρίας ἀλλʼ ἐν ἀζύμοις εἰλικρινείας καὶ ἀληθείας	no ownership relationship resolved
1corintios	5	9	C1	ἔγραψα	root-or-unresolved			0		unresolved-root	==ἔγραψα== ὑμῖν ἐν τῇ ἐπιστολῇ μὴ συναναμίγνυσθαι πόρνοις	no ownership relationship resolved
1corintios	5	10	C1	ὠφείλετε	root-or-unresolved			0		unresolved-root	οὐ πάντως τοῖς πόρνοις τοῦ κόσμου τούτου ἢ τοῖς πλεονέκταις καὶ ἅρπαξιν ἢ εἰδωλολάτραις ἐπεὶ ==ὠφείλετε== ἄρα ἐκ τοῦ κόσμου ἐξελθεῖν	no ownership relationship resolved
1corintios	5	11	C1	ἔγραψα	root-parent			0		unresolved-root	νῦν δὲ ==ἔγραψα==	no ownership relationship resolved
1corintios	5	11	C2	ᾖ	leaf	C1	subordinate	1	medium	suggested	ὑμῖν μὴ συναναμίγνυσθαι ἐάν τις ἀδελφὸς ὀνομαζόμενος ==ᾖ== πόρνος ἢ πλεονέκτης ἢ εἰδωλολάτρης ἢ λοίδορος ἢ μέθυσος ἢ ἅρπαξ τῷ τοιούτῳ μηδὲ συνεσθίειν	function follows connector inventory; subordinating connector before/near target finite clause; source and target clauses available
1corintios	5	12	C1	κρίνετε	root-or-unresolved			0		unresolved-root	τί γάρ μοι τοὺς ἔξω κρίνειν οὐχὶ τοὺς ἔσω ὑμεῖς ==κρίνετε==	no ownership relationship resolved
1corintios	5	13	C1	κρίνει;	root-or-unresolved			0		unresolved-root	τοὺς δὲ ἔξω ὁ θεὸς ==κρίνει;==	no ownership relationship resolved
1corintios	5	13	C2	ἐξάρατε	root-or-unresolved			0		unresolved-root	==ἐξάρατε== τὸν πονηρὸν ἐξ ὑμῶν αὐτῶν	no ownership relationship resolved
1corintios	6	1	C1	τολμᾷ	root-or-unresolved			0		unresolved-root	==τολμᾷ== τις ὑμῶν πρᾶγμα ἔχων πρὸς τὸν ἕτερον κρίνεσθαι ἐπὶ τῶν ἀδίκων καὶ οὐχὶ ἐπὶ τῶν ἁγίων	no ownership relationship resolved
1corintios	6	2	C1	οἴδατε	root-parent			0		unresolved-root	ἢ οὐκ ==οἴδατε==	no ownership relationship resolved
1corintios	6	2	C2	κρινοῦσιν	internal-node	C1	subordinate	1	medium	suggested	ὅτι οἱ ἅγιοι τὸν κόσμον ==κρινοῦσιν==	context-sensitive function; keep as suggested; subordinating connector before/near target finite clause; source and target clauses available
1corintios	6	2	C3	κρίνεται	leaf	C2	coordinate	2	medium	suggested	καὶ εἰ ἐν ὑμῖν ==κρίνεται==	function follows connector inventory; coordinating connector between finite clauses; source and target clauses available
1corintios	6	2	C4	ἐστε	root-or-unresolved			0		unresolved-root	ὁ κόσμος ἀνάξιοί ==ἐστε== κριτηρίων ἐλαχίστων	no ownership relationship resolved
1corintios	6	3	C1	οἴδατε	root-parent			0		unresolved-root	οὐκ ==οἴδατε==	no ownership relationship resolved
1corintios	6	3	C2	κρινοῦμεν	leaf	C1	subordinate	1	medium	suggested	ὅτι ἀγγέλους ==κρινοῦμεν== μήτιγε βιωτικά	context-sensitive function; keep as suggested; subordinating connector before/near target finite clause; source and target clauses available
1corintios	6	4	C1	ἔχητε	root-or-unresolved			0		unresolved-root	βιωτικὰ μὲν οὖν κριτήρια ἐὰν ==ἔχητε==	no ownership relationship resolved
1corintios	6	4	C2	καθίζετε	root-or-unresolved			0		unresolved-root	τοὺς ἐξουθενημένους ἐν τῇ ἐκκλησίᾳ τούτους ==καθίζετε==	no ownership relationship resolved
1corintios	6	5	C1	λέγω	root-or-unresolved			0		unresolved-root	πρὸς ἐντροπὴν ὑμῖν ==λέγω==	no ownership relationship resolved
1corintios	6	5	C2	ἔνι	root-or-unresolved			0		unresolved-root	οὕτως οὐκ ==ἔνι==	no ownership relationship resolved
1corintios	6	5	C3	δυνήσεται	root-or-unresolved			0		unresolved-root	ἐν ὑμῖν οὐδεὶς σοφὸς ὃς ==δυνήσεται== διακρῖναι ἀνὰ μέσον τοῦ ἀδελφοῦ αὐτοῦ	no ownership relationship resolved
1corintios	6	6	C1	κρίνεται	root-or-unresolved			0		unresolved-root	ἀλλὰ ἀδελφὸς μετὰ ἀδελφοῦ ==κρίνεται== καὶ τοῦτο ἐπὶ ἀπίστων	no ownership relationship resolved
1corintios	6	7	C1	ἐστιν	root-parent			0		unresolved-root	ἤδη μὲν οὖν ὅλως ἥττημα ὑμῖν ==ἐστιν==	no ownership relationship resolved
1corintios	6	7	C2	ἔχετε	leaf	C1	subordinate	1	medium	suggested	ὅτι κρίματα ==ἔχετε==	context-sensitive function; keep as suggested; subordinating connector before/near target finite clause; source and target clauses available
1corintios	6	7	C3	ἀδικεῖσθε	root-or-unresolved			0		unresolved-root	μεθʼ ἑαυτῶν διὰ τί οὐχὶ μᾶλλον ==ἀδικεῖσθε==	no ownership relationship resolved
1corintios	6	7	C4	ἀποστερεῖσθε	root-or-unresolved			0		unresolved-root	διὰ τί οὐχὶ μᾶλλον ==ἀποστερεῖσθε==	no ownership relationship resolved
1corintios	6	8	C1	ἀδικεῖτε	root-parent			0		unresolved-root	ἀλλὰ ὑμεῖς ==ἀδικεῖτε==	no ownership relationship resolved
1corintios	6	8	C2	ἀποστερεῖτε	leaf	C1	coordinate	1	medium	suggested	καὶ ==ἀποστερεῖτε== καὶ τοῦτο ἀδελφούς	function follows connector inventory; coordinating connector between finite clauses; source and target clauses available
1corintios	6	9	C1	οἴδατε	root-parent			0		unresolved-root	ἢ οὐκ ==οἴδατε==	no ownership relationship resolved
1corintios	6	9	C2	κληρονομήσουσιν	leaf	C1	subordinate	1	medium	suggested	ὅτι ἄδικοι θεοῦ βασιλείαν οὐ ==κληρονομήσουσιν==	context-sensitive function; keep as suggested; subordinating connector before/near target finite clause; source and target clauses available
1corintios	6	9	C3	πλανᾶσθε	root-or-unresolved			0		unresolved-root	μὴ ==πλανᾶσθε== οὔτε πόρνοι οὔτε εἰδωλολάτραι οὔτε μοιχοὶ οὔτε μαλακοὶ οὔτε ἀρσενοκοῖται	no ownership relationship resolved
1corintios	6	10	C1	κληρονομήσουσιν	root-or-unresolved			0		unresolved-root	οὔτε κλέπται οὔτε πλεονέκται οὐ μέθυσοι οὐ λοίδοροι οὐχ ἅρπαγες βασιλείαν θεοῦ ==κληρονομήσουσιν==	no ownership relationship resolved
1corintios	6	11	C1	ἦτε	root-parent			0		unresolved-root	καὶ ταῦτά τινες ==ἦτε==	no ownership relationship resolved
1corintios	6	11	C2	ἀπελούσασθε	internal-node	C1	coordinate	1	medium	suggested	ἀλλὰ ==ἀπελούσασθε==	function follows connector inventory; coordinating connector between finite clauses; source and target clauses available
1corintios	6	11	C3	ἡγιάσθητε	internal-node	C2	coordinate	2	medium	suggested	ἀλλὰ ==ἡγιάσθητε==	function follows connector inventory; coordinating connector between finite clauses; source and target clauses available
1corintios	6	11	C4	ἐδικαιώθητε	leaf	C3	coordinate	3	medium	suggested	ἀλλὰ ==ἐδικαιώθητε== ἐν τῷ ὀνόματι τοῦ κυρίου ἰησοῦ καὶ ἐν τῷ πνεύματι τοῦ θεοῦ ἡμῶν	function follows connector inventory; coordinating connector between finite clauses; source and target clauses available
1corintios	6	12	C1	ἔξεστιν	root-parent			0		unresolved-root	πάντα μοι ==ἔξεστιν==	no ownership relationship resolved
1corintios	6	12	C2	συμφέρει	leaf	C1	coordinate	1	medium	suggested	ἀλλʼ οὐ πάντα ==συμφέρει==	function follows connector inventory; coordinating connector between finite clauses; source and target clauses available
1corintios	6	12	C3	ἔξεστιν	root-parent			0		unresolved-root	πάντα μοι ==ἔξεστιν==	no ownership relationship resolved
1corintios	6	12	C4	ἐξουσιασθήσομαι	leaf	C3	coordinate	1	medium	suggested	ἀλλʼ οὐκ ἐγὼ ==ἐξουσιασθήσομαι== ὑπό τινος	function follows connector inventory; coordinating connector between finite clauses; source and target clauses available
1corintios	6	13	C1	καταργήσει	root-or-unresolved			0		unresolved-root	τὰ βρώματα τῇ κοιλίᾳ καὶ ἡ κοιλία τοῖς βρώμασιν ὁ δὲ θεὸς καὶ ταύτην καὶ ταῦτα ==καταργήσει== τὸ δὲ σῶμα οὐ τῇ πορνείᾳ ἀλλὰ τῷ κυρίῳ καὶ ὁ κύριος τῷ σώματι	no ownership relationship resolved
1corintios	6	14	C1	ἤγειρεν	root-parent			0		unresolved-root	ὁ δὲ θεὸς καὶ τὸν κύριον ==ἤγειρεν==	no ownership relationship resolved
1corintios	6	14	C2	ἐξεγερεῖ	leaf	C1	coordinate	1	medium	suggested	καὶ ἡμᾶς ==ἐξεγερεῖ== διὰ τῆς δυνάμεως αὐτοῦ	function follows connector inventory; coordinating connector between finite clauses; source and target clauses available
1corintios	6	15	C1	οἴδατε	root-parent			0		unresolved-root	οὐκ ==οἴδατε==	no ownership relationship resolved
1corintios	6	15	C2	ἐστιν	internal-node	C1	subordinate	1	medium	suggested	ὅτι τὰ σώματα ὑμῶν μέλη χριστοῦ ==ἐστιν==	context-sensitive function; keep as suggested; subordinating connector before/near target finite clause; source and target clauses available
1corintios	6	15	C3	ποιήσω	leaf	C2	coordinate	2	medium	suggested	ἄρας οὖν τὰ μέλη τοῦ χριστοῦ ==ποιήσω== πόρνης μέλη μὴ γένοιτο	function follows connector inventory; coordinating connector between finite clauses; source and target clauses available
1corintios	6	16	C1	οἴδατε	root-parent			0		unresolved-root	ἢ οὐκ ==οἴδατε==	no ownership relationship resolved
1corintios	6	16	C2	ἐστιν	leaf	C1	subordinate	1	medium	suggested	ὅτι ὁ κολλώμενος τῇ πόρνῃ ἓν σῶμά ==ἐστιν==	context-sensitive function; keep as suggested; subordinating connector before/near target finite clause; source and target clauses available
1corintios	6	16	C3	ἔσονται	root-parent			0		unresolved-root	==ἔσονται==	no ownership relationship resolved
1corintios	6	16	C4	φησίν	leaf	C3	subordinate	1	medium	suggested	γάρ ==φησίν== οἱ δύο εἰς σάρκα μίαν	function follows connector inventory; coordinating connector between finite clauses; source and target clauses available
1corintios	6	17	C1	ἐστιν	root-or-unresolved			0		unresolved-root	ὁ δὲ κολλώμενος τῷ κυρίῳ ἓν πνεῦμά ==ἐστιν==	no ownership relationship resolved
1corintios	6	18	C1	φεύγετε	root-parent			0		unresolved-root	==φεύγετε==	no ownership relationship resolved
1corintios	6	18	C2	ποιήσῃ	leaf	C1	subordinate	1	medium	suggested	τὴν πορνείαν πᾶν ἁμάρτημα ὃ ἐὰν ==ποιήσῃ==	function follows connector inventory; subordinating connector before/near target finite clause; source and target clauses available
1corintios	6	18	C3	ἐστιν	root-parent			0		unresolved-root	ἄνθρωπος ἐκτὸς τοῦ σώματός ==ἐστιν==	no ownership relationship resolved
1corintios	6	18	C4	ἁμαρτάνει	leaf	C3	coordinate	1	medium	suggested	ὁ δὲ πορνεύων εἰς τὸ ἴδιον σῶμα ==ἁμαρτάνει==	function follows connector inventory; coordinating connector between finite clauses; source and target clauses available
1corintios	6	19	C1	οἴδατε	root-parent			0		unresolved-root	ἢ οὐκ ==οἴδατε==	no ownership relationship resolved
1corintios	6	19	C2	ἐστιν	leaf	C1	subordinate	1	medium	suggested	ὅτι τὸ σῶμα ὑμῶν ναὸς τοῦ ἐν ὑμῖν ἁγίου πνεύματός ==ἐστιν==	context-sensitive function; keep as suggested; subordinating connector before/near target finite clause; source and target clauses available
1corintios	6	19	C3	ἔχετε	root-parent			0		unresolved-root	οὗ ==ἔχετε==	no ownership relationship resolved
1corintios	6	19	C4	ἐστὲ	leaf	C3	coordinate	1	medium	suggested	ἀπὸ θεοῦ; καὶ οὐκ ==ἐστὲ== ἑαυτῶν	function follows connector inventory; coordinating connector between finite clauses; source and target clauses available
1corintios	6	20	C1	ἠγοράσθητε	root-parent			0		unresolved-root	==ἠγοράσθητε==	no ownership relationship resolved
1corintios	6	20	C2	δοξάσατε	leaf	C1	subordinate	1	medium	suggested	γὰρ τιμῆς ==δοξάσατε== δὴ τὸν θεὸν ἐν τῷ σώματι ὑμῶν	function follows connector inventory; coordinating connector between finite clauses; source and target clauses available
1corintios	7	1	C1	ἐγράψατε	root-or-unresolved			0		unresolved-root	περὶ δὲ ὧν ==ἐγράψατε== καλὸν ἀνθρώπῳ γυναικὸς μὴ ἅπτεσθαι	no ownership relationship resolved
1corintios	7	2	C1	ἐχέτω	root-parent			0		unresolved-root	διὰ δὲ τὰς πορνείας ἕκαστος τὴν ἑαυτοῦ γυναῖκα ==ἐχέτω==	no ownership relationship resolved
1corintios	7	2	C2	ἐχέτω	leaf	C1	coordinate	1	medium	suggested	καὶ ἑκάστη τὸν ἴδιον ἄνδρα ==ἐχέτω==	function follows connector inventory; coordinating connector between finite clauses; source and target clauses available
1corintios	7	3	C1	ἀποδιδότω	root-or-unresolved			0		unresolved-root	τῇ γυναικὶ ὁ ἀνὴρ τὴν ὀφειλὴν ==ἀποδιδότω== ὁμοίως δὲ καὶ ἡ γυνὴ τῷ ἀνδρί	no ownership relationship resolved
1corintios	7	4	C1	ἐξουσιάζει	root-parent			0		unresolved-root	ἡ γυνὴ τοῦ ἰδίου σώματος οὐκ ==ἐξουσιάζει==	no ownership relationship resolved
1corintios	7	4	C2	ἐξουσιάζει	leaf	C1	coordinate	1	medium	suggested	ἀλλὰ ὁ ἀνήρ ὁμοίως δὲ καὶ ὁ ἀνὴρ τοῦ ἰδίου σώματος οὐκ ==ἐξουσιάζει== ἀλλὰ ἡ γυνή	function follows connector inventory; coordinating connector between finite clauses; source and target clauses available
1corintios	7	5	C1	ἀποστερεῖτε	root-parent			0		unresolved-root	μὴ ==ἀποστερεῖτε==	no ownership relationship resolved
1corintios	7	5	C2	σχολάσητε	internal-node	C1	subordinate	1	medium	suggested	ἀλλήλους εἰ μήτι ἂν ἐκ συμφώνου πρὸς καιρὸν ἵνα ==σχολάσητε==	function follows connector inventory; subordinating connector before/near target finite clause; source and target clauses available
1corintios	7	5	C3	ἦτε	internal-node	C2	coordinate	2	medium	suggested	τῇ προσευχῇ καὶ πάλιν ἐπὶ τὸ αὐτὸ ==ἦτε==	function follows connector inventory; coordinating connector between finite clauses; source and target clauses available
1corintios	7	5	C4	πειράζῃ	leaf	C3	subordinate	3	medium	suggested	ἵνα μὴ ==πειράζῃ== ὑμᾶς ὁ σατανᾶς διὰ τὴν ἀκρασίαν ὑμῶν	context-sensitive function; keep as suggested; subordinating connector before/near target finite clause; source and target clauses available
1corintios	7	6	C1	λέγω	root-or-unresolved			0		unresolved-root	Τοῦτο δὲ ==λέγω== κατὰ συγγνώμην οὐ κατʼ ἐπιταγήν	no ownership relationship resolved
1corintios	7	7	C1	θέλω	root-parent			0		unresolved-root	==θέλω==	no ownership relationship resolved
1corintios	7	7	C2	ἔχει	leaf	C1	coordinate	1	medium	suggested	δὲ πάντας ἀνθρώπους εἶναι ὡς καὶ ἐμαυτόν ἀλλὰ ἕκαστος ἴδιον ==ἔχει== χάρισμα ἐκ θεοῦ ὁ μὲν οὕτως ⸁ὁ δὲ οὕτως	function follows connector inventory; coordinating connector between finite clauses; source and target clauses available
1corintios	7	8	C1	λέγω	root-parent			0		unresolved-root	==λέγω==	no ownership relationship resolved
1corintios	7	8	C2	μείνωσιν	leaf	C1	coordinate	1	medium	suggested	δὲ τοῖς ἀγάμοις καὶ ταῖς χήραις καλὸν αὐτοῖς ἐὰν ==μείνωσιν== ὡς κἀγώ	function follows connector inventory; coordinating connector between finite clauses; source and target clauses available
1corintios	7	9	C1	ἐγκρατεύονται	root-or-unresolved			0		unresolved-root	εἰ δὲ οὐκ ==ἐγκρατεύονται==	no ownership relationship resolved
1corintios	7	9	C2	γαμησάτωσαν	root-parent			0		unresolved-root	==γαμησάτωσαν==	no ownership relationship resolved
1corintios	7	9	C3	ἐστιν	leaf	C2	subordinate	1	medium	suggested	κρεῖττον γάρ ==ἐστιν== γαμῆσαι ἢ πυροῦσθαι	function follows connector inventory; coordinating connector between finite clauses; source and target clauses available
1corintios	7	10	C1	παραγγέλλω	root-or-unresolved			0		unresolved-root	τοῖς δὲ γεγαμηκόσιν ==παραγγέλλω== οὐκ ἐγὼ ἀλλὰ ὁ κύριος γυναῖκα ἀπὸ ἀνδρὸς μὴ χωρισθῆναι—	no ownership relationship resolved
1corintios	7	11	C1	χωρισθῇ	root-or-unresolved			0		unresolved-root	ἐὰν δὲ καὶ ==χωρισθῇ==	no ownership relationship resolved
1corintios	7	11	C2	μενέτω	root-parent			0		unresolved-root	==μενέτω==	no ownership relationship resolved
1corintios	7	11	C3	καταλλαγήτω—	leaf	C2	coordinate	1	medium	suggested	ἄγαμος ἢ τῷ ἀνδρὶ ==καταλλαγήτω—== καὶ ἄνδρα γυναῖκα μὴ ἀφιέναι	context-sensitive function; keep as suggested; coordinating connector between finite clauses; source and target clauses available
1corintios	7	12	C1	λέγω	root-parent			0		unresolved-root	Τοῖς δὲ λοιποῖς ==λέγω==	no ownership relationship resolved
1corintios	7	12	C2	ἔχει	internal-node	C1	subordinate	1	medium	suggested	ἐγώ οὐχ ὁ κύριος εἴ τις ἀδελφὸς γυναῖκα ==ἔχει==	function follows connector inventory; subordinating connector before/near target finite clause; source and target clauses available
1corintios	7	12	C3	συνευδοκεῖ	leaf	C2	coordinate	2	medium	suggested	ἄπιστον καὶ αὕτη ==συνευδοκεῖ==	function follows connector inventory; coordinating connector between finite clauses; source and target clauses available
1corintios	7	12	C4	ἀφιέτω	root-or-unresolved			0		unresolved-root	οἰκεῖν μετʼ αὐτοῦ μὴ ==ἀφιέτω== αὐτήν	no ownership relationship resolved
1corintios	7	13	C1	ἔχει	root-parent			0		unresolved-root	καὶ γυνὴ εἴ τις ==ἔχει==	no ownership relationship resolved
1corintios	7	13	C2	συνευδοκεῖ	leaf	C1	coordinate	1	medium	suggested	ἄνδρα ἄπιστον καὶ οὗτος ==συνευδοκεῖ==	function follows connector inventory; coordinating connector between finite clauses; source and target clauses available
1corintios	7	13	C3	ἀφιέτω	root-or-unresolved			0		unresolved-root	οἰκεῖν μετʼ αὐτῆς μὴ ==ἀφιέτω== τὸν ἄνδρα	no ownership relationship resolved
1corintios	7	14	C1	ἡγίασται	root-parent			0		unresolved-root	==ἡγίασται==	no ownership relationship resolved
1corintios	7	14	C2	ἡγίασται	internal-node	C1	subordinate	1	medium	suggested	γὰρ ὁ ἀνὴρ ὁ ἄπιστος ἐν τῇ γυναικί καὶ ==ἡγίασται==	function follows connector inventory; coordinating connector between finite clauses; source and target clauses available
1corintios	7	14	C3	ἐστιν	internal-node	C2	subordinate	2	medium	suggested	ἡ γυνὴ ἡ ἄπιστος ἐν τῷ ἀδελφῷ ἐπεὶ ἄρα τὰ τέκνα ὑμῶν ἀκάθαρτά ==ἐστιν==	context-sensitive function; keep as suggested; subordinating connector before/near target finite clause; source and target clauses available
1corintios	7	14	C4	ἐστιν	leaf	C3	coordinate	3	medium	suggested	νῦν δὲ ἅγιά ==ἐστιν==	function follows connector inventory; coordinating connector between finite clauses; source and target clauses available
1corintios	7	15	C1	χωρίζεται	root-or-unresolved			0		unresolved-root	εἰ δὲ ὁ ἄπιστος ==χωρίζεται==	no ownership relationship resolved
1corintios	7	15	C2	χωριζέσθω	root-or-unresolved			0		unresolved-root	==χωριζέσθω==	no ownership relationship resolved
1corintios	7	15	C3	δεδούλωται	root-parent			0		unresolved-root	οὐ ==δεδούλωται==	no ownership relationship resolved
1corintios	7	15	C4	κέκληκεν	leaf	C3	coordinate	1	medium	suggested	ὁ ἀδελφὸς ἢ ἡ ἀδελφὴ ἐν τοῖς τοιούτοις ἐν δὲ εἰρήνῃ ==κέκληκεν== ἡμᾶς ὁ θεός	context-sensitive function; keep as suggested; coordinating connector between finite clauses; source and target clauses available
1corintios	7	16	C1	οἶδας	root-parent			0		unresolved-root	τί γὰρ ==οἶδας==	no ownership relationship resolved
1corintios	7	16	C2	σώσεις	internal-node	C1	subordinate	1	medium	suggested	γύναι εἰ τὸν ἄνδρα ==σώσεις==	function follows connector inventory; subordinating connector before/near target finite clause; source and target clauses available
1corintios	7	16	C3	οἶδας	internal-node	C2	coordinate	2	medium	suggested	ἢ τί ==οἶδας==	context-sensitive function; keep as suggested; coordinating connector between finite clauses; source and target clauses available
1corintios	7	16	C4	σώσεις	leaf	C3	subordinate	3	medium	suggested	ἄνερ εἰ τὴν γυναῖκα ==σώσεις==	function follows connector inventory; subordinating connector before/near target finite clause; source and target clauses available
1corintios	7	17	C1	ἐμέρισεν	root-parent			0		unresolved-root	εἰ μὴ ἑκάστῳ ὡς ==ἐμέρισεν==	no ownership relationship resolved
1corintios	7	17	C2	κέκληκεν	leaf	C1	subordinate	1	medium	suggested	ὁ κύριος ἕκαστον ὡς ==κέκληκεν==	context-sensitive function; keep as suggested; subordinating connector before/near target finite clause; source and target clauses available
1corintios	7	17	C3	περιπατείτω	root-parent			0		unresolved-root	ὁ θεός οὕτως ==περιπατείτω==	no ownership relationship resolved
1corintios	7	17	C4	διατάσσομαι	leaf	C3	coordinate	1	medium	suggested	καὶ οὕτως ἐν ταῖς ἐκκλησίαις πάσαις ==διατάσσομαι==	function follows connector inventory; coordinating connector between finite clauses; source and target clauses available
1corintios	7	18	C1	ἐκλήθη;	root-or-unresolved			0		unresolved-root	περιτετμημένος τις ==ἐκλήθη;==	no ownership relationship resolved
1corintios	7	18	C2	ἐπισπάσθω	root-or-unresolved			0		unresolved-root	μὴ ==ἐπισπάσθω==	no ownership relationship resolved
1corintios	7	18	C3	κέκληταί	root-or-unresolved			0		unresolved-root	ἐν ἀκροβυστίᾳ ==κέκληταί==	no ownership relationship resolved
1corintios	7	18	C4	περιτεμνέσθω	root-or-unresolved			0		unresolved-root	τις; μὴ ==περιτεμνέσθω==	no ownership relationship resolved
1corintios	7	19	C1	ἐστιν	root-parent			0		unresolved-root	ἡ περιτομὴ οὐδέν ==ἐστιν==	no ownership relationship resolved
1corintios	7	19	C2	ἐστιν	leaf	C1	coordinate	1	medium	suggested	καὶ ἡ ἀκροβυστία οὐδέν ==ἐστιν== ἀλλὰ τήρησις ἐντολῶν θεοῦ	function follows connector inventory; coordinating connector between finite clauses; source and target clauses available
1corintios	7	20	C1	ἐκλήθη	root-or-unresolved			0		unresolved-root	ἕκαστος ἐν τῇ κλήσει ᾗ ==ἐκλήθη==	no ownership relationship resolved
1corintios	7	20	C2	μενέτω	root-or-unresolved			0		unresolved-root	ἐν ταύτῃ ==μενέτω==	no ownership relationship resolved
1corintios	7	21	C1	ἐκλήθης;	root-or-unresolved			0		unresolved-root	δοῦλος ==ἐκλήθης;==	no ownership relationship resolved
1corintios	7	21	C2	μελέτω	root-parent			0		unresolved-root	μή σοι ==μελέτω==	no ownership relationship resolved
1corintios	7	21	C3	δύνασαι	leaf	C2	coordinate	1	medium	suggested	ἀλλʼ εἰ καὶ ==δύνασαι==	function follows connector inventory; coordinating connector between finite clauses; source and target clauses available
1corintios	7	21	C4	χρῆσαι	root-or-unresolved			0		unresolved-root	ἐλεύθερος γενέσθαι μᾶλλον ==χρῆσαι==	no ownership relationship resolved
1corintios	7	22	C1	ἐστίν	root-or-unresolved			0		unresolved-root	ὁ γὰρ ἐν κυρίῳ κληθεὶς δοῦλος ἀπελεύθερος κυρίου ==ἐστίν==	no ownership relationship resolved
1corintios	7	22	C2	ἐστιν	root-or-unresolved			0		unresolved-root	ὁμοίως ὁ ἐλεύθερος κληθεὶς δοῦλός ==ἐστιν== Χριστοῦ	no ownership relationship resolved
1corintios	7	23	C1	ἠγοράσθητε	root-or-unresolved			0		unresolved-root	τιμῆς ==ἠγοράσθητε==	no ownership relationship resolved
1corintios	7	23	C2	γίνεσθε	root-or-unresolved			0		unresolved-root	μὴ ==γίνεσθε== δοῦλοι ἀνθρώπων	no ownership relationship resolved
1corintios	7	24	C1	ἐκλήθη	root-or-unresolved			0		unresolved-root	ἕκαστος ἐν ᾧ ==ἐκλήθη==	no ownership relationship resolved
1corintios	7	24	C2	μενέτω	root-or-unresolved			0		unresolved-root	ἀδελφοί ἐν τούτῳ ==μενέτω== παρὰ θεῷ	no ownership relationship resolved
1corintios	7	25	C1	ἔχω	root-parent			0		unresolved-root	περὶ δὲ τῶν παρθένων ἐπιταγὴν κυρίου οὐκ ==ἔχω==	no ownership relationship resolved
1corintios	7	25	C2	δίδωμι	leaf	C1	coordinate	1	medium	suggested	γνώμην δὲ ==δίδωμι== ὡς ἠλεημένος ὑπὸ κυρίου πιστὸς εἶναι	function follows connector inventory; coordinating connector between finite clauses; source and target clauses available
1corintios	7	26	C1	νομίζω	root-or-unresolved			0		unresolved-root	==νομίζω== οὖν τοῦτο καλὸν ὑπάρχειν διὰ τὴν ἐνεστῶσαν ἀνάγκην ὅτι καλὸν ἀνθρώπῳ τὸ οὕτως εἶναι	no ownership relationship resolved
1corintios	7	27	C1	δέδεσαι	root-or-unresolved			0		unresolved-root	==δέδεσαι==	no ownership relationship resolved
1corintios	7	27	C2	ζήτει	root-or-unresolved			0		unresolved-root	γυναικί; μὴ ==ζήτει==	no ownership relationship resolved
1corintios	7	27	C3	λέλυσαι	root-or-unresolved			0		unresolved-root	λύσιν ==λέλυσαι==	no ownership relationship resolved
1corintios	7	27	C4	ζήτει	root-or-unresolved			0		unresolved-root	ἀπὸ γυναικός; μὴ ==ζήτει== γυναῖκα	no ownership relationship resolved
1corintios	7	28	C1	γαμήσῃς	root-or-unresolved			0		unresolved-root	ἐὰν δὲ καὶ ==γαμήσῃς==	no ownership relationship resolved
1corintios	7	28	C2	ἥμαρτες	root-parent			0		unresolved-root	οὐχ ==ἥμαρτες==	no ownership relationship resolved
1corintios	7	28	C3	γήμῃ	leaf	C2	coordinate	1	medium	suggested	καὶ ἐὰν ==γήμῃ==	function follows connector inventory; coordinating connector between finite clauses; source and target clauses available
1corintios	7	28	C4	ἥμαρτεν	root-parent			0		unresolved-root	ἡ παρθένος οὐχ ==ἥμαρτεν==	no ownership relationship resolved
1corintios	7	28	C5	ἕξουσιν	internal-node	C4	coordinate	1	medium	suggested	θλῖψιν δὲ τῇ σαρκὶ ==ἕξουσιν==	function follows connector inventory; coordinating connector between finite clauses; source and target clauses available
1corintios	7	28	C6	φείδομαι	leaf	C5	coordinate	2	medium	suggested	οἱ τοιοῦτοι ἐγὼ δὲ ὑμῶν ==φείδομαι==	function follows connector inventory; coordinating connector between finite clauses; source and target clauses available
1corintios	7	29	C1	φημι	root-or-unresolved			0		unresolved-root	τοῦτο δέ ==φημι==	no ownership relationship resolved
1corintios	7	29	C2	ἐστίν	root-parent			0		unresolved-root	ἀδελφοί ὁ καιρὸς συνεσταλμένος ==ἐστίν==	no ownership relationship resolved
1corintios	7	29	C3	ὦσιν	leaf	C2	subordinate	1	medium	suggested	τὸ λοιπὸν ἵνα καὶ οἱ ἔχοντες γυναῖκας ὡς μὴ ἔχοντες ==ὦσιν==	context-sensitive function; keep as suggested; subordinating connector before/near target finite clause; source and target clauses available
1corintios	7	31	C1	παράγει	root-or-unresolved			0		unresolved-root	καὶ οἱ χρώμενοι τὸν κόσμον ὡς μὴ καταχρώμενοι ==παράγει== γὰρ τὸ σχῆμα τοῦ κόσμου τούτου	no ownership relationship resolved
1corintios	7	32	C1	θέλω	root-parent			0		unresolved-root	==θέλω==	no ownership relationship resolved
1corintios	7	32	C2	μεριμνᾷ	leaf	C1	coordinate	1	medium	suggested	δὲ ὑμᾶς ἀμερίμνους εἶναι ὁ ἄγαμος ==μεριμνᾷ==	function follows connector inventory; coordinating connector between finite clauses; source and target clauses available
1corintios	7	32	C3	ἀρέσῃ	root-or-unresolved			0		unresolved-root	τὰ τοῦ κυρίου πῶς ==ἀρέσῃ== τῷ κυρίῳ	no ownership relationship resolved
1corintios	7	33	C1	μεριμνᾷ	root-or-unresolved			0		unresolved-root	ὁ δὲ γαμήσας ==μεριμνᾷ==	no ownership relationship resolved
1corintios	7	33	C2	ἀρέσῃ	root-or-unresolved			0		unresolved-root	τὰ τοῦ κόσμου πῶς ==ἀρέσῃ== τῇ γυναικί	no ownership relationship resolved
1corintios	7	34	C1	μεμέρισται	root-parent			0		unresolved-root	καὶ ==μεμέρισται==	no ownership relationship resolved
1corintios	7	34	C2	μεριμνᾷ	internal-node	C1	coordinate	1	medium	suggested	καὶ ἡ γυνὴ ἡ ἄγαμος καὶ ἡ παρθένος ==μεριμνᾷ==	function follows connector inventory; coordinating connector between finite clauses; source and target clauses available
1corintios	7	34	C3	ᾖ	internal-node	C2	subordinate	2	medium	suggested	τὰ τοῦ κυρίου ἵνα ==ᾖ==	context-sensitive function; keep as suggested; subordinating connector before/near target finite clause; source and target clauses available
1corintios	7	34	C4	μεριμνᾷ	leaf	C3	coordinate	3	medium	suggested	ἁγία καὶ τῷ σώματι καὶ ⸁τῷ πνεύματι ἡ δὲ γαμήσασα ==μεριμνᾷ==	function follows connector inventory; coordinating connector between finite clauses; source and target clauses available
1corintios	7	34	C5	ἀρέσῃ	root-or-unresolved			0		unresolved-root	τὰ τοῦ κόσμου πῶς ==ἀρέσῃ== τῷ ἀνδρί	no ownership relationship resolved
1corintios	7	35	C1	λέγω	root-parent			0		unresolved-root	τοῦτο δὲ πρὸς τὸ ὑμῶν αὐτῶν σύμφορον ==λέγω==	no ownership relationship resolved
1corintios	7	35	C2	ἐπιβάλω	leaf	C1	subordinate	1	medium	suggested	οὐχ ἵνα βρόχον ὑμῖν ==ἐπιβάλω== ἀλλὰ πρὸς τὸ εὔσχημον καὶ εὐπάρεδρον τῷ κυρίῳ ἀπερισπάστως	context-sensitive function; keep as suggested; subordinating connector before/near target finite clause; source and target clauses available
1corintios	7	36	C1	νομίζει	root-parent			0		unresolved-root	εἰ δέ τις ἀσχημονεῖν ἐπὶ τὴν παρθένον αὐτοῦ ==νομίζει==	no ownership relationship resolved
1corintios	7	36	C2	ᾖ	internal-node	C1	subordinate	1	medium	suggested	ἐὰν ==ᾖ==	function follows connector inventory; subordinating connector before/near target finite clause; source and target clauses available
1corintios	7	36	C3	ὀφείλει	leaf	C2	coordinate	2	medium	suggested	ὑπέρακμος καὶ οὕτως ==ὀφείλει==	function follows connector inventory; coordinating connector between finite clauses; source and target clauses available
1corintios	7	36	C4	θέλει	root-or-unresolved			0		unresolved-root	γίνεσθαι ὃ ==θέλει==	no ownership relationship resolved
1corintios	7	36	C5	ποιείτω	root-or-unresolved			0		unresolved-root	==ποιείτω==	no ownership relationship resolved
1corintios	7	36	C6	ἁμαρτάνει	root-or-unresolved			0		unresolved-root	οὐχ ==ἁμαρτάνει==	no ownership relationship resolved
1corintios	7	36	C7	γαμείτωσαν	root-or-unresolved			0		unresolved-root	==γαμείτωσαν==	no ownership relationship resolved
1corintios	7	37	C1	ἕστηκεν	root-parent			0		unresolved-root	ὃς δὲ ==ἕστηκεν==	no ownership relationship resolved
1corintios	7	37	C2	ἔχει	internal-node	C1	coordinate	1	medium	suggested	ἐν τῇ καρδίᾳ αὐτοῦ ἑδραῖος μὴ ἔχων ἀνάγκην ἐξουσίαν δὲ ==ἔχει==	function follows connector inventory; coordinating connector between finite clauses; source and target clauses available
1corintios	7	37	C3	κέκρικεν	leaf	C2	coordinate	2	medium	suggested	περὶ τοῦ ἰδίου θελήματος καὶ τοῦτο ==κέκρικεν==	function follows connector inventory; coordinating connector between finite clauses; source and target clauses available
1corintios	7	37	C4	ποιήσει	root-or-unresolved			0		unresolved-root	ἐν τῇ ἰδίᾳ καρδίᾳ τηρεῖν τὴν ἑαυτοῦ παρθένον καλῶς ==ποιήσει==	no ownership relationship resolved
1corintios	7	38	C1	ποιεῖ	root-parent			0		unresolved-root	ὥστε καὶ ὁ γαμίζων τὴν παρθένον ἑαυτοῦ καλῶς ==ποιεῖ==	no ownership relationship resolved
1corintios	7	38	C2	ποιήσει	leaf	C1	coordinate	1	medium	suggested	καὶ ὁ μὴ ⸁γαμίζων κρεῖσσον ==ποιήσει==	function follows connector inventory; coordinating connector between finite clauses; source and target clauses available
1corintios	7	39	C1	δέδεται	root-or-unresolved			0		unresolved-root	γυνὴ ==δέδεται==	no ownership relationship resolved
1corintios	7	39	C2	ζῇ	root-parent			0		unresolved-root	ἐφʼ ὅσον χρόνον ==ζῇ==	no ownership relationship resolved
1corintios	7	39	C3	κοιμηθῇ	leaf	C2	subordinate	1	medium	suggested	ὁ ἀνὴρ αὐτῆς ἐὰν δὲ ==κοιμηθῇ==	function follows connector inventory; subordinating connector before/near target finite clause; source and target clauses available
1corintios	7	39	C4	ἐστὶν	root-or-unresolved			0		unresolved-root	ὁ ἀνήρ ἐλευθέρα ==ἐστὶν==	no ownership relationship resolved
1corintios	7	39	C5	θέλει	root-or-unresolved			0		unresolved-root	ᾧ ==θέλει== γαμηθῆναι μόνον ἐν κυρίῳ	no ownership relationship resolved
1corintios	7	40	C1	ἐστιν	root-parent			0		unresolved-root	μακαριωτέρα δέ ==ἐστιν==	no ownership relationship resolved
1corintios	7	40	C2	μείνῃ	leaf	C1	subordinate	1	medium	suggested	ἐὰν οὕτως ==μείνῃ==	function follows connector inventory; subordinating connector before/near target finite clause; source and target clauses available
1corintios	7	40	C3	δοκῶ	root-or-unresolved			0		unresolved-root	κατὰ τὴν ἐμὴν γνώμην ==δοκῶ== δὲ κἀγὼ πνεῦμα θεοῦ ἔχειν	no ownership relationship resolved
1corintios	8	1	C1	οἴδαμεν	root-parent			0		unresolved-root	περὶ δὲ τῶν εἰδωλοθύτων ==οἴδαμεν==	no ownership relationship resolved
1corintios	8	1	C2	ἔχομεν	leaf	C1	subordinate	1	medium	suggested	ὅτι πάντες γνῶσιν ==ἔχομεν==	context-sensitive function; keep as suggested; subordinating connector before/near target finite clause; source and target clauses available
1corintios	8	1	C3	φυσιοῖ	root-parent			0		unresolved-root	ἡ γνῶσις ==φυσιοῖ==	no ownership relationship resolved
1corintios	8	1	C4	οἰκοδομεῖ	leaf	C3	coordinate	1	medium	suggested	ἡ δὲ ἀγάπη ==οἰκοδομεῖ==	function follows connector inventory; coordinating connector between finite clauses; source and target clauses available
1corintios	8	2	C1	δοκεῖ	root-or-unresolved			0		unresolved-root	εἴ τις ==δοκεῖ==	no ownership relationship resolved
1corintios	8	2	C2	ἔγνω	root-parent			0		unresolved-root	ἐγνωκέναι τι οὔπω ==ἔγνω==	no ownership relationship resolved
1corintios	8	2	C3	δεῖ	leaf	C2	subordinate	1	medium	suggested	καθὼς ==δεῖ== γνῶναι	context-sensitive function; keep as suggested; subordinating connector before/near target finite clause; source and target clauses available
1corintios	8	3	C1	ἀγαπᾷ	root-or-unresolved			0		unresolved-root	εἰ δέ τις ==ἀγαπᾷ==	no ownership relationship resolved
1corintios	8	3	C2	ἔγνωσται	root-or-unresolved			0		unresolved-root	τὸν θεόν οὗτος ==ἔγνωσται== ὑπʼ αὐτοῦ	no ownership relationship resolved
1corintios	8	4	C1	οἴδαμεν	root-or-unresolved			0		unresolved-root	περὶ τῆς βρώσεως οὖν τῶν εἰδωλοθύτων ==οἴδαμεν== ὅτι οὐδὲν εἴδωλον ἐν κόσμῳ καὶ ὅτι οὐδεὶς θεὸς εἰ μὴ εἷς	no ownership relationship resolved
1corintios	8	5	C1	εἰσὶν	root-parent			0		unresolved-root	καὶ γὰρ εἴπερ ==εἰσὶν==	no ownership relationship resolved
1corintios	8	5	C2	εἰσὶν	leaf	C1	coordinate	1	medium	suggested	λεγόμενοι θεοὶ εἴτε ἐν οὐρανῷ εἴτε ἐπὶ γῆς ὥσπερ ==εἰσὶν== θεοὶ πολλοὶ καὶ κύριοι πολλοί	function follows connector inventory; coordinating connector between finite clauses; source and target clauses available
1corintios	8	7	C1	ἐσθίουσιν	root-parent			0		unresolved-root	ἀλλʼ οὐκ ἐν πᾶσιν ἡ γνῶσις τινὲς δὲ τῇ συνηθείᾳ ἕως ἄρτι τοῦ εἰδώλου ὡς εἰδωλόθυτον ==ἐσθίουσιν==	no ownership relationship resolved
1corintios	8	7	C2	μολύνεται	leaf	C1	coordinate	1	medium	suggested	καὶ ἡ συνείδησις αὐτῶν ἀσθενὴς οὖσα ==μολύνεται==	function follows connector inventory; coordinating connector between finite clauses; source and target clauses available
1corintios	8	8	C1	παραστήσει	root-parent			0		unresolved-root	βρῶμα δὲ ἡμᾶς οὐ ==παραστήσει==	no ownership relationship resolved
1corintios	8	8	C2	φάγωμεν	leaf	C1	coordinate	1	medium	suggested	τῷ θεῷ οὔτε γὰρ ἐὰν ==φάγωμεν==	function follows connector inventory; coordinating connector between finite clauses; source and target clauses available
1corintios	8	8	C3	περισσεύομεν	root-parent			0		unresolved-root	==περισσεύομεν==	no ownership relationship resolved
1corintios	8	8	C4	φάγωμεν	leaf	C3	coordinate	1	medium	suggested	οὔτε ἐὰν μὴ ==φάγωμεν==	function follows connector inventory; coordinating connector between finite clauses; source and target clauses available
1corintios	8	8	C5	ὑστερούμεθα	root-or-unresolved			0		unresolved-root	==ὑστερούμεθα==	no ownership relationship resolved
1corintios	8	9	C1	βλέπετε	root-parent			0		unresolved-root	==βλέπετε==	no ownership relationship resolved
1corintios	8	9	C2	γένηται	leaf	C1	coordinate	1	medium	suggested	δὲ μή πως ἡ ἐξουσία ὑμῶν αὕτη πρόσκομμα ==γένηται== τοῖς ἀσθενέσιν	function follows connector inventory; coordinating connector between finite clauses; source and target clauses available
1corintios	8	10	C1	ἴδῃ	root-or-unresolved			0		unresolved-root	ἐὰν γάρ τις ==ἴδῃ==	no ownership relationship resolved
1corintios	8	10	C2	οἰκοδομηθήσεται	root-or-unresolved			0		unresolved-root	σὲ τὸν ἔχοντα γνῶσιν ἐν εἰδωλείῳ κατακείμενον οὐχὶ ἡ συνείδησις αὐτοῦ ἀσθενοῦς ὄντος ==οἰκοδομηθήσεται== εἰς τὸ τὰ εἰδωλόθυτα ἐσθίειν	no ownership relationship resolved
1corintios	8	11	C1	ἀπόλλυται	root-parent			0		unresolved-root	==ἀπόλλυται==	no ownership relationship resolved
1corintios	8	11	C2	ἀπέθανεν	leaf	C1	subordinate	1	medium	suggested	γὰρ ὁ ἀσθενῶν ἐν τῇ σῇ γνώσει ὁ ἀδελφὸς διʼ ὃν χριστὸς ==ἀπέθανεν==	function follows connector inventory; coordinating connector between finite clauses; source and target clauses available
1corintios	8	12	C1	ἁμαρτάνετε	root-or-unresolved			0		unresolved-root	οὕτως δὲ ἁμαρτάνοντες εἰς τοὺς ἀδελφοὺς καὶ τύπτοντες αὐτῶν τὴν συνείδησιν ἀσθενοῦσαν εἰς χριστὸν ==ἁμαρτάνετε==	no ownership relationship resolved
1corintios	8	13	C1	σκανδαλίζει	root-or-unresolved			0		unresolved-root	διόπερ εἰ βρῶμα ==σκανδαλίζει==	no ownership relationship resolved
1corintios	8	13	C2	φάγω	root-parent			0		unresolved-root	τὸν ἀδελφόν μου οὐ μὴ ==φάγω==	no ownership relationship resolved
1corintios	8	13	C3	σκανδαλίσω	leaf	C2	subordinate	1	medium	suggested	κρέα εἰς τὸν αἰῶνα ἵνα μὴ τὸν ἀδελφόν μου ==σκανδαλίσω==	context-sensitive function; keep as suggested; subordinating connector before/near target finite clause; source and target clauses available
1corintios	9	1	C1	εἰμὶ	root-or-unresolved			0		unresolved-root	οὐκ ==εἰμὶ==	no ownership relationship resolved
1corintios	9	1	C2	εἰμὶ	root-or-unresolved			0		unresolved-root	ἐλεύθερος οὐκ ==εἰμὶ==	no ownership relationship resolved
1corintios	9	1	C3	ἑόρακα	root-or-unresolved			0		unresolved-root	ἀπόστολος οὐχὶ ἰησοῦν τὸν κύριον ἡμῶν ==ἑόρακα==	no ownership relationship resolved
1corintios	9	1	C4	ἐστε	root-or-unresolved			0		unresolved-root	οὐ τὸ ἔργον μου ὑμεῖς ==ἐστε== ἐν κυρίῳ	no ownership relationship resolved
1corintios	9	2	C1	εἰμὶ	root-parent			0		unresolved-root	εἰ ἄλλοις οὐκ ==εἰμὶ==	no ownership relationship resolved
1corintios	9	2	C2	εἰμι	internal-node	C1	coordinate	1	medium	suggested	ἀπόστολος ἀλλά γε ὑμῖν ==εἰμι==	function follows connector inventory; coordinating connector between finite clauses; source and target clauses available
1corintios	9	2	C3	ἐστε	leaf	C2	subordinate	2	medium	suggested	ἡ γὰρ σφραγίς μου τῆς ἀποστολῆς ὑμεῖς ==ἐστε== ἐν κυρίῳ	function follows connector inventory; coordinating connector between finite clauses; source and target clauses available
1corintios	9	3	C1	ἐστιν	root-or-unresolved			0		unresolved-root	ἡ ἐμὴ ἀπολογία τοῖς ἐμὲ ἀνακρίνουσίν ==ἐστιν== αὕτη	no ownership relationship resolved
1corintios	9	4	C1	ἔχομεν	root-or-unresolved			0		unresolved-root	μὴ οὐκ ==ἔχομεν== ἐξουσίαν φαγεῖν καὶ πεῖν	no ownership relationship resolved
1corintios	9	5	C1	ἔχομεν	root-or-unresolved			0		unresolved-root	μὴ οὐκ ==ἔχομεν== ἐξουσίαν ἀδελφὴν γυναῖκα περιάγειν ὡς καὶ οἱ λοιποὶ ἀπόστολοι καὶ οἱ ἀδελφοὶ τοῦ κυρίου καὶ κηφᾶς	no ownership relationship resolved
1corintios	9	6	C1	ἔχομεν	root-or-unresolved			0		unresolved-root	ἢ μόνος ἐγὼ καὶ βαρναβᾶς οὐκ ==ἔχομεν== ἐξουσίαν μὴ ἐργάζεσθαι	no ownership relationship resolved
1corintios	9	7	C1	στρατεύεται	root-or-unresolved			0		unresolved-root	τίς ==στρατεύεται==	no ownership relationship resolved
1corintios	9	7	C2	φυτεύει	root-parent			0		unresolved-root	ἰδίοις ὀψωνίοις ποτέ τίς ==φυτεύει==	no ownership relationship resolved
1corintios	9	7	C3	ἐσθίει	leaf	C2	coordinate	1	medium	suggested	ἀμπελῶνα καὶ τὸν καρπὸν αὐτοῦ οὐκ ==ἐσθίει==	function follows connector inventory; coordinating connector between finite clauses; source and target clauses available
1corintios	9	7	C4	ποιμαίνει	root-parent			0		unresolved-root	τίς ==ποιμαίνει==	no ownership relationship resolved
1corintios	9	7	C5	ἐσθίει	leaf	C4	coordinate	1	medium	suggested	ποίμνην καὶ ἐκ τοῦ γάλακτος τῆς ποίμνης οὐκ ==ἐσθίει==	function follows connector inventory; coordinating connector between finite clauses; source and target clauses available
1corintios	9	8	C1	λαλῶ	root-parent			0		unresolved-root	μὴ κατὰ ἄνθρωπον ταῦτα ==λαλῶ==	no ownership relationship resolved
1corintios	9	8	C2	λέγει	leaf	C1	coordinate	1	medium	suggested	ἢ καὶ ὁ νόμος ταῦτα οὐ ==λέγει==	context-sensitive function; keep as suggested; coordinating connector between finite clauses; source and target clauses available
1corintios	9	9	C1	γέγραπται	root-or-unresolved			0		unresolved-root	ἐν γὰρ τῷ μωϋσέως νόμῳ ==γέγραπται==	no ownership relationship resolved
1corintios	9	9	C2	κημώσεις	root-or-unresolved			0		unresolved-root	οὐ ==κημώσεις==	no ownership relationship resolved
1corintios	9	9	C3	μέλει	root-or-unresolved			0		unresolved-root	βοῦν ἀλοῶντα μὴ τῶν βοῶν ==μέλει== τῷ θεῷ	no ownership relationship resolved
1corintios	9	10	C1	λέγει	root-parent			0		unresolved-root	ἢ διʼ ἡμᾶς πάντως ==λέγει==	no ownership relationship resolved
1corintios	9	10	C2	ἐγράφη	internal-node	C1	subordinate	1	medium	suggested	διʼ ἡμᾶς γὰρ ==ἐγράφη==	function follows connector inventory; coordinating connector between finite clauses; source and target clauses available
1corintios	9	10	C3	ὀφείλει	leaf	C2	subordinate	2	medium	suggested	ὅτι ==ὀφείλει== ἐπʼ ἐλπίδι ὁ ἀροτριῶν ἀροτριᾶν καὶ ὁ ἀλοῶν ἐπʼ ἐλπίδι τοῦ μετέχειν	context-sensitive function; keep as suggested; subordinating connector before/near target finite clause; source and target clauses available
1corintios	9	11	C1	ἐσπείραμεν	root-parent			0		unresolved-root	εἰ ἡμεῖς ὑμῖν τὰ πνευματικὰ ==ἐσπείραμεν==	no ownership relationship resolved
1corintios	9	11	C2	θερίσομεν	leaf	C1	subordinate	1	medium	suggested	μέγα εἰ ἡμεῖς ὑμῶν τὰ σαρκικὰ ==θερίσομεν==	function follows connector inventory; subordinating connector before/near target finite clause; source and target clauses available
1corintios	9	12	C1	μετέχουσιν	root-parent			0		unresolved-root	εἰ ἄλλοι τῆς ὑμῶν ἐξουσίας ==μετέχουσιν==	no ownership relationship resolved
1corintios	9	12	C2	ἐχρησάμεθα	internal-node	C1	coordinate	1	medium	suggested	οὐ μᾶλλον ἡμεῖς ἀλλʼ οὐκ ==ἐχρησάμεθα==	function follows connector inventory; coordinating connector between finite clauses; source and target clauses available
1corintios	9	12	C3	στέγομεν	internal-node	C2	coordinate	2	medium	suggested	τῇ ἐξουσίᾳ ταύτῃ ἀλλὰ πάντα ==στέγομεν==	function follows connector inventory; coordinating connector between finite clauses; source and target clauses available
1corintios	9	12	C4	δῶμεν	leaf	C3	subordinate	3	medium	suggested	ἵνα μή τινα ἐγκοπὴν ==δῶμεν== τῷ εὐαγγελίῳ τοῦ χριστοῦ	context-sensitive function; keep as suggested; subordinating connector before/near target finite clause; source and target clauses available
1corintios	9	13	C1	οἴδατε	root-parent			0		unresolved-root	οὐκ ==οἴδατε==	no ownership relationship resolved
1corintios	9	13	C2	ἐσθίουσιν	leaf	C1	subordinate	1	medium	suggested	ὅτι οἱ τὰ ἱερὰ ἐργαζόμενοι τὰ ἐκ τοῦ ἱεροῦ ==ἐσθίουσιν==	context-sensitive function; keep as suggested; subordinating connector before/near target finite clause; source and target clauses available
1corintios	9	13	C3	συμμερίζονται	root-or-unresolved			0		unresolved-root	οἱ τῷ θυσιαστηρίῳ παρεδρεύοντες τῷ θυσιαστηρίῳ ==συμμερίζονται==	no ownership relationship resolved
1corintios	9	14	C1	διέταξεν	root-or-unresolved			0		unresolved-root	οὕτως καὶ ὁ κύριος ==διέταξεν== τοῖς τὸ εὐαγγέλιον καταγγέλλουσιν ἐκ τοῦ εὐαγγελίου ζῆν	no ownership relationship resolved
1corintios	9	15	C1	κέχρημαι	root-or-unresolved			0		unresolved-root	ἐγὼ δὲ οὐ ==κέχρημαι==	no ownership relationship resolved
1corintios	9	15	C2	ἔγραψα	root-parent			0		unresolved-root	οὐδενὶ τούτων οὐκ ==ἔγραψα==	no ownership relationship resolved
1corintios	9	15	C3	γένηται	internal-node	C2	coordinate	1	medium	suggested	δὲ ταῦτα ἵνα οὕτως ==γένηται==	function follows connector inventory; coordinating connector between finite clauses; source and target clauses available
1corintios	9	15	C4	κενώσει	leaf	C3	subordinate	2	medium	suggested	ἐν ἐμοί καλὸν γάρ μοι μᾶλλον ἀποθανεῖν ἤ— τὸ καύχημά μου οὐδεὶς ==κενώσει==	function follows connector inventory; coordinating connector between finite clauses; source and target clauses available
1corintios	9	16	C1	εὐαγγελίζωμαι	root-or-unresolved			0		unresolved-root	ἐὰν γὰρ ==εὐαγγελίζωμαι==	no ownership relationship resolved
1corintios	9	16	C2	ἔστιν	root-parent			0		unresolved-root	οὐκ ==ἔστιν==	no ownership relationship resolved
1corintios	9	16	C3	ἐπίκειται	internal-node	C2	subordinate	1	medium	suggested	μοι καύχημα ἀνάγκη γάρ μοι ==ἐπίκειται==	function follows connector inventory; coordinating connector between finite clauses; source and target clauses available
1corintios	9	16	C4	ἐστιν	internal-node	C3	subordinate	2	medium	suggested	οὐαὶ γάρ μοί ==ἐστιν==	function follows connector inventory; coordinating connector between finite clauses; source and target clauses available
1corintios	9	16	C5	εὐαγγελίσωμαι	leaf	C4	subordinate	3	medium	suggested	ἐὰν μὴ ==εὐαγγελίσωμαι==	function follows connector inventory; subordinating connector before/near target finite clause; source and target clauses available
1corintios	9	17	C1	πράσσω	root-or-unresolved			0		unresolved-root	εἰ γὰρ ἑκὼν τοῦτο ==πράσσω==	no ownership relationship resolved
1corintios	9	17	C2	ἔχω	root-parent			0		unresolved-root	μισθὸν ==ἔχω==	no ownership relationship resolved
1corintios	9	17	C3	πεπίστευμαι	leaf	C2	subordinate	1	medium	suggested	εἰ δὲ ἄκων οἰκονομίαν ==πεπίστευμαι==	function follows connector inventory; subordinating connector before/near target finite clause; source and target clauses available
1corintios	9	18	C1	ἐστιν	root-parent			0		unresolved-root	τίς οὖν μού ==ἐστιν==	no ownership relationship resolved
1corintios	9	18	C2	θήσω	leaf	C1	subordinate	1	medium	suggested	ὁ μισθός ἵνα εὐαγγελιζόμενος ἀδάπανον ==θήσω== τὸ εὐαγγέλιον εἰς τὸ μὴ καταχρήσασθαι τῇ ἐξουσίᾳ μου ἐν τῷ εὐαγγελίῳ	context-sensitive function; keep as suggested; subordinating connector before/near target finite clause; source and target clauses available
1corintios	9	19	C1	ἐδούλωσα	root-parent			0		unresolved-root	ἐλεύθερος γὰρ ὢν ἐκ πάντων πᾶσιν ἐμαυτὸν ==ἐδούλωσα==	no ownership relationship resolved
1corintios	9	19	C2	κερδήσω	leaf	C1	subordinate	1	medium	suggested	ἵνα τοὺς πλείονας ==κερδήσω==	context-sensitive function; keep as suggested; subordinating connector before/near target finite clause; source and target clauses available
1corintios	9	20	C1	ἐγενόμην	root-parent			0		unresolved-root	καὶ ==ἐγενόμην==	no ownership relationship resolved
1corintios	9	20	C2	κερδήσω	internal-node	C1	subordinate	1	medium	suggested	τοῖς ἰουδαίοις ὡς ἰουδαῖος ἵνα ἰουδαίους ==κερδήσω==	context-sensitive function; keep as suggested; subordinating connector before/near target finite clause; source and target clauses available
1corintios	9	20	C3	κερδήσω	leaf	C2	subordinate	2	medium	suggested	τοῖς ὑπὸ νόμον ὡς ὑπὸ νόμον μὴ ὢν αὐτὸς ὑπὸ νόμον ἵνα τοὺς ὑπὸ νόμον ==κερδήσω==	context-sensitive function; keep as suggested; subordinating connector before/near target finite clause; source and target clauses available
1corintios	9	21	C1	κερδάνω	root-or-unresolved			0		unresolved-root	τοῖς ἀνόμοις ὡς ἄνομος μὴ ὢν ἄνομος θεοῦ ἀλλʼ ἔννομος χριστοῦ ἵνα ==κερδάνω== τοὺς ἀνόμους	no ownership relationship resolved
1corintios	9	22	C1	ἐγενόμην	root-parent			0		unresolved-root	==ἐγενόμην==	no ownership relationship resolved
1corintios	9	22	C2	κερδήσω	leaf	C1	subordinate	1	medium	suggested	τοῖς ἀσθενέσιν ἀσθενής ἵνα τοὺς ἀσθενεῖς ==κερδήσω==	context-sensitive function; keep as suggested; subordinating connector before/near target finite clause; source and target clauses available
1corintios	9	22	C3	γέγονα	root-parent			0		unresolved-root	τοῖς πᾶσιν ==γέγονα==	no ownership relationship resolved
1corintios	9	22	C4	σώσω	leaf	C3	subordinate	1	medium	suggested	πάντα ἵνα πάντως τινὰς ==σώσω==	context-sensitive function; keep as suggested; subordinating connector before/near target finite clause; source and target clauses available
1corintios	9	23	C1	ποιῶ	root-parent			0		unresolved-root	πάντα δὲ ==ποιῶ==	no ownership relationship resolved
1corintios	9	23	C2	γένωμαι	leaf	C1	subordinate	1	medium	suggested	διὰ τὸ εὐαγγέλιον ἵνα συγκοινωνὸς αὐτοῦ ==γένωμαι==	context-sensitive function; keep as suggested; subordinating connector before/near target finite clause; source and target clauses available
1corintios	9	24	C1	οἴδατε	root-parent			0		unresolved-root	οὐκ ==οἴδατε==	no ownership relationship resolved
1corintios	9	24	C2	τρέχουσιν	internal-node	C1	subordinate	1	medium	suggested	ὅτι οἱ ἐν σταδίῳ τρέχοντες πάντες μὲν ==τρέχουσιν==	context-sensitive function; keep as suggested; subordinating connector before/near target finite clause; source and target clauses available
1corintios	9	24	C3	λαμβάνει	leaf	C2	coordinate	2	medium	suggested	εἷς δὲ ==λαμβάνει==	function follows connector inventory; coordinating connector between finite clauses; source and target clauses available
1corintios	9	24	C4	τρέχετε	root-parent			0		unresolved-root	τὸ βραβεῖον οὕτως ==τρέχετε==	no ownership relationship resolved
1corintios	9	24	C5	καταλάβητε	leaf	C4	subordinate	1	medium	suggested	ἵνα ==καταλάβητε==	context-sensitive function; keep as suggested; subordinating connector before/near target finite clause; source and target clauses available
1corintios	9	25	C1	ἐγκρατεύεται	root-parent			0		unresolved-root	πᾶς δὲ ὁ ἀγωνιζόμενος πάντα ==ἐγκρατεύεται==	no ownership relationship resolved
1corintios	9	25	C2	λάβωσιν	leaf	C1	coordinate	1	medium	suggested	ἐκεῖνοι μὲν οὖν ἵνα φθαρτὸν στέφανον ==λάβωσιν== ἡμεῖς δὲ ἄφθαρτον	function follows connector inventory; coordinating connector between finite clauses; source and target clauses available
1corintios	9	26	C1	τρέχω	root-parent			0		unresolved-root	ἐγὼ τοίνυν οὕτως ==τρέχω==	no ownership relationship resolved
1corintios	9	26	C2	πυκτεύω	leaf	C1	subordinate	1	medium	suggested	ὡς οὐκ ἀδήλως οὕτως ==πυκτεύω== ὡς οὐκ ἀέρα δέρων	context-sensitive function; keep as suggested; subordinating connector before/near target finite clause; source and target clauses available
1corintios	9	27	C1	ὑπωπιάζω	root-parent			0		unresolved-root	ἀλλὰ ==ὑπωπιάζω==	no ownership relationship resolved
1corintios	9	27	C2	δουλαγωγῶ	leaf	C1	coordinate	1	medium	suggested	μου τὸ σῶμα καὶ ==δουλαγωγῶ==	function follows connector inventory; coordinating connector between finite clauses; source and target clauses available
1corintios	9	27	C3	γένωμαι	root-or-unresolved			0		unresolved-root	μή πως ἄλλοις κηρύξας αὐτὸς ἀδόκιμος ==γένωμαι==	no ownership relationship resolved
1corintios	10	1	C1	θέλω	root-parent			0		unresolved-root	οὐ ==θέλω==	no ownership relationship resolved
1corintios	10	1	C2	ἦσαν	internal-node	C1	subordinate	1	medium	suggested	γὰρ ὑμᾶς ἀγνοεῖν ἀδελφοί ὅτι οἱ πατέρες ἡμῶν πάντες ὑπὸ τὴν νεφέλην ==ἦσαν==	function follows connector inventory; coordinating connector between finite clauses; source and target clauses available
1corintios	10	1	C3	διῆλθον	leaf	C2	coordinate	2	medium	suggested	καὶ πάντες διὰ τῆς θαλάσσης ==διῆλθον==	function follows connector inventory; coordinating connector between finite clauses; source and target clauses available
1corintios	10	2	C1	ἐβαπτίσαντο	root-or-unresolved			0		unresolved-root	καὶ πάντες εἰς τὸν μωϋσῆν ==ἐβαπτίσαντο== ἐν τῇ νεφέλῃ καὶ ἐν τῇ θαλάσσῃ	no ownership relationship resolved
1corintios	10	3	C1	ἔφαγον	root-or-unresolved			0		unresolved-root	καὶ πάντες τὸ αὐτὸ πνευματικὸν βρῶμα ==ἔφαγον==	no ownership relationship resolved
1corintios	10	4	C1	ἔπιον	root-or-unresolved			0		unresolved-root	καὶ πάντες τὸ αὐτὸ πνευματικὸν ==ἔπιον==	no ownership relationship resolved
1corintios	10	4	C2	ἔπινον	root-parent			0		unresolved-root	πόμα ==ἔπινον==	no ownership relationship resolved
1corintios	10	4	C3	ἦν	leaf	C2	subordinate	1	medium	suggested	γὰρ ἐκ πνευματικῆς ἀκολουθούσης πέτρας ἡ πέτρα δὲ ==ἦν== ὁ χριστός	function follows connector inventory; coordinating connector between finite clauses; source and target clauses available
1corintios	10	5	C1	ηὐδόκησεν	root-or-unresolved			0		unresolved-root	ἀλλʼ οὐκ ἐν τοῖς πλείοσιν αὐτῶν ==ηὐδόκησεν==	no ownership relationship resolved
1corintios	10	5	C2	κατεστρώθησαν	root-or-unresolved			0		unresolved-root	ὁ θεός ==κατεστρώθησαν== γὰρ ἐν τῇ ἐρήμῳ	no ownership relationship resolved
1corintios	10	6	C1	ἐγενήθησαν	root-parent			0		unresolved-root	ταῦτα δὲ τύποι ἡμῶν ==ἐγενήθησαν==	no ownership relationship resolved
1corintios	10	6	C2	ἐπεθύμησαν	leaf	C1	subordinate	1	medium	suggested	εἰς τὸ μὴ εἶναι ἡμᾶς ἐπιθυμητὰς κακῶν καθὼς κἀκεῖνοι ==ἐπεθύμησαν==	context-sensitive function; keep as suggested; subordinating connector before/near target finite clause; source and target clauses available
1corintios	10	7	C1	γίνεσθε	root-parent			0		unresolved-root	μηδὲ εἰδωλολάτραι ==γίνεσθε==	no ownership relationship resolved
1corintios	10	7	C2	γέγραπται	leaf	C1	subordinate	1	medium	suggested	καθώς τινες αὐτῶν ὥσπερ ==γέγραπται==	context-sensitive function; keep as suggested; subordinating connector before/near target finite clause; source and target clauses available
1corintios	10	7	C3	ἐκάθισεν	root-parent			0		unresolved-root	==ἐκάθισεν==	no ownership relationship resolved
1corintios	10	7	C4	ἀνέστησαν	leaf	C3	coordinate	1	medium	suggested	ὁ λαὸς φαγεῖν καὶ πεῖν καὶ ==ἀνέστησαν== παίζειν	function follows connector inventory; coordinating connector between finite clauses; source and target clauses available
1corintios	10	8	C1	πορνεύωμεν	root-parent			0		unresolved-root	μηδὲ ==πορνεύωμεν==	no ownership relationship resolved
1corintios	10	8	C2	ἐπόρνευσαν	internal-node	C1	subordinate	1	medium	suggested	καθώς τινες αὐτῶν ==ἐπόρνευσαν==	context-sensitive function; keep as suggested; subordinating connector before/near target finite clause; source and target clauses available
1corintios	10	8	C3	ἔπεσαν	leaf	C2	coordinate	2	medium	suggested	καὶ ==ἔπεσαν== μιᾷ ἡμέρᾳ εἴκοσι τρεῖς χιλιάδες	function follows connector inventory; coordinating connector between finite clauses; source and target clauses available
1corintios	10	9	C1	ἐκπειράζωμεν	root-parent			0		unresolved-root	μηδὲ ==ἐκπειράζωμεν==	no ownership relationship resolved
1corintios	10	9	C2	ἐπείρασαν	internal-node	C1	subordinate	1	medium	suggested	τὸν χριστόν καθώς τινες αὐτῶν ==ἐπείρασαν==	context-sensitive function; keep as suggested; subordinating connector before/near target finite clause; source and target clauses available
1corintios	10	9	C3	ἀπώλλυντο	leaf	C2	coordinate	2	medium	suggested	καὶ ὑπὸ τῶν ὄφεων ==ἀπώλλυντο==	function follows connector inventory; coordinating connector between finite clauses; source and target clauses available
1corintios	10	10	C1	γογγύζετε	root-parent			0		unresolved-root	μηδὲ ==γογγύζετε==	no ownership relationship resolved
1corintios	10	10	C2	ἐγόγγυσαν	internal-node	C1	subordinate	1	medium	suggested	καθάπερ τινὲς αὐτῶν ==ἐγόγγυσαν==	context-sensitive function; keep as suggested; subordinating connector before/near target finite clause; source and target clauses available
1corintios	10	10	C3	ἀπώλοντο	leaf	C2	coordinate	2	medium	suggested	καὶ ==ἀπώλοντο== ὑπὸ τοῦ ὀλοθρευτοῦ	function follows connector inventory; coordinating connector between finite clauses; source and target clauses available
1corintios	10	11	C1	συνέβαινεν	root-or-unresolved			0		unresolved-root	ταῦτα δὲ τυπικῶς ==συνέβαινεν==	no ownership relationship resolved
1corintios	10	11	C2	ἐγράφη	root-parent			0		unresolved-root	ἐκείνοις ==ἐγράφη==	no ownership relationship resolved
1corintios	10	11	C3	κατήντηκεν	leaf	C2	coordinate	1	medium	suggested	δὲ πρὸς νουθεσίαν ἡμῶν εἰς οὓς τὰ τέλη τῶν αἰώνων ==κατήντηκεν==	function follows connector inventory; coordinating connector between finite clauses; source and target clauses available
1corintios	10	12	C1	βλεπέτω	root-or-unresolved			0		unresolved-root	ὥστε ὁ δοκῶν ἑστάναι ==βλεπέτω==	no ownership relationship resolved
1corintios	10	12	C2	πέσῃ	root-or-unresolved			0		unresolved-root	μὴ ==πέσῃ==	no ownership relationship resolved
1corintios	10	13	C1	εἴληφεν	root-parent			0		unresolved-root	πειρασμὸς ὑμᾶς οὐκ ==εἴληφεν==	no ownership relationship resolved
1corintios	10	13	C2	ἐάσει	leaf	C1	subordinate	1	medium	suggested	εἰ μὴ ἀνθρώπινος πιστὸς δὲ ὁ θεός ὃς οὐκ ==ἐάσει==	function follows connector inventory; subordinating connector before/near target finite clause; source and target clauses available
1corintios	10	13	C3	δύνασθε	root-parent			0		unresolved-root	ὑμᾶς πειρασθῆναι ὑπὲρ ὃ ==δύνασθε==	no ownership relationship resolved
1corintios	10	13	C4	ποιήσει	leaf	C3	coordinate	1	medium	suggested	ἀλλὰ ==ποιήσει== σὺν τῷ πειρασμῷ καὶ τὴν ἔκβασιν τοῦ δύνασθαι ὑπενεγκεῖν	function follows connector inventory; coordinating connector between finite clauses; source and target clauses available
1corintios	10	14	C1	φεύγετε	root-or-unresolved			0		unresolved-root	διόπερ ἀγαπητοί μου ==φεύγετε== ἀπὸ τῆς εἰδωλολατρίας	no ownership relationship resolved
1corintios	10	15	C1	λέγω	root-or-unresolved			0		unresolved-root	ὡς φρονίμοις ==λέγω==	no ownership relationship resolved
1corintios	10	15	C2	κρίνατε	root-or-unresolved			0		unresolved-root	==κρίνατε==	no ownership relationship resolved
1corintios	10	15	C3	φημι	root-or-unresolved			0		unresolved-root	ὑμεῖς ὅ ==φημι==	no ownership relationship resolved
1corintios	10	16	C1	εὐλογοῦμεν	root-or-unresolved			0		unresolved-root	τὸ ποτήριον τῆς εὐλογίας ὃ ==εὐλογοῦμεν==	no ownership relationship resolved
1corintios	10	16	C2	ἐστὶν	root-or-unresolved			0		unresolved-root	οὐχὶ κοινωνία ==ἐστὶν==	no ownership relationship resolved
1corintios	10	16	C3	κλῶμεν	root-or-unresolved			0		unresolved-root	τοῦ αἵματος τοῦ χριστοῦ τὸν ἄρτον ὃν ==κλῶμεν==	no ownership relationship resolved
1corintios	10	16	C4	ἐστιν	root-or-unresolved			0		unresolved-root	οὐχὶ κοινωνία τοῦ σώματος τοῦ χριστοῦ ==ἐστιν==	no ownership relationship resolved
1corintios	10	17	C1	ἐσμεν	root-parent			0		unresolved-root	ὅτι εἷς ἄρτος ἓν σῶμα οἱ πολλοί ==ἐσμεν==	no ownership relationship resolved
1corintios	10	17	C2	μετέχομεν	leaf	C1	subordinate	1	medium	suggested	οἱ γὰρ πάντες ἐκ τοῦ ἑνὸς ἄρτου ==μετέχομεν==	function follows connector inventory; coordinating connector between finite clauses; source and target clauses available
1corintios	10	18	C1	βλέπετε	root-or-unresolved			0		unresolved-root	==βλέπετε==	no ownership relationship resolved
1corintios	10	18	C2	εἰσίν	root-or-unresolved			0		unresolved-root	τὸν ἰσραὴλ κατὰ σάρκα οὐχ οἱ ἐσθίοντες τὰς θυσίας κοινωνοὶ τοῦ θυσιαστηρίου ==εἰσίν==	no ownership relationship resolved
1corintios	10	19	C1	φημι	root-parent			0		unresolved-root	τί οὖν ==φημι==	no ownership relationship resolved
1corintios	10	19	C2	ἐστιν	internal-node	C1	subordinate	1	medium	suggested	ὅτι εἰδωλόθυτόν τί ==ἐστιν==	context-sensitive function; keep as suggested; subordinating connector before/near target finite clause; source and target clauses available
1corintios	10	19	C3	ἐστιν	leaf	C2	coordinate	2	medium	suggested	ἢ ὅτι εἴδωλόν τί ==ἐστιν==	context-sensitive function; keep as suggested; coordinating connector between finite clauses; source and target clauses available
1corintios	10	20	C1	θύουσιν	root-parent			0		unresolved-root	ἀλλʼ ὅτι ἃ ==θύουσιν==	no ownership relationship resolved
1corintios	10	20	C2	θύουσιν	leaf	C1	coordinate	1	medium	suggested	δαιμονίοις καὶ οὐ θεῷ ==θύουσιν==	function follows connector inventory; coordinating connector between finite clauses; source and target clauses available
1corintios	10	20	C3	θέλω	root-or-unresolved			0		unresolved-root	οὐ ==θέλω== δὲ ὑμᾶς κοινωνοὺς τῶν δαιμονίων γίνεσθαι	no ownership relationship resolved
1corintios	10	21	C1	δύνασθε	root-parent			0		unresolved-root	οὐ ==δύνασθε==	no ownership relationship resolved
1corintios	10	21	C2	δύνασθε	leaf	C1	coordinate	1	medium	suggested	ποτήριον κυρίου πίνειν καὶ ποτήριον δαιμονίων οὐ ==δύνασθε== τραπέζης κυρίου μετέχειν καὶ τραπέζης δαιμονίων	function follows connector inventory; coordinating connector between finite clauses; source and target clauses available
1corintios	10	22	C1	παραζηλοῦμεν	root-or-unresolved			0		unresolved-root	ἢ ==παραζηλοῦμεν==	no ownership relationship resolved
1corintios	10	22	C2	ἐσμεν	root-or-unresolved			0		unresolved-root	τὸν κύριον μὴ ἰσχυρότεροι αὐτοῦ ==ἐσμεν==	no ownership relationship resolved
1corintios	10	23	C1	ἔξεστιν	root-parent			0		unresolved-root	πάντα ==ἔξεστιν==	no ownership relationship resolved
1corintios	10	23	C2	συμφέρει	leaf	C1	coordinate	1	medium	suggested	ἀλλʼ οὐ πάντα ==συμφέρει==	function follows connector inventory; coordinating connector between finite clauses; source and target clauses available
1corintios	10	23	C3	ἔξεστιν	root-parent			0		unresolved-root	⸁πάντα ==ἔξεστιν==	no ownership relationship resolved
1corintios	10	23	C4	οἰκοδομεῖ	leaf	C3	coordinate	1	medium	suggested	ἀλλʼ οὐ πάντα ==οἰκοδομεῖ==	function follows connector inventory; coordinating connector between finite clauses; source and target clauses available
1corintios	10	24	C1	ζητείτω	root-or-unresolved			0		unresolved-root	μηδεὶς τὸ ἑαυτοῦ ==ζητείτω== ἀλλὰ τὸ τοῦ ἑτέρου	no ownership relationship resolved
1corintios	10	25	C1	ἐσθίετε	root-or-unresolved			0		unresolved-root	πᾶν τὸ ἐν μακέλλῳ πωλούμενον ==ἐσθίετε== μηδὲν ἀνακρίνοντες διὰ τὴν συνείδησιν	no ownership relationship resolved
1corintios	10	27	C1	καλεῖ	root-parent			0		unresolved-root	εἴ τις ==καλεῖ==	no ownership relationship resolved
1corintios	10	27	C2	θέλετε	leaf	C1	coordinate	1	medium	suggested	ὑμᾶς τῶν ἀπίστων καὶ ==θέλετε==	function follows connector inventory; coordinating connector between finite clauses; source and target clauses available
1corintios	10	27	C3	ἐσθίετε	root-or-unresolved			0		unresolved-root	πορεύεσθαι πᾶν τὸ παρατιθέμενον ὑμῖν ==ἐσθίετε== μηδὲν ἀνακρίνοντες διὰ τὴν συνείδησιν	no ownership relationship resolved
1corintios	10	28	C1	εἴπῃ	root-or-unresolved			0		unresolved-root	ἐὰν δέ τις ὑμῖν ==εἴπῃ==	no ownership relationship resolved
1corintios	10	28	C2	ἐστιν	root-or-unresolved			0		unresolved-root	τοῦτο ἱερόθυτόν ==ἐστιν==	no ownership relationship resolved
1corintios	10	28	C3	ἐσθίετε	root-or-unresolved			0		unresolved-root	μὴ ==ἐσθίετε== διʼ ἐκεῖνον τὸν μηνύσαντα καὶ τὴν συνείδησιν	no ownership relationship resolved
1corintios	10	29	C1	λέγω	root-parent			0		unresolved-root	συνείδησιν δὲ ==λέγω==	no ownership relationship resolved
1corintios	10	29	C2	κρίνεται	leaf	C1	coordinate	1	medium	suggested	οὐχὶ τὴν ἑαυτοῦ ἀλλὰ τὴν τοῦ ἑτέρου ἱνατί γὰρ ἡ ἐλευθερία μου ==κρίνεται== ὑπὸ ἄλλης συνειδήσεως	function follows connector inventory; coordinating connector between finite clauses; source and target clauses available
1corintios	10	30	C1	μετέχω	root-or-unresolved			0		unresolved-root	εἰ ἐγὼ χάριτι ==μετέχω==	no ownership relationship resolved
1corintios	10	30	C2	βλασφημοῦμαι	root-or-unresolved			0		unresolved-root	τί ==βλασφημοῦμαι==	no ownership relationship resolved
1corintios	10	30	C3	εὐχαριστῶ	root-or-unresolved			0		unresolved-root	ὑπὲρ οὗ ἐγὼ ==εὐχαριστῶ==	no ownership relationship resolved
1corintios	10	31	C1	ἐσθίετε	root-parent			0		unresolved-root	εἴτε οὖν ==ἐσθίετε==	no ownership relationship resolved
1corintios	10	31	C2	πίνετε	internal-node	C1	coordinate	1	medium	suggested	εἴτε ==πίνετε==	function follows connector inventory; coordinating connector between finite clauses; source and target clauses available
1corintios	10	31	C3	ποιεῖτε	leaf	C2	coordinate	2	medium	suggested	εἴτε τι ==ποιεῖτε==	function follows connector inventory; coordinating connector between finite clauses; source and target clauses available
1corintios	10	31	C4	ποιεῖτε	root-or-unresolved			0		unresolved-root	πάντα εἰς δόξαν θεοῦ ==ποιεῖτε==	no ownership relationship resolved
1corintios	10	32	C1	γίνεσθε	root-or-unresolved			0		unresolved-root	ἀπρόσκοποι καὶ ἰουδαίοις ==γίνεσθε== καὶ ἕλλησιν καὶ τῇ ἐκκλησίᾳ τοῦ θεοῦ	no ownership relationship resolved
1corintios	10	33	C1	ἀρέσκω	root-parent			0		unresolved-root	καθὼς κἀγὼ πάντα πᾶσιν ==ἀρέσκω==	no ownership relationship resolved
1corintios	10	33	C2	σωθῶσιν	leaf	C1	coordinate	1	medium	suggested	μὴ ζητῶν τὸ ἐμαυτοῦ σύμφορον ἀλλὰ τὸ τῶν πολλῶν ἵνα ==σωθῶσιν==	function follows connector inventory; coordinating connector between finite clauses; source and target clauses available
1corintios	11	1	C1	γίνεσθε	root-or-unresolved			0		unresolved-root	μιμηταί μου ==γίνεσθε== καθὼς κἀγὼ χριστοῦ	no ownership relationship resolved
1corintios	11	2	C1	ἐπαινῶ	root-parent			0		unresolved-root	==ἐπαινῶ==	no ownership relationship resolved
1corintios	11	2	C2	μέμνησθε	internal-node	C1	coordinate	1	medium	suggested	δὲ ὑμᾶς ὅτι πάντα μου ==μέμνησθε==	function follows connector inventory; coordinating connector between finite clauses; source and target clauses available
1corintios	11	2	C3	παρέδωκα	leaf	C2	coordinate	2	medium	suggested	καὶ καθὼς ==παρέδωκα==	function follows connector inventory; coordinating connector between finite clauses; source and target clauses available
1corintios	11	2	C4	κατέχετε	root-or-unresolved			0		unresolved-root	ὑμῖν τὰς παραδόσεις ==κατέχετε==	no ownership relationship resolved
1corintios	11	3	C1	θέλω	root-parent			0		unresolved-root	==θέλω==	no ownership relationship resolved
1corintios	11	3	C2	ἐστιν	leaf	C1	coordinate	1	medium	suggested	δὲ ὑμᾶς εἰδέναι ὅτι παντὸς ἀνδρὸς ἡ κεφαλὴ ὁ χριστός ==ἐστιν== κεφαλὴ δὲ γυναικὸς ὁ ἀνήρ κεφαλὴ δὲ τοῦ χριστοῦ ὁ θεός	function follows connector inventory; coordinating connector between finite clauses; source and target clauses available
1corintios	11	4	C1	καταισχύνει	root-or-unresolved			0		unresolved-root	πᾶς ἀνὴρ προσευχόμενος ἢ προφητεύων κατὰ κεφαλῆς ἔχων ==καταισχύνει== τὴν κεφαλὴν αὐτοῦ	no ownership relationship resolved
1corintios	11	5	C1	καταισχύνει	root-parent			0		unresolved-root	πᾶσα δὲ γυνὴ προσευχομένη ἢ προφητεύουσα ἀκατακαλύπτῳ τῇ κεφαλῇ ==καταισχύνει==	no ownership relationship resolved
1corintios	11	5	C2	ἐστιν	leaf	C1	subordinate	1	medium	suggested	τὴν κεφαλὴν αὐτῆς ἓν γάρ ==ἐστιν== καὶ τὸ αὐτὸ τῇ ἐξυρημένῃ	function follows connector inventory; coordinating connector between finite clauses; source and target clauses available
1corintios	11	6	C1	κατακαλύπτεται	root-parent			0		unresolved-root	εἰ γὰρ οὐ ==κατακαλύπτεται==	no ownership relationship resolved
1corintios	11	6	C2	κειράσθω	internal-node	C1	coordinate	1	medium	suggested	γυνή καὶ ==κειράσθω==	function follows connector inventory; coordinating connector between finite clauses; source and target clauses available
1corintios	11	6	C3	κατακαλυπτέσθω	leaf	C2	subordinate	2	medium	suggested	εἰ δὲ αἰσχρὸν γυναικὶ τὸ κείρασθαι ἢ ξυρᾶσθαι ==κατακαλυπτέσθω==	function follows connector inventory; subordinating connector before/near target finite clause; source and target clauses available
1corintios	11	7	C1	ὀφείλει	root-parent			0		unresolved-root	ἀνὴρ μὲν γὰρ οὐκ ==ὀφείλει==	no ownership relationship resolved
1corintios	11	7	C2	ἐστιν	leaf	C1	coordinate	1	medium	suggested	κατακαλύπτεσθαι τὴν κεφαλήν εἰκὼν καὶ δόξα θεοῦ ὑπάρχων ἡ γυνὴ δὲ δόξα ἀνδρός ==ἐστιν==	function follows connector inventory; coordinating connector between finite clauses; source and target clauses available
1corintios	11	8	C1	ἐστιν	root-or-unresolved			0		unresolved-root	οὐ γάρ ==ἐστιν== ἀνὴρ ἐκ γυναικός ἀλλὰ γυνὴ ἐξ ἀνδρός	no ownership relationship resolved
1corintios	11	9	C1	ἐκτίσθη	root-or-unresolved			0		unresolved-root	καὶ γὰρ οὐκ ==ἐκτίσθη== ἀνὴρ διὰ τὴν γυναῖκα ἀλλὰ γυνὴ διὰ τὸν ἄνδρα	no ownership relationship resolved
1corintios	11	10	C1	ὀφείλει	root-or-unresolved			0		unresolved-root	διὰ τοῦτο ==ὀφείλει== ἡ γυνὴ ἐξουσίαν ἔχειν ἐπὶ τῆς κεφαλῆς διὰ τοὺς ἀγγέλους	no ownership relationship resolved
1corintios	11	13	C1	κρίνατε	root-or-unresolved			0		unresolved-root	ἐν ὑμῖν αὐτοῖς ==κρίνατε==	no ownership relationship resolved
1corintios	11	13	C2	ἐστὶν	root-or-unresolved			0		unresolved-root	πρέπον ==ἐστὶν== γυναῖκα ἀκατακάλυπτον τῷ θεῷ προσεύχεσθαι	no ownership relationship resolved
1corintios	11	14	C1	διδάσκει	root-parent			0		unresolved-root	οὐδὲ ἡ φύσις αὐτὴ ==διδάσκει==	no ownership relationship resolved
1corintios	11	14	C2	κομᾷ	leaf	C1	subordinate	1	medium	suggested	ὑμᾶς ὅτι ἀνὴρ μὲν ἐὰν ==κομᾷ==	context-sensitive function; keep as suggested; subordinating connector before/near target finite clause; source and target clauses available
1corintios	11	14	C3	ἐστιν	root-or-unresolved			0		unresolved-root	ἀτιμία αὐτῷ ==ἐστιν==	no ownership relationship resolved
1corintios	11	15	C1	κομᾷ	root-or-unresolved			0		unresolved-root	γυνὴ δὲ ἐὰν ==κομᾷ==	no ownership relationship resolved
1corintios	11	15	C2	ἐστιν	root-parent			0		unresolved-root	δόξα αὐτῇ ==ἐστιν==	no ownership relationship resolved
1corintios	11	15	C3	δέδοται	leaf	C2	subordinate	1	medium	suggested	ὅτι ἡ κόμη ἀντὶ περιβολαίου ==δέδοται==	context-sensitive function; keep as suggested; subordinating connector before/near target finite clause; source and target clauses available
1corintios	11	16	C1	δοκεῖ	root-or-unresolved			0		unresolved-root	εἰ δέ τις ==δοκεῖ==	no ownership relationship resolved
1corintios	11	16	C2	ἔχομεν	root-or-unresolved			0		unresolved-root	φιλόνεικος εἶναι ἡμεῖς τοιαύτην συνήθειαν οὐκ ==ἔχομεν== οὐδὲ αἱ ἐκκλησίαι τοῦ θεοῦ	no ownership relationship resolved
1corintios	11	17	C1	ἐπαινῶ	root-parent			0		unresolved-root	τοῦτο δὲ παραγγέλλων οὐκ ==ἐπαινῶ==	no ownership relationship resolved
1corintios	11	17	C2	συνέρχεσθε	leaf	C1	subordinate	1	medium	suggested	ὅτι οὐκ εἰς τὸ κρεῖσσον ἀλλὰ εἰς τὸ ἧσσον ==συνέρχεσθε==	context-sensitive function; keep as suggested; subordinating connector before/near target finite clause; source and target clauses available
1corintios	11	18	C1	ἀκούω	root-parent			0		unresolved-root	πρῶτον μὲν γὰρ συνερχομένων ὑμῶν ἐν ἐκκλησίᾳ ==ἀκούω==	no ownership relationship resolved
1corintios	11	18	C2	πιστεύω	leaf	C1	coordinate	1	medium	suggested	σχίσματα ἐν ὑμῖν ὑπάρχειν καὶ μέρος τι ==πιστεύω==	function follows connector inventory; coordinating connector between finite clauses; source and target clauses available
1corintios	11	19	C1	δεῖ	root-parent			0		unresolved-root	==δεῖ==	no ownership relationship resolved
1corintios	11	19	C2	γένωνται	leaf	C1	subordinate	1	medium	suggested	γὰρ καὶ αἱρέσεις ἐν ὑμῖν εἶναι ἵνα καὶ οἱ δόκιμοι φανεροὶ ==γένωνται== ἐν ὑμῖν	function follows connector inventory; coordinating connector between finite clauses; source and target clauses available
1corintios	11	20	C1	ἔστιν	root-or-unresolved			0		unresolved-root	συνερχομένων οὖν ὑμῶν ἐπὶ τὸ αὐτὸ οὐκ ==ἔστιν== κυριακὸν δεῖπνον φαγεῖν	no ownership relationship resolved
1corintios	11	21	C1	προλαμβάνει	root-parent			0		unresolved-root	ἕκαστος γὰρ τὸ ἴδιον δεῖπνον ==προλαμβάνει==	no ownership relationship resolved
1corintios	11	21	C2	πεινᾷ	internal-node	C1	coordinate	1	medium	suggested	ἐν τῷ φαγεῖν καὶ ὃς μὲν ==πεινᾷ==	function follows connector inventory; coordinating connector between finite clauses; source and target clauses available
1corintios	11	21	C3	μεθύει	leaf	C2	coordinate	2	medium	suggested	ὃς δὲ ==μεθύει==	function follows connector inventory; coordinating connector between finite clauses; source and target clauses available
1corintios	11	22	C1	ἔχετε	root-parent			0		unresolved-root	μὴ γὰρ οἰκίας οὐκ ==ἔχετε==	no ownership relationship resolved
1corintios	11	22	C2	καταφρονεῖτε	internal-node	C1	coordinate	1	medium	suggested	εἰς τὸ ἐσθίειν καὶ πίνειν ἢ τῆς ἐκκλησίας τοῦ θεοῦ ==καταφρονεῖτε==	function follows connector inventory; coordinating connector between finite clauses; source and target clauses available
1corintios	11	22	C3	καταισχύνετε	leaf	C2	coordinate	2	medium	suggested	καὶ ==καταισχύνετε==	function follows connector inventory; coordinating connector between finite clauses; source and target clauses available
1corintios	11	22	C4	εἴπω	root-or-unresolved			0		unresolved-root	τοὺς μὴ ἔχοντας τί ==εἴπω==	no ownership relationship resolved
1corintios	11	22	C5	ἐπαινέσω	root-or-unresolved			0		unresolved-root	ὑμῖν ==ἐπαινέσω==	no ownership relationship resolved
1corintios	11	22	C6	ἐπαινῶ	root-or-unresolved			0		unresolved-root	ὑμᾶς ἐν τούτῳ οὐκ ==ἐπαινῶ==	no ownership relationship resolved
1corintios	11	23	C1	παρέλαβον	root-parent			0		unresolved-root	ἐγὼ γὰρ ==παρέλαβον==	no ownership relationship resolved
1corintios	11	23	C2	παρέδωκα	internal-node	C1	coordinate	1	medium	suggested	ἀπὸ τοῦ κυρίου ὃ καὶ ==παρέδωκα==	function follows connector inventory; coordinating connector between finite clauses; source and target clauses available
1corintios	11	23	C3	παρεδίδετο	leaf	C2	subordinate	2	medium	suggested	ὑμῖν ὅτι ὁ κύριος ἰησοῦς ἐν τῇ νυκτὶ ᾗ ==παρεδίδετο==	context-sensitive function; keep as suggested; subordinating connector before/near target finite clause; source and target clauses available
1corintios	11	23	C4	ἔλαβεν	root-or-unresolved			0		unresolved-root	==ἔλαβεν== ἄρτον	no ownership relationship resolved
1corintios	11	24	C1	ἔκλασεν	root-parent			0		unresolved-root	καὶ εὐχαριστήσας ==ἔκλασεν==	no ownership relationship resolved
1corintios	11	24	C2	εἶπεν	leaf	C1	coordinate	1	medium	suggested	καὶ ==εἶπεν==	function follows connector inventory; coordinating connector between finite clauses; source and target clauses available
1corintios	11	24	C3	ἐστιν	root-or-unresolved			0		unresolved-root	τοῦτό μού ==ἐστιν==	no ownership relationship resolved
1corintios	11	24	C4	ποιεῖτε	root-or-unresolved			0		unresolved-root	τὸ σῶμα τὸ ὑπὲρ ὑμῶν τοῦτο ==ποιεῖτε== εἰς τὴν ἐμὴν ἀνάμνησιν	no ownership relationship resolved
1corintios	11	25	C1	ἐστὶν	root-or-unresolved			0		unresolved-root	ὡσαύτως καὶ τὸ ποτήριον μετὰ τὸ δειπνῆσαι λέγων τοῦτο τὸ ποτήριον ἡ καινὴ διαθήκη ==ἐστὶν==	no ownership relationship resolved
1corintios	11	25	C2	ποιεῖτε	root-parent			0		unresolved-root	ἐν τῷ ἐμῷ αἵματι τοῦτο ==ποιεῖτε==	no ownership relationship resolved
1corintios	11	25	C3	πίνητε	leaf	C2	subordinate	1	medium	suggested	ὁσάκις ἐὰν ==πίνητε== εἰς τὴν ἐμὴν ἀνάμνησιν	function follows connector inventory; subordinating connector before/near target finite clause; source and target clauses available
1corintios	11	26	C1	ἐσθίητε	root-parent			0		unresolved-root	ὁσάκις γὰρ ἐὰν ==ἐσθίητε==	no ownership relationship resolved
1corintios	11	26	C2	πίνητε	leaf	C1	coordinate	1	medium	suggested	τὸν ἄρτον τοῦτον καὶ τὸ ποτήριον ==πίνητε==	function follows connector inventory; coordinating connector between finite clauses; source and target clauses available
1corintios	11	26	C3	καταγγέλλετε	root-or-unresolved			0		unresolved-root	τὸν θάνατον τοῦ κυρίου ==καταγγέλλετε==	no ownership relationship resolved
1corintios	11	26	C4	ἔλθῃ	root-or-unresolved			0		unresolved-root	ἄχρι οὗ ==ἔλθῃ==	no ownership relationship resolved
1corintios	11	27	C1	ἐσθίῃ	root-parent			0		unresolved-root	ὥστε ὃς ἂν ==ἐσθίῃ==	no ownership relationship resolved
1corintios	11	27	C2	πίνῃ	leaf	C1	coordinate	1	medium	suggested	τὸν ἄρτον ἢ ==πίνῃ==	context-sensitive function; keep as suggested; coordinating connector between finite clauses; source and target clauses available
1corintios	11	27	C3	ἔσται	root-or-unresolved			0		unresolved-root	τὸ ποτήριον τοῦ κυρίου ἀναξίως ἔνοχος ==ἔσται== τοῦ σώματος καὶ τοῦ αἵματος τοῦ κυρίου	no ownership relationship resolved
1corintios	11	28	C1	δοκιμαζέτω	root-parent			0		unresolved-root	==δοκιμαζέτω==	no ownership relationship resolved
1corintios	11	28	C2	ἐσθιέτω	internal-node	C1	coordinate	1	medium	suggested	δὲ ἄνθρωπος ἑαυτόν καὶ οὕτως ἐκ τοῦ ἄρτου ==ἐσθιέτω==	function follows connector inventory; coordinating connector between finite clauses; source and target clauses available
1corintios	11	28	C3	πινέτω	leaf	C2	coordinate	2	medium	suggested	καὶ ἐκ τοῦ ποτηρίου ==πινέτω==	function follows connector inventory; coordinating connector between finite clauses; source and target clauses available
1corintios	11	29	C1	ἐσθίει	root-parent			0		unresolved-root	ὁ γὰρ ἐσθίων καὶ πίνων κρίμα ἑαυτῷ ==ἐσθίει==	no ownership relationship resolved
1corintios	11	29	C2	πίνει	leaf	C1	coordinate	1	medium	suggested	καὶ ==πίνει== μὴ διακρίνων τὸ σῶμα	function follows connector inventory; coordinating connector between finite clauses; source and target clauses available
1corintios	11	30	C1	κοιμῶνται	root-or-unresolved			0		unresolved-root	διὰ τοῦτο ἐν ὑμῖν πολλοὶ ἀσθενεῖς καὶ ἄρρωστοι καὶ ==κοιμῶνται== ἱκανοί	no ownership relationship resolved
1corintios	11	31	C1	διεκρίνομεν	root-or-unresolved			0		unresolved-root	εἰ δὲ ἑαυτοὺς ==διεκρίνομεν==	no ownership relationship resolved
1corintios	11	31	C2	ἐκρινόμεθα	root-or-unresolved			0		unresolved-root	οὐκ ἂν ==ἐκρινόμεθα==	no ownership relationship resolved
1corintios	11	32	C1	παιδευόμεθα	root-parent			0		unresolved-root	κρινόμενοι δὲ ὑπὸ κυρίου ==παιδευόμεθα==	no ownership relationship resolved
1corintios	11	32	C2	κατακριθῶμεν	leaf	C1	subordinate	1	medium	suggested	ἵνα μὴ σὺν τῷ κόσμῳ ==κατακριθῶμεν==	context-sensitive function; keep as suggested; subordinating connector before/near target finite clause; source and target clauses available
1corintios	11	33	C1	ἐκδέχεσθε	root-or-unresolved			0		unresolved-root	ὥστε ἀδελφοί μου συνερχόμενοι εἰς τὸ φαγεῖν ἀλλήλους ==ἐκδέχεσθε==	no ownership relationship resolved
1corintios	11	34	C1	πεινᾷ	root-or-unresolved			0		unresolved-root	εἴ τις ==πεινᾷ==	no ownership relationship resolved
1corintios	11	34	C2	ἐσθιέτω	root-parent			0		unresolved-root	ἐν οἴκῳ ==ἐσθιέτω==	no ownership relationship resolved
1corintios	11	34	C3	συνέρχησθε	internal-node	C2	subordinate	1	medium	suggested	ἵνα μὴ εἰς κρίμα ==συνέρχησθε==	context-sensitive function; keep as suggested; subordinating connector before/near target finite clause; source and target clauses available
1corintios	11	34	C4	ἔλθω	leaf	C3	coordinate	2	medium	suggested	τὰ δὲ λοιπὰ ὡς ἂν ==ἔλθω==	function follows connector inventory; coordinating connector between finite clauses; source and target clauses available
1corintios	11	34	C5	διατάξομαι	root-or-unresolved			0		unresolved-root	==διατάξομαι==	no ownership relationship resolved
1corintios	12	1	C1	θέλω	root-or-unresolved			0		unresolved-root	περὶ δὲ τῶν πνευματικῶν ἀδελφοί οὐ ==θέλω== ὑμᾶς ἀγνοεῖν	no ownership relationship resolved
1corintios	12	2	C1	οἴδατε	root-parent			0		unresolved-root	==οἴδατε==	no ownership relationship resolved
1corintios	12	2	C2	ἦτε	internal-node	C1	subordinate	1	medium	suggested	ὅτι ὅτε ἔθνη ==ἦτε==	context-sensitive function; keep as suggested; subordinating connector before/near target finite clause; source and target clauses available
1corintios	12	2	C3	ἤγεσθε	leaf	C2	subordinate	2	medium	suggested	πρὸς τὰ εἴδωλα τὰ ἄφωνα ὡς ἂν ==ἤγεσθε== ἀπαγόμενοι	context-sensitive function; keep as suggested; subordinating connector before/near target finite clause; source and target clauses available
1corintios	12	3	C1	γνωρίζω	root-parent			0		unresolved-root	διὸ ==γνωρίζω==	no ownership relationship resolved
1corintios	12	3	C2	λέγει	internal-node	C1	subordinate	1	medium	suggested	ὑμῖν ὅτι οὐδεὶς ἐν πνεύματι θεοῦ λαλῶν ==λέγει==	context-sensitive function; keep as suggested; subordinating connector before/near target finite clause; source and target clauses available
1corintios	12	3	C3	δύναται	leaf	C2	coordinate	2	medium	suggested	ἀνάθεμα ἰησοῦς καὶ οὐδεὶς ==δύναται== εἰπεῖν κύριος ἰησοῦς εἰ μὴ ἐν πνεύματι ἁγίῳ	function follows connector inventory; coordinating connector between finite clauses; source and target clauses available
1corintios	12	4	C1	εἰσίν	root-or-unresolved			0		unresolved-root	διαιρέσεις δὲ χαρισμάτων ==εἰσίν== τὸ δὲ αὐτὸ πνεῦμα	no ownership relationship resolved
1corintios	12	5	C1	εἰσιν	root-or-unresolved			0		unresolved-root	καὶ διαιρέσεις διακονιῶν ==εἰσιν== καὶ ὁ αὐτὸς κύριος	no ownership relationship resolved
1corintios	12	6	C1	εἰσίν	root-or-unresolved			0		unresolved-root	καὶ διαιρέσεις ἐνεργημάτων ==εἰσίν== ὁ δὲ αὐτὸς θεός ὁ ἐνεργῶν τὰ πάντα ἐν πᾶσιν	no ownership relationship resolved
1corintios	12	7	C1	δίδοται	root-or-unresolved			0		unresolved-root	ἑκάστῳ δὲ ==δίδοται== ἡ φανέρωσις τοῦ πνεύματος πρὸς τὸ συμφέρον	no ownership relationship resolved
1corintios	12	8	C1	δίδοται	root-or-unresolved			0		unresolved-root	ᾧ μὲν γὰρ διὰ τοῦ πνεύματος ==δίδοται== λόγος σοφίας ἄλλῳ δὲ λόγος γνώσεως κατὰ τὸ αὐτὸ πνεῦμα	no ownership relationship resolved
1corintios	12	11	C1	ἐνεργεῖ	root-parent			0		unresolved-root	πάντα δὲ ταῦτα ==ἐνεργεῖ==	no ownership relationship resolved
1corintios	12	11	C2	βούλεται	leaf	C1	coordinate	1	medium	suggested	τὸ ἓν καὶ τὸ αὐτὸ πνεῦμα διαιροῦν ἰδίᾳ ἑκάστῳ καθὼς ==βούλεται==	function follows connector inventory; coordinating connector between finite clauses; source and target clauses available
1corintios	12	12	C1	ἐστιν	root-parent			0		unresolved-root	καθάπερ γὰρ τὸ σῶμα ἕν ==ἐστιν==	no ownership relationship resolved
1corintios	12	12	C2	ἔχει	internal-node	C1	coordinate	1	medium	suggested	καὶ μέλη πολλὰ ==ἔχει==	function follows connector inventory; coordinating connector between finite clauses; source and target clauses available
1corintios	12	12	C3	ἐστιν	leaf	C2	coordinate	2	medium	suggested	πάντα δὲ τὰ μέλη τοῦ σώματος πολλὰ ὄντα ἕν ==ἐστιν== σῶμα οὕτως καὶ ὁ χριστός	function follows connector inventory; coordinating connector between finite clauses; source and target clauses available
1corintios	12	13	C1	ἐβαπτίσθημεν	root-parent			0		unresolved-root	καὶ γὰρ ἐν ἑνὶ πνεύματι ἡμεῖς πάντες εἰς ἓν σῶμα ==ἐβαπτίσθημεν==	no ownership relationship resolved
1corintios	12	13	C2	ἐποτίσθημεν	leaf	C1	coordinate	1	medium	suggested	εἴτε ἰουδαῖοι εἴτε ἕλληνες εἴτε δοῦλοι εἴτε ἐλεύθεροι καὶ πάντες ἓν πνεῦμα ==ἐποτίσθημεν==	function follows connector inventory; coordinating connector between finite clauses; source and target clauses available
1corintios	12	14	C1	ἔστιν	root-or-unresolved			0		unresolved-root	καὶ γὰρ τὸ σῶμα οὐκ ==ἔστιν== ἓν μέλος ἀλλὰ πολλά	no ownership relationship resolved
1corintios	12	15	C1	εἴπῃ	root-parent			0		unresolved-root	ἐὰν ==εἴπῃ==	no ownership relationship resolved
1corintios	12	15	C2	εἰμὶ	leaf	C1	subordinate	1	medium	suggested	ὁ πούς ὅτι οὐκ ==εἰμὶ==	context-sensitive function; keep as suggested; subordinating connector before/near target finite clause; source and target clauses available
1corintios	12	15	C3	εἰμὶ	root-or-unresolved			0		unresolved-root	χείρ οὐκ ==εἰμὶ==	no ownership relationship resolved
1corintios	12	15	C4	ἔστιν	root-or-unresolved			0		unresolved-root	ἐκ τοῦ σώματος οὐ παρὰ τοῦτο οὐκ ==ἔστιν== ἐκ τοῦ σώματος	no ownership relationship resolved
1corintios	12	16	C1	εἴπῃ	root-parent			0		unresolved-root	καὶ ἐὰν ==εἴπῃ==	no ownership relationship resolved
1corintios	12	16	C2	εἰμὶ	leaf	C1	subordinate	1	medium	suggested	τὸ οὖς ὅτι οὐκ ==εἰμὶ==	context-sensitive function; keep as suggested; subordinating connector before/near target finite clause; source and target clauses available
1corintios	12	16	C3	εἰμὶ	root-or-unresolved			0		unresolved-root	ὀφθαλμός οὐκ ==εἰμὶ==	no ownership relationship resolved
1corintios	12	16	C4	ἔστιν	root-or-unresolved			0		unresolved-root	ἐκ τοῦ σώματος οὐ παρὰ τοῦτο οὐκ ==ἔστιν== ἐκ τοῦ σώματος	no ownership relationship resolved
1corintios	12	18	C1	ἔθετο	root-parent			0		unresolved-root	νυνὶ δὲ ὁ θεὸς ==ἔθετο==	no ownership relationship resolved
1corintios	12	18	C2	ἠθέλησεν	leaf	C1	subordinate	1	medium	suggested	τὰ μέλη ἓν ἕκαστον αὐτῶν ἐν τῷ σώματι καθὼς ==ἠθέλησεν==	context-sensitive function; keep as suggested; subordinating connector before/near target finite clause; source and target clauses available
1corintios	12	19	C1	ἦν	root-or-unresolved			0		unresolved-root	εἰ δὲ ==ἦν== τὰ πάντα ἓν μέλος ποῦ τὸ σῶμα	no ownership relationship resolved
1corintios	12	21	C1	δύναται	root-parent			0		unresolved-root	οὐ ==δύναται==	no ownership relationship resolved
1corintios	12	21	C2	ἔχω	internal-node	C1	coordinate	1	medium	suggested	δὲ ὁ ὀφθαλμὸς εἰπεῖν τῇ χειρί χρείαν σου οὐκ ==ἔχω==	function follows connector inventory; coordinating connector between finite clauses; source and target clauses available
1corintios	12	21	C3	ἔχω	leaf	C2	coordinate	2	medium	suggested	ἢ πάλιν ἡ κεφαλὴ τοῖς ποσίν χρείαν ὑμῶν οὐκ ==ἔχω==	context-sensitive function; keep as suggested; coordinating connector between finite clauses; source and target clauses available
1corintios	12	22	C1	ἐστιν	root-or-unresolved			0		unresolved-root	ἀλλὰ πολλῷ μᾶλλον τὰ δοκοῦντα μέλη τοῦ σώματος ἀσθενέστερα ὑπάρχειν ἀναγκαῖά ==ἐστιν==	no ownership relationship resolved
1corintios	12	23	C1	δοκοῦμεν	root-or-unresolved			0		unresolved-root	καὶ ἃ ==δοκοῦμεν==	no ownership relationship resolved
1corintios	12	23	C2	περιτίθεμεν	root-parent			0		unresolved-root	ἀτιμότερα εἶναι τοῦ σώματος τούτοις τιμὴν περισσοτέραν ==περιτίθεμεν==	no ownership relationship resolved
1corintios	12	23	C3	ἔχει	leaf	C2	coordinate	1	medium	suggested	καὶ τὰ ἀσχήμονα ἡμῶν εὐσχημοσύνην περισσοτέραν ==ἔχει==	function follows connector inventory; coordinating connector between finite clauses; source and target clauses available
1corintios	12	24	C1	ἔχει	root-parent			0		unresolved-root	τὰ δὲ εὐσχήμονα ἡμῶν οὐ χρείαν ==ἔχει==	no ownership relationship resolved
1corintios	12	24	C2	συνεκέρασεν	leaf	C1	coordinate	1	medium	suggested	ἀλλὰ ὁ θεὸς ==συνεκέρασεν== τὸ σῶμα τῷ ὑστεροῦντι περισσοτέραν δοὺς τιμήν	function follows connector inventory; coordinating connector between finite clauses; source and target clauses available
1corintios	12	25	C1	ᾖ	root-parent			0		unresolved-root	ἵνα μὴ ==ᾖ==	no ownership relationship resolved
1corintios	12	25	C2	μεριμνῶσι	leaf	C1	coordinate	1	medium	suggested	σχίσμα ἐν τῷ σώματι ἀλλὰ τὸ αὐτὸ ὑπὲρ ἀλλήλων ==μεριμνῶσι== τὰ μέλη	function follows connector inventory; coordinating connector between finite clauses; source and target clauses available
1corintios	12	26	C1	πάσχει	root-or-unresolved			0		unresolved-root	καὶ εἴτε ==πάσχει==	no ownership relationship resolved
1corintios	12	26	C2	συμπάσχει	root-parent			0		unresolved-root	ἓν μέλος ==συμπάσχει==	no ownership relationship resolved
1corintios	12	26	C3	δοξάζεται	leaf	C2	coordinate	1	medium	suggested	πάντα τὰ μέλη εἴτε ==δοξάζεται==	function follows connector inventory; coordinating connector between finite clauses; source and target clauses available
1corintios	12	26	C4	συγχαίρει	root-or-unresolved			0		unresolved-root	μέλος ==συγχαίρει== πάντα τὰ μέλη	no ownership relationship resolved
1corintios	12	27	C1	ἐστε	root-or-unresolved			0		unresolved-root	ὑμεῖς δέ ==ἐστε== σῶμα χριστοῦ καὶ μέλη ἐκ μέρους	no ownership relationship resolved
1corintios	12	28	C1	ἔθετο	root-or-unresolved			0		unresolved-root	καὶ οὓς μὲν ==ἔθετο== ὁ θεὸς ἐν τῇ ἐκκλησίᾳ πρῶτον ἀποστόλους δεύτερον προφήτας τρίτον διδασκάλους ἔπειτα δυνάμεις ἔπειτα χαρίσματα ἰαμάτων ἀντιλήμψεις κυβερνήσεις γένη γλωσσῶν	no ownership relationship resolved
1corintios	12	30	C1	ἔχουσιν	root-or-unresolved			0		unresolved-root	μὴ πάντες χαρίσματα ==ἔχουσιν==	no ownership relationship resolved
1corintios	12	30	C2	λαλοῦσιν	root-or-unresolved			0		unresolved-root	ἰαμάτων μὴ πάντες γλώσσαις ==λαλοῦσιν==	no ownership relationship resolved
1corintios	12	30	C3	διερμηνεύουσιν	root-or-unresolved			0		unresolved-root	μὴ πάντες ==διερμηνεύουσιν==	no ownership relationship resolved
1corintios	12	31	C1	ζηλοῦτε	root-parent			0		unresolved-root	==ζηλοῦτε==	no ownership relationship resolved
1corintios	12	31	C2	δείκνυμι	leaf	C1	coordinate	1	medium	suggested	δὲ τὰ χαρίσματα τὰ μείζονα καὶ ἔτι καθʼ ὑπερβολὴν ὁδὸν ὑμῖν ==δείκνυμι==	function follows connector inventory; coordinating connector between finite clauses; source and target clauses available
1corintios	13	1	C1	λαλῶ	root-parent			0		unresolved-root	ἐὰν ταῖς γλώσσαις τῶν ἀνθρώπων ==λαλῶ==	no ownership relationship resolved
1corintios	13	1	C2	ἔχω	leaf	C1	coordinate	1	medium	suggested	καὶ τῶν ἀγγέλων ἀγάπην δὲ μὴ ==ἔχω==	function follows connector inventory; coordinating connector between finite clauses; source and target clauses available
1corintios	13	1	C3	γέγονα	root-or-unresolved			0		unresolved-root	==γέγονα== χαλκὸς ἠχῶν ἢ κύμβαλον ἀλαλάζον	no ownership relationship resolved
1corintios	13	2	C1	ἔχω	root-parent			0		unresolved-root	καὶ ἐὰν ==ἔχω==	no ownership relationship resolved
1corintios	13	2	C2	εἰδῶ	internal-node	C1	coordinate	1	medium	suggested	προφητείαν καὶ ==εἰδῶ==	function follows connector inventory; coordinating connector between finite clauses; source and target clauses available
1corintios	13	2	C3	ἔχω	internal-node	C2	coordinate	2	medium	suggested	τὰ μυστήρια πάντα καὶ πᾶσαν τὴν γνῶσιν ⸄καὶ ἐὰν⸅ ==ἔχω==	function follows connector inventory; coordinating connector between finite clauses; source and target clauses available
1corintios	13	2	C4	ἔχω	leaf	C3	subordinate	3	medium	suggested	πᾶσαν τὴν πίστιν ὥστε ὄρη μεθιστάναι ἀγάπην δὲ μὴ ==ἔχω==	context-sensitive function; keep as suggested; subordinating connector before/near target finite clause; source and target clauses available
1corintios	13	2	C5	εἰμι	root-or-unresolved			0		unresolved-root	οὐθέν ==εἰμι==	no ownership relationship resolved
1corintios	13	3	C1	ψωμίσω	root-or-unresolved			0		unresolved-root	καὶ ἐὰν ==ψωμίσω==	no ownership relationship resolved
1corintios	13	3	C2	παραδῶ	root-parent			0		unresolved-root	πάντα τὰ ὑπάρχοντά μου ⸄καὶ ἐὰν⸅ ==παραδῶ==	no ownership relationship resolved
1corintios	13	3	C3	καυθήσομαι	internal-node	C2	subordinate	1	medium	suggested	τὸ σῶμά μου ἵνα ==καυθήσομαι==	context-sensitive function; keep as suggested; subordinating connector before/near target finite clause; source and target clauses available
1corintios	13	3	C4	ἔχω	leaf	C3	coordinate	2	medium	suggested	ἀγάπην δὲ μὴ ==ἔχω==	function follows connector inventory; coordinating connector between finite clauses; source and target clauses available
1corintios	13	3	C5	ὠφελοῦμαι	root-or-unresolved			0		unresolved-root	οὐδὲν ==ὠφελοῦμαι==	no ownership relationship resolved
1corintios	13	4	C1	μακροθυμεῖ	root-or-unresolved			0		unresolved-root	ἡ ἀγάπη ==μακροθυμεῖ==	no ownership relationship resolved
1corintios	13	4	C2	χρηστεύεται	root-or-unresolved			0		unresolved-root	==χρηστεύεται==	no ownership relationship resolved
1corintios	13	4	C3	ζηλοῖ	root-or-unresolved			0		unresolved-root	ἡ ἀγάπη οὐ ==ζηλοῖ==	no ownership relationship resolved
1corintios	13	4	C4	περπερεύεται	root-or-unresolved			0		unresolved-root	ἡ ἀγάπη οὐ ==περπερεύεται==	no ownership relationship resolved
1corintios	13	4	C5	φυσιοῦται	root-or-unresolved			0		unresolved-root	οὐ ==φυσιοῦται==	no ownership relationship resolved
1corintios	13	5	C1	ἀσχημονεῖ	root-or-unresolved			0		unresolved-root	οὐκ ==ἀσχημονεῖ==	no ownership relationship resolved
1corintios	13	5	C2	ζητεῖ	root-or-unresolved			0		unresolved-root	οὐ ==ζητεῖ==	no ownership relationship resolved
1corintios	13	5	C3	παροξύνεται	root-or-unresolved			0		unresolved-root	τὰ ἑαυτῆς οὐ ==παροξύνεται==	no ownership relationship resolved
1corintios	13	5	C4	λογίζεται	root-or-unresolved			0		unresolved-root	οὐ ==λογίζεται== τὸ κακόν	no ownership relationship resolved
1corintios	13	6	C1	χαίρει	root-or-unresolved			0		unresolved-root	οὐ ==χαίρει==	no ownership relationship resolved
1corintios	13	6	C2	συγχαίρει	root-or-unresolved			0		unresolved-root	ἐπὶ τῇ ἀδικίᾳ ==συγχαίρει== δὲ τῇ ἀληθείᾳ	no ownership relationship resolved
1corintios	13	7	C1	στέγει	root-or-unresolved			0		unresolved-root	πάντα ==στέγει==	no ownership relationship resolved
1corintios	13	7	C2	πιστεύει	root-or-unresolved			0		unresolved-root	πάντα ==πιστεύει==	no ownership relationship resolved
1corintios	13	7	C3	ἐλπίζει	root-or-unresolved			0		unresolved-root	πάντα ==ἐλπίζει==	no ownership relationship resolved
1corintios	13	7	C4	ὑπομένει	root-or-unresolved			0		unresolved-root	πάντα ==ὑπομένει==	no ownership relationship resolved
1corintios	13	8	C1	πίπτει	root-parent			0		unresolved-root	ἡ ἀγάπη οὐδέποτε ==πίπτει==	no ownership relationship resolved
1corintios	13	8	C2	καταργηθήσονται	internal-node	C1	coordinate	1	medium	suggested	εἴτε δὲ προφητεῖαι ==καταργηθήσονται==	function follows connector inventory; coordinating connector between finite clauses; source and target clauses available
1corintios	13	8	C3	παύσονται	internal-node	C2	coordinate	2	medium	suggested	εἴτε γλῶσσαι ==παύσονται==	function follows connector inventory; coordinating connector between finite clauses; source and target clauses available
1corintios	13	8	C4	καταργηθήσεται	leaf	C3	coordinate	3	medium	suggested	εἴτε γνῶσις ==καταργηθήσεται==	function follows connector inventory; coordinating connector between finite clauses; source and target clauses available
1corintios	13	9	C1	γινώσκομεν	root-parent			0		unresolved-root	ἐκ μέρους γὰρ ==γινώσκομεν==	no ownership relationship resolved
1corintios	13	9	C2	προφητεύομεν	leaf	C1	coordinate	1	medium	suggested	καὶ ἐκ μέρους ==προφητεύομεν==	function follows connector inventory; coordinating connector between finite clauses; source and target clauses available
1corintios	13	10	C1	ἔλθῃ	root-or-unresolved			0		unresolved-root	ὅταν δὲ ==ἔλθῃ==	no ownership relationship resolved
1corintios	13	10	C2	καταργηθήσεται	root-or-unresolved			0		unresolved-root	τὸ τέλειον τὸ ἐκ μέρους ==καταργηθήσεται==	no ownership relationship resolved
1corintios	13	11	C1	ἤμην	root-or-unresolved			0		unresolved-root	ὅτε ==ἤμην==	no ownership relationship resolved
1corintios	13	11	C2	ἐλάλουν	root-parent			0		unresolved-root	νήπιος ==ἐλάλουν==	no ownership relationship resolved
1corintios	13	11	C3	ἐφρόνουν	internal-node	C2	subordinate	1	medium	suggested	ὡς νήπιος ==ἐφρόνουν==	context-sensitive function; keep as suggested; subordinating connector before/near target finite clause; source and target clauses available
1corintios	13	11	C4	ἐλογιζόμην	internal-node	C3	subordinate	2	medium	suggested	ὡς νήπιος ==ἐλογιζόμην==	context-sensitive function; keep as suggested; subordinating connector before/near target finite clause; source and target clauses available
1corintios	13	11	C5	γέγονα	leaf	C4	subordinate	3	medium	suggested	ὡς νήπιος ὅτε ==γέγονα==	context-sensitive function; keep as suggested; subordinating connector before/near target finite clause; source and target clauses available
1corintios	13	11	C6	κατήργηκα	root-or-unresolved			0		unresolved-root	ἀνήρ ==κατήργηκα== τὰ τοῦ νηπίου	no ownership relationship resolved
1corintios	13	12	C1	βλέπομεν	root-parent			0		unresolved-root	==βλέπομεν==	no ownership relationship resolved
1corintios	13	12	C2	γινώσκω	internal-node	C1	subordinate	1	medium	suggested	γὰρ ἄρτι διʼ ἐσόπτρου ἐν αἰνίγματι τότε δὲ πρόσωπον πρὸς πρόσωπον ἄρτι ==γινώσκω==	function follows connector inventory; coordinating connector between finite clauses; source and target clauses available
1corintios	13	12	C3	ἐπιγνώσομαι	internal-node	C2	coordinate	2	medium	suggested	ἐκ μέρους τότε δὲ ==ἐπιγνώσομαι==	function follows connector inventory; coordinating connector between finite clauses; source and target clauses available
1corintios	13	12	C4	ἐπεγνώσθην	leaf	C3	subordinate	3	medium	suggested	καθὼς καὶ ==ἐπεγνώσθην==	context-sensitive function; keep as suggested; subordinating connector before/near target finite clause; source and target clauses available
1corintios	13	13	C1	μένει	root-or-unresolved			0		unresolved-root	νυνὶ δὲ ==μένει== πίστις ἐλπίς ἀγάπη τὰ τρία ταῦτα μείζων δὲ τούτων ἡ ἀγάπη	no ownership relationship resolved
1corintios	14	1	C1	διώκετε	root-or-unresolved			0		unresolved-root	==διώκετε==	no ownership relationship resolved
1corintios	14	1	C2	ζηλοῦτε	root-parent			0		unresolved-root	τὴν ἀγάπην ==ζηλοῦτε==	no ownership relationship resolved
1corintios	14	1	C3	προφητεύητε	leaf	C2	coordinate	1	medium	suggested	δὲ τὰ πνευματικά μᾶλλον δὲ ἵνα ==προφητεύητε==	function follows connector inventory; coordinating connector between finite clauses; source and target clauses available
1corintios	14	2	C1	λαλεῖ	root-parent			0		unresolved-root	ὁ γὰρ λαλῶν γλώσσῃ οὐκ ἀνθρώποις ==λαλεῖ==	no ownership relationship resolved
1corintios	14	2	C2	ἀκούει	internal-node	C1	coordinate	1	medium	suggested	ἀλλὰ θεῷ οὐδεὶς γὰρ ==ἀκούει==	function follows connector inventory; coordinating connector between finite clauses; source and target clauses available
1corintios	14	2	C3	λαλεῖ	leaf	C2	coordinate	2	medium	suggested	πνεύματι δὲ ==λαλεῖ== μυστήρια	function follows connector inventory; coordinating connector between finite clauses; source and target clauses available
1corintios	14	3	C1	λαλεῖ	root-or-unresolved			0		unresolved-root	ὁ δὲ προφητεύων ἀνθρώποις ==λαλεῖ== οἰκοδομὴν καὶ παράκλησιν καὶ παραμυθίαν	no ownership relationship resolved
1corintios	14	4	C1	οἰκοδομεῖ	root-parent			0		unresolved-root	ὁ λαλῶν γλώσσῃ ἑαυτὸν ==οἰκοδομεῖ==	no ownership relationship resolved
1corintios	14	4	C2	οἰκοδομεῖ	leaf	C1	coordinate	1	medium	suggested	ὁ δὲ προφητεύων ἐκκλησίαν ==οἰκοδομεῖ==	function follows connector inventory; coordinating connector between finite clauses; source and target clauses available
1corintios	14	5	C1	θέλω	root-parent			0		unresolved-root	==θέλω==	no ownership relationship resolved
1corintios	14	5	C2	προφητεύητε	internal-node	C1	coordinate	1	medium	suggested	δὲ πάντας ὑμᾶς λαλεῖν γλώσσαις μᾶλλον δὲ ἵνα ==προφητεύητε==	function follows connector inventory; coordinating connector between finite clauses; source and target clauses available
1corintios	14	5	C3	διερμηνεύῃ	internal-node	C2	coordinate	2	medium	suggested	μείζων δὲ ὁ προφητεύων ἢ ὁ λαλῶν γλώσσαις ἐκτὸς εἰ μὴ ==διερμηνεύῃ==	function follows connector inventory; coordinating connector between finite clauses; source and target clauses available
1corintios	14	5	C4	λάβῃ	leaf	C3	subordinate	3	medium	suggested	ἵνα ἡ ἐκκλησία οἰκοδομὴν ==λάβῃ==	context-sensitive function; keep as suggested; subordinating connector before/near target finite clause; source and target clauses available
1corintios	14	6	C1	ἔλθω	root-or-unresolved			0		unresolved-root	νῦν δέ ἀδελφοί ἐὰν ==ἔλθω==	no ownership relationship resolved
1corintios	14	6	C2	ὠφελήσω	root-parent			0		unresolved-root	πρὸς ὑμᾶς γλώσσαις λαλῶν τί ὑμᾶς ==ὠφελήσω==	no ownership relationship resolved
1corintios	14	6	C3	λαλήσω	leaf	C2	subordinate	1	medium	suggested	ἐὰν μὴ ὑμῖν ==λαλήσω== ἢ ἐν ἀποκαλύψει ἢ ἐν γνώσει ἢ ἐν προφητείᾳ ἢ ἐν διδαχῇ	function follows connector inventory; subordinating connector before/near target finite clause; source and target clauses available
1corintios	14	7	C1	δῷ	root-or-unresolved			0		unresolved-root	ὅμως τὰ ἄψυχα φωνὴν διδόντα εἴτε αὐλὸς εἴτε κιθάρα ἐὰν διαστολὴν τοῖς φθόγγοις μὴ ==δῷ==	no ownership relationship resolved
1corintios	14	7	C2	γνωσθήσεται	root-or-unresolved			0		unresolved-root	πῶς ==γνωσθήσεται== τὸ αὐλούμενον ἢ τὸ κιθαριζόμενον	no ownership relationship resolved
1corintios	14	8	C1	δῷ	root-or-unresolved			0		unresolved-root	καὶ γὰρ ἐὰν ἄδηλον φωνὴν σάλπιγξ ==δῷ==	no ownership relationship resolved
1corintios	14	8	C2	παρασκευάσεται	root-or-unresolved			0		unresolved-root	τίς ==παρασκευάσεται== εἰς πόλεμον	no ownership relationship resolved
1corintios	14	9	C1	δῶτε	root-or-unresolved			0		unresolved-root	οὕτως καὶ ὑμεῖς διὰ τῆς γλώσσης ἐὰν μὴ εὔσημον λόγον ==δῶτε==	no ownership relationship resolved
1corintios	14	9	C2	γνωσθήσεται	root-or-unresolved			0		unresolved-root	πῶς ==γνωσθήσεται==	no ownership relationship resolved
1corintios	14	9	C3	ἔσεσθε	root-or-unresolved			0		unresolved-root	τὸ λαλούμενον ==ἔσεσθε== γὰρ εἰς ἀέρα λαλοῦντες	no ownership relationship resolved
1corintios	14	10	C1	εἰσιν	root-or-unresolved			0		unresolved-root	τοσαῦτα εἰ τύχοι γένη φωνῶν ==εἰσιν== ἐν κόσμῳ καὶ οὐδὲν ἄφωνον	no ownership relationship resolved
1corintios	14	11	C1	εἰδῶ	root-or-unresolved			0		unresolved-root	ἐὰν οὖν μὴ ==εἰδῶ==	no ownership relationship resolved
1corintios	14	11	C2	ἔσομαι	root-or-unresolved			0		unresolved-root	τὴν δύναμιν τῆς φωνῆς ==ἔσομαι== τῷ λαλοῦντι βάρβαρος καὶ ὁ λαλῶν ἐν ἐμοὶ βάρβαρος	no ownership relationship resolved
1corintios	14	12	C1	ἐστε	root-or-unresolved			0		unresolved-root	οὕτως καὶ ὑμεῖς ἐπεὶ ζηλωταί ==ἐστε==	no ownership relationship resolved
1corintios	14	12	C2	ζητεῖτε	root-parent			0		unresolved-root	πνευμάτων πρὸς τὴν οἰκοδομὴν τῆς ἐκκλησίας ==ζητεῖτε==	no ownership relationship resolved
1corintios	14	12	C3	περισσεύητε	leaf	C2	subordinate	1	medium	suggested	ἵνα ==περισσεύητε==	context-sensitive function; keep as suggested; subordinating connector before/near target finite clause; source and target clauses available
1corintios	14	13	C1	προσευχέσθω	root-parent			0		unresolved-root	διὸ ὁ λαλῶν γλώσσῃ ==προσευχέσθω==	no ownership relationship resolved
1corintios	14	13	C2	διερμηνεύῃ	leaf	C1	subordinate	1	medium	suggested	ἵνα ==διερμηνεύῃ==	context-sensitive function; keep as suggested; subordinating connector before/near target finite clause; source and target clauses available
1corintios	14	14	C1	προσεύχωμαι	root-or-unresolved			0		unresolved-root	ἐὰν γὰρ ==προσεύχωμαι==	no ownership relationship resolved
1corintios	14	14	C2	προσεύχεται	root-parent			0		unresolved-root	γλώσσῃ τὸ πνεῦμά μου ==προσεύχεται==	no ownership relationship resolved
1corintios	14	14	C3	ἐστιν	leaf	C2	coordinate	1	medium	suggested	ὁ δὲ νοῦς μου ἄκαρπός ==ἐστιν==	function follows connector inventory; coordinating connector between finite clauses; source and target clauses available
1corintios	14	15	C1	ἐστιν	root-or-unresolved			0		unresolved-root	τί οὖν ==ἐστιν==	no ownership relationship resolved
1corintios	14	15	C2	προσεύξομαι	root-or-unresolved			0		unresolved-root	==προσεύξομαι==	no ownership relationship resolved
1corintios	14	15	C3	προσεύξομαι	root-parent			0		unresolved-root	τῷ πνεύματι ==προσεύξομαι==	no ownership relationship resolved
1corintios	14	15	C4	ψαλῶ	leaf	C3	coordinate	1	medium	suggested	δὲ καὶ τῷ νοΐ ==ψαλῶ==	function follows connector inventory; coordinating connector between finite clauses; source and target clauses available
1corintios	14	15	C5	ψαλῶ	root-or-unresolved			0		unresolved-root	τῷ πνεύματι ==ψαλῶ== δὲ καὶ τῷ νοΐ	no ownership relationship resolved
1corintios	14	16	C1	εὐλογῇς	root-or-unresolved			0		unresolved-root	ἐπεὶ ἐὰν ==εὐλογῇς==	no ownership relationship resolved
1corintios	14	16	C2	ἐρεῖ	root-parent			0		unresolved-root	πνεύματι ὁ ἀναπληρῶν τὸν τόπον τοῦ ἰδιώτου πῶς ==ἐρεῖ==	no ownership relationship resolved
1corintios	14	16	C3	λέγεις	leaf	C2	subordinate	1	medium	suggested	τὸ ἀμήν ἐπὶ τῇ σῇ εὐχαριστίᾳ ἐπειδὴ τί ==λέγεις==	function follows connector inventory; subordinating connector before/near target finite clause; source and target clauses available
1corintios	14	16	C4	οἶδεν	root-or-unresolved			0		unresolved-root	οὐκ ==οἶδεν==	no ownership relationship resolved
1corintios	14	17	C1	εὐχαριστεῖς	root-parent			0		unresolved-root	σὺ μὲν γὰρ καλῶς ==εὐχαριστεῖς==	no ownership relationship resolved
1corintios	14	17	C2	οἰκοδομεῖται	leaf	C1	coordinate	1	medium	suggested	ἀλλʼ ὁ ἕτερος οὐκ ==οἰκοδομεῖται==	function follows connector inventory; coordinating connector between finite clauses; source and target clauses available
1corintios	14	18	C1	εὐχαριστῶ	root-or-unresolved			0		unresolved-root	==εὐχαριστῶ==	no ownership relationship resolved
1corintios	14	18	C2	λαλῶ	root-or-unresolved			0		unresolved-root	τῷ θεῷ πάντων ὑμῶν μᾶλλον γλώσσαις ==λαλῶ==	no ownership relationship resolved
1corintios	14	19	C1	θέλω	root-parent			0		unresolved-root	ἀλλὰ ἐν ἐκκλησίᾳ ==θέλω==	no ownership relationship resolved
1corintios	14	19	C2	κατηχήσω	leaf	C1	subordinate	1	medium	suggested	πέντε λόγους τῷ νοΐ μου λαλῆσαι ἵνα καὶ ἄλλους ==κατηχήσω== ἢ μυρίους λόγους ἐν γλώσσῃ	context-sensitive function; keep as suggested; subordinating connector before/near target finite clause; source and target clauses available
1corintios	14	20	C1	γίνεσθε	root-parent			0		unresolved-root	ἀδελφοί μὴ παιδία ==γίνεσθε==	no ownership relationship resolved
1corintios	14	20	C2	νηπιάζετε	internal-node	C1	coordinate	1	medium	suggested	ταῖς φρεσίν ἀλλὰ τῇ κακίᾳ ==νηπιάζετε==	function follows connector inventory; coordinating connector between finite clauses; source and target clauses available
1corintios	14	20	C3	γίνεσθε	leaf	C2	coordinate	2	medium	suggested	ταῖς δὲ φρεσὶν τέλειοι ==γίνεσθε==	function follows connector inventory; coordinating connector between finite clauses; source and target clauses available
1corintios	14	21	C1	γέγραπται	root-parent			0		unresolved-root	ἐν τῷ νόμῳ ==γέγραπται==	no ownership relationship resolved
1corintios	14	21	C2	λαλήσω	internal-node	C1	subordinate	1	medium	suggested	ὅτι ἐν ἑτερογλώσσοις καὶ ἐν χείλεσιν ἑτέρων ==λαλήσω==	context-sensitive function; keep as suggested; subordinating connector before/near target finite clause; source and target clauses available
1corintios	14	21	C3	εἰσακούσονταί	leaf	C2	coordinate	2	medium	suggested	τῷ λαῷ τούτῳ καὶ οὐδʼ οὕτως ==εἰσακούσονταί==	function follows connector inventory; coordinating connector between finite clauses; source and target clauses available
1corintios	14	21	C4	λέγει	root-or-unresolved			0		unresolved-root	μου ==λέγει== κύριος	no ownership relationship resolved
1corintios	14	22	C1	εἰσιν	root-or-unresolved			0		unresolved-root	ὥστε αἱ γλῶσσαι εἰς σημεῖόν ==εἰσιν== οὐ τοῖς πιστεύουσιν ἀλλὰ τοῖς ἀπίστοις ἡ δὲ προφητεία οὐ τοῖς ἀπίστοις ἀλλὰ τοῖς πιστεύουσιν	no ownership relationship resolved
1corintios	14	23	C1	συνέλθῃ	root-parent			0		unresolved-root	ἐὰν οὖν ==συνέλθῃ==	no ownership relationship resolved
1corintios	14	23	C2	λαλῶσιν	leaf	C1	coordinate	1	medium	suggested	ἡ ἐκκλησία ὅλη ἐπὶ τὸ αὐτὸ καὶ πάντες ==λαλῶσιν==	function follows connector inventory; coordinating connector between finite clauses; source and target clauses available
1corintios	14	23	C3	εἰσέλθωσιν	root-parent			0		unresolved-root	γλώσσαις ==εἰσέλθωσιν==	no ownership relationship resolved
1corintios	14	23	C4	ἐροῦσιν	internal-node	C3	coordinate	1	medium	suggested	δὲ ἰδιῶται ἢ ἄπιστοι οὐκ ==ἐροῦσιν==	function follows connector inventory; coordinating connector between finite clauses; source and target clauses available
1corintios	14	23	C5	μαίνεσθε	leaf	C4	subordinate	2	medium	suggested	ὅτι ==μαίνεσθε==	context-sensitive function; keep as suggested; subordinating connector before/near target finite clause; source and target clauses available
1corintios	14	24	C1	προφητεύωσιν	root-or-unresolved			0		unresolved-root	ἐὰν δὲ πάντες ==προφητεύωσιν==	no ownership relationship resolved
1corintios	14	24	C2	εἰσέλθῃ	root-parent			0		unresolved-root	==εἰσέλθῃ==	no ownership relationship resolved
1corintios	14	24	C3	ἐλέγχεται	leaf	C2	coordinate	1	medium	suggested	δέ τις ἄπιστος ἢ ἰδιώτης ==ἐλέγχεται==	function follows connector inventory; coordinating connector between finite clauses; source and target clauses available
1corintios	14	24	C4	ἀνακρίνεται	root-or-unresolved			0		unresolved-root	ὑπὸ πάντων ==ἀνακρίνεται== ὑπὸ πάντων	no ownership relationship resolved
1corintios	14	25	C1	γίνεται	root-parent			0		unresolved-root	τὰ κρυπτὰ τῆς καρδίας αὐτοῦ φανερὰ ==γίνεται==	no ownership relationship resolved
1corintios	14	25	C2	προσκυνήσει	internal-node	C1	coordinate	1	medium	suggested	καὶ οὕτως πεσὼν ἐπὶ πρόσωπον ==προσκυνήσει==	function follows connector inventory; coordinating connector between finite clauses; source and target clauses available
1corintios	14	25	C3	ἐστιν	leaf	C2	subordinate	2	medium	suggested	τῷ θεῷ ἀπαγγέλλων ὅτι ὄντως ὁ θεὸς ἐν ὑμῖν ==ἐστιν==	context-sensitive function; keep as suggested; subordinating connector before/near target finite clause; source and target clauses available
1corintios	14	26	C1	ἐστιν	root-parent			0		unresolved-root	τί οὖν ==ἐστιν==	no ownership relationship resolved
1corintios	14	26	C2	συνέρχησθε	leaf	C1	subordinate	1	medium	suggested	ἀδελφοί ὅταν ==συνέρχησθε==	context-sensitive function; keep as suggested; subordinating connector before/near target finite clause; source and target clauses available
1corintios	14	26	C3	ἔχει	root-or-unresolved			0		unresolved-root	ἕκαστος ψαλμὸν ==ἔχει==	no ownership relationship resolved
1corintios	14	26	C4	ἔχει	root-or-unresolved			0		unresolved-root	διδαχὴν ==ἔχει==	no ownership relationship resolved
1corintios	14	26	C5	ἔχει	root-or-unresolved			0		unresolved-root	ἀποκάλυψιν ==ἔχει==	no ownership relationship resolved
1corintios	14	26	C6	ἔχει	root-or-unresolved			0		unresolved-root	γλῶσσαν ==ἔχει==	no ownership relationship resolved
1corintios	14	26	C7	ἔχει	root-or-unresolved			0		unresolved-root	ἑρμηνείαν ==ἔχει==	no ownership relationship resolved
1corintios	14	26	C8	γινέσθω	root-or-unresolved			0		unresolved-root	πάντα πρὸς οἰκοδομὴν ==γινέσθω==	no ownership relationship resolved
1corintios	14	27	C1	λαλεῖ	root-parent			0		unresolved-root	εἴτε γλώσσῃ τις ==λαλεῖ==	no ownership relationship resolved
1corintios	14	27	C2	διερμηνευέτω	leaf	C1	coordinate	1	medium	suggested	κατὰ δύο ἢ τὸ πλεῖστον τρεῖς καὶ ἀνὰ μέρος καὶ εἷς ==διερμηνευέτω==	context-sensitive function; keep as suggested; coordinating connector between finite clauses; source and target clauses available
1corintios	14	28	C1	ᾖ	root-or-unresolved			0		unresolved-root	ἐὰν δὲ μὴ ==ᾖ==	no ownership relationship resolved
1corintios	14	28	C2	σιγάτω	root-parent			0		unresolved-root	διερμηνευτής ==σιγάτω==	no ownership relationship resolved
1corintios	14	28	C3	λαλείτω	leaf	C2	coordinate	1	medium	suggested	ἐν ἐκκλησίᾳ ἑαυτῷ δὲ ==λαλείτω== καὶ τῷ θεῷ	function follows connector inventory; coordinating connector between finite clauses; source and target clauses available
1corintios	14	29	C1	λαλείτωσαν	root-parent			0		unresolved-root	προφῆται δὲ δύο ἢ τρεῖς ==λαλείτωσαν==	no ownership relationship resolved
1corintios	14	29	C2	διακρινέτωσαν	leaf	C1	coordinate	1	medium	suggested	καὶ οἱ ἄλλοι ==διακρινέτωσαν==	function follows connector inventory; coordinating connector between finite clauses; source and target clauses available
1corintios	14	30	C1	ἀποκαλυφθῇ	root-or-unresolved			0		unresolved-root	ἐὰν δὲ ἄλλῳ ==ἀποκαλυφθῇ==	no ownership relationship resolved
1corintios	14	30	C2	σιγάτω	root-or-unresolved			0		unresolved-root	καθημένῳ ὁ πρῶτος ==σιγάτω==	no ownership relationship resolved
1corintios	14	31	C1	δύνασθε	root-parent			0		unresolved-root	==δύνασθε==	no ownership relationship resolved
1corintios	14	31	C2	μανθάνωσιν	internal-node	C1	subordinate	1	medium	suggested	γὰρ καθʼ ἕνα πάντες προφητεύειν ἵνα πάντες ==μανθάνωσιν==	function follows connector inventory; coordinating connector between finite clauses; source and target clauses available
1corintios	14	31	C3	παρακαλῶνται	leaf	C2	coordinate	2	medium	suggested	καὶ πάντες ==παρακαλῶνται==	function follows connector inventory; coordinating connector between finite clauses; source and target clauses available
1corintios	14	32	C1	ὑποτάσσεται	root-or-unresolved			0		unresolved-root	καὶ πνεύματα προφητῶν προφήταις ==ὑποτάσσεται==	no ownership relationship resolved
1corintios	14	33	C1	ἐστιν	root-or-unresolved			0		unresolved-root	οὐ γάρ ==ἐστιν== ἀκαταστασίας ὁ θεὸς ἀλλὰ εἰρήνης ὡς ἐν πάσαις ταῖς ἐκκλησίαις τῶν ἁγίων	no ownership relationship resolved
1corintios	14	34	C1	σιγάτωσαν	root-parent			0		unresolved-root	αἱ γυναῖκες ἐν ταῖς ἐκκλησίαις ==σιγάτωσαν==	no ownership relationship resolved
1corintios	14	34	C2	ἐπιτρέπεται	internal-node	C1	subordinate	1	medium	suggested	οὐ γὰρ ==ἐπιτρέπεται==	function follows connector inventory; coordinating connector between finite clauses; source and target clauses available
1corintios	14	34	C3	ὑποτασσέσθωσαν	internal-node	C2	coordinate	2	medium	suggested	αὐταῖς λαλεῖν ἀλλὰ ==ὑποτασσέσθωσαν==	function follows connector inventory; coordinating connector between finite clauses; source and target clauses available
1corintios	14	34	C4	λέγει	leaf	C3	subordinate	3	medium	suggested	καθὼς καὶ ὁ νόμος ==λέγει==	context-sensitive function; keep as suggested; subordinating connector before/near target finite clause; source and target clauses available
1corintios	14	35	C1	θέλουσιν	root-or-unresolved			0		unresolved-root	εἰ δέ τι μαθεῖν ==θέλουσιν==	no ownership relationship resolved
1corintios	14	35	C2	ἐπερωτάτωσαν	root-parent			0		unresolved-root	ἐν οἴκῳ τοὺς ἰδίους ἄνδρας ==ἐπερωτάτωσαν==	no ownership relationship resolved
1corintios	14	35	C3	ἐστιν	leaf	C2	subordinate	1	medium	suggested	αἰσχρὸν γάρ ==ἐστιν== γυναικὶ λαλεῖν ἐν ἐκκλησίᾳ	function follows connector inventory; coordinating connector between finite clauses; source and target clauses available
1corintios	14	36	C1	ἐξῆλθεν	root-parent			0		unresolved-root	ἢ ἀφʼ ὑμῶν ὁ λόγος τοῦ θεοῦ ==ἐξῆλθεν==	no ownership relationship resolved
1corintios	14	36	C2	κατήντησεν	leaf	C1	coordinate	1	medium	suggested	ἢ εἰς ὑμᾶς μόνους ==κατήντησεν==	context-sensitive function; keep as suggested; coordinating connector between finite clauses; source and target clauses available
1corintios	14	37	C1	δοκεῖ	root-parent			0		unresolved-root	εἴ τις ==δοκεῖ==	no ownership relationship resolved
1corintios	14	37	C2	ἐπιγινωσκέτω	leaf	C1	coordinate	1	medium	suggested	προφήτης εἶναι ἢ πνευματικός ==ἐπιγινωσκέτω==	context-sensitive function; keep as suggested; coordinating connector between finite clauses; source and target clauses available
1corintios	14	37	C3	γράφω	root-parent			0		unresolved-root	ἃ ==γράφω==	no ownership relationship resolved
1corintios	14	37	C4	ἐστίν	leaf	C3	subordinate	1	medium	suggested	ὑμῖν ὅτι κυρίου ==ἐστίν==	context-sensitive function; keep as suggested; subordinating connector before/near target finite clause; source and target clauses available
1corintios	14	38	C1	ἀγνοεῖ	root-or-unresolved			0		unresolved-root	εἰ δέ τις ==ἀγνοεῖ==	no ownership relationship resolved
1corintios	14	38	C2	ἀγνοεῖται	root-or-unresolved			0		unresolved-root	==ἀγνοεῖται==	no ownership relationship resolved
1corintios	14	39	C1	ζηλοῦτε	root-parent			0		unresolved-root	ὥστε ἀδελφοί μου ==ζηλοῦτε==	no ownership relationship resolved
1corintios	14	39	C2	κωλύετε	leaf	C1	coordinate	1	medium	suggested	τὸ προφητεύειν καὶ τὸ λαλεῖν μὴ ==κωλύετε== γλώσσαις	function follows connector inventory; coordinating connector between finite clauses; source and target clauses available
1corintios	14	40	C1	γινέσθω	root-or-unresolved			0		unresolved-root	πάντα δὲ εὐσχημόνως καὶ κατὰ τάξιν ==γινέσθω==	no ownership relationship resolved
1corintios	15	1	C1	γνωρίζω	root-parent			0		unresolved-root	==γνωρίζω==	no ownership relationship resolved
1corintios	15	1	C2	εὐηγγελισάμην	internal-node	C1	coordinate	1	medium	suggested	δὲ ὑμῖν ἀδελφοί τὸ εὐαγγέλιον ὃ ==εὐηγγελισάμην==	function follows connector inventory; coordinating connector between finite clauses; source and target clauses available
1corintios	15	1	C3	παρελάβετε	internal-node	C2	coordinate	2	medium	suggested	ὑμῖν ὃ καὶ ==παρελάβετε==	function follows connector inventory; coordinating connector between finite clauses; source and target clauses available
1corintios	15	1	C4	ἑστήκατε	leaf	C3	coordinate	3	medium	suggested	ἐν ᾧ καὶ ==ἑστήκατε==	function follows connector inventory; coordinating connector between finite clauses; source and target clauses available
