pattern_key	pattern_length	start_stream_index	end_stream_index	start_reference	end_reference	start_predication_id	end_predication_id	pattern_candidate_id	occurrence_index
L001 > L001	2	28	29	1:18	1:19	1corintios-1-18-P02	1corintios-1-19-P01	P001	1
L001 > L001	2	52	53	2:2	2:3	1corintios-2-2-P01	1corintios-2-3-P01	P001	2
L001 > L001	2	63	64	2:9	2:9	1corintios-2-9-P03	1corintios-2-9-P04	P001	3
L001 > L001	2	64	65	2:9	2:9	1corintios-2-9-P04	1corintios-2-9-P05	P001	4
L001 > L001	2	65	66	2:9	2:10	1corintios-2-9-P05	1corintios-2-10-P01	P001	5
L001 > L001	2	66	67	2:10	2:10	1corintios-2-10-P01	1corintios-2-10-P02	P001	6
L001 > L001	2	67	68	2:10	2:11	1corintios-2-10-P02	1corintios-2-11-P01	P001	7
L001 > L001	2	74	75	2:14	2:14	1corintios-2-14-P02	1corintios-2-14-P03	P001	8
L001 > L001	2	78	79	2:15	2:16	1corintios-2-15-P02	1corintios-2-16-P01	P001	9
L001 > L001	2	79	80	2:16	2:16	1corintios-2-16-P01	1corintios-2-16-P02	P001	10
L001 > L001	2	85	86	3:2	3:3	1corintios-3-2-P03	1corintios-3-3-P01	P001	11
L001 > L001	2	86	87	3:3	3:3	1corintios-3-3-P01	1corintios-3-3-P02	P001	12
L001 > L001	2	87	88	3:3	3:3	1corintios-3-3-P02	1corintios-3-3-P03	P001	13
L001 > L001	2	106	107	3:10	3:10	1corintios-3-10-P03	1corintios-3-10-P04	P001	14
L001 > L001	2	107	108	3:10	3:11	1corintios-3-10-P04	1corintios-3-11-P01	P001	15
L001 > L001	2	108	109	3:11	3:11	1corintios-3-11-P01	1corintios-3-11-P02	P001	16
L001 > L001	2	134	135	3:19	3:20	1corintios-3-19-P02	1corintios-3-20-P01	P001	17
L001 > L001	2	139	140	4:1	4:2	1corintios-4-1-P01	1corintios-4-2-P01	P001	18
L001 > L001	2	145	146	4:4	4:4	1corintios-4-4-P01	1corintios-4-4-P02	P001	19
L001 > L001	2	150	151	4:5	4:5	1corintios-4-5-P03	1corintios-4-5-P04	P001	20
L001 > L001	2	151	152	4:5	4:5	1corintios-4-5-P04	1corintios-4-5-P05	P001	21
L001 > L001	2	163	164	4:8	4:8	1corintios-4-8-P02	1corintios-4-8-P03	P001	22
L001 > L001	2	164	165	4:8	4:8	1corintios-4-8-P03	1corintios-4-8-P04	P001	23
L001 > L001	2	171	172	4:11	4:11	1corintios-4-11-P02	1corintios-4-11-P03	P001	24
L001 > L001	2	172	173	4:11	4:11	1corintios-4-11-P03	1corintios-4-11-P04	P001	25
L001 > L001	2	173	174	4:11	4:11	1corintios-4-11-P04	1corintios-4-11-P05	P001	26
L001 > L001	2	174	175	4:11	4:12	1corintios-4-11-P05	1corintios-4-12-P01	P001	27
L001 > L001	2	175	176	4:12	4:12	1corintios-4-12-P01	1corintios-4-12-P02	P001	28
L001 > L001	2	176	177	4:12	4:12	1corintios-4-12-P02	1corintios-4-12-P03	P001	29
L001 > L001	2	177	178	4:12	4:13	1corintios-4-12-P03	1corintios-4-13-P01	P001	30
L001 > L001	2	226	227	6:5	6:6	1corintios-6-5-P03	1corintios-6-6-P01	P001	31
L001 > L001	2	227	228	6:6	6:7	1corintios-6-6-P01	1corintios-6-7-P01	P001	32
L001 > L001	2	231	232	6:7	6:8	1corintios-6-7-P04	1corintios-6-8-P01	P001	33
L001 > L001	2	232	233	6:8	6:8	1corintios-6-8-P01	1corintios-6-8-P02	P001	34
L001 > L001	2	233	234	6:8	6:9	1corintios-6-8-P02	1corintios-6-9-P01	P001	35
L001 > L001	2	239	240	6:11	6:11	1corintios-6-11-P02	1corintios-6-11-P03	P001	36
L001 > L001	2	240	241	6:11	6:11	1corintios-6-11-P03	1corintios-6-11-P04	P001	37
L001 > L001	2	243	244	6:12	6:12	1corintios-6-12-P02	1corintios-6-12-P03	P001	38
L001 > L001	2	247	248	6:14	6:14	1corintios-6-14-P01	1corintios-6-14-P02	P001	39
L001 > L001	2	265	266	6:19	6:20	1corintios-6-19-P04	1corintios-6-20-P01	P001	40
L001 > L001	2	266	267	6:20	6:20	1corintios-6-20-P01	1corintios-6-20-P02	P001	41
L001 > L001	2	267	268	6:20	7:1	1corintios-6-20-P02	1corintios-7-1-P01	P001	42
L001 > L001	2	270	271	7:2	7:3	1corintios-7-2-P02	1corintios-7-3-P01	P001	43
L001 > L001	2	271	272	7:3	7:4	1corintios-7-3-P01	1corintios-7-4-P01	P001	44
L001 > L001	2	272	273	7:4	7:4	1corintios-7-4-P01	1corintios-7-4-P02	P001	45
L001 > L001	2	296	297	7:13	7:14	1corintios-7-13-P03	1corintios-7-14-P01	P001	46
L001 > L001	2	297	298	7:14	7:14	1corintios-7-14-P01	1corintios-7-14-P02	P001	47
L001 > L001	2	303	304	7:15	7:15	1corintios-7-15-P03	1corintios-7-15-P04	P001	48
L001 > L001	2	314	315	7:18	7:18	1corintios-7-18-P02	1corintios-7-18-P03	P001	49
L001 > L001	2	315	316	7:18	7:18	1corintios-7-18-P03	1corintios-7-18-P04	P001	50
L001 > L001	2	316	317	7:18	7:19	1corintios-7-18-P04	1corintios-7-19-P01	P001	51
L001 > L001	2	317	318	7:19	7:19	1corintios-7-19-P01	1corintios-7-19-P02	P001	52
L001 > L001	2	318	319	7:19	7:20	1corintios-7-19-P02	1corintios-7-20-P01	P001	53
L001 > L001	2	319	320	7:20	7:20	1corintios-7-20-P01	1corintios-7-20-P02	P001	54
L001 > L001	2	332	333	7:25	7:26	1corintios-7-25-P02	1corintios-7-26-P01	P001	55
L001 > L001	2	335	336	7:27	7:27	1corintios-7-27-P02	1corintios-7-27-P03	P001	56
L001 > L001	2	336	337	7:27	7:27	1corintios-7-27-P03	1corintios-7-27-P04	P001	57
L001 > L001	2	350	351	7:32	7:33	1corintios-7-32-P03	1corintios-7-33-P01	P001	58
L001 > L001	2	351	352	7:33	7:33	1corintios-7-33-P01	1corintios-7-33-P02	P001	59
L001 > L001	2	352	353	7:33	7:34	1corintios-7-33-P02	1corintios-7-34-P01	P001	60
L001 > L001	2	353	354	7:34	7:34	1corintios-7-34-P01	1corintios-7-34-P02	P001	61
L001 > L001	2	363	364	7:36	7:36	1corintios-7-36-P04	1corintios-7-36-P05	P001	62
L001 > L001	2	364	365	7:36	7:36	1corintios-7-36-P05	1corintios-7-36-P06	P001	63
L001 > L001	2	368	369	7:37	7:37	1corintios-7-37-P02	1corintios-7-37-P03	P001	64
L001 > L001	2	369	370	7:37	7:37	1corintios-7-37-P03	1corintios-7-37-P04	P001	65
L001 > L001	2	373	374	7:39	7:39	1corintios-7-39-P01	1corintios-7-39-P02	P001	66
L001 > L001	2	377	378	7:39	7:40	1corintios-7-39-P05	1corintios-7-40-P01	P001	67
L001 > L001	2	404	405	8:11	8:11	1corintios-8-11-P01	1corintios-8-11-P02	P001	68
L001 > L001	2	411	412	9:1	9:1	1corintios-9-1-P02	1corintios-9-1-P03	P001	69
L001 > L001	2	419	420	9:5	9:6	1corintios-9-5-P01	1corintios-9-6-P01	P001	70
L001 > L001	2	422	423	9:7	9:7	1corintios-9-7-P02	1corintios-9-7-P03	P001	71
L001 > L001	2	423	424	9:7	9:7	1corintios-9-7-P03	1corintios-9-7-P04	P001	72
L001 > L001	2	424	425	9:7	9:7	1corintios-9-7-P04	1corintios-9-7-P05	P001	73
L001 > L001	2	431	432	9:10	9:10	1corintios-9-10-P01	1corintios-9-10-P02	P001	74
L001 > L001	2	450	451	9:16	9:16	1corintios-9-16-P03	1corintios-9-16-P04	P001	75
L001 > L001	2	480	481	9:27	9:27	1corintios-9-27-P02	1corintios-9-27-P03	P001	76
L001 > L001	2	481	482	9:27	10:1	1corintios-9-27-P03	1corintios-10-1-P01	P001	77
L001 > L001	2	485	486	10:2	10:3	1corintios-10-2-P01	1corintios-10-3-P01	P001	78
L001 > L001	2	486	487	10:3	10:4	1corintios-10-3-P01	1corintios-10-4-P01	P001	79
L001 > L001	2	487	488	10:4	10:4	1corintios-10-4-P01	1corintios-10-4-P02	P001	80
L001 > L001	2	508	509	10:11	10:11	1corintios-10-11-P02	1corintios-10-11-P03	P001	81
L001 > L001	2	539	540	10:23	10:23	1corintios-10-23-P02	1corintios-10-23-P03	P001	82
L001 > L001	2	540	541	10:23	10:23	1corintios-10-23-P03	1corintios-10-23-P04	P001	83
L001 > L001	2	541	542	10:23	10:24	1corintios-10-23-P04	1corintios-10-24-P01	P001	84
L001 > L001	2	556	557	10:31	10:31	1corintios-10-31-P02	1corintios-10-31-P03	P001	85
L001 > L001	2	557	558	10:31	10:31	1corintios-10-31-P03	1corintios-10-31-P04	P001	86
L001 > L001	2	558	559	10:31	10:32	1corintios-10-31-P04	1corintios-10-32-P01	P001	87
L001 > L001	2	570	571	11:5	11:5	1corintios-11-5-P01	1corintios-11-5-P02	P001	88
L001 > L001	2	576	577	11:7	11:8	1corintios-11-7-P02	1corintios-11-8-P01	P001	89
L001 > L001	2	577	578	11:8	11:9	1corintios-11-8-P01	1corintios-11-9-P01	P001	90
L001 > L001	2	578	579	11:9	11:10	1corintios-11-9-P01	1corintios-11-10-P01	P001	91
L001 > L001	2	597	598	11:21	11:21	1corintios-11-21-P01	1corintios-11-21-P02	P001	92
L001 > L001	2	598	599	11:21	11:21	1corintios-11-21-P02	1corintios-11-21-P03	P001	93
L001 > L001	2	601	602	11:22	11:22	1corintios-11-22-P02	1corintios-11-22-P03	P001	94
L001 > L001	2	604	605	11:22	11:22	1corintios-11-22-P05	1corintios-11-22-P06	P001	95
L001 > L001	2	605	606	11:22	11:23	1corintios-11-22-P06	1corintios-11-23-P01	P001	96
L001 > L001	2	606	607	11:23	11:23	1corintios-11-23-P01	1corintios-11-23-P02	P001	97
L001 > L001	2	610	611	11:24	11:24	1corintios-11-24-P01	1corintios-11-24-P02	P001	98
L001 > L001	2	611	612	11:24	11:24	1corintios-11-24-P02	1corintios-11-24-P03	P001	99
L001 > L001	2	623	624	11:27	11:28	1corintios-11-27-P03	1corintios-11-28-P01	P001	100
L001 > L001	2	624	625	11:28	11:28	1corintios-11-28-P01	1corintios-11-28-P02	P001	101
L001 > L001	2	625	626	11:28	11:28	1corintios-11-28-P02	1corintios-11-28-P03	P001	102
L001 > L001	2	626	627	11:28	11:29	1corintios-11-28-P03	1corintios-11-29-P01	P001	103
L001 > L001	2	627	628	11:29	11:29	1corintios-11-29-P01	1corintios-11-29-P02	P001	104
L001 > L001	2	648	649	12:5	12:6	1corintios-12-5-P01	1corintios-12-6-P01	P001	105
L001 > L001	2	651	652	12:8	12:11	1corintios-12-8-P01	1corintios-12-11-P01	P001	106
L001 > L001	2	655	656	12:12	12:12	1corintios-12-12-P02	1corintios-12-12-P03	P001	107
L001 > L001	2	678	679	12:24	12:24	1corintios-12-24-P01	1corintios-12-24-P02	P001	108
L001 > L001	2	683	684	12:26	12:26	1corintios-12-26-P02	1corintios-12-26-P03	P001	109
L001 > L001	2	684	685	12:26	12:26	1corintios-12-26-P03	1corintios-12-26-P04	P001	110
L001 > L001	2	689	690	12:30	12:30	1corintios-12-30-P02	1corintios-12-30-P03	P001	111
L001 > L001	2	702	703	13:4	13:4	1corintios-13-4-P02	1corintios-13-4-P03	P001	112
L001 > L001	2	703	704	13:4	13:4	1corintios-13-4-P03	1corintios-13-4-P04	P001	113
L001 > L001	2	704	705	13:4	13:4	1corintios-13-4-P04	1corintios-13-4-P05	P001	114
L001 > L001	2	705	706	13:4	13:5	1corintios-13-4-P05	1corintios-13-5-P01	P001	115
L001 > L001	2	706	707	13:5	13:5	1corintios-13-5-P01	1corintios-13-5-P02	P001	116
L001 > L001	2	707	708	13:5	13:5	1corintios-13-5-P02	1corintios-13-5-P03	P001	117
L001 > L001	2	708	709	13:5	13:5	1corintios-13-5-P03	1corintios-13-5-P04	P001	118
L001 > L001	2	709	710	13:5	13:6	1corintios-13-5-P04	1corintios-13-6-P01	P001	119
L001 > L001	2	710	711	13:6	13:6	1corintios-13-6-P01	1corintios-13-6-P02	P001	120
L001 > L001	2	711	712	13:6	13:7	1corintios-13-6-P02	1corintios-13-7-P01	P001	121
L001 > L001	2	712	713	13:7	13:7	1corintios-13-7-P01	1corintios-13-7-P02	P001	122
L001 > L001	2	713	714	13:7	13:7	1corintios-13-7-P02	1corintios-13-7-P03	P001	123
L001 > L001	2	714	715	13:7	13:7	1corintios-13-7-P03	1corintios-13-7-P04	P001	124
L001 > L001	2	715	716	13:7	13:8	1corintios-13-7-P04	1corintios-13-8-P01	P001	125
L001 > L001	2	739	740	14:2	14:2	1corintios-14-2-P02	1corintios-14-2-P03	P001	126
L001 > L001	2	740	741	14:2	14:3	1corintios-14-2-P03	1corintios-14-3-P01	P001	127
L001 > L001	2	741	742	14:3	14:4	1corintios-14-3-P01	1corintios-14-4-P01	P001	128
L001 > L001	2	742	743	14:4	14:4	1corintios-14-4-P01	1corintios-14-4-P02	P001	129
L001 > L001	2	769	770	14:14	14:15	1corintios-14-14-P03	1corintios-14-15-P01	P001	130
L001 > L001	2	772	773	14:15	14:15	1corintios-14-15-P03	1corintios-14-15-P04	P001	131
L001 > L001	2	773	774	14:15	14:15	1corintios-14-15-P04	1corintios-14-15-P05	P001	132
L001 > L001	2	782	783	14:18	14:19	1corintios-14-18-P02	1corintios-14-19-P01	P001	133
L001 > L001	2	786	787	14:20	14:20	1corintios-14-20-P02	1corintios-14-20-P03	P001	134
L001 > L001	2	795	796	14:23	14:23	1corintios-14-23-P03	1corintios-14-23-P04	P001	135
L001 > L001	2	800	801	14:24	14:24	1corintios-14-24-P03	1corintios-14-24-P04	P001	136
L001 > L001	2	801	802	14:24	14:25	1corintios-14-24-P04	1corintios-14-25-P01	P001	137
L001 > L001	2	802	803	14:25	14:25	1corintios-14-25-P01	1corintios-14-25-P02	P001	138
L001 > L001	2	808	809	14:26	14:26	1corintios-14-26-P04	1corintios-14-26-P05	P001	139
L001 > L001	2	809	810	14:26	14:26	1corintios-14-26-P05	1corintios-14-26-P06	P001	140
L001 > L001	2	810	811	14:26	14:26	1corintios-14-26-P06	1corintios-14-26-P07	P001	141
L001 > L001	2	811	812	14:26	14:26	1corintios-14-26-P07	1corintios-14-26-P08	P001	142
L001 > L001	2	812	813	14:26	14:27	1corintios-14-26-P08	1corintios-14-27-P01	P001	143
L001 > L001	2	813	814	14:27	14:27	1corintios-14-27-P01	1corintios-14-27-P02	P001	144
L001 > L001	2	834	835	14:36	14:36	1corintios-14-36-P01	1corintios-14-36-P02	P001	145
L001 > L001	2	848	849	15:1	15:2	1corintios-15-1-P04	1corintios-15-2-P01	P001	146
L001 > L001	2	865	866	15:9	15:9	1corintios-15-9-P02	1corintios-15-9-P03	P001	147
L001 > L001	2	866	867	15:9	15:10	1corintios-15-9-P03	1corintios-15-10-P01	P001	148
L001 > L001	2	867	868	15:10	15:10	1corintios-15-10-P01	1corintios-15-10-P02	P001	149
L001 > L001	2	898	899	15:25	15:26	1corintios-15-25-P02	1corintios-15-26-P01	P001	150
L001 > L001	2	899	900	15:26	15:27	1corintios-15-26-P01	1corintios-15-27-P01	P001	151
L001 > L001	2	915	916	15:32	15:32	1corintios-15-32-P04	1corintios-15-32-P05	P001	152
L001 > L001	2	935	936	15:42	15:42	1corintios-15-42-P01	1corintios-15-42-P02	P001	153
L001 > L001	2	936	937	15:42	15:43	1corintios-15-42-P02	1corintios-15-43-P01	P001	154
L001 > L001	2	937	938	15:43	15:43	1corintios-15-43-P01	1corintios-15-43-P02	P001	155
L001 > L001	2	938	939	15:43	15:43	1corintios-15-43-P02	1corintios-15-43-P03	P001	156
L001 > L001	2	939	940	15:43	15:43	1corintios-15-43-P03	1corintios-15-43-P04	P001	157
L001 > L001	2	940	941	15:43	15:44	1corintios-15-43-P04	1corintios-15-44-P01	P001	158
L001 > L001	2	941	942	15:44	15:44	1corintios-15-44-P01	1corintios-15-44-P02	P001	159
L001 > L001	2	945	946	15:45	15:45	1corintios-15-45-P01	1corintios-15-45-P02	P001	160
L001 > L001	2	961	962	15:54	15:54	1corintios-15-54-P03	1corintios-15-54-P04	P001	161
L001 > L001	2	979	980	16:6	16:6	1corintios-16-6-P01	1corintios-16-6-P02	P001	162
L001 > L001 > L001	3	63	65	2:9	2:9	1corintios-2-9-P03	1corintios-2-9-P05	P002	1
L001 > L001 > L001	3	64	66	2:9	2:10	1corintios-2-9-P04	1corintios-2-10-P01	P002	2
L001 > L001 > L001	3	65	67	2:9	2:10	1corintios-2-9-P05	1corintios-2-10-P02	P002	3
L001 > L001 > L001	3	66	68	2:10	2:11	1corintios-2-10-P01	1corintios-2-11-P01	P002	4
L001 > L001 > L001	3	78	80	2:15	2:16	1corintios-2-15-P02	1corintios-2-16-P02	P002	5
L001 > L001 > L001	3	85	87	3:2	3:3	1corintios-3-2-P03	1corintios-3-3-P02	P002	6
L001 > L001 > L001	3	86	88	3:3	3:3	1corintios-3-3-P01	1corintios-3-3-P03	P002	7
L001 > L001 > L001	3	106	108	3:10	3:11	1corintios-3-10-P03	1corintios-3-11-P01	P002	8
L001 > L001 > L001	3	107	109	3:10	3:11	1corintios-3-10-P04	1corintios-3-11-P02	P002	9
L001 > L001 > L001	3	150	152	4:5	4:5	1corintios-4-5-P03	1corintios-4-5-P05	P002	10
L001 > L001 > L001	3	163	165	4:8	4:8	1corintios-4-8-P02	1corintios-4-8-P04	P002	11
L001 > L001 > L001	3	171	173	4:11	4:11	1corintios-4-11-P02	1corintios-4-11-P04	P002	12
L001 > L001 > L001	3	172	174	4:11	4:11	1corintios-4-11-P03	1corintios-4-11-P05	P002	13
L001 > L001 > L001	3	173	175	4:11	4:12	1corintios-4-11-P04	1corintios-4-12-P01	P002	14
L001 > L001 > L001	3	174	176	4:11	4:12	1corintios-4-11-P05	1corintios-4-12-P02	P002	15
L001 > L001 > L001	3	175	177	4:12	4:12	1corintios-4-12-P01	1corintios-4-12-P03	P002	16
L001 > L001 > L001	3	176	178	4:12	4:13	1corintios-4-12-P02	1corintios-4-13-P01	P002	17
L001 > L001 > L001	3	226	228	6:5	6:7	1corintios-6-5-P03	1corintios-6-7-P01	P002	18
L001 > L001 > L001	3	231	233	6:7	6:8	1corintios-6-7-P04	1corintios-6-8-P02	P002	19
L001 > L001 > L001	3	232	234	6:8	6:9	1corintios-6-8-P01	1corintios-6-9-P01	P002	20
L001 > L001 > L001	3	239	241	6:11	6:11	1corintios-6-11-P02	1corintios-6-11-P04	P002	21
L001 > L001 > L001	3	265	267	6:19	6:20	1corintios-6-19-P04	1corintios-6-20-P02	P002	22
L001 > L001 > L001	3	266	268	6:20	7:1	1corintios-6-20-P01	1corintios-7-1-P01	P002	23
L001 > L001 > L001	3	270	272	7:2	7:4	1corintios-7-2-P02	1corintios-7-4-P01	P002	24
L001 > L001 > L001	3	271	273	7:3	7:4	1corintios-7-3-P01	1corintios-7-4-P02	P002	25
L001 > L001 > L001	3	296	298	7:13	7:14	1corintios-7-13-P03	1corintios-7-14-P02	P002	26
L001 > L001 > L001	3	314	316	7:18	7:18	1corintios-7-18-P02	1corintios-7-18-P04	P002	27
L001 > L001 > L001	3	315	317	7:18	7:19	1corintios-7-18-P03	1corintios-7-19-P01	P002	28
L001 > L001 > L001	3	316	318	7:18	7:19	1corintios-7-18-P04	1corintios-7-19-P02	P002	29
L001 > L001 > L001	3	317	319	7:19	7:20	1corintios-7-19-P01	1corintios-7-20-P01	P002	30
L001 > L001 > L001	3	318	320	7:19	7:20	1corintios-7-19-P02	1corintios-7-20-P02	P002	31
L001 > L001 > L001	3	335	337	7:27	7:27	1corintios-7-27-P02	1corintios-7-27-P04	P002	32
L001 > L001 > L001	3	350	352	7:32	7:33	1corintios-7-32-P03	1corintios-7-33-P02	P002	33
L001 > L001 > L001	3	351	353	7:33	7:34	1corintios-7-33-P01	1corintios-7-34-P01	P002	34
L001 > L001 > L001	3	352	354	7:33	7:34	1corintios-7-33-P02	1corintios-7-34-P02	P002	35
L001 > L001 > L001	3	363	365	7:36	7:36	1corintios-7-36-P04	1corintios-7-36-P06	P002	36
L001 > L001 > L001	3	368	370	7:37	7:37	1corintios-7-37-P02	1corintios-7-37-P04	P002	37
L001 > L001 > L001	3	422	424	9:7	9:7	1corintios-9-7-P02	1corintios-9-7-P04	P002	38
L001 > L001 > L001	3	423	425	9:7	9:7	1corintios-9-7-P03	1corintios-9-7-P05	P002	39
L001 > L001 > L001	3	480	482	9:27	10:1	1corintios-9-27-P02	1corintios-10-1-P01	P002	40
L001 > L001 > L001	3	485	487	10:2	10:4	1corintios-10-2-P01	1corintios-10-4-P01	P002	41
L001 > L001 > L001	3	486	488	10:3	10:4	1corintios-10-3-P01	1corintios-10-4-P02	P002	42
L001 > L001 > L001	3	539	541	10:23	10:23	1corintios-10-23-P02	1corintios-10-23-P04	P002	43
L001 > L001 > L001	3	540	542	10:23	10:24	1corintios-10-23-P03	1corintios-10-24-P01	P002	44
L001 > L001 > L001	3	556	558	10:31	10:31	1corintios-10-31-P02	1corintios-10-31-P04	P002	45
L001 > L001 > L001	3	557	559	10:31	10:32	1corintios-10-31-P03	1corintios-10-32-P01	P002	46
L001 > L001 > L001	3	576	578	11:7	11:9	1corintios-11-7-P02	1corintios-11-9-P01	P002	47
L001 > L001 > L001	3	577	579	11:8	11:10	1corintios-11-8-P01	1corintios-11-10-P01	P002	48
L001 > L001 > L001	3	597	599	11:21	11:21	1corintios-11-21-P01	1corintios-11-21-P03	P002	49
L001 > L001 > L001	3	604	606	11:22	11:23	1corintios-11-22-P05	1corintios-11-23-P01	P002	50
L001 > L001 > L001	3	605	607	11:22	11:23	1corintios-11-22-P06	1corintios-11-23-P02	P002	51
L001 > L001 > L001	3	610	612	11:24	11:24	1corintios-11-24-P01	1corintios-11-24-P03	P002	52
L001 > L001 > L001	3	623	625	11:27	11:28	1corintios-11-27-P03	1corintios-11-28-P02	P002	53
L001 > L001 > L001	3	624	626	11:28	11:28	1corintios-11-28-P01	1corintios-11-28-P03	P002	54
L001 > L001 > L001	3	625	627	11:28	11:29	1corintios-11-28-P02	1corintios-11-29-P01	P002	55
L001 > L001 > L001	3	626	628	11:28	11:29	1corintios-11-28-P03	1corintios-11-29-P02	P002	56
L001 > L001 > L001	3	683	685	12:26	12:26	1corintios-12-26-P02	1corintios-12-26-P04	P002	57
L001 > L001 > L001	3	702	704	13:4	13:4	1corintios-13-4-P02	1corintios-13-4-P04	P002	58
L001 > L001 > L001	3	703	705	13:4	13:4	1corintios-13-4-P03	1corintios-13-4-P05	P002	59
L001 > L001 > L001	3	704	706	13:4	13:5	1corintios-13-4-P04	1corintios-13-5-P01	P002	60
L001 > L001 > L001	3	705	707	13:4	13:5	1corintios-13-4-P05	1corintios-13-5-P02	P002	61
L001 > L001 > L001	3	706	708	13:5	13:5	1corintios-13-5-P01	1corintios-13-5-P03	P002	62
L001 > L001 > L001	3	707	709	13:5	13:5	1corintios-13-5-P02	1corintios-13-5-P04	P002	63
L001 > L001 > L001	3	708	710	13:5	13:6	1corintios-13-5-P03	1corintios-13-6-P01	P002	64
L001 > L001 > L001	3	709	711	13:5	13:6	1corintios-13-5-P04	1corintios-13-6-P02	P002	65
L001 > L001 > L001	3	710	712	13:6	13:7	1corintios-13-6-P01	1corintios-13-7-P01	P002	66
L001 > L001 > L001	3	711	713	13:6	13:7	1corintios-13-6-P02	1corintios-13-7-P02	P002	67
L001 > L001 > L001	3	712	714	13:7	13:7	1corintios-13-7-P01	1corintios-13-7-P03	P002	68
L001 > L001 > L001	3	713	715	13:7	13:7	1corintios-13-7-P02	1corintios-13-7-P04	P002	69
L001 > L001 > L001	3	714	716	13:7	13:8	1corintios-13-7-P03	1corintios-13-8-P01	P002	70
L001 > L001 > L001	3	739	741	14:2	14:3	1corintios-14-2-P02	1corintios-14-3-P01	P002	71
L001 > L001 > L001	3	740	742	14:2	14:4	1corintios-14-2-P03	1corintios-14-4-P01	P002	72
L001 > L001 > L001	3	741	743	14:3	14:4	1corintios-14-3-P01	1corintios-14-4-P02	P002	73
L001 > L001 > L001	3	772	774	14:15	14:15	1corintios-14-15-P03	1corintios-14-15-P05	P002	74
L001 > L001 > L001	3	800	802	14:24	14:25	1corintios-14-24-P03	1corintios-14-25-P01	P002	75
L001 > L001 > L001	3	801	803	14:24	14:25	1corintios-14-24-P04	1corintios-14-25-P02	P002	76
L001 > L001 > L001	3	808	810	14:26	14:26	1corintios-14-26-P04	1corintios-14-26-P06	P002	77
L001 > L001 > L001	3	809	811	14:26	14:26	1corintios-14-26-P05	1corintios-14-26-P07	P002	78
L001 > L001 > L001	3	810	812	14:26	14:26	1corintios-14-26-P06	1corintios-14-26-P08	P002	79
L001 > L001 > L001	3	811	813	14:26	14:27	1corintios-14-26-P07	1corintios-14-27-P01	P002	80
L001 > L001 > L001	3	812	814	14:26	14:27	1corintios-14-26-P08	1corintios-14-27-P02	P002	81
L001 > L001 > L001	3	865	867	15:9	15:10	1corintios-15-9-P02	1corintios-15-10-P01	P002	82
L001 > L001 > L001	3	866	868	15:9	15:10	1corintios-15-9-P03	1corintios-15-10-P02	P002	83
L001 > L001 > L001	3	898	900	15:25	15:27	1corintios-15-25-P02	1corintios-15-27-P01	P002	84
L001 > L001 > L001	3	935	937	15:42	15:43	1corintios-15-42-P01	1corintios-15-43-P01	P002	85
L001 > L001 > L001	3	936	938	15:42	15:43	1corintios-15-42-P02	1corintios-15-43-P02	P002	86
L001 > L001 > L001	3	937	939	15:43	15:43	1corintios-15-43-P01	1corintios-15-43-P03	P002	87
L001 > L001 > L001	3	938	940	15:43	15:43	1corintios-15-43-P02	1corintios-15-43-P04	P002	88
L001 > L001 > L001	3	939	941	15:43	15:44	1corintios-15-43-P03	1corintios-15-44-P01	P002	89
L001 > L001 > L001	3	940	942	15:43	15:44	1corintios-15-43-P04	1corintios-15-44-P02	P002	90
L001 > L001 > L001 > L001	4	63	66	2:9	2:10	1corintios-2-9-P03	1corintios-2-10-P01	P003	1
L001 > L001 > L001 > L001	4	64	67	2:9	2:10	1corintios-2-9-P04	1corintios-2-10-P02	P003	2
L001 > L001 > L001 > L001	4	65	68	2:9	2:11	1corintios-2-9-P05	1corintios-2-11-P01	P003	3
L001 > L001 > L001 > L001	4	85	88	3:2	3:3	1corintios-3-2-P03	1corintios-3-3-P03	P003	4
L001 > L001 > L001 > L001	4	106	109	3:10	3:11	1corintios-3-10-P03	1corintios-3-11-P02	P003	5
L001 > L001 > L001 > L001	4	171	174	4:11	4:11	1corintios-4-11-P02	1corintios-4-11-P05	P003	6
L001 > L001 > L001 > L001	4	172	175	4:11	4:12	1corintios-4-11-P03	1corintios-4-12-P01	P003	7
L001 > L001 > L001 > L001	4	173	176	4:11	4:12	1corintios-4-11-P04	1corintios-4-12-P02	P003	8
L001 > L001 > L001 > L001	4	174	177	4:11	4:12	1corintios-4-11-P05	1corintios-4-12-P03	P003	9
L001 > L001 > L001 > L001	4	175	178	4:12	4:13	1corintios-4-12-P01	1corintios-4-13-P01	P003	10
L001 > L001 > L001 > L001	4	231	234	6:7	6:9	1corintios-6-7-P04	1corintios-6-9-P01	P003	11
L001 > L001 > L001 > L001	4	265	268	6:19	7:1	1corintios-6-19-P04	1corintios-7-1-P01	P003	12
L001 > L001 > L001 > L001	4	270	273	7:2	7:4	1corintios-7-2-P02	1corintios-7-4-P02	P003	13
L001 > L001 > L001 > L001	4	314	317	7:18	7:19	1corintios-7-18-P02	1corintios-7-19-P01	P003	14
L001 > L001 > L001 > L001	4	315	318	7:18	7:19	1corintios-7-18-P03	1corintios-7-19-P02	P003	15
L001 > L001 > L001 > L001	4	316	319	7:18	7:20	1corintios-7-18-P04	1corintios-7-20-P01	P003	16
L001 > L001 > L001 > L001	4	317	320	7:19	7:20	1corintios-7-19-P01	1corintios-7-20-P02	P003	17
L001 > L001 > L001 > L001	4	350	353	7:32	7:34	1corintios-7-32-P03	1corintios-7-34-P01	P003	18
L001 > L001 > L001 > L001	4	351	354	7:33	7:34	1corintios-7-33-P01	1corintios-7-34-P02	P003	19
L001 > L001 > L001 > L001	4	422	425	9:7	9:7	1corintios-9-7-P02	1corintios-9-7-P05	P003	20
L001 > L001 > L001 > L001	4	485	488	10:2	10:4	1corintios-10-2-P01	1corintios-10-4-P02	P003	21
L001 > L001 > L001 > L001	4	539	542	10:23	10:24	1corintios-10-23-P02	1corintios-10-24-P01	P003	22
L001 > L001 > L001 > L001	4	556	559	10:31	10:32	1corintios-10-31-P02	1corintios-10-32-P01	P003	23
L001 > L001 > L001 > L001	4	576	579	11:7	11:10	1corintios-11-7-P02	1corintios-11-10-P01	P003	24
L001 > L001 > L001 > L001	4	604	607	11:22	11:23	1corintios-11-22-P05	1corintios-11-23-P02	P003	25
L001 > L001 > L001 > L001	4	623	626	11:27	11:28	1corintios-11-27-P03	1corintios-11-28-P03	P003	26
L001 > L001 > L001 > L001	4	624	627	11:28	11:29	1corintios-11-28-P01	1corintios-11-29-P01	P003	27
L001 > L001 > L001 > L001	4	625	628	11:28	11:29	1corintios-11-28-P02	1corintios-11-29-P02	P003	28
L001 > L001 > L001 > L001	4	702	705	13:4	13:4	1corintios-13-4-P02	1corintios-13-4-P05	P003	29
L001 > L001 > L001 > L001	4	703	706	13:4	13:5	1corintios-13-4-P03	1corintios-13-5-P01	P003	30
L001 > L001 > L001 > L001	4	704	707	13:4	13:5	1corintios-13-4-P04	1corintios-13-5-P02	P003	31
L001 > L001 > L001 > L001	4	705	708	13:4	13:5	1corintios-13-4-P05	1corintios-13-5-P03	P003	32
L001 > L001 > L001 > L001	4	706	709	13:5	13:5	1corintios-13-5-P01	1corintios-13-5-P04	P003	33
L001 > L001 > L001 > L001	4	707	710	13:5	13:6	1corintios-13-5-P02	1corintios-13-6-P01	P003	34
L001 > L001 > L001 > L001	4	708	711	13:5	13:6	1corintios-13-5-P03	1corintios-13-6-P02	P003	35
L001 > L001 > L001 > L001	4	709	712	13:5	13:7	1corintios-13-5-P04	1corintios-13-7-P01	P003	36
L001 > L001 > L001 > L001	4	710	713	13:6	13:7	1corintios-13-6-P01	1corintios-13-7-P02	P003	37
L001 > L001 > L001 > L001	4	711	714	13:6	13:7	1corintios-13-6-P02	1corintios-13-7-P03	P003	38
L001 > L001 > L001 > L001	4	712	715	13:7	13:7	1corintios-13-7-P01	1corintios-13-7-P04	P003	39
L001 > L001 > L001 > L001	4	713	716	13:7	13:8	1corintios-13-7-P02	1corintios-13-8-P01	P003	40
L001 > L001 > L001 > L001	4	739	742	14:2	14:4	1corintios-14-2-P02	1corintios-14-4-P01	P003	41
L001 > L001 > L001 > L001	4	740	743	14:2	14:4	1corintios-14-2-P03	1corintios-14-4-P02	P003	42
L001 > L001 > L001 > L001	4	800	803	14:24	14:25	1corintios-14-24-P03	1corintios-14-25-P02	P003	43
L001 > L001 > L001 > L001	4	808	811	14:26	14:26	1corintios-14-26-P04	1corintios-14-26-P07	P003	44
L001 > L001 > L001 > L001	4	809	812	14:26	14:26	1corintios-14-26-P05	1corintios-14-26-P08	P003	45
L001 > L001 > L001 > L001	4	810	813	14:26	14:27	1corintios-14-26-P06	1corintios-14-27-P01	P003	46
L001 > L001 > L001 > L001	4	811	814	14:26	14:27	1corintios-14-26-P07	1corintios-14-27-P02	P003	47
L001 > L001 > L001 > L001	4	865	868	15:9	15:10	1corintios-15-9-P02	1corintios-15-10-P02	P003	48
L001 > L001 > L001 > L001	4	935	938	15:42	15:43	1corintios-15-42-P01	1corintios-15-43-P02	P003	49
L001 > L001 > L001 > L001	4	936	939	15:42	15:43	1corintios-15-42-P02	1corintios-15-43-P03	P003	50
L001 > L001 > L001 > L001	4	937	940	15:43	15:43	1corintios-15-43-P01	1corintios-15-43-P04	P003	51
L001 > L001 > L001 > L001	4	938	941	15:43	15:44	1corintios-15-43-P02	1corintios-15-44-P01	P003	52
L001 > L001 > L001 > L001	4	939	942	15:43	15:44	1corintios-15-43-P03	1corintios-15-44-P02	P003	53
L006 > L005	2	26	27	1:17	1:18	1corintios-1-17-P02	1corintios-1-18-P01	P004	1
L006 > L005	2	33	34	1:21	1:21	1corintios-1-21-P01	1corintios-1-21-P02	P004	2
L006 > L005	2	41	42	1:27	1:27	1corintios-1-27-P02	1corintios-1-27-P03	P004	3
L006 > L005	2	43	44	1:27	1:28	1corintios-1-27-P04	1corintios-1-28-P01	P004	4
L006 > L005	2	49	50	1:31	1:31	1corintios-1-31-P01	1corintios-1-31-P02	P004	5
L006 > L005	2	71	72	2:12	2:13	1corintios-2-12-P02	1corintios-2-13-P01	P004	6
L006 > L005	2	76	77	2:14	2:15	1corintios-2-14-P04	1corintios-2-15-P01	P004	7
L006 > L005	2	110	111	3:12	3:13	1corintios-3-12-P01	1corintios-3-13-P01	P004	8
L006 > L005	2	113	114	3:13	3:13	1corintios-3-13-P03	1corintios-3-13-P04	P004	9
L006 > L005	2	116	117	3:14	3:14	1corintios-3-14-P01	1corintios-3-14-P02	P004	10
L006 > L005	2	119	120	3:15	3:15	1corintios-3-15-P01	1corintios-3-15-P02	P004	11
L006 > L005	2	125	126	3:17	3:17	1corintios-3-17-P01	1corintios-3-17-P02	P004	12
L006 > L005	2	130	131	3:18	3:18	1corintios-3-18-P02	1corintios-3-18-P03	P004	13
L006 > L005	2	132	133	3:18	3:19	1corintios-3-18-P04	1corintios-3-19-P01	P004	14
L006 > L005	2	141	142	4:2	4:3	1corintios-4-2-P02	1corintios-4-3-P01	P004	15
L006 > L005	2	160	161	4:7	4:7	1corintios-4-7-P04	1corintios-4-7-P05	P004	16
L006 > L005	2	275	276	7:5	7:5	1corintios-7-5-P02	1corintios-7-5-P03	P004	17
L006 > L005	2	294	295	7:13	7:13	1corintios-7-13-P01	1corintios-7-13-P02	P004	18
L006 > L005	2	299	300	7:14	7:14	1corintios-7-14-P03	1corintios-7-14-P04	P004	19
L006 > L005	2	301	302	7:15	7:15	1corintios-7-15-P01	1corintios-7-15-P02	P004	20
L006 > L005	2	306	307	7:16	7:16	1corintios-7-16-P02	1corintios-7-16-P03	P004	21
L006 > L005	2	338	339	7:28	7:28	1corintios-7-28-P01	1corintios-7-28-P02	P004	22
L006 > L005	2	355	356	7:34	7:34	1corintios-7-34-P03	1corintios-7-34-P04	P004	23
L006 > L005	2	371	372	7:38	7:38	1corintios-7-38-P01	1corintios-7-38-P02	P004	24
L006 > L005	2	375	376	7:39	7:39	1corintios-7-39-P03	1corintios-7-39-P04	P004	25
L006 > L005	2	385	386	8:2	8:2	1corintios-8-2-P01	1corintios-8-2-P02	P004	26
L006 > L005	2	398	399	8:8	8:8	1corintios-8-8-P04	1corintios-8-8-P05	P004	27
L006 > L005	2	402	403	8:10	8:10	1corintios-8-10-P01	1corintios-8-10-P02	P004	28
L006 > L005	2	409	410	8:13	9:1	1corintios-8-13-P03	1corintios-9-1-P01	P004	29
L006 > L005	2	459	460	9:19	9:20	1corintios-9-19-P02	1corintios-9-20-P01	P004	30
L006 > L005	2	465	466	9:22	9:22	1corintios-9-22-P02	1corintios-9-22-P03	P004	31
L006 > L005	2	467	468	9:22	9:23	1corintios-9-22-P04	1corintios-9-23-P01	P004	32
L006 > L005	2	478	479	9:26	9:27	1corintios-9-26-P02	1corintios-9-27-P01	P004	33
L006 > L005	2	510	511	10:12	10:12	1corintios-10-12-P01	1corintios-10-12-P02	P004	34
L006 > L005	2	572	573	11:6	11:6	1corintios-11-6-P01	1corintios-11-6-P02	P004	35
L006 > L005	2	574	575	11:6	11:7	1corintios-11-6-P03	1corintios-11-7-P01	P004	36
L006 > L005	2	583	584	11:14	11:14	1corintios-11-14-P02	1corintios-11-14-P03	P004	37
L006 > L005	2	585	586	11:15	11:15	1corintios-11-15-P01	1corintios-11-15-P02	P004	38
L006 > L005	2	621	622	11:27	11:27	1corintios-11-27-P01	1corintios-11-27-P02	P004	39
L006 > L005	2	653	654	12:11	12:12	1corintios-12-11-P02	1corintios-12-12-P01	P004	40
L006 > L005	2	693	694	13:1	13:1	1corintios-13-1-P01	1corintios-13-1-P02	P004	41
L006 > L005	2	696	697	13:2	13:2	1corintios-13-2-P01	1corintios-13-2-P02	P004	42
L006 > L005	2	699	700	13:2	13:2	1corintios-13-2-P04	1corintios-13-2-P05	P004	43
L006 > L005	2	753	754	14:8	14:8	1corintios-14-8-P01	1corintios-14-8-P02	P004	44
L006 > L005	2	804	805	14:25	14:26	1corintios-14-25-P03	1corintios-14-26-P01	P004	45
L006 > L005	2	815	816	14:28	14:28	1corintios-14-28-P01	1corintios-14-28-P02	P004	46
L006 > L005	2	836	837	14:37	14:37	1corintios-14-37-P01	1corintios-14-37-P02	P004	47
L006 > L005	2	933	934	15:38	15:41	1corintios-15-38-P02	1corintios-15-41-P01	P004	48
L006 > L005	2	943	944	15:44	15:44	1corintios-15-44-P03	1corintios-15-44-P04	P004	49
L006 > L005	2	959	960	15:54	15:54	1corintios-15-54-P01	1corintios-15-54-P02	P004	50
L006 > L005	2	977	978	16:5	16:5	1corintios-16-5-P02	1corintios-16-5-P03	P004	51
L006 > L005	2	999	1000	16:12	16:12	1corintios-16-12-P04	1corintios-16-12-P05	P004	52
L006 > L005	2	1001	1002	16:12	16:14	1corintios-16-12-P06	1corintios-16-14-P01	P004	53
L003 > L002	2	7	8	1:10	1:10	1corintios-1-10-P02	1corintios-1-10-P03	P005	1
L003 > L002	2	11	12	1:11	1:12	1corintios-1-11-P02	1corintios-1-12-P01	P005	2
L003 > L002	2	13	14	1:12	1:12	1corintios-1-12-P02	1corintios-1-12-P03	P005	3
L003 > L002	2	21	22	1:15	1:16	1corintios-1-15-P02	1corintios-1-16-P01	P005	4
L003 > L002	2	38	39	1:25	1:26	1corintios-1-25-P01	1corintios-1-26-P01	P005	5
L003 > L002	2	54	55	2:5	2:6	1corintios-2-5-P01	1corintios-2-6-P01	P005	6
L003 > L002	2	89	90	3:4	3:4	1corintios-3-4-P01	1corintios-3-4-P02	P005	7
L003 > L002	2	95	96	3:5	3:6	1corintios-3-5-P04	1corintios-3-6-P01	P005	8
L003 > L002	2	104	105	3:10	3:10	1corintios-3-10-P01	1corintios-3-10-P02	P005	9
L003 > L002	2	148	149	4:5	4:5	1corintios-4-5-P01	1corintios-4-5-P02	P005	10
L003 > L002	2	154	155	4:6	4:6	1corintios-4-6-P02	1corintios-4-6-P03	P005	11
L003 > L002	2	156	157	4:6	4:7	1corintios-4-6-P04	1corintios-4-7-P01	P005	12
L003 > L002	2	166	167	4:8	4:9	1corintios-4-8-P05	1corintios-4-9-P01	P005	13
L003 > L002	2	181	182	4:15	4:15	1corintios-4-15-P01	1corintios-4-15-P02	P005	14
L003 > L002	2	189	190	4:18	4:19	1corintios-4-18-P01	1corintios-4-19-P01	P005	15
L003 > L002	2	191	192	4:19	4:19	1corintios-4-19-P02	1corintios-4-19-P03	P005	16
L003 > L002	2	198	199	5:2	5:3	1corintios-5-2-P03	1corintios-5-3-P01	P005	17
L003 > L002	2	200	201	5:5	5:6	1corintios-5-5-P01	1corintios-5-6-P01	P005	18
L003 > L002	2	202	203	5:6	5:7	1corintios-5-6-P02	1corintios-5-7-P01	P005	19
L003 > L002	2	207	208	5:8	5:9	1corintios-5-8-P01	1corintios-5-9-P01	P005	20
L003 > L002	2	209	210	5:10	5:11	1corintios-5-10-P01	1corintios-5-11-P01	P005	21
L003 > L002	2	211	212	5:11	5:12	1corintios-5-11-P02	1corintios-5-12-P01	P005	22
L003 > L002	2	235	236	6:9	6:9	1corintios-6-9-P02	1corintios-6-9-P03	P005	23
L003 > L002	2	250	251	6:15	6:15	1corintios-6-15-P02	1corintios-6-15-P03	P005	24
L003 > L002	2	254	255	6:16	6:16	1corintios-6-16-P02	1corintios-6-16-P03	P005	25
L003 > L002	2	263	264	6:19	6:19	1corintios-6-19-P02	1corintios-6-19-P03	P005	26
L003 > L002	2	277	278	7:5	7:6	1corintios-7-5-P04	1corintios-7-6-P01	P005	27
L003 > L002	2	280	281	7:7	7:8	1corintios-7-7-P02	1corintios-7-8-P01	P005	28
L003 > L002	2	407	408	8:13	8:13	1corintios-8-13-P01	1corintios-8-13-P02	P005	29
L003 > L002	2	448	449	9:16	9:16	1corintios-9-16-P01	1corintios-9-16-P02	P005	30
L003 > L002	2	471	472	9:24	9:24	1corintios-9-24-P02	1corintios-9-24-P03	P005	31
L003 > L002	2	476	477	9:25	9:26	1corintios-9-25-P02	1corintios-9-26-P01	P005	32
L003 > L002	2	517	518	10:15	10:15	1corintios-10-15-P01	1corintios-10-15-P02	P005	33
L003 > L002	2	544	545	10:27	10:27	1corintios-10-27-P01	1corintios-10-27-P02	P005	34
L003 > L002	2	561	562	10:33	11:1	1corintios-10-33-P02	1corintios-11-1-P01	P005	35
L003 > L002	2	565	566	11:2	11:2	1corintios-11-2-P03	1corintios-11-2-P04	P005	36
L003 > L002	2	591	592	11:17	11:18	1corintios-11-17-P02	1corintios-11-18-P01	P005	37
L003 > L002	2	595	596	11:19	11:20	1corintios-11-19-P02	1corintios-11-20-P01	P005	38
L003 > L002	2	755	756	14:9	14:9	1corintios-14-9-P01	1corintios-14-9-P02	P005	39
L003 > L002	2	758	759	14:10	14:10	1corintios-14-10-P01	1corintios-14-10-P02	P005	40
L003 > L002	2	775	776	14:16	14:16	1corintios-14-16-P01	1corintios-14-16-P02	P005	41
L003 > L002	2	777	778	14:16	14:16	1corintios-14-16-P03	1corintios-14-16-P04	P005	42
L003 > L002	2	789	790	14:21	14:21	1corintios-14-21-P02	1corintios-14-21-P03	P005	43
L003 > L002	2	806	807	14:26	14:26	1corintios-14-26-P02	1corintios-14-26-P03	P005	44
L003 > L002	2	913	914	15:32	15:32	1corintios-15-32-P02	1corintios-15-32-P03	P005	45
L003 > L002	2	964	965	15:58	16:1	1corintios-15-58-P02	1corintios-16-1-P01	P005	46
L003 > L002	2	972	973	16:3	16:3	1corintios-16-3-P02	1corintios-16-3-P03	P005	47
L003 > L002	2	974	975	16:4	16:4	1corintios-16-4-P01	1corintios-16-4-P02	P005	48
L003 > L002	2	985	986	16:7	16:8	1corintios-16-7-P03	1corintios-16-8-P01	P005	49
L003 > L002	2	994	995	16:11	16:11	1corintios-16-11-P03	1corintios-16-11-P04	P005	50
L003 > L002	2	1005	1006	16:15	16:15	1corintios-16-15-P03	1corintios-16-15-P04	P005	51
L003 > L002	2	1007	1008	16:16	16:17	1corintios-16-16-P01	1corintios-16-17-P01	P005	52
L004 > L001	2	15	16	1:13	1:13	1corintios-1-13-P01	1corintios-1-13-P02	P006	1
L004 > L001	2	30	31	1:19	1:19	1corintios-1-19-P02	1corintios-1-19-P03	P006	2
L004 > L001	2	51	52	2:1	2:2	1corintios-2-1-P01	1corintios-2-2-P01	P006	3
L004 > L001	2	82	83	3:1	3:2	1corintios-3-1-P01	1corintios-3-2-P01	P006	4
L004 > L001	2	97	98	3:6	3:6	1corintios-3-6-P02	1corintios-3-6-P03	P006	5
L004 > L001	2	158	159	4:7	4:7	1corintios-4-7-P02	1corintios-4-7-P03	P006	6
L004 > L001	2	162	163	4:8	4:8	1corintios-4-8-P01	1corintios-4-8-P02	P006	7
L004 > L001	2	186	187	4:17	4:17	1corintios-4-17-P02	1corintios-4-17-P03	P006	8
L004 > L001	2	225	226	6:5	6:5	1corintios-6-5-P02	1corintios-6-5-P03	P006	9
L004 > L001	2	238	239	6:11	6:11	1corintios-6-11-P01	1corintios-6-11-P02	P006	10
L004 > L001	2	246	247	6:13	6:14	1corintios-6-13-P01	1corintios-6-14-P01	P006	11
L004 > L001	2	256	257	6:16	6:17	1corintios-6-16-P04	1corintios-6-17-P01	P006	12
L004 > L001	2	313	314	7:18	7:18	1corintios-7-18-P01	1corintios-7-18-P02	P006	13
L004 > L001	2	325	326	7:22	7:22	1corintios-7-22-P01	1corintios-7-22-P02	P006	14
L004 > L001	2	331	332	7:25	7:25	1corintios-7-25-P01	1corintios-7-25-P02	P006	15
L004 > L001	2	334	335	7:27	7:27	1corintios-7-27-P01	1corintios-7-27-P02	P006	16
L004 > L001	2	349	350	7:32	7:32	1corintios-7-32-P02	1corintios-7-32-P03	P006	17
L004 > L001	2	367	368	7:37	7:37	1corintios-7-37-P01	1corintios-7-37-P02	P006	18
L004 > L001	2	391	392	8:5	8:5	1corintios-8-5-P01	1corintios-8-5-P02	P006	19
L004 > L001	2	427	428	9:8	9:9	1corintios-9-8-P02	1corintios-9-9-P01	P006	20
L004 > L001	2	430	431	9:9	9:10	1corintios-9-9-P03	1corintios-9-10-P01	P006	21
L004 > L001	2	444	445	9:15	9:15	1corintios-9-15-P01	1corintios-9-15-P02	P006	22
L004 > L001	2	489	490	10:4	10:5	1corintios-10-4-P03	1corintios-10-5-P01	P006	23
L004 > L001	2	491	492	10:5	10:6	1corintios-10-5-P02	1corintios-10-6-P01	P006	24
L004 > L001	2	505	506	10:10	10:10	1corintios-10-10-P02	1corintios-10-10-P03	P006	25
L004 > L001	2	507	508	10:11	10:11	1corintios-10-11-P01	1corintios-10-11-P02	P006	26
L004 > L001	2	536	537	10:22	10:22	1corintios-10-22-P01	1corintios-10-22-P02	P006	27
L004 > L001	2	647	648	12:4	12:5	1corintios-12-4-P01	1corintios-12-5-P01	P006	28
L004 > L001	2	650	651	12:7	12:8	1corintios-12-7-P01	1corintios-12-8-P01	P006	29
L004 > L001	2	667	668	12:16	12:18	1corintios-12-16-P04	1corintios-12-18-P01	P006	30
L004 > L001	2	672	673	12:21	12:21	1corintios-12-21-P02	1corintios-12-21-P03	P006	31
L004 > L001	2	682	683	12:26	12:26	1corintios-12-26-P01	1corintios-12-26-P02	P006	32
L004 > L001	2	688	689	12:30	12:30	1corintios-12-30-P01	1corintios-12-30-P02	P006	33
L004 > L001	2	701	702	13:4	13:4	1corintios-13-4-P01	1corintios-13-4-P02	P006	34
L004 > L001	2	717	718	13:8	13:8	1corintios-13-8-P02	1corintios-13-8-P03	P006	35
L004 > L001	2	731	732	13:12	13:12	1corintios-13-12-P02	1corintios-13-12-P03	P006	36
L004 > L001	2	771	772	14:15	14:15	1corintios-14-15-P02	1corintios-14-15-P03	P006	37
L004 > L001	2	781	782	14:18	14:18	1corintios-14-18-P01	1corintios-14-18-P02	P006	38
L004 > L001	2	818	819	14:29	14:29	1corintios-14-29-P01	1corintios-14-29-P02	P006	39
L004 > L001	2	825	826	14:32	14:33	1corintios-14-32-P01	1corintios-14-33-P01	P006	40
L004 > L001	2	833	834	14:35	14:36	1corintios-14-35-P03	1corintios-14-36-P01	P006	41
L004 > L001	2	845	846	15:1	15:1	1corintios-15-1-P01	1corintios-15-1-P02	P006	42
L004 > L001	2	860	861	15:6	15:6	1corintios-15-6-P02	1corintios-15-6-P03	P006	43
L004 > L001	2	862	863	15:7	15:8	1corintios-15-7-P01	1corintios-15-8-P01	P006	44
L004 > L001	2	864	865	15:9	15:9	1corintios-15-9-P01	1corintios-15-9-P02	P006	45
L004 > L001	2	893	894	15:22	15:22	1corintios-15-22-P01	1corintios-15-22-P02	P006	46
L004 > L001	2	910	911	15:31	15:31	1corintios-15-31-P01	1corintios-15-31-P02	P006	47
L004 > L001	2	919	920	15:34	15:34	1corintios-15-34-P01	1corintios-15-34-P02	P006	48
L004 > L001	2	924	925	15:35	15:35	1corintios-15-35-P02	1corintios-15-35-P03	P006	49
L004 > L001	2	953	954	15:51	15:51	1corintios-15-51-P02	1corintios-15-51-P03	P006	50
L002 > L001	2	22	23	1:16	1:16	1corintios-1-16-P01	1corintios-1-16-P02	P007	1
L002 > L001	2	55	56	2:6	2:7	1corintios-2-6-P01	1corintios-2-7-P01	P007	2
L002 > L001	2	57	58	2:7	2:8	1corintios-2-7-P02	1corintios-2-8-P01	P007	3
L002 > L001	2	73	74	2:14	2:14	1corintios-2-14-P01	1corintios-2-14-P02	P007	4
L002 > L001	2	84	85	3:2	3:2	1corintios-3-2-P02	1corintios-3-2-P03	P007	5
L002 > L001	2	92	93	3:5	3:5	1corintios-3-5-P01	1corintios-3-5-P02	P007	6
L002 > L001	2	105	106	3:10	3:10	1corintios-3-10-P02	1corintios-3-10-P03	P007	7
L002 > L001	2	149	150	4:5	4:5	1corintios-4-5-P02	1corintios-4-5-P03	P007	8
L002 > L001	2	182	183	4:15	4:16	1corintios-4-15-P02	1corintios-4-16-P01	P007	9
L002 > L001	2	196	197	5:2	5:2	1corintios-5-2-P01	1corintios-5-2-P02	P007	10
L002 > L001	2	219	220	6:2	6:3	1corintios-6-2-P04	1corintios-6-3-P01	P007	11
L002 > L001	2	242	243	6:12	6:12	1corintios-6-12-P01	1corintios-6-12-P02	P007	12
L002 > L001	2	264	265	6:19	6:19	1corintios-6-19-P03	1corintios-6-19-P04	P007	13
L002 > L001	2	269	270	7:2	7:2	1corintios-7-2-P01	1corintios-7-2-P02	P007	14
L002 > L001	2	278	279	7:6	7:7	1corintios-7-6-P01	1corintios-7-7-P01	P007	15
L002 > L001	2	327	328	7:23	7:23	1corintios-7-23-P01	1corintios-7-23-P02	P007	16
L002 > L001	2	329	330	7:24	7:24	1corintios-7-24-P01	1corintios-7-24-P02	P007	17
L002 > L001	2	343	344	7:28	7:29	1corintios-7-28-P06	1corintios-7-29-P01	P007	18
L002 > L001	2	383	384	8:1	8:1	1corintios-8-1-P03	1corintios-8-1-P04	P007	19
L002 > L001	2	394	395	8:7	8:8	1corintios-8-7-P02	1corintios-8-8-P01	P007	20
L002 > L001	2	418	419	9:4	9:5	1corintios-9-4-P01	1corintios-9-5-P01	P007	21
L002 > L001	2	421	422	9:7	9:7	1corintios-9-7-P01	1corintios-9-7-P02	P007	22
L002 > L001	2	437	438	9:12	9:12	1corintios-9-12-P02	1corintios-9-12-P03	P007	23
L002 > L001	2	449	450	9:16	9:16	1corintios-9-16-P02	1corintios-9-16-P03	P007	24
L002 > L001	2	534	535	10:21	10:21	1corintios-10-21-P01	1corintios-10-21-P02	P007	25
L002 > L001	2	538	539	10:23	10:23	1corintios-10-23-P01	1corintios-10-23-P02	P007	26
L002 > L001	2	545	546	10:27	10:27	1corintios-10-27-P02	1corintios-10-27-P03	P007	27
L002 > L001	2	555	556	10:31	10:31	1corintios-10-31-P01	1corintios-10-31-P02	P007	28
L002 > L001	2	581	582	11:13	11:14	1corintios-11-13-P02	1corintios-11-14-P01	P007	29
L002 > L001	2	592	593	11:18	11:18	1corintios-11-18-P01	1corintios-11-18-P02	P007	30
L002 > L001	2	596	597	11:20	11:21	1corintios-11-20-P01	1corintios-11-21-P01	P007	31
L002 > L001	2	600	601	11:22	11:22	1corintios-11-22-P01	1corintios-11-22-P02	P007	32
L002 > L001	2	603	604	11:22	11:22	1corintios-11-22-P04	1corintios-11-22-P05	P007	33
L002 > L001	2	657	658	12:13	12:13	1corintios-12-13-P01	1corintios-12-13-P02	P007	34
L002 > L001	2	675	676	12:23	12:23	1corintios-12-23-P01	1corintios-12-23-P02	P007	35
L002 > L001	2	677	678	12:23	12:24	1corintios-12-23-P03	1corintios-12-24-P01	P007	36
L002 > L001	2	720	721	13:9	13:9	1corintios-13-9-P01	1corintios-13-9-P02	P007	37
L002 > L001	2	735	736	14:1	14:1	1corintios-14-1-P01	1corintios-14-1-P02	P007	38
L002 > L001	2	738	739	14:2	14:2	1corintios-14-2-P01	1corintios-14-2-P02	P007	39
L002 > L001	2	768	769	14:14	14:14	1corintios-14-14-P02	1corintios-14-14-P03	P007	40
L002 > L001	2	785	786	14:20	14:20	1corintios-14-20-P01	1corintios-14-20-P02	P007	41
L002 > L001	2	794	795	14:23	14:23	1corintios-14-23-P02	1corintios-14-23-P03	P007	42
L002 > L001	2	799	800	14:24	14:24	1corintios-14-24-P02	1corintios-14-24-P03	P007	43
L002 > L001	2	807	808	14:26	14:26	1corintios-14-26-P03	1corintios-14-26-P04	P007	44
L002 > L001	2	847	848	15:1	15:1	1corintios-15-1-P03	1corintios-15-1-P04	P007	45
L002 > L001	2	853	854	15:3	15:3	1corintios-15-3-P01	1corintios-15-3-P02	P007	46
L002 > L001	2	914	915	15:32	15:32	1corintios-15-32-P03	1corintios-15-32-P04	P007	47
L002 > L001	2	929	930	15:37	15:37	1corintios-15-37-P01	1corintios-15-37-P02	P007	48
L002 > L001	2	995	996	16:11	16:12	1corintios-16-11-P04	1corintios-16-12-P01	P007	49
L003 > L005	2	3	4	1:6	1:8	1corintios-1-6-P01	1corintios-1-8-P01	P008	1
L003 > L005	2	35	36	1:22	1:22	1corintios-1-22-P01	1corintios-1-22-P02	P008	2
L003 > L005	2	59	60	2:8	2:8	1corintios-2-8-P02	1corintios-2-8-P03	P008	3
L003 > L005	2	61	62	2:9	2:9	1corintios-2-9-P01	1corintios-2-9-P02	P008	4
L003 > L005	2	143	144	4:3	4:3	1corintios-4-3-P02	1corintios-4-3-P03	P008	5
L003 > L005	2	169	170	4:9	4:11	1corintios-4-9-P03	1corintios-4-11-P01	P008	6
L003 > L005	2	229	230	6:7	6:7	1corintios-6-7-P02	1corintios-6-7-P03	P008	7
L003 > L005	2	259	260	6:18	6:18	1corintios-6-18-P02	1corintios-6-18-P03	P008	8
L003 > L005	2	287	288	7:11	7:11	1corintios-7-11-P01	1corintios-7-11-P02	P008	9
L003 > L005	2	291	292	7:12	7:12	1corintios-7-12-P02	1corintios-7-12-P03	P008	10
L003 > L005	2	323	324	7:21	7:21	1corintios-7-21-P03	1corintios-7-21-P04	P008	11
L003 > L005	2	340	341	7:28	7:28	1corintios-7-28-P03	1corintios-7-28-P04	P008	12
L003 > L005	2	396	397	8:8	8:8	1corintios-8-8-P02	1corintios-8-8-P03	P008	13
L003 > L005	2	414	415	9:2	9:2	1corintios-9-2-P01	1corintios-9-2-P02	P008	14
L003 > L005	2	441	442	9:13	9:13	1corintios-9-13-P02	1corintios-9-13-P03	P008	15
L003 > L005	2	446	447	9:15	9:15	1corintios-9-15-P03	1corintios-9-15-P04	P008	16
L003 > L005	2	457	458	9:18	9:19	1corintios-9-18-P02	1corintios-9-19-P01	P008	17
L003 > L005	2	483	484	10:1	10:1	1corintios-10-1-P02	1corintios-10-1-P03	P008	18
L003 > L005	2	495	496	10:7	10:7	1corintios-10-7-P02	1corintios-10-7-P03	P008	19
L003 > L005	2	499	500	10:8	10:8	1corintios-10-8-P02	1corintios-10-8-P03	P008	20
L003 > L005	2	502	503	10:9	10:9	1corintios-10-9-P02	1corintios-10-9-P03	P008	21
L003 > L005	2	524	525	10:17	10:17	1corintios-10-17-P01	1corintios-10-17-P02	P008	22
L003 > L005	2	547	548	10:28	10:28	1corintios-10-28-P01	1corintios-10-28-P02	P008	23
L003 > L005	2	552	553	10:30	10:30	1corintios-10-30-P01	1corintios-10-30-P02	P008	24
L003 > L005	2	568	569	11:3	11:4	1corintios-11-3-P02	1corintios-11-4-P01	P008	25
L003 > L005	2	608	609	11:23	11:23	1corintios-11-23-P03	1corintios-11-23-P04	P008	26
L003 > L005	2	630	631	11:31	11:31	1corintios-11-31-P01	1corintios-11-31-P02	P008	27
L003 > L005	2	635	636	11:34	11:34	1corintios-11-34-P01	1corintios-11-34-P02	P008	28
L003 > L005	2	638	639	11:34	11:34	1corintios-11-34-P04	1corintios-11-34-P05	P008	29
L003 > L005	2	645	646	12:3	12:3	1corintios-12-3-P02	1corintios-12-3-P03	P008	30
L003 > L005	2	722	723	13:10	13:10	1corintios-13-10-P01	1corintios-13-10-P02	P008	31
L003 > L005	2	724	725	13:11	13:11	1corintios-13-11-P01	1corintios-13-11-P02	P008	32
L003 > L005	2	760	761	14:11	14:11	1corintios-14-11-P01	1corintios-14-11-P02	P008	33
L003 > L005	2	762	763	14:12	14:12	1corintios-14-12-P01	1corintios-14-12-P02	P008	34
L003 > L005	2	820	821	14:30	14:30	1corintios-14-30-P01	1corintios-14-30-P02	P008	35
L003 > L005	2	823	824	14:31	14:31	1corintios-14-31-P02	1corintios-14-31-P03	P008	36
L003 > L005	2	842	843	14:39	14:39	1corintios-14-39-P01	1corintios-14-39-P02	P008	37
L003 > L005	2	882	883	15:15	15:15	1corintios-15-15-P03	1corintios-15-15-P04	P008	38
L003 > L005	2	890	891	15:19	15:19	1corintios-15-19-P01	1corintios-15-19-P02	P008	39
L003 > L005	2	931	932	15:37	15:38	1corintios-15-37-P03	1corintios-15-38-P01	P008	40
L003 > L005	2	947	948	15:49	15:49	1corintios-15-49-P01	1corintios-15-49-P02	P008	41
L003 > L005	2	950	951	15:50	15:50	1corintios-15-50-P02	1corintios-15-50-P03	P008	42
L003 > L005	2	982	983	16:6	16:7	1corintios-16-6-P04	1corintios-16-7-P01	P008	43
L003 > L005	2	990	991	16:10	16:10	1corintios-16-10-P03	1corintios-16-10-P04	P008	44
L003 > L005	2	997	998	16:12	16:12	1corintios-16-12-P02	1corintios-16-12-P03	P008	45
L003 > L005	2	1009	1010	16:17	16:18	1corintios-16-17-P02	1corintios-16-18-P01	P008	46
L003 > L005	2	1016	1017	16:22	16:22	1corintios-16-22-P01	1corintios-16-22-P02	P008	47
L002 > L003	2	6	7	1:10	1:10	1corintios-1-10-P01	1corintios-1-10-P02	P009	1
L002 > L003	2	10	11	1:11	1:11	1corintios-1-11-P01	1corintios-1-11-P02	P009	2
L002 > L003	2	12	13	1:12	1:12	1corintios-1-12-P01	1corintios-1-12-P02	P009	3
L002 > L003	2	94	95	3:5	3:5	1corintios-3-5-P03	1corintios-3-5-P04	P009	4
L002 > L003	2	155	156	4:6	4:6	1corintios-4-6-P03	1corintios-4-6-P04	P009	5
L002 > L003	2	180	181	4:14	4:15	1corintios-4-14-P01	1corintios-4-15-P01	P009	6
L002 > L003	2	190	191	4:19	4:19	1corintios-4-19-P01	1corintios-4-19-P02	P009	7
L002 > L003	2	199	200	5:3	5:5	1corintios-5-3-P01	1corintios-5-5-P01	P009	8
L002 > L003	2	201	202	5:6	5:6	1corintios-5-6-P01	1corintios-5-6-P02	P009	9
L002 > L003	2	206	207	5:7	5:8	1corintios-5-7-P04	1corintios-5-8-P01	P009	10
L002 > L003	2	208	209	5:9	5:10	1corintios-5-9-P01	1corintios-5-10-P01	P009	11
L002 > L003	2	210	211	5:11	5:11	1corintios-5-11-P01	1corintios-5-11-P02	P009	12
L002 > L003	2	216	217	6:2	6:2	1corintios-6-2-P01	1corintios-6-2-P02	P009	13
L002 > L003	2	249	250	6:15	6:15	1corintios-6-15-P01	1corintios-6-15-P02	P009	14
L002 > L003	2	253	254	6:16	6:16	1corintios-6-16-P01	1corintios-6-16-P02	P009	15
L002 > L003	2	258	259	6:18	6:18	1corintios-6-18-P01	1corintios-6-18-P02	P009	16
L002 > L003	2	262	263	6:19	6:19	1corintios-6-19-P01	1corintios-6-19-P02	P009	17
L002 > L003	2	281	282	7:8	7:8	1corintios-7-8-P01	1corintios-7-8-P02	P009	18
L002 > L003	2	406	407	8:12	8:13	1corintios-8-12-P01	1corintios-8-13-P01	P009	19
L002 > L003	2	413	414	9:1	9:2	1corintios-9-1-P04	1corintios-9-2-P01	P009	20
L002 > L003	2	440	441	9:13	9:13	1corintios-9-13-P01	1corintios-9-13-P02	P009	21
L002 > L003	2	456	457	9:18	9:18	1corintios-9-18-P01	1corintios-9-18-P02	P009	22
L002 > L003	2	470	471	9:24	9:24	1corintios-9-24-P01	1corintios-9-24-P02	P009	23
L002 > L003	2	475	476	9:25	9:25	1corintios-9-25-P01	1corintios-9-25-P02	P009	24
L002 > L003	2	494	495	10:7	10:7	1corintios-10-7-P01	1corintios-10-7-P02	P009	25
L002 > L003	2	516	517	10:14	10:15	1corintios-10-14-P01	1corintios-10-15-P01	P009	26
L002 > L003	2	523	524	10:16	10:17	1corintios-10-16-P04	1corintios-10-17-P01	P009	27
L002 > L003	2	528	529	10:19	10:19	1corintios-10-19-P01	1corintios-10-19-P02	P009	28
L002 > L003	2	543	544	10:25	10:27	1corintios-10-25-P01	1corintios-10-27-P01	P009	29
L002 > L003	2	563	564	11:2	11:2	1corintios-11-2-P01	1corintios-11-2-P02	P009	30
L002 > L003	2	567	568	11:3	11:3	1corintios-11-3-P01	1corintios-11-3-P02	P009	31
L002 > L003	2	644	645	12:3	12:3	1corintios-12-3-P01	1corintios-12-3-P02	P009	32
L002 > L003	2	757	758	14:9	14:10	1corintios-14-9-P03	1corintios-14-10-P01	P009	33
L002 > L003	2	759	760	14:10	14:11	1corintios-14-10-P02	1corintios-14-11-P01	P009	34
L002 > L003	2	776	777	14:16	14:16	1corintios-14-16-P02	1corintios-14-16-P03	P009	35
L002 > L003	2	788	789	14:21	14:21	1corintios-14-21-P01	1corintios-14-21-P02	P009	36
L002 > L003	2	822	823	14:31	14:31	1corintios-14-31-P01	1corintios-14-31-P02	P009	37
L002 > L003	2	850	851	15:2	15:2	1corintios-15-2-P02	1corintios-15-2-P03	P009	38
L002 > L003	2	875	876	15:12	15:12	1corintios-15-12-P03	1corintios-15-12-P04	P009	39
L002 > L003	2	970	971	16:2	16:3	1corintios-16-2-P04	1corintios-16-3-P01	P009	40
L002 > L003	2	973	974	16:3	16:4	1corintios-16-3-P03	1corintios-16-4-P01	P009	41
L002 > L003	2	989	990	16:10	16:10	1corintios-16-10-P02	1corintios-16-10-P03	P009	42
L002 > L003	2	993	994	16:11	16:11	1corintios-16-11-P02	1corintios-16-11-P03	P009	43
L002 > L003	2	1004	1005	16:15	16:15	1corintios-16-15-P02	1corintios-16-15-P03	P009	44
L002 > L003	2	1006	1007	16:15	16:16	1corintios-16-15-P04	1corintios-16-16-P01	P009	45
L002 > L003	2	1008	1009	16:17	16:17	1corintios-16-17-P01	1corintios-16-17-P02	P009	46
L005 > L001	2	27	28	1:18	1:18	1corintios-1-18-P01	1corintios-1-18-P02	P010	1
L005 > L001	2	62	63	2:9	2:9	1corintios-2-9-P02	1corintios-2-9-P03	P010	2
L005 > L001	2	77	78	2:15	2:15	1corintios-2-15-P01	1corintios-2-15-P02	P010	3
L005 > L001	2	111	112	3:13	3:13	1corintios-3-13-P01	1corintios-3-13-P02	P010	4
L005 > L001	2	114	115	3:13	3:13	1corintios-3-13-P04	1corintios-3-13-P05	P010	5
L005 > L001	2	117	118	3:14	3:14	1corintios-3-14-P02	1corintios-3-14-P03	P010	6
L005 > L001	2	120	121	3:15	3:15	1corintios-3-15-P02	1corintios-3-15-P03	P010	7
L005 > L001	2	126	127	3:17	3:17	1corintios-3-17-P02	1corintios-3-17-P03	P010	8
L005 > L001	2	133	134	3:19	3:19	1corintios-3-19-P01	1corintios-3-19-P02	P010	9
L005 > L001	2	138	139	3:21	4:1	1corintios-3-21-P02	1corintios-4-1-P01	P010	10
L005 > L001	2	144	145	4:3	4:4	1corintios-4-3-P03	1corintios-4-4-P01	P010	11
L005 > L001	2	170	171	4:11	4:11	1corintios-4-11-P01	1corintios-4-11-P02	P010	12
L005 > L001	2	230	231	6:7	6:7	1corintios-6-7-P03	1corintios-6-7-P04	P010	13
L005 > L001	2	260	261	6:18	6:18	1corintios-6-18-P03	1corintios-6-18-P04	P010	14
L005 > L001	2	288	289	7:11	7:11	1corintios-7-11-P02	1corintios-7-11-P03	P010	15
L005 > L001	2	292	293	7:12	7:12	1corintios-7-12-P03	1corintios-7-12-P04	P010	16
L005 > L001	2	295	296	7:13	7:13	1corintios-7-13-P02	1corintios-7-13-P03	P010	17
L005 > L001	2	302	303	7:15	7:15	1corintios-7-15-P02	1corintios-7-15-P03	P010	18
L005 > L001	2	356	357	7:34	7:34	1corintios-7-34-P04	1corintios-7-34-P05	P010	19
L005 > L001	2	362	363	7:36	7:36	1corintios-7-36-P03	1corintios-7-36-P04	P010	20
L005 > L001	2	372	373	7:38	7:39	1corintios-7-38-P02	1corintios-7-39-P01	P010	21
L005 > L001	2	376	377	7:39	7:39	1corintios-7-39-P04	1corintios-7-39-P05	P010	22
L005 > L001	2	403	404	8:10	8:11	1corintios-8-10-P02	1corintios-8-11-P01	P010	23
L005 > L001	2	410	411	9:1	9:1	1corintios-9-1-P01	1corintios-9-1-P02	P010	24
L005 > L001	2	479	480	9:27	9:27	1corintios-9-27-P01	1corintios-9-27-P02	P010	25
L005 > L001	2	484	485	10:1	10:2	1corintios-10-1-P03	1corintios-10-2-P01	P010	26
L005 > L001	2	511	512	10:12	10:13	1corintios-10-12-P02	1corintios-10-13-P01	P010	27
L005 > L001	2	553	554	10:30	10:30	1corintios-10-30-P02	1corintios-10-30-P03	P010	28
L005 > L001	2	569	570	11:4	11:5	1corintios-11-4-P01	1corintios-11-5-P01	P010	29
L005 > L001	2	575	576	11:7	11:7	1corintios-11-7-P01	1corintios-11-7-P02	P010	30
L005 > L001	2	609	610	11:23	11:24	1corintios-11-23-P04	1corintios-11-24-P01	P010	31
L005 > L001	2	618	619	11:26	11:26	1corintios-11-26-P02	1corintios-11-26-P03	P010	32
L005 > L001	2	622	623	11:27	11:27	1corintios-11-27-P02	1corintios-11-27-P03	P010	33
L005 > L001	2	631	632	11:31	11:32	1corintios-11-31-P02	1corintios-11-32-P01	P010	34
L005 > L001	2	639	640	11:34	12:1	1corintios-11-34-P05	1corintios-12-1-P01	P010	35
L005 > L001	2	654	655	12:12	12:12	1corintios-12-12-P01	1corintios-12-12-P02	P010	36
L005 > L001	2	694	695	13:1	13:1	1corintios-13-1-P02	1corintios-13-1-P03	P010	37
L005 > L001	2	697	698	13:2	13:2	1corintios-13-2-P02	1corintios-13-2-P03	P010	38
L005 > L001	2	816	817	14:28	14:28	1corintios-14-28-P02	1corintios-14-28-P03	P010	39
L005 > L001	2	897	898	15:25	15:25	1corintios-15-25-P01	1corintios-15-25-P02	P010	40
L005 > L001	2	934	935	15:41	15:42	1corintios-15-41-P01	1corintios-15-42-P01	P010	41
L005 > L001	2	944	945	15:44	15:45	1corintios-15-44-P04	1corintios-15-45-P01	P010	42
L005 > L001	2	960	961	15:54	15:54	1corintios-15-54-P02	1corintios-15-54-P03	P010	43
L005 > L001	2	978	979	16:5	16:6	1corintios-16-5-P03	1corintios-16-6-P01	P010	44
L005 > L001	2	983	984	16:7	16:7	1corintios-16-7-P01	1corintios-16-7-P02	P010	45
L005 > L001	2	991	992	16:10	16:11	1corintios-16-10-P04	1corintios-16-11-P01	P010	46
L001 > L006	2	23	24	1:16	1:16	1corintios-1-16-P02	1corintios-1-16-P03	P011	1
L001 > L006	2	68	69	2:11	2:11	1corintios-2-11-P01	1corintios-2-11-P02	P011	2
L001 > L006	2	75	76	2:14	2:14	1corintios-2-14-P03	1corintios-2-14-P04	P011	3
L001 > L006	2	98	99	3:6	3:7	1corintios-3-6-P03	1corintios-3-7-P01	P011	4
L001 > L006	2	109	110	3:11	3:12	1corintios-3-11-P02	1corintios-3-12-P01	P011	5
L001 > L006	2	112	113	3:13	3:13	1corintios-3-13-P02	1corintios-3-13-P03	P011	6
L001 > L006	2	115	116	3:13	3:14	1corintios-3-13-P05	1corintios-3-14-P01	P011	7
L001 > L006	2	118	119	3:14	3:15	1corintios-3-14-P03	1corintios-3-15-P01	P011	8
L001 > L006	2	140	141	4:2	4:2	1corintios-4-2-P01	1corintios-4-2-P02	P011	9
L001 > L006	2	159	160	4:7	4:7	1corintios-4-7-P03	1corintios-4-7-P04	P011	10
L001 > L006	2	178	179	4:13	4:13	1corintios-4-13-P01	1corintios-4-13-P02	P011	11
L001 > L006	2	293	294	7:12	7:13	1corintios-7-12-P04	1corintios-7-13-P01	P011	12
L001 > L006	2	298	299	7:14	7:14	1corintios-7-14-P02	1corintios-7-14-P03	P011	13
L001 > L006	2	337	338	7:27	7:28	1corintios-7-27-P04	1corintios-7-28-P01	P011	14
L001 > L006	2	354	355	7:34	7:34	1corintios-7-34-P02	1corintios-7-34-P03	P011	15
L001 > L006	2	370	371	7:37	7:38	1corintios-7-37-P04	1corintios-7-38-P01	P011	16
L001 > L006	2	374	375	7:39	7:39	1corintios-7-39-P02	1corintios-7-39-P03	P011	17
L001 > L006	2	378	379	7:40	7:40	1corintios-7-40-P01	1corintios-7-40-P02	P011	18
L001 > L006	2	384	385	8:1	8:2	1corintios-8-1-P04	1corintios-8-2-P01	P011	19
L001 > L006	2	392	393	8:5	8:7	1corintios-8-5-P02	1corintios-8-7-P01	P011	20
L001 > L006	2	432	433	9:10	9:10	1corintios-9-10-P02	1corintios-9-10-P03	P011	21
L001 > L006	2	438	439	9:12	9:12	1corintios-9-12-P03	1corintios-9-12-P04	P011	22
L001 > L006	2	492	493	10:6	10:6	1corintios-10-6-P01	1corintios-10-6-P02	P011	23
L001 > L006	2	509	510	10:11	10:12	1corintios-10-11-P03	1corintios-10-12-P01	P011	24
L001 > L006	2	512	513	10:13	10:13	1corintios-10-13-P01	1corintios-10-13-P02	P011	25
L001 > L006	2	571	572	11:5	11:6	1corintios-11-5-P02	1corintios-11-6-P01	P011	26
L001 > L006	2	582	583	11:14	11:14	1corintios-11-14-P01	1corintios-11-14-P02	P011	27
L001 > L006	2	632	633	11:32	11:32	1corintios-11-32-P01	1corintios-11-32-P02	P011	28
L001 > L006	2	652	653	12:11	12:11	1corintios-12-11-P01	1corintios-12-11-P02	P011	29
L001 > L006	2	668	669	12:18	12:18	1corintios-12-18-P01	1corintios-12-18-P02	P011	30
L001 > L006	2	679	680	12:24	12:25	1corintios-12-24-P02	1corintios-12-25-P01	P011	31
L001 > L006	2	695	696	13:1	13:2	1corintios-13-1-P03	1corintios-13-2-P01	P011	32
L001 > L006	2	698	699	13:2	13:2	1corintios-13-2-P03	1corintios-13-2-P04	P011	33
L001 > L006	2	732	733	13:12	13:12	1corintios-13-12-P03	1corintios-13-12-P04	P011	34
L001 > L006	2	736	737	14:1	14:1	1corintios-14-1-P02	1corintios-14-1-P03	P011	35
L001 > L006	2	783	784	14:19	14:19	1corintios-14-19-P01	1corintios-14-19-P02	P011	36
L001 > L006	2	803	804	14:25	14:25	1corintios-14-25-P02	1corintios-14-25-P03	P011	37
L001 > L006	2	814	815	14:27	14:28	1corintios-14-27-P02	1corintios-14-28-P01	P011	38
L001 > L006	2	835	836	14:36	14:37	1corintios-14-36-P02	1corintios-14-37-P01	P011	39
L001 > L006	2	900	901	15:27	15:27	1corintios-15-27-P01	1corintios-15-27-P02	P011	40
L001 > L006	2	911	912	15:31	15:32	1corintios-15-31-P02	1corintios-15-32-P01	P011	41
L001 > L006	2	942	943	15:44	15:44	1corintios-15-44-P02	1corintios-15-44-P03	P011	42
L001 > L002	2	16	17	1:13	1:13	1corintios-1-13-P02	1corintios-1-13-P03	P012	1
L001 > L002	2	56	57	2:7	2:7	1corintios-2-7-P01	1corintios-2-7-P02	P012	2
L001 > L002	2	80	81	2:16	2:16	1corintios-2-16-P02	1corintios-2-16-P03	P012	3
L001 > L002	2	83	84	3:2	3:2	1corintios-3-2-P01	1corintios-3-2-P02	P012	4
L001 > L002	2	93	94	3:5	3:5	1corintios-3-5-P02	1corintios-3-5-P03	P012	5
L001 > L002	2	121	122	3:15	3:16	1corintios-3-15-P03	1corintios-3-16-P01	P012	6
L001 > L002	2	127	128	3:17	3:17	1corintios-3-17-P03	1corintios-3-17-P04	P012	7
L001 > L002	2	183	184	4:16	4:16	1corintios-4-16-P01	1corintios-4-16-P02	P012	8
L001 > L002	2	241	242	6:11	6:12	1corintios-6-11-P04	1corintios-6-12-P01	P012	9
L001 > L002	2	248	249	6:14	6:15	1corintios-6-14-P02	1corintios-6-15-P01	P012	10
L001 > L002	2	257	258	6:17	6:18	1corintios-6-17-P01	1corintios-6-18-P01	P012	11
L001 > L002	2	261	262	6:18	6:19	1corintios-6-18-P04	1corintios-6-19-P01	P012	12
L001 > L002	2	268	269	7:1	7:2	1corintios-7-1-P01	1corintios-7-2-P01	P012	13
L001 > L002	2	273	274	7:4	7:5	1corintios-7-4-P02	1corintios-7-5-P01	P012	14
L001 > L002	2	326	327	7:22	7:23	1corintios-7-22-P02	1corintios-7-23-P01	P012	15
L001 > L002	2	328	329	7:23	7:24	1corintios-7-23-P02	1corintios-7-24-P01	P012	16
L001 > L002	2	405	406	8:11	8:12	1corintios-8-11-P02	1corintios-8-12-P01	P012	17
L001 > L002	2	412	413	9:1	9:1	1corintios-9-1-P03	1corintios-9-1-P04	P012	18
L001 > L002	2	420	421	9:6	9:7	1corintios-9-6-P01	1corintios-9-7-P01	P012	19
L001 > L002	2	537	538	10:22	10:23	1corintios-10-22-P02	1corintios-10-23-P01	P012	20
L001 > L002	2	542	543	10:24	10:25	1corintios-10-24-P01	1corintios-10-25-P01	P012	21
L001 > L002	2	554	555	10:30	10:31	1corintios-10-30-P03	1corintios-10-31-P01	P012	22
L001 > L002	2	579	580	11:10	11:13	1corintios-11-10-P01	1corintios-11-13-P01	P012	23
L001 > L002	2	599	600	11:21	11:22	1corintios-11-21-P03	1corintios-11-22-P01	P012	24
L001 > L002	2	602	603	11:22	11:22	1corintios-11-22-P03	1corintios-11-22-P04	P012	25
L001 > L002	2	612	613	11:24	11:24	1corintios-11-24-P03	1corintios-11-24-P04	P012	26
L001 > L002	2	619	620	11:26	11:26	1corintios-11-26-P03	1corintios-11-26-P04	P012	27
L001 > L002	2	640	641	12:1	12:2	1corintios-12-1-P01	1corintios-12-2-P01	P012	28
L001 > L002	2	656	657	12:12	12:13	1corintios-12-12-P03	1corintios-12-13-P01	P012	29
L001 > L002	2	658	659	12:13	12:14	1corintios-12-13-P02	1corintios-12-14-P01	P012	30
L001 > L002	2	676	677	12:23	12:23	1corintios-12-23-P02	1corintios-12-23-P03	P012	31
L001 > L002	2	685	686	12:26	12:27	1corintios-12-26-P04	1corintios-12-27-P01	P012	32
L001 > L002	2	787	788	14:20	14:21	1corintios-14-20-P03	1corintios-14-21-P01	P012	33
L001 > L002	2	846	847	15:1	15:1	1corintios-15-1-P02	1corintios-15-1-P03	P012	34
L001 > L002	2	849	850	15:2	15:2	1corintios-15-2-P01	1corintios-15-2-P02	P012	35
L001 > L002	2	925	926	15:35	15:36	1corintios-15-35-P03	1corintios-15-36-P01	P012	36
L001 > L002	2	954	955	15:51	15:52	1corintios-15-51-P03	1corintios-15-52-P01	P012	37
L001 > L002	2	992	993	16:11	16:11	1corintios-16-11-P01	1corintios-16-11-P02	P012	38
L002 > L002	2	5	6	1:9	1:10	1corintios-1-9-P01	1corintios-1-10-P01	P013	1
L002 > L002	2	8	9	1:10	1:10	1corintios-1-10-P03	1corintios-1-10-P04	P013	2
L002 > L002	2	9	10	1:10	1:11	1corintios-1-10-P04	1corintios-1-11-P01	P013	3
L002 > L002	2	17	18	1:13	1:14	1corintios-1-13-P03	1corintios-1-14-P01	P013	4
L002 > L002	2	39	40	1:26	1:27	1corintios-1-26-P01	1corintios-1-27-P01	P013	5
L002 > L002	2	47	48	1:30	1:30	1corintios-1-30-P01	1corintios-1-30-P02	P013	6
L002 > L002	2	90	91	3:4	3:4	1corintios-3-4-P02	1corintios-3-4-P03	P013	7
L002 > L002	2	91	92	3:4	3:5	1corintios-3-4-P03	1corintios-3-5-P01	P013	8
L002 > L002	2	128	129	3:17	3:18	1corintios-3-17-P04	1corintios-3-18-P01	P013	9
L002 > L002	2	184	185	4:16	4:17	1corintios-4-16-P02	1corintios-4-17-P01	P013	10
L002 > L002	2	192	193	4:19	4:21	1corintios-4-19-P03	1corintios-4-21-P01	P013	11
L002 > L002	2	193	194	4:21	4:21	1corintios-4-21-P01	1corintios-4-21-P02	P013	12
L002 > L002	2	212	213	5:12	5:13	1corintios-5-12-P01	1corintios-5-13-P01	P013	13
L002 > L002	2	213	214	5:13	5:13	1corintios-5-13-P01	1corintios-5-13-P02	P013	14
L002 > L002	2	214	215	5:13	6:1	1corintios-5-13-P02	1corintios-6-1-P01	P013	15
L002 > L002	2	215	216	6:1	6:2	1corintios-6-1-P01	1corintios-6-2-P01	P013	16
L002 > L002	2	416	417	9:2	9:3	1corintios-9-2-P03	1corintios-9-3-P01	P013	17
L002 > L002	2	417	418	9:3	9:4	1corintios-9-3-P01	1corintios-9-4-P01	P013	18
L002 > L002	2	472	473	9:24	9:24	1corintios-9-24-P03	1corintios-9-24-P04	P013	19
L002 > L002	2	514	515	10:13	10:13	1corintios-10-13-P03	1corintios-10-13-P04	P013	20
L002 > L002	2	515	516	10:13	10:14	1corintios-10-13-P04	1corintios-10-14-P01	P013	21
L002 > L002	2	518	519	10:15	10:15	1corintios-10-15-P02	1corintios-10-15-P03	P013	22
L002 > L002	2	521	522	10:16	10:16	1corintios-10-16-P02	1corintios-10-16-P03	P013	23
L002 > L002	2	522	523	10:16	10:16	1corintios-10-16-P03	1corintios-10-16-P04	P013	24
L002 > L002	2	533	534	10:20	10:21	1corintios-10-20-P03	1corintios-10-21-P01	P013	25
L002 > L002	2	549	550	10:28	10:29	1corintios-10-28-P03	1corintios-10-29-P01	P013	26
L002 > L002	2	562	563	11:1	11:2	1corintios-11-1-P01	1corintios-11-2-P01	P013	27
L002 > L002	2	566	567	11:2	11:3	1corintios-11-2-P04	1corintios-11-3-P01	P013	28
L002 > L002	2	580	581	11:13	11:13	1corintios-11-13-P01	1corintios-11-13-P02	P013	29
L002 > L002	2	613	614	11:24	11:25	1corintios-11-24-P04	1corintios-11-25-P01	P013	30
L002 > L002	2	614	615	11:25	11:25	1corintios-11-25-P01	1corintios-11-25-P02	P013	31
L002 > L002	2	686	687	12:27	12:28	1corintios-12-27-P01	1corintios-12-28-P01	P013	32
L002 > L002	2	734	735	13:13	14:1	1corintios-13-13-P01	1corintios-14-1-P01	P013	33
L002 > L002	2	756	757	14:9	14:9	1corintios-14-9-P02	1corintios-14-9-P03	P013	34
L002 > L002	2	965	966	16:1	16:1	1corintios-16-1-P01	1corintios-16-1-P02	P013	35
L002 > L002	2	966	967	16:1	16:2	1corintios-16-1-P02	1corintios-16-2-P01	P013	36
L002 > L002	2	975	976	16:4	16:5	1corintios-16-4-P02	1corintios-16-5-P01	P013	37
L001 > L004	2	29	30	1:19	1:19	1corintios-1-19-P01	1corintios-1-19-P02	P014	1
L001 > L004	2	31	32	1:19	1:20	1corintios-1-19-P03	1corintios-1-20-P01	P014	2
L001 > L004	2	146	147	4:4	4:4	1corintios-4-4-P02	1corintios-4-4-P03	P014	3
L001 > L004	2	152	153	4:5	4:6	1corintios-4-5-P05	1corintios-4-6-P01	P014	4
L001 > L004	2	244	245	6:12	6:12	1corintios-6-12-P03	1corintios-6-12-P04	P014	5
L001 > L004	2	289	290	7:11	7:12	1corintios-7-11-P03	1corintios-7-12-P01	P014	6
L001 > L004	2	304	305	7:15	7:16	1corintios-7-15-P04	1corintios-7-16-P01	P014	7
L001 > L004	2	320	321	7:20	7:21	1corintios-7-20-P02	1corintios-7-21-P01	P014	8
L001 > L004	2	330	331	7:24	7:25	1corintios-7-24-P02	1corintios-7-25-P01	P014	9
L001 > L004	2	333	334	7:26	7:27	1corintios-7-26-P01	1corintios-7-27-P01	P014	10
L001 > L004	2	344	345	7:29	7:29	1corintios-7-29-P01	1corintios-7-29-P02	P014	11
L001 > L004	2	357	358	7:34	7:35	1corintios-7-34-P05	1corintios-7-35-P01	P014	12
L001 > L004	2	365	366	7:36	7:36	1corintios-7-36-P06	1corintios-7-36-P07	P014	13
L001 > L004	2	425	426	9:7	9:8	1corintios-9-7-P05	1corintios-9-8-P01	P014	14
L001 > L004	2	428	429	9:9	9:9	1corintios-9-9-P01	1corintios-9-9-P02	P014	15
L001 > L004	2	488	489	10:4	10:4	1corintios-10-4-P02	1corintios-10-4-P03	P014	16
L001 > L004	2	490	491	10:5	10:5	1corintios-10-5-P01	1corintios-10-5-P02	P014	17
L001 > L004	2	506	507	10:10	10:11	1corintios-10-10-P03	1corintios-10-11-P01	P014	18
L001 > L004	2	535	536	10:21	10:22	1corintios-10-21-P02	1corintios-10-22-P01	P014	19
L001 > L004	2	593	594	11:18	11:19	1corintios-11-18-P02	1corintios-11-19-P01	P014	20
L001 > L004	2	628	629	11:29	11:30	1corintios-11-29-P02	1corintios-11-30-P01	P014	21
L001 > L004	2	649	650	12:6	12:7	1corintios-12-6-P01	1corintios-12-7-P01	P014	22
L001 > L004	2	673	674	12:21	12:22	1corintios-12-21-P03	1corintios-12-22-P01	P014	23
L001 > L004	2	690	691	12:30	12:31	1corintios-12-30-P03	1corintios-12-31-P01	P014	24
L001 > L004	2	716	717	13:8	13:8	1corintios-13-8-P01	1corintios-13-8-P02	P014	25
L001 > L004	2	718	719	13:8	13:8	1corintios-13-8-P03	1corintios-13-8-P04	P014	26
L001 > L004	2	743	744	14:4	14:5	1corintios-14-4-P02	1corintios-14-5-P01	P014	27
L001 > L004	2	770	771	14:15	14:15	1corintios-14-15-P01	1corintios-14-15-P02	P014	28
L001 > L004	2	817	818	14:28	14:29	1corintios-14-28-P03	1corintios-14-29-P01	P014	29
L001 > L004	2	826	827	14:33	14:34	1corintios-14-33-P01	1corintios-14-34-P01	P014	30
L001 > L004	2	861	862	15:6	15:7	1corintios-15-6-P03	1corintios-15-7-P01	P014	31
L001 > L004	2	863	864	15:8	15:9	1corintios-15-8-P01	1corintios-15-9-P01	P014	32
L001 > L004	2	868	869	15:10	15:10	1corintios-15-10-P02	1corintios-15-10-P03	P014	33
L001 > L004	2	916	917	15:32	15:33	1corintios-15-32-P05	1corintios-15-33-P01	P014	34
L001 > L004	2	920	921	15:34	15:34	1corintios-15-34-P02	1corintios-15-34-P03	P014	35
L001 > L001 > L001 > L001 > L001	5	63	67	2:9	2:10	1corintios-2-9-P03	1corintios-2-10-P02	P015	1
L001 > L001 > L001 > L001 > L001	5	64	68	2:9	2:11	1corintios-2-9-P04	1corintios-2-11-P01	P015	2
L001 > L001 > L001 > L001 > L001	5	171	175	4:11	4:12	1corintios-4-11-P02	1corintios-4-12-P01	P015	3
L001 > L001 > L001 > L001 > L001	5	172	176	4:11	4:12	1corintios-4-11-P03	1corintios-4-12-P02	P015	4
L001 > L001 > L001 > L001 > L001	5	173	177	4:11	4:12	1corintios-4-11-P04	1corintios-4-12-P03	P015	5
L001 > L001 > L001 > L001 > L001	5	174	178	4:11	4:13	1corintios-4-11-P05	1corintios-4-13-P01	P015	6
L001 > L001 > L001 > L001 > L001	5	314	318	7:18	7:19	1corintios-7-18-P02	1corintios-7-19-P02	P015	7
L001 > L001 > L001 > L001 > L001	5	315	319	7:18	7:20	1corintios-7-18-P03	1corintios-7-20-P01	P015	8
L001 > L001 > L001 > L001 > L001	5	316	320	7:18	7:20	1corintios-7-18-P04	1corintios-7-20-P02	P015	9
L001 > L001 > L001 > L001 > L001	5	350	354	7:32	7:34	1corintios-7-32-P03	1corintios-7-34-P02	P015	10
L001 > L001 > L001 > L001 > L001	5	623	627	11:27	11:29	1corintios-11-27-P03	1corintios-11-29-P01	P015	11
L001 > L001 > L001 > L001 > L001	5	624	628	11:28	11:29	1corintios-11-28-P01	1corintios-11-29-P02	P015	12
L001 > L001 > L001 > L001 > L001	5	702	706	13:4	13:5	1corintios-13-4-P02	1corintios-13-5-P01	P015	13
L001 > L001 > L001 > L001 > L001	5	703	707	13:4	13:5	1corintios-13-4-P03	1corintios-13-5-P02	P015	14
L001 > L001 > L001 > L001 > L001	5	704	708	13:4	13:5	1corintios-13-4-P04	1corintios-13-5-P03	P015	15
L001 > L001 > L001 > L001 > L001	5	705	709	13:4	13:5	1corintios-13-4-P05	1corintios-13-5-P04	P015	16
L001 > L001 > L001 > L001 > L001	5	706	710	13:5	13:6	1corintios-13-5-P01	1corintios-13-6-P01	P015	17
L001 > L001 > L001 > L001 > L001	5	707	711	13:5	13:6	1corintios-13-5-P02	1corintios-13-6-P02	P015	18
L001 > L001 > L001 > L001 > L001	5	708	712	13:5	13:7	1corintios-13-5-P03	1corintios-13-7-P01	P015	19
L001 > L001 > L001 > L001 > L001	5	709	713	13:5	13:7	1corintios-13-5-P04	1corintios-13-7-P02	P015	20
L001 > L001 > L001 > L001 > L001	5	710	714	13:6	13:7	1corintios-13-6-P01	1corintios-13-7-P03	P015	21
L001 > L001 > L001 > L001 > L001	5	711	715	13:6	13:7	1corintios-13-6-P02	1corintios-13-7-P04	P015	22
L001 > L001 > L001 > L001 > L001	5	712	716	13:7	13:8	1corintios-13-7-P01	1corintios-13-8-P01	P015	23
L001 > L001 > L001 > L001 > L001	5	739	743	14:2	14:4	1corintios-14-2-P02	1corintios-14-4-P02	P015	24
L001 > L001 > L001 > L001 > L001	5	808	812	14:26	14:26	1corintios-14-26-P04	1corintios-14-26-P08	P015	25
L001 > L001 > L001 > L001 > L001	5	809	813	14:26	14:27	1corintios-14-26-P05	1corintios-14-27-P01	P015	26
L001 > L001 > L001 > L001 > L001	5	810	814	14:26	14:27	1corintios-14-26-P06	1corintios-14-27-P02	P015	27
L001 > L001 > L001 > L001 > L001	5	935	939	15:42	15:43	1corintios-15-42-P01	1corintios-15-43-P03	P015	28
L001 > L001 > L001 > L001 > L001	5	936	940	15:42	15:43	1corintios-15-42-P02	1corintios-15-43-P04	P015	29
L001 > L001 > L001 > L001 > L001	5	937	941	15:43	15:44	1corintios-15-43-P01	1corintios-15-44-P01	P015	30
L001 > L001 > L001 > L001 > L001	5	938	942	15:43	15:44	1corintios-15-43-P02	1corintios-15-44-P02	P015	31
L001 > L003	2	53	54	2:3	2:5	1corintios-2-3-P01	1corintios-2-5-P01	P016	1
L001 > L003	2	58	59	2:8	2:8	1corintios-2-8-P01	1corintios-2-8-P02	P016	2
L001 > L003	2	88	89	3:3	3:4	1corintios-3-3-P03	1corintios-3-4-P01	P016	3
L001 > L003	2	135	136	3:20	3:20	1corintios-3-20-P01	1corintios-3-20-P02	P016	4
L001 > L003	2	165	166	4:8	4:8	1corintios-4-8-P04	1corintios-4-8-P05	P016	5
L001 > L003	2	187	188	4:17	4:17	1corintios-4-17-P03	1corintios-4-17-P04	P016	6
L001 > L003	2	197	198	5:2	5:2	1corintios-5-2-P02	1corintios-5-2-P03	P016	7
L001 > L003	2	220	221	6:3	6:3	1corintios-6-3-P01	1corintios-6-3-P02	P016	8
L001 > L003	2	228	229	6:7	6:7	1corintios-6-7-P01	1corintios-6-7-P02	P016	9
L001 > L003	2	234	235	6:9	6:9	1corintios-6-9-P01	1corintios-6-9-P02	P016	10
L001 > L003	2	279	280	7:7	7:7	1corintios-7-7-P01	1corintios-7-7-P02	P016	11
L001 > L003	2	395	396	8:8	8:8	1corintios-8-8-P01	1corintios-8-8-P02	P016	12
L001 > L003	2	445	446	9:15	9:15	1corintios-9-15-P02	1corintios-9-15-P03	P016	13
L001 > L003	2	451	452	9:16	9:16	1corintios-9-16-P04	1corintios-9-16-P05	P016	14
L001 > L003	2	482	483	10:1	10:1	1corintios-10-1-P01	1corintios-10-1-P02	P016	15
L001 > L003	2	546	547	10:27	10:28	1corintios-10-27-P03	1corintios-10-28-P01	P016	16
L001 > L003	2	559	560	10:32	10:33	1corintios-10-32-P01	1corintios-10-33-P01	P016	17
L001 > L003	2	607	608	11:23	11:23	1corintios-11-23-P02	1corintios-11-23-P03	P016	18
L001 > L003	2	721	722	13:9	13:10	1corintios-13-9-P02	1corintios-13-10-P01	P016	19
L001 > L003	2	774	775	14:15	14:16	1corintios-14-15-P05	1corintios-14-16-P01	P016	20
L001 > L003	2	796	797	14:23	14:23	1corintios-14-23-P04	1corintios-14-23-P05	P016	21
L001 > L003	2	819	820	14:29	14:30	1corintios-14-29-P02	1corintios-14-30-P01	P016	22
L001 > L003	2	854	855	15:3	15:3	1corintios-15-3-P02	1corintios-15-3-P03	P016	23
L001 > L003	2	894	895	15:22	15:24	1corintios-15-22-P02	1corintios-15-24-P01	P016	24
L001 > L003	2	930	931	15:37	15:37	1corintios-15-37-P02	1corintios-15-37-P03	P016	25
L001 > L003	2	946	947	15:45	15:49	1corintios-15-45-P02	1corintios-15-49-P01	P016	26
L001 > L003	2	962	963	15:54	15:58	1corintios-15-54-P04	1corintios-15-58-P01	P016	27
L001 > L003	2	980	981	16:6	16:6	1corintios-16-6-P02	1corintios-16-6-P03	P016	28
L001 > L003	2	984	985	16:7	16:7	1corintios-16-7-P02	1corintios-16-7-P03	P016	29
L001 > L003	2	996	997	16:12	16:12	1corintios-16-12-P01	1corintios-16-12-P02	P016	30
L002 > L004	2	14	15	1:12	1:13	1corintios-1-12-P03	1corintios-1-13-P01	P017	1
L002 > L004	2	81	82	2:16	3:1	1corintios-2-16-P03	1corintios-3-1-P01	P017	2
L002 > L004	2	96	97	3:6	3:6	1corintios-3-6-P01	1corintios-3-6-P02	P017	3
L002 > L004	2	100	101	3:8	3:8	1corintios-3-8-P01	1corintios-3-8-P02	P017	4
L002 > L004	2	102	103	3:9	3:9	1corintios-3-9-P01	1corintios-3-9-P02	P017	5
L002 > L004	2	157	158	4:7	4:7	1corintios-4-7-P01	1corintios-4-7-P02	P017	6
L002 > L004	2	167	168	4:9	4:9	1corintios-4-9-P01	1corintios-4-9-P02	P017	7
L002 > L004	2	185	186	4:17	4:17	1corintios-4-17-P01	1corintios-4-17-P02	P017	8
L002 > L004	2	194	195	4:21	5:1	1corintios-4-21-P02	1corintios-5-1-P01	P017	9
L002 > L004	2	224	225	6:5	6:5	1corintios-6-5-P01	1corintios-6-5-P02	P017	10
L002 > L004	2	236	237	6:9	6:10	1corintios-6-9-P03	1corintios-6-10-P01	P017	11
L002 > L004	2	251	252	6:15	6:15	1corintios-6-15-P03	1corintios-6-15-P04	P017	12
L002 > L004	2	255	256	6:16	6:16	1corintios-6-16-P03	1corintios-6-16-P04	P017	13
L002 > L004	2	348	349	7:32	7:32	1corintios-7-32-P01	1corintios-7-32-P02	P017	14
L002 > L004	2	380	381	7:40	8:1	1corintios-7-40-P03	1corintios-8-1-P01	P017	15
L002 > L004	2	390	391	8:4	8:5	1corintios-8-4-P01	1corintios-8-5-P01	P017	16
L002 > L004	2	519	520	10:15	10:16	1corintios-10-15-P03	1corintios-10-16-P01	P017	17
L002 > L004	2	550	551	10:29	10:29	1corintios-10-29-P01	1corintios-10-29-P02	P017	18
L002 > L004	2	589	590	11:16	11:17	1corintios-11-16-P02	1corintios-11-17-P01	P017	19
L002 > L004	2	681	682	12:25	12:26	1corintios-12-25-P02	1corintios-12-26-P01	P017	20
L002 > L004	2	687	688	12:28	12:30	1corintios-12-28-P01	1corintios-12-30-P01	P017	21
L002 > L004	2	778	779	14:16	14:17	1corintios-14-16-P04	1corintios-14-17-P01	P017	22
L002 > L004	2	790	791	14:21	14:21	1corintios-14-21-P03	1corintios-14-21-P04	P017	23
L002 > L004	2	844	845	14:40	15:1	1corintios-14-40-P01	1corintios-15-1-P01	P017	24
L002 > L004	2	888	889	15:17	15:18	1corintios-15-17-P02	1corintios-15-18-P01	P017	25
L002 > L004	2	892	893	15:20	15:22	1corintios-15-20-P01	1corintios-15-22-P01	P017	26
L002 > L004	2	922	923	15:34	15:35	1corintios-15-34-P04	1corintios-15-35-P01	P017	27
L002 > L004	2	926	927	15:36	15:36	1corintios-15-36-P01	1corintios-15-36-P02	P017	28
L002 > L004	2	955	956	15:52	15:52	1corintios-15-52-P01	1corintios-15-52-P02	P017	29
L002 > L004	2	986	987	16:8	16:9	1corintios-16-8-P01	1corintios-16-9-P01	P017	30
L004 > L004	2	237	238	6:10	6:11	1corintios-6-10-P01	1corintios-6-11-P01	P018	1
L004 > L004	2	245	246	6:12	6:13	1corintios-6-12-P04	1corintios-6-13-P01	P018	2
L004 > L004	2	285	286	7:9	7:10	1corintios-7-9-P03	1corintios-7-10-P01	P018	3
L004 > L004	2	312	313	7:17	7:18	1corintios-7-17-P04	1corintios-7-18-P01	P018	4
L004 > L004	2	321	322	7:21	7:21	1corintios-7-21-P01	1corintios-7-21-P02	P018	5
L004 > L004	2	366	367	7:36	7:37	1corintios-7-36-P07	1corintios-7-37-P01	P018	6
L004 > L004	2	426	427	9:8	9:8	1corintios-9-8-P01	1corintios-9-8-P02	P018	7
L004 > L004	2	429	430	9:9	9:9	1corintios-9-9-P02	1corintios-9-9-P03	P018	8
L004 > L004	2	443	444	9:14	9:15	1corintios-9-14-P01	1corintios-9-15-P01	P018	9
L004 > L004	2	497	498	10:7	10:8	1corintios-10-7-P04	1corintios-10-8-P01	P018	10
L004 > L004	2	504	505	10:10	10:10	1corintios-10-10-P01	1corintios-10-10-P02	P018	11
L004 > L004	2	526	527	10:18	10:18	1corintios-10-18-P01	1corintios-10-18-P02	P018	12
L004 > L004	2	730	731	13:12	13:12	1corintios-13-12-P01	1corintios-13-12-P02	P018	13
L004 > L004	2	779	780	14:17	14:17	1corintios-14-17-P01	1corintios-14-17-P02	P018	14
L004 > L004	2	780	781	14:17	14:18	1corintios-14-17-P02	1corintios-14-18-P01	P018	15
L004 > L004	2	827	828	14:34	14:34	1corintios-14-34-P01	1corintios-14-34-P02	P018	16
L004 > L004	2	828	829	14:34	14:34	1corintios-14-34-P02	1corintios-14-34-P03	P018	17
L004 > L004	2	869	870	15:10	15:10	1corintios-15-10-P03	1corintios-15-10-P04	P018	18
L004 > L004	2	870	871	15:10	15:11	1corintios-15-10-P04	1corintios-15-11-P01	P018	19
L004 > L004	2	871	872	15:11	15:11	1corintios-15-11-P01	1corintios-15-11-P02	P018	20
L004 > L004	2	909	910	15:30	15:31	1corintios-15-30-P01	1corintios-15-31-P01	P018	21
L004 > L004	2	917	918	15:33	15:33	1corintios-15-33-P01	1corintios-15-33-P02	P018	22
L004 > L004	2	918	919	15:33	15:34	1corintios-15-33-P02	1corintios-15-34-P01	P018	23
L004 > L004	2	923	924	15:35	15:35	1corintios-15-35-P01	1corintios-15-35-P02	P018	24
L004 > L004	2	952	953	15:51	15:51	1corintios-15-51-P01	1corintios-15-51-P02	P018	25
L004 > L004	2	956	957	15:52	15:52	1corintios-15-52-P02	1corintios-15-52-P03	P018	26
L004 > L004	2	1011	1012	16:18	16:19	1corintios-16-18-P02	1corintios-16-19-P01	P018	27
L004 > L004	2	1012	1013	16:19	16:19	1corintios-16-19-P01	1corintios-16-19-P02	P018	28
L004 > L004	2	1013	1014	16:19	16:20	1corintios-16-19-P02	1corintios-16-20-P01	P018	29
L004 > L004	2	1014	1015	16:20	16:20	1corintios-16-20-P01	1corintios-16-20-P02	P018	30
L005 > L004	2	36	37	1:22	1:23	1corintios-1-22-P02	1corintios-1-23-P01	P019	1
L005 > L004	2	50	51	1:31	2:1	1corintios-1-31-P02	1corintios-2-1-P01	P019	2
L005 > L004	2	161	162	4:7	4:8	1corintios-4-7-P05	1corintios-4-8-P01	P019	3
L005 > L004	2	284	285	7:9	7:9	1corintios-7-9-P02	1corintios-7-9-P03	P019	4
L005 > L004	2	311	312	7:17	7:17	1corintios-7-17-P03	1corintios-7-17-P04	P019	5
L005 > L004	2	324	325	7:21	7:22	1corintios-7-21-P04	1corintios-7-22-P01	P019	6
L005 > L004	2	341	342	7:28	7:28	1corintios-7-28-P04	1corintios-7-28-P05	P019	7
L005 > L004	2	399	400	8:8	8:9	1corintios-8-8-P05	1corintios-8-9-P01	P019	8
L005 > L004	2	442	443	9:13	9:14	1corintios-9-13-P03	1corintios-9-14-P01	P019	9
L005 > L004	2	496	497	10:7	10:7	1corintios-10-7-P03	1corintios-10-7-P04	P019	10
L005 > L004	2	500	501	10:8	10:9	1corintios-10-8-P03	1corintios-10-9-P01	P019	11
L005 > L004	2	503	504	10:9	10:10	1corintios-10-9-P03	1corintios-10-10-P01	P019	12
L005 > L004	2	525	526	10:17	10:18	1corintios-10-17-P02	1corintios-10-18-P01	P019	13
L005 > L004	2	646	647	12:3	12:4	1corintios-12-3-P03	1corintios-12-4-P01	P019	14
L005 > L004	2	662	663	12:15	12:15	1corintios-12-15-P03	1corintios-12-15-P04	P019	15
L005 > L004	2	666	667	12:16	12:16	1corintios-12-16-P03	1corintios-12-16-P04	P019	16
L005 > L004	2	671	672	12:21	12:21	1corintios-12-21-P01	1corintios-12-21-P02	P019	17
L005 > L004	2	700	701	13:2	13:4	1corintios-13-2-P05	1corintios-13-4-P01	P019	18
L005 > L004	2	729	730	13:11	13:12	1corintios-13-11-P06	1corintios-13-12-P01	P019	19
L005 > L004	2	824	825	14:31	14:32	1corintios-14-31-P03	1corintios-14-32-P01	P019	20
L005 > L004	2	832	833	14:35	14:35	1corintios-14-35-P02	1corintios-14-35-P03	P019	21
L005 > L004	2	837	838	14:37	14:37	1corintios-14-37-P02	1corintios-14-37-P03	P019	22
L005 > L004	2	859	860	15:6	15:6	1corintios-15-6-P01	1corintios-15-6-P02	P019	23
L005 > L004	2	883	884	15:15	15:15	1corintios-15-15-P04	1corintios-15-15-P05	P019	24
L005 > L004	2	908	909	15:29	15:30	1corintios-15-29-P03	1corintios-15-30-P01	P019	25
L005 > L004	2	948	949	15:49	15:50	1corintios-15-49-P02	1corintios-15-50-P01	P019	26
L005 > L004	2	951	952	15:50	15:51	1corintios-15-50-P03	1corintios-15-51-P01	P019	27
L005 > L004	2	1002	1003	16:14	16:15	1corintios-16-14-P01	1corintios-16-15-P01	P019	28
L005 > L004	2	1010	1011	16:18	16:18	1corintios-16-18-P01	1corintios-16-18-P02	P019	29
L005 > L004	2	1017	1018	16:22	16:22	1corintios-16-22-P02	1corintios-16-22-P03	P019	30
L002 > L003 > L002	3	6	8	1:10	1:10	1corintios-1-10-P01	1corintios-1-10-P03	P020	1
L002 > L003 > L002	3	10	12	1:11	1:12	1corintios-1-11-P01	1corintios-1-12-P01	P020	2
L002 > L003 > L002	3	12	14	1:12	1:12	1corintios-1-12-P01	1corintios-1-12-P03	P020	3
L002 > L003 > L002	3	94	96	3:5	3:6	1corintios-3-5-P03	1corintios-3-6-P01	P020	4
L002 > L003 > L002	3	155	157	4:6	4:7	1corintios-4-6-P03	1corintios-4-7-P01	P020	5
L002 > L003 > L002	3	180	182	4:14	4:15	1corintios-4-14-P01	1corintios-4-15-P02	P020	6
L002 > L003 > L002	3	190	192	4:19	4:19	1corintios-4-19-P01	1corintios-4-19-P03	P020	7
L002 > L003 > L002	3	199	201	5:3	5:6	1corintios-5-3-P01	1corintios-5-6-P01	P020	8
L002 > L003 > L002	3	201	203	5:6	5:7	1corintios-5-6-P01	1corintios-5-7-P01	P020	9
L002 > L003 > L002	3	206	208	5:7	5:9	1corintios-5-7-P04	1corintios-5-9-P01	P020	10
L002 > L003 > L002	3	208	210	5:9	5:11	1corintios-5-9-P01	1corintios-5-11-P01	P020	11
L002 > L003 > L002	3	210	212	5:11	5:12	1corintios-5-11-P01	1corintios-5-12-P01	P020	12
L002 > L003 > L002	3	249	251	6:15	6:15	1corintios-6-15-P01	1corintios-6-15-P03	P020	13
L002 > L003 > L002	3	253	255	6:16	6:16	1corintios-6-16-P01	1corintios-6-16-P03	P020	14
L002 > L003 > L002	3	262	264	6:19	6:19	1corintios-6-19-P01	1corintios-6-19-P03	P020	15
L002 > L003 > L002	3	406	408	8:12	8:13	1corintios-8-12-P01	1corintios-8-13-P02	P020	16
L002 > L003 > L002	3	470	472	9:24	9:24	1corintios-9-24-P01	1corintios-9-24-P03	P020	17
L002 > L003 > L002	3	475	477	9:25	9:26	1corintios-9-25-P01	1corintios-9-26-P01	P020	18
L002 > L003 > L002	3	516	518	10:14	10:15	1corintios-10-14-P01	1corintios-10-15-P02	P020	19
L002 > L003 > L002	3	543	545	10:25	10:27	1corintios-10-25-P01	1corintios-10-27-P02	P020	20
L002 > L003 > L002	3	757	759	14:9	14:10	1corintios-14-9-P03	1corintios-14-10-P02	P020	21
L002 > L003 > L002	3	776	778	14:16	14:16	1corintios-14-16-P02	1corintios-14-16-P04	P020	22
L002 > L003 > L002	3	788	790	14:21	14:21	1corintios-14-21-P01	1corintios-14-21-P03	P020	23
L002 > L003 > L002	3	973	975	16:3	16:4	1corintios-16-3-P03	1corintios-16-4-P02	P020	24
L002 > L003 > L002	3	993	995	16:11	16:11	1corintios-16-11-P02	1corintios-16-11-P04	P020	25
L002 > L003 > L002	3	1004	1006	16:15	16:15	1corintios-16-15-P02	1corintios-16-15-P04	P020	26
L002 > L003 > L002	3	1006	1008	16:15	16:17	1corintios-16-15-P04	1corintios-16-17-P01	P020	27
L005 > L001 > L001	3	27	29	1:18	1:19	1corintios-1-18-P01	1corintios-1-19-P01	P021	1
L005 > L001 > L001	3	62	64	2:9	2:9	1corintios-2-9-P02	1corintios-2-9-P04	P021	2
L005 > L001 > L001	3	77	79	2:15	2:16	1corintios-2-15-P01	1corintios-2-16-P01	P021	3
L005 > L001 > L001	3	133	135	3:19	3:20	1corintios-3-19-P01	1corintios-3-20-P01	P021	4
L005 > L001 > L001	3	138	140	3:21	4:2	1corintios-3-21-P02	1corintios-4-2-P01	P021	5
L005 > L001 > L001	3	144	146	4:3	4:4	1corintios-4-3-P03	1corintios-4-4-P02	P021	6
L005 > L001 > L001	3	170	172	4:11	4:11	1corintios-4-11-P01	1corintios-4-11-P03	P021	7
L005 > L001 > L001	3	230	232	6:7	6:8	1corintios-6-7-P03	1corintios-6-8-P01	P021	8
L005 > L001 > L001	3	295	297	7:13	7:14	1corintios-7-13-P02	1corintios-7-14-P01	P021	9
L005 > L001 > L001	3	302	304	7:15	7:15	1corintios-7-15-P02	1corintios-7-15-P04	P021	10
L005 > L001 > L001	3	362	364	7:36	7:36	1corintios-7-36-P03	1corintios-7-36-P05	P021	11
L005 > L001 > L001	3	372	374	7:38	7:39	1corintios-7-38-P02	1corintios-7-39-P02	P021	12
L005 > L001 > L001	3	376	378	7:39	7:40	1corintios-7-39-P04	1corintios-7-40-P01	P021	13
L005 > L001 > L001	3	403	405	8:10	8:11	1corintios-8-10-P02	1corintios-8-11-P02	P021	14
L005 > L001 > L001	3	410	412	9:1	9:1	1corintios-9-1-P01	1corintios-9-1-P03	P021	15
L005 > L001 > L001	3	479	481	9:27	9:27	1corintios-9-27-P01	1corintios-9-27-P03	P021	16
L005 > L001 > L001	3	484	486	10:1	10:3	1corintios-10-1-P03	1corintios-10-3-P01	P021	17
L005 > L001 > L001	3	569	571	11:4	11:5	1corintios-11-4-P01	1corintios-11-5-P02	P021	18
L005 > L001 > L001	3	575	577	11:7	11:8	1corintios-11-7-P01	1corintios-11-8-P01	P021	19
L005 > L001 > L001	3	609	611	11:23	11:24	1corintios-11-23-P04	1corintios-11-24-P02	P021	20
L005 > L001 > L001	3	622	624	11:27	11:28	1corintios-11-27-P02	1corintios-11-28-P01	P021	21
L005 > L001 > L001	3	654	656	12:12	12:12	1corintios-12-12-P01	1corintios-12-12-P03	P021	22
L005 > L001 > L001	3	897	899	15:25	15:26	1corintios-15-25-P01	1corintios-15-26-P01	P021	23
L005 > L001 > L001	3	934	936	15:41	15:42	1corintios-15-41-P01	1corintios-15-42-P02	P021	24
L005 > L001 > L001	3	944	946	15:44	15:45	1corintios-15-44-P04	1corintios-15-45-P02	P021	25
L005 > L001 > L001	3	960	962	15:54	15:54	1corintios-15-54-P02	1corintios-15-54-P04	P021	26
L005 > L001 > L001	3	978	980	16:5	16:6	1corintios-16-5-P03	1corintios-16-6-P02	P021	27
L006 > L005 > L001	3	26	28	1:17	1:18	1corintios-1-17-P02	1corintios-1-18-P02	P022	1
L006 > L005 > L001	3	76	78	2:14	2:15	1corintios-2-14-P04	1corintios-2-15-P02	P022	2
L006 > L005 > L001	3	110	112	3:12	3:13	1corintios-3-12-P01	1corintios-3-13-P02	P022	3
L006 > L005 > L001	3	113	115	3:13	3:13	1corintios-3-13-P03	1corintios-3-13-P05	P022	4
L006 > L005 > L001	3	116	118	3:14	3:14	1corintios-3-14-P01	1corintios-3-14-P03	P022	5
L006 > L005 > L001	3	119	121	3:15	3:15	1corintios-3-15-P01	1corintios-3-15-P03	P022	6
L006 > L005 > L001	3	125	127	3:17	3:17	1corintios-3-17-P01	1corintios-3-17-P03	P022	7
L006 > L005 > L001	3	132	134	3:18	3:19	1corintios-3-18-P04	1corintios-3-19-P02	P022	8
L006 > L005 > L001	3	294	296	7:13	7:13	1corintios-7-13-P01	1corintios-7-13-P03	P022	9
L006 > L005 > L001	3	301	303	7:15	7:15	1corintios-7-15-P01	1corintios-7-15-P03	P022	10
L006 > L005 > L001	3	355	357	7:34	7:34	1corintios-7-34-P03	1corintios-7-34-P05	P022	11
L006 > L005 > L001	3	371	373	7:38	7:39	1corintios-7-38-P01	1corintios-7-39-P01	P022	12
L006 > L005 > L001	3	375	377	7:39	7:39	1corintios-7-39-P03	1corintios-7-39-P05	P022	13
L006 > L005 > L001	3	402	404	8:10	8:11	1corintios-8-10-P01	1corintios-8-11-P01	P022	14
L006 > L005 > L001	3	409	411	8:13	9:1	1corintios-8-13-P03	1corintios-9-1-P02	P022	15
L006 > L005 > L001	3	478	480	9:26	9:27	1corintios-9-26-P02	1corintios-9-27-P02	P022	16
L006 > L005 > L001	3	510	512	10:12	10:13	1corintios-10-12-P01	1corintios-10-13-P01	P022	17
L006 > L005 > L001	3	574	576	11:6	11:7	1corintios-11-6-P03	1corintios-11-7-P02	P022	18
L006 > L005 > L001	3	621	623	11:27	11:27	1corintios-11-27-P01	1corintios-11-27-P03	P022	19
L006 > L005 > L001	3	653	655	12:11	12:12	1corintios-12-11-P02	1corintios-12-12-P02	P022	20
L006 > L005 > L001	3	693	695	13:1	13:1	1corintios-13-1-P01	1corintios-13-1-P03	P022	21
L006 > L005 > L001	3	696	698	13:2	13:2	1corintios-13-2-P01	1corintios-13-2-P03	P022	22
L006 > L005 > L001	3	815	817	14:28	14:28	1corintios-14-28-P01	1corintios-14-28-P03	P022	23
L006 > L005 > L001	3	933	935	15:38	15:42	1corintios-15-38-P02	1corintios-15-42-P01	P022	24
L006 > L005 > L001	3	943	945	15:44	15:45	1corintios-15-44-P03	1corintios-15-45-P01	P022	25
L006 > L005 > L001	3	959	961	15:54	15:54	1corintios-15-54-P01	1corintios-15-54-P03	P022	26
L006 > L005 > L001	3	977	979	16:5	16:6	1corintios-16-5-P02	1corintios-16-6-P01	P022	27
L002 > L006	2	18	19	1:14	1:14	1corintios-1-14-P01	1corintios-1-14-P02	P023	1
L002 > L006	2	25	26	1:17	1:17	1corintios-1-17-P01	1corintios-1-17-P02	P023	2
L002 > L006	2	40	41	1:27	1:27	1corintios-1-27-P01	1corintios-1-27-P02	P023	3
L002 > L006	2	48	49	1:30	1:31	1corintios-1-30-P02	1corintios-1-31-P01	P023	4
L002 > L006	2	70	71	2:12	2:12	1corintios-2-12-P01	1corintios-2-12-P02	P023	5
L002 > L006	2	122	123	3:16	3:16	1corintios-3-16-P01	1corintios-3-16-P02	P023	6
L002 > L006	2	124	125	3:16	3:17	1corintios-3-16-P03	1corintios-3-17-P01	P023	7
L002 > L006	2	129	130	3:18	3:18	1corintios-3-18-P01	1corintios-3-18-P02	P023	8
L002 > L006	2	203	204	5:7	5:7	1corintios-5-7-P01	1corintios-5-7-P02	P023	9
L002 > L006	2	274	275	7:5	7:5	1corintios-7-5-P01	1corintios-7-5-P02	P023	10
L002 > L006	2	401	402	8:9	8:10	1corintios-8-9-P02	1corintios-8-10-P01	P023	11
L002 > L006	2	408	409	8:13	8:13	1corintios-8-13-P02	1corintios-8-13-P03	P023	12
L002 > L006	2	473	474	9:24	9:24	1corintios-9-24-P04	1corintios-9-24-P05	P023	13
L002 > L006	2	477	478	9:26	9:26	1corintios-9-26-P01	1corintios-9-26-P02	P023	14
L002 > L006	2	615	616	11:25	11:25	1corintios-11-25-P02	1corintios-11-25-P03	P023	15
L002 > L006	2	620	621	11:26	11:27	1corintios-11-26-P04	1corintios-11-27-P01	P023	16
L002 > L006	2	641	642	12:2	12:2	1corintios-12-2-P01	1corintios-12-2-P02	P023	17
L002 > L006	2	659	660	12:14	12:15	1corintios-12-14-P01	1corintios-12-15-P01	P023	18
L002 > L006	2	692	693	12:31	13:1	1corintios-12-31-P02	1corintios-13-1-P01	P023	19
L002 > L006	2	765	766	14:13	14:13	1corintios-14-13-P01	1corintios-14-13-P02	P023	20
L002 > L006	2	880	881	15:15	15:15	1corintios-15-15-P01	1corintios-15-15-P02	P023	21
L002 > L006	2	886	887	15:16	15:17	1corintios-15-16-P02	1corintios-15-17-P01	P023	22
L002 > L006	2	958	959	15:53	15:54	1corintios-15-53-P01	1corintios-15-54-P01	P023	23
L002 > L006	2	967	968	16:2	16:2	1corintios-16-2-P01	1corintios-16-2-P02	P023	24
L002 > L006	2	976	977	16:5	16:5	1corintios-16-5-P01	1corintios-16-5-P02	P023	25
L005 > L006	2	42	43	1:27	1:27	1corintios-1-27-P03	1corintios-1-27-P04	P024	1
L005 > L006	2	44	45	1:28	1:28	1corintios-1-28-P01	1corintios-1-28-P02	P024	2
L005 > L006	2	131	132	3:18	3:18	1corintios-3-18-P03	1corintios-3-18-P04	P024	3
L005 > L006	2	300	301	7:14	7:15	1corintios-7-14-P04	1corintios-7-15-P01	P024	4
L005 > L006	2	307	308	7:16	7:16	1corintios-7-16-P03	1corintios-7-16-P04	P024	5
L005 > L006	2	386	387	8:2	8:2	1corintios-8-2-P02	1corintios-8-2-P03	P024	6
L005 > L006	2	397	398	8:8	8:8	1corintios-8-8-P03	1corintios-8-8-P04	P024	7
L005 > L006	2	454	455	9:17	9:17	1corintios-9-17-P02	1corintios-9-17-P03	P024	8
L005 > L006	2	458	459	9:19	9:19	1corintios-9-19-P01	1corintios-9-19-P02	P024	9
L005 > L006	2	460	461	9:20	9:20	1corintios-9-20-P01	1corintios-9-20-P02	P024	10
L005 > L006	2	464	465	9:22	9:22	1corintios-9-22-P01	1corintios-9-22-P02	P024	11
L005 > L006	2	466	467	9:22	9:22	1corintios-9-22-P03	1corintios-9-22-P04	P024	12
L005 > L006	2	468	469	9:23	9:23	1corintios-9-23-P01	1corintios-9-23-P02	P024	13
L005 > L006	2	573	574	11:6	11:6	1corintios-11-6-P02	1corintios-11-6-P03	P024	14
L005 > L006	2	584	585	11:14	11:15	1corintios-11-14-P03	1corintios-11-15-P01	P024	15
L005 > L006	2	586	587	11:15	11:15	1corintios-11-15-P02	1corintios-11-15-P03	P024	16
L005 > L006	2	725	726	13:11	13:11	1corintios-13-11-P02	1corintios-13-11-P03	P024	17
L005 > L006	2	749	750	14:6	14:6	1corintios-14-6-P02	1corintios-14-6-P03	P024	18
L005 > L006	2	752	753	14:7	14:8	1corintios-14-7-P02	1corintios-14-8-P01	P024	19
L005 > L006	2	763	764	14:12	14:12	1corintios-14-12-P02	1corintios-14-12-P03	P024	20
L005 > L006	2	878	879	15:13	15:14	1corintios-15-13-P02	1corintios-15-14-P01	P024	21
L005 > L006	2	904	905	15:28	15:28	1corintios-15-28-P02	1corintios-15-28-P03	P024	22
L005 > L006	2	932	933	15:38	15:38	1corintios-15-38-P01	1corintios-15-38-P02	P024	23
L005 > L006	2	998	999	16:12	16:12	1corintios-16-12-P03	1corintios-16-12-P04	P024	24
L005 > L006	2	1000	1001	16:12	16:12	1corintios-16-12-P05	1corintios-16-12-P06	P024	25
L001 > L006 > L005	3	75	77	2:14	2:15	1corintios-2-14-P03	1corintios-2-15-P01	P025	1
L001 > L006 > L005	3	109	111	3:11	3:13	1corintios-3-11-P02	1corintios-3-13-P01	P025	2
L001 > L006 > L005	3	112	114	3:13	3:13	1corintios-3-13-P02	1corintios-3-13-P04	P025	3
L001 > L006 > L005	3	115	117	3:13	3:14	1corintios-3-13-P05	1corintios-3-14-P02	P025	4
L001 > L006 > L005	3	118	120	3:14	3:15	1corintios-3-14-P03	1corintios-3-15-P02	P025	5
L001 > L006 > L005	3	140	142	4:2	4:3	1corintios-4-2-P01	1corintios-4-3-P01	P025	6
L001 > L006 > L005	3	159	161	4:7	4:7	1corintios-4-7-P03	1corintios-4-7-P05	P025	7
L001 > L006 > L005	3	293	295	7:12	7:13	1corintios-7-12-P04	1corintios-7-13-P02	P025	8
L001 > L006 > L005	3	298	300	7:14	7:14	1corintios-7-14-P02	1corintios-7-14-P04	P025	9
L001 > L006 > L005	3	337	339	7:27	7:28	1corintios-7-27-P04	1corintios-7-28-P02	P025	10
L001 > L006 > L005	3	354	356	7:34	7:34	1corintios-7-34-P02	1corintios-7-34-P04	P025	11
L001 > L006 > L005	3	370	372	7:37	7:38	1corintios-7-37-P04	1corintios-7-38-P02	P025	12
L001 > L006 > L005	3	374	376	7:39	7:39	1corintios-7-39-P02	1corintios-7-39-P04	P025	13
L001 > L006 > L005	3	384	386	8:1	8:2	1corintios-8-1-P04	1corintios-8-2-P02	P025	14
L001 > L006 > L005	3	509	511	10:11	10:12	1corintios-10-11-P03	1corintios-10-12-P02	P025	15
L001 > L006 > L005	3	571	573	11:5	11:6	1corintios-11-5-P02	1corintios-11-6-P02	P025	16
L001 > L006 > L005	3	582	584	11:14	11:14	1corintios-11-14-P01	1corintios-11-14-P03	P025	17
L001 > L006 > L005	3	652	654	12:11	12:12	1corintios-12-11-P01	1corintios-12-12-P01	P025	18
L001 > L006 > L005	3	695	697	13:1	13:2	1corintios-13-1-P03	1corintios-13-2-P02	P025	19
L001 > L006 > L005	3	698	700	13:2	13:2	1corintios-13-2-P03	1corintios-13-2-P05	P025	20
L001 > L006 > L005	3	803	805	14:25	14:26	1corintios-14-25-P02	1corintios-14-26-P01	P025	21
L001 > L006 > L005	3	814	816	14:27	14:28	1corintios-14-27-P02	1corintios-14-28-P02	P025	22
L001 > L006 > L005	3	835	837	14:36	14:37	1corintios-14-36-P02	1corintios-14-37-P02	P025	23
L001 > L006 > L005	3	942	944	15:44	15:44	1corintios-15-44-P02	1corintios-15-44-P04	P025	24
L002 > L001 > L001	3	73	75	2:14	2:14	1corintios-2-14-P01	1corintios-2-14-P03	P026	1
L002 > L001 > L001	3	84	86	3:2	3:3	1corintios-3-2-P02	1corintios-3-3-P01	P026	2
L002 > L001 > L001	3	105	107	3:10	3:10	1corintios-3-10-P02	1corintios-3-10-P04	P026	3
L002 > L001 > L001	3	149	151	4:5	4:5	1corintios-4-5-P02	1corintios-4-5-P04	P026	4
L002 > L001 > L001	3	242	244	6:12	6:12	1corintios-6-12-P01	1corintios-6-12-P03	P026	5
L002 > L001 > L001	3	264	266	6:19	6:20	1corintios-6-19-P03	1corintios-6-20-P01	P026	6
L002 > L001 > L001	3	269	271	7:2	7:3	1corintios-7-2-P01	1corintios-7-3-P01	P026	7
L002 > L001 > L001	3	418	420	9:4	9:6	1corintios-9-4-P01	1corintios-9-6-P01	P026	8
L002 > L001 > L001	3	421	423	9:7	9:7	1corintios-9-7-P01	1corintios-9-7-P03	P026	9
L002 > L001 > L001	3	449	451	9:16	9:16	1corintios-9-16-P02	1corintios-9-16-P04	P026	10
L002 > L001 > L001	3	538	540	10:23	10:23	1corintios-10-23-P01	1corintios-10-23-P03	P026	11
L002 > L001 > L001	3	555	557	10:31	10:31	1corintios-10-31-P01	1corintios-10-31-P03	P026	12
L002 > L001 > L001	3	596	598	11:20	11:21	1corintios-11-20-P01	1corintios-11-21-P02	P026	13
L002 > L001 > L001	3	600	602	11:22	11:22	1corintios-11-22-P01	1corintios-11-22-P03	P026	14
L002 > L001 > L001	3	603	605	11:22	11:22	1corintios-11-22-P04	1corintios-11-22-P06	P026	15
L002 > L001 > L001	3	677	679	12:23	12:24	1corintios-12-23-P03	1corintios-12-24-P02	P026	16
L002 > L001 > L001	3	738	740	14:2	14:2	1corintios-14-2-P01	1corintios-14-2-P03	P026	17
L002 > L001 > L001	3	768	770	14:14	14:15	1corintios-14-14-P02	1corintios-14-15-P01	P026	18
L002 > L001 > L001	3	785	787	14:20	14:20	1corintios-14-20-P01	1corintios-14-20-P03	P026	19
L002 > L001 > L001	3	794	796	14:23	14:23	1corintios-14-23-P02	1corintios-14-23-P04	P026	20
L002 > L001 > L001	3	799	801	14:24	14:24	1corintios-14-24-P02	1corintios-14-24-P04	P026	21
L002 > L001 > L001	3	807	809	14:26	14:26	1corintios-14-26-P03	1corintios-14-26-P05	P026	22
L002 > L001 > L001	3	847	849	15:1	15:2	1corintios-15-1-P03	1corintios-15-2-P01	P026	23
L002 > L001 > L001	3	914	916	15:32	15:32	1corintios-15-32-P03	1corintios-15-32-P05	P026	24
L006 > L002	2	24	25	1:16	1:17	1corintios-1-16-P03	1corintios-1-17-P01	P027	1
L006 > L002	2	69	70	2:11	2:12	1corintios-2-11-P02	1corintios-2-12-P01	P027	2
L006 > L002	2	99	100	3:7	3:8	1corintios-3-7-P01	1corintios-3-8-P01	P027	3
L006 > L002	2	123	124	3:16	3:16	1corintios-3-16-P02	1corintios-3-16-P03	P027	4
L006 > L002	2	179	180	4:13	4:14	1corintios-4-13-P02	1corintios-4-14-P01	P027	5
L006 > L002	2	379	380	7:40	7:40	1corintios-7-40-P02	1corintios-7-40-P03	P027	6
L006 > L002	2	382	383	8:1	8:1	1corintios-8-1-P02	1corintios-8-1-P03	P027	7
L006 > L002	2	393	394	8:7	8:7	1corintios-8-7-P01	1corintios-8-7-P02	P027	8
L006 > L002	2	439	440	9:12	9:13	1corintios-9-12-P04	1corintios-9-13-P01	P027	9
L006 > L002	2	455	456	9:17	9:18	1corintios-9-17-P03	1corintios-9-18-P01	P027	10
L006 > L002	2	469	470	9:23	9:24	1corintios-9-23-P02	1corintios-9-24-P01	P027	11
L006 > L002	2	474	475	9:24	9:25	1corintios-9-24-P05	1corintios-9-25-P01	P027	12
L006 > L002	2	493	494	10:6	10:7	1corintios-10-6-P02	1corintios-10-7-P01	P027	13
L006 > L002	2	513	514	10:13	10:13	1corintios-10-13-P02	1corintios-10-13-P03	P027	14
L006 > L002	2	680	681	12:25	12:25	1corintios-12-25-P01	1corintios-12-25-P02	P027	15
L006 > L002	2	733	734	13:12	13:13	1corintios-13-12-P04	1corintios-13-13-P01	P027	16
L006 > L002	2	737	738	14:1	14:2	1corintios-14-1-P03	1corintios-14-2-P01	P027	17
L006 > L002	2	764	765	14:12	14:13	1corintios-14-12-P03	1corintios-14-13-P01	P027	18
L006 > L002	2	784	785	14:19	14:20	1corintios-14-19-P02	1corintios-14-20-P01	P027	19
L006 > L002	2	879	880	15:14	15:15	1corintios-15-14-P01	1corintios-15-15-P01	P027	20
L006 > L002	2	885	886	15:16	15:16	1corintios-15-16-P01	1corintios-15-16-P02	P027	21
L006 > L002	2	887	888	15:17	15:17	1corintios-15-17-P01	1corintios-15-17-P02	P027	22
L006 > L002	2	928	929	15:36	15:37	1corintios-15-36-P03	1corintios-15-37-P01	P027	23
L006 > L002	2	988	989	16:10	16:10	1corintios-16-10-P01	1corintios-16-10-P02	P027	24
L004 > L003	2	37	38	1:23	1:25	1corintios-1-23-P01	1corintios-1-25-P01	P028	1
L004 > L003	2	103	104	3:9	3:10	1corintios-3-9-P02	1corintios-3-10-P01	P028	2
L004 > L003	2	147	148	4:4	4:5	1corintios-4-4-P03	1corintios-4-5-P01	P028	3
L004 > L003	2	153	154	4:6	4:6	1corintios-4-6-P01	1corintios-4-6-P02	P028	4
L004 > L003	2	168	169	4:9	4:9	1corintios-4-9-P02	1corintios-4-9-P03	P028	5
L004 > L003	2	286	287	7:10	7:11	1corintios-7-10-P01	1corintios-7-11-P01	P028	6
L004 > L003	2	290	291	7:12	7:12	1corintios-7-12-P01	1corintios-7-12-P02	P028	7
L004 > L003	2	322	323	7:21	7:21	1corintios-7-21-P02	1corintios-7-21-P03	P028	8
L004 > L003	2	345	346	7:29	7:29	1corintios-7-29-P02	1corintios-7-29-P03	P028	9
L004 > L003	2	498	499	10:8	10:8	1corintios-10-8-P01	1corintios-10-8-P02	P028	10
L004 > L003	2	501	502	10:9	10:9	1corintios-10-9-P01	1corintios-10-9-P02	P028	11
L004 > L003	2	551	552	10:29	10:30	1corintios-10-29-P02	1corintios-10-30-P01	P028	12
L004 > L003	2	590	591	11:17	11:17	1corintios-11-17-P01	1corintios-11-17-P02	P028	13
L004 > L003	2	594	595	11:19	11:19	1corintios-11-19-P01	1corintios-11-19-P02	P028	14
L004 > L003	2	629	630	11:30	11:31	1corintios-11-30-P01	1corintios-11-31-P01	P028	15
L004 > L003	2	744	745	14:5	14:5	1corintios-14-5-P01	1corintios-14-5-P02	P028	16
L004 > L003	2	791	792	14:21	14:22	1corintios-14-21-P04	1corintios-14-22-P01	P028	17
L004 > L003	2	829	830	14:34	14:34	1corintios-14-34-P03	1corintios-14-34-P04	P028	18
L004 > L003	2	838	839	14:37	14:37	1corintios-14-37-P03	1corintios-14-37-P04	P028	19
L004 > L003	2	872	873	15:11	15:12	1corintios-15-11-P02	1corintios-15-12-P01	P028	20
L004 > L003	2	889	890	15:18	15:19	1corintios-15-18-P01	1corintios-15-19-P01	P028	21
L004 > L003	2	949	950	15:50	15:50	1corintios-15-50-P01	1corintios-15-50-P02	P028	22
L004 > L003	2	1015	1016	16:20	16:22	1corintios-16-20-P02	1corintios-16-22-P01	P028	23
L001 > L001 > L001 > L001 > L001 > L001	6	63	68	2:9	2:11	1corintios-2-9-P03	1corintios-2-11-P01	P029	1
L001 > L001 > L001 > L001 > L001 > L001	6	171	176	4:11	4:12	1corintios-4-11-P02	1corintios-4-12-P02	P029	2
L001 > L001 > L001 > L001 > L001 > L001	6	172	177	4:11	4:12	1corintios-4-11-P03	1corintios-4-12-P03	P029	3
L001 > L001 > L001 > L001 > L001 > L001	6	173	178	4:11	4:13	1corintios-4-11-P04	1corintios-4-13-P01	P029	4
L001 > L001 > L001 > L001 > L001 > L001	6	314	319	7:18	7:20	1corintios-7-18-P02	1corintios-7-20-P01	P029	5
L001 > L001 > L001 > L001 > L001 > L001	6	315	320	7:18	7:20	1corintios-7-18-P03	1corintios-7-20-P02	P029	6
L001 > L001 > L001 > L001 > L001 > L001	6	623	628	11:27	11:29	1corintios-11-27-P03	1corintios-11-29-P02	P029	7
L001 > L001 > L001 > L001 > L001 > L001	6	702	707	13:4	13:5	1corintios-13-4-P02	1corintios-13-5-P02	P029	8
L001 > L001 > L001 > L001 > L001 > L001	6	703	708	13:4	13:5	1corintios-13-4-P03	1corintios-13-5-P03	P029	9
L001 > L001 > L001 > L001 > L001 > L001	6	704	709	13:4	13:5	1corintios-13-4-P04	1corintios-13-5-P04	P029	10
L001 > L001 > L001 > L001 > L001 > L001	6	705	710	13:4	13:6	1corintios-13-4-P05	1corintios-13-6-P01	P029	11
L001 > L001 > L001 > L001 > L001 > L001	6	706	711	13:5	13:6	1corintios-13-5-P01	1corintios-13-6-P02	P029	12
L001 > L001 > L001 > L001 > L001 > L001	6	707	712	13:5	13:7	1corintios-13-5-P02	1corintios-13-7-P01	P029	13
L001 > L001 > L001 > L001 > L001 > L001	6	708	713	13:5	13:7	1corintios-13-5-P03	1corintios-13-7-P02	P029	14
L001 > L001 > L001 > L001 > L001 > L001	6	709	714	13:5	13:7	1corintios-13-5-P04	1corintios-13-7-P03	P029	15
L001 > L001 > L001 > L001 > L001 > L001	6	710	715	13:6	13:7	1corintios-13-6-P01	1corintios-13-7-P04	P029	16
L001 > L001 > L001 > L001 > L001 > L001	6	711	716	13:6	13:8	1corintios-13-6-P02	1corintios-13-8-P01	P029	17
L001 > L001 > L001 > L001 > L001 > L001	6	808	813	14:26	14:27	1corintios-14-26-P04	1corintios-14-27-P01	P029	18
L001 > L001 > L001 > L001 > L001 > L001	6	809	814	14:26	14:27	1corintios-14-26-P05	1corintios-14-27-P02	P029	19
L001 > L001 > L001 > L001 > L001 > L001	6	935	940	15:42	15:43	1corintios-15-42-P01	1corintios-15-43-P04	P029	20
L001 > L001 > L001 > L001 > L001 > L001	6	936	941	15:42	15:44	1corintios-15-42-P02	1corintios-15-44-P01	P029	21
L001 > L001 > L001 > L001 > L001 > L001	6	937	942	15:43	15:44	1corintios-15-43-P01	1corintios-15-44-P02	P029	22
L001 > L001 > L006	3	67	69	2:10	2:11	1corintios-2-10-P02	1corintios-2-11-P02	P030	1
L001 > L001 > L006	3	74	76	2:14	2:14	1corintios-2-14-P02	1corintios-2-14-P04	P030	2
L001 > L001 > L006	3	108	110	3:11	3:12	1corintios-3-11-P01	1corintios-3-12-P01	P030	3
L001 > L001 > L006	3	139	141	4:1	4:2	1corintios-4-1-P01	1corintios-4-2-P02	P030	4
L001 > L001 > L006	3	177	179	4:12	4:13	1corintios-4-12-P03	1corintios-4-13-P02	P030	5
L001 > L001 > L006	3	297	299	7:14	7:14	1corintios-7-14-P01	1corintios-7-14-P03	P030	6
L001 > L001 > L006	3	336	338	7:27	7:28	1corintios-7-27-P03	1corintios-7-28-P01	P030	7
L001 > L001 > L006	3	353	355	7:34	7:34	1corintios-7-34-P01	1corintios-7-34-P03	P030	8
L001 > L001 > L006	3	369	371	7:37	7:38	1corintios-7-37-P03	1corintios-7-38-P01	P030	9
L001 > L001 > L006	3	373	375	7:39	7:39	1corintios-7-39-P01	1corintios-7-39-P03	P030	10
L001 > L001 > L006	3	377	379	7:39	7:40	1corintios-7-39-P05	1corintios-7-40-P02	P030	11
L001 > L001 > L006	3	431	433	9:10	9:10	1corintios-9-10-P01	1corintios-9-10-P03	P030	12
L001 > L001 > L006	3	508	510	10:11	10:12	1corintios-10-11-P02	1corintios-10-12-P01	P030	13
L001 > L001 > L006	3	570	572	11:5	11:6	1corintios-11-5-P01	1corintios-11-6-P01	P030	14
L001 > L001 > L006	3	651	653	12:8	12:11	1corintios-12-8-P01	1corintios-12-11-P02	P030	15
L001 > L001 > L006	3	678	680	12:24	12:25	1corintios-12-24-P01	1corintios-12-25-P01	P030	16
L001 > L001 > L006	3	782	784	14:18	14:19	1corintios-14-18-P02	1corintios-14-19-P02	P030	17
L001 > L001 > L006	3	802	804	14:25	14:25	1corintios-14-25-P01	1corintios-14-25-P03	P030	18
L001 > L001 > L006	3	813	815	14:27	14:28	1corintios-14-27-P01	1corintios-14-28-P01	P030	19
L001 > L001 > L006	3	834	836	14:36	14:37	1corintios-14-36-P01	1corintios-14-37-P01	P030	20
L001 > L001 > L006	3	899	901	15:26	15:27	1corintios-15-26-P01	1corintios-15-27-P02	P030	21
L001 > L001 > L006	3	941	943	15:44	15:44	1corintios-15-44-P01	1corintios-15-44-P03	P030	22
L004 > L001 > L001	3	51	53	2:1	2:3	1corintios-2-1-P01	1corintios-2-3-P01	P031	1
L004 > L001 > L001	3	162	164	4:8	4:8	1corintios-4-8-P01	1corintios-4-8-P03	P031	2
L004 > L001 > L001	3	225	227	6:5	6:6	1corintios-6-5-P02	1corintios-6-6-P01	P031	3
L004 > L001 > L001	3	238	240	6:11	6:11	1corintios-6-11-P01	1corintios-6-11-P03	P031	4
L004 > L001 > L001	3	246	248	6:13	6:14	1corintios-6-13-P01	1corintios-6-14-P02	P031	5
L004 > L001 > L001	3	313	315	7:18	7:18	1corintios-7-18-P01	1corintios-7-18-P03	P031	6
L004 > L001 > L001	3	331	333	7:25	7:26	1corintios-7-25-P01	1corintios-7-26-P01	P031	7
L004 > L001 > L001	3	334	336	7:27	7:27	1corintios-7-27-P01	1corintios-7-27-P03	P031	8
L004 > L001 > L001	3	349	351	7:32	7:33	1corintios-7-32-P02	1corintios-7-33-P01	P031	9
L004 > L001 > L001	3	367	369	7:37	7:37	1corintios-7-37-P01	1corintios-7-37-P03	P031	10
L004 > L001 > L001	3	430	432	9:9	9:10	1corintios-9-9-P03	1corintios-9-10-P02	P031	11
L004 > L001 > L001	3	507	509	10:11	10:11	1corintios-10-11-P01	1corintios-10-11-P03	P031	12
L004 > L001 > L001	3	647	649	12:4	12:6	1corintios-12-4-P01	1corintios-12-6-P01	P031	13
L004 > L001 > L001	3	650	652	12:7	12:11	1corintios-12-7-P01	1corintios-12-11-P01	P031	14
L004 > L001 > L001	3	682	684	12:26	12:26	1corintios-12-26-P01	1corintios-12-26-P03	P031	15
L004 > L001 > L001	3	688	690	12:30	12:30	1corintios-12-30-P01	1corintios-12-30-P03	P031	16
L004 > L001 > L001	3	701	703	13:4	13:4	1corintios-13-4-P01	1corintios-13-4-P03	P031	17
L004 > L001 > L001	3	771	773	14:15	14:15	1corintios-14-15-P02	1corintios-14-15-P04	P031	18
L004 > L001 > L001	3	781	783	14:18	14:19	1corintios-14-18-P01	1corintios-14-19-P01	P031	19
L004 > L001 > L001	3	833	835	14:35	14:36	1corintios-14-35-P03	1corintios-14-36-P02	P031	20
L004 > L001 > L001	3	864	866	15:9	15:9	1corintios-15-9-P01	1corintios-15-9-P03	P031	21
L001 > L001 > L004	3	28	30	1:18	1:19	1corintios-1-18-P02	1corintios-1-19-P02	P032	1
L001 > L001 > L004	3	145	147	4:4	4:4	1corintios-4-4-P01	1corintios-4-4-P03	P032	2
L001 > L001 > L004	3	151	153	4:5	4:6	1corintios-4-5-P04	1corintios-4-6-P01	P032	3
L001 > L001 > L004	3	243	245	6:12	6:12	1corintios-6-12-P02	1corintios-6-12-P04	P032	4
L001 > L001 > L004	3	303	305	7:15	7:16	1corintios-7-15-P03	1corintios-7-16-P01	P032	5
L001 > L001 > L004	3	319	321	7:20	7:21	1corintios-7-20-P01	1corintios-7-21-P01	P032	6
L001 > L001 > L004	3	332	334	7:25	7:27	1corintios-7-25-P02	1corintios-7-27-P01	P032	7
L001 > L001 > L004	3	364	366	7:36	7:36	1corintios-7-36-P05	1corintios-7-36-P07	P032	8
L001 > L001 > L004	3	424	426	9:7	9:8	1corintios-9-7-P04	1corintios-9-8-P01	P032	9
L001 > L001 > L004	3	487	489	10:4	10:4	1corintios-10-4-P01	1corintios-10-4-P03	P032	10
L001 > L001 > L004	3	627	629	11:29	11:30	1corintios-11-29-P01	1corintios-11-30-P01	P032	11
L001 > L001 > L004	3	648	650	12:5	12:7	1corintios-12-5-P01	1corintios-12-7-P01	P032	12
L001 > L001 > L004	3	689	691	12:30	12:31	1corintios-12-30-P02	1corintios-12-31-P01	P032	13
L001 > L001 > L004	3	715	717	13:7	13:8	1corintios-13-7-P04	1corintios-13-8-P02	P032	14
L001 > L001 > L004	3	742	744	14:4	14:5	1corintios-14-4-P01	1corintios-14-5-P01	P032	15
L001 > L001 > L004	3	769	771	14:14	14:15	1corintios-14-14-P03	1corintios-14-15-P02	P032	16
L001 > L001 > L004	3	867	869	15:10	15:10	1corintios-15-10-P01	1corintios-15-10-P03	P032	17
L001 > L001 > L004	3	915	917	15:32	15:33	1corintios-15-32-P04	1corintios-15-33-P01	P032	18
L001 > L001 > L002	3	79	81	2:16	2:16	1corintios-2-16-P01	1corintios-2-16-P03	P033	1
L001 > L001 > L002	3	240	242	6:11	6:12	1corintios-6-11-P03	1corintios-6-12-P01	P033	2
L001 > L001 > L002	3	247	249	6:14	6:15	1corintios-6-14-P01	1corintios-6-15-P01	P033	3
L001 > L001 > L002	3	267	269	6:20	7:2	1corintios-6-20-P02	1corintios-7-2-P01	P033	4
L001 > L001 > L002	3	272	274	7:4	7:5	1corintios-7-4-P01	1corintios-7-5-P01	P033	5
L001 > L001 > L002	3	404	406	8:11	8:12	1corintios-8-11-P01	1corintios-8-12-P01	P033	6
L001 > L001 > L002	3	411	413	9:1	9:1	1corintios-9-1-P02	1corintios-9-1-P04	P033	7
L001 > L001 > L002	3	419	421	9:5	9:7	1corintios-9-5-P01	1corintios-9-7-P01	P033	8
L001 > L001 > L002	3	541	543	10:23	10:25	1corintios-10-23-P04	1corintios-10-25-P01	P033	9
L001 > L001 > L002	3	578	580	11:9	11:13	1corintios-11-9-P01	1corintios-11-13-P01	P033	10
L001 > L001 > L002	3	598	600	11:21	11:22	1corintios-11-21-P02	1corintios-11-22-P01	P033	11
L001 > L001 > L002	3	601	603	11:22	11:22	1corintios-11-22-P02	1corintios-11-22-P04	P033	12
L001 > L001 > L002	3	611	613	11:24	11:24	1corintios-11-24-P02	1corintios-11-24-P04	P033	13
L001 > L001 > L002	3	655	657	12:12	12:13	1corintios-12-12-P02	1corintios-12-13-P01	P033	14
L001 > L001 > L002	3	684	686	12:26	12:27	1corintios-12-26-P03	1corintios-12-27-P01	P033	15
L001 > L001 > L002	3	786	788	14:20	14:21	1corintios-14-20-P02	1corintios-14-21-P01	P033	16
L001 > L001 > L002	3	848	850	15:1	15:2	1corintios-15-1-P04	1corintios-15-2-P02	P033	17
L006 > L005 > L001 > L001	4	26	29	1:17	1:19	1corintios-1-17-P02	1corintios-1-19-P01	P034	1
L006 > L005 > L001 > L001	4	76	79	2:14	2:16	1corintios-2-14-P04	1corintios-2-16-P01	P034	2
L006 > L005 > L001 > L001	4	132	135	3:18	3:20	1corintios-3-18-P04	1corintios-3-20-P01	P034	3
L006 > L005 > L001 > L001	4	294	297	7:13	7:14	1corintios-7-13-P01	1corintios-7-14-P01	P034	4
L006 > L005 > L001 > L001	4	301	304	7:15	7:15	1corintios-7-15-P01	1corintios-7-15-P04	P034	5
L006 > L005 > L001 > L001	4	371	374	7:38	7:39	1corintios-7-38-P01	1corintios-7-39-P02	P034	6
L006 > L005 > L001 > L001	4	375	378	7:39	7:40	1corintios-7-39-P03	1corintios-7-40-P01	P034	7
L006 > L005 > L001 > L001	4	402	405	8:10	8:11	1corintios-8-10-P01	1corintios-8-11-P02	P034	8
L006 > L005 > L001 > L001	4	409	412	8:13	9:1	1corintios-8-13-P03	1corintios-9-1-P03	P034	9
L006 > L005 > L001 > L001	4	478	481	9:26	9:27	1corintios-9-26-P02	1corintios-9-27-P03	P034	10
L006 > L005 > L001 > L001	4	574	577	11:6	11:8	1corintios-11-6-P03	1corintios-11-8-P01	P034	11
L006 > L005 > L001 > L001	4	621	624	11:27	11:28	1corintios-11-27-P01	1corintios-11-28-P01	P034	12
L006 > L005 > L001 > L001	4	653	656	12:11	12:12	1corintios-12-11-P02	1corintios-12-12-P03	P034	13
L006 > L005 > L001 > L001	4	933	936	15:38	15:42	1corintios-15-38-P02	1corintios-15-42-P02	P034	14
L006 > L005 > L001 > L001	4	943	946	15:44	15:45	1corintios-15-44-P03	1corintios-15-45-P02	P034	15
L006 > L005 > L001 > L001	4	959	962	15:54	15:54	1corintios-15-54-P01	1corintios-15-54-P04	P034	16
L006 > L005 > L001 > L001	4	977	980	16:5	16:6	1corintios-16-5-P02	1corintios-16-6-P02	P034	17
L001 > L001 > L003	3	52	54	2:2	2:5	1corintios-2-2-P01	1corintios-2-5-P01	P035	1
L001 > L001 > L003	3	87	89	3:3	3:4	1corintios-3-3-P02	1corintios-3-4-P01	P035	2
L001 > L001 > L003	3	134	136	3:19	3:20	1corintios-3-19-P02	1corintios-3-20-P02	P035	3
L001 > L001 > L003	3	164	166	4:8	4:8	1corintios-4-8-P03	1corintios-4-8-P05	P035	4
L001 > L001 > L003	3	227	229	6:6	6:7	1corintios-6-6-P01	1corintios-6-7-P02	P035	5
L001 > L001 > L003	3	233	235	6:8	6:9	1corintios-6-8-P02	1corintios-6-9-P02	P035	6
L001 > L001 > L003	3	450	452	9:16	9:16	1corintios-9-16-P03	1corintios-9-16-P05	P035	7
L001 > L001 > L003	3	481	483	9:27	10:1	1corintios-9-27-P03	1corintios-10-1-P02	P035	8
L001 > L001 > L003	3	558	560	10:31	10:33	1corintios-10-31-P04	1corintios-10-33-P01	P035	9
L001 > L001 > L003	3	606	608	11:23	11:23	1corintios-11-23-P01	1corintios-11-23-P03	P035	10
L001 > L001 > L003	3	773	775	14:15	14:16	1corintios-14-15-P04	1corintios-14-16-P01	P035	11
L001 > L001 > L003	3	795	797	14:23	14:23	1corintios-14-23-P03	1corintios-14-23-P05	P035	12
L001 > L001 > L003	3	945	947	15:45	15:49	1corintios-15-45-P01	1corintios-15-49-P01	P035	13
L001 > L001 > L003	3	961	963	15:54	15:58	1corintios-15-54-P03	1corintios-15-58-P01	P035	14
L001 > L001 > L003	3	979	981	16:6	16:6	1corintios-16-6-P01	1corintios-16-6-P03	P035	15
L001 > L001 > L006 > L005	4	74	77	2:14	2:15	1corintios-2-14-P02	1corintios-2-15-P01	P036	1
L001 > L001 > L006 > L005	4	108	111	3:11	3:13	1corintios-3-11-P01	1corintios-3-13-P01	P036	2
L001 > L001 > L006 > L005	4	139	142	4:1	4:3	1corintios-4-1-P01	1corintios-4-3-P01	P036	3
L001 > L001 > L006 > L005	4	297	300	7:14	7:14	1corintios-7-14-P01	1corintios-7-14-P04	P036	4
L001 > L001 > L006 > L005	4	336	339	7:27	7:28	1corintios-7-27-P03	1corintios-7-28-P02	P036	5
L001 > L001 > L006 > L005	4	353	356	7:34	7:34	1corintios-7-34-P01	1corintios-7-34-P04	P036	6
L001 > L001 > L006 > L005	4	369	372	7:37	7:38	1corintios-7-37-P03	1corintios-7-38-P02	P036	7
L001 > L001 > L006 > L005	4	373	376	7:39	7:39	1corintios-7-39-P01	1corintios-7-39-P04	P036	8
L001 > L001 > L006 > L005	4	508	511	10:11	10:12	1corintios-10-11-P02	1corintios-10-12-P02	P036	9
L001 > L001 > L006 > L005	4	570	573	11:5	11:6	1corintios-11-5-P01	1corintios-11-6-P02	P036	10
L001 > L001 > L006 > L005	4	651	654	12:8	12:12	1corintios-12-8-P01	1corintios-12-12-P01	P036	11
L001 > L001 > L006 > L005	4	802	805	14:25	14:26	1corintios-14-25-P01	1corintios-14-26-P01	P036	12
L001 > L001 > L006 > L005	4	813	816	14:27	14:28	1corintios-14-27-P01	1corintios-14-28-P02	P036	13
L001 > L001 > L006 > L005	4	834	837	14:36	14:37	1corintios-14-36-P01	1corintios-14-37-P02	P036	14
L001 > L001 > L006 > L005	4	941	944	15:44	15:44	1corintios-15-44-P01	1corintios-15-44-P04	P036	15
L003 > L005 > L001	3	61	63	2:9	2:9	1corintios-2-9-P01	1corintios-2-9-P03	P037	1
L003 > L005 > L001	3	143	145	4:3	4:4	1corintios-4-3-P02	1corintios-4-4-P01	P037	2
L003 > L005 > L001	3	169	171	4:9	4:11	1corintios-4-9-P03	1corintios-4-11-P02	P037	3
L003 > L005 > L001	3	229	231	6:7	6:7	1corintios-6-7-P02	1corintios-6-7-P04	P037	4
L003 > L005 > L001	3	259	261	6:18	6:18	1corintios-6-18-P02	1corintios-6-18-P04	P037	5
L003 > L005 > L001	3	287	289	7:11	7:11	1corintios-7-11-P01	1corintios-7-11-P03	P037	6
L003 > L005 > L001	3	291	293	7:12	7:12	1corintios-7-12-P02	1corintios-7-12-P04	P037	7
L003 > L005 > L001	3	483	485	10:1	10:2	1corintios-10-1-P02	1corintios-10-2-P01	P037	8
L003 > L005 > L001	3	552	554	10:30	10:30	1corintios-10-30-P01	1corintios-10-30-P03	P037	9
L003 > L005 > L001	3	568	570	11:3	11:5	1corintios-11-3-P02	1corintios-11-5-P01	P037	10
L003 > L005 > L001	3	608	610	11:23	11:24	1corintios-11-23-P03	1corintios-11-24-P01	P037	11
L003 > L005 > L001	3	630	632	11:31	11:32	1corintios-11-31-P01	1corintios-11-32-P01	P037	12
L003 > L005 > L001	3	638	640	11:34	12:1	1corintios-11-34-P04	1corintios-12-1-P01	P037	13
L003 > L005 > L001	3	982	984	16:6	16:7	1corintios-16-6-P04	1corintios-16-7-P02	P037	14
L003 > L005 > L001	3	990	992	16:10	16:11	1corintios-16-10-P03	1corintios-16-11-P01	P037	15
L003 > L005 > L004	3	35	37	1:22	1:23	1corintios-1-22-P01	1corintios-1-23-P01	P038	1
L003 > L005 > L004	3	323	325	7:21	7:22	1corintios-7-21-P03	1corintios-7-22-P01	P038	2
L003 > L005 > L004	3	340	342	7:28	7:28	1corintios-7-28-P03	1corintios-7-28-P05	P038	3
L003 > L005 > L004	3	441	443	9:13	9:14	1corintios-9-13-P02	1corintios-9-14-P01	P038	4
L003 > L005 > L004	3	495	497	10:7	10:7	1corintios-10-7-P02	1corintios-10-7-P04	P038	5
L003 > L005 > L004	3	499	501	10:8	10:9	1corintios-10-8-P02	1corintios-10-9-P01	P038	6
L003 > L005 > L004	3	502	504	10:9	10:10	1corintios-10-9-P02	1corintios-10-10-P01	P038	7
L003 > L005 > L004	3	524	526	10:17	10:18	1corintios-10-17-P01	1corintios-10-18-P01	P038	8
L003 > L005 > L004	3	645	647	12:3	12:4	1corintios-12-3-P02	1corintios-12-4-P01	P038	9
L003 > L005 > L004	3	823	825	14:31	14:32	1corintios-14-31-P02	1corintios-14-32-P01	P038	10
L003 > L005 > L004	3	882	884	15:15	15:15	1corintios-15-15-P03	1corintios-15-15-P05	P038	11
L003 > L005 > L004	3	947	949	15:49	15:50	1corintios-15-49-P01	1corintios-15-50-P01	P038	12
L003 > L005 > L004	3	950	952	15:50	15:51	1corintios-15-50-P02	1corintios-15-51-P01	P038	13
L003 > L005 > L004	3	1009	1011	16:17	16:18	1corintios-16-17-P02	1corintios-16-18-P02	P038	14
L003 > L005 > L004	3	1016	1018	16:22	16:22	1corintios-16-22-P01	1corintios-16-22-P03	P038	15
L007 > L005	2	283	284	7:9	7:9	1corintios-7-9-P01	1corintios-7-9-P02	P039	1
L007 > L005	2	310	311	7:17	7:17	1corintios-7-17-P02	1corintios-7-17-P03	P039	2
L007 > L005	2	361	362	7:36	7:36	1corintios-7-36-P02	1corintios-7-36-P03	P039	3
L007 > L005	2	388	389	8:3	8:3	1corintios-8-3-P01	1corintios-8-3-P02	P039	4
L007 > L005	2	453	454	9:17	9:17	1corintios-9-17-P01	1corintios-9-17-P02	P039	5
L007 > L005	2	463	464	9:21	9:22	1corintios-9-21-P01	1corintios-9-22-P01	P039	6
L007 > L005	2	617	618	11:26	11:26	1corintios-11-26-P01	1corintios-11-26-P02	P039	7
L007 > L005	2	670	671	12:19	12:21	1corintios-12-19-P01	1corintios-12-21-P01	P039	8
L007 > L005	2	728	729	13:11	13:11	1corintios-13-11-P05	1corintios-13-11-P06	P039	9
L007 > L005	2	840	841	14:38	14:38	1corintios-14-38-P01	1corintios-14-38-P02	P039	10
L007 > L005	2	858	859	15:5	15:6	1corintios-15-5-P01	1corintios-15-6-P01	P039	11
L007 > L005	2	877	878	15:13	15:13	1corintios-15-13-P01	1corintios-15-13-P02	P039	12
L007 > L005	2	896	897	15:24	15:25	1corintios-15-24-P02	1corintios-15-25-P01	P039	13
L007 > L005	2	903	904	15:28	15:28	1corintios-15-28-P01	1corintios-15-28-P02	P039	14
L007 > L005	2	907	908	15:29	15:29	1corintios-15-29-P02	1corintios-15-29-P03	P039	15
L001 > L002 > L001	3	56	58	2:7	2:8	1corintios-2-7-P01	1corintios-2-8-P01	P040	1
L001 > L002 > L001	3	83	85	3:2	3:2	1corintios-3-2-P01	1corintios-3-2-P03	P040	2
L001 > L002 > L001	3	241	243	6:11	6:12	1corintios-6-11-P04	1corintios-6-12-P02	P040	3
L001 > L002 > L001	3	268	270	7:1	7:2	1corintios-7-1-P01	1corintios-7-2-P02	P040	4
L001 > L002 > L001	3	326	328	7:22	7:23	1corintios-7-22-P02	1corintios-7-23-P02	P040	5
L001 > L002 > L001	3	328	330	7:23	7:24	1corintios-7-23-P02	1corintios-7-24-P02	P040	6
L001 > L002 > L001	3	420	422	9:6	9:7	1corintios-9-6-P01	1corintios-9-7-P02	P040	7
L001 > L002 > L001	3	537	539	10:22	10:23	1corintios-10-22-P02	1corintios-10-23-P02	P040	8
L001 > L002 > L001	3	554	556	10:30	10:31	1corintios-10-30-P03	1corintios-10-31-P02	P040	9
L001 > L002 > L001	3	599	601	11:21	11:22	1corintios-11-21-P03	1corintios-11-22-P02	P040	10
L001 > L002 > L001	3	602	604	11:22	11:22	1corintios-11-22-P03	1corintios-11-22-P05	P040	11
L001 > L002 > L001	3	656	658	12:12	12:13	1corintios-12-12-P03	1corintios-12-13-P02	P040	12
L001 > L002 > L001	3	676	678	12:23	12:24	1corintios-12-23-P02	1corintios-12-24-P01	P040	13
L001 > L002 > L001	3	846	848	15:1	15:1	1corintios-15-1-P02	1corintios-15-1-P04	P040	14
L001 > L006 > L005 > L001	4	75	78	2:14	2:15	1corintios-2-14-P03	1corintios-2-15-P02	P041	1
L001 > L006 > L005 > L001	4	109	112	3:11	3:13	1corintios-3-11-P02	1corintios-3-13-P02	P041	2
L001 > L006 > L005 > L001	4	112	115	3:13	3:13	1corintios-3-13-P02	1corintios-3-13-P05	P041	3
L001 > L006 > L005 > L001	4	115	118	3:13	3:14	1corintios-3-13-P05	1corintios-3-14-P03	P041	4
L001 > L006 > L005 > L001	4	118	121	3:14	3:15	1corintios-3-14-P03	1corintios-3-15-P03	P041	5
L001 > L006 > L005 > L001	4	293	296	7:12	7:13	1corintios-7-12-P04	1corintios-7-13-P03	P041	6
L001 > L006 > L005 > L001	4	354	357	7:34	7:34	1corintios-7-34-P02	1corintios-7-34-P05	P041	7
L001 > L006 > L005 > L001	4	370	373	7:37	7:39	1corintios-7-37-P04	1corintios-7-39-P01	P041	8
L001 > L006 > L005 > L001	4	374	377	7:39	7:39	1corintios-7-39-P02	1corintios-7-39-P05	P041	9
L001 > L006 > L005 > L001	4	509	512	10:11	10:13	1corintios-10-11-P03	1corintios-10-13-P01	P041	10
L001 > L006 > L005 > L001	4	652	655	12:11	12:12	1corintios-12-11-P01	1corintios-12-12-P02	P041	11
L001 > L006 > L005 > L001	4	695	698	13:1	13:2	1corintios-13-1-P03	1corintios-13-2-P03	P041	12
L001 > L006 > L005 > L001	4	814	817	14:27	14:28	1corintios-14-27-P02	1corintios-14-28-P03	P041	13
L001 > L006 > L005 > L001	4	942	945	15:44	15:45	1corintios-15-44-P02	1corintios-15-45-P01	P041	14
L002 > L006 > L005	3	25	27	1:17	1:18	1corintios-1-17-P01	1corintios-1-18-P01	P042	1
L002 > L006 > L005	3	40	42	1:27	1:27	1corintios-1-27-P01	1corintios-1-27-P03	P042	2
L002 > L006 > L005	3	48	50	1:30	1:31	1corintios-1-30-P02	1corintios-1-31-P02	P042	3
L002 > L006 > L005	3	70	72	2:12	2:13	1corintios-2-12-P01	1corintios-2-13-P01	P042	4
L002 > L006 > L005	3	124	126	3:16	3:17	1corintios-3-16-P03	1corintios-3-17-P02	P042	5
L002 > L006 > L005	3	129	131	3:18	3:18	1corintios-3-18-P01	1corintios-3-18-P03	P042	6
L002 > L006 > L005	3	274	276	7:5	7:5	1corintios-7-5-P01	1corintios-7-5-P03	P042	7
L002 > L006 > L005	3	401	403	8:9	8:10	1corintios-8-9-P02	1corintios-8-10-P02	P042	8
L002 > L006 > L005	3	408	410	8:13	9:1	1corintios-8-13-P02	1corintios-9-1-P01	P042	9
L002 > L006 > L005	3	477	479	9:26	9:27	1corintios-9-26-P01	1corintios-9-27-P01	P042	10
L002 > L006 > L005	3	620	622	11:26	11:27	1corintios-11-26-P04	1corintios-11-27-P02	P042	11
L002 > L006 > L005	3	692	694	12:31	13:1	1corintios-12-31-P02	1corintios-13-1-P02	P042	12
L002 > L006 > L005	3	958	960	15:53	15:54	1corintios-15-53-P01	1corintios-15-54-P02	P042	13
L002 > L006 > L005	3	976	978	16:5	16:5	1corintios-16-5-P01	1corintios-16-5-P03	P042	14
L003 > L002 > L001	3	21	23	1:15	1:16	1corintios-1-15-P02	1corintios-1-16-P02	P043	1
L003 > L002 > L001	3	54	56	2:5	2:7	1corintios-2-5-P01	1corintios-2-7-P01	P043	2
L003 > L002 > L001	3	104	106	3:10	3:10	1corintios-3-10-P01	1corintios-3-10-P03	P043	3
L003 > L002 > L001	3	148	150	4:5	4:5	1corintios-4-5-P01	1corintios-4-5-P03	P043	4
L003 > L002 > L001	3	181	183	4:15	4:16	1corintios-4-15-P01	1corintios-4-16-P01	P043	5
L003 > L002 > L001	3	263	265	6:19	6:19	1corintios-6-19-P02	1corintios-6-19-P04	P043	6
L003 > L002 > L001	3	277	279	7:5	7:7	1corintios-7-5-P04	1corintios-7-7-P01	P043	7
L003 > L002 > L001	3	448	450	9:16	9:16	1corintios-9-16-P01	1corintios-9-16-P03	P043	8
L003 > L002 > L001	3	544	546	10:27	10:27	1corintios-10-27-P01	1corintios-10-27-P03	P043	9
L003 > L002 > L001	3	591	593	11:17	11:18	1corintios-11-17-P02	1corintios-11-18-P02	P043	10
L003 > L002 > L001	3	595	597	11:19	11:21	1corintios-11-19-P02	1corintios-11-21-P01	P043	11
L003 > L002 > L001	3	806	808	14:26	14:26	1corintios-14-26-P02	1corintios-14-26-P04	P043	12
L003 > L002 > L001	3	913	915	15:32	15:32	1corintios-15-32-P02	1corintios-15-32-P04	P043	13
L003 > L002 > L001	3	994	996	16:11	16:12	1corintios-16-11-P03	1corintios-16-12-P01	P043	14
L004 > L004 > L001	3	237	239	6:10	6:11	1corintios-6-10-P01	1corintios-6-11-P02	P044	1
L004 > L004 > L001	3	245	247	6:12	6:14	1corintios-6-12-P04	1corintios-6-14-P01	P044	2
L004 > L004 > L001	3	312	314	7:17	7:18	1corintios-7-17-P04	1corintios-7-18-P02	P044	3
L004 > L004 > L001	3	366	368	7:36	7:37	1corintios-7-36-P07	1corintios-7-37-P02	P044	4
L004 > L004 > L001	3	426	428	9:8	9:9	1corintios-9-8-P01	1corintios-9-9-P01	P044	5
L004 > L004 > L001	3	429	431	9:9	9:10	1corintios-9-9-P02	1corintios-9-10-P01	P044	6
L004 > L004 > L001	3	443	445	9:14	9:15	1corintios-9-14-P01	1corintios-9-15-P02	P044	7
L004 > L004 > L001	3	504	506	10:10	10:10	1corintios-10-10-P01	1corintios-10-10-P03	P044	8
L004 > L004 > L001	3	730	732	13:12	13:12	1corintios-13-12-P01	1corintios-13-12-P03	P044	9
L004 > L004 > L001	3	780	782	14:17	14:18	1corintios-14-17-P02	1corintios-14-18-P02	P044	10
L004 > L004 > L001	3	909	911	15:30	15:31	1corintios-15-30-P01	1corintios-15-31-P02	P044	11
L004 > L004 > L001	3	918	920	15:33	15:34	1corintios-15-33-P02	1corintios-15-34-P02	P044	12
L004 > L004 > L001	3	923	925	15:35	15:35	1corintios-15-35-P01	1corintios-15-35-P03	P044	13
L004 > L004 > L001	3	952	954	15:51	15:51	1corintios-15-51-P01	1corintios-15-51-P03	P044	14
L001 > L004 > L001	3	29	31	1:19	1:19	1corintios-1-19-P01	1corintios-1-19-P03	P045	1
L001 > L004 > L001	3	330	332	7:24	7:25	1corintios-7-24-P02	1corintios-7-25-P02	P045	2
L001 > L004 > L001	3	333	335	7:26	7:27	1corintios-7-26-P01	1corintios-7-27-P02	P045	3
L001 > L004 > L001	3	488	490	10:4	10:5	1corintios-10-4-P02	1corintios-10-5-P01	P045	4
L001 > L004 > L001	3	490	492	10:5	10:6	1corintios-10-5-P01	1corintios-10-6-P01	P045	5
L001 > L004 > L001	3	506	508	10:10	10:11	1corintios-10-10-P03	1corintios-10-11-P02	P045	6
L001 > L004 > L001	3	535	537	10:21	10:22	1corintios-10-21-P02	1corintios-10-22-P02	P045	7
L001 > L004 > L001	3	649	651	12:6	12:8	1corintios-12-6-P01	1corintios-12-8-P01	P045	8
L001 > L004 > L001	3	716	718	13:8	13:8	1corintios-13-8-P01	1corintios-13-8-P03	P045	9
L001 > L004 > L001	3	770	772	14:15	14:15	1corintios-14-15-P01	1corintios-14-15-P03	P045	10
L001 > L004 > L001	3	817	819	14:28	14:29	1corintios-14-28-P03	1corintios-14-29-P02	P045	11
L001 > L004 > L001	3	861	863	15:6	15:8	1corintios-15-6-P03	1corintios-15-8-P01	P045	12
L001 > L004 > L001	3	863	865	15:8	15:9	1corintios-15-8-P01	1corintios-15-9-P02	P045	13
L001 > L006 > L002	3	23	25	1:16	1:17	1corintios-1-16-P02	1corintios-1-17-P01	P046	1
L001 > L006 > L002	3	68	70	2:11	2:12	1corintios-2-11-P01	1corintios-2-12-P01	P046	2
L001 > L006 > L002	3	98	100	3:6	3:8	1corintios-3-6-P03	1corintios-3-8-P01	P046	3
L001 > L006 > L002	3	178	180	4:13	4:14	1corintios-4-13-P01	1corintios-4-14-P01	P046	4
L001 > L006 > L002	3	378	380	7:40	7:40	1corintios-7-40-P01	1corintios-7-40-P03	P046	5
L001 > L006 > L002	3	392	394	8:5	8:7	1corintios-8-5-P02	1corintios-8-7-P02	P046	6
L001 > L006 > L002	3	438	440	9:12	9:13	1corintios-9-12-P03	1corintios-9-13-P01	P046	7
L001 > L006 > L002	3	492	494	10:6	10:7	1corintios-10-6-P01	1corintios-10-7-P01	P046	8
L001 > L006 > L002	3	512	514	10:13	10:13	1corintios-10-13-P01	1corintios-10-13-P03	P046	9
L001 > L006 > L002	3	679	681	12:24	12:25	1corintios-12-24-P02	1corintios-12-25-P02	P046	10
L001 > L006 > L002	3	732	734	13:12	13:13	1corintios-13-12-P03	1corintios-13-13-P01	P046	11
L001 > L006 > L002	3	736	738	14:1	14:2	1corintios-14-1-P02	1corintios-14-2-P01	P046	12
L001 > L006 > L002	3	783	785	14:19	14:20	1corintios-14-19-P01	1corintios-14-20-P01	P046	13
L002 > L001 > L001 > L001	4	84	87	3:2	3:3	1corintios-3-2-P02	1corintios-3-3-P02	P047	1
L002 > L001 > L001 > L001	4	105	108	3:10	3:11	1corintios-3-10-P02	1corintios-3-11-P01	P047	2
L002 > L001 > L001 > L001	4	149	152	4:5	4:5	1corintios-4-5-P02	1corintios-4-5-P05	P047	3
L002 > L001 > L001 > L001	4	264	267	6:19	6:20	1corintios-6-19-P03	1corintios-6-20-P02	P047	4
L002 > L001 > L001 > L001	4	269	272	7:2	7:4	1corintios-7-2-P01	1corintios-7-4-P01	P047	5
L002 > L001 > L001 > L001	4	421	424	9:7	9:7	1corintios-9-7-P01	1corintios-9-7-P04	P047	6
L002 > L001 > L001 > L001	4	538	541	10:23	10:23	1corintios-10-23-P01	1corintios-10-23-P04	P047	7
L002 > L001 > L001 > L001	4	555	558	10:31	10:31	1corintios-10-31-P01	1corintios-10-31-P04	P047	8
L002 > L001 > L001 > L001	4	596	599	11:20	11:21	1corintios-11-20-P01	1corintios-11-21-P03	P047	9
L002 > L001 > L001 > L001	4	603	606	11:22	11:23	1corintios-11-22-P04	1corintios-11-23-P01	P047	10
L002 > L001 > L001 > L001	4	738	741	14:2	14:3	1corintios-14-2-P01	1corintios-14-3-P01	P047	11
L002 > L001 > L001 > L001	4	799	802	14:24	14:25	1corintios-14-24-P02	1corintios-14-25-P01	P047	12
L002 > L001 > L001 > L001	4	807	810	14:26	14:26	1corintios-14-26-P03	1corintios-14-26-P06	P047	13
L002 > L004 > L001	3	14	16	1:12	1:13	1corintios-1-12-P03	1corintios-1-13-P02	P048	1
L002 > L004 > L001	3	81	83	2:16	3:2	1corintios-2-16-P03	1corintios-3-2-P01	P048	2
L002 > L004 > L001	3	96	98	3:6	3:6	1corintios-3-6-P01	1corintios-3-6-P03	P048	3
L002 > L004 > L001	3	157	159	4:7	4:7	1corintios-4-7-P01	1corintios-4-7-P03	P048	4
L002 > L004 > L001	3	185	187	4:17	4:17	1corintios-4-17-P01	1corintios-4-17-P03	P048	5
L002 > L004 > L001	3	224	226	6:5	6:5	1corintios-6-5-P01	1corintios-6-5-P03	P048	6
L002 > L004 > L001	3	255	257	6:16	6:17	1corintios-6-16-P03	1corintios-6-17-P01	P048	7
L002 > L004 > L001	3	348	350	7:32	7:32	1corintios-7-32-P01	1corintios-7-32-P03	P048	8
L002 > L004 > L001	3	390	392	8:4	8:5	1corintios-8-4-P01	1corintios-8-5-P02	P048	9
L002 > L004 > L001	3	681	683	12:25	12:26	1corintios-12-25-P02	1corintios-12-26-P02	P048	10
L002 > L004 > L001	3	687	689	12:28	12:30	1corintios-12-28-P01	1corintios-12-30-P02	P048	11
L002 > L004 > L001	3	844	846	14:40	15:1	1corintios-14-40-P01	1corintios-15-1-P02	P048	12
L002 > L004 > L001	3	892	894	15:20	15:22	1corintios-15-20-P01	1corintios-15-22-P02	P048	13
L003 > L002 > L003	3	11	13	1:11	1:12	1corintios-1-11-P02	1corintios-1-12-P02	P049	1
L003 > L002 > L003	3	154	156	4:6	4:6	1corintios-4-6-P02	1corintios-4-6-P04	P049	2
L003 > L002 > L003	3	189	191	4:18	4:19	1corintios-4-18-P01	1corintios-4-19-P02	P049	3
L003 > L002 > L003	3	198	200	5:2	5:5	1corintios-5-2-P03	1corintios-5-5-P01	P049	4
L003 > L002 > L003	3	200	202	5:5	5:6	1corintios-5-5-P01	1corintios-5-6-P02	P049	5
L003 > L002 > L003	3	207	209	5:8	5:10	1corintios-5-8-P01	1corintios-5-10-P01	P049	6
L003 > L002 > L003	3	209	211	5:10	5:11	1corintios-5-10-P01	1corintios-5-11-P02	P049	7
L003 > L002 > L003	3	280	282	7:7	7:8	1corintios-7-7-P02	1corintios-7-8-P02	P049	8
L003 > L002 > L003	3	758	760	14:10	14:11	1corintios-14-10-P01	1corintios-14-11-P01	P049	9
L003 > L002 > L003	3	775	777	14:16	14:16	1corintios-14-16-P01	1corintios-14-16-P03	P049	10
L003 > L002 > L003	3	972	974	16:3	16:4	1corintios-16-3-P02	1corintios-16-4-P01	P049	11
L003 > L002 > L003	3	1005	1007	16:15	16:16	1corintios-16-15-P03	1corintios-16-16-P01	P049	12
L003 > L002 > L003	3	1007	1009	16:16	16:17	1corintios-16-16-P01	1corintios-16-17-P02	P049	13
L004 > L002	2	101	102	3:8	3:9	1corintios-3-8-P02	1corintios-3-9-P01	P050	1
L004 > L002	2	195	196	5:1	5:2	1corintios-5-1-P01	1corintios-5-2-P01	P050	2
L004 > L002	2	252	253	6:15	6:16	1corintios-6-15-P04	1corintios-6-16-P01	P050	3
L004 > L002	2	342	343	7:28	7:28	1corintios-7-28-P05	1corintios-7-28-P06	P050	4
L004 > L002	2	400	401	8:9	8:9	1corintios-8-9-P01	1corintios-8-9-P02	P050	5
L004 > L002	2	520	521	10:16	10:16	1corintios-10-16-P01	1corintios-10-16-P02	P050	6
L004 > L002	2	527	528	10:18	10:19	1corintios-10-18-P02	1corintios-10-19-P01	P050	7
L004 > L002	2	674	675	12:22	12:23	1corintios-12-22-P01	1corintios-12-23-P01	P050	8
L004 > L002	2	691	692	12:31	12:31	1corintios-12-31-P01	1corintios-12-31-P02	P050	9
L004 > L002	2	719	720	13:8	13:9	1corintios-13-8-P04	1corintios-13-9-P01	P050	10
L004 > L002	2	921	922	15:34	15:34	1corintios-15-34-P03	1corintios-15-34-P04	P050	11
L004 > L002	2	957	958	15:52	15:53	1corintios-15-52-P03	1corintios-15-53-P01	P050	12
L004 > L002	2	1003	1004	16:15	16:15	1corintios-16-15-P01	1corintios-16-15-P02	P050	13
L005 > L001 > L001 > L001	4	62	65	2:9	2:9	1corintios-2-9-P02	1corintios-2-9-P05	P051	1
L005 > L001 > L001 > L001	4	77	80	2:15	2:16	1corintios-2-15-P01	1corintios-2-16-P02	P051	2
L005 > L001 > L001 > L001	4	170	173	4:11	4:11	1corintios-4-11-P01	1corintios-4-11-P04	P051	3
L005 > L001 > L001 > L001	4	230	233	6:7	6:8	1corintios-6-7-P03	1corintios-6-8-P02	P051	4
L005 > L001 > L001 > L001	4	295	298	7:13	7:14	1corintios-7-13-P02	1corintios-7-14-P02	P051	5
L005 > L001 > L001 > L001	4	362	365	7:36	7:36	1corintios-7-36-P03	1corintios-7-36-P06	P051	6
L005 > L001 > L001 > L001	4	479	482	9:27	10:1	1corintios-9-27-P01	1corintios-10-1-P01	P051	7
L005 > L001 > L001 > L001	4	484	487	10:1	10:4	1corintios-10-1-P03	1corintios-10-4-P01	P051	8
L005 > L001 > L001 > L001	4	575	578	11:7	11:9	1corintios-11-7-P01	1corintios-11-9-P01	P051	9
L005 > L001 > L001 > L001	4	609	612	11:23	11:24	1corintios-11-23-P04	1corintios-11-24-P03	P051	10
L005 > L001 > L001 > L001	4	622	625	11:27	11:28	1corintios-11-27-P02	1corintios-11-28-P02	P051	11
L005 > L001 > L001 > L001	4	897	900	15:25	15:27	1corintios-15-25-P01	1corintios-15-27-P01	P051	12
L005 > L001 > L001 > L001	4	934	937	15:41	15:43	1corintios-15-41-P01	1corintios-15-43-P01	P051	13
L005 > L006 > L005	3	42	44	1:27	1:28	1corintios-1-27-P03	1corintios-1-28-P01	P052	1
L005 > L006 > L005	3	131	133	3:18	3:19	1corintios-3-18-P03	1corintios-3-19-P01	P052	2
L005 > L006 > L005	3	300	302	7:14	7:15	1corintios-7-14-P04	1corintios-7-15-P02	P052	3
L005 > L006 > L005	3	397	399	8:8	8:8	1corintios-8-8-P03	1corintios-8-8-P05	P052	4
L005 > L006 > L005	3	458	460	9:19	9:20	1corintios-9-19-P01	1corintios-9-20-P01	P052	5
L005 > L006 > L005	3	464	466	9:22	9:22	1corintios-9-22-P01	1corintios-9-22-P03	P052	6
L005 > L006 > L005	3	466	468	9:22	9:23	1corintios-9-22-P03	1corintios-9-23-P01	P052	7
L005 > L006 > L005	3	573	575	11:6	11:7	1corintios-11-6-P02	1corintios-11-7-P01	P052	8
L005 > L006 > L005	3	584	586	11:14	11:15	1corintios-11-14-P03	1corintios-11-15-P02	P052	9
L005 > L006 > L005	3	752	754	14:7	14:8	1corintios-14-7-P02	1corintios-14-8-P02	P052	10
L005 > L006 > L005	3	932	934	15:38	15:41	1corintios-15-38-P01	1corintios-15-41-P01	P052	11
L005 > L006 > L005	3	998	1000	16:12	16:12	1corintios-16-12-P03	1corintios-16-12-P05	P052	12
L005 > L006 > L005	3	1000	1002	16:12	16:14	1corintios-16-12-P05	1corintios-16-14-P01	P052	13
L006 > L005 > L006	3	41	43	1:27	1:27	1corintios-1-27-P02	1corintios-1-27-P04	P053	1
L006 > L005 > L006	3	43	45	1:27	1:28	1corintios-1-27-P04	1corintios-1-28-P02	P053	2
L006 > L005 > L006	3	130	132	3:18	3:18	1corintios-3-18-P02	1corintios-3-18-P04	P053	3
L006 > L005 > L006	3	299	301	7:14	7:15	1corintios-7-14-P03	1corintios-7-15-P01	P053	4
L006 > L005 > L006	3	306	308	7:16	7:16	1corintios-7-16-P02	1corintios-7-16-P04	P053	5
L006 > L005 > L006	3	385	387	8:2	8:2	1corintios-8-2-P01	1corintios-8-2-P03	P053	6
L006 > L005 > L006	3	459	461	9:19	9:20	1corintios-9-19-P02	1corintios-9-20-P02	P053	7
L006 > L005 > L006	3	465	467	9:22	9:22	1corintios-9-22-P02	1corintios-9-22-P04	P053	8
L006 > L005 > L006	3	467	469	9:22	9:23	1corintios-9-22-P04	1corintios-9-23-P02	P053	9
L006 > L005 > L006	3	572	574	11:6	11:6	1corintios-11-6-P01	1corintios-11-6-P03	P053	10
L006 > L005 > L006	3	583	585	11:14	11:15	1corintios-11-14-P02	1corintios-11-15-P01	P053	11
L006 > L005 > L006	3	585	587	11:15	11:15	1corintios-11-15-P01	1corintios-11-15-P03	P053	12
L006 > L005 > L006	3	999	1001	16:12	16:12	1corintios-16-12-P04	1corintios-16-12-P06	P053	13
L001 > L003 > L005	3	58	60	2:8	2:8	1corintios-2-8-P01	1corintios-2-8-P03	P054	1
L001 > L003 > L005	3	228	230	6:7	6:7	1corintios-6-7-P01	1corintios-6-7-P03	P054	2
L001 > L003 > L005	3	395	397	8:8	8:8	1corintios-8-8-P01	1corintios-8-8-P03	P054	3
L001 > L003 > L005	3	445	447	9:15	9:15	1corintios-9-15-P02	1corintios-9-15-P04	P054	4
L001 > L003 > L005	3	482	484	10:1	10:1	1corintios-10-1-P01	1corintios-10-1-P03	P054	5
L001 > L003 > L005	3	546	548	10:27	10:28	1corintios-10-27-P03	1corintios-10-28-P02	P054	6
L001 > L003 > L005	3	607	609	11:23	11:23	1corintios-11-23-P02	1corintios-11-23-P04	P054	7
L001 > L003 > L005	3	721	723	13:9	13:10	1corintios-13-9-P02	1corintios-13-10-P02	P054	8
L001 > L003 > L005	3	819	821	14:29	14:30	1corintios-14-29-P02	1corintios-14-30-P02	P054	9
L001 > L003 > L005	3	930	932	15:37	15:38	1corintios-15-37-P02	1corintios-15-38-P01	P054	10
L001 > L003 > L005	3	946	948	15:45	15:49	1corintios-15-45-P02	1corintios-15-49-P02	P054	11
L001 > L003 > L005	3	996	998	16:12	16:12	1corintios-16-12-P01	1corintios-16-12-P03	P054	12
L002 > L003 > L005	3	258	260	6:18	6:18	1corintios-6-18-P01	1corintios-6-18-P03	P055	1
L002 > L003 > L005	3	413	415	9:1	9:2	1corintios-9-1-P04	1corintios-9-2-P02	P055	2
L002 > L003 > L005	3	440	442	9:13	9:13	1corintios-9-13-P01	1corintios-9-13-P03	P055	3
L002 > L003 > L005	3	456	458	9:18	9:19	1corintios-9-18-P01	1corintios-9-19-P01	P055	4
L002 > L003 > L005	3	494	496	10:7	10:7	1corintios-10-7-P01	1corintios-10-7-P03	P055	5
L002 > L003 > L005	3	523	525	10:16	10:17	1corintios-10-16-P04	1corintios-10-17-P02	P055	6
L002 > L003 > L005	3	567	569	11:3	11:4	1corintios-11-3-P01	1corintios-11-4-P01	P055	7
L002 > L003 > L005	3	644	646	12:3	12:3	1corintios-12-3-P01	1corintios-12-3-P03	P055	8
L002 > L003 > L005	3	759	761	14:10	14:11	1corintios-14-10-P02	1corintios-14-11-P02	P055	9
L002 > L003 > L005	3	822	824	14:31	14:31	1corintios-14-31-P01	1corintios-14-31-P03	P055	10
L002 > L003 > L005	3	989	991	16:10	16:10	1corintios-16-10-P02	1corintios-16-10-P04	P055	11
L002 > L003 > L005	3	1008	1010	16:17	16:18	1corintios-16-17-P01	1corintios-16-18-P01	P055	12
L003 > L002 > L002	3	7	9	1:10	1:10	1corintios-1-10-P02	1corintios-1-10-P04	P056	1
L003 > L002 > L002	3	38	40	1:25	1:27	1corintios-1-25-P01	1corintios-1-27-P01	P056	2
L003 > L002 > L002	3	89	91	3:4	3:4	1corintios-3-4-P01	1corintios-3-4-P03	P056	3
L003 > L002 > L002	3	191	193	4:19	4:21	1corintios-4-19-P02	1corintios-4-21-P01	P056	4
L003 > L002 > L002	3	211	213	5:11	5:13	1corintios-5-11-P02	1corintios-5-13-P01	P056	5
L003 > L002 > L002	3	471	473	9:24	9:24	1corintios-9-24-P02	1corintios-9-24-P04	P056	6
L003 > L002 > L002	3	517	519	10:15	10:15	1corintios-10-15-P01	1corintios-10-15-P03	P056	7
L003 > L002 > L002	3	561	563	10:33	11:2	1corintios-10-33-P02	1corintios-11-2-P01	P056	8
L003 > L002 > L002	3	565	567	11:2	11:3	1corintios-11-2-P03	1corintios-11-3-P01	P056	9
L003 > L002 > L002	3	755	757	14:9	14:9	1corintios-14-9-P01	1corintios-14-9-P03	P056	10
L003 > L002 > L002	3	964	966	15:58	16:1	1corintios-15-58-P02	1corintios-16-1-P02	P056	11
L003 > L002 > L002	3	974	976	16:4	16:5	1corintios-16-4-P01	1corintios-16-5-P01	P056	12
L005 > L003	2	34	35	1:21	1:22	1corintios-1-21-P02	1corintios-1-22-P01	P057	1
L005 > L003	2	60	61	2:8	2:9	1corintios-2-8-P03	1corintios-2-9-P01	P057	2
L005 > L003	2	142	143	4:3	4:3	1corintios-4-3-P01	1corintios-4-3-P02	P057	3
L005 > L003	2	276	277	7:5	7:5	1corintios-7-5-P03	1corintios-7-5-P04	P057	4
L005 > L003	2	339	340	7:28	7:28	1corintios-7-28-P02	1corintios-7-28-P03	P057	5
L005 > L003	2	447	448	9:15	9:16	1corintios-9-15-P04	1corintios-9-16-P01	P057	6
L005 > L003	2	636	637	11:34	11:34	1corintios-11-34-P02	1corintios-11-34-P03	P057	7
L005 > L003	2	723	724	13:10	13:11	1corintios-13-10-P02	1corintios-13-11-P01	P057	8
L005 > L003	2	754	755	14:8	14:9	1corintios-14-8-P02	1corintios-14-9-P01	P057	9
L005 > L003	2	761	762	14:11	14:12	1corintios-14-11-P02	1corintios-14-12-P01	P057	10
L005 > L003	2	805	806	14:26	14:26	1corintios-14-26-P01	1corintios-14-26-P02	P057	11
L005 > L003	2	841	842	14:38	14:39	1corintios-14-38-P02	1corintios-14-39-P01	P057	12
L001 > L001 > L001 > L006	4	66	69	2:10	2:11	1corintios-2-10-P01	1corintios-2-11-P02	P058	1
L001 > L001 > L001 > L006	4	107	110	3:10	3:12	1corintios-3-10-P04	1corintios-3-12-P01	P058	2
L001 > L001 > L001 > L006	4	176	179	4:12	4:13	1corintios-4-12-P02	1corintios-4-13-P02	P058	3
L001 > L001 > L001 > L006	4	296	299	7:13	7:14	1corintios-7-13-P03	1corintios-7-14-P03	P058	4
L001 > L001 > L001 > L006	4	335	338	7:27	7:28	1corintios-7-27-P02	1corintios-7-28-P01	P058	5
L001 > L001 > L001 > L006	4	352	355	7:33	7:34	1corintios-7-33-P02	1corintios-7-34-P03	P058	6
L001 > L001 > L001 > L006	4	368	371	7:37	7:38	1corintios-7-37-P02	1corintios-7-38-P01	P058	7
L001 > L001 > L001 > L006	4	801	804	14:24	14:25	1corintios-14-24-P04	1corintios-14-25-P03	P058	8
L001 > L001 > L001 > L006	4	812	815	14:26	14:28	1corintios-14-26-P08	1corintios-14-28-P01	P058	9
L001 > L001 > L001 > L006	4	898	901	15:25	15:27	1corintios-15-25-P02	1corintios-15-27-P02	P058	10
L001 > L001 > L001 > L006	4	940	943	15:43	15:44	1corintios-15-43-P04	1corintios-15-44-P03	P058	11
L002 > L001 > L001 > L001 > L001	5	84	88	3:2	3:3	1corintios-3-2-P02	1corintios-3-3-P03	P059	1
L002 > L001 > L001 > L001 > L001	5	105	109	3:10	3:11	1corintios-3-10-P02	1corintios-3-11-P02	P059	2
L002 > L001 > L001 > L001 > L001	5	264	268	6:19	7:1	1corintios-6-19-P03	1corintios-7-1-P01	P059	3
L002 > L001 > L001 > L001 > L001	5	269	273	7:2	7:4	1corintios-7-2-P01	1corintios-7-4-P02	P059	4
L002 > L001 > L001 > L001 > L001	5	421	425	9:7	9:7	1corintios-9-7-P01	1corintios-9-7-P05	P059	5
L002 > L001 > L001 > L001 > L001	5	538	542	10:23	10:24	1corintios-10-23-P01	1corintios-10-24-P01	P059	6
L002 > L001 > L001 > L001 > L001	5	555	559	10:31	10:32	1corintios-10-31-P01	1corintios-10-32-P01	P059	7
L002 > L001 > L001 > L001 > L001	5	603	607	11:22	11:23	1corintios-11-22-P04	1corintios-11-23-P02	P059	8
L002 > L001 > L001 > L001 > L001	5	738	742	14:2	14:4	1corintios-14-2-P01	1corintios-14-4-P01	P059	9
L002 > L001 > L001 > L001 > L001	5	799	803	14:24	14:25	1corintios-14-24-P02	1corintios-14-25-P02	P059	10
L002 > L001 > L001 > L001 > L001	5	807	811	14:26	14:26	1corintios-14-26-P03	1corintios-14-26-P07	P059	11
L002 > L002 > L002	3	8	10	1:10	1:11	1corintios-1-10-P03	1corintios-1-11-P01	P060	1
L002 > L002 > L002	3	90	92	3:4	3:5	1corintios-3-4-P02	1corintios-3-5-P01	P060	2
L002 > L002 > L002	3	192	194	4:19	4:21	1corintios-4-19-P03	1corintios-4-21-P02	P060	3
L002 > L002 > L002	3	212	214	5:12	5:13	1corintios-5-12-P01	1corintios-5-13-P02	P060	4
L002 > L002 > L002	3	213	215	5:13	6:1	1corintios-5-13-P01	1corintios-6-1-P01	P060	5
L002 > L002 > L002	3	214	216	5:13	6:2	1corintios-5-13-P02	1corintios-6-2-P01	P060	6
L002 > L002 > L002	3	416	418	9:2	9:4	1corintios-9-2-P03	1corintios-9-4-P01	P060	7
L002 > L002 > L002	3	514	516	10:13	10:14	1corintios-10-13-P03	1corintios-10-14-P01	P060	8
L002 > L002 > L002	3	521	523	10:16	10:16	1corintios-10-16-P02	1corintios-10-16-P04	P060	9
L002 > L002 > L002	3	613	615	11:24	11:25	1corintios-11-24-P04	1corintios-11-25-P02	P060	10
L002 > L002 > L002	3	965	967	16:1	16:2	1corintios-16-1-P01	1corintios-16-2-P01	P060	11
L003 > L007	2	282	283	7:8	7:9	1corintios-7-8-P02	1corintios-7-9-P01	P061	1
L003 > L007	2	434	435	9:11	9:11	1corintios-9-11-P01	1corintios-9-11-P02	P061	2
L003 > L007	2	452	453	9:16	9:17	1corintios-9-16-P05	1corintios-9-17-P01	P061	3
L003 > L007	2	529	530	10:19	10:19	1corintios-10-19-P02	1corintios-10-19-P03	P061	4
L003 > L007	2	746	747	14:5	14:5	1corintios-14-5-P03	1corintios-14-5-P04	P061	5
L003 > L007	2	839	840	14:37	14:38	1corintios-14-37-P04	1corintios-14-38-P01	P061	6
L003 > L007	2	851	852	15:2	15:2	1corintios-15-2-P03	1corintios-15-2-P04	P061	7
L003 > L007	2	855	856	15:3	15:4	1corintios-15-3-P03	1corintios-15-4-P01	P061	8
L003 > L007	2	873	874	15:12	15:12	1corintios-15-12-P01	1corintios-15-12-P02	P061	9
L003 > L007	2	876	877	15:12	15:13	1corintios-15-12-P04	1corintios-15-13-P01	P061	10
L003 > L007	2	895	896	15:24	15:24	1corintios-15-24-P01	1corintios-15-24-P02	P061	11
L004 > L001 > L001 > L001	4	162	165	4:8	4:8	1corintios-4-8-P01	1corintios-4-8-P04	P062	1
L004 > L001 > L001 > L001	4	225	228	6:5	6:7	1corintios-6-5-P02	1corintios-6-7-P01	P062	2
L004 > L001 > L001 > L001	4	238	241	6:11	6:11	1corintios-6-11-P01	1corintios-6-11-P04	P062	3
L004 > L001 > L001 > L001	4	313	316	7:18	7:18	1corintios-7-18-P01	1corintios-7-18-P04	P062	4
L004 > L001 > L001 > L001	4	334	337	7:27	7:27	1corintios-7-27-P01	1corintios-7-27-P04	P062	5
L004 > L001 > L001 > L001	4	349	352	7:32	7:33	1corintios-7-32-P02	1corintios-7-33-P02	P062	6
L004 > L001 > L001 > L001	4	367	370	7:37	7:37	1corintios-7-37-P01	1corintios-7-37-P04	P062	7
L004 > L001 > L001 > L001	4	682	685	12:26	12:26	1corintios-12-26-P01	1corintios-12-26-P04	P062	8
L004 > L001 > L001 > L001	4	701	704	13:4	13:4	1corintios-13-4-P01	1corintios-13-4-P04	P062	9
L004 > L001 > L001 > L001	4	771	774	14:15	14:15	1corintios-14-15-P02	1corintios-14-15-P05	P062	10
L004 > L001 > L001 > L001	4	864	867	15:9	15:10	1corintios-15-9-P01	1corintios-15-10-P01	P062	11
L004 > L003 > L005	3	168	170	4:9	4:11	1corintios-4-9-P02	1corintios-4-11-P01	P063	1
L004 > L003 > L005	3	286	288	7:10	7:11	1corintios-7-10-P01	1corintios-7-11-P02	P063	2
L004 > L003 > L005	3	290	292	7:12	7:12	1corintios-7-12-P01	1corintios-7-12-P03	P063	3
L004 > L003 > L005	3	322	324	7:21	7:21	1corintios-7-21-P02	1corintios-7-21-P04	P063	4
L004 > L003 > L005	3	498	500	10:8	10:8	1corintios-10-8-P01	1corintios-10-8-P03	P063	5
L004 > L003 > L005	3	501	503	10:9	10:9	1corintios-10-9-P01	1corintios-10-9-P03	P063	6
L004 > L003 > L005	3	551	553	10:29	10:30	1corintios-10-29-P02	1corintios-10-30-P02	P063	7
L004 > L003 > L005	3	629	631	11:30	11:31	1corintios-11-30-P01	1corintios-11-31-P02	P063	8
L004 > L003 > L005	3	889	891	15:18	15:19	1corintios-15-18-P01	1corintios-15-19-P02	P063	9
L004 > L003 > L005	3	949	951	15:50	15:50	1corintios-15-50-P01	1corintios-15-50-P03	P063	10
L004 > L003 > L005	3	1015	1017	16:20	16:22	1corintios-16-20-P02	1corintios-16-22-P02	P063	11
L001 > L002 > L001 > L001	4	83	86	3:2	3:3	1corintios-3-2-P01	1corintios-3-3-P01	P064	1
L001 > L002 > L001 > L001	4	241	244	6:11	6:12	1corintios-6-11-P04	1corintios-6-12-P03	P064	2
L001 > L002 > L001 > L001	4	268	271	7:1	7:3	1corintios-7-1-P01	1corintios-7-3-P01	P064	3
L001 > L002 > L001 > L001	4	420	423	9:6	9:7	1corintios-9-6-P01	1corintios-9-7-P03	P064	4
L001 > L002 > L001 > L001	4	537	540	10:22	10:23	1corintios-10-22-P02	1corintios-10-23-P03	P064	5
L001 > L002 > L001 > L001	4	554	557	10:30	10:31	1corintios-10-30-P03	1corintios-10-31-P03	P064	6
L001 > L002 > L001 > L001	4	599	602	11:21	11:22	1corintios-11-21-P03	1corintios-11-22-P03	P064	7
L001 > L002 > L001 > L001	4	602	605	11:22	11:22	1corintios-11-22-P03	1corintios-11-22-P06	P064	8
L001 > L002 > L001 > L001	4	676	679	12:23	12:24	1corintios-12-23-P02	1corintios-12-24-P02	P064	9
L001 > L002 > L001 > L001	4	846	849	15:1	15:2	1corintios-15-1-P02	1corintios-15-2-P01	P064	10
L001 > L002 > L003	3	93	95	3:5	3:5	1corintios-3-5-P02	1corintios-3-5-P04	P065	1
L001 > L002 > L003	3	248	250	6:14	6:15	1corintios-6-14-P02	1corintios-6-15-P02	P065	2
L001 > L002 > L003	3	257	259	6:17	6:18	1corintios-6-17-P01	1corintios-6-18-P02	P065	3
L001 > L002 > L003	3	261	263	6:18	6:19	1corintios-6-18-P04	1corintios-6-19-P02	P065	4
L001 > L002 > L003	3	405	407	8:11	8:13	1corintios-8-11-P02	1corintios-8-13-P01	P065	5
L001 > L002 > L003	3	412	414	9:1	9:2	1corintios-9-1-P03	1corintios-9-2-P01	P065	6
L001 > L002 > L003	3	542	544	10:24	10:27	1corintios-10-24-P01	1corintios-10-27-P01	P065	7
L001 > L002 > L003	3	787	789	14:20	14:21	1corintios-14-20-P03	1corintios-14-21-P02	P065	8
L001 > L002 > L003	3	849	851	15:2	15:2	1corintios-15-2-P01	1corintios-15-2-P03	P065	9
L001 > L002 > L003	3	992	994	16:11	16:11	1corintios-16-11-P01	1corintios-16-11-P03	P065	10
L002 > L001 > L003	3	57	59	2:7	2:8	1corintios-2-7-P02	1corintios-2-8-P02	P066	1
L002 > L001 > L003	3	196	198	5:2	5:2	1corintios-5-2-P01	1corintios-5-2-P03	P066	2
L002 > L001 > L003	3	219	221	6:2	6:3	1corintios-6-2-P04	1corintios-6-3-P02	P066	3
L002 > L001 > L003	3	278	280	7:6	7:7	1corintios-7-6-P01	1corintios-7-7-P02	P066	4
L002 > L001 > L003	3	394	396	8:7	8:8	1corintios-8-7-P02	1corintios-8-8-P02	P066	5
L002 > L001 > L003	3	545	547	10:27	10:28	1corintios-10-27-P02	1corintios-10-28-P01	P066	6
L002 > L001 > L003	3	720	722	13:9	13:10	1corintios-13-9-P01	1corintios-13-10-P01	P066	7
L002 > L001 > L003	3	853	855	15:3	15:3	1corintios-15-3-P01	1corintios-15-3-P03	P066	8
L002 > L001 > L003	3	929	931	15:37	15:37	1corintios-15-37-P01	1corintios-15-37-P03	P066	9
L002 > L001 > L003	3	995	997	16:11	16:12	1corintios-16-11-P04	1corintios-16-12-P02	P066	10
L003 > L002 > L003 > L002	4	11	14	1:11	1:12	1corintios-1-11-P02	1corintios-1-12-P03	P067	1
L003 > L002 > L003 > L002	4	154	157	4:6	4:7	1corintios-4-6-P02	1corintios-4-7-P01	P067	2
L003 > L002 > L003 > L002	4	189	192	4:18	4:19	1corintios-4-18-P01	1corintios-4-19-P03	P067	3
L003 > L002 > L003 > L002	4	198	201	5:2	5:6	1corintios-5-2-P03	1corintios-5-6-P01	P067	4
L003 > L002 > L003 > L002	4	200	203	5:5	5:7	1corintios-5-5-P01	1corintios-5-7-P01	P067	5
L003 > L002 > L003 > L002	4	207	210	5:8	5:11	1corintios-5-8-P01	1corintios-5-11-P01	P067	6
L003 > L002 > L003 > L002	4	209	212	5:10	5:12	1corintios-5-10-P01	1corintios-5-12-P01	P067	7
L003 > L002 > L003 > L002	4	775	778	14:16	14:16	1corintios-14-16-P01	1corintios-14-16-P04	P067	8
L003 > L002 > L003 > L002	4	972	975	16:3	16:4	1corintios-16-3-P02	1corintios-16-4-P02	P067	9
L003 > L002 > L003 > L002	4	1005	1008	16:15	16:17	1corintios-16-15-P03	1corintios-16-17-P01	P067	10
L003 > L002 > L004	3	13	15	1:12	1:13	1corintios-1-12-P02	1corintios-1-13-P01	P068	1
L003 > L002 > L004	3	95	97	3:5	3:6	1corintios-3-5-P04	1corintios-3-6-P02	P068	2
L003 > L002 > L004	3	156	158	4:6	4:7	1corintios-4-6-P04	1corintios-4-7-P02	P068	3
L003 > L002 > L004	3	166	168	4:8	4:9	1corintios-4-8-P05	1corintios-4-9-P02	P068	4
L003 > L002 > L004	3	235	237	6:9	6:10	1corintios-6-9-P02	1corintios-6-10-P01	P068	5
L003 > L002 > L004	3	250	252	6:15	6:15	1corintios-6-15-P02	1corintios-6-15-P04	P068	6
L003 > L002 > L004	3	254	256	6:16	6:16	1corintios-6-16-P02	1corintios-6-16-P04	P068	7
L003 > L002 > L004	3	777	779	14:16	14:17	1corintios-14-16-P03	1corintios-14-17-P01	P068	8
L003 > L002 > L004	3	789	791	14:21	14:21	1corintios-14-21-P02	1corintios-14-21-P04	P068	9
L003 > L002 > L004	3	985	987	16:7	16:9	1corintios-16-7-P03	1corintios-16-9-P01	P068	10
L004 > L001 > L004	3	30	32	1:19	1:20	1corintios-1-19-P02	1corintios-1-20-P01	P069	1
L004 > L001 > L004	3	427	429	9:8	9:9	1corintios-9-8-P02	1corintios-9-9-P02	P069	2
L004 > L001 > L004	3	489	491	10:4	10:5	1corintios-10-4-P03	1corintios-10-5-P02	P069	3
L004 > L001 > L004	3	505	507	10:10	10:11	1corintios-10-10-P02	1corintios-10-11-P01	P069	4
L004 > L001 > L004	3	672	674	12:21	12:22	1corintios-12-21-P02	1corintios-12-22-P01	P069	5
L004 > L001 > L004	3	717	719	13:8	13:8	1corintios-13-8-P02	1corintios-13-8-P04	P069	6
L004 > L001 > L004	3	825	827	14:32	14:34	1corintios-14-32-P01	1corintios-14-34-P01	P069	7
L004 > L001 > L004	3	860	862	15:6	15:7	1corintios-15-6-P02	1corintios-15-7-P01	P069	8
L004 > L001 > L004	3	862	864	15:7	15:9	1corintios-15-7-P01	1corintios-15-9-P01	P069	9
L004 > L001 > L004	3	919	921	15:34	15:34	1corintios-15-34-P01	1corintios-15-34-P03	P069	10
L005 > L002	2	4	5	1:8	1:9	1corintios-1-8-P01	1corintios-1-9-P01	P070	1
L005 > L002	2	72	73	2:13	2:14	1corintios-2-13-P01	1corintios-2-14-P01	P070	2
L005 > L002	2	223	224	6:4	6:5	1corintios-6-4-P02	1corintios-6-5-P01	P070	3
L005 > L002	2	389	390	8:3	8:4	1corintios-8-3-P02	1corintios-8-4-P01	P070	4
L005 > L002	2	415	416	9:2	9:2	1corintios-9-2-P02	1corintios-9-2-P03	P070	5
L005 > L002	2	532	533	10:20	10:20	1corintios-10-20-P02	1corintios-10-20-P03	P070	6
L005 > L002	2	548	549	10:28	10:28	1corintios-10-28-P02	1corintios-10-28-P03	P070	7
L005 > L002	2	821	822	14:30	14:31	1corintios-14-30-P02	1corintios-14-31-P01	P070	8
L005 > L002	2	843	844	14:39	14:40	1corintios-14-39-P02	1corintios-14-40-P01	P070	9
L005 > L002	2	891	892	15:19	15:20	1corintios-15-19-P02	1corintios-15-20-P01	P070	10
L005 > L004 > L001	3	50	52	1:31	2:2	1corintios-1-31-P02	1corintios-2-2-P01	P071	1
L005 > L004 > L001	3	161	163	4:7	4:8	1corintios-4-7-P05	1corintios-4-8-P02	P071	2
L005 > L004 > L001	3	324	326	7:21	7:22	1corintios-7-21-P04	1corintios-7-22-P02	P071	3
L005 > L004 > L001	3	646	648	12:3	12:5	1corintios-12-3-P03	1corintios-12-5-P01	P071	4
L005 > L004 > L001	3	666	668	12:16	12:18	1corintios-12-16-P03	1corintios-12-18-P01	P071	5
L005 > L004 > L001	3	671	673	12:21	12:21	1corintios-12-21-P01	1corintios-12-21-P03	P071	6
L005 > L004 > L001	3	700	702	13:2	13:4	1corintios-13-2-P05	1corintios-13-4-P02	P071	7
L005 > L004 > L001	3	824	826	14:31	14:33	1corintios-14-31-P03	1corintios-14-33-P01	P071	8
L005 > L004 > L001	3	832	834	14:35	14:36	1corintios-14-35-P02	1corintios-14-36-P01	P071	9
L005 > L004 > L001	3	859	861	15:6	15:6	1corintios-15-6-P01	1corintios-15-6-P03	P071	10
L005 > L004 > L004	3	284	286	7:9	7:10	1corintios-7-9-P02	1corintios-7-10-P01	P072	1
L005 > L004 > L004	3	311	313	7:17	7:18	1corintios-7-17-P03	1corintios-7-18-P01	P072	2
L005 > L004 > L004	3	442	444	9:13	9:15	1corintios-9-13-P03	1corintios-9-15-P01	P072	3
L005 > L004 > L004	3	496	498	10:7	10:8	1corintios-10-7-P03	1corintios-10-8-P01	P072	4
L005 > L004 > L004	3	503	505	10:9	10:10	1corintios-10-9-P03	1corintios-10-10-P02	P072	5
L005 > L004 > L004	3	525	527	10:17	10:18	1corintios-10-17-P02	1corintios-10-18-P02	P072	6
L005 > L004 > L004	3	729	731	13:11	13:12	1corintios-13-11-P06	1corintios-13-12-P02	P072	7
L005 > L004 > L004	3	908	910	15:29	15:31	1corintios-15-29-P03	1corintios-15-31-P01	P072	8
L005 > L004 > L004	3	951	953	15:50	15:51	1corintios-15-50-P03	1corintios-15-51-P02	P072	9
L005 > L004 > L004	3	1010	1012	16:18	16:19	1corintios-16-18-P01	1corintios-16-19-P01	P072	10
L006 > L007	2	45	46	1:28	1:29	1corintios-1-28-P02	1corintios-1-29-P01	P073	1
L006 > L007	2	204	205	5:7	5:7	1corintios-5-7-P02	1corintios-5-7-P03	P073	2
L006 > L007	2	387	388	8:2	8:3	1corintios-8-2-P03	1corintios-8-3-P01	P073	3
L006 > L007	2	461	462	9:20	9:20	1corintios-9-20-P02	1corintios-9-20-P03	P073	4
L006 > L007	2	587	588	11:15	11:16	1corintios-11-15-P03	1corintios-11-16-P01	P073	5
L006 > L007	2	616	617	11:25	11:26	1corintios-11-25-P03	1corintios-11-26-P01	P073	6
L006 > L007	2	642	643	12:2	12:2	1corintios-12-2-P02	1corintios-12-2-P03	P073	7
L006 > L007	2	669	670	12:18	12:19	1corintios-12-18-P02	1corintios-12-19-P01	P073	8
L006 > L007	2	726	727	13:11	13:11	1corintios-13-11-P03	1corintios-13-11-P04	P073	9
L006 > L007	2	901	902	15:27	15:27	1corintios-15-27-P02	1corintios-15-27-P03	P073	10
L006 > L008	2	19	20	1:14	1:15	1corintios-1-14-P02	1corintios-1-15-P01	P074	1
L006 > L008	2	308	309	7:16	7:17	1corintios-7-16-P04	1corintios-7-17-P01	P074	2
L006 > L008	2	359	360	7:35	7:36	1corintios-7-35-P02	1corintios-7-36-P01	P074	3
L006 > L008	2	633	634	11:32	11:33	1corintios-11-32-P02	1corintios-11-33-P01	P074	4
L006 > L008	2	660	661	12:15	12:15	1corintios-12-15-P01	1corintios-12-15-P02	P074	5
L006 > L008	2	664	665	12:16	12:16	1corintios-12-16-P01	1corintios-12-16-P02	P074	6
L006 > L008	2	750	751	14:6	14:7	1corintios-14-6-P03	1corintios-14-7-P01	P074	7
L006 > L008	2	766	767	14:13	14:14	1corintios-14-13-P02	1corintios-14-14-P01	P074	8
L006 > L008	2	905	906	15:28	15:29	1corintios-15-28-P03	1corintios-15-29-P01	P074	9
L006 > L008	2	968	969	16:2	16:2	1corintios-16-2-P02	1corintios-16-2-P03	P074	10
L001 > L001 > L001 > L002	4	78	81	2:15	2:16	1corintios-2-15-P02	1corintios-2-16-P03	P075	1
L001 > L001 > L001 > L002	4	239	242	6:11	6:12	1corintios-6-11-P02	1corintios-6-12-P01	P075	2
L001 > L001 > L001 > L002	4	266	269	6:20	7:2	1corintios-6-20-P01	1corintios-7-2-P01	P075	3
L001 > L001 > L001 > L002	4	271	274	7:3	7:5	1corintios-7-3-P01	1corintios-7-5-P01	P075	4
L001 > L001 > L001 > L002	4	540	543	10:23	10:25	1corintios-10-23-P03	1corintios-10-25-P01	P075	5
L001 > L001 > L001 > L002	4	577	580	11:8	11:13	1corintios-11-8-P01	1corintios-11-13-P01	P075	6
L001 > L001 > L001 > L002	4	597	600	11:21	11:22	1corintios-11-21-P01	1corintios-11-22-P01	P075	7
L001 > L001 > L001 > L002	4	610	613	11:24	11:24	1corintios-11-24-P01	1corintios-11-24-P04	P075	8
L001 > L001 > L001 > L002	4	683	686	12:26	12:27	1corintios-12-26-P02	1corintios-12-27-P01	P075	9
L001 > L001 > L001 > L004	4	150	153	4:5	4:6	1corintios-4-5-P03	1corintios-4-6-P01	P076	1
L001 > L001 > L001 > L004	4	318	321	7:19	7:21	1corintios-7-19-P02	1corintios-7-21-P01	P076	2
L001 > L001 > L001 > L004	4	363	366	7:36	7:36	1corintios-7-36-P04	1corintios-7-36-P07	P076	3
L001 > L001 > L001 > L004	4	423	426	9:7	9:8	1corintios-9-7-P03	1corintios-9-8-P01	P076	4
L001 > L001 > L001 > L004	4	486	489	10:3	10:4	1corintios-10-3-P01	1corintios-10-4-P03	P076	5
L001 > L001 > L001 > L004	4	626	629	11:28	11:30	1corintios-11-28-P03	1corintios-11-30-P01	P076	6
L001 > L001 > L001 > L004	4	714	717	13:7	13:8	1corintios-13-7-P03	1corintios-13-8-P02	P076	7
L001 > L001 > L001 > L004	4	741	744	14:3	14:5	1corintios-14-3-P01	1corintios-14-5-P01	P076	8
L001 > L001 > L001 > L004	4	866	869	15:9	15:10	1corintios-15-9-P03	1corintios-15-10-P03	P076	9
L001 > L001 > L006 > L005 > L001	5	74	78	2:14	2:15	1corintios-2-14-P02	1corintios-2-15-P02	P077	1
L001 > L001 > L006 > L005 > L001	5	108	112	3:11	3:13	1corintios-3-11-P01	1corintios-3-13-P02	P077	2
L001 > L001 > L006 > L005 > L001	5	353	357	7:34	7:34	1corintios-7-34-P01	1corintios-7-34-P05	P077	3
L001 > L001 > L006 > L005 > L001	5	369	373	7:37	7:39	1corintios-7-37-P03	1corintios-7-39-P01	P077	4
L001 > L001 > L006 > L005 > L001	5	373	377	7:39	7:39	1corintios-7-39-P01	1corintios-7-39-P05	P077	5
L001 > L001 > L006 > L005 > L001	5	508	512	10:11	10:13	1corintios-10-11-P02	1corintios-10-13-P01	P077	6
L001 > L001 > L006 > L005 > L001	5	651	655	12:8	12:12	1corintios-12-8-P01	1corintios-12-12-P02	P077	7
L001 > L001 > L006 > L005 > L001	5	813	817	14:27	14:28	1corintios-14-27-P01	1corintios-14-28-P03	P077	8
L001 > L001 > L006 > L005 > L001	5	941	945	15:44	15:45	1corintios-15-44-P01	1corintios-15-45-P01	P077	9
L002 > L006 > L005 > L001	4	25	28	1:17	1:18	1corintios-1-17-P01	1corintios-1-18-P02	P078	1
L002 > L006 > L005 > L001	4	124	127	3:16	3:17	1corintios-3-16-P03	1corintios-3-17-P03	P078	2
L002 > L006 > L005 > L001	4	401	404	8:9	8:11	1corintios-8-9-P02	1corintios-8-11-P01	P078	3
L002 > L006 > L005 > L001	4	408	411	8:13	9:1	1corintios-8-13-P02	1corintios-9-1-P02	P078	4
L002 > L006 > L005 > L001	4	477	480	9:26	9:27	1corintios-9-26-P01	1corintios-9-27-P02	P078	5
L002 > L006 > L005 > L001	4	620	623	11:26	11:27	1corintios-11-26-P04	1corintios-11-27-P03	P078	6
L002 > L006 > L005 > L001	4	692	695	12:31	13:1	1corintios-12-31-P02	1corintios-13-1-P03	P078	7
L002 > L006 > L005 > L001	4	958	961	15:53	15:54	1corintios-15-53-P01	1corintios-15-54-P03	P078	8
L002 > L006 > L005 > L001	4	976	979	16:5	16:6	1corintios-16-5-P01	1corintios-16-6-P01	P078	9
L003 > L003	2	2	3	1:5	1:6	1corintios-1-5-P01	1corintios-1-6-P01	P079	1
L003 > L003	2	188	189	4:17	4:18	1corintios-4-17-P04	1corintios-4-18-P01	P079	2
L003 > L003	2	560	561	10:33	10:33	1corintios-10-33-P01	1corintios-10-33-P02	P079	3
L003 > L003	2	564	565	11:2	11:2	1corintios-11-2-P02	1corintios-11-2-P03	P079	4
L003 > L003	2	637	638	11:34	11:34	1corintios-11-34-P03	1corintios-11-34-P04	P079	5
L003 > L003	2	745	746	14:5	14:5	1corintios-14-5-P02	1corintios-14-5-P03	P079	6
L003 > L003	2	963	964	15:58	15:58	1corintios-15-58-P01	1corintios-15-58-P02	P079	7
L003 > L003	2	971	972	16:3	16:3	1corintios-16-3-P01	1corintios-16-3-P02	P079	8
L003 > L003	2	981	982	16:6	16:6	1corintios-16-6-P03	1corintios-16-6-P04	P079	9
L001 > L001 > L001 > L003	4	86	89	3:3	3:4	1corintios-3-3-P01	1corintios-3-4-P01	P080	1
L001 > L001 > L001 > L003	4	163	166	4:8	4:8	1corintios-4-8-P02	1corintios-4-8-P05	P080	2
L001 > L001 > L001 > L003	4	226	229	6:5	6:7	1corintios-6-5-P03	1corintios-6-7-P02	P080	3
L001 > L001 > L001 > L003	4	232	235	6:8	6:9	1corintios-6-8-P01	1corintios-6-9-P02	P080	4
L001 > L001 > L001 > L003	4	480	483	9:27	10:1	1corintios-9-27-P02	1corintios-10-1-P02	P080	5
L001 > L001 > L001 > L003	4	557	560	10:31	10:33	1corintios-10-31-P03	1corintios-10-33-P01	P080	6
L001 > L001 > L001 > L003	4	605	608	11:22	11:23	1corintios-11-22-P06	1corintios-11-23-P03	P080	7
L001 > L001 > L001 > L003	4	772	775	14:15	14:16	1corintios-14-15-P03	1corintios-14-16-P01	P080	8
L001 > L001 > L001 > L006 > L005	5	107	111	3:10	3:13	1corintios-3-10-P04	1corintios-3-13-P01	P081	1
L001 > L001 > L001 > L006 > L005	5	296	300	7:13	7:14	1corintios-7-13-P03	1corintios-7-14-P04	P081	2
L001 > L001 > L001 > L006 > L005	5	335	339	7:27	7:28	1corintios-7-27-P02	1corintios-7-28-P02	P081	3
L001 > L001 > L001 > L006 > L005	5	352	356	7:33	7:34	1corintios-7-33-P02	1corintios-7-34-P04	P081	4
L001 > L001 > L001 > L006 > L005	5	368	372	7:37	7:38	1corintios-7-37-P02	1corintios-7-38-P02	P081	5
L001 > L001 > L001 > L006 > L005	5	801	805	14:24	14:26	1corintios-14-24-P04	1corintios-14-26-P01	P081	6
L001 > L001 > L001 > L006 > L005	5	812	816	14:26	14:28	1corintios-14-26-P08	1corintios-14-28-P02	P081	7
L001 > L001 > L001 > L006 > L005	5	940	944	15:43	15:44	1corintios-15-43-P04	1corintios-15-44-P04	P081	8
L001 > L003 > L002	3	53	55	2:3	2:6	1corintios-2-3-P01	1corintios-2-6-P01	P082	1
L001 > L003 > L002	3	88	90	3:3	3:4	1corintios-3-3-P03	1corintios-3-4-P02	P082	2
L001 > L003 > L002	3	165	167	4:8	4:9	1corintios-4-8-P04	1corintios-4-9-P01	P082	3
L001 > L003 > L002	3	197	199	5:2	5:3	1corintios-5-2-P02	1corintios-5-3-P01	P082	4
L001 > L003 > L002	3	234	236	6:9	6:9	1corintios-6-9-P01	1corintios-6-9-P03	P082	5
L001 > L003 > L002	3	279	281	7:7	7:8	1corintios-7-7-P01	1corintios-7-8-P01	P082	6
L001 > L003 > L002	3	774	776	14:15	14:16	1corintios-14-15-P05	1corintios-14-16-P02	P082	7
L001 > L003 > L002	3	984	986	16:7	16:8	1corintios-16-7-P02	1corintios-16-8-P01	P082	8
L001 > L004 > L004	3	244	246	6:12	6:13	1corintios-6-12-P03	1corintios-6-13-P01	P083	1
L001 > L004 > L004	3	320	322	7:20	7:21	1corintios-7-20-P02	1corintios-7-21-P02	P083	2
L001 > L004 > L004	3	365	367	7:36	7:37	1corintios-7-36-P06	1corintios-7-37-P01	P083	3
L001 > L004 > L004	3	425	427	9:7	9:8	1corintios-9-7-P05	1corintios-9-8-P02	P083	4
L001 > L004 > L004	3	428	430	9:9	9:9	1corintios-9-9-P01	1corintios-9-9-P03	P083	5
L001 > L004 > L004	3	826	828	14:33	14:34	1corintios-14-33-P01	1corintios-14-34-P02	P083	6
L001 > L004 > L004	3	868	870	15:10	15:10	1corintios-15-10-P02	1corintios-15-10-P04	P083	7
L001 > L004 > L004	3	916	918	15:32	15:33	1corintios-15-32-P05	1corintios-15-33-P02	P083	8
L002 > L002 > L003	3	5	7	1:9	1:10	1corintios-1-9-P01	1corintios-1-10-P02	P084	1
L002 > L002 > L003	3	9	11	1:10	1:11	1corintios-1-10-P04	1corintios-1-11-P02	P084	2
L002 > L002 > L003	3	215	217	6:1	6:2	1corintios-6-1-P01	1corintios-6-2-P02	P084	3
L002 > L002 > L003	3	515	517	10:13	10:15	1corintios-10-13-P04	1corintios-10-15-P01	P084	4
L002 > L002 > L003	3	522	524	10:16	10:17	1corintios-10-16-P03	1corintios-10-17-P01	P084	5
L002 > L002 > L003	3	562	564	11:1	11:2	1corintios-11-1-P01	1corintios-11-2-P02	P084	6
L002 > L002 > L003	3	566	568	11:2	11:3	1corintios-11-2-P04	1corintios-11-3-P02	P084	7
L002 > L002 > L003	3	756	758	14:9	14:10	1corintios-14-9-P02	1corintios-14-10-P01	P084	8
L002 > L002 > L006	3	17	19	1:13	1:14	1corintios-1-13-P03	1corintios-1-14-P02	P085	1
L002 > L002 > L006	3	39	41	1:26	1:27	1corintios-1-26-P01	1corintios-1-27-P02	P085	2
L002 > L002 > L006	3	47	49	1:30	1:31	1corintios-1-30-P01	1corintios-1-31-P01	P085	3
L002 > L002 > L006	3	128	130	3:17	3:18	1corintios-3-17-P04	1corintios-3-18-P02	P085	4
L002 > L002 > L006	3	472	474	9:24	9:24	1corintios-9-24-P03	1corintios-9-24-P05	P085	5
L002 > L002 > L006	3	614	616	11:25	11:25	1corintios-11-25-P01	1corintios-11-25-P03	P085	6
L002 > L002 > L006	3	966	968	16:1	16:2	1corintios-16-1-P02	1corintios-16-2-P02	P085	7
L002 > L002 > L006	3	975	977	16:4	16:5	1corintios-16-4-P02	1corintios-16-5-P02	P085	8
L004 > L001 > L002	3	15	17	1:13	1:13	1corintios-1-13-P01	1corintios-1-13-P03	P086	1
L004 > L001 > L002	3	82	84	3:1	3:2	1corintios-3-1-P01	1corintios-3-2-P02	P086	2
L004 > L001 > L002	3	256	258	6:16	6:18	1corintios-6-16-P04	1corintios-6-18-P01	P086	3
L004 > L001 > L002	3	325	327	7:22	7:23	1corintios-7-22-P01	1corintios-7-23-P01	P086	4
L004 > L001 > L002	3	536	538	10:22	10:23	1corintios-10-22-P01	1corintios-10-23-P01	P086	5
L004 > L001 > L002	3	845	847	15:1	15:1	1corintios-15-1-P01	1corintios-15-1-P03	P086	6
L004 > L001 > L002	3	924	926	15:35	15:36	1corintios-15-35-P02	1corintios-15-36-P01	P086	7
L004 > L001 > L002	3	953	955	15:51	15:52	1corintios-15-51-P02	1corintios-15-52-P01	P086	8
L004 > L004 > L004	3	779	781	14:17	14:18	1corintios-14-17-P01	1corintios-14-18-P01	P087	1
L004 > L004 > L004	3	827	829	14:34	14:34	1corintios-14-34-P01	1corintios-14-34-P03	P087	2
L004 > L004 > L004	3	869	871	15:10	15:11	1corintios-15-10-P03	1corintios-15-11-P01	P087	3
L004 > L004 > L004	3	870	872	15:10	15:11	1corintios-15-10-P04	1corintios-15-11-P02	P087	4
L004 > L004 > L004	3	917	919	15:33	15:34	1corintios-15-33-P01	1corintios-15-34-P01	P087	5
L004 > L004 > L004	3	1011	1013	16:18	16:19	1corintios-16-18-P02	1corintios-16-19-P02	P087	6
L004 > L004 > L004	3	1012	1014	16:19	16:20	1corintios-16-19-P01	1corintios-16-20-P01	P087	7
L004 > L004 > L004	3	1013	1015	16:19	16:20	1corintios-16-19-P02	1corintios-16-20-P02	P087	8
L004 > L006	2	32	33	1:20	1:21	1corintios-1-20-P01	1corintios-1-21-P01	P088	1
L004 > L006	2	305	306	7:16	7:16	1corintios-7-16-P01	1corintios-7-16-P02	P088	2
L004 > L006	2	358	359	7:35	7:35	1corintios-7-35-P01	1corintios-7-35-P02	P088	3
L004 > L006	2	381	382	8:1	8:1	1corintios-8-1-P01	1corintios-8-1-P02	P088	4
L004 > L006	2	663	664	12:15	12:16	1corintios-12-15-P04	1corintios-12-16-P01	P088	5
L004 > L006	2	884	885	15:15	15:16	1corintios-15-15-P05	1corintios-15-16-P01	P088	6
L004 > L006	2	927	928	15:36	15:36	1corintios-15-36-P02	1corintios-15-36-P03	P088	7
L004 > L006	2	987	988	16:9	16:10	1corintios-16-9-P01	1corintios-16-10-P01	P088	8
L005 > L001 > L006	3	111	113	3:13	3:13	1corintios-3-13-P01	1corintios-3-13-P03	P089	1
L005 > L001 > L006	3	114	116	3:13	3:14	1corintios-3-13-P04	1corintios-3-14-P01	P089	2
L005 > L001 > L006	3	117	119	3:14	3:15	1corintios-3-14-P02	1corintios-3-15-P01	P089	3
L005 > L001 > L006	3	292	294	7:12	7:13	1corintios-7-12-P03	1corintios-7-13-P01	P089	4
L005 > L001 > L006	3	511	513	10:12	10:13	1corintios-10-12-P02	1corintios-10-13-P02	P089	5
L005 > L001 > L006	3	631	633	11:31	11:32	1corintios-11-31-P02	1corintios-11-32-P02	P089	6
L005 > L001 > L006	3	694	696	13:1	13:2	1corintios-13-1-P02	1corintios-13-2-P01	P089	7
L005 > L001 > L006	3	697	699	13:2	13:2	1corintios-13-2-P02	1corintios-13-2-P04	P089	8
L008 > L005	2	137	138	3:21	3:21	1corintios-3-21-P01	1corintios-3-21-P02	P090	1
L008 > L005	2	222	223	6:4	6:4	1corintios-6-4-P01	1corintios-6-4-P02	P090	2
L008 > L005	2	531	532	10:20	10:20	1corintios-10-20-P01	1corintios-10-20-P02	P090	3
L008 > L005	2	661	662	12:15	12:15	1corintios-12-15-P02	1corintios-12-15-P03	P090	4
L008 > L005	2	665	666	12:16	12:16	1corintios-12-16-P02	1corintios-12-16-P03	P090	5
L008 > L005	2	748	749	14:6	14:6	1corintios-14-6-P01	1corintios-14-6-P02	P090	6
L008 > L005	2	751	752	14:7	14:7	1corintios-14-7-P01	1corintios-14-7-P02	P090	7
L008 > L005	2	831	832	14:35	14:35	1corintios-14-35-P01	1corintios-14-35-P02	P090	8
L001 > L001 > L001 > L001 > L004	5	317	321	7:19	7:21	1corintios-7-19-P01	1corintios-7-21-P01	P091	1
L001 > L001 > L001 > L001 > L004	5	422	426	9:7	9:8	1corintios-9-7-P02	1corintios-9-8-P01	P091	2
L001 > L001 > L001 > L001 > L004	5	485	489	10:2	10:4	1corintios-10-2-P01	1corintios-10-4-P03	P091	3
L001 > L001 > L001 > L001 > L004	5	625	629	11:28	11:30	1corintios-11-28-P02	1corintios-11-30-P01	P091	4
L001 > L001 > L001 > L001 > L004	5	713	717	13:7	13:8	1corintios-13-7-P02	1corintios-13-8-P02	P091	5
L001 > L001 > L001 > L001 > L004	5	740	744	14:2	14:5	1corintios-14-2-P03	1corintios-14-5-P01	P091	6
L001 > L001 > L001 > L001 > L004	5	865	869	15:9	15:10	1corintios-15-9-P02	1corintios-15-10-P03	P091	7
L001 > L001 > L001 > L001 > L006	5	65	69	2:9	2:11	1corintios-2-9-P05	1corintios-2-11-P02	P092	1
L001 > L001 > L001 > L001 > L006	5	106	110	3:10	3:12	1corintios-3-10-P03	1corintios-3-12-P01	P092	2
L001 > L001 > L001 > L001 > L006	5	175	179	4:12	4:13	1corintios-4-12-P01	1corintios-4-13-P02	P092	3
L001 > L001 > L001 > L001 > L006	5	351	355	7:33	7:34	1corintios-7-33-P01	1corintios-7-34-P03	P092	4
L001 > L001 > L001 > L001 > L006	5	800	804	14:24	14:25	1corintios-14-24-P03	1corintios-14-25-P03	P092	5
L001 > L001 > L001 > L001 > L006	5	811	815	14:26	14:28	1corintios-14-26-P07	1corintios-14-28-P01	P092	6
L001 > L001 > L001 > L001 > L006	5	939	943	15:43	15:44	1corintios-15-43-P03	1corintios-15-44-P03	P092	7
L001 > L002 > L003 > L002	4	93	96	3:5	3:6	1corintios-3-5-P02	1corintios-3-6-P01	P093	1
L001 > L002 > L003 > L002	4	248	251	6:14	6:15	1corintios-6-14-P02	1corintios-6-15-P03	P093	2
L001 > L002 > L003 > L002	4	261	264	6:18	6:19	1corintios-6-18-P04	1corintios-6-19-P03	P093	3
L001 > L002 > L003 > L002	4	405	408	8:11	8:13	1corintios-8-11-P02	1corintios-8-13-P02	P093	4
L001 > L002 > L003 > L002	4	542	545	10:24	10:27	1corintios-10-24-P01	1corintios-10-27-P02	P093	5
L001 > L002 > L003 > L002	4	787	790	14:20	14:21	1corintios-14-20-P03	1corintios-14-21-P03	P093	6
L001 > L002 > L003 > L002	4	992	995	16:11	16:11	1corintios-16-11-P01	1corintios-16-11-P04	P093	7
L001 > L004 > L003	3	146	148	4:4	4:5	1corintios-4-4-P02	1corintios-4-5-P01	P094	1
L001 > L004 > L003	3	152	154	4:5	4:6	1corintios-4-5-P05	1corintios-4-6-P02	P094	2
L001 > L004 > L003	3	289	291	7:11	7:12	1corintios-7-11-P03	1corintios-7-12-P02	P094	3
L001 > L004 > L003	3	344	346	7:29	7:29	1corintios-7-29-P01	1corintios-7-29-P03	P094	4
L001 > L004 > L003	3	593	595	11:18	11:19	1corintios-11-18-P02	1corintios-11-19-P02	P094	5
L001 > L004 > L003	3	628	630	11:29	11:31	1corintios-11-29-P02	1corintios-11-31-P01	P094	6
L001 > L004 > L003	3	743	745	14:4	14:5	1corintios-14-4-P02	1corintios-14-5-P02	P094	7
L002 > L003 > L002 > L003	4	10	13	1:11	1:12	1corintios-1-11-P01	1corintios-1-12-P02	P095	1
L002 > L003 > L002 > L003	4	199	202	5:3	5:6	1corintios-5-3-P01	1corintios-5-6-P02	P095	2
L002 > L003 > L002 > L003	4	206	209	5:7	5:10	1corintios-5-7-P04	1corintios-5-10-P01	P095	3
L002 > L003 > L002 > L003	4	208	211	5:9	5:11	1corintios-5-9-P01	1corintios-5-11-P02	P095	4
L002 > L003 > L002 > L003	4	757	760	14:9	14:11	1corintios-14-9-P03	1corintios-14-11-P01	P095	5
L002 > L003 > L002 > L003	4	1004	1007	16:15	16:16	1corintios-16-15-P02	1corintios-16-16-P01	P095	6
L002 > L003 > L002 > L003	4	1006	1009	16:15	16:17	1corintios-16-15-P04	1corintios-16-17-P02	P095	7
L002 > L003 > L002 > L004	4	12	15	1:12	1:13	1corintios-1-12-P01	1corintios-1-13-P01	P096	1
L002 > L003 > L002 > L004	4	94	97	3:5	3:6	1corintios-3-5-P03	1corintios-3-6-P02	P096	2
L002 > L003 > L002 > L004	4	155	158	4:6	4:7	1corintios-4-6-P03	1corintios-4-7-P02	P096	3
L002 > L003 > L002 > L004	4	249	252	6:15	6:15	1corintios-6-15-P01	1corintios-6-15-P04	P096	4
L002 > L003 > L002 > L004	4	253	256	6:16	6:16	1corintios-6-16-P01	1corintios-6-16-P04	P096	5
L002 > L003 > L002 > L004	4	776	779	14:16	14:17	1corintios-14-16-P02	1corintios-14-17-P01	P096	6
L002 > L003 > L002 > L004	4	788	791	14:21	14:21	1corintios-14-21-P01	1corintios-14-21-P04	P096	7
L002 > L006 > L005 > L001 > L001	5	25	29	1:17	1:19	1corintios-1-17-P01	1corintios-1-19-P01	P097	1
L002 > L006 > L005 > L001 > L001	5	401	405	8:9	8:11	1corintios-8-9-P02	1corintios-8-11-P02	P097	2
L002 > L006 > L005 > L001 > L001	5	408	412	8:13	9:1	1corintios-8-13-P02	1corintios-9-1-P03	P097	3
L002 > L006 > L005 > L001 > L001	5	477	481	9:26	9:27	1corintios-9-26-P01	1corintios-9-27-P03	P097	4
L002 > L006 > L005 > L001 > L001	5	620	624	11:26	11:28	1corintios-11-26-P04	1corintios-11-28-P01	P097	5
L002 > L006 > L005 > L001 > L001	5	958	962	15:53	15:54	1corintios-15-53-P01	1corintios-15-54-P04	P097	6
L002 > L006 > L005 > L001 > L001	5	976	980	16:5	16:6	1corintios-16-5-P01	1corintios-16-6-P02	P097	7
L003 > L002 > L001 > L001	4	104	107	3:10	3:10	1corintios-3-10-P01	1corintios-3-10-P04	P098	1
L003 > L002 > L001 > L001	4	148	151	4:5	4:5	1corintios-4-5-P01	1corintios-4-5-P04	P098	2
L003 > L002 > L001 > L001	4	263	266	6:19	6:20	1corintios-6-19-P02	1corintios-6-20-P01	P098	3
L003 > L002 > L001 > L001	4	448	451	9:16	9:16	1corintios-9-16-P01	1corintios-9-16-P04	P098	4
L003 > L002 > L001 > L001	4	595	598	11:19	11:21	1corintios-11-19-P02	1corintios-11-21-P02	P098	5
L003 > L002 > L001 > L001	4	806	809	14:26	14:26	1corintios-14-26-P02	1corintios-14-26-P05	P098	6
L003 > L002 > L001 > L001	4	913	916	15:32	15:32	1corintios-15-32-P02	1corintios-15-32-P05	P098	7
L003 > L005 > L001 > L001	4	61	64	2:9	2:9	1corintios-2-9-P01	1corintios-2-9-P04	P099	1
L003 > L005 > L001 > L001	4	143	146	4:3	4:4	1corintios-4-3-P02	1corintios-4-4-P02	P099	2
L003 > L005 > L001 > L001	4	169	172	4:9	4:11	1corintios-4-9-P03	1corintios-4-11-P03	P099	3
L003 > L005 > L001 > L001	4	229	232	6:7	6:8	1corintios-6-7-P02	1corintios-6-8-P01	P099	4
L003 > L005 > L001 > L001	4	483	486	10:1	10:3	1corintios-10-1-P02	1corintios-10-3-P01	P099	5
L003 > L005 > L001 > L001	4	568	571	11:3	11:5	1corintios-11-3-P02	1corintios-11-5-P02	P099	6
L003 > L005 > L001 > L001	4	608	611	11:23	11:24	1corintios-11-23-P03	1corintios-11-24-P02	P099	7
L003 > L008	2	136	137	3:20	3:21	1corintios-3-20-P02	1corintios-3-21-P01	P100	1
L003 > L008	2	217	218	6:2	6:2	1corintios-6-2-P02	1corintios-6-2-P03	P100	2
L003 > L008	2	221	222	6:3	6:4	1corintios-6-3-P02	1corintios-6-4-P01	P100	3
L003 > L008	2	346	347	7:29	7:31	1corintios-7-29-P03	1corintios-7-31-P01	P100	4
L003 > L008	2	792	793	14:22	14:23	1corintios-14-22-P01	1corintios-14-23-P01	P100	5
L003 > L008	2	797	798	14:23	14:24	1corintios-14-23-P05	1corintios-14-24-P01	P100	6
L003 > L008	2	830	831	14:34	14:35	1corintios-14-34-P04	1corintios-14-35-P01	P100	7
L004 > L001 > L006	3	97	99	3:6	3:7	1corintios-3-6-P02	1corintios-3-7-P01	P101	1
L004 > L001 > L006	3	158	160	4:7	4:7	1corintios-4-7-P02	1corintios-4-7-P04	P101	2
L004 > L001 > L006	3	391	393	8:5	8:7	1corintios-8-5-P01	1corintios-8-7-P01	P101	3
L004 > L001 > L006	3	491	493	10:5	10:6	1corintios-10-5-P02	1corintios-10-6-P02	P101	4
L004 > L001 > L006	3	667	669	12:16	12:18	1corintios-12-16-P04	1corintios-12-18-P02	P101	5
L004 > L001 > L006	3	731	733	13:12	13:12	1corintios-13-12-P02	1corintios-13-12-P04	P101	6
L004 > L001 > L006	3	910	912	15:31	15:32	1corintios-15-31-P01	1corintios-15-32-P01	P101	7
L005 > L001 > L001 > L001 > L001	5	62	66	2:9	2:10	1corintios-2-9-P02	1corintios-2-10-P01	P102	1
L005 > L001 > L001 > L001 > L001	5	170	174	4:11	4:11	1corintios-4-11-P01	1corintios-4-11-P05	P102	2
L005 > L001 > L001 > L001 > L001	5	230	234	6:7	6:9	1corintios-6-7-P03	1corintios-6-9-P01	P102	3
L005 > L001 > L001 > L001 > L001	5	484	488	10:1	10:4	1corintios-10-1-P03	1corintios-10-4-P02	P102	4
L005 > L001 > L001 > L001 > L001	5	575	579	11:7	11:10	1corintios-11-7-P01	1corintios-11-10-P01	P102	5
L005 > L001 > L001 > L001 > L001	5	622	626	11:27	11:28	1corintios-11-27-P02	1corintios-11-28-P03	P102	6
L005 > L001 > L001 > L001 > L001	5	934	938	15:41	15:43	1corintios-15-41-P01	1corintios-15-43-P02	P102	7
L005 > L001 > L002	3	120	122	3:15	3:16	1corintios-3-15-P02	1corintios-3-16-P01	P103	1
L005 > L001 > L002	3	126	128	3:17	3:17	1corintios-3-17-P02	1corintios-3-17-P04	P103	2
L005 > L001 > L002	3	260	262	6:18	6:19	1corintios-6-18-P03	1corintios-6-19-P01	P103	3
L005 > L001 > L002	3	553	555	10:30	10:31	1corintios-10-30-P02	1corintios-10-31-P01	P103	4
L005 > L001 > L002	3	618	620	11:26	11:26	1corintios-11-26-P02	1corintios-11-26-P04	P103	5
L005 > L001 > L002	3	639	641	11:34	12:2	1corintios-11-34-P05	1corintios-12-2-P01	P103	6
L005 > L001 > L002	3	991	993	16:10	16:11	1corintios-16-10-P04	1corintios-16-11-P02	P103	7
L005 > L003 > L005	3	34	36	1:21	1:22	1corintios-1-21-P02	1corintios-1-22-P02	P104	1
L005 > L003 > L005	3	60	62	2:8	2:9	1corintios-2-8-P03	1corintios-2-9-P02	P104	2
L005 > L003 > L005	3	142	144	4:3	4:3	1corintios-4-3-P01	1corintios-4-3-P03	P104	3
L005 > L003 > L005	3	339	341	7:28	7:28	1corintios-7-28-P02	1corintios-7-28-P04	P104	4
L005 > L003 > L005	3	723	725	13:10	13:11	1corintios-13-10-P02	1corintios-13-11-P02	P104	5
L005 > L003 > L005	3	761	763	14:11	14:12	1corintios-14-11-P02	1corintios-14-12-P02	P104	6
L005 > L003 > L005	3	841	843	14:38	14:39	1corintios-14-38-P02	1corintios-14-39-P02	P104	7
L006 > L002 > L003	3	179	181	4:13	4:15	1corintios-4-13-P02	1corintios-4-15-P01	P105	1
L006 > L002 > L003	3	439	441	9:12	9:13	1corintios-9-12-P04	1corintios-9-13-P02	P105	2
L006 > L002 > L003	3	455	457	9:17	9:18	1corintios-9-17-P03	1corintios-9-18-P02	P105	3
L006 > L002 > L003	3	469	471	9:23	9:24	1corintios-9-23-P02	1corintios-9-24-P02	P105	4
L006 > L002 > L003	3	474	476	9:24	9:25	1corintios-9-24-P05	1corintios-9-25-P02	P105	5
L006 > L002 > L003	3	493	495	10:6	10:7	1corintios-10-6-P02	1corintios-10-7-P02	P105	6
L006 > L002 > L003	3	988	990	16:10	16:10	1corintios-16-10-P01	1corintios-16-10-P03	P105	7
L006 > L005 > L006 > L005	4	41	44	1:27	1:28	1corintios-1-27-P02	1corintios-1-28-P01	P106	1
L006 > L005 > L006 > L005	4	130	133	3:18	3:19	1corintios-3-18-P02	1corintios-3-19-P01	P106	2
L006 > L005 > L006 > L005	4	299	302	7:14	7:15	1corintios-7-14-P03	1corintios-7-15-P02	P106	3
L006 > L005 > L006 > L005	4	465	468	9:22	9:23	1corintios-9-22-P02	1corintios-9-23-P01	P106	4
L006 > L005 > L006 > L005	4	572	575	11:6	11:7	1corintios-11-6-P01	1corintios-11-7-P01	P106	5
L006 > L005 > L006 > L005	4	583	586	11:14	11:15	1corintios-11-14-P02	1corintios-11-15-P02	P106	6
L006 > L005 > L006 > L005	4	999	1002	16:12	16:14	1corintios-16-12-P04	1corintios-16-14-P01	P106	7
L008 > L002	2	218	219	6:2	6:2	1corintios-6-2-P03	1corintios-6-2-P04	P107	1
L008 > L002	2	347	348	7:31	7:32	1corintios-7-31-P01	1corintios-7-32-P01	P107	2
L008 > L002	2	436	437	9:12	9:12	1corintios-9-12-P01	1corintios-9-12-P02	P107	3
L008 > L002	2	767	768	14:14	14:14	1corintios-14-14-P01	1corintios-14-14-P02	P107	4
L008 > L002	2	793	794	14:23	14:23	1corintios-14-23-P01	1corintios-14-23-P02	P107	5
L008 > L002	2	798	799	14:24	14:24	1corintios-14-24-P01	1corintios-14-24-P02	P107	6
L008 > L002	2	969	970	16:2	16:2	1corintios-16-2-P03	1corintios-16-2-P04	P107	7
L001 > L001 > L002 > L001	4	240	243	6:11	6:12	1corintios-6-11-P03	1corintios-6-12-P02	P108	1
L001 > L001 > L002 > L001	4	267	270	6:20	7:2	1corintios-6-20-P02	1corintios-7-2-P02	P108	2
L001 > L001 > L002 > L001	4	419	422	9:5	9:7	1corintios-9-5-P01	1corintios-9-7-P02	P108	3
L001 > L001 > L002 > L001	4	598	601	11:21	11:22	1corintios-11-21-P02	1corintios-11-22-P02	P108	4
L001 > L001 > L002 > L001	4	601	604	11:22	11:22	1corintios-11-22-P02	1corintios-11-22-P05	P108	5
L001 > L001 > L002 > L001	4	655	658	12:12	12:13	1corintios-12-12-P02	1corintios-12-13-P02	P108	6
L001 > L001 > L002 > L003	4	247	250	6:14	6:15	1corintios-6-14-P01	1corintios-6-15-P02	P109	1
L001 > L001 > L002 > L003	4	404	407	8:11	8:13	1corintios-8-11-P01	1corintios-8-13-P01	P109	2
L001 > L001 > L002 > L003	4	411	414	9:1	9:2	1corintios-9-1-P02	1corintios-9-2-P01	P109	3
L001 > L001 > L002 > L003	4	541	544	10:23	10:27	1corintios-10-23-P04	1corintios-10-27-P01	P109	4
L001 > L001 > L002 > L003	4	786	789	14:20	14:21	1corintios-14-20-P02	1corintios-14-21-P02	P109	5
L001 > L001 > L002 > L003	4	848	851	15:1	15:2	1corintios-15-1-P04	1corintios-15-2-P03	P109	6
L001 > L001 > L004 > L001	4	28	31	1:18	1:19	1corintios-1-18-P02	1corintios-1-19-P03	P110	1
L001 > L001 > L004 > L001	4	332	335	7:25	7:27	1corintios-7-25-P02	1corintios-7-27-P02	P110	2
L001 > L001 > L004 > L001	4	487	490	10:4	10:5	1corintios-10-4-P01	1corintios-10-5-P01	P110	3
L001 > L001 > L004 > L001	4	648	651	12:5	12:8	1corintios-12-5-P01	1corintios-12-8-P01	P110	4
L001 > L001 > L004 > L001	4	715	718	13:7	13:8	1corintios-13-7-P04	1corintios-13-8-P03	P110	5
L001 > L001 > L004 > L001	4	769	772	14:14	14:15	1corintios-14-14-P03	1corintios-14-15-P03	P110	6
L001 > L001 > L004 > L004	4	243	246	6:12	6:13	1corintios-6-12-P02	1corintios-6-13-P01	P111	1
L001 > L001 > L004 > L004	4	319	322	7:20	7:21	1corintios-7-20-P01	1corintios-7-21-P02	P111	2
L001 > L001 > L004 > L004	4	364	367	7:36	7:37	1corintios-7-36-P05	1corintios-7-37-P01	P111	3
L001 > L001 > L004 > L004	4	424	427	9:7	9:8	1corintios-9-7-P04	1corintios-9-8-P02	P111	4
L001 > L001 > L004 > L004	4	867	870	15:10	15:10	1corintios-15-10-P01	1corintios-15-10-P04	P111	5
L001 > L001 > L004 > L004	4	915	918	15:32	15:33	1corintios-15-32-P04	1corintios-15-33-P02	P111	6
L001 > L002 > L001 > L001 > L001	5	83	87	3:2	3:3	1corintios-3-2-P01	1corintios-3-3-P02	P112	1
L001 > L002 > L001 > L001 > L001	5	268	272	7:1	7:4	1corintios-7-1-P01	1corintios-7-4-P01	P112	2
L001 > L002 > L001 > L001 > L001	5	420	424	9:6	9:7	1corintios-9-6-P01	1corintios-9-7-P04	P112	3
L001 > L002 > L001 > L001 > L001	5	537	541	10:22	10:23	1corintios-10-22-P02	1corintios-10-23-P04	P112	4
L001 > L002 > L001 > L001 > L001	5	554	558	10:30	10:31	1corintios-10-30-P03	1corintios-10-31-P04	P112	5
L001 > L002 > L001 > L001 > L001	5	602	606	11:22	11:23	1corintios-11-22-P03	1corintios-11-23-P01	P112	6
L001 > L002 > L001 > L001 > L001 > L001	6	83	88	3:2	3:3	1corintios-3-2-P01	1corintios-3-3-P03	P113	1
L001 > L002 > L001 > L001 > L001 > L001	6	268	273	7:1	7:4	1corintios-7-1-P01	1corintios-7-4-P02	P113	2
L001 > L002 > L001 > L001 > L001 > L001	6	420	425	9:6	9:7	1corintios-9-6-P01	1corintios-9-7-P05	P113	3
L001 > L002 > L001 > L001 > L001 > L001	6	537	542	10:22	10:24	1corintios-10-22-P02	1corintios-10-24-P01	P113	4
L001 > L002 > L001 > L001 > L001 > L001	6	554	559	10:30	10:32	1corintios-10-30-P03	1corintios-10-32-P01	P113	5
L001 > L002 > L001 > L001 > L001 > L001	6	602	607	11:22	11:23	1corintios-11-22-P03	1corintios-11-23-P02	P113	6
L001 > L002 > L002	3	16	18	1:13	1:14	1corintios-1-13-P02	1corintios-1-14-P01	P114	1
L001 > L002 > L002	3	127	129	3:17	3:18	1corintios-3-17-P03	1corintios-3-18-P01	P114	2
L001 > L002 > L002	3	183	185	4:16	4:17	1corintios-4-16-P01	1corintios-4-17-P01	P114	3
L001 > L002 > L002	3	579	581	11:10	11:13	1corintios-11-10-P01	1corintios-11-13-P02	P114	4
L001 > L002 > L002	3	612	614	11:24	11:25	1corintios-11-24-P03	1corintios-11-25-P01	P114	5
L001 > L002 > L002	3	685	687	12:26	12:28	1corintios-12-26-P04	1corintios-12-28-P01	P114	6
L001 > L004 > L001 > L001	4	330	333	7:24	7:26	1corintios-7-24-P02	1corintios-7-26-P01	P115	1
L001 > L004 > L001 > L001	4	333	336	7:26	7:27	1corintios-7-26-P01	1corintios-7-27-P03	P115	2
L001 > L004 > L001 > L001	4	506	509	10:10	10:11	1corintios-10-10-P03	1corintios-10-11-P03	P115	3
L001 > L004 > L001 > L001	4	649	652	12:6	12:11	1corintios-12-6-P01	1corintios-12-11-P01	P115	4
L001 > L004 > L001 > L001	4	770	773	14:15	14:15	1corintios-14-15-P01	1corintios-14-15-P04	P115	5
L001 > L004 > L001 > L001	4	863	866	15:8	15:9	1corintios-15-8-P01	1corintios-15-9-P03	P115	6
L001 > L006 > L005 > L001 > L001	5	75	79	2:14	2:16	1corintios-2-14-P03	1corintios-2-16-P01	P116	1
L001 > L006 > L005 > L001 > L001	5	293	297	7:12	7:14	1corintios-7-12-P04	1corintios-7-14-P01	P116	2
L001 > L006 > L005 > L001 > L001	5	370	374	7:37	7:39	1corintios-7-37-P04	1corintios-7-39-P02	P116	3
L001 > L006 > L005 > L001 > L001	5	374	378	7:39	7:40	1corintios-7-39-P02	1corintios-7-40-P01	P116	4
L001 > L006 > L005 > L001 > L001	5	652	656	12:11	12:12	1corintios-12-11-P01	1corintios-12-12-P03	P116	5
L001 > L006 > L005 > L001 > L001	5	942	946	15:44	15:45	1corintios-15-44-P02	1corintios-15-45-P02	P116	6
L002 > L001 > L002	3	55	57	2:6	2:7	1corintios-2-6-P01	1corintios-2-7-P02	P117	1
L002 > L001 > L002	3	92	94	3:5	3:5	1corintios-3-5-P01	1corintios-3-5-P03	P117	2
L002 > L001 > L002	3	182	184	4:15	4:16	1corintios-4-15-P02	1corintios-4-16-P02	P117	3
L002 > L001 > L002	3	327	329	7:23	7:24	1corintios-7-23-P01	1corintios-7-24-P01	P117	4
L002 > L001 > L002	3	657	659	12:13	12:14	1corintios-12-13-P01	1corintios-12-14-P01	P117	5
L002 > L001 > L002	3	675	677	12:23	12:23	1corintios-12-23-P01	1corintios-12-23-P03	P117	6
L002 > L001 > L003 > L005	4	57	60	2:7	2:8	1corintios-2-7-P02	1corintios-2-8-P03	P118	1
L002 > L001 > L003 > L005	4	394	397	8:7	8:8	1corintios-8-7-P02	1corintios-8-8-P03	P118	2
L002 > L001 > L003 > L005	4	545	548	10:27	10:28	1corintios-10-27-P02	1corintios-10-28-P02	P118	3
L002 > L001 > L003 > L005	4	720	723	13:9	13:10	1corintios-13-9-P01	1corintios-13-10-P02	P118	4
L002 > L001 > L003 > L005	4	929	932	15:37	15:38	1corintios-15-37-P01	1corintios-15-38-P01	P118	5
L002 > L001 > L003 > L005	4	995	998	16:11	16:12	1corintios-16-11-P04	1corintios-16-12-P03	P118	6
L002 > L003 > L002 > L002	4	6	9	1:10	1:10	1corintios-1-10-P01	1corintios-1-10-P04	P119	1
L002 > L003 > L002 > L002	4	190	193	4:19	4:21	1corintios-4-19-P01	1corintios-4-21-P01	P119	2
L002 > L003 > L002 > L002	4	210	213	5:11	5:13	1corintios-5-11-P01	1corintios-5-13-P01	P119	3
L002 > L003 > L002 > L002	4	470	473	9:24	9:24	1corintios-9-24-P01	1corintios-9-24-P04	P119	4
L002 > L003 > L002 > L002	4	516	519	10:14	10:15	1corintios-10-14-P01	1corintios-10-15-P03	P119	5
L002 > L003 > L002 > L002	4	973	976	16:3	16:5	1corintios-16-3-P03	1corintios-16-5-P01	P119	6
L002 > L003 > L005 > L004	4	440	443	9:13	9:14	1corintios-9-13-P01	1corintios-9-14-P01	P120	1
L002 > L003 > L005 > L004	4	494	497	10:7	10:7	1corintios-10-7-P01	1corintios-10-7-P04	P120	2
L002 > L003 > L005 > L004	4	523	526	10:16	10:18	1corintios-10-16-P04	1corintios-10-18-P01	P120	3
L002 > L003 > L005 > L004	4	644	647	12:3	12:4	1corintios-12-3-P01	1corintios-12-4-P01	P120	4
L002 > L003 > L005 > L004	4	822	825	14:31	14:32	1corintios-14-31-P01	1corintios-14-32-P01	P120	5
L002 > L003 > L005 > L004	4	1008	1011	16:17	16:18	1corintios-16-17-P01	1corintios-16-18-P02	P120	6
L002 > L004 > L003	3	102	104	3:9	3:10	1corintios-3-9-P01	1corintios-3-10-P01	P121	1
L002 > L004 > L003	3	167	169	4:9	4:9	1corintios-4-9-P01	1corintios-4-9-P03	P121	2
L002 > L004 > L003	3	550	552	10:29	10:30	1corintios-10-29-P01	1corintios-10-30-P01	P121	3
L002 > L004 > L003	3	589	591	11:16	11:17	1corintios-11-16-P02	1corintios-11-17-P02	P121	4
L002 > L004 > L003	3	790	792	14:21	14:22	1corintios-14-21-P03	1corintios-14-22-P01	P121	5
L002 > L004 > L003	3	888	890	15:17	15:19	1corintios-15-17-P02	1corintios-15-19-P01	P121	6
L003 > L005 > L002	3	3	5	1:6	1:9	1corintios-1-6-P01	1corintios-1-9-P01	P122	1
L003 > L005 > L002	3	414	416	9:2	9:2	1corintios-9-2-P01	1corintios-9-2-P03	P122	2
L003 > L005 > L002	3	547	549	10:28	10:28	1corintios-10-28-P01	1corintios-10-28-P03	P122	3
L003 > L005 > L002	3	820	822	14:30	14:31	1corintios-14-30-P01	1corintios-14-31-P01	P122	4
L003 > L005 > L002	3	842	844	14:39	14:40	1corintios-14-39-P01	1corintios-14-40-P01	P122	5
L003 > L005 > L002	3	890	892	15:19	15:20	1corintios-15-19-P01	1corintios-15-20-P01	P122	6
L003 > L005 > L004 > L004	4	441	444	9:13	9:15	1corintios-9-13-P02	1corintios-9-15-P01	P123	1
L003 > L005 > L004 > L004	4	495	498	10:7	10:8	1corintios-10-7-P02	1corintios-10-8-P01	P123	2
L003 > L005 > L004 > L004	4	502	505	10:9	10:10	1corintios-10-9-P02	1corintios-10-10-P02	P123	3
L003 > L005 > L004 > L004	4	524	527	10:17	10:18	1corintios-10-17-P01	1corintios-10-18-P02	P123	4
L003 > L005 > L004 > L004	4	950	953	15:50	15:51	1corintios-15-50-P02	1corintios-15-51-P02	P123	5
L003 > L005 > L004 > L004	4	1009	1012	16:17	16:19	1corintios-16-17-P02	1corintios-16-19-P01	P123	6
L003 > L005 > L006	3	396	398	8:8	8:8	1corintios-8-8-P02	1corintios-8-8-P04	P124	1
L003 > L005 > L006	3	457	459	9:18	9:19	1corintios-9-18-P02	1corintios-9-19-P02	P124	2
L003 > L005 > L006	3	724	726	13:11	13:11	1corintios-13-11-P01	1corintios-13-11-P03	P124	3
L003 > L005 > L006	3	762	764	14:12	14:12	1corintios-14-12-P01	1corintios-14-12-P03	P124	4
L003 > L005 > L006	3	931	933	15:37	15:38	1corintios-15-37-P03	1corintios-15-38-P02	P124	5
L003 > L005 > L006	3	997	999	16:12	16:12	1corintios-16-12-P02	1corintios-16-12-P04	P124	6
L004 > L003 > L002	3	37	39	1:23	1:26	1corintios-1-23-P01	1corintios-1-26-P01	P125	1
L004 > L003 > L002	3	103	105	3:9	3:10	1corintios-3-9-P02	1corintios-3-10-P02	P125	2
L004 > L003 > L002	3	147	149	4:4	4:5	1corintios-4-4-P03	1corintios-4-5-P02	P125	3
L004 > L003 > L002	3	153	155	4:6	4:6	1corintios-4-6-P01	1corintios-4-6-P03	P125	4
L004 > L003 > L002	3	590	592	11:17	11:18	1corintios-11-17-P01	1corintios-11-18-P01	P125	5
L004 > L003 > L002	3	594	596	11:19	11:20	1corintios-11-19-P01	1corintios-11-20-P01	P125	6
L004 > L004 > L001 > L001	4	237	240	6:10	6:11	1corintios-6-10-P01	1corintios-6-11-P03	P126	1
L004 > L004 > L001 > L001	4	245	248	6:12	6:14	1corintios-6-12-P04	1corintios-6-14-P02	P126	2
L004 > L004 > L001 > L001	4	312	315	7:17	7:18	1corintios-7-17-P04	1corintios-7-18-P03	P126	3
L004 > L004 > L001 > L001	4	366	369	7:36	7:37	1corintios-7-36-P07	1corintios-7-37-P03	P126	4
L004 > L004 > L001 > L001	4	429	432	9:9	9:10	1corintios-9-9-P02	1corintios-9-10-P02	P126	5
L004 > L004 > L001 > L001	4	780	783	14:17	14:19	1corintios-14-17-P02	1corintios-14-19-P01	P126	6
L004 > L004 > L003	3	285	287	7:9	7:11	1corintios-7-9-P03	1corintios-7-11-P01	P127	1
L004 > L004 > L003	3	321	323	7:21	7:21	1corintios-7-21-P01	1corintios-7-21-P03	P127	2
L004 > L004 > L003	3	497	499	10:7	10:8	1corintios-10-7-P04	1corintios-10-8-P02	P127	3
L004 > L004 > L003	3	828	830	14:34	14:34	1corintios-14-34-P02	1corintios-14-34-P04	P127	4
L004 > L004 > L003	3	871	873	15:11	15:12	1corintios-15-11-P01	1corintios-15-12-P01	P127	5
L004 > L004 > L003	3	1014	1016	16:20	16:22	1corintios-16-20-P01	1corintios-16-22-P01	P127	6
L005 > L001 > L006 > L005	4	111	114	3:13	3:13	1corintios-3-13-P01	1corintios-3-13-P04	P128	1
L005 > L001 > L006 > L005	4	114	117	3:13	3:14	1corintios-3-13-P04	1corintios-3-14-P02	P128	2
L005 > L001 > L006 > L005	4	117	120	3:14	3:15	1corintios-3-14-P02	1corintios-3-15-P02	P128	3
L005 > L001 > L006 > L005	4	292	295	7:12	7:13	1corintios-7-12-P03	1corintios-7-13-P02	P128	4
L005 > L001 > L006 > L005	4	694	697	13:1	13:2	1corintios-13-1-P02	1corintios-13-2-P02	P128	5
L005 > L001 > L006 > L005	4	697	700	13:2	13:2	1corintios-13-2-P02	1corintios-13-2-P05	P128	6
L005 > L004 > L004 > L001	4	311	314	7:17	7:18	1corintios-7-17-P03	1corintios-7-18-P02	P129	1
L005 > L004 > L004 > L001	4	442	445	9:13	9:15	1corintios-9-13-P03	1corintios-9-15-P02	P129	2
L005 > L004 > L004 > L001	4	503	506	10:9	10:10	1corintios-10-9-P03	1corintios-10-10-P03	P129	3
L005 > L004 > L004 > L001	4	729	732	13:11	13:12	1corintios-13-11-P06	1corintios-13-12-P03	P129	4
L005 > L004 > L004 > L001	4	908	911	15:29	15:31	1corintios-15-29-P03	1corintios-15-31-P02	P129	5
L005 > L004 > L004 > L001	4	951	954	15:50	15:51	1corintios-15-50-P03	1corintios-15-51-P03	P129	6
L005 > L006 > L005 > L006	4	42	45	1:27	1:28	1corintios-1-27-P03	1corintios-1-28-P02	P130	1
L005 > L006 > L005 > L006	4	458	461	9:19	9:20	1corintios-9-19-P01	1corintios-9-20-P02	P130	2
L005 > L006 > L005 > L006	4	464	467	9:22	9:22	1corintios-9-22-P01	1corintios-9-22-P04	P130	3
L005 > L006 > L005 > L006	4	466	469	9:22	9:23	1corintios-9-22-P03	1corintios-9-23-P02	P130	4
L005 > L006 > L005 > L006	4	584	587	11:14	11:15	1corintios-11-14-P03	1corintios-11-15-P03	P130	5
L005 > L006 > L005 > L006	4	998	1001	16:12	16:12	1corintios-16-12-P03	1corintios-16-12-P06	P130	6
L006 > L002 > L006	3	24	26	1:16	1:17	1corintios-1-16-P03	1corintios-1-17-P02	P131	1
L006 > L002 > L006	3	69	71	2:11	2:12	1corintios-2-11-P02	1corintios-2-12-P02	P131	2
L006 > L002 > L006	3	123	125	3:16	3:17	1corintios-3-16-P02	1corintios-3-17-P01	P131	3
L006 > L002 > L006	3	764	766	14:12	14:13	1corintios-14-12-P03	1corintios-14-13-P02	P131	4
L006 > L002 > L006	3	879	881	15:14	15:15	1corintios-15-14-P01	1corintios-15-15-P02	P131	5
L006 > L002 > L006	3	885	887	15:16	15:17	1corintios-15-16-P01	1corintios-15-17-P01	P131	6
L006 > L005 > L001 > L001 > L001	5	76	80	2:14	2:16	1corintios-2-14-P04	1corintios-2-16-P02	P132	1
L006 > L005 > L001 > L001 > L001	5	294	298	7:13	7:14	1corintios-7-13-P01	1corintios-7-14-P02	P132	2
L006 > L005 > L001 > L001 > L001	5	478	482	9:26	10:1	1corintios-9-26-P02	1corintios-10-1-P01	P132	3
L006 > L005 > L001 > L001 > L001	5	574	578	11:6	11:9	1corintios-11-6-P03	1corintios-11-9-P01	P132	4
L006 > L005 > L001 > L001 > L001	5	621	625	11:27	11:28	1corintios-11-27-P01	1corintios-11-28-P02	P132	5
L006 > L005 > L001 > L001 > L001	5	933	937	15:38	15:43	1corintios-15-38-P02	1corintios-15-43-P01	P132	6
L006 > L005 > L001 > L006	4	110	113	3:12	3:13	1corintios-3-12-P01	1corintios-3-13-P03	P133	1
L006 > L005 > L001 > L006	4	113	116	3:13	3:14	1corintios-3-13-P03	1corintios-3-14-P01	P133	2
L006 > L005 > L001 > L006	4	116	119	3:14	3:15	1corintios-3-14-P01	1corintios-3-15-P01	P133	3
L006 > L005 > L001 > L006	4	510	513	10:12	10:13	1corintios-10-12-P01	1corintios-10-13-P02	P133	4
L006 > L005 > L001 > L006	4	693	696	13:1	13:2	1corintios-13-1-P01	1corintios-13-2-P01	P133	5
L006 > L005 > L001 > L006	4	696	699	13:2	13:2	1corintios-13-2-P01	1corintios-13-2-P04	P133	6
L006 > L005 > L003	3	33	35	1:21	1:22	1corintios-1-21-P01	1corintios-1-22-P01	P134	1
L006 > L005 > L003	3	141	143	4:2	4:3	1corintios-4-2-P02	1corintios-4-3-P02	P134	2
L006 > L005 > L003	3	275	277	7:5	7:5	1corintios-7-5-P02	1corintios-7-5-P04	P134	3
L006 > L005 > L003	3	338	340	7:28	7:28	1corintios-7-28-P01	1corintios-7-28-P03	P134	4
L006 > L005 > L003	3	753	755	14:8	14:9	1corintios-14-8-P01	1corintios-14-9-P01	P134	5
L006 > L005 > L003	3	804	806	14:25	14:26	1corintios-14-25-P03	1corintios-14-26-P02	P134	6
L006 > L005 > L004	3	49	51	1:31	2:1	1corintios-1-31-P01	1corintios-2-1-P01	P135	1
L006 > L005 > L004	3	160	162	4:7	4:8	1corintios-4-7-P04	1corintios-4-8-P01	P135	2
L006 > L005 > L004	3	398	400	8:8	8:9	1corintios-8-8-P04	1corintios-8-9-P01	P135	3
L006 > L005 > L004	3	699	701	13:2	13:4	1corintios-13-2-P04	1corintios-13-4-P01	P135	4
L006 > L005 > L004	3	836	838	14:37	14:37	1corintios-14-37-P01	1corintios-14-37-P03	P135	5
L006 > L005 > L004	3	1001	1003	16:12	16:15	1corintios-16-12-P06	1corintios-16-15-P01	P135	6
L007 > L002	2	46	47	1:29	1:30	1corintios-1-29-P01	1corintios-1-30-P01	P136	1
L007 > L002	2	205	206	5:7	5:7	1corintios-5-7-P03	1corintios-5-7-P04	P136	2
L007 > L002	2	588	589	11:16	11:16	1corintios-11-16-P01	1corintios-11-16-P02	P136	3
L007 > L002	2	643	644	12:2	12:3	1corintios-12-2-P03	1corintios-12-3-P01	P136	4
L007 > L002	2	852	853	15:2	15:3	1corintios-15-2-P04	1corintios-15-3-P01	P136	5
L007 > L002	2	874	875	15:12	15:12	1corintios-15-12-P02	1corintios-15-12-P03	P136	6
L007 > L005 > L004	3	283	285	7:9	7:9	1corintios-7-9-P01	1corintios-7-9-P03	P137	1
L007 > L005 > L004	3	310	312	7:17	7:17	1corintios-7-17-P02	1corintios-7-17-P04	P137	2
L007 > L005 > L004	3	670	672	12:19	12:21	1corintios-12-19-P01	1corintios-12-21-P02	P137	3
L007 > L005 > L004	3	728	730	13:11	13:12	1corintios-13-11-P05	1corintios-13-12-P01	P137	4
L007 > L005 > L004	3	858	860	15:5	15:6	1corintios-15-5-P01	1corintios-15-6-P02	P137	5
L007 > L005 > L004	3	907	909	15:29	15:30	1corintios-15-29-P02	1corintios-15-30-P01	P137	6
L001 > L001 > L001 > L001 > L001 > L006	6	64	69	2:9	2:11	1corintios-2-9-P04	1corintios-2-11-P02	P138	1
L001 > L001 > L001 > L001 > L001 > L006	6	174	179	4:11	4:13	1corintios-4-11-P05	1corintios-4-13-P02	P138	2
L001 > L001 > L001 > L001 > L001 > L006	6	350	355	7:32	7:34	1corintios-7-32-P03	1corintios-7-34-P03	P138	3
L001 > L001 > L001 > L001 > L001 > L006	6	810	815	14:26	14:28	1corintios-14-26-P06	1corintios-14-28-P01	P138	4
L001 > L001 > L001 > L001 > L001 > L006	6	938	943	15:43	15:44	1corintios-15-43-P02	1corintios-15-44-P03	P138	5
L001 > L001 > L001 > L001 > L006 > L005	6	106	111	3:10	3:13	1corintios-3-10-P03	1corintios-3-13-P01	P139	1
L001 > L001 > L001 > L001 > L006 > L005	6	351	356	7:33	7:34	1corintios-7-33-P01	1corintios-7-34-P04	P139	2
L001 > L001 > L001 > L001 > L006 > L005	6	800	805	14:24	14:26	1corintios-14-24-P03	1corintios-14-26-P01	P139	3
L001 > L001 > L001 > L001 > L006 > L005	6	811	816	14:26	14:28	1corintios-14-26-P07	1corintios-14-28-P02	P139	4
L001 > L001 > L001 > L001 > L006 > L005	6	939	944	15:43	15:44	1corintios-15-43-P03	1corintios-15-44-P04	P139	5
L001 > L001 > L001 > L006 > L005 > L001	6	107	112	3:10	3:13	1corintios-3-10-P04	1corintios-3-13-P02	P140	1
L001 > L001 > L001 > L006 > L005 > L001	6	352	357	7:33	7:34	1corintios-7-33-P02	1corintios-7-34-P05	P140	2
L001 > L001 > L001 > L006 > L005 > L001	6	368	373	7:37	7:39	1corintios-7-37-P02	1corintios-7-39-P01	P140	3
L001 > L001 > L001 > L006 > L005 > L001	6	812	817	14:26	14:28	1corintios-14-26-P08	1corintios-14-28-P03	P140	4
L001 > L001 > L001 > L006 > L005 > L001	6	940	945	15:43	15:45	1corintios-15-43-P04	1corintios-15-45-P01	P140	5
L001 > L001 > L002 > L001 > L001	5	240	244	6:11	6:12	1corintios-6-11-P03	1corintios-6-12-P03	P141	1
L001 > L001 > L002 > L001 > L001	5	267	271	6:20	7:3	1corintios-6-20-P02	1corintios-7-3-P01	P141	2
L001 > L001 > L002 > L001 > L001	5	419	423	9:5	9:7	1corintios-9-5-P01	1corintios-9-7-P03	P141	3
L001 > L001 > L002 > L001 > L001	5	598	602	11:21	11:22	1corintios-11-21-P02	1corintios-11-22-P03	P141	4
L001 > L001 > L002 > L001 > L001	5	601	605	11:22	11:22	1corintios-11-22-P02	1corintios-11-22-P06	P141	5
L001 > L001 > L003 > L002	4	52	55	2:2	2:6	1corintios-2-2-P01	1corintios-2-6-P01	P142	1
L001 > L001 > L003 > L002	4	87	90	3:3	3:4	1corintios-3-3-P02	1corintios-3-4-P02	P142	2
L001 > L001 > L003 > L002	4	164	167	4:8	4:9	1corintios-4-8-P03	1corintios-4-9-P01	P142	3
L001 > L001 > L003 > L002	4	233	236	6:8	6:9	1corintios-6-8-P02	1corintios-6-9-P03	P142	4
L001 > L001 > L003 > L002	4	773	776	14:15	14:16	1corintios-14-15-P04	1corintios-14-16-P02	P142	5
L001 > L001 > L006 > L002	4	67	70	2:10	2:12	1corintios-2-10-P02	1corintios-2-12-P01	P143	1
L001 > L001 > L006 > L002	4	177	180	4:12	4:14	1corintios-4-12-P03	1corintios-4-14-P01	P143	2
L001 > L001 > L006 > L002	4	377	380	7:39	7:40	1corintios-7-39-P05	1corintios-7-40-P03	P143	3
L001 > L001 > L006 > L002	4	678	681	12:24	12:25	1corintios-12-24-P01	1corintios-12-25-P02	P143	4
L001 > L001 > L006 > L002	4	782	785	14:18	14:20	1corintios-14-18-P02	1corintios-14-20-P01	P143	5
L001 > L001 > L006 > L005 > L001 > L001	6	74	79	2:14	2:16	1corintios-2-14-P02	1corintios-2-16-P01	P144	1
L001 > L001 > L006 > L005 > L001 > L001	6	369	374	7:37	7:39	1corintios-7-37-P03	1corintios-7-39-P02	P144	2
L001 > L001 > L006 > L005 > L001 > L001	6	373	378	7:39	7:40	1corintios-7-39-P01	1corintios-7-40-P01	P144	3
L001 > L001 > L006 > L005 > L001 > L001	6	651	656	12:8	12:12	1corintios-12-8-P01	1corintios-12-12-P03	P144	4
L001 > L001 > L006 > L005 > L001 > L001	6	941	946	15:44	15:45	1corintios-15-44-P01	1corintios-15-45-P02	P144	5
L001 > L002 > L006	3	121	123	3:15	3:16	1corintios-3-15-P03	1corintios-3-16-P02	P145	1
L001 > L002 > L006	3	273	275	7:4	7:5	1corintios-7-4-P02	1corintios-7-5-P02	P145	2
L001 > L002 > L006	3	619	621	11:26	11:27	1corintios-11-26-P03	1corintios-11-27-P01	P145	3
L001 > L002 > L006	3	640	642	12:1	12:2	1corintios-12-1-P01	1corintios-12-2-P02	P145	4
L001 > L002 > L006	3	658	660	12:13	12:15	1corintios-12-13-P02	1corintios-12-15-P01	P145	5
L001 > L006 > L005 > L001 > L006	5	109	113	3:11	3:13	1corintios-3-11-P02	1corintios-3-13-P03	P146	1
L001 > L006 > L005 > L001 > L006	5	112	116	3:13	3:14	1corintios-3-13-P02	1corintios-3-14-P01	P146	2
L001 > L006 > L005 > L001 > L006	5	115	119	3:13	3:15	1corintios-3-13-P05	1corintios-3-15-P01	P146	3
L001 > L006 > L005 > L001 > L006	5	509	513	10:11	10:13	1corintios-10-11-P03	1corintios-10-13-P02	P146	4
L001 > L006 > L005 > L001 > L006	5	695	699	13:1	13:2	1corintios-13-1-P03	1corintios-13-2-P04	P146	5
L002 > L001 > L006	3	22	24	1:16	1:16	1corintios-1-16-P01	1corintios-1-16-P03	P147	1
L002 > L001 > L006	3	383	385	8:1	8:2	1corintios-8-1-P03	1corintios-8-2-P01	P147	2
L002 > L001 > L006	3	437	439	9:12	9:12	1corintios-9-12-P02	1corintios-9-12-P04	P147	3
L002 > L001 > L006	3	581	583	11:13	11:14	1corintios-11-13-P02	1corintios-11-14-P02	P147	4
L002 > L001 > L006	3	735	737	14:1	14:1	1corintios-14-1-P01	1corintios-14-1-P03	P147	5
L002 > L002 > L001	3	91	93	3:4	3:5	1corintios-3-4-P03	1corintios-3-5-P02	P148	1
L002 > L002 > L001	3	417	419	9:3	9:5	1corintios-9-3-P01	1corintios-9-5-P01	P148	2
L002 > L002 > L001	3	533	535	10:20	10:21	1corintios-10-20-P03	1corintios-10-21-P02	P148	3
L002 > L002 > L001	3	580	582	11:13	11:14	1corintios-11-13-P01	1corintios-11-14-P01	P148	4
L002 > L002 > L001	3	734	736	13:13	14:1	1corintios-13-13-P01	1corintios-14-1-P02	P148	5
L002 > L002 > L004	3	184	186	4:16	4:17	1corintios-4-16-P02	1corintios-4-17-P02	P149	1
L002 > L002 > L004	3	193	195	4:21	5:1	1corintios-4-21-P01	1corintios-5-1-P01	P149	2
L002 > L002 > L004	3	518	520	10:15	10:16	1corintios-10-15-P02	1corintios-10-16-P01	P149	3
L002 > L002 > L004	3	549	551	10:28	10:29	1corintios-10-28-P03	1corintios-10-29-P02	P149	4
L002 > L002 > L004	3	686	688	12:27	12:30	1corintios-12-27-P01	1corintios-12-30-P01	P149	5
L002 > L003 > L002 > L003 > L002	5	10	14	1:11	1:12	1corintios-1-11-P01	1corintios-1-12-P03	P150	1
L002 > L003 > L002 > L003 > L002	5	199	203	5:3	5:7	1corintios-5-3-P01	1corintios-5-7-P01	P150	2
L002 > L003 > L002 > L003 > L002	5	206	210	5:7	5:11	1corintios-5-7-P04	1corintios-5-11-P01	P150	3
L002 > L003 > L002 > L003 > L002	5	208	212	5:9	5:12	1corintios-5-9-P01	1corintios-5-12-P01	P150	4
L002 > L003 > L002 > L003 > L002	5	1004	1008	16:15	16:17	1corintios-16-15-P02	1corintios-16-17-P01	P150	5
L003 > L002 > L001 > L001 > L001	5	104	108	3:10	3:11	1corintios-3-10-P01	1corintios-3-11-P01	P151	1
L003 > L002 > L001 > L001 > L001	5	148	152	4:5	4:5	1corintios-4-5-P01	1corintios-4-5-P05	P151	2
L003 > L002 > L001 > L001 > L001	5	263	267	6:19	6:20	1corintios-6-19-P02	1corintios-6-20-P02	P151	3
L003 > L002 > L001 > L001 > L001	5	595	599	11:19	11:21	1corintios-11-19-P02	1corintios-11-21-P03	P151	4
L003 > L002 > L001 > L001 > L001	5	806	810	14:26	14:26	1corintios-14-26-P02	1corintios-14-26-P06	P151	5
L003 > L002 > L002 > L002	4	7	10	1:10	1:11	1corintios-1-10-P02	1corintios-1-11-P01	P152	1
L003 > L002 > L002 > L002	4	89	92	3:4	3:5	1corintios-3-4-P01	1corintios-3-5-P01	P152	2
L003 > L002 > L002 > L002	4	191	194	4:19	4:21	1corintios-4-19-P02	1corintios-4-21-P02	P152	3
L003 > L002 > L002 > L002	4	211	214	5:11	5:13	1corintios-5-11-P02	1corintios-5-13-P02	P152	4
L003 > L002 > L002 > L002	4	964	967	15:58	16:2	1corintios-15-58-P02	1corintios-16-2-P01	P152	5
L003 > L003 > L002	3	188	190	4:17	4:19	1corintios-4-17-P04	1corintios-4-19-P01	P153	1
L003 > L003 > L002	3	560	562	10:33	11:1	1corintios-10-33-P01	1corintios-11-1-P01	P153	2
L003 > L003 > L002	3	564	566	11:2	11:2	1corintios-11-2-P02	1corintios-11-2-P04	P153	3
L003 > L003 > L002	3	963	965	15:58	16:1	1corintios-15-58-P01	1corintios-16-1-P01	P153	4
L003 > L003 > L002	3	971	973	16:3	16:3	1corintios-16-3-P01	1corintios-16-3-P03	P153	5
L003 > L005 > L001 > L001 > L001	5	61	65	2:9	2:9	1corintios-2-9-P01	1corintios-2-9-P05	P154	1
L003 > L005 > L001 > L001 > L001	5	169	173	4:9	4:11	1corintios-4-9-P03	1corintios-4-11-P04	P154	2
L003 > L005 > L001 > L001 > L001	5	229	233	6:7	6:8	1corintios-6-7-P02	1corintios-6-8-P02	P154	3
L003 > L005 > L001 > L001 > L001	5	483	487	10:1	10:4	1corintios-10-1-P02	1corintios-10-4-P01	P154	4
L003 > L005 > L001 > L001 > L001	5	608	612	11:23	11:24	1corintios-11-23-P03	1corintios-11-24-P03	P154	5
L003 > L005 > L003	3	59	61	2:8	2:9	1corintios-2-8-P02	1corintios-2-9-P01	P155	1
L003 > L005 > L003	3	446	448	9:15	9:16	1corintios-9-15-P03	1corintios-9-16-P01	P155	2
L003 > L005 > L003	3	635	637	11:34	11:34	1corintios-11-34-P01	1corintios-11-34-P03	P155	3
L003 > L005 > L003	3	722	724	13:10	13:11	1corintios-13-10-P01	1corintios-13-11-P01	P155	4
L003 > L005 > L003	3	760	762	14:11	14:12	1corintios-14-11-P01	1corintios-14-12-P01	P155	5
L003 > L007 > L005	3	282	284	7:8	7:9	1corintios-7-8-P02	1corintios-7-9-P02	P156	1
L003 > L007 > L005	3	452	454	9:16	9:17	1corintios-9-16-P05	1corintios-9-17-P02	P156	2
L003 > L007 > L005	3	839	841	14:37	14:38	1corintios-14-37-P04	1corintios-14-38-P02	P156	3
L003 > L007 > L005	3	876	878	15:12	15:13	1corintios-15-12-P04	1corintios-15-13-P02	P156	4
L003 > L007 > L005	3	895	897	15:24	15:25	1corintios-15-24-P01	1corintios-15-25-P01	P156	5
L004 > L001 > L001 > L006	4	430	433	9:9	9:10	1corintios-9-9-P03	1corintios-9-10-P03	P157	1
L004 > L001 > L001 > L006	4	507	510	10:11	10:12	1corintios-10-11-P01	1corintios-10-12-P01	P157	2
L004 > L001 > L001 > L006	4	650	653	12:7	12:11	1corintios-12-7-P01	1corintios-12-11-P02	P157	3
L004 > L001 > L001 > L006	4	781	784	14:18	14:19	1corintios-14-18-P01	1corintios-14-19-P02	P157	4
L004 > L001 > L001 > L006	4	833	836	14:35	14:37	1corintios-14-35-P03	1corintios-14-37-P01	P157	5
L004 > L003 > L005 > L001	4	168	171	4:9	4:11	1corintios-4-9-P02	1corintios-4-11-P02	P158	1
L004 > L003 > L005 > L001	4	286	289	7:10	7:11	1corintios-7-10-P01	1corintios-7-11-P03	P158	2
L004 > L003 > L005 > L001	4	290	293	7:12	7:12	1corintios-7-12-P01	1corintios-7-12-P04	P158	3
L004 > L003 > L005 > L001	4	551	554	10:29	10:30	1corintios-10-29-P02	1corintios-10-30-P03	P158	4
L004 > L003 > L005 > L001	4	629	632	11:30	11:32	1corintios-11-30-P01	1corintios-11-32-P01	P158	5
L004 > L003 > L005 > L004	4	322	325	7:21	7:22	1corintios-7-21-P02	1corintios-7-22-P01	P159	1
L004 > L003 > L005 > L004	4	498	501	10:8	10:9	1corintios-10-8-P01	1corintios-10-9-P01	P159	2
L004 > L003 > L005 > L004	4	501	504	10:9	10:10	1corintios-10-9-P01	1corintios-10-10-P01	P159	3
L004 > L003 > L005 > L004	4	949	952	15:50	15:51	1corintios-15-50-P01	1corintios-15-51-P01	P159	4
L004 > L003 > L005 > L004	4	1015	1018	16:20	16:22	1corintios-16-20-P02	1corintios-16-22-P03	P159	5
L005 > L001 > L006 > L005 > L001	5	111	115	3:13	3:13	1corintios-3-13-P01	1corintios-3-13-P05	P160	1
L005 > L001 > L006 > L005 > L001	5	114	118	3:13	3:14	1corintios-3-13-P04	1corintios-3-14-P03	P160	2
L005 > L001 > L006 > L005 > L001	5	117	121	3:14	3:15	1corintios-3-14-P02	1corintios-3-15-P03	P160	3
L005 > L001 > L006 > L005 > L001	5	292	296	7:12	7:13	1corintios-7-12-P03	1corintios-7-13-P03	P160	4
L005 > L001 > L006 > L005 > L001	5	694	698	13:1	13:2	1corintios-13-1-P02	1corintios-13-2-P03	P160	5
L005 > L004 > L001 > L001	4	50	53	1:31	2:3	1corintios-1-31-P02	1corintios-2-3-P01	P161	1
L005 > L004 > L001 > L001	4	161	164	4:7	4:8	1corintios-4-7-P05	1corintios-4-8-P03	P161	2
L005 > L004 > L001 > L001	4	646	649	12:3	12:6	1corintios-12-3-P03	1corintios-12-6-P01	P161	3
L005 > L004 > L001 > L001	4	700	703	13:2	13:4	1corintios-13-2-P05	1corintios-13-4-P03	P161	4
L005 > L004 > L001 > L001	4	832	835	14:35	14:36	1corintios-14-35-P02	1corintios-14-36-P02	P161	5
L005 > L006 > L007	3	44	46	1:28	1:29	1corintios-1-28-P01	1corintios-1-29-P01	P162	1
L005 > L006 > L007	3	386	388	8:2	8:3	1corintios-8-2-P02	1corintios-8-3-P01	P162	2
L005 > L006 > L007	3	460	462	9:20	9:20	1corintios-9-20-P01	1corintios-9-20-P03	P162	3
L005 > L006 > L007	3	586	588	11:15	11:16	1corintios-11-15-P02	1corintios-11-16-P01	P162	4
L005 > L006 > L007	3	725	727	13:11	13:11	1corintios-13-11-P02	1corintios-13-11-P04	P162	5
L006 > L002 > L001	3	382	384	8:1	8:1	1corintios-8-1-P02	1corintios-8-1-P04	P163	1
L006 > L002 > L001	3	393	395	8:7	8:8	1corintios-8-7-P01	1corintios-8-8-P01	P163	2
L006 > L002 > L001	3	737	739	14:1	14:2	1corintios-14-1-P03	1corintios-14-2-P02	P163	3
L006 > L002 > L001	3	784	786	14:19	14:20	1corintios-14-19-P02	1corintios-14-20-P02	P163	4
L006 > L002 > L001	3	928	930	15:36	15:37	1corintios-15-36-P03	1corintios-15-37-P02	P163	5
L006 > L005 > L001 > L006 > L005	5	110	114	3:12	3:13	1corintios-3-12-P01	1corintios-3-13-P04	P164	1
L006 > L005 > L001 > L006 > L005	5	113	117	3:13	3:14	1corintios-3-13-P03	1corintios-3-14-P02	P164	2
L006 > L005 > L001 > L006 > L005	5	116	120	3:14	3:15	1corintios-3-14-P01	1corintios-3-15-P02	P164	3
L006 > L005 > L001 > L006 > L005	5	693	697	13:1	13:2	1corintios-13-1-P01	1corintios-13-2-P02	P164	4
L006 > L005 > L001 > L006 > L005	5	696	700	13:2	13:2	1corintios-13-2-P01	1corintios-13-2-P05	P164	5
L007 > L007	2	462	463	9:20	9:21	1corintios-9-20-P03	1corintios-9-21-P01	P165	1
L007 > L007	2	727	728	13:11	13:11	1corintios-13-11-P04	1corintios-13-11-P05	P165	2
L007 > L007	2	856	857	15:4	15:4	1corintios-15-4-P01	1corintios-15-4-P02	P165	3
L007 > L007	2	857	858	15:4	15:5	1corintios-15-4-P02	1corintios-15-5-P01	P165	4
L007 > L007	2	902	903	15:27	15:28	1corintios-15-27-P03	1corintios-15-28-P01	P165	5
L008 > L002 > L001	3	218	220	6:2	6:3	1corintios-6-2-P03	1corintios-6-3-P01	P166	1
L008 > L002 > L001	3	436	438	9:12	9:12	1corintios-9-12-P01	1corintios-9-12-P03	P166	2
L008 > L002 > L001	3	767	769	14:14	14:14	1corintios-14-14-P01	1corintios-14-14-P03	P166	3
L008 > L002 > L001	3	793	795	14:23	14:23	1corintios-14-23-P01	1corintios-14-23-P03	P166	4
L008 > L002 > L001	3	798	800	14:24	14:24	1corintios-14-24-P01	1corintios-14-24-P03	P166	5
L001 > L001 > L001 > L001 > L001 > L004	6	316	321	7:18	7:21	1corintios-7-18-P04	1corintios-7-21-P01	P167	1
L001 > L001 > L001 > L001 > L001 > L004	6	624	629	11:28	11:30	1corintios-11-28-P01	1corintios-11-30-P01	P167	2
L001 > L001 > L001 > L001 > L001 > L004	6	712	717	13:7	13:8	1corintios-13-7-P01	1corintios-13-8-P02	P167	3
L001 > L001 > L001 > L001 > L001 > L004	6	739	744	14:2	14:5	1corintios-14-2-P02	1corintios-14-5-P01	P167	4
L001 > L001 > L001 > L001 > L002	5	265	269	6:19	7:2	1corintios-6-19-P04	1corintios-7-2-P01	P168	1
L001 > L001 > L001 > L001 > L002	5	270	274	7:2	7:5	1corintios-7-2-P02	1corintios-7-5-P01	P168	2
L001 > L001 > L001 > L001 > L002	5	539	543	10:23	10:25	1corintios-10-23-P02	1corintios-10-25-P01	P168	3
L001 > L001 > L001 > L001 > L002	5	576	580	11:7	11:13	1corintios-11-7-P02	1corintios-11-13-P01	P168	4
L001 > L001 > L001 > L001 > L003	5	85	89	3:2	3:4	1corintios-3-2-P03	1corintios-3-4-P01	P169	1
L001 > L001 > L001 > L001 > L003	5	231	235	6:7	6:9	1corintios-6-7-P04	1corintios-6-9-P02	P169	2
L001 > L001 > L001 > L001 > L003	5	556	560	10:31	10:33	1corintios-10-31-P02	1corintios-10-33-P01	P169	3
L001 > L001 > L001 > L001 > L003	5	604	608	11:22	11:23	1corintios-11-22-P05	1corintios-11-23-P03	P169	4
L001 > L001 > L001 > L003 > L002	5	86	90	3:3	3:4	1corintios-3-3-P01	1corintios-3-4-P02	P170	1
L001 > L001 > L001 > L003 > L002	5	163	167	4:8	4:9	1corintios-4-8-P02	1corintios-4-9-P01	P170	2
L001 > L001 > L001 > L003 > L002	5	232	236	6:8	6:9	1corintios-6-8-P01	1corintios-6-9-P03	P170	3
L001 > L001 > L001 > L003 > L002	5	772	776	14:15	14:16	1corintios-14-15-P03	1corintios-14-16-P02	P170	4
L001 > L001 > L001 > L004 > L004	5	318	322	7:19	7:21	1corintios-7-19-P02	1corintios-7-21-P02	P171	1
L001 > L001 > L001 > L004 > L004	5	363	367	7:36	7:37	1corintios-7-36-P04	1corintios-7-37-P01	P171	2
L001 > L001 > L001 > L004 > L004	5	423	427	9:7	9:8	1corintios-9-7-P03	1corintios-9-8-P02	P171	3
L001 > L001 > L001 > L004 > L004	5	866	870	15:9	15:10	1corintios-15-9-P03	1corintios-15-10-P04	P171	4
L001 > L001 > L002 > L003 > L002	5	247	251	6:14	6:15	1corintios-6-14-P01	1corintios-6-15-P03	P172	1
L001 > L001 > L002 > L003 > L002	5	404	408	8:11	8:13	1corintios-8-11-P01	1corintios-8-13-P02	P172	2
L001 > L001 > L002 > L003 > L002	5	541	545	10:23	10:27	1corintios-10-23-P04	1corintios-10-27-P02	P172	3
L001 > L001 > L002 > L003 > L002	5	786	790	14:20	14:21	1corintios-14-20-P02	1corintios-14-21-P03	P172	4
L001 > L001 > L003 > L005	4	227	230	6:6	6:7	1corintios-6-6-P01	1corintios-6-7-P03	P173	1
L001 > L001 > L003 > L005	4	481	484	9:27	10:1	1corintios-9-27-P03	1corintios-10-1-P03	P173	2
L001 > L001 > L003 > L005	4	606	609	11:23	11:23	1corintios-11-23-P01	1corintios-11-23-P04	P173	3
L001 > L001 > L003 > L005	4	945	948	15:45	15:49	1corintios-15-45-P01	1corintios-15-49-P02	P173	4
L001 > L001 > L004 > L003	4	145	148	4:4	4:5	1corintios-4-4-P01	1corintios-4-5-P01	P174	1
L001 > L001 > L004 > L003	4	151	154	4:5	4:6	1corintios-4-5-P04	1corintios-4-6-P02	P174	2
L001 > L001 > L004 > L003	4	627	630	11:29	11:31	1corintios-11-29-P01	1corintios-11-31-P01	P174	3
L001 > L001 > L004 > L003	4	742	745	14:4	14:5	1corintios-14-4-P01	1corintios-14-5-P02	P174	4
L001 > L003 > L003	3	187	189	4:17	4:18	1corintios-4-17-P03	1corintios-4-18-P01	P175	1
L001 > L003 > L003	3	559	561	10:32	10:33	1corintios-10-32-P01	1corintios-10-33-P02	P175	2
L001 > L003 > L003	3	962	964	15:54	15:58	1corintios-15-54-P04	1corintios-15-58-P02	P175	3
L001 > L003 > L003	3	980	982	16:6	16:6	1corintios-16-6-P02	1corintios-16-6-P04	P175	4
L001 > L004 > L001 > L004	4	29	32	1:19	1:20	1corintios-1-19-P01	1corintios-1-20-P01	P176	1
L001 > L004 > L001 > L004	4	488	491	10:4	10:5	1corintios-10-4-P02	1corintios-10-5-P02	P176	2
L001 > L004 > L001 > L004	4	716	719	13:8	13:8	1corintios-13-8-P01	1corintios-13-8-P04	P176	3
L001 > L004 > L001 > L004	4	861	864	15:6	15:9	1corintios-15-6-P03	1corintios-15-9-P01	P176	4
L001 > L004 > L002	3	673	675	12:21	12:23	1corintios-12-21-P03	1corintios-12-23-P01	P177	1
L001 > L004 > L002	3	690	692	12:30	12:31	1corintios-12-30-P03	1corintios-12-31-P02	P177	2
L001 > L004 > L002	3	718	720	13:8	13:9	1corintios-13-8-P03	1corintios-13-9-P01	P177	3
L001 > L004 > L002	3	920	922	15:34	15:34	1corintios-15-34-P02	1corintios-15-34-P04	P177	4
L001 > L004 > L004 > L001	4	244	247	6:12	6:14	1corintios-6-12-P03	1corintios-6-14-P01	P178	1
L001 > L004 > L004 > L001	4	365	368	7:36	7:37	1corintios-7-36-P06	1corintios-7-37-P02	P178	2
L001 > L004 > L004 > L001	4	425	428	9:7	9:9	1corintios-9-7-P05	1corintios-9-9-P01	P178	3
L001 > L004 > L004 > L001	4	428	431	9:9	9:10	1corintios-9-9-P01	1corintios-9-10-P01	P178	4
L001 > L006 > L005 > L001 > L006 > L005	6	109	114	3:11	3:13	1corintios-3-11-P02	1corintios-3-13-P04	P179	1
L001 > L006 > L005 > L001 > L006 > L005	6	112	117	3:13	3:14	1corintios-3-13-P02	1corintios-3-14-P02	P179	2
L001 > L006 > L005 > L001 > L006 > L005	6	115	120	3:13	3:15	1corintios-3-13-P05	1corintios-3-15-P02	P179	3
L001 > L006 > L005 > L001 > L006 > L005	6	695	700	13:1	13:2	1corintios-13-1-P03	1corintios-13-2-P05	P179	4
L001 > L006 > L005 > L006	4	298	301	7:14	7:15	1corintios-7-14-P02	1corintios-7-15-P01	P180	1
L001 > L006 > L005 > L006	4	384	387	8:1	8:2	1corintios-8-1-P04	1corintios-8-2-P03	P180	2
L001 > L006 > L005 > L006	4	571	574	11:5	11:6	1corintios-11-5-P02	1corintios-11-6-P03	P180	3
L001 > L006 > L005 > L006	4	582	585	11:14	11:15	1corintios-11-14-P01	1corintios-11-15-P01	P180	4
L002 > L001 > L001 > L002	4	418	421	9:4	9:7	1corintios-9-4-P01	1corintios-9-7-P01	P181	1
L002 > L001 > L001 > L002	4	600	603	11:22	11:22	1corintios-11-22-P01	1corintios-11-22-P04	P181	2
L002 > L001 > L001 > L002	4	785	788	14:20	14:21	1corintios-14-20-P01	1corintios-14-21-P01	P181	3
L002 > L001 > L001 > L002	4	847	850	15:1	15:2	1corintios-15-1-P03	1corintios-15-2-P02	P181	4
L002 > L001 > L004	3	329	331	7:24	7:25	1corintios-7-24-P01	1corintios-7-25-P01	P182	1
L002 > L001 > L004	3	343	345	7:28	7:29	1corintios-7-28-P06	1corintios-7-29-P02	P182	2
L002 > L001 > L004	3	534	536	10:21	10:22	1corintios-10-21-P01	1corintios-10-22-P01	P182	3
L002 > L001 > L004	3	592	594	11:18	11:19	1corintios-11-18-P01	1corintios-11-19-P01	P182	4
L002 > L002 > L002 > L003	4	8	11	1:10	1:11	1corintios-1-10-P03	1corintios-1-11-P02	P183	1
L002 > L002 > L002 > L003	4	214	217	5:13	6:2	1corintios-5-13-P02	1corintios-6-2-P02	P183	2
L002 > L002 > L002 > L003	4	514	517	10:13	10:15	1corintios-10-13-P03	1corintios-10-15-P01	P183	3
L002 > L002 > L002 > L003	4	521	524	10:16	10:17	1corintios-10-16-P02	1corintios-10-17-P01	P183	4
L002 > L002 > L003 > L002	4	5	8	1:9	1:10	1corintios-1-9-P01	1corintios-1-10-P03	P184	1
L002 > L002 > L003 > L002	4	9	12	1:10	1:12	1corintios-1-10-P04	1corintios-1-12-P01	P184	2
L002 > L002 > L003 > L002	4	515	518	10:13	10:15	1corintios-10-13-P04	1corintios-10-15-P02	P184	3
L002 > L002 > L003 > L002	4	756	759	14:9	14:10	1corintios-14-9-P02	1corintios-14-10-P02	P184	4
L002 > L002 > L006 > L005	4	39	42	1:26	1:27	1corintios-1-26-P01	1corintios-1-27-P03	P185	1
L002 > L002 > L006 > L005	4	47	50	1:30	1:31	1corintios-1-30-P01	1corintios-1-31-P02	P185	2
L002 > L002 > L006 > L005	4	128	131	3:17	3:18	1corintios-3-17-P04	1corintios-3-18-P03	P185	3
L002 > L002 > L006 > L005	4	975	978	16:4	16:5	1corintios-16-4-P02	1corintios-16-5-P03	P185	4
L002 > L003 > L002 > L001	4	180	183	4:14	4:16	1corintios-4-14-P01	1corintios-4-16-P01	P186	1
L002 > L003 > L002 > L001	4	262	265	6:19	6:19	1corintios-6-19-P01	1corintios-6-19-P04	P186	2
L002 > L003 > L002 > L001	4	543	546	10:25	10:27	1corintios-10-25-P01	1corintios-10-27-P03	P186	3
L002 > L003 > L002 > L001	4	993	996	16:11	16:12	1corintios-16-11-P02	1corintios-16-12-P01	P186	4
L002 > L003 > L002 > L004 > L001	5	12	16	1:12	1:13	1corintios-1-12-P01	1corintios-1-13-P02	P187	1
L002 > L003 > L002 > L004 > L001	5	94	98	3:5	3:6	1corintios-3-5-P03	1corintios-3-6-P03	P187	2
L002 > L003 > L002 > L004 > L001	5	155	159	4:6	4:7	1corintios-4-6-P03	1corintios-4-7-P03	P187	3
L002 > L003 > L002 > L004 > L001	5	253	257	6:16	6:17	1corintios-6-16-P01	1corintios-6-17-P01	P187	4
L002 > L003 > L005 > L004 > L004	5	440	444	9:13	9:15	1corintios-9-13-P01	1corintios-9-15-P01	P188	1
L002 > L003 > L005 > L004 > L004	5	494	498	10:7	10:8	1corintios-10-7-P01	1corintios-10-8-P01	P188	2
L002 > L003 > L005 > L004 > L004	5	523	527	10:16	10:18	1corintios-10-16-P04	1corintios-10-18-P02	P188	3
L002 > L003 > L005 > L004 > L004	5	1008	1012	16:17	16:19	1corintios-16-17-P01	1corintios-16-19-P01	P188	4
L002 > L003 > L007	3	281	283	7:8	7:9	1corintios-7-8-P01	1corintios-7-9-P01	P189	1
L002 > L003 > L007	3	528	530	10:19	10:19	1corintios-10-19-P01	1corintios-10-19-P03	P189	2
L002 > L003 > L007	3	850	852	15:2	15:2	1corintios-15-2-P02	1corintios-15-2-P04	P189	3
L002 > L003 > L007	3	875	877	15:12	15:13	1corintios-15-12-P03	1corintios-15-13-P01	P189	4
L002 > L004 > L001 > L001	4	224	227	6:5	6:6	1corintios-6-5-P01	1corintios-6-6-P01	P190	1
L002 > L004 > L001 > L001	4	348	351	7:32	7:33	1corintios-7-32-P01	1corintios-7-33-P01	P190	2
L002 > L004 > L001 > L001	4	681	684	12:25	12:26	1corintios-12-25-P02	1corintios-12-26-P03	P190	3
L002 > L004 > L001 > L001	4	687	690	12:28	12:30	1corintios-12-28-P01	1corintios-12-30-P03	P190	4
L002 > L004 > L001 > L002	4	14	17	1:12	1:13	1corintios-1-12-P03	1corintios-1-13-P03	P191	1
L002 > L004 > L001 > L002	4	81	84	2:16	3:2	1corintios-2-16-P03	1corintios-3-2-P02	P191	2
L002 > L004 > L001 > L002	4	255	258	6:16	6:18	1corintios-6-16-P03	1corintios-6-18-P01	P191	3
L002 > L004 > L001 > L002	4	844	847	14:40	15:1	1corintios-14-40-P01	1corintios-15-1-P03	P191	4
L002 > L004 > L002	3	100	102	3:8	3:9	1corintios-3-8-P01	1corintios-3-9-P01	P192	1
L002 > L004 > L002	3	194	196	4:21	5:2	1corintios-4-21-P02	1corintios-5-2-P01	P192	2
L002 > L004 > L002	3	251	253	6:15	6:16	1corintios-6-15-P03	1corintios-6-16-P01	P192	3
L002 > L004 > L002	3	519	521	10:15	10:16	1corintios-10-15-P03	1corintios-10-16-P02	P192	4
L002 > L004 > L004	3	236	238	6:9	6:11	1corintios-6-9-P03	1corintios-6-11-P01	P193	1
L002 > L004 > L004	3	778	780	14:16	14:17	1corintios-14-16-P04	1corintios-14-17-P02	P193	2
L002 > L004 > L004	3	922	924	15:34	15:35	1corintios-15-34-P04	1corintios-15-35-P02	P193	3
L002 > L004 > L004	3	955	957	15:52	15:52	1corintios-15-52-P01	1corintios-15-52-P03	P193	4
L002 > L006 > L008	3	18	20	1:14	1:15	1corintios-1-14-P01	1corintios-1-15-P01	P194	1
L002 > L006 > L008	3	659	661	12:14	12:15	1corintios-12-14-P01	1corintios-12-15-P02	P194	2
L002 > L006 > L008	3	765	767	14:13	14:14	1corintios-14-13-P01	1corintios-14-14-P01	P194	3
L002 > L006 > L008	3	967	969	16:2	16:2	1corintios-16-2-P01	1corintios-16-2-P03	P194	4
L003 > L002 > L004 > L001	4	13	16	1:12	1:13	1corintios-1-12-P02	1corintios-1-13-P02	P195	1
L003 > L002 > L004 > L001	4	95	98	3:5	3:6	1corintios-3-5-P04	1corintios-3-6-P03	P195	2
L003 > L002 > L004 > L001	4	156	159	4:6	4:7	1corintios-4-6-P04	1corintios-4-7-P03	P195	3
L003 > L002 > L004 > L001	4	254	257	6:16	6:17	1corintios-6-16-P02	1corintios-6-17-P01	P195	4
L003 > L005 > L001 > L001 > L001 > L001	6	61	66	2:9	2:10	1corintios-2-9-P01	1corintios-2-10-P01	P196	1
L003 > L005 > L001 > L001 > L001 > L001	6	169	174	4:9	4:11	1corintios-4-9-P03	1corintios-4-11-P05	P196	2
L003 > L005 > L001 > L001 > L001 > L001	6	229	234	6:7	6:9	1corintios-6-7-P02	1corintios-6-9-P01	P196	3
L003 > L005 > L001 > L001 > L001 > L001	6	483	488	10:1	10:4	1corintios-10-1-P02	1corintios-10-4-P02	P196	4
L003 > L005 > L001 > L002	4	259	262	6:18	6:19	1corintios-6-18-P02	1corintios-6-19-P01	P197	1
L003 > L005 > L001 > L002	4	552	555	10:30	10:31	1corintios-10-30-P01	1corintios-10-31-P01	P197	2
L003 > L005 > L001 > L002	4	638	641	11:34	12:2	1corintios-11-34-P04	1corintios-12-2-P01	P197	3
L003 > L005 > L001 > L002	4	990	993	16:10	16:11	1corintios-16-10-P03	1corintios-16-11-P02	P197	4
L003 > L005 > L006 > L005	4	396	399	8:8	8:8	1corintios-8-8-P02	1corintios-8-8-P05	P198	1
L003 > L005 > L006 > L005	4	457	460	9:18	9:20	1corintios-9-18-P02	1corintios-9-20-P01	P198	2
L003 > L005 > L006 > L005	4	931	934	15:37	15:41	1corintios-15-37-P03	1corintios-15-41-P01	P198	3
L003 > L005 > L006 > L005	4	997	1000	16:12	16:12	1corintios-16-12-P02	1corintios-16-12-P05	P198	4
L003 > L008 > L002	3	217	219	6:2	6:2	1corintios-6-2-P02	1corintios-6-2-P04	P199	1
L003 > L008 > L002	3	346	348	7:29	7:32	1corintios-7-29-P03	1corintios-7-32-P01	P199	2
L003 > L008 > L002	3	792	794	14:22	14:23	1corintios-14-22-P01	1corintios-14-23-P02	P199	3
L003 > L008 > L002	3	797	799	14:23	14:24	1corintios-14-23-P05	1corintios-14-24-P02	P199	4
L004 > L001 > L001 > L001 > L001	5	313	317	7:18	7:19	1corintios-7-18-P01	1corintios-7-19-P01	P200	1
L004 > L001 > L001 > L001 > L001	5	349	353	7:32	7:34	1corintios-7-32-P02	1corintios-7-34-P01	P200	2
L004 > L001 > L001 > L001 > L001	5	701	705	13:4	13:4	1corintios-13-4-P01	1corintios-13-4-P05	P200	3
L004 > L001 > L001 > L001 > L001	5	864	868	15:9	15:10	1corintios-15-9-P01	1corintios-15-10-P02	P200	4
L004 > L001 > L002 > L001	4	82	85	3:1	3:2	1corintios-3-1-P01	1corintios-3-2-P03	P201	1
L004 > L001 > L002 > L001	4	325	328	7:22	7:23	1corintios-7-22-P01	1corintios-7-23-P02	P201	2
L004 > L001 > L002 > L001	4	536	539	10:22	10:23	1corintios-10-22-P01	1corintios-10-23-P02	P201	3
L004 > L001 > L002 > L001	4	845	848	15:1	15:1	1corintios-15-1-P01	1corintios-15-1-P04	P201	4
L004 > L001 > L003	3	186	188	4:17	4:17	1corintios-4-17-P02	1corintios-4-17-P04	P202	1
L004 > L001 > L003	3	444	446	9:15	9:15	1corintios-9-15-P01	1corintios-9-15-P03	P202	2
L004 > L001 > L003	3	818	820	14:29	14:30	1corintios-14-29-P01	1corintios-14-30-P01	P202	3
L004 > L001 > L003	3	893	895	15:22	15:24	1corintios-15-22-P01	1corintios-15-24-P01	P202	4
L004 > L001 > L004 > L001	4	489	492	10:4	10:6	1corintios-10-4-P03	1corintios-10-6-P01	P203	1
L004 > L001 > L004 > L001	4	505	508	10:10	10:11	1corintios-10-10-P02	1corintios-10-11-P02	P203	2
L004 > L001 > L004 > L001	4	860	863	15:6	15:8	1corintios-15-6-P02	1corintios-15-8-P01	P203	3
L004 > L001 > L004 > L001	4	862	865	15:7	15:9	1corintios-15-7-P01	1corintios-15-9-P02	P203	4
L004 > L001 > L006 > L002	4	97	100	3:6	3:8	1corintios-3-6-P02	1corintios-3-8-P01	P204	1
L004 > L001 > L006 > L002	4	391	394	8:5	8:7	1corintios-8-5-P01	1corintios-8-7-P02	P204	2
L004 > L001 > L006 > L002	4	491	494	10:5	10:7	1corintios-10-5-P02	1corintios-10-7-P01	P204	3
L004 > L001 > L006 > L002	4	731	734	13:12	13:13	1corintios-13-12-P02	1corintios-13-13-P01	P204	4
L004 > L002 > L001	3	195	197	5:1	5:2	1corintios-5-1-P01	1corintios-5-2-P02	P205	1
L004 > L002 > L001	3	342	344	7:28	7:29	1corintios-7-28-P05	1corintios-7-29-P01	P205	2
L004 > L002 > L001	3	674	676	12:22	12:23	1corintios-12-22-P01	1corintios-12-23-P02	P205	3
L004 > L002 > L001	3	719	721	13:8	13:9	1corintios-13-8-P04	1corintios-13-9-P02	P205	4
L004 > L003 > L002 > L001	4	103	106	3:9	3:10	1corintios-3-9-P02	1corintios-3-10-P03	P206	1
L004 > L003 > L002 > L001	4	147	150	4:4	4:5	1corintios-4-4-P03	1corintios-4-5-P03	P206	2
L004 > L003 > L002 > L001	4	590	593	11:17	11:18	1corintios-11-17-P01	1corintios-11-18-P02	P206	3
L004 > L003 > L002 > L001	4	594	597	11:19	11:21	1corintios-11-19-P01	1corintios-11-21-P01	P206	4
L004 > L004 > L003 > L005	4	285	288	7:9	7:11	1corintios-7-9-P03	1corintios-7-11-P02	P207	1
L004 > L004 > L003 > L005	4	321	324	7:21	7:21	1corintios-7-21-P01	1corintios-7-21-P04	P207	2
L004 > L004 > L003 > L005	4	497	500	10:7	10:8	1corintios-10-7-P04	1corintios-10-8-P03	P207	3
L004 > L004 > L003 > L005	4	1014	1017	16:20	16:22	1corintios-16-20-P01	1corintios-16-22-P02	P207	4
L004 > L006 > L002	3	381	383	8:1	8:1	1corintios-8-1-P01	1corintios-8-1-P03	P208	1
L004 > L006 > L002	3	884	886	15:15	15:16	1corintios-15-15-P05	1corintios-15-16-P02	P208	2
L004 > L006 > L002	3	927	929	15:36	15:37	1corintios-15-36-P02	1corintios-15-37-P01	P208	3
L004 > L006 > L002	3	987	989	16:9	16:10	1corintios-16-9-P01	1corintios-16-10-P02	P208	4
L005 > L001 > L001 > L001 > L001 > L001	6	62	67	2:9	2:10	1corintios-2-9-P02	1corintios-2-10-P02	P209	1
L005 > L001 > L001 > L001 > L001 > L001	6	170	175	4:11	4:12	1corintios-4-11-P01	1corintios-4-12-P01	P209	2
L005 > L001 > L001 > L001 > L001 > L001	6	622	627	11:27	11:29	1corintios-11-27-P02	1corintios-11-29-P01	P209	3
L005 > L001 > L001 > L001 > L001 > L001	6	934	939	15:41	15:43	1corintios-15-41-P01	1corintios-15-43-P03	P209	4
L005 > L001 > L001 > L003	4	133	136	3:19	3:20	1corintios-3-19-P01	1corintios-3-20-P02	P210	1
L005 > L001 > L001 > L003	4	944	947	15:44	15:49	1corintios-15-44-P04	1corintios-15-49-P01	P210	2
L005 > L001 > L001 > L003	4	960	963	15:54	15:58	1corintios-15-54-P02	1corintios-15-58-P01	P210	3
L005 > L001 > L001 > L003	4	978	981	16:5	16:6	1corintios-16-5-P03	1corintios-16-6-P03	P210	4
L005 > L001 > L001 > L006	4	138	141	3:21	4:2	1corintios-3-21-P02	1corintios-4-2-P02	P211	1
L005 > L001 > L001 > L006	4	372	375	7:38	7:39	1corintios-7-38-P02	1corintios-7-39-P03	P211	2
L005 > L001 > L001 > L006	4	376	379	7:39	7:40	1corintios-7-39-P04	1corintios-7-40-P02	P211	3
L005 > L001 > L001 > L006	4	569	572	11:4	11:6	1corintios-11-4-P01	1corintios-11-6-P01	P211	4
L005 > L002 > L002	3	4	6	1:8	1:10	1corintios-1-8-P01	1corintios-1-10-P01	P212	1
L005 > L002 > L002	3	415	417	9:2	9:3	1corintios-9-2-P02	1corintios-9-3-P01	P212	2
L005 > L002 > L002	3	532	534	10:20	10:21	1corintios-10-20-P02	1corintios-10-21-P01	P212	3
L005 > L002 > L002	3	548	550	10:28	10:29	1corintios-10-28-P02	1corintios-10-29-P01	P212	4
L005 > L002 > L004	3	223	225	6:4	6:5	1corintios-6-4-P02	1corintios-6-5-P02	P213	1
L005 > L002 > L004	3	389	391	8:3	8:5	1corintios-8-3-P02	1corintios-8-5-P01	P213	2
L005 > L002 > L004	3	843	845	14:39	15:1	1corintios-14-39-P02	1corintios-15-1-P01	P213	3
L005 > L002 > L004	3	891	893	15:19	15:22	1corintios-15-19-P02	1corintios-15-22-P01	P213	4
L005 > L002 > L004 > L001	4	223	226	6:4	6:5	1corintios-6-4-P02	1corintios-6-5-P03	P214	1
L005 > L002 > L004 > L001	4	389	392	8:3	8:5	1corintios-8-3-P02	1corintios-8-5-P02	P214	2
L005 > L002 > L004 > L001	4	843	846	14:39	15:1	1corintios-14-39-P02	1corintios-15-1-P02	P214	3
L005 > L002 > L004 > L001	4	891	894	15:19	15:22	1corintios-15-19-P02	1corintios-15-22-P02	P214	4
L005 > L003 > L002	3	276	278	7:5	7:6	1corintios-7-5-P03	1corintios-7-6-P01	P215	1
L005 > L003 > L002	3	447	449	9:15	9:16	1corintios-9-15-P04	1corintios-9-16-P02	P215	2
L005 > L003 > L002	3	754	756	14:8	14:9	1corintios-14-8-P02	1corintios-14-9-P02	P215	3
L005 > L003 > L002	3	805	807	14:26	14:26	1corintios-14-26-P01	1corintios-14-26-P03	P215	4
L005 > L004 > L003	3	36	38	1:22	1:25	1corintios-1-22-P02	1corintios-1-25-P01	P216	1
L005 > L004 > L003	3	500	502	10:8	10:9	1corintios-10-8-P03	1corintios-10-9-P02	P216	2
L005 > L004 > L003	3	837	839	14:37	14:37	1corintios-14-37-P02	1corintios-14-37-P04	P216	3
L005 > L004 > L003	3	948	950	15:49	15:50	1corintios-15-49-P02	1corintios-15-50-P02	P216	4
L005 > L006 > L002	3	454	456	9:17	9:18	1corintios-9-17-P02	1corintios-9-18-P01	P217	1
L005 > L006 > L002	3	468	470	9:23	9:24	1corintios-9-23-P01	1corintios-9-24-P01	P217	2
L005 > L006 > L002	3	763	765	14:12	14:13	1corintios-14-12-P02	1corintios-14-13-P01	P217	3
L005 > L006 > L002	3	878	880	15:13	15:15	1corintios-15-13-P02	1corintios-15-15-P01	P217	4
L005 > L006 > L005 > L001	4	131	134	3:18	3:19	1corintios-3-18-P03	1corintios-3-19-P02	P218	1
L005 > L006 > L005 > L001	4	300	303	7:14	7:15	1corintios-7-14-P04	1corintios-7-15-P03	P218	2
L005 > L006 > L005 > L001	4	573	576	11:6	11:7	1corintios-11-6-P02	1corintios-11-7-P02	P218	3
L005 > L006 > L005 > L001	4	932	935	15:38	15:42	1corintios-15-38-P01	1corintios-15-42-P01	P218	4
L005 > L006 > L005 > L001 > L001	5	131	135	3:18	3:20	1corintios-3-18-P03	1corintios-3-20-P01	P219	1
L005 > L006 > L005 > L001 > L001	5	300	304	7:14	7:15	1corintios-7-14-P04	1corintios-7-15-P04	P219	2
L005 > L006 > L005 > L001 > L001	5	573	577	11:6	11:8	1corintios-11-6-P02	1corintios-11-8-P01	P219	3
L005 > L006 > L005 > L001 > L001	5	932	936	15:38	15:42	1corintios-15-38-P01	1corintios-15-42-P02	P219	4
L006 > L002 > L003 > L005	4	439	442	9:12	9:13	1corintios-9-12-P04	1corintios-9-13-P03	P220	1
L006 > L002 > L003 > L005	4	455	458	9:17	9:19	1corintios-9-17-P03	1corintios-9-19-P01	P220	2
L006 > L002 > L003 > L005	4	493	496	10:6	10:7	1corintios-10-6-P02	1corintios-10-7-P03	P220	3
L006 > L002 > L003 > L005	4	988	991	16:10	16:10	1corintios-16-10-P01	1corintios-16-10-P04	P220	4
L006 > L002 > L004	3	99	101	3:7	3:8	1corintios-3-7-P01	1corintios-3-8-P02	P221	1
L006 > L002 > L004	3	379	381	7:40	8:1	1corintios-7-40-P02	1corintios-8-1-P01	P221	2
L006 > L002 > L004	3	680	682	12:25	12:26	1corintios-12-25-P01	1corintios-12-26-P01	P221	3
L006 > L002 > L004	3	887	889	15:17	15:18	1corintios-15-17-P01	1corintios-15-18-P01	P221	4
L006 > L005 > L001 > L001 > L003	5	132	136	3:18	3:20	1corintios-3-18-P04	1corintios-3-20-P02	P222	1
L006 > L005 > L001 > L001 > L003	5	943	947	15:44	15:49	1corintios-15-44-P03	1corintios-15-49-P01	P222	2
L006 > L005 > L001 > L001 > L003	5	959	963	15:54	15:58	1corintios-15-54-P01	1corintios-15-58-P01	P222	3
L006 > L005 > L001 > L001 > L003	5	977	981	16:5	16:6	1corintios-16-5-P02	1corintios-16-6-P03	P222	4
L006 > L005 > L001 > L006 > L005 > L001	6	110	115	3:12	3:13	1corintios-3-12-P01	1corintios-3-13-P05	P223	1
L006 > L005 > L001 > L006 > L005 > L001	6	113	118	3:13	3:14	1corintios-3-13-P03	1corintios-3-14-P03	P223	2
L006 > L005 > L001 > L006 > L005 > L001	6	116	121	3:14	3:15	1corintios-3-14-P01	1corintios-3-15-P03	P223	3
L006 > L005 > L001 > L006 > L005 > L001	6	693	698	13:1	13:2	1corintios-13-1-P01	1corintios-13-2-P03	P223	4
L006 > L005 > L006 > L007	4	43	46	1:27	1:29	1corintios-1-27-P04	1corintios-1-29-P01	P224	1
L006 > L005 > L006 > L007	4	385	388	8:2	8:3	1corintios-8-2-P01	1corintios-8-3-P01	P224	2
L006 > L005 > L006 > L007	4	459	462	9:19	9:20	1corintios-9-19-P02	1corintios-9-20-P03	P224	3
L006 > L005 > L006 > L007	4	585	588	11:15	11:16	1corintios-11-15-P01	1corintios-11-16-P01	P224	4
L006 > L007 > L002	3	45	47	1:28	1:30	1corintios-1-28-P02	1corintios-1-30-P01	P225	1
L006 > L007 > L002	3	204	206	5:7	5:7	1corintios-5-7-P02	1corintios-5-7-P04	P225	2
L006 > L007 > L002	3	587	589	11:15	11:16	1corintios-11-15-P03	1corintios-11-16-P02	P225	3
L006 > L007 > L002	3	642	644	12:2	12:3	1corintios-12-2-P02	1corintios-12-3-P01	P225	4
L007 > L005 > L004 > L004	4	283	286	7:9	7:10	1corintios-7-9-P01	1corintios-7-10-P01	P226	1
L007 > L005 > L004 > L004	4	310	313	7:17	7:18	1corintios-7-17-P02	1corintios-7-18-P01	P226	2
L007 > L005 > L004 > L004	4	728	731	13:11	13:12	1corintios-13-11-P05	1corintios-13-12-P02	P226	3
L007 > L005 > L004 > L004	4	907	910	15:29	15:31	1corintios-15-29-P02	1corintios-15-31-P01	P226	4
L007 > L005 > L006	3	453	455	9:17	9:17	1corintios-9-17-P01	1corintios-9-17-P03	P227	1
L007 > L005 > L006	3	463	465	9:21	9:22	1corintios-9-21-P01	1corintios-9-22-P02	P227	2
L007 > L005 > L006	3	877	879	15:13	15:14	1corintios-15-13-P01	1corintios-15-14-P01	P227	3
L007 > L005 > L006	3	903	905	15:28	15:28	1corintios-15-28-P01	1corintios-15-28-P03	P227	4
L007 > L007 > L005	3	462	464	9:20	9:22	1corintios-9-20-P03	1corintios-9-22-P01	P228	1
L007 > L007 > L005	3	727	729	13:11	13:11	1corintios-13-11-P04	1corintios-13-11-P06	P228	2
L007 > L007 > L005	3	857	859	15:4	15:6	1corintios-15-4-P02	1corintios-15-6-P01	P228	3
L007 > L007 > L005	3	902	904	15:27	15:28	1corintios-15-27-P03	1corintios-15-28-P02	P228	4
L001 > L001 > L001 > L001 > L004 > L004	6	317	322	7:19	7:21	1corintios-7-19-P01	1corintios-7-21-P02	P229	1
L001 > L001 > L001 > L001 > L004 > L004	6	422	427	9:7	9:8	1corintios-9-7-P02	1corintios-9-8-P02	P229	2
L001 > L001 > L001 > L001 > L004 > L004	6	865	870	15:9	15:10	1corintios-15-9-P02	1corintios-15-10-P04	P229	3
L001 > L001 > L001 > L002 > L001	5	239	243	6:11	6:12	1corintios-6-11-P02	1corintios-6-12-P02	P230	1
L001 > L001 > L001 > L002 > L001	5	266	270	6:20	7:2	1corintios-6-20-P01	1corintios-7-2-P02	P230	2
L001 > L001 > L001 > L002 > L001	5	597	601	11:21	11:22	1corintios-11-21-P01	1corintios-11-22-P02	P230	3
L001 > L001 > L001 > L002 > L001 > L001	6	239	244	6:11	6:12	1corintios-6-11-P02	1corintios-6-12-P03	P231	1
L001 > L001 > L001 > L002 > L001 > L001	6	266	271	6:20	7:3	1corintios-6-20-P01	1corintios-7-3-P01	P231	2
L001 > L001 > L001 > L002 > L001 > L001	6	597	602	11:21	11:22	1corintios-11-21-P01	1corintios-11-22-P03	P231	3
L001 > L001 > L001 > L002 > L002	5	577	581	11:8	11:13	1corintios-11-8-P01	1corintios-11-13-P02	P232	1
L001 > L001 > L001 > L002 > L002	5	610	614	11:24	11:25	1corintios-11-24-P01	1corintios-11-25-P01	P232	2
L001 > L001 > L001 > L002 > L002	5	683	687	12:26	12:28	1corintios-12-26-P02	1corintios-12-28-P01	P232	3
L001 > L001 > L001 > L003 > L005	5	226	230	6:5	6:7	1corintios-6-5-P03	1corintios-6-7-P03	P233	1
L001 > L001 > L001 > L003 > L005	5	480	484	9:27	10:1	1corintios-9-27-P02	1corintios-10-1-P03	P233	2
L001 > L001 > L001 > L003 > L005	5	605	609	11:22	11:23	1corintios-11-22-P06	1corintios-11-23-P04	P233	3
L001 > L001 > L001 > L003 > L005 > L001	6	226	231	6:5	6:7	1corintios-6-5-P03	1corintios-6-7-P04	P234	1
L001 > L001 > L001 > L003 > L005 > L001	6	480	485	9:27	10:2	1corintios-9-27-P02	1corintios-10-2-P01	P234	2
L001 > L001 > L001 > L003 > L005 > L001	6	605	610	11:22	11:24	1corintios-11-22-P06	1corintios-11-24-P01	P234	3
L001 > L001 > L001 > L004 > L003	5	150	154	4:5	4:6	1corintios-4-5-P03	1corintios-4-6-P02	P235	1
L001 > L001 > L001 > L004 > L003	5	626	630	11:28	11:31	1corintios-11-28-P03	1corintios-11-31-P01	P235	2
L001 > L001 > L001 > L004 > L003	5	741	745	14:3	14:5	1corintios-14-3-P01	1corintios-14-5-P02	P235	3
L001 > L001 > L002 > L001 > L001 > L001	6	267	272	6:20	7:4	1corintios-6-20-P02	1corintios-7-4-P01	P236	1
L001 > L001 > L002 > L001 > L001 > L001	6	419	424	9:5	9:7	1corintios-9-5-P01	1corintios-9-7-P04	P236	2
L001 > L001 > L002 > L001 > L001 > L001	6	601	606	11:22	11:23	1corintios-11-22-P02	1corintios-11-23-P01	P236	3
L001 > L001 > L002 > L002	4	578	581	11:9	11:13	1corintios-11-9-P01	1corintios-11-13-P02	P237	1
L001 > L001 > L002 > L002	4	611	614	11:24	11:25	1corintios-11-24-P02	1corintios-11-25-P01	P237	2
L001 > L001 > L002 > L002	4	684	687	12:26	12:28	1corintios-12-26-P03	1corintios-12-28-P01	P237	3
L001 > L001 > L003 > L003	4	558	561	10:31	10:33	1corintios-10-31-P04	1corintios-10-33-P02	P238	1
L001 > L001 > L003 > L003	4	961	964	15:54	15:58	1corintios-15-54-P03	1corintios-15-58-P02	P238	2
L001 > L001 > L003 > L003	4	979	982	16:6	16:6	1corintios-16-6-P01	1corintios-16-6-P04	P238	3
L001 > L001 > L003 > L005 > L001	5	227	231	6:6	6:7	1corintios-6-6-P01	1corintios-6-7-P04	P239	1
L001 > L001 > L003 > L005 > L001	5	481	485	9:27	10:2	1corintios-9-27-P03	1corintios-10-2-P01	P239	2
L001 > L001 > L003 > L005 > L001	5	606	610	11:23	11:24	1corintios-11-23-P01	1corintios-11-24-P01	P239	3
L001 > L001 > L003 > L005 > L001 > L001	6	227	232	6:6	6:8	1corintios-6-6-P01	1corintios-6-8-P01	P240	1
L001 > L001 > L003 > L005 > L001 > L001	6	481	486	9:27	10:3	1corintios-9-27-P03	1corintios-10-3-P01	P240	2
L001 > L001 > L003 > L005 > L001 > L001	6	606	611	11:23	11:24	1corintios-11-23-P01	1corintios-11-24-P02	P240	3
L001 > L001 > L004 > L001 > L001	5	332	336	7:25	7:27	1corintios-7-25-P02	1corintios-7-27-P03	P241	1
L001 > L001 > L004 > L001 > L001	5	648	652	12:5	12:11	1corintios-12-5-P01	1corintios-12-11-P01	P241	2
L001 > L001 > L004 > L001 > L001	5	769	773	14:14	14:15	1corintios-14-14-P03	1corintios-14-15-P04	P241	3
L001 > L001 > L004 > L001 > L004	5	28	32	1:18	1:20	1corintios-1-18-P02	1corintios-1-20-P01	P242	1
L001 > L001 > L004 > L001 > L004	5	487	491	10:4	10:5	1corintios-10-4-P01	1corintios-10-5-P02	P242	2
L001 > L001 > L004 > L001 > L004	5	715	719	13:7	13:8	1corintios-13-7-P04	1corintios-13-8-P04	P242	3
L001 > L001 > L004 > L004 > L001	5	243	247	6:12	6:14	1corintios-6-12-P02	1corintios-6-14-P01	P243	1
L001 > L001 > L004 > L004 > L001	5	364	368	7:36	7:37	1corintios-7-36-P05	1corintios-7-37-P02	P243	2
L001 > L001 > L004 > L004 > L001	5	424	428	9:7	9:9	1corintios-9-7-P04	1corintios-9-9-P01	P243	3
L001 > L001 > L006 > L005 > L003	5	139	143	4:1	4:3	1corintios-4-1-P01	1corintios-4-3-P02	P244	1
L001 > L001 > L006 > L005 > L003	5	336	340	7:27	7:28	1corintios-7-27-P03	1corintios-7-28-P03	P244	2
L001 > L001 > L006 > L005 > L003	5	802	806	14:25	14:26	1corintios-14-25-P01	1corintios-14-26-P02	P244	3
L001 > L002 > L003 > L002 > L001	5	261	265	6:18	6:19	1corintios-6-18-P04	1corintios-6-19-P04	P245	1
L001 > L002 > L003 > L002 > L001	5	542	546	10:24	10:27	1corintios-10-24-P01	1corintios-10-27-P03	P245	2
L001 > L002 > L003 > L002 > L001	5	992	996	16:11	16:12	1corintios-16-11-P01	1corintios-16-12-P01	P245	3
L001 > L002 > L003 > L002 > L004	5	93	97	3:5	3:6	1corintios-3-5-P02	1corintios-3-6-P02	P246	1
L001 > L002 > L003 > L002 > L004	5	248	252	6:14	6:15	1corintios-6-14-P02	1corintios-6-15-P04	P246	2
L001 > L002 > L003 > L002 > L004	5	787	791	14:20	14:21	1corintios-14-20-P03	1corintios-14-21-P04	P246	3
L001 > L002 > L004	3	80	82	2:16	3:1	1corintios-2-16-P02	1corintios-3-1-P01	P247	1
L001 > L002 > L004	3	925	927	15:35	15:36	1corintios-15-35-P03	1corintios-15-36-P02	P247	2
L001 > L002 > L004	3	954	956	15:51	15:52	1corintios-15-51-P03	1corintios-15-52-P02	P247	3
L001 > L003 > L002 > L003	4	197	200	5:2	5:5	1corintios-5-2-P02	1corintios-5-5-P01	P248	1
L001 > L003 > L002 > L003	4	279	282	7:7	7:8	1corintios-7-7-P01	1corintios-7-8-P02	P248	2
L001 > L003 > L002 > L003	4	774	777	14:15	14:16	1corintios-14-15-P05	1corintios-14-16-P03	P248	3
L001 > L003 > L002 > L004	4	165	168	4:8	4:9	1corintios-4-8-P04	1corintios-4-9-P02	P249	1
L001 > L003 > L002 > L004	4	234	237	6:9	6:10	1corintios-6-9-P01	1corintios-6-10-P01	P249	2
L001 > L003 > L002 > L004	4	984	987	16:7	16:9	1corintios-16-7-P02	1corintios-16-9-P01	P249	3
L001 > L003 > L003 > L002	4	187	190	4:17	4:19	1corintios-4-17-P03	1corintios-4-19-P01	P250	1
L001 > L003 > L003 > L002	4	559	562	10:32	11:1	1corintios-10-32-P01	1corintios-11-1-P01	P250	2
L001 > L003 > L003 > L002	4	962	965	15:54	16:1	1corintios-15-54-P04	1corintios-16-1-P01	P250	3
L001 > L003 > L005 > L001	4	228	231	6:7	6:7	1corintios-6-7-P01	1corintios-6-7-P04	P251	1
L001 > L003 > L005 > L001	4	482	485	10:1	10:2	1corintios-10-1-P01	1corintios-10-2-P01	P251	2
L001 > L003 > L005 > L001	4	607	610	11:23	11:24	1corintios-11-23-P02	1corintios-11-24-P01	P251	3
L001 > L003 > L005 > L001 > L001	5	228	232	6:7	6:8	1corintios-6-7-P01	1corintios-6-8-P01	P252	1
L001 > L003 > L005 > L001 > L001	5	482	486	10:1	10:3	1corintios-10-1-P01	1corintios-10-3-P01	P252	2
L001 > L003 > L005 > L001 > L001	5	607	611	11:23	11:24	1corintios-11-23-P02	1corintios-11-24-P02	P252	3
L001 > L003 > L005 > L001 > L001 > L001	6	228	233	6:7	6:8	1corintios-6-7-P01	1corintios-6-8-P02	P253	1
L001 > L003 > L005 > L001 > L001 > L001	6	482	487	10:1	10:4	1corintios-10-1-P01	1corintios-10-4-P01	P253	2
L001 > L003 > L005 > L001 > L001 > L001	6	607	612	11:23	11:24	1corintios-11-23-P02	1corintios-11-24-P03	P253	3
L001 > L003 > L005 > L003	4	58	61	2:8	2:9	1corintios-2-8-P01	1corintios-2-9-P01	P254	1
L001 > L003 > L005 > L003	4	445	448	9:15	9:16	1corintios-9-15-P02	1corintios-9-16-P01	P254	2
L001 > L003 > L005 > L003	4	721	724	13:9	13:11	1corintios-13-9-P02	1corintios-13-11-P01	P254	3
L001 > L003 > L005 > L006	4	395	398	8:8	8:8	1corintios-8-8-P01	1corintios-8-8-P04	P255	1
L001 > L003 > L005 > L006	4	930	933	15:37	15:38	1corintios-15-37-P02	1corintios-15-38-P02	P255	2
L001 > L003 > L005 > L006	4	996	999	16:12	16:12	1corintios-16-12-P01	1corintios-16-12-P04	P255	3
L001 > L003 > L005 > L006 > L005	5	395	399	8:8	8:8	1corintios-8-8-P01	1corintios-8-8-P05	P256	1
L001 > L003 > L005 > L006 > L005	5	930	934	15:37	15:41	1corintios-15-37-P02	1corintios-15-41-P01	P256	2
L001 > L003 > L005 > L006 > L005	5	996	1000	16:12	16:12	1corintios-16-12-P01	1corintios-16-12-P05	P256	3
L001 > L003 > L007	3	451	453	9:16	9:17	1corintios-9-16-P04	1corintios-9-17-P01	P257	1
L001 > L003 > L007	3	854	856	15:3	15:4	1corintios-15-3-P02	1corintios-15-4-P01	P257	2
L001 > L003 > L007	3	894	896	15:22	15:24	1corintios-15-22-P02	1corintios-15-24-P02	P257	3
L001 > L003 > L008	3	135	137	3:20	3:21	1corintios-3-20-P01	1corintios-3-21-P01	P258	1
L001 > L003 > L008	3	220	222	6:3	6:4	1corintios-6-3-P01	1corintios-6-4-P01	P258	2
L001 > L003 > L008	3	796	798	14:23	14:24	1corintios-14-23-P04	1corintios-14-24-P01	P258	3
L001 > L004 > L001 > L001 > L001	5	333	337	7:26	7:27	1corintios-7-26-P01	1corintios-7-27-P04	P259	1
L001 > L004 > L001 > L001 > L001	5	770	774	14:15	14:15	1corintios-14-15-P01	1corintios-14-15-P05	P259	2
L001 > L004 > L001 > L001 > L001	5	863	867	15:8	15:10	1corintios-15-8-P01	1corintios-15-10-P01	P259	3
L001 > L004 > L003 > L002	4	146	149	4:4	4:5	1corintios-4-4-P02	1corintios-4-5-P02	P260	1
L001 > L004 > L003 > L002	4	152	155	4:5	4:6	1corintios-4-5-P05	1corintios-4-6-P03	P260	2
L001 > L004 > L003 > L002	4	593	596	11:18	11:20	1corintios-11-18-P02	1corintios-11-20-P01	P260	3
L001 > L004 > L004 > L001 > L001	5	244	248	6:12	6:14	1corintios-6-12-P03	1corintios-6-14-P02	P261	1
L001 > L004 > L004 > L001 > L001	5	365	369	7:36	7:37	1corintios-7-36-P06	1corintios-7-37-P03	P261	2
L001 > L004 > L004 > L001 > L001	5	428	432	9:9	9:10	1corintios-9-9-P01	1corintios-9-10-P02	P261	3
L001 > L004 > L004 > L004	4	826	829	14:33	14:34	1corintios-14-33-P01	1corintios-14-34-P03	P262	1
L001 > L004 > L004 > L004	4	868	871	15:10	15:11	1corintios-15-10-P02	1corintios-15-11-P01	P262	2
L001 > L004 > L004 > L004	4	916	919	15:32	15:34	1corintios-15-32-P05	1corintios-15-34-P01	P262	3
L001 > L004 > L006	3	31	33	1:19	1:21	1corintios-1-19-P03	1corintios-1-21-P01	P263	1
L001 > L004 > L006	3	304	306	7:15	7:16	1corintios-7-15-P04	1corintios-7-16-P02	P263	2
L001 > L004 > L006	3	357	359	7:34	7:35	1corintios-7-34-P05	1corintios-7-35-P02	P263	3
L001 > L006 > L002 > L001	4	392	395	8:5	8:8	1corintios-8-5-P02	1corintios-8-8-P01	P264	1
L001 > L006 > L002 > L001	4	736	739	14:1	14:2	1corintios-14-1-P02	1corintios-14-2-P02	P264	2
L001 > L006 > L002 > L001	4	783	786	14:19	14:20	1corintios-14-19-P01	1corintios-14-20-P02	P264	3
L001 > L006 > L002 > L003	4	178	181	4:13	4:15	1corintios-4-13-P01	1corintios-4-15-P01	P265	1
L001 > L006 > L002 > L003	4	438	441	9:12	9:13	1corintios-9-12-P03	1corintios-9-13-P02	P265	2
L001 > L006 > L002 > L003	4	492	495	10:6	10:7	1corintios-10-6-P01	1corintios-10-7-P02	P265	3
L001 > L006 > L002 > L004	4	98	101	3:6	3:8	1corintios-3-6-P03	1corintios-3-8-P02	P266	1
L001 > L006 > L002 > L004	4	378	381	7:40	8:1	1corintios-7-40-P01	1corintios-8-1-P01	P266	2
L001 > L006 > L002 > L004	4	679	682	12:24	12:26	1corintios-12-24-P02	1corintios-12-26-P01	P266	3
L001 > L006 > L005 > L003	4	140	143	4:2	4:3	1corintios-4-2-P01	1corintios-4-3-P02	P267	1
L001 > L006 > L005 > L003	4	337	340	7:27	7:28	1corintios-7-27-P04	1corintios-7-28-P03	P267	2
L001 > L006 > L005 > L003	4	803	806	14:25	14:26	1corintios-14-25-P02	1corintios-14-26-P02	P267	3
L001 > L006 > L005 > L004	4	159	162	4:7	4:8	1corintios-4-7-P03	1corintios-4-8-P01	P268	1
L001 > L006 > L005 > L004	4	698	701	13:2	13:4	1corintios-13-2-P03	1corintios-13-4-P01	P268	2
L001 > L006 > L005 > L004	4	835	838	14:36	14:37	1corintios-14-36-P02	1corintios-14-37-P03	P268	3
L001 > L006 > L005 > L006 > L005	5	298	302	7:14	7:15	1corintios-7-14-P02	1corintios-7-15-P02	P269	1
L001 > L006 > L005 > L006 > L005	5	571	575	11:5	11:7	1corintios-11-5-P02	1corintios-11-7-P01	P269	2
L001 > L006 > L005 > L006 > L005	5	582	586	11:14	11:15	1corintios-11-14-P01	1corintios-11-15-P02	P269	3
L002 > L001 > L001 > L001 > L001 > L002	6	264	269	6:19	7:2	1corintios-6-19-P03	1corintios-7-2-P01	P270	1
L002 > L001 > L001 > L001 > L001 > L002	6	269	274	7:2	7:5	1corintios-7-2-P01	1corintios-7-5-P01	P270	2
L002 > L001 > L001 > L001 > L001 > L002	6	538	543	10:23	10:25	1corintios-10-23-P01	1corintios-10-25-P01	P270	3
L002 > L001 > L001 > L001 > L001 > L003	6	84	89	3:2	3:4	1corintios-3-2-P02	1corintios-3-4-P01	P271	1
L002 > L001 > L001 > L001 > L001 > L003	6	555	560	10:31	10:33	1corintios-10-31-P01	1corintios-10-33-P01	P271	2
L002 > L001 > L001 > L001 > L001 > L003	6	603	608	11:22	11:23	1corintios-11-22-P04	1corintios-11-23-P03	P271	3
L002 > L001 > L001 > L004	4	242	245	6:12	6:12	1corintios-6-12-P01	1corintios-6-12-P04	P272	1
L002 > L001 > L001 > L004	4	768	771	14:14	14:15	1corintios-14-14-P02	1corintios-14-15-P02	P272	2
L002 > L001 > L001 > L004	4	914	917	15:32	15:33	1corintios-15-32-P03	1corintios-15-33-P01	P272	3
L002 > L001 > L002 > L001	4	55	58	2:6	2:8	1corintios-2-6-P01	1corintios-2-8-P01	P273	1
L002 > L001 > L002 > L001	4	327	330	7:23	7:24	1corintios-7-23-P01	1corintios-7-24-P02	P273	2
L002 > L001 > L002 > L001	4	675	678	12:23	12:24	1corintios-12-23-P01	1corintios-12-24-P01	P273	3
L002 > L001 > L003 > L005 > L006	5	394	398	8:7	8:8	1corintios-8-7-P02	1corintios-8-8-P04	P274	1
L002 > L001 > L003 > L005 > L006	5	929	933	15:37	15:38	1corintios-15-37-P01	1corintios-15-38-P02	P274	2
L002 > L001 > L003 > L005 > L006	5	995	999	16:11	16:12	1corintios-16-11-P04	1corintios-16-12-P04	P274	3
L002 > L001 > L003 > L005 > L006 > L005	6	394	399	8:7	8:8	1corintios-8-7-P02	1corintios-8-8-P05	P275	1
L002 > L001 > L003 > L005 > L006 > L005	6	929	934	15:37	15:41	1corintios-15-37-P01	1corintios-15-41-P01	P275	2
L002 > L001 > L003 > L005 > L006 > L005	6	995	1000	16:11	16:12	1corintios-16-11-P04	1corintios-16-12-P05	P275	3
L002 > L001 > L006 > L002	4	22	25	1:16	1:17	1corintios-1-16-P01	1corintios-1-17-P01	P276	1
L002 > L001 > L006 > L002	4	437	440	9:12	9:13	1corintios-9-12-P02	1corintios-9-13-P01	P276	2
L002 > L001 > L006 > L002	4	735	738	14:1	14:2	1corintios-14-1-P01	1corintios-14-2-P01	P276	3
L002 > L003 > L002 > L002 > L002	5	6	10	1:10	1:11	1corintios-1-10-P01	1corintios-1-11-P01	P277	1
L002 > L003 > L002 > L002 > L002	5	190	194	4:19	4:21	1corintios-4-19-P01	1corintios-4-21-P02	P277	2
L002 > L003 > L002 > L002 > L002	5	210	214	5:11	5:13	1corintios-5-11-P01	1corintios-5-13-P02	P277	3
L002 > L003 > L002 > L006	4	201	204	5:6	5:7	1corintios-5-6-P01	1corintios-5-7-P02	P278	1
L002 > L003 > L002 > L006	4	406	409	8:12	8:13	1corintios-8-12-P01	1corintios-8-13-P03	P278	2
L002 > L003 > L002 > L006	4	475	478	9:25	9:26	1corintios-9-25-P01	1corintios-9-26-P02	P278	3
L002 > L003 > L005 > L001	4	258	261	6:18	6:18	1corintios-6-18-P01	1corintios-6-18-P04	P279	1
L002 > L003 > L005 > L001	4	567	570	11:3	11:5	1corintios-11-3-P01	1corintios-11-5-P01	P279	2
L002 > L003 > L005 > L001	4	989	992	16:10	16:11	1corintios-16-10-P02	1corintios-16-11-P01	P279	3
L002 > L004 > L001 > L001 > L001	5	224	228	6:5	6:7	1corintios-6-5-P01	1corintios-6-7-P01	P280	1
L002 > L004 > L001 > L001 > L001	5	348	352	7:32	7:33	1corintios-7-32-P01	1corintios-7-33-P02	P280	2
L002 > L004 > L001 > L001 > L001	5	681	685	12:25	12:26	1corintios-12-25-P02	1corintios-12-26-P04	P280	3
L002 > L004 > L001 > L006	4	96	99	3:6	3:7	1corintios-3-6-P01	1corintios-3-7-P01	P281	1
L002 > L004 > L001 > L006	4	157	160	4:7	4:7	1corintios-4-7-P01	1corintios-4-7-P04	P281	2
L002 > L004 > L001 > L006	4	390	393	8:4	8:7	1corintios-8-4-P01	1corintios-8-7-P01	P281	3
L002 > L004 > L003 > L005	4	167	170	4:9	4:11	1corintios-4-9-P01	1corintios-4-11-P01	P282	1
L002 > L004 > L003 > L005	4	550	553	10:29	10:30	1corintios-10-29-P01	1corintios-10-30-P02	P282	2
L002 > L004 > L003 > L005	4	888	891	15:17	15:19	1corintios-15-17-P02	1corintios-15-19-P02	P282	3
L002 > L004 > L006	3	380	382	7:40	8:1	1corintios-7-40-P03	1corintios-8-1-P02	P283	1
L002 > L004 > L006	3	926	928	15:36	15:36	1corintios-15-36-P01	1corintios-15-36-P03	P283	2
L002 > L004 > L006	3	986	988	16:8	16:10	1corintios-16-8-P01	1corintios-16-10-P01	P283	3
L002 > L004 > L006 > L002	4	380	383	7:40	8:1	1corintios-7-40-P03	1corintios-8-1-P03	P284	1
L002 > L004 > L006 > L002	4	926	929	15:36	15:37	1corintios-15-36-P01	1corintios-15-37-P01	P284	2
L002 > L004 > L006 > L002	4	986	989	16:8	16:10	1corintios-16-8-P01	1corintios-16-10-P02	P284	3
L002 > L006 > L002	3	122	124	3:16	3:16	1corintios-3-16-P01	1corintios-3-16-P03	P285	1
L002 > L006 > L002	3	473	475	9:24	9:25	1corintios-9-24-P04	1corintios-9-25-P01	P285	2
L002 > L006 > L002	3	886	888	15:16	15:17	1corintios-15-16-P02	1corintios-15-17-P02	P285	3
L002 > L006 > L007	3	203	205	5:7	5:7	1corintios-5-7-P01	1corintios-5-7-P03	P286	1
L002 > L006 > L007	3	615	617	11:25	11:26	1corintios-11-25-P02	1corintios-11-26-P01	P286	2
L002 > L006 > L007	3	641	643	12:2	12:2	1corintios-12-2-P01	1corintios-12-2-P03	P286	3
L003 > L002 > L001 > L001 > L001 > L001	6	104	109	3:10	3:11	1corintios-3-10-P01	1corintios-3-11-P02	P287	1
L003 > L002 > L001 > L001 > L001 > L001	6	263	268	6:19	7:1	1corintios-6-19-P02	1corintios-7-1-P01	P287	2
L003 > L002 > L001 > L001 > L001 > L001	6	806	811	14:26	14:26	1corintios-14-26-P02	1corintios-14-26-P07	P287	3
L003 > L002 > L001 > L003	4	277	280	7:5	7:7	1corintios-7-5-P04	1corintios-7-7-P02	P288	1
L003 > L002 > L001 > L003	4	544	547	10:27	10:28	1corintios-10-27-P01	1corintios-10-28-P01	P288	2
L003 > L002 > L001 > L003	4	994	997	16:11	16:12	1corintios-16-11-P03	1corintios-16-12-P02	P288	3
L003 > L002 > L002 > L003	4	561	564	10:33	11:2	1corintios-10-33-P02	1corintios-11-2-P02	P289	1
L003 > L002 > L002 > L003	4	565	568	11:2	11:3	1corintios-11-2-P03	1corintios-11-3-P02	P289	2
L003 > L002 > L002 > L003	4	755	758	14:9	14:10	1corintios-14-9-P01	1corintios-14-10-P01	P289	3
L003 > L002 > L002 > L006	4	38	41	1:25	1:27	1corintios-1-25-P01	1corintios-1-27-P02	P290	1
L003 > L002 > L002 > L006	4	471	474	9:24	9:24	1corintios-9-24-P02	1corintios-9-24-P05	P290	2
L003 > L002 > L002 > L006	4	974	977	16:4	16:5	1corintios-16-4-P01	1corintios-16-5-P02	P290	3
L003 > L002 > L003 > L002 > L002	5	189	193	4:18	4:21	1corintios-4-18-P01	1corintios-4-21-P01	P291	1
L003 > L002 > L003 > L002 > L002	5	209	213	5:10	5:13	1corintios-5-10-P01	1corintios-5-13-P01	P291	2
L003 > L002 > L003 > L002 > L002	5	972	976	16:3	16:5	1corintios-16-3-P02	1corintios-16-5-P01	P291	3
L003 > L002 > L003 > L002 > L003	5	198	202	5:2	5:6	1corintios-5-2-P03	1corintios-5-6-P02	P292	1
L003 > L002 > L003 > L002 > L003	5	207	211	5:8	5:11	1corintios-5-8-P01	1corintios-5-11-P02	P292	2
L003 > L002 > L003 > L002 > L003	5	1005	1009	16:15	16:17	1corintios-16-15-P03	1corintios-16-17-P02	P292	3
L003 > L002 > L003 > L002 > L004	5	11	15	1:11	1:13	1corintios-1-11-P02	1corintios-1-13-P01	P293	1
L003 > L002 > L003 > L002 > L004	5	154	158	4:6	4:7	1corintios-4-6-P02	1corintios-4-7-P02	P293	2
L003 > L002 > L003 > L002 > L004	5	775	779	14:16	14:17	1corintios-14-16-P01	1corintios-14-17-P01	P293	3
L003 > L002 > L006	3	202	204	5:6	5:7	1corintios-5-6-P02	1corintios-5-7-P02	P294	1
L003 > L002 > L006	3	407	409	8:13	8:13	1corintios-8-13-P01	1corintios-8-13-P03	P294	2
L003 > L002 > L006	3	476	478	9:25	9:26	1corintios-9-25-P02	1corintios-9-26-P02	P294	3
L003 > L003 > L002 > L002	4	560	563	10:33	11:2	1corintios-10-33-P01	1corintios-11-2-P01	P295	1
L003 > L003 > L002 > L002	4	564	567	11:2	11:3	1corintios-11-2-P02	1corintios-11-3-P01	P295	2
L003 > L003 > L002 > L002	4	963	966	15:58	16:1	1corintios-15-58-P01	1corintios-16-1-P02	P295	3
L003 > L003 > L005	3	2	4	1:5	1:8	1corintios-1-5-P01	1corintios-1-8-P01	P296	1
L003 > L003 > L005	3	637	639	11:34	11:34	1corintios-11-34-P03	1corintios-11-34-P05	P296	2
L003 > L003 > L005	3	981	983	16:6	16:7	1corintios-16-6-P03	1corintios-16-7-P01	P296	3
L003 > L005 > L002 > L002	4	3	6	1:6	1:10	1corintios-1-6-P01	1corintios-1-10-P01	P297	1
L003 > L005 > L002 > L002	4	414	417	9:2	9:3	1corintios-9-2-P01	1corintios-9-3-P01	P297	2
L003 > L005 > L002 > L002	4	547	550	10:28	10:29	1corintios-10-28-P01	1corintios-10-29-P01	P297	3
L003 > L005 > L003 > L005	4	59	62	2:8	2:9	1corintios-2-8-P02	1corintios-2-9-P02	P298	1
L003 > L005 > L003 > L005	4	722	725	13:10	13:11	1corintios-13-10-P01	1corintios-13-11-P02	P298	2
L003 > L005 > L003 > L005	4	760	763	14:11	14:12	1corintios-14-11-P01	1corintios-14-12-P02	P298	3
L003 > L005 > L004 > L001	4	323	326	7:21	7:22	1corintios-7-21-P03	1corintios-7-22-P02	P299	1
L003 > L005 > L004 > L001	4	645	648	12:3	12:5	1corintios-12-3-P02	1corintios-12-5-P01	P299	2
L003 > L005 > L004 > L001	4	823	826	14:31	14:33	1corintios-14-31-P02	1corintios-14-33-P01	P299	3
L003 > L005 > L004 > L003	4	35	38	1:22	1:25	1corintios-1-22-P01	1corintios-1-25-P01	P300	1
L003 > L005 > L004 > L003	4	499	502	10:8	10:9	1corintios-10-8-P02	1corintios-10-9-P02	P300	2
L003 > L005 > L004 > L003	4	947	950	15:49	15:50	1corintios-15-49-P01	1corintios-15-50-P02	P300	3
L003 > L005 > L004 > L004 > L001	5	441	445	9:13	9:15	1corintios-9-13-P02	1corintios-9-15-P02	P301	1
L003 > L005 > L004 > L004 > L001	5	502	506	10:9	10:10	1corintios-10-9-P02	1corintios-10-10-P03	P301	2
L003 > L005 > L004 > L004 > L001	5	950	954	15:50	15:51	1corintios-15-50-P02	1corintios-15-51-P03	P301	3
L003 > L007 > L008	3	434	436	9:11	9:12	1corintios-9-11-P01	1corintios-9-12-P01	P302	1
L003 > L007 > L008	3	529	531	10:19	10:20	1corintios-10-19-P02	1corintios-10-20-P01	P302	2
L003 > L007 > L008	3	746	748	14:5	14:6	1corintios-14-5-P03	1corintios-14-6-P01	P302	3
L003 > L008 > L002 > L001	4	217	220	6:2	6:3	1corintios-6-2-P02	1corintios-6-3-P01	P303	1
L003 > L008 > L002 > L001	4	792	795	14:22	14:23	1corintios-14-22-P01	1corintios-14-23-P03	P303	2
L003 > L008 > L002 > L001	4	797	800	14:23	14:24	1corintios-14-23-P05	1corintios-14-24-P03	P303	3
L003 > L008 > L005	3	136	138	3:20	3:21	1corintios-3-20-P02	1corintios-3-21-P02	P304	1
L003 > L008 > L005	3	221	223	6:3	6:4	1corintios-6-3-P02	1corintios-6-4-P02	P304	2
L003 > L008 > L005	3	830	832	14:34	14:35	1corintios-14-34-P04	1corintios-14-35-P02	P304	3
L004 > L001 > L001 > L001 > L001 > L001	6	313	318	7:18	7:19	1corintios-7-18-P01	1corintios-7-19-P02	P305	1
L004 > L001 > L001 > L001 > L001 > L001	6	349	354	7:32	7:34	1corintios-7-32-P02	1corintios-7-34-P02	P305	2
L004 > L001 > L001 > L001 > L001 > L001	6	701	706	13:4	13:5	1corintios-13-4-P01	1corintios-13-5-P01	P305	3
L004 > L001 > L001 > L001 > L003	5	162	166	4:8	4:8	1corintios-4-8-P01	1corintios-4-8-P05	P306	1
L004 > L001 > L001 > L001 > L003	5	225	229	6:5	6:7	1corintios-6-5-P02	1corintios-6-7-P02	P306	2
L004 > L001 > L001 > L001 > L003	5	771	775	14:15	14:16	1corintios-14-15-P02	1corintios-14-16-P01	P306	3
L004 > L001 > L001 > L004	4	331	334	7:25	7:27	1corintios-7-25-P01	1corintios-7-27-P01	P307	1
L004 > L001 > L001 > L004	4	647	650	12:4	12:7	1corintios-12-4-P01	1corintios-12-7-P01	P307	2
L004 > L001 > L001 > L004	4	688	691	12:30	12:31	1corintios-12-30-P01	1corintios-12-31-P01	P307	3
L004 > L001 > L001 > L006 > L005	5	507	511	10:11	10:12	1corintios-10-11-P01	1corintios-10-12-P02	P308	1
L004 > L001 > L001 > L006 > L005	5	650	654	12:7	12:12	1corintios-12-7-P01	1corintios-12-12-P01	P308	2
L004 > L001 > L001 > L006 > L005	5	833	837	14:35	14:37	1corintios-14-35-P03	1corintios-14-37-P02	P308	3
L004 > L001 > L002 > L001 > L001	5	82	86	3:1	3:3	1corintios-3-1-P01	1corintios-3-3-P01	P309	1
L004 > L001 > L002 > L001 > L001	5	536	540	10:22	10:23	1corintios-10-22-P01	1corintios-10-23-P03	P309	2
L004 > L001 > L002 > L001 > L001	5	845	849	15:1	15:2	1corintios-15-1-P01	1corintios-15-2-P01	P309	3
L004 > L001 > L004 > L002	4	672	675	12:21	12:23	1corintios-12-21-P02	1corintios-12-23-P01	P310	1
L004 > L001 > L004 > L002	4	717	720	13:8	13:9	1corintios-13-8-P02	1corintios-13-9-P01	P310	2
L004 > L001 > L004 > L002	4	919	922	15:34	15:34	1corintios-15-34-P01	1corintios-15-34-P04	P310	3
L004 > L002 > L003	3	252	254	6:15	6:16	1corintios-6-15-P04	1corintios-6-16-P02	P311	1
L004 > L002 > L003	3	527	529	10:18	10:19	1corintios-10-18-P02	1corintios-10-19-P02	P311	2
L004 > L002 > L003	3	1003	1005	16:15	16:15	1corintios-16-15-P01	1corintios-16-15-P03	P311	3
L004 > L002 > L006	3	400	402	8:9	8:10	1corintios-8-9-P01	1corintios-8-10-P01	P312	1
L004 > L002 > L006	3	691	693	12:31	13:1	1corintios-12-31-P01	1corintios-13-1-P01	P312	2
L004 > L002 > L006	3	957	959	15:52	15:54	1corintios-15-52-P03	1corintios-15-54-P01	P312	3
L004 > L002 > L006 > L005	4	400	403	8:9	8:10	1corintios-8-9-P01	1corintios-8-10-P02	P313	1
L004 > L002 > L006 > L005	4	691	694	12:31	13:1	1corintios-12-31-P01	1corintios-13-1-P02	P313	2
L004 > L002 > L006 > L005	4	957	960	15:52	15:54	1corintios-15-52-P03	1corintios-15-54-P02	P313	3
L004 > L002 > L006 > L005 > L001	5	400	404	8:9	8:11	1corintios-8-9-P01	1corintios-8-11-P01	P314	1
L004 > L002 > L006 > L005 > L001	5	691	695	12:31	13:1	1corintios-12-31-P01	1corintios-13-1-P03	P314	2
L004 > L002 > L006 > L005 > L001	5	957	961	15:52	15:54	1corintios-15-52-P03	1corintios-15-54-P03	P314	3
L004 > L003 > L002 > L001 > L001	5	103	107	3:9	3:10	1corintios-3-9-P02	1corintios-3-10-P04	P315	1
L004 > L003 > L002 > L001 > L001	5	147	151	4:4	4:5	1corintios-4-4-P03	1corintios-4-5-P04	P315	2
L004 > L003 > L002 > L001 > L001	5	594	598	11:19	11:21	1corintios-11-19-P01	1corintios-11-21-P02	P315	3
L004 > L003 > L002 > L001 > L001 > L001	6	103	108	3:9	3:11	1corintios-3-9-P02	1corintios-3-11-P01	P316	1
L004 > L003 > L002 > L001 > L001 > L001	6	147	152	4:4	4:5	1corintios-4-4-P03	1corintios-4-5-P05	P316	2
L004 > L003 > L002 > L001 > L001 > L001	6	594	599	11:19	11:21	1corintios-11-19-P01	1corintios-11-21-P03	P316	3
L004 > L003 > L008	3	345	347	7:29	7:31	1corintios-7-29-P02	1corintios-7-31-P01	P317	1
L004 > L003 > L008	3	791	793	14:21	14:23	1corintios-14-21-P04	1corintios-14-23-P01	P317	2
L004 > L003 > L008	3	829	831	14:34	14:35	1corintios-14-34-P03	1corintios-14-35-P01	P317	3
L004 > L004 > L001 > L001 > L001	5	237	241	6:10	6:11	1corintios-6-10-P01	1corintios-6-11-P04	P318	1
L004 > L004 > L001 > L001 > L001	5	312	316	7:17	7:18	1corintios-7-17-P04	1corintios-7-18-P04	P318	2
L004 > L004 > L001 > L001 > L001	5	366	370	7:36	7:37	1corintios-7-36-P07	1corintios-7-37-P04	P318	3
L004 > L004 > L001 > L004	4	426	429	9:8	9:9	1corintios-9-8-P01	1corintios-9-9-P02	P319	1
L004 > L004 > L001 > L004	4	504	507	10:10	10:11	1corintios-10-10-P01	1corintios-10-11-P01	P319	2
L004 > L004 > L001 > L004	4	918	921	15:33	15:34	1corintios-15-33-P02	1corintios-15-34-P03	P319	3
L004 > L004 > L003 > L005 > L004	5	321	325	7:21	7:22	1corintios-7-21-P01	1corintios-7-22-P01	P320	1
L004 > L004 > L003 > L005 > L004	5	497	501	10:7	10:9	1corintios-10-7-P04	1corintios-10-9-P01	P320	2
L004 > L004 > L003 > L005 > L004	5	1014	1018	16:20	16:22	1corintios-16-20-P01	1corintios-16-22-P03	P320	3
L004 > L004 > L004 > L003	4	827	830	14:34	14:34	1corintios-14-34-P01	1corintios-14-34-P04	P321	1
L004 > L004 > L004 > L003	4	870	873	15:10	15:12	1corintios-15-10-P04	1corintios-15-12-P01	P321	2
L004 > L004 > L004 > L003	4	1013	1016	16:19	16:22	1corintios-16-19-P02	1corintios-16-22-P01	P321	3
L004 > L004 > L004 > L004	4	869	872	15:10	15:11	1corintios-15-10-P03	1corintios-15-11-P02	P322	1
L004 > L004 > L004 > L004	4	1011	1014	16:18	16:20	1corintios-16-18-P02	1corintios-16-20-P01	P322	2
L004 > L004 > L004 > L004	4	1012	1015	16:19	16:20	1corintios-16-19-P01	1corintios-16-20-P02	P322	3
L005 > L001 > L001 > L002	4	403	406	8:10	8:12	1corintios-8-10-P02	1corintios-8-12-P01	P323	1
L005 > L001 > L001 > L002	4	410	413	9:1	9:1	1corintios-9-1-P01	1corintios-9-1-P04	P323	2
L005 > L001 > L001 > L002	4	654	657	12:12	12:13	1corintios-12-12-P01	1corintios-12-13-P01	P323	3
L005 > L001 > L001 > L004	4	27	30	1:18	1:19	1corintios-1-18-P01	1corintios-1-19-P02	P324	1
L005 > L001 > L001 > L004	4	144	147	4:3	4:4	1corintios-4-3-P03	1corintios-4-4-P03	P324	2
L005 > L001 > L001 > L004	4	302	305	7:15	7:16	1corintios-7-15-P02	1corintios-7-16-P01	P324	3
L005 > L001 > L001 > L006 > L005	5	138	142	3:21	4:3	1corintios-3-21-P02	1corintios-4-3-P01	P325	1
L005 > L001 > L001 > L006 > L005	5	372	376	7:38	7:39	1corintios-7-38-P02	1corintios-7-39-P04	P325	2
L005 > L001 > L001 > L006 > L005	5	569	573	11:4	11:6	1corintios-11-4-P01	1corintios-11-6-P02	P325	3
L005 > L001 > L002 > L006	4	120	123	3:15	3:16	1corintios-3-15-P02	1corintios-3-16-P02	P326	1
L005 > L001 > L002 > L006	4	618	621	11:26	11:27	1corintios-11-26-P02	1corintios-11-27-P01	P326	2
L005 > L001 > L002 > L006	4	639	642	11:34	12:2	1corintios-11-34-P05	1corintios-12-2-P02	P326	3
L005 > L001 > L004	3	288	290	7:11	7:12	1corintios-7-11-P02	1corintios-7-12-P01	P327	1
L005 > L001 > L004	3	356	358	7:34	7:35	1corintios-7-34-P04	1corintios-7-35-P01	P327	2
L005 > L001 > L004	3	816	818	14:28	14:29	1corintios-14-28-P02	1corintios-14-29-P01	P327	3
L005 > L001 > L006 > L005 > L001 > L006	6	111	116	3:13	3:14	1corintios-3-13-P01	1corintios-3-14-P01	P328	1
L005 > L001 > L006 > L005 > L001 > L006	6	114	119	3:13	3:15	1corintios-3-13-P04	1corintios-3-15-P01	P328	2
L005 > L001 > L006 > L005 > L001 > L006	6	694	699	13:1	13:2	1corintios-13-1-P02	1corintios-13-2-P04	P328	3
L005 > L003 > L002 > L001	4	276	279	7:5	7:7	1corintios-7-5-P03	1corintios-7-7-P01	P329	1
L005 > L003 > L002 > L001	4	447	450	9:15	9:16	1corintios-9-15-P04	1corintios-9-16-P03	P329	2
L005 > L003 > L002 > L001	4	805	808	14:26	14:26	1corintios-14-26-P01	1corintios-14-26-P04	P329	3
L005 > L004 > L001 > L004	4	671	674	12:21	12:22	1corintios-12-21-P01	1corintios-12-22-P01	P330	1
L005 > L004 > L001 > L004	4	824	827	14:31	14:34	1corintios-14-31-P03	1corintios-14-34-P01	P330	2
L005 > L004 > L001 > L004	4	859	862	15:6	15:7	1corintios-15-6-P01	1corintios-15-7-P01	P330	3
L005 > L004 > L002	3	341	343	7:28	7:28	1corintios-7-28-P04	1corintios-7-28-P06	P331	1
L005 > L004 > L002	3	399	401	8:8	8:9	1corintios-8-8-P05	1corintios-8-9-P02	P331	2
L005 > L004 > L002	3	1002	1004	16:14	16:15	1corintios-16-14-P01	1corintios-16-15-P02	P331	3
L005 > L006 > L005 > L006 > L007	5	42	46	1:27	1:29	1corintios-1-27-P03	1corintios-1-29-P01	P332	1
L005 > L006 > L005 > L006 > L007	5	458	462	9:19	9:20	1corintios-9-19-P01	1corintios-9-20-P03	P332	2
L005 > L006 > L005 > L006 > L007	5	584	588	11:14	11:16	1corintios-11-14-P03	1corintios-11-16-P01	P332	3
L005 > L006 > L008	3	307	309	7:16	7:17	1corintios-7-16-P03	1corintios-7-17-P01	P333	1
L005 > L006 > L008	3	749	751	14:6	14:7	1corintios-14-6-P02	1corintios-14-7-P01	P333	2
L005 > L006 > L008	3	904	906	15:28	15:29	1corintios-15-28-P02	1corintios-15-29-P01	P333	3
L006 > L002 > L003 > L002	4	179	182	4:13	4:15	1corintios-4-13-P02	1corintios-4-15-P02	P334	1
L006 > L002 > L003 > L002	4	469	472	9:23	9:24	1corintios-9-23-P02	1corintios-9-24-P03	P334	2
L006 > L002 > L003 > L002	4	474	477	9:24	9:26	1corintios-9-24-P05	1corintios-9-26-P01	P334	3
L006 > L002 > L006 > L005	4	24	27	1:16	1:18	1corintios-1-16-P03	1corintios-1-18-P01	P335	1
L006 > L002 > L006 > L005	4	69	72	2:11	2:13	1corintios-2-11-P02	1corintios-2-13-P01	P335	2
L006 > L002 > L006 > L005	4	123	126	3:16	3:17	1corintios-3-16-P02	1corintios-3-17-P02	P335	3
L006 > L003	2	433	434	9:10	9:11	1corintios-9-10-P03	1corintios-9-11-P01	P336	1
L006 > L003	2	881	882	15:15	15:15	1corintios-15-15-P02	1corintios-15-15-P03	P336	2
L006 > L003	2	912	913	15:32	15:32	1corintios-15-32-P01	1corintios-15-32-P02	P336	3
L006 > L005 > L001 > L001 > L001 > L001	6	574	579	11:6	11:10	1corintios-11-6-P03	1corintios-11-10-P01	P337	1
L006 > L005 > L001 > L001 > L001 > L001	6	621	626	11:27	11:28	1corintios-11-27-P01	1corintios-11-28-P03	P337	2
L006 > L005 > L001 > L001 > L001 > L001	6	933	938	15:38	15:43	1corintios-15-38-P02	1corintios-15-43-P02	P337	3
L006 > L005 > L001 > L001 > L002	5	402	406	8:10	8:12	1corintios-8-10-P01	1corintios-8-12-P01	P338	1
L006 > L005 > L001 > L001 > L002	5	409	413	8:13	9:1	1corintios-8-13-P03	1corintios-9-1-P04	P338	2
L006 > L005 > L001 > L001 > L002	5	653	657	12:11	12:13	1corintios-12-11-P02	1corintios-12-13-P01	P338	3
L006 > L005 > L003 > L002	4	275	278	7:5	7:6	1corintios-7-5-P02	1corintios-7-6-P01	P339	1
L006 > L005 > L003 > L002	4	753	756	14:8	14:9	1corintios-14-8-P01	1corintios-14-9-P02	P339	2
L006 > L005 > L003 > L002	4	804	807	14:25	14:26	1corintios-14-25-P03	1corintios-14-26-P03	P339	3
L006 > L005 > L003 > L005	4	33	36	1:21	1:22	1corintios-1-21-P01	1corintios-1-22-P02	P340	1
L006 > L005 > L003 > L005	4	141	144	4:2	4:3	1corintios-4-2-P02	1corintios-4-3-P03	P340	2
L006 > L005 > L003 > L005	4	338	341	7:28	7:28	1corintios-7-28-P01	1corintios-7-28-P04	P340	3
L006 > L005 > L004 > L001	4	49	52	1:31	2:2	1corintios-1-31-P01	1corintios-2-2-P01	P341	1
L006 > L005 > L004 > L001	4	160	163	4:7	4:8	1corintios-4-7-P04	1corintios-4-8-P02	P341	2
L006 > L005 > L004 > L001	4	699	702	13:2	13:4	1corintios-13-2-P04	1corintios-13-4-P02	P341	3
L006 > L005 > L004 > L001 > L001	5	49	53	1:31	2:3	1corintios-1-31-P01	1corintios-2-3-P01	P342	1
L006 > L005 > L004 > L001 > L001	5	160	164	4:7	4:8	1corintios-4-7-P04	1corintios-4-8-P03	P342	2
L006 > L005 > L004 > L001 > L001	5	699	703	13:2	13:4	1corintios-13-2-P04	1corintios-13-4-P03	P342	3
L006 > L005 > L006 > L005 > L001	5	130	134	3:18	3:19	1corintios-3-18-P02	1corintios-3-19-P02	P343	1
L006 > L005 > L006 > L005 > L001	5	299	303	7:14	7:15	1corintios-7-14-P03	1corintios-7-15-P03	P343	2
L006 > L005 > L006 > L005 > L001	5	572	576	11:6	11:7	1corintios-11-6-P01	1corintios-11-7-P02	P343	3
L006 > L005 > L006 > L005 > L001 > L001	6	130	135	3:18	3:20	1corintios-3-18-P02	1corintios-3-20-P01	P344	1
L006 > L005 > L006 > L005 > L001 > L001	6	299	304	7:14	7:15	1corintios-7-14-P03	1corintios-7-15-P04	P344	2
L006 > L005 > L006 > L005 > L001 > L001	6	572	577	11:6	11:8	1corintios-11-6-P01	1corintios-11-8-P01	P344	3
L006 > L005 > L006 > L005 > L006	5	41	45	1:27	1:28	1corintios-1-27-P02	1corintios-1-28-P02	P345	1
L006 > L005 > L006 > L005 > L006	5	465	469	9:22	9:23	1corintios-9-22-P02	1corintios-9-23-P02	P345	2
L006 > L005 > L006 > L005 > L006	5	583	587	11:14	11:15	1corintios-11-14-P02	1corintios-11-15-P03	P345	3
L006 > L007 > L005	3	387	389	8:2	8:3	1corintios-8-2-P03	1corintios-8-3-P02	P346	1
L006 > L007 > L005	3	616	618	11:25	11:26	1corintios-11-25-P03	1corintios-11-26-P02	P346	2
L006 > L007 > L005	3	669	671	12:18	12:21	1corintios-12-18-P02	1corintios-12-21-P01	P346	3
L006 > L007 > L007	3	461	463	9:20	9:21	1corintios-9-20-P02	1corintios-9-21-P01	P347	1
L006 > L007 > L007	3	726	728	13:11	13:11	1corintios-13-11-P03	1corintios-13-11-P05	P347	2
L006 > L007 > L007	3	901	903	15:27	15:28	1corintios-15-27-P02	1corintios-15-28-P01	P347	3
L006 > L007 > L007 > L005	4	461	464	9:20	9:22	1corintios-9-20-P02	1corintios-9-22-P01	P348	1
L006 > L007 > L007 > L005	4	726	729	13:11	13:11	1corintios-13-11-P03	1corintios-13-11-P06	P348	2
L006 > L007 > L007 > L005	4	901	904	15:27	15:28	1corintios-15-27-P02	1corintios-15-28-P02	P348	3
L006 > L008 > L005	3	660	662	12:15	12:15	1corintios-12-15-P01	1corintios-12-15-P03	P349	1
L006 > L008 > L005	3	664	666	12:16	12:16	1corintios-12-16-P01	1corintios-12-16-P03	P349	2
L006 > L008 > L005	3	750	752	14:6	14:7	1corintios-14-6-P03	1corintios-14-7-P02	P349	3
L006 > L008 > L007	3	308	310	7:16	7:17	1corintios-7-16-P04	1corintios-7-17-P02	P350	1
L006 > L008 > L007	3	359	361	7:35	7:36	1corintios-7-35-P02	1corintios-7-36-P02	P350	2
L006 > L008 > L007	3	905	907	15:28	15:29	1corintios-15-28-P03	1corintios-15-29-P02	P350	3
L006 > L008 > L007 > L005	4	308	311	7:16	7:17	1corintios-7-16-P04	1corintios-7-17-P03	P351	1
L006 > L008 > L007 > L005	4	359	362	7:35	7:36	1corintios-7-35-P02	1corintios-7-36-P03	P351	2
L006 > L008 > L007 > L005	4	905	908	15:28	15:29	1corintios-15-28-P03	1corintios-15-29-P03	P351	3
L007 > L002 > L003	3	205	207	5:7	5:8	1corintios-5-7-P03	1corintios-5-8-P01	P352	1
L007 > L002 > L003	3	643	645	12:2	12:3	1corintios-12-2-P03	1corintios-12-3-P02	P352	2
L007 > L002 > L003	3	874	876	15:12	15:12	1corintios-15-12-P02	1corintios-15-12-P04	P352	3
L007 > L005 > L001	3	361	363	7:36	7:36	1corintios-7-36-P02	1corintios-7-36-P04	P353	1
L007 > L005 > L001	3	617	619	11:26	11:26	1corintios-11-26-P01	1corintios-11-26-P03	P353	2
L007 > L005 > L001	3	896	898	15:24	15:25	1corintios-15-24-P02	1corintios-15-25-P02	P353	3
L007 > L005 > L004 > L004 > L001	5	310	314	7:17	7:18	1corintios-7-17-P02	1corintios-7-18-P02	P354	1
L007 > L005 > L004 > L004 > L001	5	728	732	13:11	13:12	1corintios-13-11-P05	1corintios-13-12-P03	P354	2
L007 > L005 > L004 > L004 > L001	5	907	911	15:29	15:31	1corintios-15-29-P02	1corintios-15-31-P02	P354	3
L007 > L008	2	435	436	9:11	9:12	1corintios-9-11-P02	1corintios-9-12-P01	P355	1
L007 > L008	2	530	531	10:19	10:20	1corintios-10-19-P03	1corintios-10-20-P01	P355	2
L007 > L008	2	747	748	14:5	14:6	1corintios-14-5-P04	1corintios-14-6-P01	P355	3
L008 > L002 > L001 > L001	4	767	770	14:14	14:15	1corintios-14-14-P01	1corintios-14-15-P01	P356	1
L008 > L002 > L001 > L001	4	793	796	14:23	14:23	1corintios-14-23-P01	1corintios-14-23-P04	P356	2
L008 > L002 > L001 > L001	4	798	801	14:24	14:24	1corintios-14-24-P01	1corintios-14-24-P04	P356	3
L008 > L005 > L004	3	661	663	12:15	12:15	1corintios-12-15-P02	1corintios-12-15-P04	P357	1
L008 > L005 > L004	3	665	667	12:16	12:16	1corintios-12-16-P02	1corintios-12-16-P04	P357	2
L008 > L005 > L004	3	831	833	14:35	14:35	1corintios-14-35-P01	1corintios-14-35-P03	P357	3
L008 > L007	2	309	310	7:17	7:17	1corintios-7-17-P01	1corintios-7-17-P02	P358	1
L008 > L007	2	360	361	7:36	7:36	1corintios-7-36-P01	1corintios-7-36-P02	P358	2
L008 > L007	2	906	907	15:29	15:29	1corintios-15-29-P01	1corintios-15-29-P02	P358	3
L008 > L007 > L005	3	309	311	7:17	7:17	1corintios-7-17-P01	1corintios-7-17-P03	P359	1
L008 > L007 > L005	3	360	362	7:36	7:36	1corintios-7-36-P01	1corintios-7-36-P03	P359	2
L008 > L007 > L005	3	906	908	15:29	15:29	1corintios-15-29-P01	1corintios-15-29-P03	P359	3
