paso13_action_support_id	book	chapter	verse	reference	stream_index	predication_id	subject_support	verb_support	scope_support	paso9_candidate_labels	continuity_field_state	minimal_action_support	confidence	evidence	final_action_statement_assigned
P1300001	1corintios	1	4	1:4	1	1corintios-1-4-P01	implicit-1S	εὐχαριστῶ		"[""EXPONE""]"	recovering	implicit-1S — εὐχαριστῶ	low	"[""verb:εὐχαριστῶ"", ""subject:implicit-1S"", ""field:recovering"", ""paso9:EXPONE""]"	False
P1300002	1corintios	1	5	1:5	2	1corintios-1-5-P01	implicit-2P	ἐπλουτίσθητε		"[""ACLARA""]"	unstable	implicit-2P — ἐπλουτίσθητε	low	"[""verb:ἐπλουτίσθητε"", ""subject:implicit-2P"", ""field:unstable"", ""paso9:ACLARA""]"	False
P1300003	1corintios	1	6	1:6	3	1corintios-1-6-P01	unknown	ἐβεβαιώθη		"[""RAZÓN"", ""ACLARA""]"	unstable	sujeto no resuelto — ἐβεβαιώθη	low	"[""verb:ἐβεβαιώθη"", ""subject:unknown"", ""field:unstable"", ""paso9:RAZÓN,ACLARA""]"	False
P1300004	1corintios	1	8	1:8	4	1corintios-1-8-P01	implicit-3S	βεβαιώσει		"[""ACLARA"", ""EXPONE""]"	stable	implicit-3S — βεβαιώσει	low	"[""verb:βεβαιώσει"", ""subject:implicit-3S"", ""field:stable"", ""paso9:ACLARA,EXPONE""]"	False
P1300005	1corintios	1	9	1:9	5	1corintios-1-9-P01	implicit-2P	ἐκλήθητε		"[""ACLARA""]"	unstable	implicit-2P — ἐκλήθητε	low	"[""verb:ἐκλήθητε"", ""subject:implicit-2P"", ""field:unstable"", ""paso9:ACLARA""]"	False
P1300006	1corintios	1	10	1:10	6	1corintios-1-10-P01	implicit-1S	παρακαλῶ		"[""ACLARA""]"	unstable	implicit-1S — παρακαλῶ	low	"[""verb:παρακαλῶ"", ""subject:implicit-1S"", ""field:unstable"", ""paso9:ACLARA""]"	False
P1300007	1corintios	1	10	1:10	7	1corintios-1-10-P02	implicit-2P	λέγητε		"[""ACLARA""]"	unstable	implicit-2P — λέγητε	low	"[""verb:λέγητε"", ""subject:implicit-2P"", ""field:unstable"", ""paso9:ACLARA""]"	False
P1300008	1corintios	1	10	1:10	8	1corintios-1-10-P03	implicit-3S	ᾖ		"[""PROPÓSITO"", ""ACLARA""]"	unstable	implicit-3S — ᾖ	low	"[""verb:ᾖ"", ""subject:implicit-3S"", ""field:unstable"", ""paso9:PROPÓSITO,ACLARA""]"	False
P1300009	1corintios	1	10	1:10	9	1corintios-1-10-P04	implicit-2P	ἦτε		"[""ACLARA""]"	unstable	implicit-2P — ἦτε	low	"[""verb:ἦτε"", ""subject:implicit-2P"", ""field:unstable"", ""paso9:ACLARA""]"	False
P1300010	1corintios	1	11	1:11	10	1corintios-1-11-P01	implicit-3S	ἐδηλώθη		"[""ACLARA""]"	unstable	implicit-3S — ἐδηλώθη	low	"[""verb:ἐδηλώθη"", ""subject:implicit-3S"", ""field:unstable"", ""paso9:ACLARA""]"	False
P1300011	1corintios	1	11	1:11	11	1corintios-1-11-P02	unknown	εἰσιν		"[""ACLARA""]"	recovering	sujeto no resuelto — εἰσιν	low	"[""verb:εἰσιν"", ""subject:unknown"", ""field:recovering"", ""paso9:ACLARA""]"	False
P1300012	1corintios	1	12	1:12	12	1corintios-1-12-P01	implicit-1S	λέγω		"[""RAZÓN"", ""ACLARA""]"	unstable	implicit-1S — λέγω	low	"[""verb:λέγω"", ""subject:implicit-1S"", ""field:unstable"", ""paso9:RAZÓN,ACLARA""]"	False
P1300013	1corintios	1	12	1:12	13	1corintios-1-12-P02	unknown	λέγει		"[""ACLARA""]"	unstable	sujeto no resuelto — λέγει	low	"[""verb:λέγει"", ""subject:unknown"", ""field:unstable"", ""paso9:ACLARA""]"	False
P1300014	1corintios	1	12	1:12	14	1corintios-1-12-P03	implicit-1S	εἰμι		"[""RAZÓN"", ""ACLARA""]"	unstable	implicit-1S — εἰμι	low	"[""verb:εἰμι"", ""subject:implicit-1S"", ""field:unstable"", ""paso9:RAZÓN,ACLARA""]"	False
P1300015	1corintios	1	13	1:13	15	1corintios-1-13-P01	implicit-3S	μεμέρισται		"[""ACLARA""]"	unstable	implicit-3S — μεμέρισται	low	"[""verb:μεμέρισται"", ""subject:implicit-3S"", ""field:unstable"", ""paso9:ACLARA""]"	False
P1300016	1corintios	1	13	1:13	16	1corintios-1-13-P02	unknown	ἐσταυρώθη		"[""EXPONE""]"	stable	sujeto no resuelto — ἐσταυρώθη	low	"[""verb:ἐσταυρώθη"", ""subject:unknown"", ""field:stable"", ""paso9:EXPONE""]"	False
P1300017	1corintios	1	13	1:13	17	1corintios-1-13-P03	implicit-2P	ἐβαπτίσθητε		"[""ACLARA""]"	unstable	implicit-2P — ἐβαπτίσθητε	low	"[""verb:ἐβαπτίσθητε"", ""subject:implicit-2P"", ""field:unstable"", ""paso9:ACLARA""]"	False
P1300018	1corintios	1	14	1:14	18	1corintios-1-14-P01	implicit-1S	εὐχαριστῶ		"[""ACLARA""]"	unstable	implicit-1S — εὐχαριστῶ	low	"[""verb:εὐχαριστῶ"", ""subject:implicit-1S"", ""field:unstable"", ""paso9:ACLARA""]"	False
P1300019	1corintios	1	14	1:14	19	1corintios-1-14-P02	implicit-1S	ἐβάπτισα		"[""EXPONE""]"	stable	implicit-1S — ἐβάπτισα	low	"[""verb:ἐβάπτισα"", ""subject:implicit-1S"", ""field:stable"", ""paso9:EXPONE""]"	False
P1300020	1corintios	1	15	1:15	20	1corintios-1-15-P01	unknown	εἴπῃ		"[""RAZÓN"", ""ACLARA""]"	unstable	sujeto no resuelto — εἴπῃ	low	"[""verb:εἴπῃ"", ""subject:unknown"", ""field:unstable"", ""paso9:RAZÓN,ACLARA""]"	False
P1300021	1corintios	1	15	1:15	21	1corintios-1-15-P02	implicit-2P	ἐβαπτίσθητε		"[""PROPÓSITO"", ""ACLARA""]"	transitioning	implicit-2P — ἐβαπτίσθητε	low	"[""verb:ἐβαπτίσθητε"", ""subject:implicit-2P"", ""field:transitioning"", ""paso9:PROPÓSITO,ACLARA""]"	False
P1300022	1corintios	1	16	1:16	22	1corintios-1-16-P01	implicit-1S	ἐβάπτισα		"[""RAZÓN"", ""ACLARA""]"	transitioning	implicit-1S — ἐβάπτισα	low	"[""verb:ἐβάπτισα"", ""subject:implicit-1S"", ""field:transitioning"", ""paso9:RAZÓN,ACLARA""]"	False
P1300023	1corintios	1	16	1:16	23	1corintios-1-16-P02	implicit-1S	οἶδα		"[""EXPONE""]"	stable	implicit-1S — οἶδα	low	"[""verb:οἶδα"", ""subject:implicit-1S"", ""field:stable"", ""paso9:EXPONE""]"	False
P1300024	1corintios	1	16	1:16	24	1corintios-1-16-P03	implicit-1S	ἐβάπτισα		"[""EXPONE""]"	stable	implicit-1S — ἐβάπτισα	low	"[""verb:ἐβάπτισα"", ""subject:implicit-1S"", ""field:stable"", ""paso9:EXPONE""]"	False
P1300025	1corintios	1	17	1:17	25	1corintios-1-17-P01	implicit-3S	ἀπέστειλέν		"[""CONDICIÓN"", ""ACLARA""]"	transitioning	implicit-3S — ἀπέστειλέν	low	"[""verb:ἀπέστειλέν"", ""subject:implicit-3S"", ""field:transitioning"", ""paso9:CONDICIÓN,ACLARA""]"	False
P1300026	1corintios	1	17	1:17	26	1corintios-1-17-P02	implicit-3S	κενωθῇ		"[""EXPONE""]"	stable	implicit-3S — κενωθῇ	low	"[""verb:κενωθῇ"", ""subject:implicit-3S"", ""field:stable"", ""paso9:EXPONE""]"	False
P1300027	1corintios	1	18	1:18	27	1corintios-1-18-P01	unknown	ἐστίν		"[""PROPÓSITO"", ""EXPONE""]"	stable	sujeto no resuelto — ἐστίν	low	"[""verb:ἐστίν"", ""subject:unknown"", ""field:stable"", ""paso9:PROPÓSITO,EXPONE""]"	False
P1300028	1corintios	1	18	1:18	28	1corintios-1-18-P02	unknown	ἐστιν		"[""EXPONE""]"	stable	sujeto no resuelto — ἐστιν	low	"[""verb:ἐστιν"", ""subject:unknown"", ""field:stable"", ""paso9:EXPONE""]"	False
P1300029	1corintios	1	19	1:19	29	1corintios-1-19-P01	implicit-3S	γέγραπται		"[""EXPONE""]"	stable	implicit-3S — γέγραπται	low	"[""verb:γέγραπται"", ""subject:implicit-3S"", ""field:stable"", ""paso9:EXPONE""]"	False
P1300030	1corintios	1	19	1:19	30	1corintios-1-19-P02	implicit-1S	ἀπολῶ		"[""ACLARA""]"	transitioning	implicit-1S — ἀπολῶ	low	"[""verb:ἀπολῶ"", ""subject:implicit-1S"", ""field:transitioning"", ""paso9:ACLARA""]"	False
P1300031	1corintios	1	19	1:19	31	1corintios-1-19-P03	implicit-1S	ἀθετήσω		"[""EXPONE""]"	stable	implicit-1S — ἀθετήσω	low	"[""verb:ἀθετήσω"", ""subject:implicit-1S"", ""field:stable"", ""paso9:EXPONE""]"	False
P1300032	1corintios	1	20	1:20	32	1corintios-1-20-P01	unknown	ἐμώρανεν		"[""ACLARA""]"	transitioning	sujeto no resuelto — ἐμώρανεν	low	"[""verb:ἐμώρανεν"", ""subject:unknown"", ""field:transitioning"", ""paso9:ACLARA""]"	False
P1300033	1corintios	1	21	1:21	33	1corintios-1-21-P01	implicit-3S	ἔγνω		"[""EXPONE""]"	stable	implicit-3S — ἔγνω	low	"[""verb:ἔγνω"", ""subject:implicit-3S"", ""field:stable"", ""paso9:EXPONE""]"	False
P1300034	1corintios	1	21	1:21	34	1corintios-1-21-P02	unknown	εὐδόκησεν		"[""EXPONE""]"	stable	sujeto no resuelto — εὐδόκησεν	low	"[""verb:εὐδόκησεν"", ""subject:unknown"", ""field:stable"", ""paso9:EXPONE""]"	False
P1300035	1corintios	1	22	1:22	35	1corintios-1-22-P01	unknown	αἰτοῦσιν		"[""ACLARA""]"	recovering	sujeto no resuelto — αἰτοῦσιν	low	"[""verb:αἰτοῦσιν"", ""subject:unknown"", ""field:recovering"", ""paso9:ACLARA""]"	False
P1300036	1corintios	1	22	1:22	36	1corintios-1-22-P02	unknown	ζητοῦσιν		"[""EXPONE""]"	stable	sujeto no resuelto — ζητοῦσιν	low	"[""verb:ζητοῦσιν"", ""subject:unknown"", ""field:stable"", ""paso9:EXPONE""]"	False
P1300037	1corintios	1	23	1:23	37	1corintios-1-23-P01	implicit-1P	κηρύσσομεν		"[""ACLARA""]"	unstable	implicit-1P — κηρύσσομεν	low	"[""verb:κηρύσσομεν"", ""subject:implicit-1P"", ""field:unstable"", ""paso9:ACLARA""]"	False
P1300038	1corintios	1	25	1:25	38	1corintios-1-25-P01	unknown	ἐστίν		"[""ACLARA""]"	unstable	sujeto no resuelto — ἐστίν	low	"[""verb:ἐστίν"", ""subject:unknown"", ""field:unstable"", ""paso9:ACLARA""]"	False
P1300039	1corintios	1	26	1:26	39	1corintios-1-26-P01	implicit-2P	βλέπετε		"[""RAZÓN"", ""ACLARA""]"	transitioning	implicit-2P — βλέπετε	low	"[""verb:βλέπετε"", ""subject:implicit-2P"", ""field:transitioning"", ""paso9:RAZÓN,ACLARA""]"	False
P1300040	1corintios	1	27	1:27	40	1corintios-1-27-P01	implicit-3S	ἐξελέξατο		"[""ACLARA""]"	transitioning	implicit-3S — ἐξελέξατο	low	"[""verb:ἐξελέξατο"", ""subject:implicit-3S"", ""field:transitioning"", ""paso9:ACLARA""]"	False
P1300041	1corintios	1	27	1:27	41	1corintios-1-27-P02	unknown	καταισχύνῃ		"[""EXPONE""]"	stable	sujeto no resuelto — καταισχύνῃ	low	"[""verb:καταισχύνῃ"", ""subject:unknown"", ""field:stable"", ""paso9:EXPONE""]"	False
P1300042	1corintios	1	27	1:27	42	1corintios-1-27-P03	implicit-3S	ἐξελέξατο		"[""PROPÓSITO"", ""EXPONE""]"	stable	implicit-3S — ἐξελέξατο	low	"[""verb:ἐξελέξατο"", ""subject:implicit-3S"", ""field:stable"", ""paso9:PROPÓSITO,EXPONE""]"	False
P1300043	1corintios	1	27	1:27	43	1corintios-1-27-P04	unknown	καταισχύνῃ		"[""EXPONE""]"	stable	sujeto no resuelto — καταισχύνῃ	low	"[""verb:καταισχύνῃ"", ""subject:unknown"", ""field:stable"", ""paso9:EXPONE""]"	False
P1300044	1corintios	1	28	1:28	44	1corintios-1-28-P01	implicit-3S	ἐξελέξατο		"[""PROPÓSITO"", ""EXPONE""]"	stable	implicit-3S — ἐξελέξατο	low	"[""verb:ἐξελέξατο"", ""subject:implicit-3S"", ""field:stable"", ""paso9:PROPÓSITO,EXPONE""]"	False
P1300045	1corintios	1	28	1:28	45	1corintios-1-28-P02	implicit-3S	καταργήσῃ		"[""EXPONE""]"	stable	implicit-3S — καταργήσῃ	low	"[""verb:καταργήσῃ"", ""subject:implicit-3S"", ""field:stable"", ""paso9:EXPONE""]"	False
P1300046	1corintios	1	29	1:29	46	1corintios-1-29-P01	implicit-3S	καυχήσηται		"[""PROPÓSITO"", ""EXPONE""]"	stable	implicit-3S — καυχήσηται	low	"[""verb:καυχήσηται"", ""subject:implicit-3S"", ""field:stable"", ""paso9:PROPÓSITO,EXPONE""]"	False
P1300047	1corintios	1	30	1:30	47	1corintios-1-30-P01	implicit-2P	ἐστε		"[""ACLARA""]"	transitioning	implicit-2P — ἐστε	low	"[""verb:ἐστε"", ""subject:implicit-2P"", ""field:transitioning"", ""paso9:ACLARA""]"	False
P1300048	1corintios	1	30	1:30	48	1corintios-1-30-P02	unknown	ἐγενήθη		"[""ACLARA""]"	transitioning	sujeto no resuelto — ἐγενήθη	low	"[""verb:ἐγενήθη"", ""subject:unknown"", ""field:transitioning"", ""paso9:ACLARA""]"	False
P1300049	1corintios	1	31	1:31	49	1corintios-1-31-P01	implicit-3S	γέγραπται		"[""EXPONE""]"	stable	implicit-3S — γέγραπται	low	"[""verb:γέγραπται"", ""subject:implicit-3S"", ""field:stable"", ""paso9:EXPONE""]"	False
P1300050	1corintios	1	31	1:31	50	1corintios-1-31-P02	unknown	καυχάσθω		"[""PROPÓSITO"", ""ACLARA"", ""EXPONE""]"	stable	sujeto no resuelto — καυχάσθω	low	"[""verb:καυχάσθω"", ""subject:unknown"", ""field:stable"", ""paso9:PROPÓSITO,ACLARA,EXPONE""]"	False
P1300051	1corintios	2	1	2:1	51	1corintios-2-1-P01	implicit-1S	ἦλθον		"[""ACLARA""]"	transitioning	implicit-1S — ἦλθον	low	"[""verb:ἦλθον"", ""subject:implicit-1S"", ""field:transitioning"", ""paso9:ACLARA""]"	False
P1300052	1corintios	2	2	2:2	52	1corintios-2-2-P01	implicit-1S	ἔκρινά		"[""EXPONE""]"	stable	implicit-1S — ἔκρινά	low	"[""verb:ἔκρινά"", ""subject:implicit-1S"", ""field:stable"", ""paso9:EXPONE""]"	False
P1300053	1corintios	2	3	2:3	53	1corintios-2-3-P01	implicit-1S	ἐγενόμην		"[""EXPONE""]"	stable	implicit-1S — ἐγενόμην	low	"[""verb:ἐγενόμην"", ""subject:implicit-1S"", ""field:stable"", ""paso9:EXPONE""]"	False
P1300054	1corintios	2	5	2:5	54	1corintios-2-5-P01	unknown	ᾖ		"[""ACLARA""]"	unstable	sujeto no resuelto — ᾖ	low	"[""verb:ᾖ"", ""subject:unknown"", ""field:unstable"", ""paso9:ACLARA""]"	False
P1300055	1corintios	2	6	2:6	55	1corintios-2-6-P01	implicit-1P	λαλοῦμεν		"[""PROPÓSITO"", ""ACLARA""]"	transitioning	implicit-1P — λαλοῦμεν	low	"[""verb:λαλοῦμεν"", ""subject:implicit-1P"", ""field:transitioning"", ""paso9:PROPÓSITO,ACLARA""]"	False
P1300056	1corintios	2	7	2:7	56	1corintios-2-7-P01	implicit-1P	λαλοῦμεν		"[""EXPONE""]"	stable	implicit-1P — λαλοῦμεν	low	"[""verb:λαλοῦμεν"", ""subject:implicit-1P"", ""field:stable"", ""paso9:EXPONE""]"	False
P1300057	1corintios	2	7	2:7	57	1corintios-2-7-P02	implicit-3S	προώρισεν		"[""ACLARA""]"	transitioning	implicit-3S — προώρισεν	low	"[""verb:προώρισεν"", ""subject:implicit-3S"", ""field:transitioning"", ""paso9:ACLARA""]"	False
P1300058	1corintios	2	8	2:8	58	1corintios-2-8-P01	unknown	ἔγνωκεν		"[""EXPONE""]"	stable	sujeto no resuelto — ἔγνωκεν	low	"[""verb:ἔγνωκεν"", ""subject:unknown"", ""field:stable"", ""paso9:EXPONE""]"	False
P1300059	1corintios	2	8	2:8	59	1corintios-2-8-P02	implicit-3P	ἔγνωσαν		"[""ACLARA""]"	recovering	implicit-3P — ἔγνωσαν	low	"[""verb:ἔγνωσαν"", ""subject:implicit-3P"", ""field:recovering"", ""paso9:ACLARA""]"	False
P1300060	1corintios	2	8	2:8	60	1corintios-2-8-P03	implicit-3P	ἐσταύρωσαν		"[""CONDICIÓN"", ""EXPONE""]"	stable	implicit-3P — ἐσταύρωσαν	low	"[""verb:ἐσταύρωσαν"", ""subject:implicit-3P"", ""field:stable"", ""paso9:CONDICIÓN,EXPONE""]"	False
P1300061	1corintios	2	9	2:9	61	1corintios-2-9-P01	implicit-3S	γέγραπται		"[""ACLARA""]"	recovering	implicit-3S — γέγραπται	low	"[""verb:γέγραπται"", ""subject:implicit-3S"", ""field:recovering"", ""paso9:ACLARA""]"	False
P1300062	1corintios	2	9	2:9	62	1corintios-2-9-P02	unknown	εἶδεν		"[""ACLARA"", ""EXPONE""]"	stable	sujeto no resuelto — εἶδεν	low	"[""verb:εἶδεν"", ""subject:unknown"", ""field:stable"", ""paso9:ACLARA,EXPONE""]"	False
P1300063	1corintios	2	9	2:9	63	1corintios-2-9-P03	unknown	ἤκουσεν		"[""EXPONE""]"	stable	sujeto no resuelto — ἤκουσεν	low	"[""verb:ἤκουσεν"", ""subject:unknown"", ""field:stable"", ""paso9:EXPONE""]"	False
P1300064	1corintios	2	9	2:9	64	1corintios-2-9-P04	implicit-3S	ἀνέβη		"[""EXPONE""]"	stable	implicit-3S — ἀνέβη	low	"[""verb:ἀνέβη"", ""subject:implicit-3S"", ""field:stable"", ""paso9:EXPONE""]"	False
P1300065	1corintios	2	9	2:9	65	1corintios-2-9-P05	implicit-3S	ἡτοίμασεν		"[""EXPONE""]"	stable	implicit-3S — ἡτοίμασεν	low	"[""verb:ἡτοίμασεν"", ""subject:implicit-3S"", ""field:stable"", ""paso9:EXPONE""]"	False
P1300066	1corintios	2	10	2:10	66	1corintios-2-10-P01	implicit-3S	ἀπεκάλυψεν		"[""EXPONE""]"	stable	implicit-3S — ἀπεκάλυψεν	low	"[""verb:ἀπεκάλυψεν"", ""subject:implicit-3S"", ""field:stable"", ""paso9:EXPONE""]"	False
P1300067	1corintios	2	10	2:10	67	1corintios-2-10-P02	unknown	ἐραυνᾷ		"[""EXPONE""]"	stable	sujeto no resuelto — ἐραυνᾷ	low	"[""verb:ἐραυνᾷ"", ""subject:unknown"", ""field:stable"", ""paso9:EXPONE""]"	False
P1300068	1corintios	2	11	2:11	68	1corintios-2-11-P01	implicit-3S	οἶδεν		"[""EXPONE""]"	stable	implicit-3S — οἶδεν	low	"[""verb:οἶδεν"", ""subject:implicit-3S"", ""field:stable"", ""paso9:EXPONE""]"	False
P1300069	1corintios	2	11	2:11	69	1corintios-2-11-P02	unknown	ἔγνωκεν		"[""EXPONE""]"	stable	sujeto no resuelto — ἔγνωκεν	low	"[""verb:ἔγνωκεν"", ""subject:unknown"", ""field:stable"", ""paso9:EXPONE""]"	False
P1300070	1corintios	2	12	2:12	70	1corintios-2-12-P01	implicit-1P	ἐλάβομεν		"[""CONDICIÓN"", ""ACLARA""]"	transitioning	implicit-1P — ἐλάβομεν	low	"[""verb:ἐλάβομεν"", ""subject:implicit-1P"", ""field:transitioning"", ""paso9:CONDICIÓN,ACLARA""]"	False
P1300071	1corintios	2	12	2:12	71	1corintios-2-12-P02	implicit-1P	εἰδῶμεν		"[""EXPONE""]"	stable	implicit-1P — εἰδῶμεν	low	"[""verb:εἰδῶμεν"", ""subject:implicit-1P"", ""field:stable"", ""paso9:EXPONE""]"	False
P1300072	1corintios	2	13	2:13	72	1corintios-2-13-P01	implicit-1P	λαλοῦμεν		"[""PROPÓSITO"", ""EXPONE""]"	stable	implicit-1P — λαλοῦμεν	low	"[""verb:λαλοῦμεν"", ""subject:implicit-1P"", ""field:stable"", ""paso9:PROPÓSITO,EXPONE""]"	False
P1300073	1corintios	2	14	2:14	73	1corintios-2-14-P01	unknown	δέχεται		"[""ACLARA""]"	transitioning	sujeto no resuelto — δέχεται	low	"[""verb:δέχεται"", ""subject:unknown"", ""field:transitioning"", ""paso9:ACLARA""]"	False
P1300074	1corintios	2	14	2:14	74	1corintios-2-14-P02	implicit-3S	ἐστίν		"[""EXPONE""]"	stable	implicit-3S — ἐστίν	low	"[""verb:ἐστίν"", ""subject:implicit-3S"", ""field:stable"", ""paso9:EXPONE""]"	False
P1300075	1corintios	2	14	2:14	75	1corintios-2-14-P03	implicit-3S	δύναται		"[""EXPONE""]"	stable	implicit-3S — δύναται	low	"[""verb:δύναται"", ""subject:implicit-3S"", ""field:stable"", ""paso9:EXPONE""]"	False
P1300076	1corintios	2	14	2:14	76	1corintios-2-14-P04	implicit-3S	ἀνακρίνεται		"[""EXPONE""]"	stable	implicit-3S — ἀνακρίνεται	low	"[""verb:ἀνακρίνεται"", ""subject:implicit-3S"", ""field:stable"", ""paso9:EXPONE""]"	False
P1300077	1corintios	2	15	2:15	77	1corintios-2-15-P01	unknown	ἀνακρίνει		"[""RAZÓN"", ""ACLARA"", ""EXPONE""]"	stable	sujeto no resuelto — ἀνακρίνει	low	"[""verb:ἀνακρίνει"", ""subject:unknown"", ""field:stable"", ""paso9:RAZÓN,ACLARA,EXPONE""]"	False
P1300078	1corintios	2	15	2:15	78	1corintios-2-15-P02	implicit-3S	ἀνακρίνεται		"[""EXPONE""]"	stable	implicit-3S — ἀνακρίνεται	low	"[""verb:ἀνακρίνεται"", ""subject:implicit-3S"", ""field:stable"", ""paso9:EXPONE""]"	False
P1300079	1corintios	2	16	2:16	79	1corintios-2-16-P01	implicit-3S	ἔγνω		"[""EXPONE""]"	stable	implicit-3S — ἔγνω	low	"[""verb:ἔγνω"", ""subject:implicit-3S"", ""field:stable"", ""paso9:EXPONE""]"	False
P1300080	1corintios	2	16	2:16	80	1corintios-2-16-P02	unknown	συμβιβάσει		"[""EXPONE""]"	stable	sujeto no resuelto — συμβιβάσει	low	"[""verb:συμβιβάσει"", ""subject:unknown"", ""field:stable"", ""paso9:EXPONE""]"	False
P1300081	1corintios	2	16	2:16	81	1corintios-2-16-P03	implicit-1P	ἔχομεν		"[""ACLARA""]"	unstable	implicit-1P — ἔχομεν	low	"[""verb:ἔχομεν"", ""subject:implicit-1P"", ""field:unstable"", ""paso9:ACLARA""]"	False
P1300082	1corintios	3	1	3:1	82	1corintios-3-1-P01	implicit-1S	ἠδυνήθην		"[""ACLARA""]"	recovering	implicit-1S — ἠδυνήθην	low	"[""verb:ἠδυνήθην"", ""subject:implicit-1S"", ""field:recovering"", ""paso9:ACLARA""]"	False
P1300083	1corintios	3	2	3:2	83	1corintios-3-2-P01	implicit-1S	ἐπότισα		"[""EXPONE""]"	stable	implicit-1S — ἐπότισα	low	"[""verb:ἐπότισα"", ""subject:implicit-1S"", ""field:stable"", ""paso9:EXPONE""]"	False
P1300084	1corintios	3	2	3:2	84	1corintios-3-2-P02	implicit-2P	ἐδύνασθε		"[""ACLARA""]"	transitioning	implicit-2P — ἐδύνασθε	low	"[""verb:ἐδύνασθε"", ""subject:implicit-2P"", ""field:transitioning"", ""paso9:ACLARA""]"	False
P1300085	1corintios	3	2	3:2	85	1corintios-3-2-P03	implicit-2P	δύνασθε		"[""EXPONE""]"	stable	implicit-2P — δύνασθε	low	"[""verb:δύνασθε"", ""subject:implicit-2P"", ""field:stable"", ""paso9:EXPONE""]"	False
P1300086	1corintios	3	3	3:3	86	1corintios-3-3-P01	implicit-2P	ἐστε		"[""EXPONE""]"	stable	implicit-2P — ἐστε	low	"[""verb:ἐστε"", ""subject:implicit-2P"", ""field:stable"", ""paso9:EXPONE""]"	False
P1300087	1corintios	3	3	3:3	87	1corintios-3-3-P02	implicit-2P	ἐστε		"[""EXPONE""]"	stable	implicit-2P — ἐστε	low	"[""verb:ἐστε"", ""subject:implicit-2P"", ""field:stable"", ""paso9:EXPONE""]"	False
P1300088	1corintios	3	3	3:3	88	1corintios-3-3-P03	implicit-2P	περιπατεῖτε		"[""EXPONE""]"	stable	implicit-2P — περιπατεῖτε	low	"[""verb:περιπατεῖτε"", ""subject:implicit-2P"", ""field:stable"", ""paso9:EXPONE""]"	False
P1300089	1corintios	3	4	3:4	89	1corintios-3-4-P01	implicit-3S	λέγῃ		"[""ACLARA""]"	unstable	implicit-3S — λέγῃ	low	"[""verb:λέγῃ"", ""subject:implicit-3S"", ""field:unstable"", ""paso9:ACLARA""]"	False
P1300090	1corintios	3	4	3:4	90	1corintios-3-4-P02	implicit-1S	εἰμι		"[""ACLARA""]"	unstable	implicit-1S — εἰμι	low	"[""verb:εἰμι"", ""subject:implicit-1S"", ""field:unstable"", ""paso9:ACLARA""]"	False
P1300091	1corintios	3	4	3:4	91	1corintios-3-4-P03	implicit-2P	ἐστε		"[""ACLARA""]"	unstable	implicit-2P — ἐστε	low	"[""verb:ἐστε"", ""subject:implicit-2P"", ""field:unstable"", ""paso9:ACLARA""]"	False
P1300092	1corintios	3	5	3:5	92	1corintios-3-5-P01	implicit-3S	ἐστιν		"[""ACLARA""]"	unstable	implicit-3S — ἐστιν	low	"[""verb:ἐστιν"", ""subject:implicit-3S"", ""field:unstable"", ""paso9:ACLARA""]"	False
P1300093	1corintios	3	5	3:5	93	1corintios-3-5-P02	implicit-3S	ἐστιν		"[""EXPONE""]"	stable	implicit-3S — ἐστιν	low	"[""verb:ἐστιν"", ""subject:implicit-3S"", ""field:stable"", ""paso9:EXPONE""]"	False
P1300094	1corintios	3	5	3:5	94	1corintios-3-5-P03	implicit-2P	ἐπιστεύσατε		"[""ACLARA""]"	unstable	implicit-2P — ἐπιστεύσατε	low	"[""verb:ἐπιστεύσατε"", ""subject:implicit-2P"", ""field:unstable"", ""paso9:ACLARA""]"	False
P1300095	1corintios	3	5	3:5	95	1corintios-3-5-P04	unknown	ἔδωκεν		"[""ACLARA""]"	unstable	sujeto no resuelto — ἔδωκεν	low	"[""verb:ἔδωκεν"", ""subject:unknown"", ""field:unstable"", ""paso9:ACLARA""]"	False
P1300096	1corintios	3	6	3:6	96	1corintios-3-6-P01	implicit-1S	ἐφύτευσα		"[""ACLARA""]"	transitioning	implicit-1S — ἐφύτευσα	low	"[""verb:ἐφύτευσα"", ""subject:implicit-1S"", ""field:transitioning"", ""paso9:ACLARA""]"	False
P1300097	1corintios	3	6	3:6	97	1corintios-3-6-P02	unknown	ἐπότισεν		"[""ACLARA""]"	transitioning	sujeto no resuelto — ἐπότισεν	low	"[""verb:ἐπότισεν"", ""subject:unknown"", ""field:transitioning"", ""paso9:ACLARA""]"	False
P1300098	1corintios	3	6	3:6	98	1corintios-3-6-P03	unknown	ηὔξανεν		"[""EXPONE""]"	stable	sujeto no resuelto — ηὔξανεν	low	"[""verb:ηὔξανεν"", ""subject:unknown"", ""field:stable"", ""paso9:EXPONE""]"	False
P1300099	1corintios	3	7	3:7	99	1corintios-3-7-P01	unknown	ἐστίν		"[""RESULTADO"", ""EXPONE""]"	stable	sujeto no resuelto — ἐστίν	low	"[""verb:ἐστίν"", ""subject:unknown"", ""field:stable"", ""paso9:RESULTADO,EXPONE""]"	False
P1300100	1corintios	3	8	3:8	100	1corintios-3-8-P01	implicit-3P	εἰσιν		"[""ACLARA""]"	recovering	implicit-3P — εἰσιν	low	"[""verb:εἰσιν"", ""subject:implicit-3P"", ""field:recovering"", ""paso9:ACLARA""]"	False
P1300101	1corintios	3	8	3:8	101	1corintios-3-8-P02	implicit-3S	λήμψεται		"[""ACLARA""]"	recovering	implicit-3S — λήμψεται	low	"[""verb:λήμψεται"", ""subject:implicit-3S"", ""field:recovering"", ""paso9:ACLARA""]"	False
P1300102	1corintios	3	9	3:9	102	1corintios-3-9-P01	implicit-1P	ἐσμεν		"[""ACLARA""]"	unstable	implicit-1P — ἐσμεν	low	"[""verb:ἐσμεν"", ""subject:implicit-1P"", ""field:unstable"", ""paso9:ACLARA""]"	False
P1300103	1corintios	3	9	3:9	103	1corintios-3-9-P02	implicit-2P	ἐστε		"[""ACLARA""]"	unstable	implicit-2P — ἐστε	low	"[""verb:ἐστε"", ""subject:implicit-2P"", ""field:unstable"", ""paso9:ACLARA""]"	False
P1300104	1corintios	3	10	3:10	104	1corintios-3-10-P01	implicit-1S	ἔθηκα		"[""ACLARA""]"	transitioning	implicit-1S — ἔθηκα	low	"[""verb:ἔθηκα"", ""subject:implicit-1S"", ""field:transitioning"", ""paso9:ACLARA""]"	False
P1300105	1corintios	3	10	3:10	105	1corintios-3-10-P02	implicit-3S	ἐποικοδομεῖ		"[""ACLARA""]"	transitioning	implicit-3S — ἐποικοδομεῖ	low	"[""verb:ἐποικοδομεῖ"", ""subject:implicit-3S"", ""field:transitioning"", ""paso9:ACLARA""]"	False
P1300106	1corintios	3	10	3:10	106	1corintios-3-10-P03	implicit-3S	βλεπέτω		"[""EXPONE""]"	stable	implicit-3S — βλεπέτω	low	"[""verb:βλεπέτω"", ""subject:implicit-3S"", ""field:stable"", ""paso9:EXPONE""]"	False
P1300107	1corintios	3	10	3:10	107	1corintios-3-10-P04	implicit-3S	ἐποικοδομεῖ		"[""EXPONE""]"	stable	implicit-3S — ἐποικοδομεῖ	low	"[""verb:ἐποικοδομεῖ"", ""subject:implicit-3S"", ""field:stable"", ""paso9:EXPONE""]"	False
P1300108	1corintios	3	11	3:11	108	1corintios-3-11-P01	unknown	δύναται		"[""EXPONE""]"	stable	sujeto no resuelto — δύναται	low	"[""verb:δύναται"", ""subject:unknown"", ""field:stable"", ""paso9:EXPONE""]"	False
P1300109	1corintios	3	11	3:11	109	1corintios-3-11-P02	unknown	ἐστιν		"[""EXPONE""]"	stable	sujeto no resuelto — ἐστιν	low	"[""verb:ἐστιν"", ""subject:unknown"", ""field:stable"", ""paso9:EXPONE""]"	False
P1300110	1corintios	3	12	3:12	110	1corintios-3-12-P01	unknown	ἐποικοδομεῖ		"[""EXPONE""]"	stable	sujeto no resuelto — ἐποικοδομεῖ	low	"[""verb:ἐποικοδομεῖ"", ""subject:unknown"", ""field:stable"", ""paso9:EXPONE""]"	False
P1300111	1corintios	3	13	3:13	111	1corintios-3-13-P01	unknown	γενήσεται		"[""CONDICIÓN"", ""EXPONE""]"	stable	sujeto no resuelto — γενήσεται	low	"[""verb:γενήσεται"", ""subject:unknown"", ""field:stable"", ""paso9:CONDICIÓN,EXPONE""]"	False
P1300112	1corintios	3	13	3:13	112	1corintios-3-13-P02	unknown	δηλώσει		"[""EXPONE""]"	stable	sujeto no resuelto — δηλώσει	low	"[""verb:δηλώσει"", ""subject:unknown"", ""field:stable"", ""paso9:EXPONE""]"	False
P1300113	1corintios	3	13	3:13	113	1corintios-3-13-P03	implicit-3S	ἀποκαλύπτεται		"[""EXPONE""]"	stable	implicit-3S — ἀποκαλύπτεται	low	"[""verb:ἀποκαλύπτεται"", ""subject:implicit-3S"", ""field:stable"", ""paso9:EXPONE""]"	False
P1300114	1corintios	3	13	3:13	114	1corintios-3-13-P04	unknown	ἐστιν		"[""RAZÓN"", ""ACLARA"", ""EXPONE""]"	stable	sujeto no resuelto — ἐστιν	low	"[""verb:ἐστιν"", ""subject:unknown"", ""field:stable"", ""paso9:RAZÓN,ACLARA,EXPONE""]"	False
P1300115	1corintios	3	13	3:13	115	1corintios-3-13-P05	unknown	δοκιμάσει		"[""EXPONE""]"	stable	sujeto no resuelto — δοκιμάσει	low	"[""verb:δοκιμάσει"", ""subject:unknown"", ""field:stable"", ""paso9:EXPONE""]"	False
P1300116	1corintios	3	14	3:14	116	1corintios-3-14-P01	unknown	μενεῖ		"[""EXPONE""]"	stable	sujeto no resuelto — μενεῖ	low	"[""verb:μενεῖ"", ""subject:unknown"", ""field:stable"", ""paso9:EXPONE""]"	False
P1300117	1corintios	3	14	3:14	117	1corintios-3-14-P02	implicit-3S	ἐποικοδόμησεν		"[""CONDICIÓN"", ""EXPONE""]"	stable	implicit-3S — ἐποικοδόμησεν	low	"[""verb:ἐποικοδόμησεν"", ""subject:implicit-3S"", ""field:stable"", ""paso9:CONDICIÓN,EXPONE""]"	False
P1300118	1corintios	3	14	3:14	118	1corintios-3-14-P03	implicit-3S	λήμψεται		"[""EXPONE""]"	stable	implicit-3S — λήμψεται	low	"[""verb:λήμψεται"", ""subject:implicit-3S"", ""field:stable"", ""paso9:EXPONE""]"	False
P1300119	1corintios	3	15	3:15	119	1corintios-3-15-P01	unknown	κατακαήσεται		"[""EXPONE""]"	stable	sujeto no resuelto — κατακαήσεται	low	"[""verb:κατακαήσεται"", ""subject:unknown"", ""field:stable"", ""paso9:EXPONE""]"	False
P1300120	1corintios	3	15	3:15	120	1corintios-3-15-P02	implicit-3S	ζημιωθήσεται		"[""CONDICIÓN"", ""EXPONE""]"	stable	implicit-3S — ζημιωθήσεται	low	"[""verb:ζημιωθήσεται"", ""subject:implicit-3S"", ""field:stable"", ""paso9:CONDICIÓN,EXPONE""]"	False
P1300121	1corintios	3	15	3:15	121	1corintios-3-15-P03	implicit-3S	σωθήσεται		"[""EXPONE""]"	stable	implicit-3S — σωθήσεται	low	"[""verb:σωθήσεται"", ""subject:implicit-3S"", ""field:stable"", ""paso9:EXPONE""]"	False
P1300122	1corintios	3	16	3:16	122	1corintios-3-16-P01	implicit-2P	οἴδατε		"[""ACLARA""]"	transitioning	implicit-2P — οἴδατε	low	"[""verb:οἴδατε"", ""subject:implicit-2P"", ""field:transitioning"", ""paso9:ACLARA""]"	False
P1300123	1corintios	3	16	3:16	123	1corintios-3-16-P02	implicit-2P	ἐστε		"[""EXPONE""]"	stable	implicit-2P — ἐστε	low	"[""verb:ἐστε"", ""subject:implicit-2P"", ""field:stable"", ""paso9:EXPONE""]"	False
P1300124	1corintios	3	16	3:16	124	1corintios-3-16-P03	unknown	οἰκεῖ		"[""RAZÓN"", ""ACLARA""]"	transitioning	sujeto no resuelto — οἰκεῖ	low	"[""verb:οἰκεῖ"", ""subject:unknown"", ""field:transitioning"", ""paso9:RAZÓN,ACLARA""]"	False
P1300125	1corintios	3	17	3:17	125	1corintios-3-17-P01	unknown	φθείρει		"[""EXPONE""]"	stable	sujeto no resuelto — φθείρει	low	"[""verb:φθείρει"", ""subject:unknown"", ""field:stable"", ""paso9:EXPONE""]"	False
P1300126	1corintios	3	17	3:17	126	1corintios-3-17-P02	implicit-3S	φθερεῖ		"[""CONDICIÓN"", ""EXPONE""]"	stable	implicit-3S — φθερεῖ	low	"[""verb:φθερεῖ"", ""subject:implicit-3S"", ""field:stable"", ""paso9:CONDICIÓN,EXPONE""]"	False
P1300127	1corintios	3	17	3:17	127	1corintios-3-17-P03	unknown	ἐστιν		"[""EXPONE""]"	stable	sujeto no resuelto — ἐστιν	low	"[""verb:ἐστιν"", ""subject:unknown"", ""field:stable"", ""paso9:EXPONE""]"	False
P1300128	1corintios	3	17	3:17	128	1corintios-3-17-P04	implicit-2P	ἐστε		"[""ACLARA""]"	transitioning	implicit-2P — ἐστε	low	"[""verb:ἐστε"", ""subject:implicit-2P"", ""field:transitioning"", ""paso9:ACLARA""]"	False
P1300129	1corintios	3	18	3:18	129	1corintios-3-18-P01	unknown	ἐξαπατάτω		"[""ACLARA""]"	transitioning	sujeto no resuelto — ἐξαπατάτω	low	"[""verb:ἐξαπατάτω"", ""subject:unknown"", ""field:transitioning"", ""paso9:ACLARA""]"	False
P1300130	1corintios	3	18	3:18	130	1corintios-3-18-P02	unknown	δοκεῖ		"[""EXPONE""]"	stable	sujeto no resuelto — δοκεῖ	low	"[""verb:δοκεῖ"", ""subject:unknown"", ""field:stable"", ""paso9:EXPONE""]"	False
P1300131	1corintios	3	18	3:18	131	1corintios-3-18-P03	unknown	γενέσθω		"[""CONDICIÓN"", ""EXPONE""]"	stable	sujeto no resuelto — γενέσθω	low	"[""verb:γενέσθω"", ""subject:unknown"", ""field:stable"", ""paso9:CONDICIÓN,EXPONE""]"	False
P1300132	1corintios	3	18	3:18	132	1corintios-3-18-P04	implicit-3S	γένηται		"[""EXPONE""]"	stable	implicit-3S — γένηται	low	"[""verb:γένηται"", ""subject:implicit-3S"", ""field:stable"", ""paso9:EXPONE""]"	False
P1300133	1corintios	3	19	3:19	133	1corintios-3-19-P01	unknown	ἐστιν		"[""PROPÓSITO"", ""EXPONE""]"	stable	sujeto no resuelto — ἐστιν	low	"[""verb:ἐστιν"", ""subject:unknown"", ""field:stable"", ""paso9:PROPÓSITO,EXPONE""]"	False
P1300134	1corintios	3	19	3:19	134	1corintios-3-19-P02	implicit-3S	γέγραπται		"[""EXPONE""]"	stable	implicit-3S — γέγραπται	low	"[""verb:γέγραπται"", ""subject:implicit-3S"", ""field:stable"", ""paso9:EXPONE""]"	False
P1300135	1corintios	3	20	3:20	135	1corintios-3-20-P01	unknown	γινώσκει		"[""EXPONE""]"	stable	sujeto no resuelto — γινώσκει	low	"[""verb:γινώσκει"", ""subject:unknown"", ""field:stable"", ""paso9:EXPONE""]"	False
P1300136	1corintios	3	20	3:20	136	1corintios-3-20-P02	implicit-3P	εἰσὶν		"[""ACLARA""]"	recovering	implicit-3P — εἰσὶν	low	"[""verb:εἰσὶν"", ""subject:implicit-3P"", ""field:recovering"", ""paso9:ACLARA""]"	False
P1300137	1corintios	3	21	3:21	137	1corintios-3-21-P01	unknown	καυχάσθω		"[""RAZÓN"", ""ACLARA"", ""RESULTADO""]"	transitioning	sujeto no resuelto — καυχάσθω	low	"[""verb:καυχάσθω"", ""subject:unknown"", ""field:transitioning"", ""paso9:RAZÓN,ACLARA,RESULTADO""]"	False
P1300138	1corintios	3	21	3:21	138	1corintios-3-21-P02	implicit-3S	ἐστιν		"[""EXPONE""]"	stable	implicit-3S — ἐστιν	low	"[""verb:ἐστιν"", ""subject:implicit-3S"", ""field:stable"", ""paso9:EXPONE""]"	False
P1300139	1corintios	4	1	4:1	139	1corintios-4-1-P01	implicit-3S	λογιζέσθω		"[""EXPONE""]"	stable	implicit-3S — λογιζέσθω	low	"[""verb:λογιζέσθω"", ""subject:implicit-3S"", ""field:stable"", ""paso9:EXPONE""]"	False
P1300140	1corintios	4	2	4:2	140	1corintios-4-2-P01	implicit-3S	ζητεῖται		"[""EXPONE""]"	stable	implicit-3S — ζητεῖται	low	"[""verb:ζητεῖται"", ""subject:implicit-3S"", ""field:stable"", ""paso9:EXPONE""]"	False
P1300141	1corintios	4	2	4:2	141	1corintios-4-2-P02	unknown	εὑρεθῇ		"[""EXPONE""]"	stable	sujeto no resuelto — εὑρεθῇ	low	"[""verb:εὑρεθῇ"", ""subject:unknown"", ""field:stable"", ""paso9:EXPONE""]"	False
P1300142	1corintios	4	3	4:3	142	1corintios-4-3-P01	implicit-3S	ἐστιν		"[""PROPÓSITO"", ""EXPONE""]"	stable	implicit-3S — ἐστιν	low	"[""verb:ἐστιν"", ""subject:implicit-3S"", ""field:stable"", ""paso9:PROPÓSITO,EXPONE""]"	False
P1300143	1corintios	4	3	4:3	143	1corintios-4-3-P02	implicit-1S	ἀνακριθῶ		"[""ACLARA""]"	transitioning	implicit-1S — ἀνακριθῶ	low	"[""verb:ἀνακριθῶ"", ""subject:implicit-1S"", ""field:transitioning"", ""paso9:ACLARA""]"	False
P1300144	1corintios	4	3	4:3	144	1corintios-4-3-P03	implicit-1S	ἀνακρίνω		"[""PROPÓSITO"", ""EXPONE""]"	stable	implicit-1S — ἀνακρίνω	low	"[""verb:ἀνακρίνω"", ""subject:implicit-1S"", ""field:stable"", ""paso9:PROPÓSITO,EXPONE""]"	False
P1300145	1corintios	4	4	4:4	145	1corintios-4-4-P01	implicit-1S	σύνοιδα		"[""EXPONE""]"	stable	implicit-1S — σύνοιδα	low	"[""verb:σύνοιδα"", ""subject:implicit-1S"", ""field:stable"", ""paso9:EXPONE""]"	False
P1300146	1corintios	4	4	4:4	146	1corintios-4-4-P02	implicit-1S	δεδικαίωμαι		"[""EXPONE""]"	stable	implicit-1S — δεδικαίωμαι	low	"[""verb:δεδικαίωμαι"", ""subject:implicit-1S"", ""field:stable"", ""paso9:EXPONE""]"	False
P1300147	1corintios	4	4	4:4	147	1corintios-4-4-P03	unknown	ἐστιν		"[""ACLARA""]"	unstable	sujeto no resuelto — ἐστιν	low	"[""verb:ἐστιν"", ""subject:unknown"", ""field:unstable"", ""paso9:ACLARA""]"	False
P1300148	1corintios	4	5	4:5	148	1corintios-4-5-P01	implicit-2P	κρίνετε		"[""RESULTADO"", ""ACLARA""]"	transitioning	implicit-2P — κρίνετε	low	"[""verb:κρίνετε"", ""subject:implicit-2P"", ""field:transitioning"", ""paso9:RESULTADO,ACLARA""]"	False
P1300149	1corintios	4	5	4:5	149	1corintios-4-5-P02	implicit-3S	ἔλθῃ		"[""ACLARA""]"	transitioning	implicit-3S — ἔλθῃ	low	"[""verb:ἔλθῃ"", ""subject:implicit-3S"", ""field:transitioning"", ""paso9:ACLARA""]"	False
P1300150	1corintios	4	5	4:5	150	1corintios-4-5-P03	implicit-3S	φωτίσει		"[""EXPONE""]"	stable	implicit-3S — φωτίσει	low	"[""verb:φωτίσει"", ""subject:implicit-3S"", ""field:stable"", ""paso9:EXPONE""]"	False
P1300151	1corintios	4	5	4:5	151	1corintios-4-5-P04	implicit-3S	φανερώσει		"[""EXPONE""]"	stable	implicit-3S — φανερώσει	low	"[""verb:φανερώσει"", ""subject:implicit-3S"", ""field:stable"", ""paso9:EXPONE""]"	False
P1300152	1corintios	4	5	4:5	152	1corintios-4-5-P05	unknown	γενήσεται		"[""EXPONE""]"	stable	sujeto no resuelto — γενήσεται	low	"[""verb:γενήσεται"", ""subject:unknown"", ""field:stable"", ""paso9:EXPONE""]"	False
P1300153	1corintios	4	6	4:6	153	1corintios-4-6-P01	implicit-1S	μετεσχημάτισα		"[""ACLARA""]"	unstable	implicit-1S — μετεσχημάτισα	low	"[""verb:μετεσχημάτισα"", ""subject:implicit-1S"", ""field:unstable"", ""paso9:ACLARA""]"	False
P1300154	1corintios	4	6	4:6	154	1corintios-4-6-P02	implicit-2P	μάθητε		"[""ACLARA""]"	unstable	implicit-2P — μάθητε	low	"[""verb:μάθητε"", ""subject:implicit-2P"", ""field:unstable"", ""paso9:ACLARA""]"	False
P1300155	1corintios	4	6	4:6	155	1corintios-4-6-P03	implicit-3S	γέγραπται		"[""PROPÓSITO"", ""ACLARA""]"	unstable	implicit-3S — γέγραπται	low	"[""verb:γέγραπται"", ""subject:implicit-3S"", ""field:unstable"", ""paso9:PROPÓSITO,ACLARA""]"	False
P1300156	1corintios	4	6	4:6	156	1corintios-4-6-P04	implicit-2P	φυσιοῦσθε		"[""ACLARA""]"	unstable	implicit-2P — φυσιοῦσθε	low	"[""verb:φυσιοῦσθε"", ""subject:implicit-2P"", ""field:unstable"", ""paso9:ACLARA""]"	False
P1300157	1corintios	4	7	4:7	157	1corintios-4-7-P01	implicit-3S	διακρίνει		"[""PROPÓSITO"", ""ACLARA""]"	transitioning	implicit-3S — διακρίνει	low	"[""verb:διακρίνει"", ""subject:implicit-3S"", ""field:transitioning"", ""paso9:PROPÓSITO,ACLARA""]"	False
P1300158	1corintios	4	7	4:7	158	1corintios-4-7-P02	implicit-2S	ἔχεις		"[""ACLARA""]"	transitioning	implicit-2S — ἔχεις	low	"[""verb:ἔχεις"", ""subject:implicit-2S"", ""field:transitioning"", ""paso9:ACLARA""]"	False
P1300159	1corintios	4	7	4:7	159	1corintios-4-7-P03	implicit-2S	ἔλαβες		"[""EXPONE""]"	stable	implicit-2S — ἔλαβες	low	"[""verb:ἔλαβες"", ""subject:implicit-2S"", ""field:stable"", ""paso9:EXPONE""]"	False
P1300160	1corintios	4	7	4:7	160	1corintios-4-7-P04	implicit-2S	ἔλαβες		"[""EXPONE""]"	stable	implicit-2S — ἔλαβες	low	"[""verb:ἔλαβες"", ""subject:implicit-2S"", ""field:stable"", ""paso9:EXPONE""]"	False
P1300161	1corintios	4	7	4:7	161	1corintios-4-7-P05	implicit-2S	καυχᾶσαι		"[""CONDICIÓN"", ""EXPONE""]"	stable	implicit-2S — καυχᾶσαι	low	"[""verb:καυχᾶσαι"", ""subject:implicit-2S"", ""field:stable"", ""paso9:CONDICIÓN,EXPONE""]"	False
P1300162	1corintios	4	8	4:8	162	1corintios-4-8-P01	implicit-2P	ἐστέ		"[""ACLARA""]"	recovering	implicit-2P — ἐστέ	low	"[""verb:ἐστέ"", ""subject:implicit-2P"", ""field:recovering"", ""paso9:ACLARA""]"	False
P1300163	1corintios	4	8	4:8	163	1corintios-4-8-P02	implicit-2P	ἐπλουτήσατε		"[""EXPONE""]"	stable	implicit-2P — ἐπλουτήσατε	low	"[""verb:ἐπλουτήσατε"", ""subject:implicit-2P"", ""field:stable"", ""paso9:EXPONE""]"	False
P1300164	1corintios	4	8	4:8	164	1corintios-4-8-P03	implicit-2P	ἐβασιλεύσατε		"[""EXPONE""]"	stable	implicit-2P — ἐβασιλεύσατε	low	"[""verb:ἐβασιλεύσατε"", ""subject:implicit-2P"", ""field:stable"", ""paso9:EXPONE""]"	False
P1300165	1corintios	4	8	4:8	165	1corintios-4-8-P04	implicit-2P	ἐβασιλεύσατε		"[""EXPONE""]"	stable	implicit-2P — ἐβασιλεύσατε	low	"[""verb:ἐβασιλεύσατε"", ""subject:implicit-2P"", ""field:stable"", ""paso9:EXPONE""]"	False
P1300166	1corintios	4	8	4:8	166	1corintios-4-8-P05	implicit-1P	συμβασιλεύσωμεν		"[""ACLARA""]"	unstable	implicit-1P — συμβασιλεύσωμεν	low	"[""verb:συμβασιλεύσωμεν"", ""subject:implicit-1P"", ""field:unstable"", ""paso9:ACLARA""]"	False
P1300167	1corintios	4	9	4:9	167	1corintios-4-9-P01	implicit-1S	δοκῶ		"[""PROPÓSITO"", ""ACLARA""]"	recovering	implicit-1S — δοκῶ	low	"[""verb:δοκῶ"", ""subject:implicit-1S"", ""field:recovering"", ""paso9:PROPÓSITO,ACLARA""]"	False
P1300168	1corintios	4	9	4:9	168	1corintios-4-9-P02	unknown	ἀπέδειξεν		"[""ACLARA""]"	transitioning	sujeto no resuelto — ἀπέδειξεν	low	"[""verb:ἀπέδειξεν"", ""subject:unknown"", ""field:transitioning"", ""paso9:ACLARA""]"	False
P1300169	1corintios	4	9	4:9	169	1corintios-4-9-P03	implicit-1P	ἐγενήθημεν		"[""ACLARA""]"	transitioning	implicit-1P — ἐγενήθημεν	low	"[""verb:ἐγενήθημεν"", ""subject:implicit-1P"", ""field:transitioning"", ""paso9:ACLARA""]"	False
P1300170	1corintios	4	11	4:11	170	1corintios-4-11-P01	implicit-1P	πεινῶμεν		"[""ACLARA"", ""RAZÓN"", ""EXPONE""]"	stable	implicit-1P — πεινῶμεν	low	"[""verb:πεινῶμεν"", ""subject:implicit-1P"", ""field:stable"", ""paso9:ACLARA,RAZÓN,EXPONE""]"	False
P1300171	1corintios	4	11	4:11	171	1corintios-4-11-P02	implicit-1P	διψῶμεν		"[""EXPONE""]"	stable	implicit-1P — διψῶμεν	low	"[""verb:διψῶμεν"", ""subject:implicit-1P"", ""field:stable"", ""paso9:EXPONE""]"	False
P1300172	1corintios	4	11	4:11	172	1corintios-4-11-P03	implicit-1P	γυμνιτεύομεν		"[""EXPONE""]"	stable	implicit-1P — γυμνιτεύομεν	low	"[""verb:γυμνιτεύομεν"", ""subject:implicit-1P"", ""field:stable"", ""paso9:EXPONE""]"	False
P1300173	1corintios	4	11	4:11	173	1corintios-4-11-P04	implicit-1P	κολαφιζόμεθα		"[""EXPONE""]"	stable	implicit-1P — κολαφιζόμεθα	low	"[""verb:κολαφιζόμεθα"", ""subject:implicit-1P"", ""field:stable"", ""paso9:EXPONE""]"	False
P1300174	1corintios	4	11	4:11	174	1corintios-4-11-P05	implicit-1P	ἀστατοῦμεν		"[""EXPONE""]"	stable	implicit-1P — ἀστατοῦμεν	low	"[""verb:ἀστατοῦμεν"", ""subject:implicit-1P"", ""field:stable"", ""paso9:EXPONE""]"	False
P1300175	1corintios	4	12	4:12	175	1corintios-4-12-P01	implicit-1P	κοπιῶμεν		"[""EXPONE""]"	stable	implicit-1P — κοπιῶμεν	low	"[""verb:κοπιῶμεν"", ""subject:implicit-1P"", ""field:stable"", ""paso9:EXPONE""]"	False
P1300176	1corintios	4	12	4:12	176	1corintios-4-12-P02	implicit-1P	εὐλογοῦμεν		"[""EXPONE""]"	stable	implicit-1P — εὐλογοῦμεν	low	"[""verb:εὐλογοῦμεν"", ""subject:implicit-1P"", ""field:stable"", ""paso9:EXPONE""]"	False
P1300177	1corintios	4	12	4:12	177	1corintios-4-12-P03	implicit-1P	ἀνεχόμεθα		"[""EXPONE""]"	stable	implicit-1P — ἀνεχόμεθα	low	"[""verb:ἀνεχόμεθα"", ""subject:implicit-1P"", ""field:stable"", ""paso9:EXPONE""]"	False
P1300178	1corintios	4	13	4:13	178	1corintios-4-13-P01	implicit-1P	παρακαλοῦμεν		"[""EXPONE""]"	stable	implicit-1P — παρακαλοῦμεν	low	"[""verb:παρακαλοῦμεν"", ""subject:implicit-1P"", ""field:stable"", ""paso9:EXPONE""]"	False
P1300179	1corintios	4	13	4:13	179	1corintios-4-13-P02	implicit-1P	ἐγενήθημεν		"[""EXPONE""]"	stable	implicit-1P — ἐγενήθημεν	low	"[""verb:ἐγενήθημεν"", ""subject:implicit-1P"", ""field:stable"", ""paso9:EXPONE""]"	False
P1300180	1corintios	4	14	4:14	180	1corintios-4-14-P01	implicit-1S	γράφω		"[""ACLARA""]"	recovering	implicit-1S — γράφω	low	"[""verb:γράφω"", ""subject:implicit-1S"", ""field:recovering"", ""paso9:ACLARA""]"	False
P1300181	1corintios	4	15	4:15	181	1corintios-4-15-P01	implicit-2P	ἔχητε		"[""ACLARA""]"	unstable	implicit-2P — ἔχητε	low	"[""verb:ἔχητε"", ""subject:implicit-2P"", ""field:unstable"", ""paso9:ACLARA""]"	False
P1300182	1corintios	4	15	4:15	182	1corintios-4-15-P02	implicit-1S	ἐγέννησα		"[""CONDICIÓN"", ""ACLARA""]"	unstable	implicit-1S — ἐγέννησα	low	"[""verb:ἐγέννησα"", ""subject:implicit-1S"", ""field:unstable"", ""paso9:CONDICIÓN,ACLARA""]"	False
P1300183	1corintios	4	16	4:16	183	1corintios-4-16-P01	implicit-1S	παρακαλῶ		"[""EXPONE""]"	stable	implicit-1S — παρακαλῶ	low	"[""verb:παρακαλῶ"", ""subject:implicit-1S"", ""field:stable"", ""paso9:EXPONE""]"	False
P1300184	1corintios	4	16	4:16	184	1corintios-4-16-P02	implicit-2P	γίνεσθε		"[""ACLARA""]"	unstable	implicit-2P — γίνεσθε	low	"[""verb:γίνεσθε"", ""subject:implicit-2P"", ""field:unstable"", ""paso9:ACLARA""]"	False
P1300185	1corintios	4	17	4:17	185	1corintios-4-17-P01	implicit-1S	ἔπεμψα		"[""ACLARA""]"	unstable	implicit-1S — ἔπεμψα	low	"[""verb:ἔπεμψα"", ""subject:implicit-1S"", ""field:unstable"", ""paso9:ACLARA""]"	False
P1300186	1corintios	4	17	4:17	186	1corintios-4-17-P02	unknown	ἐστίν		"[""ACLARA""]"	unstable	sujeto no resuelto — ἐστίν	low	"[""verb:ἐστίν"", ""subject:unknown"", ""field:unstable"", ""paso9:ACLARA""]"	False
P1300187	1corintios	4	17	4:17	187	1corintios-4-17-P03	unknown	ἀναμνήσει		"[""EXPONE""]"	stable	sujeto no resuelto — ἀναμνήσει	low	"[""verb:ἀναμνήσει"", ""subject:unknown"", ""field:stable"", ""paso9:EXPONE""]"	False
P1300188	1corintios	4	17	4:17	188	1corintios-4-17-P04	implicit-1S	διδάσκω		"[""ACLARA""]"	unstable	implicit-1S — διδάσκω	low	"[""verb:διδάσκω"", ""subject:implicit-1S"", ""field:unstable"", ""paso9:ACLARA""]"	False
P1300189	1corintios	4	18	4:18	189	1corintios-4-18-P01	implicit-3P	ἐφυσιώθησάν		"[""ACLARA""]"	unstable	implicit-3P — ἐφυσιώθησάν	low	"[""verb:ἐφυσιώθησάν"", ""subject:implicit-3P"", ""field:unstable"", ""paso9:ACLARA""]"	False
P1300190	1corintios	4	19	4:19	190	1corintios-4-19-P01	implicit-1S	ἐλεύσομαι		"[""ACLARA""]"	unstable	implicit-1S — ἐλεύσομαι	low	"[""verb:ἐλεύσομαι"", ""subject:implicit-1S"", ""field:unstable"", ""paso9:ACLARA""]"	False
P1300191	1corintios	4	19	4:19	191	1corintios-4-19-P02	unknown	θελήσῃ		"[""ACLARA""]"	unstable	sujeto no resuelto — θελήσῃ	low	"[""verb:θελήσῃ"", ""subject:unknown"", ""field:unstable"", ""paso9:ACLARA""]"	False
P1300192	1corintios	4	19	4:19	192	1corintios-4-19-P03	implicit-1S	γνώσομαι		"[""CONDICIÓN"", ""ACLARA""]"	unstable	implicit-1S — γνώσομαι	low	"[""verb:γνώσομαι"", ""subject:implicit-1S"", ""field:unstable"", ""paso9:CONDICIÓN,ACLARA""]"	False
P1300193	1corintios	4	21	4:21	193	1corintios-4-21-P01	implicit-2P	θέλετε		"[""ACLARA""]"	unstable	implicit-2P — θέλετε	low	"[""verb:θέλετε"", ""subject:implicit-2P"", ""field:unstable"", ""paso9:ACLARA""]"	False
P1300194	1corintios	4	21	4:21	194	1corintios-4-21-P02	implicit-1S	ἔλθω		"[""ACLARA""]"	unstable	implicit-1S — ἔλθω	low	"[""verb:ἔλθω"", ""subject:implicit-1S"", ""field:unstable"", ""paso9:ACLARA""]"	False
P1300195	1corintios	5	1	5:1	195	1corintios-5-1-P01	implicit-3S	ἀκούεται		"[""ACLARA""]"	unstable	implicit-3S — ἀκούεται	low	"[""verb:ἀκούεται"", ""subject:implicit-3S"", ""field:unstable"", ""paso9:ACLARA""]"	False
P1300196	1corintios	5	2	5:2	196	1corintios-5-2-P01	implicit-2P	ἐστέ		"[""ACLARA""]"	unstable	implicit-2P — ἐστέ	low	"[""verb:ἐστέ"", ""subject:implicit-2P"", ""field:unstable"", ""paso9:ACLARA""]"	False
P1300197	1corintios	5	2	5:2	197	1corintios-5-2-P02	implicit-2P	ἐπενθήσατε		"[""EXPONE""]"	stable	implicit-2P — ἐπενθήσατε	low	"[""verb:ἐπενθήσατε"", ""subject:implicit-2P"", ""field:stable"", ""paso9:EXPONE""]"	False
P1300198	1corintios	5	2	5:2	198	1corintios-5-2-P03	implicit-3S	ἀρθῇ		"[""ACLARA""]"	unstable	implicit-3S — ἀρθῇ	low	"[""verb:ἀρθῇ"", ""subject:implicit-3S"", ""field:unstable"", ""paso9:ACLARA""]"	False
P1300199	1corintios	5	3	5:3	199	1corintios-5-3-P01	implicit-1S	κέκρικα		"[""PROPÓSITO"", ""ACLARA""]"	unstable	implicit-1S — κέκρικα	low	"[""verb:κέκρικα"", ""subject:implicit-1S"", ""field:unstable"", ""paso9:PROPÓSITO,ACLARA""]"	False
P1300200	1corintios	5	5	5:5	200	1corintios-5-5-P01	unknown	σωθῇ		"[""ACLARA""]"	unstable	sujeto no resuelto — σωθῇ	low	"[""verb:σωθῇ"", ""subject:unknown"", ""field:unstable"", ""paso9:ACLARA""]"	False
P1300201	1corintios	5	6	5:6	201	1corintios-5-6-P01	implicit-2P	οἴδατε		"[""PROPÓSITO"", ""ACLARA""]"	unstable	implicit-2P — οἴδατε	low	"[""verb:οἴδατε"", ""subject:implicit-2P"", ""field:unstable"", ""paso9:PROPÓSITO,ACLARA""]"	False
P1300202	1corintios	5	6	5:6	202	1corintios-5-6-P02	unknown	ζυμοῖ		"[""ACLARA""]"	transitioning	sujeto no resuelto — ζυμοῖ	low	"[""verb:ζυμοῖ"", ""subject:unknown"", ""field:transitioning"", ""paso9:ACLARA""]"	False
P1300203	1corintios	5	7	5:7	203	1corintios-5-7-P01	implicit-2P	ἐκκαθάρατε		"[""RAZÓN"", ""ACLARA""]"	transitioning	implicit-2P — ἐκκαθάρατε	low	"[""verb:ἐκκαθάρατε"", ""subject:implicit-2P"", ""field:transitioning"", ""paso9:RAZÓN,ACLARA""]"	False
P1300204	1corintios	5	7	5:7	204	1corintios-5-7-P02	implicit-2P	ἦτε		"[""EXPONE""]"	stable	implicit-2P — ἦτε	low	"[""verb:ἦτε"", ""subject:implicit-2P"", ""field:stable"", ""paso9:EXPONE""]"	False
P1300205	1corintios	5	7	5:7	205	1corintios-5-7-P03	implicit-2P	ἐστε		"[""PROPÓSITO"", ""EXPONE""]"	stable	implicit-2P — ἐστε	low	"[""verb:ἐστε"", ""subject:implicit-2P"", ""field:stable"", ""paso9:PROPÓSITO,EXPONE""]"	False
P1300206	1corintios	5	7	5:7	206	1corintios-5-7-P04	unknown	ἐτύθη		"[""ACLARA""]"	unstable	sujeto no resuelto — ἐτύθη	low	"[""verb:ἐτύθη"", ""subject:unknown"", ""field:unstable"", ""paso9:ACLARA""]"	False
P1300207	1corintios	5	8	5:8	207	1corintios-5-8-P01	implicit-1P	ἑορτάζωμεν		"[""RESULTADO"", ""ACLARA""]"	unstable	implicit-1P — ἑορτάζωμεν	low	"[""verb:ἑορτάζωμεν"", ""subject:implicit-1P"", ""field:unstable"", ""paso9:RESULTADO,ACLARA""]"	False
P1300208	1corintios	5	9	5:9	208	1corintios-5-9-P01	implicit-1S	ἔγραψα		"[""ACLARA""]"	recovering	implicit-1S — ἔγραψα	low	"[""verb:ἔγραψα"", ""subject:implicit-1S"", ""field:recovering"", ""paso9:ACLARA""]"	False
P1300209	1corintios	5	10	5:10	209	1corintios-5-10-P01	implicit-2P	ὠφείλετε		"[""ACLARA""]"	unstable	implicit-2P — ὠφείλετε	low	"[""verb:ὠφείλετε"", ""subject:implicit-2P"", ""field:unstable"", ""paso9:ACLARA""]"	False
P1300210	1corintios	5	11	5:11	210	1corintios-5-11-P01	implicit-1S	ἔγραψα		"[""ACLARA""]"	unstable	implicit-1S — ἔγραψα	low	"[""verb:ἔγραψα"", ""subject:implicit-1S"", ""field:unstable"", ""paso9:ACLARA""]"	False
P1300211	1corintios	5	11	5:11	211	1corintios-5-11-P02	unknown	ᾖ		"[""ACLARA""]"	unstable	sujeto no resuelto — ᾖ	low	"[""verb:ᾖ"", ""subject:unknown"", ""field:unstable"", ""paso9:ACLARA""]"	False
P1300212	1corintios	5	12	5:12	212	1corintios-5-12-P01	implicit-2P	κρίνετε		"[""CONDICIÓN"", ""ACLARA""]"	unstable	implicit-2P — κρίνετε	low	"[""verb:κρίνετε"", ""subject:implicit-2P"", ""field:unstable"", ""paso9:CONDICIÓN,ACLARA""]"	False
P1300213	1corintios	5	13	5:13	213	1corintios-5-13-P01	unknown	κρίνει;		"[""ACLARA""]"	unstable	sujeto no resuelto — κρίνει;	low	"[""verb:κρίνει;"", ""subject:unknown"", ""field:unstable"", ""paso9:ACLARA""]"	False
P1300214	1corintios	5	13	5:13	214	1corintios-5-13-P02	implicit-2P	ἐξάρατε		"[""ACLARA""]"	unstable	implicit-2P — ἐξάρατε	low	"[""verb:ἐξάρατε"", ""subject:implicit-2P"", ""field:unstable"", ""paso9:ACLARA""]"	False
P1300215	1corintios	6	1	6:1	215	1corintios-6-1-P01	implicit-3S	τολμᾷ		"[""ACLARA""]"	unstable	implicit-3S — τολμᾷ	low	"[""verb:τολμᾷ"", ""subject:implicit-3S"", ""field:unstable"", ""paso9:ACLARA""]"	False
P1300216	1corintios	6	2	6:2	216	1corintios-6-2-P01	implicit-2P	οἴδατε		"[""ACLARA""]"	unstable	implicit-2P — οἴδατε	low	"[""verb:οἴδατε"", ""subject:implicit-2P"", ""field:unstable"", ""paso9:ACLARA""]"	False
P1300217	1corintios	6	2	6:2	217	1corintios-6-2-P02	unknown	κρινοῦσιν		"[""ACLARA""]"	unstable	sujeto no resuelto — κρινοῦσιν	low	"[""verb:κρινοῦσιν"", ""subject:unknown"", ""field:unstable"", ""paso9:ACLARA""]"	False
P1300218	1corintios	6	2	6:2	218	1corintios-6-2-P03	implicit-3S	κρίνεται		"[""RAZÓN"", ""ACLARA""]"	recovering	implicit-3S — κρίνεται	low	"[""verb:κρίνεται"", ""subject:implicit-3S"", ""field:recovering"", ""paso9:RAZÓN,ACLARA""]"	False
P1300219	1corintios	6	2	6:2	219	1corintios-6-2-P04	implicit-2P	ἐστε		"[""CONDICIÓN"", ""ACLARA""]"	unstable	implicit-2P — ἐστε	low	"[""verb:ἐστε"", ""subject:implicit-2P"", ""field:unstable"", ""paso9:CONDICIÓN,ACLARA""]"	False
P1300220	1corintios	6	3	6:3	220	1corintios-6-3-P01	implicit-2P	οἴδατε		"[""EXPONE""]"	stable	implicit-2P — οἴδατε	low	"[""verb:οἴδατε"", ""subject:implicit-2P"", ""field:stable"", ""paso9:EXPONE""]"	False
P1300221	1corintios	6	3	6:3	221	1corintios-6-3-P02	implicit-1P	κρινοῦμεν		"[""ACLARA""]"	unstable	implicit-1P — κρινοῦμεν	low	"[""verb:κρινοῦμεν"", ""subject:implicit-1P"", ""field:unstable"", ""paso9:ACLARA""]"	False
P1300222	1corintios	6	4	6:4	222	1corintios-6-4-P01	implicit-2P	ἔχητε		"[""RAZÓN"", ""ACLARA""]"	unstable	implicit-2P — ἔχητε	low	"[""verb:ἔχητε"", ""subject:implicit-2P"", ""field:unstable"", ""paso9:RAZÓN,ACLARA""]"	False
P1300223	1corintios	6	4	6:4	223	1corintios-6-4-P02	implicit-2P	καθίζετε		"[""CONDICIÓN"", ""EXPONE""]"	stable	implicit-2P — καθίζετε	low	"[""verb:καθίζετε"", ""subject:implicit-2P"", ""field:stable"", ""paso9:CONDICIÓN,EXPONE""]"	False
P1300224	1corintios	6	5	6:5	224	1corintios-6-5-P01	implicit-1S	λέγω		"[""ACLARA""]"	transitioning	implicit-1S — λέγω	low	"[""verb:λέγω"", ""subject:implicit-1S"", ""field:transitioning"", ""paso9:ACLARA""]"	False
P1300225	1corintios	6	5	6:5	225	1corintios-6-5-P02	implicit-3S	ἔνι		"[""ACLARA""]"	transitioning	implicit-3S — ἔνι	low	"[""verb:ἔνι"", ""subject:implicit-3S"", ""field:transitioning"", ""paso9:ACLARA""]"	False
P1300226	1corintios	6	5	6:5	226	1corintios-6-5-P03	unknown	δυνήσεται		"[""EXPONE""]"	stable	sujeto no resuelto — δυνήσεται	low	"[""verb:δυνήσεται"", ""subject:unknown"", ""field:stable"", ""paso9:EXPONE""]"	False
P1300227	1corintios	6	6	6:6	227	1corintios-6-6-P01	unknown	κρίνεται		"[""EXPONE""]"	stable	sujeto no resuelto — κρίνεται	low	"[""verb:κρίνεται"", ""subject:unknown"", ""field:stable"", ""paso9:EXPONE""]"	False
P1300228	1corintios	6	7	6:7	228	1corintios-6-7-P01	unknown	ἐστιν		"[""EXPONE""]"	stable	sujeto no resuelto — ἐστιν	low	"[""verb:ἐστιν"", ""subject:unknown"", ""field:stable"", ""paso9:EXPONE""]"	False
P1300229	1corintios	6	7	6:7	229	1corintios-6-7-P02	implicit-2P	ἔχετε		"[""ACLARA""]"	transitioning	implicit-2P — ἔχετε	low	"[""verb:ἔχετε"", ""subject:implicit-2P"", ""field:transitioning"", ""paso9:ACLARA""]"	False
P1300230	1corintios	6	7	6:7	230	1corintios-6-7-P03	implicit-2P	ἀδικεῖσθε		"[""RAZÓN"", ""ACLARA"", ""EXPONE""]"	stable	implicit-2P — ἀδικεῖσθε	low	"[""verb:ἀδικεῖσθε"", ""subject:implicit-2P"", ""field:stable"", ""paso9:RAZÓN,ACLARA,EXPONE""]"	False
P1300231	1corintios	6	7	6:7	231	1corintios-6-7-P04	implicit-2P	ἀποστερεῖσθε		"[""EXPONE""]"	stable	implicit-2P — ἀποστερεῖσθε	low	"[""verb:ἀποστερεῖσθε"", ""subject:implicit-2P"", ""field:stable"", ""paso9:EXPONE""]"	False
P1300232	1corintios	6	8	6:8	232	1corintios-6-8-P01	implicit-2P	ἀδικεῖτε		"[""EXPONE""]"	stable	implicit-2P — ἀδικεῖτε	low	"[""verb:ἀδικεῖτε"", ""subject:implicit-2P"", ""field:stable"", ""paso9:EXPONE""]"	False
P1300233	1corintios	6	8	6:8	233	1corintios-6-8-P02	implicit-2P	ἀποστερεῖτε		"[""EXPONE""]"	stable	implicit-2P — ἀποστερεῖτε	low	"[""verb:ἀποστερεῖτε"", ""subject:implicit-2P"", ""field:stable"", ""paso9:EXPONE""]"	False
P1300234	1corintios	6	9	6:9	234	1corintios-6-9-P01	implicit-2P	οἴδατε		"[""EXPONE""]"	stable	implicit-2P — οἴδατε	low	"[""verb:οἴδατε"", ""subject:implicit-2P"", ""field:stable"", ""paso9:EXPONE""]"	False
P1300235	1corintios	6	9	6:9	235	1corintios-6-9-P02	unknown	κληρονομήσουσιν		"[""ACLARA""]"	unstable	sujeto no resuelto — κληρονομήσουσιν	low	"[""verb:κληρονομήσουσιν"", ""subject:unknown"", ""field:unstable"", ""paso9:ACLARA""]"	False
P1300236	1corintios	6	9	6:9	236	1corintios-6-9-P03	implicit-2P	πλανᾶσθε		"[""RAZÓN"", ""ACLARA""]"	unstable	implicit-2P — πλανᾶσθε	low	"[""verb:πλανᾶσθε"", ""subject:implicit-2P"", ""field:unstable"", ""paso9:RAZÓN,ACLARA""]"	False
P1300237	1corintios	6	10	6:10	237	1corintios-6-10-P01	unknown	κληρονομήσουσιν		"[""ACLARA""]"	transitioning	sujeto no resuelto — κληρονομήσουσιν	low	"[""verb:κληρονομήσουσιν"", ""subject:unknown"", ""field:transitioning"", ""paso9:ACLARA""]"	False
P1300238	1corintios	6	11	6:11	238	1corintios-6-11-P01	implicit-2P	ἦτε		"[""ACLARA""]"	transitioning	implicit-2P — ἦτε	low	"[""verb:ἦτε"", ""subject:implicit-2P"", ""field:transitioning"", ""paso9:ACLARA""]"	False
P1300239	1corintios	6	11	6:11	239	1corintios-6-11-P02	implicit-2P	ἀπελούσασθε		"[""EXPONE""]"	stable	implicit-2P — ἀπελούσασθε	low	"[""verb:ἀπελούσασθε"", ""subject:implicit-2P"", ""field:stable"", ""paso9:EXPONE""]"	False
P1300240	1corintios	6	11	6:11	240	1corintios-6-11-P03	implicit-2P	ἡγιάσθητε		"[""EXPONE""]"	stable	implicit-2P — ἡγιάσθητε	low	"[""verb:ἡγιάσθητε"", ""subject:implicit-2P"", ""field:stable"", ""paso9:EXPONE""]"	False
P1300241	1corintios	6	11	6:11	241	1corintios-6-11-P04	implicit-2P	ἐδικαιώθητε		"[""EXPONE""]"	stable	implicit-2P — ἐδικαιώθητε	low	"[""verb:ἐδικαιώθητε"", ""subject:implicit-2P"", ""field:stable"", ""paso9:EXPONE""]"	False
P1300242	1corintios	6	12	6:12	242	1corintios-6-12-P01	unknown	ἔξεστιν		"[""ACLARA""]"	transitioning	sujeto no resuelto — ἔξεστιν	low	"[""verb:ἔξεστιν"", ""subject:unknown"", ""field:transitioning"", ""paso9:ACLARA""]"	False
P1300243	1corintios	6	12	6:12	243	1corintios-6-12-P02	unknown	συμφέρει		"[""EXPONE""]"	stable	sujeto no resuelto — συμφέρει	low	"[""verb:συμφέρει"", ""subject:unknown"", ""field:stable"", ""paso9:EXPONE""]"	False
P1300244	1corintios	6	12	6:12	244	1corintios-6-12-P03	unknown	ἔξεστιν		"[""EXPONE""]"	stable	sujeto no resuelto — ἔξεστιν	low	"[""verb:ἔξεστιν"", ""subject:unknown"", ""field:stable"", ""paso9:EXPONE""]"	False
P1300245	1corintios	6	12	6:12	245	1corintios-6-12-P04	implicit-1S	ἐξουσιασθήσομαι		"[""ACLARA""]"	transitioning	implicit-1S — ἐξουσιασθήσομαι	low	"[""verb:ἐξουσιασθήσομαι"", ""subject:implicit-1S"", ""field:transitioning"", ""paso9:ACLARA""]"	False
P1300246	1corintios	6	13	6:13	246	1corintios-6-13-P01	implicit-3S	καταργήσει		"[""ACLARA""]"	transitioning	implicit-3S — καταργήσει	low	"[""verb:καταργήσει"", ""subject:implicit-3S"", ""field:transitioning"", ""paso9:ACLARA""]"	False
P1300247	1corintios	6	14	6:14	247	1corintios-6-14-P01	implicit-3S	ἤγειρεν		"[""EXPONE""]"	stable	implicit-3S — ἤγειρεν	low	"[""verb:ἤγειρεν"", ""subject:implicit-3S"", ""field:stable"", ""paso9:EXPONE""]"	False
P1300248	1corintios	6	14	6:14	248	1corintios-6-14-P02	implicit-3S	ἐξεγερεῖ		"[""EXPONE""]"	stable	implicit-3S — ἐξεγερεῖ	low	"[""verb:ἐξεγερεῖ"", ""subject:implicit-3S"", ""field:stable"", ""paso9:EXPONE""]"	False
P1300249	1corintios	6	15	6:15	249	1corintios-6-15-P01	implicit-2P	οἴδατε		"[""ACLARA""]"	unstable	implicit-2P — οἴδατε	low	"[""verb:οἴδατε"", ""subject:implicit-2P"", ""field:unstable"", ""paso9:ACLARA""]"	False
P1300250	1corintios	6	15	6:15	250	1corintios-6-15-P02	unknown	ἐστιν		"[""ACLARA""]"	unstable	sujeto no resuelto — ἐστιν	low	"[""verb:ἐστιν"", ""subject:unknown"", ""field:unstable"", ""paso9:ACLARA""]"	False
P1300251	1corintios	6	15	6:15	251	1corintios-6-15-P03	implicit-1S	ποιήσω		"[""RAZÓN"", ""ACLARA""]"	unstable	implicit-1S — ποιήσω	low	"[""verb:ποιήσω"", ""subject:implicit-1S"", ""field:unstable"", ""paso9:RAZÓN,ACLARA""]"	False
P1300252	1corintios	6	15	6:15	252	1corintios-6-15-P04	implicit-3S	γένοιτο		"[""ACLARA""]"	unstable	implicit-3S — γένοιτο	low	"[""verb:γένοιτο"", ""subject:implicit-3S"", ""field:unstable"", ""paso9:ACLARA""]"	False
P1300253	1corintios	6	16	6:16	253	1corintios-6-16-P01	implicit-2P	οἴδατε		"[""ACLARA""]"	unstable	implicit-2P — οἴδατε	low	"[""verb:οἴδατε"", ""subject:implicit-2P"", ""field:unstable"", ""paso9:ACLARA""]"	False
P1300254	1corintios	6	16	6:16	254	1corintios-6-16-P02	unknown	ἐστιν		"[""ACLARA""]"	unstable	sujeto no resuelto — ἐστιν	low	"[""verb:ἐστιν"", ""subject:unknown"", ""field:unstable"", ""paso9:ACLARA""]"	False
P1300255	1corintios	6	16	6:16	255	1corintios-6-16-P03	implicit-3P	ἔσονται		"[""RAZÓN"", ""ACLARA""]"	recovering	implicit-3P — ἔσονται	low	"[""verb:ἔσονται"", ""subject:implicit-3P"", ""field:recovering"", ""paso9:RAZÓN,ACLARA""]"	False
P1300256	1corintios	6	16	6:16	256	1corintios-6-16-P04	implicit-3S	φησίν		"[""ACLARA""]"	recovering	implicit-3S — φησίν	low	"[""verb:φησίν"", ""subject:implicit-3S"", ""field:recovering"", ""paso9:ACLARA""]"	False
P1300257	1corintios	6	17	6:17	257	1corintios-6-17-P01	unknown	ἐστιν		"[""EXPONE""]"	stable	sujeto no resuelto — ἐστιν	low	"[""verb:ἐστιν"", ""subject:unknown"", ""field:stable"", ""paso9:EXPONE""]"	False
P1300258	1corintios	6	18	6:18	258	1corintios-6-18-P01	implicit-2P	φεύγετε		"[""ACLARA""]"	transitioning	implicit-2P — φεύγετε	low	"[""verb:φεύγετε"", ""subject:implicit-2P"", ""field:transitioning"", ""paso9:ACLARA""]"	False
P1300259	1corintios	6	18	6:18	259	1corintios-6-18-P02	unknown	ποιήσῃ		"[""ACLARA""]"	transitioning	sujeto no resuelto — ποιήσῃ	low	"[""verb:ποιήσῃ"", ""subject:unknown"", ""field:transitioning"", ""paso9:ACLARA""]"	False
P1300260	1corintios	6	18	6:18	260	1corintios-6-18-P03	unknown	ἐστιν		"[""CONDICIÓN"", ""EXPONE""]"	stable	sujeto no resuelto — ἐστιν	low	"[""verb:ἐστιν"", ""subject:unknown"", ""field:stable"", ""paso9:CONDICIÓN,EXPONE""]"	False
P1300261	1corintios	6	18	6:18	261	1corintios-6-18-P04	implicit-3S	ἁμαρτάνει		"[""EXPONE""]"	stable	implicit-3S — ἁμαρτάνει	low	"[""verb:ἁμαρτάνει"", ""subject:implicit-3S"", ""field:stable"", ""paso9:EXPONE""]"	False
P1300262	1corintios	6	19	6:19	262	1corintios-6-19-P01	implicit-2P	οἴδατε		"[""ACLARA""]"	unstable	implicit-2P — οἴδατε	low	"[""verb:οἴδατε"", ""subject:implicit-2P"", ""field:unstable"", ""paso9:ACLARA""]"	False
P1300263	1corintios	6	19	6:19	263	1corintios-6-19-P02	unknown	ἐστιν		"[""ACLARA""]"	transitioning	sujeto no resuelto — ἐστιν	low	"[""verb:ἐστιν"", ""subject:unknown"", ""field:transitioning"", ""paso9:ACLARA""]"	False
P1300264	1corintios	6	19	6:19	264	1corintios-6-19-P03	implicit-2P	ἔχετε		"[""RAZÓN"", ""ACLARA""]"	transitioning	implicit-2P — ἔχετε	low	"[""verb:ἔχετε"", ""subject:implicit-2P"", ""field:transitioning"", ""paso9:RAZÓN,ACLARA""]"	False
P1300265	1corintios	6	19	6:19	265	1corintios-6-19-P04	implicit-2P	ἐστὲ		"[""EXPONE""]"	stable	implicit-2P — ἐστὲ	low	"[""verb:ἐστὲ"", ""subject:implicit-2P"", ""field:stable"", ""paso9:EXPONE""]"	False
P1300266	1corintios	6	20	6:20	266	1corintios-6-20-P01	implicit-2P	ἠγοράσθητε		"[""EXPONE""]"	stable	implicit-2P — ἠγοράσθητε	low	"[""verb:ἠγοράσθητε"", ""subject:implicit-2P"", ""field:stable"", ""paso9:EXPONE""]"	False
P1300267	1corintios	6	20	6:20	267	1corintios-6-20-P02	implicit-2P	δοξάσατε		"[""EXPONE""]"	stable	implicit-2P — δοξάσατε	low	"[""verb:δοξάσατε"", ""subject:implicit-2P"", ""field:stable"", ""paso9:EXPONE""]"	False
P1300268	1corintios	7	1	7:1	268	1corintios-7-1-P01	implicit-2P	ἐγράψατε		"[""EXPONE""]"	stable	implicit-2P — ἐγράψατε	low	"[""verb:ἐγράψατε"", ""subject:implicit-2P"", ""field:stable"", ""paso9:EXPONE""]"	False
P1300269	1corintios	7	2	7:2	269	1corintios-7-2-P01	unknown	ἐχέτω		"[""ACLARA""]"	transitioning	sujeto no resuelto — ἐχέτω	low	"[""verb:ἐχέτω"", ""subject:unknown"", ""field:transitioning"", ""paso9:ACLARA""]"	False
P1300270	1corintios	7	2	7:2	270	1corintios-7-2-P02	unknown	ἐχέτω		"[""EXPONE""]"	stable	sujeto no resuelto — ἐχέτω	low	"[""verb:ἐχέτω"", ""subject:unknown"", ""field:stable"", ""paso9:EXPONE""]"	False
P1300271	1corintios	7	3	7:3	271	1corintios-7-3-P01	unknown	ἀποδιδότω		"[""EXPONE""]"	stable	sujeto no resuelto — ἀποδιδότω	low	"[""verb:ἀποδιδότω"", ""subject:unknown"", ""field:stable"", ""paso9:EXPONE""]"	False
P1300272	1corintios	7	4	7:4	272	1corintios-7-4-P01	unknown	ἐξουσιάζει		"[""EXPONE""]"	stable	sujeto no resuelto — ἐξουσιάζει	low	"[""verb:ἐξουσιάζει"", ""subject:unknown"", ""field:stable"", ""paso9:EXPONE""]"	False
P1300273	1corintios	7	4	7:4	273	1corintios-7-4-P02	unknown	ἐξουσιάζει		"[""EXPONE""]"	stable	sujeto no resuelto — ἐξουσιάζει	low	"[""verb:ἐξουσιάζει"", ""subject:unknown"", ""field:stable"", ""paso9:EXPONE""]"	False
P1300274	1corintios	7	5	7:5	274	1corintios-7-5-P01	implicit-2P	ἀποστερεῖτε		"[""ACLARA""]"	transitioning	implicit-2P — ἀποστερεῖτε	low	"[""verb:ἀποστερεῖτε"", ""subject:implicit-2P"", ""field:transitioning"", ""paso9:ACLARA""]"	False
P1300275	1corintios	7	5	7:5	275	1corintios-7-5-P02	implicit-2P	σχολάσητε		"[""EXPONE""]"	stable	implicit-2P — σχολάσητε	low	"[""verb:σχολάσητε"", ""subject:implicit-2P"", ""field:stable"", ""paso9:EXPONE""]"	False
P1300276	1corintios	7	5	7:5	276	1corintios-7-5-P03	implicit-2P	ἦτε		"[""CONDICIÓN"", ""PROPÓSITO"", ""EXPONE""]"	stable	implicit-2P — ἦτε	low	"[""verb:ἦτε"", ""subject:implicit-2P"", ""field:stable"", ""paso9:CONDICIÓN,PROPÓSITO,EXPONE""]"	False
P1300277	1corintios	7	5	7:5	277	1corintios-7-5-P04	implicit-3S	πειράζῃ		"[""ACLARA""]"	unstable	implicit-3S — πειράζῃ	low	"[""verb:πειράζῃ"", ""subject:implicit-3S"", ""field:unstable"", ""paso9:ACLARA""]"	False
P1300278	1corintios	7	6	7:6	278	1corintios-7-6-P01	implicit-1S	λέγω		"[""PROPÓSITO"", ""ACLARA""]"	unstable	implicit-1S — λέγω	low	"[""verb:λέγω"", ""subject:implicit-1S"", ""field:unstable"", ""paso9:PROPÓSITO,ACLARA""]"	False
P1300279	1corintios	7	7	7:7	279	1corintios-7-7-P01	implicit-1S	θέλω		"[""EXPONE""]"	stable	implicit-1S — θέλω	low	"[""verb:θέλω"", ""subject:implicit-1S"", ""field:stable"", ""paso9:EXPONE""]"	False
P1300280	1corintios	7	7	7:7	280	1corintios-7-7-P02	unknown	ἔχει		"[""ACLARA""]"	unstable	sujeto no resuelto — ἔχει	low	"[""verb:ἔχει"", ""subject:unknown"", ""field:unstable"", ""paso9:ACLARA""]"	False
P1300281	1corintios	7	8	7:8	281	1corintios-7-8-P01	implicit-1S	λέγω		"[""ACLARA""]"	transitioning	implicit-1S — λέγω	low	"[""verb:λέγω"", ""subject:implicit-1S"", ""field:transitioning"", ""paso9:ACLARA""]"	False
P1300282	1corintios	7	8	7:8	282	1corintios-7-8-P02	implicit-3P	μείνωσιν		"[""ACLARA""]"	transitioning	implicit-3P — μείνωσιν	low	"[""verb:μείνωσιν"", ""subject:implicit-3P"", ""field:transitioning"", ""paso9:ACLARA""]"	False
P1300283	1corintios	7	9	7:9	283	1corintios-7-9-P01	implicit-3P	ἐγκρατεύονται		"[""CONDICIÓN"", ""EXPONE""]"	stable	implicit-3P — ἐγκρατεύονται	low	"[""verb:ἐγκρατεύονται"", ""subject:implicit-3P"", ""field:stable"", ""paso9:CONDICIÓN,EXPONE""]"	False
P1300284	1corintios	7	9	7:9	284	1corintios-7-9-P02	implicit-3P	γαμησάτωσαν		"[""CONDICIÓN"", ""EXPONE""]"	stable	implicit-3P — γαμησάτωσαν	low	"[""verb:γαμησάτωσαν"", ""subject:implicit-3P"", ""field:stable"", ""paso9:CONDICIÓN,EXPONE""]"	False
P1300285	1corintios	7	9	7:9	285	1corintios-7-9-P03	implicit-3S	ἐστιν		"[""ACLARA""]"	recovering	implicit-3S — ἐστιν	low	"[""verb:ἐστιν"", ""subject:implicit-3S"", ""field:recovering"", ""paso9:ACLARA""]"	False
P1300286	1corintios	7	10	7:10	286	1corintios-7-10-P01	implicit-1S	παραγγέλλω		"[""ACLARA""]"	transitioning	implicit-1S — παραγγέλλω	low	"[""verb:παραγγέλλω"", ""subject:implicit-1S"", ""field:transitioning"", ""paso9:ACLARA""]"	False
P1300287	1corintios	7	11	7:11	287	1corintios-7-11-P01	implicit-3S	χωρισθῇ		"[""ACLARA""]"	transitioning	implicit-3S — χωρισθῇ	low	"[""verb:χωρισθῇ"", ""subject:implicit-3S"", ""field:transitioning"", ""paso9:ACLARA""]"	False
P1300288	1corintios	7	11	7:11	288	1corintios-7-11-P02	implicit-3S	μενέτω		"[""CONDICIÓN"", ""EXPONE""]"	stable	implicit-3S — μενέτω	low	"[""verb:μενέτω"", ""subject:implicit-3S"", ""field:stable"", ""paso9:CONDICIÓN,EXPONE""]"	False
P1300289	1corintios	7	11	7:11	289	1corintios-7-11-P03	implicit-3S	καταλλαγήτω—		"[""EXPONE""]"	stable	implicit-3S — καταλλαγήτω—	low	"[""verb:καταλλαγήτω—"", ""subject:implicit-3S"", ""field:stable"", ""paso9:EXPONE""]"	False
P1300290	1corintios	7	12	7:12	290	1corintios-7-12-P01	implicit-1S	λέγω		"[""ACLARA""]"	transitioning	implicit-1S — λέγω	low	"[""verb:λέγω"", ""subject:implicit-1S"", ""field:transitioning"", ""paso9:ACLARA""]"	False
P1300291	1corintios	7	12	7:12	291	1corintios-7-12-P02	unknown	ἔχει		"[""ACLARA""]"	transitioning	sujeto no resuelto — ἔχει	low	"[""verb:ἔχει"", ""subject:unknown"", ""field:transitioning"", ""paso9:ACLARA""]"	False
P1300292	1corintios	7	12	7:12	292	1corintios-7-12-P03	unknown	συνευδοκεῖ		"[""CONDICIÓN"", ""EXPONE""]"	stable	sujeto no resuelto — συνευδοκεῖ	low	"[""verb:συνευδοκεῖ"", ""subject:unknown"", ""field:stable"", ""paso9:CONDICIÓN,EXPONE""]"	False
P1300293	1corintios	7	12	7:12	293	1corintios-7-12-P04	implicit-3S	ἀφιέτω		"[""EXPONE""]"	stable	implicit-3S — ἀφιέτω	low	"[""verb:ἀφιέτω"", ""subject:implicit-3S"", ""field:stable"", ""paso9:EXPONE""]"	False
P1300294	1corintios	7	13	7:13	294	1corintios-7-13-P01	unknown	ἔχει		"[""EXPONE""]"	stable	sujeto no resuelto — ἔχει	low	"[""verb:ἔχει"", ""subject:unknown"", ""field:stable"", ""paso9:EXPONE""]"	False
P1300295	1corintios	7	13	7:13	295	1corintios-7-13-P02	unknown	συνευδοκεῖ		"[""CONDICIÓN"", ""EXPONE""]"	stable	sujeto no resuelto — συνευδοκεῖ	low	"[""verb:συνευδοκεῖ"", ""subject:unknown"", ""field:stable"", ""paso9:CONDICIÓN,EXPONE""]"	False
P1300296	1corintios	7	13	7:13	296	1corintios-7-13-P03	implicit-3S	ἀφιέτω		"[""EXPONE""]"	stable	implicit-3S — ἀφιέτω	low	"[""verb:ἀφιέτω"", ""subject:implicit-3S"", ""field:stable"", ""paso9:EXPONE""]"	False
P1300297	1corintios	7	14	7:14	297	1corintios-7-14-P01	implicit-3S	ἡγίασται		"[""EXPONE""]"	stable	implicit-3S — ἡγίασται	low	"[""verb:ἡγίασται"", ""subject:implicit-3S"", ""field:stable"", ""paso9:EXPONE""]"	False
P1300298	1corintios	7	14	7:14	298	1corintios-7-14-P02	implicit-3S	ἡγίασται		"[""EXPONE""]"	stable	implicit-3S — ἡγίασται	low	"[""verb:ἡγίασται"", ""subject:implicit-3S"", ""field:stable"", ""paso9:EXPONE""]"	False
P1300299	1corintios	7	14	7:14	299	1corintios-7-14-P03	unknown	ἐστιν		"[""EXPONE""]"	stable	sujeto no resuelto — ἐστιν	low	"[""verb:ἐστιν"", ""subject:unknown"", ""field:stable"", ""paso9:EXPONE""]"	False
P1300300	1corintios	7	14	7:14	300	1corintios-7-14-P04	unknown	ἐστιν		"[""EXPONE""]"	stable	sujeto no resuelto — ἐστιν	low	"[""verb:ἐστιν"", ""subject:unknown"", ""field:stable"", ""paso9:EXPONE""]"	False
P1300301	1corintios	7	15	7:15	301	1corintios-7-15-P01	unknown	χωρίζεται		"[""EXPONE""]"	stable	sujeto no resuelto — χωρίζεται	low	"[""verb:χωρίζεται"", ""subject:unknown"", ""field:stable"", ""paso9:EXPONE""]"	False
P1300302	1corintios	7	15	7:15	302	1corintios-7-15-P02	implicit-3S	χωριζέσθω		"[""CONDICIÓN"", ""EXPONE""]"	stable	implicit-3S — χωριζέσθω	low	"[""verb:χωριζέσθω"", ""subject:implicit-3S"", ""field:stable"", ""paso9:CONDICIÓN,EXPONE""]"	False
P1300303	1corintios	7	15	7:15	303	1corintios-7-15-P03	implicit-3S	δεδούλωται		"[""EXPONE""]"	stable	implicit-3S — δεδούλωται	low	"[""verb:δεδούλωται"", ""subject:implicit-3S"", ""field:stable"", ""paso9:EXPONE""]"	False
P1300304	1corintios	7	15	7:15	304	1corintios-7-15-P04	implicit-3S	κέκληκεν		"[""EXPONE""]"	stable	implicit-3S — κέκληκεν	low	"[""verb:κέκληκεν"", ""subject:implicit-3S"", ""field:stable"", ""paso9:EXPONE""]"	False
P1300305	1corintios	7	16	7:16	305	1corintios-7-16-P01	implicit-2S	οἶδας		"[""ACLARA""]"	transitioning	implicit-2S — οἶδας	low	"[""verb:οἶδας"", ""subject:implicit-2S"", ""field:transitioning"", ""paso9:ACLARA""]"	False
P1300306	1corintios	7	16	7:16	306	1corintios-7-16-P02	implicit-2S	σώσεις		"[""EXPONE""]"	stable	implicit-2S — σώσεις	low	"[""verb:σώσεις"", ""subject:implicit-2S"", ""field:stable"", ""paso9:EXPONE""]"	False
P1300307	1corintios	7	16	7:16	307	1corintios-7-16-P03	implicit-2S	οἶδας		"[""CONDICIÓN"", ""EXPONE""]"	stable	implicit-2S — οἶδας	low	"[""verb:οἶδας"", ""subject:implicit-2S"", ""field:stable"", ""paso9:CONDICIÓN,EXPONE""]"	False
P1300308	1corintios	7	16	7:16	308	1corintios-7-16-P04	implicit-2S	σώσεις		"[""EXPONE""]"	stable	implicit-2S — σώσεις	low	"[""verb:σώσεις"", ""subject:implicit-2S"", ""field:stable"", ""paso9:EXPONE""]"	False
P1300309	1corintios	7	17	7:17	309	1corintios-7-17-P01	implicit-3S	ἐμέρισεν		"[""CONDICIÓN"", ""ACLARA""]"	transitioning	implicit-3S — ἐμέρισεν	low	"[""verb:ἐμέρισεν"", ""subject:implicit-3S"", ""field:transitioning"", ""paso9:CONDICIÓN,ACLARA""]"	False
P1300310	1corintios	7	17	7:17	310	1corintios-7-17-P02	unknown	κέκληκεν		"[""CONDICIÓN"", ""ACLARA"", ""EXPONE""]"	stable	sujeto no resuelto — κέκληκεν	low	"[""verb:κέκληκεν"", ""subject:unknown"", ""field:stable"", ""paso9:CONDICIÓN,ACLARA,EXPONE""]"	False
P1300311	1corintios	7	17	7:17	311	1corintios-7-17-P03	unknown	περιπατείτω		"[""ACLARA"", ""EXPONE""]"	stable	sujeto no resuelto — περιπατείτω	low	"[""verb:περιπατείτω"", ""subject:unknown"", ""field:stable"", ""paso9:ACLARA,EXPONE""]"	False
P1300312	1corintios	7	17	7:17	312	1corintios-7-17-P04	implicit-1S	διατάσσομαι		"[""ACLARA""]"	transitioning	implicit-1S — διατάσσομαι	low	"[""verb:διατάσσομαι"", ""subject:implicit-1S"", ""field:transitioning"", ""paso9:ACLARA""]"	False
P1300313	1corintios	7	18	7:18	313	1corintios-7-18-P01	unknown	ἐκλήθη;		"[""ACLARA""]"	transitioning	sujeto no resuelto — ἐκλήθη;	low	"[""verb:ἐκλήθη;"", ""subject:unknown"", ""field:transitioning"", ""paso9:ACLARA""]"	False
P1300314	1corintios	7	18	7:18	314	1corintios-7-18-P02	implicit-3S	ἐπισπάσθω		"[""EXPONE""]"	stable	implicit-3S — ἐπισπάσθω	low	"[""verb:ἐπισπάσθω"", ""subject:implicit-3S"", ""field:stable"", ""paso9:EXPONE""]"	False
P1300315	1corintios	7	18	7:18	315	1corintios-7-18-P03	implicit-3S	κέκληταί		"[""EXPONE""]"	stable	implicit-3S — κέκληταί	low	"[""verb:κέκληταί"", ""subject:implicit-3S"", ""field:stable"", ""paso9:EXPONE""]"	False
P1300316	1corintios	7	18	7:18	316	1corintios-7-18-P04	unknown	περιτεμνέσθω		"[""EXPONE""]"	stable	sujeto no resuelto — περιτεμνέσθω	low	"[""verb:περιτεμνέσθω"", ""subject:unknown"", ""field:stable"", ""paso9:EXPONE""]"	False
P1300317	1corintios	7	19	7:19	317	1corintios-7-19-P01	unknown	ἐστιν		"[""EXPONE""]"	stable	sujeto no resuelto — ἐστιν	low	"[""verb:ἐστιν"", ""subject:unknown"", ""field:stable"", ""paso9:EXPONE""]"	False
P1300318	1corintios	7	19	7:19	318	1corintios-7-19-P02	unknown	ἐστιν		"[""EXPONE""]"	stable	sujeto no resuelto — ἐστιν	low	"[""verb:ἐστιν"", ""subject:unknown"", ""field:stable"", ""paso9:EXPONE""]"	False
P1300319	1corintios	7	20	7:20	319	1corintios-7-20-P01	implicit-3S	ἐκλήθη		"[""EXPONE""]"	stable	implicit-3S — ἐκλήθη	low	"[""verb:ἐκλήθη"", ""subject:implicit-3S"", ""field:stable"", ""paso9:EXPONE""]"	False
P1300320	1corintios	7	20	7:20	320	1corintios-7-20-P02	implicit-3S	μενέτω		"[""EXPONE""]"	stable	implicit-3S — μενέτω	low	"[""verb:μενέτω"", ""subject:implicit-3S"", ""field:stable"", ""paso9:EXPONE""]"	False
P1300321	1corintios	7	21	7:21	321	1corintios-7-21-P01	implicit-2S	ἐκλήθης;		"[""ACLARA""]"	unstable	implicit-2S — ἐκλήθης;	low	"[""verb:ἐκλήθης;"", ""subject:implicit-2S"", ""field:unstable"", ""paso9:ACLARA""]"	False
P1300322	1corintios	7	21	7:21	322	1corintios-7-21-P02	implicit-3S	μελέτω		"[""ACLARA""]"	unstable	implicit-3S — μελέτω	low	"[""verb:μελέτω"", ""subject:implicit-3S"", ""field:unstable"", ""paso9:ACLARA""]"	False
P1300323	1corintios	7	21	7:21	323	1corintios-7-21-P03	implicit-2S	δύνασαι		"[""ACLARA""]"	transitioning	implicit-2S — δύνασαι	low	"[""verb:δύνασαι"", ""subject:implicit-2S"", ""field:transitioning"", ""paso9:ACLARA""]"	False
P1300324	1corintios	7	21	7:21	324	1corintios-7-21-P04	implicit-2S	χρῆσαι		"[""CONDICIÓN"", ""EXPONE""]"	stable	implicit-2S — χρῆσαι	low	"[""verb:χρῆσαι"", ""subject:implicit-2S"", ""field:stable"", ""paso9:CONDICIÓN,EXPONE""]"	False
P1300325	1corintios	7	22	7:22	325	1corintios-7-22-P01	unknown	ἐστίν		"[""ACLARA""]"	transitioning	sujeto no resuelto — ἐστίν	low	"[""verb:ἐστίν"", ""subject:unknown"", ""field:transitioning"", ""paso9:ACLARA""]"	False
P1300326	1corintios	7	22	7:22	326	1corintios-7-22-P02	unknown	ἐστιν		"[""EXPONE""]"	stable	sujeto no resuelto — ἐστιν	low	"[""verb:ἐστιν"", ""subject:unknown"", ""field:stable"", ""paso9:EXPONE""]"	False
P1300327	1corintios	7	23	7:23	327	1corintios-7-23-P01	implicit-2P	ἠγοράσθητε		"[""ACLARA""]"	transitioning	implicit-2P — ἠγοράσθητε	low	"[""verb:ἠγοράσθητε"", ""subject:implicit-2P"", ""field:transitioning"", ""paso9:ACLARA""]"	False
P1300328	1corintios	7	23	7:23	328	1corintios-7-23-P02	implicit-2P	γίνεσθε		"[""EXPONE""]"	stable	implicit-2P — γίνεσθε	low	"[""verb:γίνεσθε"", ""subject:implicit-2P"", ""field:stable"", ""paso9:EXPONE""]"	False
P1300329	1corintios	7	24	7:24	329	1corintios-7-24-P01	unknown	ἐκλήθη		"[""ACLARA""]"	transitioning	sujeto no resuelto — ἐκλήθη	low	"[""verb:ἐκλήθη"", ""subject:unknown"", ""field:transitioning"", ""paso9:ACLARA""]"	False
P1300330	1corintios	7	24	7:24	330	1corintios-7-24-P02	implicit-3S	μενέτω		"[""EXPONE""]"	stable	implicit-3S — μενέτω	low	"[""verb:μενέτω"", ""subject:implicit-3S"", ""field:stable"", ""paso9:EXPONE""]"	False
P1300331	1corintios	7	25	7:25	331	1corintios-7-25-P01	implicit-1S	ἔχω		"[""ACLARA""]"	transitioning	implicit-1S — ἔχω	low	"[""verb:ἔχω"", ""subject:implicit-1S"", ""field:transitioning"", ""paso9:ACLARA""]"	False
P1300332	1corintios	7	25	7:25	332	1corintios-7-25-P02	implicit-1S	δίδωμι		"[""EXPONE""]"	stable	implicit-1S — δίδωμι	low	"[""verb:δίδωμι"", ""subject:implicit-1S"", ""field:stable"", ""paso9:EXPONE""]"	False
P1300333	1corintios	7	26	7:26	333	1corintios-7-26-P01	implicit-1S	νομίζω		"[""EXPONE""]"	stable	implicit-1S — νομίζω	low	"[""verb:νομίζω"", ""subject:implicit-1S"", ""field:stable"", ""paso9:EXPONE""]"	False
P1300334	1corintios	7	27	7:27	334	1corintios-7-27-P01	implicit-2S	δέδεσαι		"[""ACLARA""]"	transitioning	implicit-2S — δέδεσαι	low	"[""verb:δέδεσαι"", ""subject:implicit-2S"", ""field:transitioning"", ""paso9:ACLARA""]"	False
P1300335	1corintios	7	27	7:27	335	1corintios-7-27-P02	implicit-2S	ζήτει		"[""EXPONE""]"	stable	implicit-2S — ζήτει	low	"[""verb:ζήτει"", ""subject:implicit-2S"", ""field:stable"", ""paso9:EXPONE""]"	False
P1300336	1corintios	7	27	7:27	336	1corintios-7-27-P03	implicit-2S	λέλυσαι		"[""EXPONE""]"	stable	implicit-2S — λέλυσαι	low	"[""verb:λέλυσαι"", ""subject:implicit-2S"", ""field:stable"", ""paso9:EXPONE""]"	False
P1300337	1corintios	7	27	7:27	337	1corintios-7-27-P04	implicit-2S	ζήτει		"[""EXPONE""]"	stable	implicit-2S — ζήτει	low	"[""verb:ζήτει"", ""subject:implicit-2S"", ""field:stable"", ""paso9:EXPONE""]"	False
P1300338	1corintios	7	28	7:28	338	1corintios-7-28-P01	implicit-2S	γαμήσῃς		"[""EXPONE""]"	stable	implicit-2S — γαμήσῃς	low	"[""verb:γαμήσῃς"", ""subject:implicit-2S"", ""field:stable"", ""paso9:EXPONE""]"	False
P1300339	1corintios	7	28	7:28	339	1corintios-7-28-P02	implicit-2S	ἥμαρτες		"[""CONDICIÓN"", ""EXPONE""]"	stable	implicit-2S — ἥμαρτες	low	"[""verb:ἥμαρτες"", ""subject:implicit-2S"", ""field:stable"", ""paso9:CONDICIÓN,EXPONE""]"	False
P1300340	1corintios	7	28	7:28	340	1corintios-7-28-P03	implicit-3S	γήμῃ		"[""ACLARA""]"	unstable	implicit-3S — γήμῃ	low	"[""verb:γήμῃ"", ""subject:implicit-3S"", ""field:unstable"", ""paso9:ACLARA""]"	False
P1300341	1corintios	7	28	7:28	341	1corintios-7-28-P04	unknown	ἥμαρτεν		"[""CONDICIÓN"", ""EXPONE""]"	stable	sujeto no resuelto — ἥμαρτεν	low	"[""verb:ἥμαρτεν"", ""subject:unknown"", ""field:stable"", ""paso9:CONDICIÓN,EXPONE""]"	False
P1300342	1corintios	7	28	7:28	342	1corintios-7-28-P05	implicit-3P	ἕξουσιν		"[""ACLARA""]"	recovering	implicit-3P — ἕξουσιν	low	"[""verb:ἕξουσιν"", ""subject:implicit-3P"", ""field:recovering"", ""paso9:ACLARA""]"	False
P1300343	1corintios	7	28	7:28	343	1corintios-7-28-P06	implicit-1S	φείδομαι		"[""ACLARA""]"	unstable	implicit-1S — φείδομαι	low	"[""verb:φείδομαι"", ""subject:implicit-1S"", ""field:unstable"", ""paso9:ACLARA""]"	False
P1300344	1corintios	7	29	7:29	344	1corintios-7-29-P01	implicit-1S	φημι		"[""EXPONE""]"	stable	implicit-1S — φημι	low	"[""verb:φημι"", ""subject:implicit-1S"", ""field:stable"", ""paso9:EXPONE""]"	False
P1300345	1corintios	7	29	7:29	345	1corintios-7-29-P02	unknown	ἐστίν		"[""ACLARA""]"	unstable	sujeto no resuelto — ἐστίν	low	"[""verb:ἐστίν"", ""subject:unknown"", ""field:unstable"", ""paso9:ACLARA""]"	False
P1300346	1corintios	7	29	7:29	346	1corintios-7-29-P03	unknown	ὦσιν		"[""ACLARA""]"	recovering	sujeto no resuelto — ὦσιν	low	"[""verb:ὦσιν"", ""subject:unknown"", ""field:recovering"", ""paso9:ACLARA""]"	False
P1300347	1corintios	7	31	7:31	347	1corintios-7-31-P01	implicit-3S	παράγει		"[""PROPÓSITO"", ""ACLARA""]"	recovering	implicit-3S — παράγει	low	"[""verb:παράγει"", ""subject:implicit-3S"", ""field:recovering"", ""paso9:PROPÓSITO,ACLARA""]"	False
P1300348	1corintios	7	32	7:32	348	1corintios-7-32-P01	implicit-1S	θέλω		"[""ACLARA""]"	transitioning	implicit-1S — θέλω	low	"[""verb:θέλω"", ""subject:implicit-1S"", ""field:transitioning"", ""paso9:ACLARA""]"	False
P1300349	1corintios	7	32	7:32	349	1corintios-7-32-P02	unknown	μεριμνᾷ		"[""ACLARA""]"	transitioning	sujeto no resuelto — μεριμνᾷ	low	"[""verb:μεριμνᾷ"", ""subject:unknown"", ""field:transitioning"", ""paso9:ACLARA""]"	False
P1300350	1corintios	7	32	7:32	350	1corintios-7-32-P03	implicit-3S	ἀρέσῃ		"[""EXPONE""]"	stable	implicit-3S — ἀρέσῃ	low	"[""verb:ἀρέσῃ"", ""subject:implicit-3S"", ""field:stable"", ""paso9:EXPONE""]"	False
P1300351	1corintios	7	33	7:33	351	1corintios-7-33-P01	implicit-3S	μεριμνᾷ		"[""EXPONE""]"	stable	implicit-3S — μεριμνᾷ	low	"[""verb:μεριμνᾷ"", ""subject:implicit-3S"", ""field:stable"", ""paso9:EXPONE""]"	False
P1300352	1corintios	7	33	7:33	352	1corintios-7-33-P02	implicit-3S	ἀρέσῃ		"[""EXPONE""]"	stable	implicit-3S — ἀρέσῃ	low	"[""verb:ἀρέσῃ"", ""subject:implicit-3S"", ""field:stable"", ""paso9:EXPONE""]"	False
P1300353	1corintios	7	34	7:34	353	1corintios-7-34-P01	implicit-3S	μεμέρισται		"[""EXPONE""]"	stable	implicit-3S — μεμέρισται	low	"[""verb:μεμέρισται"", ""subject:implicit-3S"", ""field:stable"", ""paso9:EXPONE""]"	False
P1300354	1corintios	7	34	7:34	354	1corintios-7-34-P02	unknown	μεριμνᾷ		"[""EXPONE""]"	stable	sujeto no resuelto — μεριμνᾷ	low	"[""verb:μεριμνᾷ"", ""subject:unknown"", ""field:stable"", ""paso9:EXPONE""]"	False
P1300355	1corintios	7	34	7:34	355	1corintios-7-34-P03	implicit-3S	ᾖ		"[""EXPONE""]"	stable	implicit-3S — ᾖ	low	"[""verb:ᾖ"", ""subject:implicit-3S"", ""field:stable"", ""paso9:EXPONE""]"	False
P1300356	1corintios	7	34	7:34	356	1corintios-7-34-P04	implicit-3S	μεριμνᾷ		"[""PROPÓSITO"", ""EXPONE""]"	stable	implicit-3S — μεριμνᾷ	low	"[""verb:μεριμνᾷ"", ""subject:implicit-3S"", ""field:stable"", ""paso9:PROPÓSITO,EXPONE""]"	False
P1300357	1corintios	7	34	7:34	357	1corintios-7-34-P05	implicit-3S	ἀρέσῃ		"[""EXPONE""]"	stable	implicit-3S — ἀρέσῃ	low	"[""verb:ἀρέσῃ"", ""subject:implicit-3S"", ""field:stable"", ""paso9:EXPONE""]"	False
P1300358	1corintios	7	35	7:35	358	1corintios-7-35-P01	implicit-1S	λέγω		"[""ACLARA""]"	transitioning	implicit-1S — λέγω	low	"[""verb:λέγω"", ""subject:implicit-1S"", ""field:transitioning"", ""paso9:ACLARA""]"	False
P1300359	1corintios	7	35	7:35	359	1corintios-7-35-P02	implicit-1S	ἐπιβάλω		"[""EXPONE""]"	stable	implicit-1S — ἐπιβάλω	low	"[""verb:ἐπιβάλω"", ""subject:implicit-1S"", ""field:stable"", ""paso9:EXPONE""]"	False
P1300360	1corintios	7	36	7:36	360	1corintios-7-36-P01	unknown	νομίζει		"[""PROPÓSITO"", ""ACLARA""]"	transitioning	sujeto no resuelto — νομίζει	low	"[""verb:νομίζει"", ""subject:unknown"", ""field:transitioning"", ""paso9:PROPÓSITO,ACLARA""]"	False
P1300361	1corintios	7	36	7:36	361	1corintios-7-36-P02	implicit-3S	ᾖ		"[""CONDICIÓN"", ""EXPONE""]"	stable	implicit-3S — ᾖ	low	"[""verb:ᾖ"", ""subject:implicit-3S"", ""field:stable"", ""paso9:CONDICIÓN,EXPONE""]"	False
P1300362	1corintios	7	36	7:36	362	1corintios-7-36-P03	implicit-3S	ὀφείλει		"[""CONDICIÓN"", ""EXPONE""]"	stable	implicit-3S — ὀφείλει	low	"[""verb:ὀφείλει"", ""subject:implicit-3S"", ""field:stable"", ""paso9:CONDICIÓN,EXPONE""]"	False
P1300363	1corintios	7	36	7:36	363	1corintios-7-36-P04	implicit-3S	θέλει		"[""EXPONE""]"	stable	implicit-3S — θέλει	low	"[""verb:θέλει"", ""subject:implicit-3S"", ""field:stable"", ""paso9:EXPONE""]"	False
P1300364	1corintios	7	36	7:36	364	1corintios-7-36-P05	implicit-3S	ποιείτω		"[""EXPONE""]"	stable	implicit-3S — ποιείτω	low	"[""verb:ποιείτω"", ""subject:implicit-3S"", ""field:stable"", ""paso9:EXPONE""]"	False
P1300365	1corintios	7	36	7:36	365	1corintios-7-36-P06	implicit-3S	ἁμαρτάνει		"[""EXPONE""]"	stable	implicit-3S — ἁμαρτάνει	low	"[""verb:ἁμαρτάνει"", ""subject:implicit-3S"", ""field:stable"", ""paso9:EXPONE""]"	False
P1300366	1corintios	7	36	7:36	366	1corintios-7-36-P07	implicit-3P	γαμείτωσαν		"[""ACLARA""]"	recovering	implicit-3P — γαμείτωσαν	low	"[""verb:γαμείτωσαν"", ""subject:implicit-3P"", ""field:recovering"", ""paso9:ACLARA""]"	False
P1300367	1corintios	7	37	7:37	367	1corintios-7-37-P01	implicit-3S	ἕστηκεν		"[""ACLARA""]"	recovering	implicit-3S — ἕστηκεν	low	"[""verb:ἕστηκεν"", ""subject:implicit-3S"", ""field:recovering"", ""paso9:ACLARA""]"	False
P1300368	1corintios	7	37	7:37	368	1corintios-7-37-P02	implicit-3S	ἔχει		"[""EXPONE""]"	stable	implicit-3S — ἔχει	low	"[""verb:ἔχει"", ""subject:implicit-3S"", ""field:stable"", ""paso9:EXPONE""]"	False
P1300369	1corintios	7	37	7:37	369	1corintios-7-37-P03	implicit-3S	κέκρικεν		"[""EXPONE""]"	stable	implicit-3S — κέκρικεν	low	"[""verb:κέκρικεν"", ""subject:implicit-3S"", ""field:stable"", ""paso9:EXPONE""]"	False
P1300370	1corintios	7	37	7:37	370	1corintios-7-37-P04	implicit-3S	ποιήσει		"[""EXPONE""]"	stable	implicit-3S — ποιήσει	low	"[""verb:ποιήσει"", ""subject:implicit-3S"", ""field:stable"", ""paso9:EXPONE""]"	False
P1300371	1corintios	7	38	7:38	371	1corintios-7-38-P01	unknown	ποιεῖ		"[""RESULTADO"", ""EXPONE""]"	stable	sujeto no resuelto — ποιεῖ	low	"[""verb:ποιεῖ"", ""subject:unknown"", ""field:stable"", ""paso9:RESULTADO,EXPONE""]"	False
P1300372	1corintios	7	38	7:38	372	1corintios-7-38-P02	unknown	ποιήσει		"[""EXPONE""]"	stable	sujeto no resuelto — ποιήσει	low	"[""verb:ποιήσει"", ""subject:unknown"", ""field:stable"", ""paso9:EXPONE""]"	False
P1300373	1corintios	7	39	7:39	373	1corintios-7-39-P01	unknown	δέδεται		"[""EXPONE""]"	stable	sujeto no resuelto — δέδεται	low	"[""verb:δέδεται"", ""subject:unknown"", ""field:stable"", ""paso9:EXPONE""]"	False
P1300374	1corintios	7	39	7:39	374	1corintios-7-39-P02	implicit-3S	ζῇ		"[""EXPONE""]"	stable	implicit-3S — ζῇ	low	"[""verb:ζῇ"", ""subject:implicit-3S"", ""field:stable"", ""paso9:EXPONE""]"	False
P1300375	1corintios	7	39	7:39	375	1corintios-7-39-P03	implicit-3S	κοιμηθῇ		"[""EXPONE""]"	stable	implicit-3S — κοιμηθῇ	low	"[""verb:κοιμηθῇ"", ""subject:implicit-3S"", ""field:stable"", ""paso9:EXPONE""]"	False
P1300376	1corintios	7	39	7:39	376	1corintios-7-39-P04	unknown	ἐστὶν		"[""CONDICIÓN"", ""EXPONE""]"	stable	sujeto no resuelto — ἐστὶν	low	"[""verb:ἐστὶν"", ""subject:unknown"", ""field:stable"", ""paso9:CONDICIÓN,EXPONE""]"	False
P1300377	1corintios	7	39	7:39	377	1corintios-7-39-P05	implicit-3S	θέλει		"[""EXPONE""]"	stable	implicit-3S — θέλει	low	"[""verb:θέλει"", ""subject:implicit-3S"", ""field:stable"", ""paso9:EXPONE""]"	False
P1300378	1corintios	7	40	7:40	378	1corintios-7-40-P01	implicit-3S	ἐστιν		"[""EXPONE""]"	stable	implicit-3S — ἐστιν	low	"[""verb:ἐστιν"", ""subject:implicit-3S"", ""field:stable"", ""paso9:EXPONE""]"	False
P1300379	1corintios	7	40	7:40	379	1corintios-7-40-P02	implicit-3S	μείνῃ		"[""EXPONE""]"	stable	implicit-3S — μείνῃ	low	"[""verb:μείνῃ"", ""subject:implicit-3S"", ""field:stable"", ""paso9:EXPONE""]"	False
P1300380	1corintios	7	40	7:40	380	1corintios-7-40-P03	implicit-1S	δοκῶ		"[""CONDICIÓN"", ""ACLARA""]"	unstable	implicit-1S — δοκῶ	low	"[""verb:δοκῶ"", ""subject:implicit-1S"", ""field:unstable"", ""paso9:CONDICIÓN,ACLARA""]"	False
P1300381	1corintios	8	1	8:1	381	1corintios-8-1-P01	implicit-1P	οἴδαμεν		"[""ACLARA""]"	recovering	implicit-1P — οἴδαμεν	low	"[""verb:οἴδαμεν"", ""subject:implicit-1P"", ""field:recovering"", ""paso9:ACLARA""]"	False
P1300382	1corintios	8	1	8:1	382	1corintios-8-1-P02	implicit-1P	ἔχομεν		"[""EXPONE""]"	stable	implicit-1P — ἔχομεν	low	"[""verb:ἔχομεν"", ""subject:implicit-1P"", ""field:stable"", ""paso9:EXPONE""]"	False
P1300383	1corintios	8	1	8:1	383	1corintios-8-1-P03	unknown	φυσιοῖ		"[""RAZÓN"", ""ACLARA""]"	transitioning	sujeto no resuelto — φυσιοῖ	low	"[""verb:φυσιοῖ"", ""subject:unknown"", ""field:transitioning"", ""paso9:RAZÓN,ACLARA""]"	False
P1300384	1corintios	8	1	8:1	384	1corintios-8-1-P04	unknown	οἰκοδομεῖ		"[""EXPONE""]"	stable	sujeto no resuelto — οἰκοδομεῖ	low	"[""verb:οἰκοδομεῖ"", ""subject:unknown"", ""field:stable"", ""paso9:EXPONE""]"	False
P1300385	1corintios	8	2	8:2	385	1corintios-8-2-P01	unknown	δοκεῖ		"[""EXPONE""]"	stable	sujeto no resuelto — δοκεῖ	low	"[""verb:δοκεῖ"", ""subject:unknown"", ""field:stable"", ""paso9:EXPONE""]"	False
P1300386	1corintios	8	2	8:2	386	1corintios-8-2-P02	implicit-3S	ἔγνω		"[""CONDICIÓN"", ""EXPONE""]"	stable	implicit-3S — ἔγνω	low	"[""verb:ἔγνω"", ""subject:implicit-3S"", ""field:stable"", ""paso9:CONDICIÓN,EXPONE""]"	False
P1300387	1corintios	8	2	8:2	387	1corintios-8-2-P03	implicit-3S	δεῖ		"[""EXPONE""]"	stable	implicit-3S — δεῖ	low	"[""verb:δεῖ"", ""subject:implicit-3S"", ""field:stable"", ""paso9:EXPONE""]"	False
P1300388	1corintios	8	3	8:3	388	1corintios-8-3-P01	unknown	ἀγαπᾷ		"[""ACLARA"", ""EXPONE""]"	stable	sujeto no resuelto — ἀγαπᾷ	low	"[""verb:ἀγαπᾷ"", ""subject:unknown"", ""field:stable"", ""paso9:ACLARA,EXPONE""]"	False
P1300389	1corintios	8	3	8:3	389	1corintios-8-3-P02	unknown	ἔγνωσται		"[""CONDICIÓN"", ""EXPONE""]"	stable	sujeto no resuelto — ἔγνωσται	low	"[""verb:ἔγνωσται"", ""subject:unknown"", ""field:stable"", ""paso9:CONDICIÓN,EXPONE""]"	False
P1300390	1corintios	8	4	8:4	390	1corintios-8-4-P01	implicit-1P	οἴδαμεν		"[""ACLARA""]"	transitioning	implicit-1P — οἴδαμεν	low	"[""verb:οἴδαμεν"", ""subject:implicit-1P"", ""field:transitioning"", ""paso9:ACLARA""]"	False
P1300391	1corintios	8	5	8:5	391	1corintios-8-5-P01	implicit-3P	εἰσὶν		"[""ACLARA""]"	transitioning	implicit-3P — εἰσὶν	low	"[""verb:εἰσὶν"", ""subject:implicit-3P"", ""field:transitioning"", ""paso9:ACLARA""]"	False
P1300392	1corintios	8	5	8:5	392	1corintios-8-5-P02	implicit-3P	εἰσὶν		"[""EXPONE""]"	stable	implicit-3P — εἰσὶν	low	"[""verb:εἰσὶν"", ""subject:implicit-3P"", ""field:stable"", ""paso9:EXPONE""]"	False
P1300393	1corintios	8	7	8:7	393	1corintios-8-7-P01	implicit-3P	ἐσθίουσιν		"[""EXPONE""]"	stable	implicit-3P — ἐσθίουσιν	low	"[""verb:ἐσθίουσιν"", ""subject:implicit-3P"", ""field:stable"", ""paso9:EXPONE""]"	False
P1300394	1corintios	8	7	8:7	394	1corintios-8-7-P02	unknown	μολύνεται		"[""ACLARA""]"	recovering	sujeto no resuelto — μολύνεται	low	"[""verb:μολύνεται"", ""subject:unknown"", ""field:recovering"", ""paso9:ACLARA""]"	False
P1300395	1corintios	8	8	8:8	395	1corintios-8-8-P01	implicit-3S	παραστήσει		"[""EXPONE""]"	stable	implicit-3S — παραστήσει	low	"[""verb:παραστήσει"", ""subject:implicit-3S"", ""field:stable"", ""paso9:EXPONE""]"	False
P1300396	1corintios	8	8	8:8	396	1corintios-8-8-P02	implicit-1P	φάγωμεν		"[""ACLARA""]"	transitioning	implicit-1P — φάγωμεν	low	"[""verb:φάγωμεν"", ""subject:implicit-1P"", ""field:transitioning"", ""paso9:ACLARA""]"	False
P1300397	1corintios	8	8	8:8	397	1corintios-8-8-P03	implicit-1P	περισσεύομεν		"[""CONDICIÓN"", ""EXPONE""]"	stable	implicit-1P — περισσεύομεν	low	"[""verb:περισσεύομεν"", ""subject:implicit-1P"", ""field:stable"", ""paso9:CONDICIÓN,EXPONE""]"	False
P1300398	1corintios	8	8	8:8	398	1corintios-8-8-P04	implicit-1P	φάγωμεν		"[""EXPONE""]"	stable	implicit-1P — φάγωμεν	low	"[""verb:φάγωμεν"", ""subject:implicit-1P"", ""field:stable"", ""paso9:EXPONE""]"	False
P1300399	1corintios	8	8	8:8	399	1corintios-8-8-P05	implicit-1P	ὑστερούμεθα		"[""CONDICIÓN"", ""EXPONE""]"	stable	implicit-1P — ὑστερούμεθα	low	"[""verb:ὑστερούμεθα"", ""subject:implicit-1P"", ""field:stable"", ""paso9:CONDICIÓN,EXPONE""]"	False
P1300400	1corintios	8	9	8:9	400	1corintios-8-9-P01	implicit-2P	βλέπετε		"[""ACLARA""]"	transitioning	implicit-2P — βλέπετε	low	"[""verb:βλέπετε"", ""subject:implicit-2P"", ""field:transitioning"", ""paso9:ACLARA""]"	False
P1300401	1corintios	8	9	8:9	401	1corintios-8-9-P02	unknown	γένηται		"[""ACLARA""]"	transitioning	sujeto no resuelto — γένηται	low	"[""verb:γένηται"", ""subject:unknown"", ""field:transitioning"", ""paso9:ACLARA""]"	False
P1300402	1corintios	8	10	8:10	402	1corintios-8-10-P01	unknown	ἴδῃ		"[""EXPONE""]"	stable	sujeto no resuelto — ἴδῃ	low	"[""verb:ἴδῃ"", ""subject:unknown"", ""field:stable"", ""paso9:EXPONE""]"	False
P1300403	1corintios	8	10	8:10	403	1corintios-8-10-P02	unknown	οἰκοδομηθήσεται		"[""CONDICIÓN"", ""EXPONE""]"	stable	sujeto no resuelto — οἰκοδομηθήσεται	low	"[""verb:οἰκοδομηθήσεται"", ""subject:unknown"", ""field:stable"", ""paso9:CONDICIÓN,EXPONE""]"	False
P1300404	1corintios	8	11	8:11	404	1corintios-8-11-P01	implicit-3S	ἀπόλλυται		"[""EXPONE""]"	stable	implicit-3S — ἀπόλλυται	low	"[""verb:ἀπόλλυται"", ""subject:implicit-3S"", ""field:stable"", ""paso9:EXPONE""]"	False
P1300405	1corintios	8	11	8:11	405	1corintios-8-11-P02	unknown	ἀπέθανεν		"[""EXPONE""]"	stable	sujeto no resuelto — ἀπέθανεν	low	"[""verb:ἀπέθανεν"", ""subject:unknown"", ""field:stable"", ""paso9:EXPONE""]"	False
P1300406	1corintios	8	12	8:12	406	1corintios-8-12-P01	implicit-2P	ἁμαρτάνετε		"[""ACLARA""]"	unstable	implicit-2P — ἁμαρτάνετε	low	"[""verb:ἁμαρτάνετε"", ""subject:implicit-2P"", ""field:unstable"", ""paso9:ACLARA""]"	False
P1300407	1corintios	8	13	8:13	407	1corintios-8-13-P01	unknown	σκανδαλίζει		"[""ACLARA""]"	transitioning	sujeto no resuelto — σκανδαλίζει	low	"[""verb:σκανδαλίζει"", ""subject:unknown"", ""field:transitioning"", ""paso9:ACLARA""]"	False
P1300408	1corintios	8	13	8:13	408	1corintios-8-13-P02	implicit-1S	φάγω		"[""CONDICIÓN"", ""ACLARA""]"	transitioning	implicit-1S — φάγω	low	"[""verb:φάγω"", ""subject:implicit-1S"", ""field:transitioning"", ""paso9:CONDICIÓN,ACLARA""]"	False
P1300409	1corintios	8	13	8:13	409	1corintios-8-13-P03	implicit-1S	σκανδαλίσω		"[""EXPONE""]"	stable	implicit-1S — σκανδαλίσω	low	"[""verb:σκανδαλίσω"", ""subject:implicit-1S"", ""field:stable"", ""paso9:EXPONE""]"	False
P1300410	1corintios	9	1	9:1	410	1corintios-9-1-P01	implicit-1S	εἰμὶ		"[""PROPÓSITO"", ""EXPONE""]"	stable	implicit-1S — εἰμὶ	low	"[""verb:εἰμὶ"", ""subject:implicit-1S"", ""field:stable"", ""paso9:PROPÓSITO,EXPONE""]"	False
P1300411	1corintios	9	1	9:1	411	1corintios-9-1-P02	implicit-1S	εἰμὶ		"[""EXPONE""]"	stable	implicit-1S — εἰμὶ	low	"[""verb:εἰμὶ"", ""subject:implicit-1S"", ""field:stable"", ""paso9:EXPONE""]"	False
P1300412	1corintios	9	1	9:1	412	1corintios-9-1-P03	implicit-1S	ἑόρακα		"[""EXPONE""]"	stable	implicit-1S — ἑόρακα	low	"[""verb:ἑόρακα"", ""subject:implicit-1S"", ""field:stable"", ""paso9:EXPONE""]"	False
P1300413	1corintios	9	1	9:1	413	1corintios-9-1-P04	implicit-2P	ἐστε		"[""ACLARA""]"	unstable	implicit-2P — ἐστε	low	"[""verb:ἐστε"", ""subject:implicit-2P"", ""field:unstable"", ""paso9:ACLARA""]"	False
P1300414	1corintios	9	2	9:2	414	1corintios-9-2-P01	implicit-1S	εἰμὶ		"[""ACLARA""]"	unstable	implicit-1S — εἰμὶ	low	"[""verb:εἰμὶ"", ""subject:implicit-1S"", ""field:unstable"", ""paso9:ACLARA""]"	False
P1300415	1corintios	9	2	9:2	415	1corintios-9-2-P02	implicit-1S	εἰμι		"[""CONDICIÓN"", ""EXPONE""]"	stable	implicit-1S — εἰμι	low	"[""verb:εἰμι"", ""subject:implicit-1S"", ""field:stable"", ""paso9:CONDICIÓN,EXPONE""]"	False
P1300416	1corintios	9	2	9:2	416	1corintios-9-2-P03	implicit-2P	ἐστε		"[""ACLARA""]"	unstable	implicit-2P — ἐστε	low	"[""verb:ἐστε"", ""subject:implicit-2P"", ""field:unstable"", ""paso9:ACLARA""]"	False
P1300417	1corintios	9	3	9:3	417	1corintios-9-3-P01	unknown	ἐστιν		"[""ACLARA""]"	transitioning	sujeto no resuelto — ἐστιν	low	"[""verb:ἐστιν"", ""subject:unknown"", ""field:transitioning"", ""paso9:ACLARA""]"	False
P1300418	1corintios	9	4	9:4	418	1corintios-9-4-P01	implicit-1P	ἔχομεν		"[""ACLARA""]"	transitioning	implicit-1P — ἔχομεν	low	"[""verb:ἔχομεν"", ""subject:implicit-1P"", ""field:transitioning"", ""paso9:ACLARA""]"	False
P1300419	1corintios	9	5	9:5	419	1corintios-9-5-P01	implicit-1P	ἔχομεν		"[""EXPONE""]"	stable	implicit-1P — ἔχομεν	low	"[""verb:ἔχομεν"", ""subject:implicit-1P"", ""field:stable"", ""paso9:EXPONE""]"	False
P1300420	1corintios	9	6	9:6	420	1corintios-9-6-P01	implicit-1P	ἔχομεν		"[""EXPONE""]"	stable	implicit-1P — ἔχομεν	low	"[""verb:ἔχομεν"", ""subject:implicit-1P"", ""field:stable"", ""paso9:EXPONE""]"	False
P1300421	1corintios	9	7	9:7	421	1corintios-9-7-P01	unknown	στρατεύεται		"[""ACLARA""]"	transitioning	sujeto no resuelto — στρατεύεται	low	"[""verb:στρατεύεται"", ""subject:unknown"", ""field:transitioning"", ""paso9:ACLARA""]"	False
P1300422	1corintios	9	7	9:7	422	1corintios-9-7-P02	unknown	φυτεύει		"[""EXPONE""]"	stable	sujeto no resuelto — φυτεύει	low	"[""verb:φυτεύει"", ""subject:unknown"", ""field:stable"", ""paso9:EXPONE""]"	False
P1300423	1corintios	9	7	9:7	423	1corintios-9-7-P03	implicit-3S	ἐσθίει		"[""EXPONE""]"	stable	implicit-3S — ἐσθίει	low	"[""verb:ἐσθίει"", ""subject:implicit-3S"", ""field:stable"", ""paso9:EXPONE""]"	False
P1300424	1corintios	9	7	9:7	424	1corintios-9-7-P04	unknown	ποιμαίνει		"[""EXPONE""]"	stable	sujeto no resuelto — ποιμαίνει	low	"[""verb:ποιμαίνει"", ""subject:unknown"", ""field:stable"", ""paso9:EXPONE""]"	False
P1300425	1corintios	9	7	9:7	425	1corintios-9-7-P05	implicit-3S	ἐσθίει		"[""EXPONE""]"	stable	implicit-3S — ἐσθίει	low	"[""verb:ἐσθίει"", ""subject:implicit-3S"", ""field:stable"", ""paso9:EXPONE""]"	False
P1300426	1corintios	9	8	9:8	426	1corintios-9-8-P01	implicit-1S	λαλῶ		"[""ACLARA""]"	unstable	implicit-1S — λαλῶ	low	"[""verb:λαλῶ"", ""subject:implicit-1S"", ""field:unstable"", ""paso9:ACLARA""]"	False
P1300427	1corintios	9	8	9:8	427	1corintios-9-8-P02	unknown	λέγει		"[""ACLARA""]"	unstable	sujeto no resuelto — λέγει	low	"[""verb:λέγει"", ""subject:unknown"", ""field:unstable"", ""paso9:ACLARA""]"	False
P1300428	1corintios	9	9	9:9	428	1corintios-9-9-P01	implicit-3S	γέγραπται		"[""EXPONE""]"	stable	implicit-3S — γέγραπται	low	"[""verb:γέγραπται"", ""subject:implicit-3S"", ""field:stable"", ""paso9:EXPONE""]"	False
P1300429	1corintios	9	9	9:9	429	1corintios-9-9-P02	implicit-2S	κημώσεις		"[""ACLARA""]"	transitioning	implicit-2S — κημώσεις	low	"[""verb:κημώσεις"", ""subject:implicit-2S"", ""field:transitioning"", ""paso9:ACLARA""]"	False
P1300430	1corintios	9	9	9:9	430	1corintios-9-9-P03	implicit-3S	μέλει		"[""ACLARA""]"	transitioning	implicit-3S — μέλει	low	"[""verb:μέλει"", ""subject:implicit-3S"", ""field:transitioning"", ""paso9:ACLARA""]"	False
P1300431	1corintios	9	10	9:10	431	1corintios-9-10-P01	implicit-3S	λέγει		"[""EXPONE""]"	stable	implicit-3S — λέγει	low	"[""verb:λέγει"", ""subject:implicit-3S"", ""field:stable"", ""paso9:EXPONE""]"	False
P1300432	1corintios	9	10	9:10	432	1corintios-9-10-P02	implicit-3S	ἐγράφη		"[""EXPONE""]"	stable	implicit-3S — ἐγράφη	low	"[""verb:ἐγράφη"", ""subject:implicit-3S"", ""field:stable"", ""paso9:EXPONE""]"	False
P1300433	1corintios	9	10	9:10	433	1corintios-9-10-P03	implicit-3S	ὀφείλει		"[""EXPONE""]"	stable	implicit-3S — ὀφείλει	low	"[""verb:ὀφείλει"", ""subject:implicit-3S"", ""field:stable"", ""paso9:EXPONE""]"	False
P1300434	1corintios	9	11	9:11	434	1corintios-9-11-P01	implicit-1P	ἐσπείραμεν		"[""RAZÓN"", ""ACLARA""]"	unstable	implicit-1P — ἐσπείραμεν	low	"[""verb:ἐσπείραμεν"", ""subject:implicit-1P"", ""field:unstable"", ""paso9:RAZÓN,ACLARA""]"	False
P1300435	1corintios	9	11	9:11	435	1corintios-9-11-P02	implicit-1P	θερίσομεν		"[""CONDICIÓN"", ""EXPONE""]"	stable	implicit-1P — θερίσομεν	low	"[""verb:θερίσομεν"", ""subject:implicit-1P"", ""field:stable"", ""paso9:CONDICIÓN,EXPONE""]"	False
P1300436	1corintios	9	12	9:12	436	1corintios-9-12-P01	unknown	μετέχουσιν		"[""CONDICIÓN"", ""ACLARA""]"	transitioning	sujeto no resuelto — μετέχουσιν	low	"[""verb:μετέχουσιν"", ""subject:unknown"", ""field:transitioning"", ""paso9:CONDICIÓN,ACLARA""]"	False
P1300437	1corintios	9	12	9:12	437	1corintios-9-12-P02	implicit-1P	ἐχρησάμεθα		"[""CONDICIÓN"", ""ACLARA""]"	transitioning	implicit-1P — ἐχρησάμεθα	low	"[""verb:ἐχρησάμεθα"", ""subject:implicit-1P"", ""field:transitioning"", ""paso9:CONDICIÓN,ACLARA""]"	False
P1300438	1corintios	9	12	9:12	438	1corintios-9-12-P03	implicit-1P	στέγομεν		"[""EXPONE""]"	stable	implicit-1P — στέγομεν	low	"[""verb:στέγομεν"", ""subject:implicit-1P"", ""field:stable"", ""paso9:EXPONE""]"	False
P1300439	1corintios	9	12	9:12	439	1corintios-9-12-P04	implicit-1P	δῶμεν		"[""EXPONE""]"	stable	implicit-1P — δῶμεν	low	"[""verb:δῶμεν"", ""subject:implicit-1P"", ""field:stable"", ""paso9:EXPONE""]"	False
P1300440	1corintios	9	13	9:13	440	1corintios-9-13-P01	implicit-2P	οἴδατε		"[""PROPÓSITO"", ""ACLARA""]"	unstable	implicit-2P — οἴδατε	low	"[""verb:οἴδατε"", ""subject:implicit-2P"", ""field:unstable"", ""paso9:PROPÓSITO,ACLARA""]"	False
P1300441	1corintios	9	13	9:13	441	1corintios-9-13-P02	implicit-3P	ἐσθίουσιν		"[""ACLARA""]"	unstable	implicit-3P — ἐσθίουσιν	low	"[""verb:ἐσθίουσιν"", ""subject:implicit-3P"", ""field:unstable"", ""paso9:ACLARA""]"	False
P1300442	1corintios	9	13	9:13	442	1corintios-9-13-P03	unknown	συμμερίζονται		"[""RAZÓN"", ""ACLARA"", ""EXPONE""]"	stable	sujeto no resuelto — συμμερίζονται	low	"[""verb:συμμερίζονται"", ""subject:unknown"", ""field:stable"", ""paso9:RAZÓN,ACLARA,EXPONE""]"	False
P1300443	1corintios	9	14	9:14	443	1corintios-9-14-P01	unknown	διέταξεν		"[""ACLARA""]"	recovering	sujeto no resuelto — διέταξεν	low	"[""verb:διέταξεν"", ""subject:unknown"", ""field:recovering"", ""paso9:ACLARA""]"	False
P1300444	1corintios	9	15	9:15	444	1corintios-9-15-P01	implicit-1S	κέχρημαι		"[""ACLARA""]"	transitioning	implicit-1S — κέχρημαι	low	"[""verb:κέχρημαι"", ""subject:implicit-1S"", ""field:transitioning"", ""paso9:ACLARA""]"	False
P1300445	1corintios	9	15	9:15	445	1corintios-9-15-P02	implicit-1S	ἔγραψα		"[""EXPONE""]"	stable	implicit-1S — ἔγραψα	low	"[""verb:ἔγραψα"", ""subject:implicit-1S"", ""field:stable"", ""paso9:EXPONE""]"	False
P1300446	1corintios	9	15	9:15	446	1corintios-9-15-P03	implicit-3S	γένηται		"[""ACLARA""]"	unstable	implicit-3S — γένηται	low	"[""verb:γένηται"", ""subject:implicit-3S"", ""field:unstable"", ""paso9:ACLARA""]"	False
P1300447	1corintios	9	15	9:15	447	1corintios-9-15-P04	unknown	κενώσει		"[""PROPÓSITO"", ""EXPONE""]"	stable	sujeto no resuelto — κενώσει	low	"[""verb:κενώσει"", ""subject:unknown"", ""field:stable"", ""paso9:PROPÓSITO,EXPONE""]"	False
P1300448	1corintios	9	16	9:16	448	1corintios-9-16-P01	implicit-1S	εὐαγγελίζωμαι		"[""ACLARA""]"	transitioning	implicit-1S — εὐαγγελίζωμαι	low	"[""verb:εὐαγγελίζωμαι"", ""subject:implicit-1S"", ""field:transitioning"", ""paso9:ACLARA""]"	False
P1300449	1corintios	9	16	9:16	449	1corintios-9-16-P02	implicit-3S	ἔστιν		"[""CONDICIÓN"", ""ACLARA""]"	transitioning	implicit-3S — ἔστιν	low	"[""verb:ἔστιν"", ""subject:implicit-3S"", ""field:transitioning"", ""paso9:CONDICIÓN,ACLARA""]"	False
P1300450	1corintios	9	16	9:16	450	1corintios-9-16-P03	implicit-3S	ἐπίκειται		"[""EXPONE""]"	stable	implicit-3S — ἐπίκειται	low	"[""verb:ἐπίκειται"", ""subject:implicit-3S"", ""field:stable"", ""paso9:EXPONE""]"	False
P1300451	1corintios	9	16	9:16	451	1corintios-9-16-P04	implicit-3S	ἐστιν		"[""EXPONE""]"	stable	implicit-3S — ἐστιν	low	"[""verb:ἐστιν"", ""subject:implicit-3S"", ""field:stable"", ""paso9:EXPONE""]"	False
P1300452	1corintios	9	16	9:16	452	1corintios-9-16-P05	implicit-1S	εὐαγγελίσωμαι		"[""ACLARA""]"	transitioning	implicit-1S — εὐαγγελίσωμαι	low	"[""verb:εὐαγγελίσωμαι"", ""subject:implicit-1S"", ""field:transitioning"", ""paso9:ACLARA""]"	False
P1300453	1corintios	9	17	9:17	453	1corintios-9-17-P01	implicit-1S	πράσσω		"[""CONDICIÓN"", ""EXPONE""]"	stable	implicit-1S — πράσσω	low	"[""verb:πράσσω"", ""subject:implicit-1S"", ""field:stable"", ""paso9:CONDICIÓN,EXPONE""]"	False
P1300454	1corintios	9	17	9:17	454	1corintios-9-17-P02	implicit-1S	ἔχω		"[""CONDICIÓN"", ""EXPONE""]"	stable	implicit-1S — ἔχω	low	"[""verb:ἔχω"", ""subject:implicit-1S"", ""field:stable"", ""paso9:CONDICIÓN,EXPONE""]"	False
P1300455	1corintios	9	17	9:17	455	1corintios-9-17-P03	implicit-1S	πεπίστευμαι		"[""EXPONE""]"	stable	implicit-1S — πεπίστευμαι	low	"[""verb:πεπίστευμαι"", ""subject:implicit-1S"", ""field:stable"", ""paso9:EXPONE""]"	False
P1300456	1corintios	9	18	9:18	456	1corintios-9-18-P01	implicit-3S	ἐστιν		"[""CONDICIÓN"", ""ACLARA""]"	transitioning	implicit-3S — ἐστιν	low	"[""verb:ἐστιν"", ""subject:implicit-3S"", ""field:transitioning"", ""paso9:CONDICIÓN,ACLARA""]"	False
P1300457	1corintios	9	18	9:18	457	1corintios-9-18-P02	implicit-1S	θήσω		"[""ACLARA""]"	transitioning	implicit-1S — θήσω	low	"[""verb:θήσω"", ""subject:implicit-1S"", ""field:transitioning"", ""paso9:ACLARA""]"	False
P1300458	1corintios	9	19	9:19	458	1corintios-9-19-P01	implicit-1S	ἐδούλωσα		"[""PROPÓSITO"", ""EXPONE""]"	stable	implicit-1S — ἐδούλωσα	low	"[""verb:ἐδούλωσα"", ""subject:implicit-1S"", ""field:stable"", ""paso9:PROPÓSITO,EXPONE""]"	False
P1300459	1corintios	9	19	9:19	459	1corintios-9-19-P02	implicit-1S	κερδήσω		"[""EXPONE""]"	stable	implicit-1S — κερδήσω	low	"[""verb:κερδήσω"", ""subject:implicit-1S"", ""field:stable"", ""paso9:EXPONE""]"	False
P1300460	1corintios	9	20	9:20	460	1corintios-9-20-P01	implicit-1S	ἐγενόμην		"[""PROPÓSITO"", ""EXPONE""]"	stable	implicit-1S — ἐγενόμην	low	"[""verb:ἐγενόμην"", ""subject:implicit-1S"", ""field:stable"", ""paso9:PROPÓSITO,EXPONE""]"	False
P1300461	1corintios	9	20	9:20	461	1corintios-9-20-P02	implicit-1S	κερδήσω		"[""EXPONE""]"	stable	implicit-1S — κερδήσω	low	"[""verb:κερδήσω"", ""subject:implicit-1S"", ""field:stable"", ""paso9:EXPONE""]"	False
P1300462	1corintios	9	20	9:20	462	1corintios-9-20-P03	implicit-1S	κερδήσω		"[""ACLARA"", ""PROPÓSITO"", ""EXPONE""]"	stable	implicit-1S — κερδήσω	low	"[""verb:κερδήσω"", ""subject:implicit-1S"", ""field:stable"", ""paso9:ACLARA,PROPÓSITO,EXPONE""]"	False
P1300463	1corintios	9	21	9:21	463	1corintios-9-21-P01	implicit-1S	κερδάνω		"[""ACLARA"", ""PROPÓSITO"", ""EXPONE""]"	stable	implicit-1S — κερδάνω	low	"[""verb:κερδάνω"", ""subject:implicit-1S"", ""field:stable"", ""paso9:ACLARA,PROPÓSITO,EXPONE""]"	False
P1300464	1corintios	9	22	9:22	464	1corintios-9-22-P01	implicit-1S	ἐγενόμην		"[""ACLARA"", ""PROPÓSITO"", ""EXPONE""]"	stable	implicit-1S — ἐγενόμην	low	"[""verb:ἐγενόμην"", ""subject:implicit-1S"", ""field:stable"", ""paso9:ACLARA,PROPÓSITO,EXPONE""]"	False
P1300465	1corintios	9	22	9:22	465	1corintios-9-22-P02	implicit-1S	κερδήσω		"[""EXPONE""]"	stable	implicit-1S — κερδήσω	low	"[""verb:κερδήσω"", ""subject:implicit-1S"", ""field:stable"", ""paso9:EXPONE""]"	False
P1300466	1corintios	9	22	9:22	466	1corintios-9-22-P03	implicit-1S	γέγονα		"[""PROPÓSITO"", ""EXPONE""]"	stable	implicit-1S — γέγονα	low	"[""verb:γέγονα"", ""subject:implicit-1S"", ""field:stable"", ""paso9:PROPÓSITO,EXPONE""]"	False
P1300467	1corintios	9	22	9:22	467	1corintios-9-22-P04	implicit-1S	σώσω		"[""EXPONE""]"	stable	implicit-1S — σώσω	low	"[""verb:σώσω"", ""subject:implicit-1S"", ""field:stable"", ""paso9:EXPONE""]"	False
P1300468	1corintios	9	23	9:23	468	1corintios-9-23-P01	implicit-1S	ποιῶ		"[""PROPÓSITO"", ""EXPONE""]"	stable	implicit-1S — ποιῶ	low	"[""verb:ποιῶ"", ""subject:implicit-1S"", ""field:stable"", ""paso9:PROPÓSITO,EXPONE""]"	False
P1300469	1corintios	9	23	9:23	469	1corintios-9-23-P02	implicit-1S	γένωμαι		"[""EXPONE""]"	stable	implicit-1S — γένωμαι	low	"[""verb:γένωμαι"", ""subject:implicit-1S"", ""field:stable"", ""paso9:EXPONE""]"	False
P1300470	1corintios	9	24	9:24	470	1corintios-9-24-P01	implicit-2P	οἴδατε		"[""PROPÓSITO"", ""ACLARA""]"	unstable	implicit-2P — οἴδατε	low	"[""verb:οἴδατε"", ""subject:implicit-2P"", ""field:unstable"", ""paso9:PROPÓSITO,ACLARA""]"	False
P1300471	1corintios	9	24	9:24	471	1corintios-9-24-P02	implicit-3P	τρέχουσιν		"[""ACLARA""]"	unstable	implicit-3P — τρέχουσιν	low	"[""verb:τρέχουσιν"", ""subject:implicit-3P"", ""field:unstable"", ""paso9:ACLARA""]"	False
P1300472	1corintios	9	24	9:24	472	1corintios-9-24-P03	implicit-3S	λαμβάνει		"[""RAZÓN"", ""ACLARA""]"	recovering	implicit-3S — λαμβάνει	low	"[""verb:λαμβάνει"", ""subject:implicit-3S"", ""field:recovering"", ""paso9:RAZÓN,ACLARA""]"	False
P1300473	1corintios	9	24	9:24	473	1corintios-9-24-P04	implicit-2P	τρέχετε		"[""ACLARA""]"	unstable	implicit-2P — τρέχετε	low	"[""verb:τρέχετε"", ""subject:implicit-2P"", ""field:unstable"", ""paso9:ACLARA""]"	False
P1300474	1corintios	9	24	9:24	474	1corintios-9-24-P05	implicit-2P	καταλάβητε		"[""EXPONE""]"	stable	implicit-2P — καταλάβητε	low	"[""verb:καταλάβητε"", ""subject:implicit-2P"", ""field:stable"", ""paso9:EXPONE""]"	False
P1300475	1corintios	9	25	9:25	475	1corintios-9-25-P01	unknown	ἐγκρατεύεται		"[""PROPÓSITO"", ""ACLARA""]"	unstable	sujeto no resuelto — ἐγκρατεύεται	low	"[""verb:ἐγκρατεύεται"", ""subject:unknown"", ""field:unstable"", ""paso9:PROPÓSITO,ACLARA""]"	False
P1300476	1corintios	9	25	9:25	476	1corintios-9-25-P02	implicit-3P	λάβωσιν		"[""ACLARA""]"	recovering	implicit-3P — λάβωσιν	low	"[""verb:λάβωσιν"", ""subject:implicit-3P"", ""field:recovering"", ""paso9:ACLARA""]"	False
P1300477	1corintios	9	26	9:26	477	1corintios-9-26-P01	implicit-1S	τρέχω		"[""PROPÓSITO"", ""ACLARA""]"	transitioning	implicit-1S — τρέχω	low	"[""verb:τρέχω"", ""subject:implicit-1S"", ""field:transitioning"", ""paso9:PROPÓSITO,ACLARA""]"	False
P1300478	1corintios	9	26	9:26	478	1corintios-9-26-P02	implicit-1S	πυκτεύω		"[""EXPONE""]"	stable	implicit-1S — πυκτεύω	low	"[""verb:πυκτεύω"", ""subject:implicit-1S"", ""field:stable"", ""paso9:EXPONE""]"	False
P1300479	1corintios	9	27	9:27	479	1corintios-9-27-P01	implicit-1S	ὑπωπιάζω		"[""ACLARA"", ""EXPONE""]"	stable	implicit-1S — ὑπωπιάζω	low	"[""verb:ὑπωπιάζω"", ""subject:implicit-1S"", ""field:stable"", ""paso9:ACLARA,EXPONE""]"	False
P1300480	1corintios	9	27	9:27	480	1corintios-9-27-P02	implicit-1S	δουλαγωγῶ		"[""EXPONE""]"	stable	implicit-1S — δουλαγωγῶ	low	"[""verb:δουλαγωγῶ"", ""subject:implicit-1S"", ""field:stable"", ""paso9:EXPONE""]"	False
P1300481	1corintios	9	27	9:27	481	1corintios-9-27-P03	implicit-1S	γένωμαι		"[""EXPONE""]"	stable	implicit-1S — γένωμαι	low	"[""verb:γένωμαι"", ""subject:implicit-1S"", ""field:stable"", ""paso9:EXPONE""]"	False
P1300482	1corintios	10	1	10:1	482	1corintios-10-1-P01	implicit-1S	θέλω		"[""EXPONE""]"	stable	implicit-1S — θέλω	low	"[""verb:θέλω"", ""subject:implicit-1S"", ""field:stable"", ""paso9:EXPONE""]"	False
P1300483	1corintios	10	1	10:1	483	1corintios-10-1-P02	unknown	ἦσαν		"[""ACLARA""]"	transitioning	sujeto no resuelto — ἦσαν	low	"[""verb:ἦσαν"", ""subject:unknown"", ""field:transitioning"", ""paso9:ACLARA""]"	False
P1300484	1corintios	10	1	10:1	484	1corintios-10-1-P03	unknown	διῆλθον		"[""RAZÓN"", ""ACLARA"", ""EXPONE""]"	stable	sujeto no resuelto — διῆλθον	low	"[""verb:διῆλθον"", ""subject:unknown"", ""field:stable"", ""paso9:RAZÓN,ACLARA,EXPONE""]"	False
P1300485	1corintios	10	2	10:2	485	1corintios-10-2-P01	unknown	ἐβαπτίσαντο		"[""EXPONE""]"	stable	sujeto no resuelto — ἐβαπτίσαντο	low	"[""verb:ἐβαπτίσαντο"", ""subject:unknown"", ""field:stable"", ""paso9:EXPONE""]"	False
P1300486	1corintios	10	3	10:3	486	1corintios-10-3-P01	unknown	ἔφαγον		"[""EXPONE""]"	stable	sujeto no resuelto — ἔφαγον	low	"[""verb:ἔφαγον"", ""subject:unknown"", ""field:stable"", ""paso9:EXPONE""]"	False
P1300487	1corintios	10	4	10:4	487	1corintios-10-4-P01	unknown	ἔπιον		"[""EXPONE""]"	stable	sujeto no resuelto — ἔπιον	low	"[""verb:ἔπιον"", ""subject:unknown"", ""field:stable"", ""paso9:EXPONE""]"	False
P1300488	1corintios	10	4	10:4	488	1corintios-10-4-P02	implicit-3P	ἔπινον		"[""EXPONE""]"	stable	implicit-3P — ἔπινον	low	"[""verb:ἔπινον"", ""subject:implicit-3P"", ""field:stable"", ""paso9:EXPONE""]"	False
P1300489	1corintios	10	4	10:4	489	1corintios-10-4-P03	implicit-3S	ἦν		"[""ACLARA""]"	recovering	implicit-3S — ἦν	low	"[""verb:ἦν"", ""subject:implicit-3S"", ""field:recovering"", ""paso9:ACLARA""]"	False
P1300490	1corintios	10	5	10:5	490	1corintios-10-5-P01	implicit-3S	ηὐδόκησεν		"[""EXPONE""]"	stable	implicit-3S — ηὐδόκησεν	low	"[""verb:ηὐδόκησεν"", ""subject:implicit-3S"", ""field:stable"", ""paso9:EXPONE""]"	False
P1300491	1corintios	10	5	10:5	491	1corintios-10-5-P02	implicit-3P	κατεστρώθησαν		"[""ACLARA""]"	recovering	implicit-3P — κατεστρώθησαν	low	"[""verb:κατεστρώθησαν"", ""subject:implicit-3P"", ""field:recovering"", ""paso9:ACLARA""]"	False
P1300492	1corintios	10	6	10:6	492	1corintios-10-6-P01	unknown	ἐγενήθησαν		"[""EXPONE""]"	stable	sujeto no resuelto — ἐγενήθησαν	low	"[""verb:ἐγενήθησαν"", ""subject:unknown"", ""field:stable"", ""paso9:EXPONE""]"	False
P1300493	1corintios	10	6	10:6	493	1corintios-10-6-P02	unknown	ἐπεθύμησαν		"[""EXPONE""]"	stable	sujeto no resuelto — ἐπεθύμησαν	low	"[""verb:ἐπεθύμησαν"", ""subject:unknown"", ""field:stable"", ""paso9:EXPONE""]"	False
P1300494	1corintios	10	7	10:7	494	1corintios-10-7-P01	implicit-2P	γίνεσθε		"[""ACLARA""]"	unstable	implicit-2P — γίνεσθε	low	"[""verb:γίνεσθε"", ""subject:implicit-2P"", ""field:unstable"", ""paso9:ACLARA""]"	False
P1300495	1corintios	10	7	10:7	495	1corintios-10-7-P02	implicit-3S	γέγραπται		"[""ACLARA""]"	unstable	implicit-3S — γέγραπται	low	"[""verb:γέγραπται"", ""subject:implicit-3S"", ""field:unstable"", ""paso9:ACLARA""]"	False
P1300496	1corintios	10	7	10:7	496	1corintios-10-7-P03	implicit-3S	ἐκάθισεν		"[""ACLARA"", ""EXPONE""]"	stable	implicit-3S — ἐκάθισεν	low	"[""verb:ἐκάθισεν"", ""subject:implicit-3S"", ""field:stable"", ""paso9:ACLARA,EXPONE""]"	False
P1300497	1corintios	10	7	10:7	497	1corintios-10-7-P04	implicit-3P	ἀνέστησαν		"[""ACLARA""]"	recovering	implicit-3P — ἀνέστησαν	low	"[""verb:ἀνέστησαν"", ""subject:implicit-3P"", ""field:recovering"", ""paso9:ACLARA""]"	False
P1300498	1corintios	10	8	10:8	498	1corintios-10-8-P01	implicit-1P	πορνεύωμεν		"[""ACLARA""]"	unstable	implicit-1P — πορνεύωμεν	low	"[""verb:πορνεύωμεν"", ""subject:implicit-1P"", ""field:unstable"", ""paso9:ACLARA""]"	False
P1300499	1corintios	10	8	10:8	499	1corintios-10-8-P02	unknown	ἐπόρνευσαν		"[""ACLARA""]"	unstable	sujeto no resuelto — ἐπόρνευσαν	low	"[""verb:ἐπόρνευσαν"", ""subject:unknown"", ""field:unstable"", ""paso9:ACLARA""]"	False
P1300500	1corintios	10	8	10:8	500	1corintios-10-8-P03	implicit-3P	ἔπεσαν		"[""ACLARA"", ""EXPONE""]"	stable	implicit-3P — ἔπεσαν	low	"[""verb:ἔπεσαν"", ""subject:implicit-3P"", ""field:stable"", ""paso9:ACLARA,EXPONE""]"	False
P1300501	1corintios	10	9	10:9	501	1corintios-10-9-P01	implicit-1P	ἐκπειράζωμεν		"[""ACLARA""]"	unstable	implicit-1P — ἐκπειράζωμεν	low	"[""verb:ἐκπειράζωμεν"", ""subject:implicit-1P"", ""field:unstable"", ""paso9:ACLARA""]"	False
P1300502	1corintios	10	9	10:9	502	1corintios-10-9-P02	unknown	ἐπείρασαν		"[""ACLARA""]"	unstable	sujeto no resuelto — ἐπείρασαν	low	"[""verb:ἐπείρασαν"", ""subject:unknown"", ""field:unstable"", ""paso9:ACLARA""]"	False
P1300503	1corintios	10	9	10:9	503	1corintios-10-9-P03	implicit-3P	ἀπώλλυντο		"[""ACLARA"", ""EXPONE""]"	stable	implicit-3P — ἀπώλλυντο	low	"[""verb:ἀπώλλυντο"", ""subject:implicit-3P"", ""field:stable"", ""paso9:ACLARA,EXPONE""]"	False
P1300504	1corintios	10	10	10:10	504	1corintios-10-10-P01	implicit-2P	γογγύζετε		"[""ACLARA""]"	unstable	implicit-2P — γογγύζετε	low	"[""verb:γογγύζετε"", ""subject:implicit-2P"", ""field:unstable"", ""paso9:ACLARA""]"	False
P1300505	1corintios	10	10	10:10	505	1corintios-10-10-P02	unknown	ἐγόγγυσαν		"[""ACLARA""]"	transitioning	sujeto no resuelto — ἐγόγγυσαν	low	"[""verb:ἐγόγγυσαν"", ""subject:unknown"", ""field:transitioning"", ""paso9:ACLARA""]"	False
P1300506	1corintios	10	10	10:10	506	1corintios-10-10-P03	implicit-3P	ἀπώλοντο		"[""EXPONE""]"	stable	implicit-3P — ἀπώλοντο	low	"[""verb:ἀπώλοντο"", ""subject:implicit-3P"", ""field:stable"", ""paso9:EXPONE""]"	False
P1300507	1corintios	10	11	10:11	507	1corintios-10-11-P01	implicit-3S	συνέβαινεν		"[""ACLARA""]"	recovering	implicit-3S — συνέβαινεν	low	"[""verb:συνέβαινεν"", ""subject:implicit-3S"", ""field:recovering"", ""paso9:ACLARA""]"	False
P1300508	1corintios	10	11	10:11	508	1corintios-10-11-P02	implicit-3S	ἐγράφη		"[""EXPONE""]"	stable	implicit-3S — ἐγράφη	low	"[""verb:ἐγράφη"", ""subject:implicit-3S"", ""field:stable"", ""paso9:EXPONE""]"	False
P1300509	1corintios	10	11	10:11	509	1corintios-10-11-P03	unknown	κατήντηκεν		"[""EXPONE""]"	stable	sujeto no resuelto — κατήντηκεν	low	"[""verb:κατήντηκεν"", ""subject:unknown"", ""field:stable"", ""paso9:EXPONE""]"	False
P1300510	1corintios	10	12	10:12	510	1corintios-10-12-P01	unknown	βλεπέτω		"[""RESULTADO"", ""EXPONE""]"	stable	sujeto no resuelto — βλεπέτω	low	"[""verb:βλεπέτω"", ""subject:unknown"", ""field:stable"", ""paso9:RESULTADO,EXPONE""]"	False
P1300511	1corintios	10	12	10:12	511	1corintios-10-12-P02	implicit-3S	πέσῃ		"[""EXPONE""]"	stable	implicit-3S — πέσῃ	low	"[""verb:πέσῃ"", ""subject:implicit-3S"", ""field:stable"", ""paso9:EXPONE""]"	False
P1300512	1corintios	10	13	10:13	512	1corintios-10-13-P01	unknown	εἴληφεν		"[""EXPONE""]"	stable	sujeto no resuelto — εἴληφεν	low	"[""verb:εἴληφεν"", ""subject:unknown"", ""field:stable"", ""paso9:EXPONE""]"	False
P1300513	1corintios	10	13	10:13	513	1corintios-10-13-P02	unknown	ἐάσει		"[""EXPONE""]"	stable	sujeto no resuelto — ἐάσει	low	"[""verb:ἐάσει"", ""subject:unknown"", ""field:stable"", ""paso9:EXPONE""]"	False
P1300514	1corintios	10	13	10:13	514	1corintios-10-13-P03	implicit-2P	δύνασθε		"[""CONDICIÓN"", ""ACLARA""]"	unstable	implicit-2P — δύνασθε	low	"[""verb:δύνασθε"", ""subject:implicit-2P"", ""field:unstable"", ""paso9:CONDICIÓN,ACLARA""]"	False
P1300515	1corintios	10	13	10:13	515	1corintios-10-13-P04	implicit-3S	ποιήσει		"[""ACLARA""]"	unstable	implicit-3S — ποιήσει	low	"[""verb:ποιήσει"", ""subject:implicit-3S"", ""field:unstable"", ""paso9:ACLARA""]"	False
P1300516	1corintios	10	14	10:14	516	1corintios-10-14-P01	implicit-2P	φεύγετε		"[""ACLARA""]"	unstable	implicit-2P — φεύγετε	low	"[""verb:φεύγετε"", ""subject:implicit-2P"", ""field:unstable"", ""paso9:ACLARA""]"	False
P1300517	1corintios	10	15	10:15	517	1corintios-10-15-P01	implicit-1S	λέγω		"[""ACLARA""]"	unstable	implicit-1S — λέγω	low	"[""verb:λέγω"", ""subject:implicit-1S"", ""field:unstable"", ""paso9:ACLARA""]"	False
P1300518	1corintios	10	15	10:15	518	1corintios-10-15-P02	implicit-2P	κρίνατε		"[""ACLARA""]"	unstable	implicit-2P — κρίνατε	low	"[""verb:κρίνατε"", ""subject:implicit-2P"", ""field:unstable"", ""paso9:ACLARA""]"	False
P1300519	1corintios	10	15	10:15	519	1corintios-10-15-P03	implicit-1S	φημι		"[""ACLARA""]"	unstable	implicit-1S — φημι	low	"[""verb:φημι"", ""subject:implicit-1S"", ""field:unstable"", ""paso9:ACLARA""]"	False
P1300520	1corintios	10	16	10:16	520	1corintios-10-16-P01	implicit-1P	εὐλογοῦμεν		"[""ACLARA""]"	recovering	implicit-1P — εὐλογοῦμεν	low	"[""verb:εὐλογοῦμεν"", ""subject:implicit-1P"", ""field:recovering"", ""paso9:ACLARA""]"	False
P1300521	1corintios	10	16	10:16	521	1corintios-10-16-P02	unknown	ἐστὶν		"[""ACLARA""]"	unstable	sujeto no resuelto — ἐστὶν	low	"[""verb:ἐστὶν"", ""subject:unknown"", ""field:unstable"", ""paso9:ACLARA""]"	False
P1300522	1corintios	10	16	10:16	522	1corintios-10-16-P03	implicit-1P	κλῶμεν		"[""ACLARA""]"	unstable	implicit-1P — κλῶμεν	low	"[""verb:κλῶμεν"", ""subject:implicit-1P"", ""field:unstable"", ""paso9:ACLARA""]"	False
P1300523	1corintios	10	16	10:16	523	1corintios-10-16-P04	unknown	ἐστιν		"[""ACLARA""]"	unstable	sujeto no resuelto — ἐστιν	low	"[""verb:ἐστιν"", ""subject:unknown"", ""field:unstable"", ""paso9:ACLARA""]"	False
P1300524	1corintios	10	17	10:17	524	1corintios-10-17-P01	implicit-1P	ἐσμεν		"[""ACLARA""]"	unstable	implicit-1P — ἐσμεν	low	"[""verb:ἐσμεν"", ""subject:implicit-1P"", ""field:unstable"", ""paso9:ACLARA""]"	False
P1300525	1corintios	10	17	10:17	525	1corintios-10-17-P02	implicit-1P	μετέχομεν		"[""RAZÓN"", ""ACLARA"", ""EXPONE""]"	stable	implicit-1P — μετέχομεν	low	"[""verb:μετέχομεν"", ""subject:implicit-1P"", ""field:stable"", ""paso9:RAZÓN,ACLARA,EXPONE""]"	False
P1300526	1corintios	10	18	10:18	526	1corintios-10-18-P01	implicit-2P	βλέπετε		"[""ACLARA""]"	unstable	implicit-2P — βλέπετε	low	"[""verb:βλέπετε"", ""subject:implicit-2P"", ""field:unstable"", ""paso9:ACLARA""]"	False
P1300527	1corintios	10	18	10:18	527	1corintios-10-18-P02	unknown	εἰσίν		"[""ACLARA""]"	unstable	sujeto no resuelto — εἰσίν	low	"[""verb:εἰσίν"", ""subject:unknown"", ""field:unstable"", ""paso9:ACLARA""]"	False
P1300528	1corintios	10	19	10:19	528	1corintios-10-19-P01	implicit-1S	φημι		"[""ACLARA""]"	unstable	implicit-1S — φημι	low	"[""verb:φημι"", ""subject:implicit-1S"", ""field:unstable"", ""paso9:ACLARA""]"	False
P1300529	1corintios	10	19	10:19	529	1corintios-10-19-P02	unknown	ἐστιν		"[""ACLARA""]"	transitioning	sujeto no resuelto — ἐστιν	low	"[""verb:ἐστιν"", ""subject:unknown"", ""field:transitioning"", ""paso9:ACLARA""]"	False
P1300530	1corintios	10	19	10:19	530	1corintios-10-19-P03	unknown	ἐστιν		"[""RAZÓN"", ""ACLARA"", ""EXPONE""]"	stable	sujeto no resuelto — ἐστιν	low	"[""verb:ἐστιν"", ""subject:unknown"", ""field:stable"", ""paso9:RAZÓN,ACLARA,EXPONE""]"	False
P1300531	1corintios	10	20	10:20	531	1corintios-10-20-P01	implicit-3P	θύουσιν		"[""RAZÓN"", ""ACLARA""]"	recovering	implicit-3P — θύουσιν	low	"[""verb:θύουσιν"", ""subject:implicit-3P"", ""field:recovering"", ""paso9:RAZÓN,ACLARA""]"	False
P1300532	1corintios	10	20	10:20	532	1corintios-10-20-P02	implicit-3P	θύουσιν		"[""RAZÓN"", ""ACLARA"", ""EXPONE""]"	stable	implicit-3P — θύουσιν	low	"[""verb:θύουσιν"", ""subject:implicit-3P"", ""field:stable"", ""paso9:RAZÓN,ACLARA,EXPONE""]"	False
P1300533	1corintios	10	20	10:20	533	1corintios-10-20-P03	implicit-1S	θέλω		"[""ACLARA""]"	unstable	implicit-1S — θέλω	low	"[""verb:θέλω"", ""subject:implicit-1S"", ""field:unstable"", ""paso9:ACLARA""]"	False
P1300534	1corintios	10	21	10:21	534	1corintios-10-21-P01	implicit-2P	δύνασθε		"[""ACLARA""]"	transitioning	implicit-2P — δύνασθε	low	"[""verb:δύνασθε"", ""subject:implicit-2P"", ""field:transitioning"", ""paso9:ACLARA""]"	False
P1300535	1corintios	10	21	10:21	535	1corintios-10-21-P02	implicit-2P	δύνασθε		"[""EXPONE""]"	stable	implicit-2P — δύνασθε	low	"[""verb:δύνασθε"", ""subject:implicit-2P"", ""field:stable"", ""paso9:EXPONE""]"	False
P1300536	1corintios	10	22	10:22	536	1corintios-10-22-P01	implicit-1P	παραζηλοῦμεν		"[""ACLARA""]"	transitioning	implicit-1P — παραζηλοῦμεν	low	"[""verb:παραζηλοῦμεν"", ""subject:implicit-1P"", ""field:transitioning"", ""paso9:ACLARA""]"	False
P1300537	1corintios	10	22	10:22	537	1corintios-10-22-P02	implicit-1P	ἐσμεν		"[""EXPONE""]"	stable	implicit-1P — ἐσμεν	low	"[""verb:ἐσμεν"", ""subject:implicit-1P"", ""field:stable"", ""paso9:EXPONE""]"	False
P1300538	1corintios	10	23	10:23	538	1corintios-10-23-P01	unknown	ἔξεστιν		"[""ACLARA""]"	transitioning	sujeto no resuelto — ἔξεστιν	low	"[""verb:ἔξεστιν"", ""subject:unknown"", ""field:transitioning"", ""paso9:ACLARA""]"	False
P1300539	1corintios	10	23	10:23	539	1corintios-10-23-P02	unknown	συμφέρει		"[""EXPONE""]"	stable	sujeto no resuelto — συμφέρει	low	"[""verb:συμφέρει"", ""subject:unknown"", ""field:stable"", ""paso9:EXPONE""]"	False
P1300540	1corintios	10	23	10:23	540	1corintios-10-23-P03	unknown	ἔξεστιν		"[""EXPONE""]"	stable	sujeto no resuelto — ἔξεστιν	low	"[""verb:ἔξεστιν"", ""subject:unknown"", ""field:stable"", ""paso9:EXPONE""]"	False
P1300541	1corintios	10	23	10:23	541	1corintios-10-23-P04	unknown	οἰκοδομεῖ		"[""EXPONE""]"	stable	sujeto no resuelto — οἰκοδομεῖ	low	"[""verb:οἰκοδομεῖ"", ""subject:unknown"", ""field:stable"", ""paso9:EXPONE""]"	False
P1300542	1corintios	10	24	10:24	542	1corintios-10-24-P01	unknown	ζητείτω		"[""EXPONE""]"	stable	sujeto no resuelto — ζητείτω	low	"[""verb:ζητείτω"", ""subject:unknown"", ""field:stable"", ""paso9:EXPONE""]"	False
P1300543	1corintios	10	25	10:25	543	1corintios-10-25-P01	implicit-2P	ἐσθίετε		"[""ACLARA""]"	unstable	implicit-2P — ἐσθίετε	low	"[""verb:ἐσθίετε"", ""subject:implicit-2P"", ""field:unstable"", ""paso9:ACLARA""]"	False
P1300544	1corintios	10	27	10:27	544	1corintios-10-27-P01	unknown	καλεῖ		"[""ACLARA""]"	unstable	sujeto no resuelto — καλεῖ	low	"[""verb:καλεῖ"", ""subject:unknown"", ""field:unstable"", ""paso9:ACLARA""]"	False
P1300545	1corintios	10	27	10:27	545	1corintios-10-27-P02	implicit-2P	θέλετε		"[""CONDICIÓN"", ""ACLARA""]"	transitioning	implicit-2P — θέλετε	low	"[""verb:θέλετε"", ""subject:implicit-2P"", ""field:transitioning"", ""paso9:CONDICIÓN,ACLARA""]"	False
P1300546	1corintios	10	27	10:27	546	1corintios-10-27-P03	implicit-2P	ἐσθίετε		"[""EXPONE""]"	stable	implicit-2P — ἐσθίετε	low	"[""verb:ἐσθίετε"", ""subject:implicit-2P"", ""field:stable"", ""paso9:EXPONE""]"	False
P1300547	1corintios	10	28	10:28	547	1corintios-10-28-P01	unknown	εἴπῃ		"[""ACLARA""]"	unstable	sujeto no resuelto — εἴπῃ	low	"[""verb:εἴπῃ"", ""subject:unknown"", ""field:unstable"", ""paso9:ACLARA""]"	False
P1300548	1corintios	10	28	10:28	548	1corintios-10-28-P02	unknown	ἐστιν		"[""CONDICIÓN"", ""EXPONE""]"	stable	sujeto no resuelto — ἐστιν	low	"[""verb:ἐστιν"", ""subject:unknown"", ""field:stable"", ""paso9:CONDICIÓN,EXPONE""]"	False
P1300549	1corintios	10	28	10:28	549	1corintios-10-28-P03	implicit-2P	ἐσθίετε		"[""ACLARA""]"	unstable	implicit-2P — ἐσθίετε	low	"[""verb:ἐσθίετε"", ""subject:implicit-2P"", ""field:unstable"", ""paso9:ACLARA""]"	False
P1300550	1corintios	10	29	10:29	550	1corintios-10-29-P01	implicit-1S	λέγω		"[""ACLARA""]"	unstable	implicit-1S — λέγω	low	"[""verb:λέγω"", ""subject:implicit-1S"", ""field:unstable"", ""paso9:ACLARA""]"	False
P1300551	1corintios	10	29	10:29	551	1corintios-10-29-P02	unknown	κρίνεται		"[""ACLARA""]"	transitioning	sujeto no resuelto — κρίνεται	low	"[""verb:κρίνεται"", ""subject:unknown"", ""field:transitioning"", ""paso9:ACLARA""]"	False
P1300552	1corintios	10	30	10:30	552	1corintios-10-30-P01	implicit-1S	μετέχω		"[""ACLARA""]"	transitioning	implicit-1S — μετέχω	low	"[""verb:μετέχω"", ""subject:implicit-1S"", ""field:transitioning"", ""paso9:ACLARA""]"	False
P1300553	1corintios	10	30	10:30	553	1corintios-10-30-P02	implicit-1S	βλασφημοῦμαι		"[""CONDICIÓN"", ""EXPONE""]"	stable	implicit-1S — βλασφημοῦμαι	low	"[""verb:βλασφημοῦμαι"", ""subject:implicit-1S"", ""field:stable"", ""paso9:CONDICIÓN,EXPONE""]"	False
P1300554	1corintios	10	30	10:30	554	1corintios-10-30-P03	implicit-1S	εὐχαριστῶ		"[""EXPONE""]"	stable	implicit-1S — εὐχαριστῶ	low	"[""verb:εὐχαριστῶ"", ""subject:implicit-1S"", ""field:stable"", ""paso9:EXPONE""]"	False
P1300555	1corintios	10	31	10:31	555	1corintios-10-31-P01	implicit-2P	ἐσθίετε		"[""ACLARA""]"	transitioning	implicit-2P — ἐσθίετε	low	"[""verb:ἐσθίετε"", ""subject:implicit-2P"", ""field:transitioning"", ""paso9:ACLARA""]"	False
P1300556	1corintios	10	31	10:31	556	1corintios-10-31-P02	implicit-2P	πίνετε		"[""EXPONE""]"	stable	implicit-2P — πίνετε	low	"[""verb:πίνετε"", ""subject:implicit-2P"", ""field:stable"", ""paso9:EXPONE""]"	False
P1300557	1corintios	10	31	10:31	557	1corintios-10-31-P03	implicit-2P	ποιεῖτε		"[""EXPONE""]"	stable	implicit-2P — ποιεῖτε	low	"[""verb:ποιεῖτε"", ""subject:implicit-2P"", ""field:stable"", ""paso9:EXPONE""]"	False
P1300558	1corintios	10	31	10:31	558	1corintios-10-31-P04	implicit-2P	ποιεῖτε		"[""EXPONE""]"	stable	implicit-2P — ποιεῖτε	low	"[""verb:ποιεῖτε"", ""subject:implicit-2P"", ""field:stable"", ""paso9:EXPONE""]"	False
P1300559	1corintios	10	32	10:32	559	1corintios-10-32-P01	implicit-2P	γίνεσθε		"[""EXPONE""]"	stable	implicit-2P — γίνεσθε	low	"[""verb:γίνεσθε"", ""subject:implicit-2P"", ""field:stable"", ""paso9:EXPONE""]"	False
P1300560	1corintios	10	33	10:33	560	1corintios-10-33-P01	implicit-1S	ἀρέσκω		"[""ACLARA""]"	unstable	implicit-1S — ἀρέσκω	low	"[""verb:ἀρέσκω"", ""subject:implicit-1S"", ""field:unstable"", ""paso9:ACLARA""]"	False
P1300561	1corintios	10	33	10:33	561	1corintios-10-33-P02	implicit-3P	σωθῶσιν		"[""ACLARA""]"	unstable	implicit-3P — σωθῶσιν	low	"[""verb:σωθῶσιν"", ""subject:implicit-3P"", ""field:unstable"", ""paso9:ACLARA""]"	False
P1300562	1corintios	11	1	11:1	562	1corintios-11-1-P01	implicit-2P	γίνεσθε		"[""PROPÓSITO"", ""ACLARA""]"	unstable	implicit-2P — γίνεσθε	low	"[""verb:γίνεσθε"", ""subject:implicit-2P"", ""field:unstable"", ""paso9:PROPÓSITO,ACLARA""]"	False
P1300563	1corintios	11	2	11:2	563	1corintios-11-2-P01	implicit-1S	ἐπαινῶ		"[""ACLARA""]"	unstable	implicit-1S — ἐπαινῶ	low	"[""verb:ἐπαινῶ"", ""subject:implicit-1S"", ""field:unstable"", ""paso9:ACLARA""]"	False
P1300564	1corintios	11	2	11:2	564	1corintios-11-2-P02	implicit-2P	μέμνησθε		"[""ACLARA""]"	unstable	implicit-2P — μέμνησθε	low	"[""verb:μέμνησθε"", ""subject:implicit-2P"", ""field:unstable"", ""paso9:ACLARA""]"	False
P1300565	1corintios	11	2	11:2	565	1corintios-11-2-P03	implicit-1S	παρέδωκα		"[""RAZÓN"", ""ACLARA""]"	unstable	implicit-1S — παρέδωκα	low	"[""verb:παρέδωκα"", ""subject:implicit-1S"", ""field:unstable"", ""paso9:RAZÓN,ACLARA""]"	False
P1300566	1corintios	11	2	11:2	566	1corintios-11-2-P04	implicit-2P	κατέχετε		"[""ACLARA""]"	unstable	implicit-2P — κατέχετε	low	"[""verb:κατέχετε"", ""subject:implicit-2P"", ""field:unstable"", ""paso9:ACLARA""]"	False
P1300567	1corintios	11	3	11:3	567	1corintios-11-3-P01	implicit-1S	θέλω		"[""ACLARA""]"	transitioning	implicit-1S — θέλω	low	"[""verb:θέλω"", ""subject:implicit-1S"", ""field:transitioning"", ""paso9:ACLARA""]"	False
P1300568	1corintios	11	3	11:3	568	1corintios-11-3-P02	unknown	ἐστιν		"[""ACLARA""]"	transitioning	sujeto no resuelto — ἐστιν	low	"[""verb:ἐστιν"", ""subject:unknown"", ""field:transitioning"", ""paso9:ACLARA""]"	False
P1300569	1corintios	11	4	11:4	569	1corintios-11-4-P01	implicit-3S	καταισχύνει		"[""RAZÓN"", ""ACLARA"", ""EXPONE""]"	stable	implicit-3S — καταισχύνει	low	"[""verb:καταισχύνει"", ""subject:implicit-3S"", ""field:stable"", ""paso9:RAZÓN,ACLARA,EXPONE""]"	False
P1300570	1corintios	11	5	11:5	570	1corintios-11-5-P01	implicit-3S	καταισχύνει		"[""EXPONE""]"	stable	implicit-3S — καταισχύνει	low	"[""verb:καταισχύνει"", ""subject:implicit-3S"", ""field:stable"", ""paso9:EXPONE""]"	False
P1300571	1corintios	11	5	11:5	571	1corintios-11-5-P02	implicit-3S	ἐστιν		"[""EXPONE""]"	stable	implicit-3S — ἐστιν	low	"[""verb:ἐστιν"", ""subject:implicit-3S"", ""field:stable"", ""paso9:EXPONE""]"	False
P1300572	1corintios	11	6	11:6	572	1corintios-11-6-P01	implicit-3S	κατακαλύπτεται		"[""EXPONE""]"	stable	implicit-3S — κατακαλύπτεται	low	"[""verb:κατακαλύπτεται"", ""subject:implicit-3S"", ""field:stable"", ""paso9:EXPONE""]"	False
P1300573	1corintios	11	6	11:6	573	1corintios-11-6-P02	implicit-3S	κειράσθω		"[""CONDICIÓN"", ""EXPONE""]"	stable	implicit-3S — κειράσθω	low	"[""verb:κειράσθω"", ""subject:implicit-3S"", ""field:stable"", ""paso9:CONDICIÓN,EXPONE""]"	False
P1300574	1corintios	11	6	11:6	574	1corintios-11-6-P03	implicit-3S	κατακαλυπτέσθω		"[""EXPONE""]"	stable	implicit-3S — κατακαλυπτέσθω	low	"[""verb:κατακαλυπτέσθω"", ""subject:implicit-3S"", ""field:stable"", ""paso9:EXPONE""]"	False
P1300575	1corintios	11	7	11:7	575	1corintios-11-7-P01	implicit-3S	ὀφείλει		"[""CONDICIÓN"", ""EXPONE""]"	stable	implicit-3S — ὀφείλει	low	"[""verb:ὀφείλει"", ""subject:implicit-3S"", ""field:stable"", ""paso9:CONDICIÓN,EXPONE""]"	False
P1300576	1corintios	11	7	11:7	576	1corintios-11-7-P02	unknown	ἐστιν		"[""EXPONE""]"	stable	sujeto no resuelto — ἐστιν	low	"[""verb:ἐστιν"", ""subject:unknown"", ""field:stable"", ""paso9:EXPONE""]"	False
P1300577	1corintios	11	8	11:8	577	1corintios-11-8-P01	implicit-3S	ἐστιν		"[""EXPONE""]"	stable	implicit-3S — ἐστιν	low	"[""verb:ἐστιν"", ""subject:implicit-3S"", ""field:stable"", ""paso9:EXPONE""]"	False
P1300578	1corintios	11	9	11:9	578	1corintios-11-9-P01	implicit-3S	ἐκτίσθη		"[""EXPONE""]"	stable	implicit-3S — ἐκτίσθη	low	"[""verb:ἐκτίσθη"", ""subject:implicit-3S"", ""field:stable"", ""paso9:EXPONE""]"	False
P1300579	1corintios	11	10	11:10	579	1corintios-11-10-P01	implicit-3S	ὀφείλει		"[""EXPONE""]"	stable	implicit-3S — ὀφείλει	low	"[""verb:ὀφείλει"", ""subject:implicit-3S"", ""field:stable"", ""paso9:EXPONE""]"	False
P1300580	1corintios	11	13	11:13	580	1corintios-11-13-P01	implicit-2P	κρίνατε		"[""ACLARA""]"	transitioning	implicit-2P — κρίνατε	low	"[""verb:κρίνατε"", ""subject:implicit-2P"", ""field:transitioning"", ""paso9:ACLARA""]"	False
P1300581	1corintios	11	13	11:13	581	1corintios-11-13-P02	implicit-3S	ἐστὶν		"[""ACLARA""]"	transitioning	implicit-3S — ἐστὶν	low	"[""verb:ἐστὶν"", ""subject:implicit-3S"", ""field:transitioning"", ""paso9:ACLARA""]"	False
P1300582	1corintios	11	14	11:14	582	1corintios-11-14-P01	unknown	διδάσκει		"[""EXPONE""]"	stable	sujeto no resuelto — διδάσκει	low	"[""verb:διδάσκει"", ""subject:unknown"", ""field:stable"", ""paso9:EXPONE""]"	False
P1300583	1corintios	11	14	11:14	583	1corintios-11-14-P02	implicit-3S	κομᾷ		"[""EXPONE""]"	stable	implicit-3S — κομᾷ	low	"[""verb:κομᾷ"", ""subject:implicit-3S"", ""field:stable"", ""paso9:EXPONE""]"	False
P1300584	1corintios	11	14	11:14	584	1corintios-11-14-P03	unknown	ἐστιν		"[""RAZÓN"", ""ACLARA"", ""CONDICIÓN"", ""EXPONE""]"	stable	sujeto no resuelto — ἐστιν	low	"[""verb:ἐστιν"", ""subject:unknown"", ""field:stable"", ""paso9:RAZÓN,ACLARA,CONDICIÓN,EXPONE""]"	False
P1300585	1corintios	11	15	11:15	585	1corintios-11-15-P01	implicit-3S	κομᾷ		"[""EXPONE""]"	stable	implicit-3S — κομᾷ	low	"[""verb:κομᾷ"", ""subject:implicit-3S"", ""field:stable"", ""paso9:EXPONE""]"	False
P1300586	1corintios	11	15	11:15	586	1corintios-11-15-P02	unknown	ἐστιν		"[""CONDICIÓN"", ""EXPONE""]"	stable	sujeto no resuelto — ἐστιν	low	"[""verb:ἐστιν"", ""subject:unknown"", ""field:stable"", ""paso9:CONDICIÓN,EXPONE""]"	False
P1300587	1corintios	11	15	11:15	587	1corintios-11-15-P03	unknown	δέδοται		"[""EXPONE""]"	stable	sujeto no resuelto — δέδοται	low	"[""verb:δέδοται"", ""subject:unknown"", ""field:stable"", ""paso9:EXPONE""]"	False
P1300588	1corintios	11	16	11:16	588	1corintios-11-16-P01	unknown	δοκεῖ		"[""RAZÓN"", ""ACLARA"", ""EXPONE""]"	stable	sujeto no resuelto — δοκεῖ	low	"[""verb:δοκεῖ"", ""subject:unknown"", ""field:stable"", ""paso9:RAZÓN,ACLARA,EXPONE""]"	False
P1300589	1corintios	11	16	11:16	589	1corintios-11-16-P02	implicit-1P	ἔχομεν		"[""CONDICIÓN"", ""ACLARA""]"	unstable	implicit-1P — ἔχομεν	low	"[""verb:ἔχομεν"", ""subject:implicit-1P"", ""field:unstable"", ""paso9:CONDICIÓN,ACLARA""]"	False
P1300590	1corintios	11	17	11:17	590	1corintios-11-17-P01	implicit-1S	ἐπαινῶ		"[""ACLARA""]"	recovering	implicit-1S — ἐπαινῶ	low	"[""verb:ἐπαινῶ"", ""subject:implicit-1S"", ""field:recovering"", ""paso9:ACLARA""]"	False
P1300591	1corintios	11	17	11:17	591	1corintios-11-17-P02	implicit-2P	συνέρχεσθε		"[""ACLARA""]"	unstable	implicit-2P — συνέρχεσθε	low	"[""verb:συνέρχεσθε"", ""subject:implicit-2P"", ""field:unstable"", ""paso9:ACLARA""]"	False
P1300592	1corintios	11	18	11:18	592	1corintios-11-18-P01	implicit-1S	ἀκούω		"[""RAZÓN"", ""ACLARA""]"	unstable	implicit-1S — ἀκούω	low	"[""verb:ἀκούω"", ""subject:implicit-1S"", ""field:unstable"", ""paso9:RAZÓN,ACLARA""]"	False
P1300593	1corintios	11	18	11:18	593	1corintios-11-18-P02	implicit-1S	πιστεύω		"[""EXPONE""]"	stable	implicit-1S — πιστεύω	low	"[""verb:πιστεύω"", ""subject:implicit-1S"", ""field:stable"", ""paso9:EXPONE""]"	False
P1300594	1corintios	11	19	11:19	594	1corintios-11-19-P01	implicit-3S	δεῖ		"[""ACLARA""]"	unstable	implicit-3S — δεῖ	low	"[""verb:δεῖ"", ""subject:implicit-3S"", ""field:unstable"", ""paso9:ACLARA""]"	False
P1300595	1corintios	11	19	11:19	595	1corintios-11-19-P02	unknown	γένωνται		"[""ACLARA""]"	recovering	sujeto no resuelto — γένωνται	low	"[""verb:γένωνται"", ""subject:unknown"", ""field:recovering"", ""paso9:ACLARA""]"	False
P1300596	1corintios	11	20	11:20	596	1corintios-11-20-P01	implicit-3S	ἔστιν		"[""PROPÓSITO"", ""ACLARA""]"	recovering	implicit-3S — ἔστιν	low	"[""verb:ἔστιν"", ""subject:implicit-3S"", ""field:recovering"", ""paso9:PROPÓSITO,ACLARA""]"	False
P1300597	1corintios	11	21	11:21	597	1corintios-11-21-P01	implicit-3S	προλαμβάνει		"[""EXPONE""]"	stable	implicit-3S — προλαμβάνει	low	"[""verb:προλαμβάνει"", ""subject:implicit-3S"", ""field:stable"", ""paso9:EXPONE""]"	False
P1300598	1corintios	11	21	11:21	598	1corintios-11-21-P02	implicit-3S	πεινᾷ		"[""EXPONE""]"	stable	implicit-3S — πεινᾷ	low	"[""verb:πεινᾷ"", ""subject:implicit-3S"", ""field:stable"", ""paso9:EXPONE""]"	False
P1300599	1corintios	11	21	11:21	599	1corintios-11-21-P03	implicit-3S	μεθύει		"[""EXPONE""]"	stable	implicit-3S — μεθύει	low	"[""verb:μεθύει"", ""subject:implicit-3S"", ""field:stable"", ""paso9:EXPONE""]"	False
P1300600	1corintios	11	22	11:22	600	1corintios-11-22-P01	implicit-2P	ἔχετε		"[""ACLARA""]"	transitioning	implicit-2P — ἔχετε	low	"[""verb:ἔχετε"", ""subject:implicit-2P"", ""field:transitioning"", ""paso9:ACLARA""]"	False
P1300601	1corintios	11	22	11:22	601	1corintios-11-22-P02	implicit-2P	καταφρονεῖτε		"[""EXPONE""]"	stable	implicit-2P — καταφρονεῖτε	low	"[""verb:καταφρονεῖτε"", ""subject:implicit-2P"", ""field:stable"", ""paso9:EXPONE""]"	False
P1300602	1corintios	11	22	11:22	602	1corintios-11-22-P03	implicit-2P	καταισχύνετε		"[""EXPONE""]"	stable	implicit-2P — καταισχύνετε	low	"[""verb:καταισχύνετε"", ""subject:implicit-2P"", ""field:stable"", ""paso9:EXPONE""]"	False
P1300603	1corintios	11	22	11:22	603	1corintios-11-22-P04	implicit-1S	εἴπω		"[""ACLARA""]"	transitioning	implicit-1S — εἴπω	low	"[""verb:εἴπω"", ""subject:implicit-1S"", ""field:transitioning"", ""paso9:ACLARA""]"	False
P1300604	1corintios	11	22	11:22	604	1corintios-11-22-P05	implicit-1S	ἐπαινέσω		"[""EXPONE""]"	stable	implicit-1S — ἐπαινέσω	low	"[""verb:ἐπαινέσω"", ""subject:implicit-1S"", ""field:stable"", ""paso9:EXPONE""]"	False
P1300605	1corintios	11	22	11:22	605	1corintios-11-22-P06	implicit-1S	ἐπαινῶ		"[""EXPONE""]"	stable	implicit-1S — ἐπαινῶ	low	"[""verb:ἐπαινῶ"", ""subject:implicit-1S"", ""field:stable"", ""paso9:EXPONE""]"	False
P1300606	1corintios	11	23	11:23	606	1corintios-11-23-P01	implicit-1S	παρέλαβον		"[""EXPONE""]"	stable	implicit-1S — παρέλαβον	low	"[""verb:παρέλαβον"", ""subject:implicit-1S"", ""field:stable"", ""paso9:EXPONE""]"	False
P1300607	1corintios	11	23	11:23	607	1corintios-11-23-P02	implicit-1S	παρέδωκα		"[""EXPONE""]"	stable	implicit-1S — παρέδωκα	low	"[""verb:παρέδωκα"", ""subject:implicit-1S"", ""field:stable"", ""paso9:EXPONE""]"	False
P1300608	1corintios	11	23	11:23	608	1corintios-11-23-P03	implicit-3S	παρεδίδετο		"[""ACLARA""]"	transitioning	implicit-3S — παρεδίδετο	low	"[""verb:παρεδίδετο"", ""subject:implicit-3S"", ""field:transitioning"", ""paso9:ACLARA""]"	False
P1300609	1corintios	11	23	11:23	609	1corintios-11-23-P04	implicit-3S	ἔλαβεν		"[""RAZÓN"", ""ACLARA"", ""EXPONE""]"	stable	implicit-3S — ἔλαβεν	low	"[""verb:ἔλαβεν"", ""subject:implicit-3S"", ""field:stable"", ""paso9:RAZÓN,ACLARA,EXPONE""]"	False
P1300610	1corintios	11	24	11:24	610	1corintios-11-24-P01	implicit-3S	ἔκλασεν		"[""EXPONE""]"	stable	implicit-3S — ἔκλασεν	low	"[""verb:ἔκλασεν"", ""subject:implicit-3S"", ""field:stable"", ""paso9:EXPONE""]"	False
P1300611	1corintios	11	24	11:24	611	1corintios-11-24-P02	implicit-3S	εἶπεν		"[""EXPONE""]"	stable	implicit-3S — εἶπεν	low	"[""verb:εἶπεν"", ""subject:implicit-3S"", ""field:stable"", ""paso9:EXPONE""]"	False
P1300612	1corintios	11	24	11:24	612	1corintios-11-24-P03	unknown	ἐστιν		"[""EXPONE""]"	stable	sujeto no resuelto — ἐστιν	low	"[""verb:ἐστιν"", ""subject:unknown"", ""field:stable"", ""paso9:EXPONE""]"	False
P1300613	1corintios	11	24	11:24	613	1corintios-11-24-P04	implicit-2P	ποιεῖτε		"[""ACLARA""]"	unstable	implicit-2P — ποιεῖτε	low	"[""verb:ποιεῖτε"", ""subject:implicit-2P"", ""field:unstable"", ""paso9:ACLARA""]"	False
P1300614	1corintios	11	25	11:25	614	1corintios-11-25-P01	unknown	ἐστὶν		"[""ACLARA""]"	transitioning	sujeto no resuelto — ἐστὶν	low	"[""verb:ἐστὶν"", ""subject:unknown"", ""field:transitioning"", ""paso9:ACLARA""]"	False
P1300615	1corintios	11	25	11:25	615	1corintios-11-25-P02	implicit-2P	ποιεῖτε		"[""ACLARA""]"	transitioning	implicit-2P — ποιεῖτε	low	"[""verb:ποιεῖτε"", ""subject:implicit-2P"", ""field:transitioning"", ""paso9:ACLARA""]"	False
P1300616	1corintios	11	25	11:25	616	1corintios-11-25-P03	implicit-2P	πίνητε		"[""EXPONE""]"	stable	implicit-2P — πίνητε	low	"[""verb:πίνητε"", ""subject:implicit-2P"", ""field:stable"", ""paso9:EXPONE""]"	False
P1300617	1corintios	11	26	11:26	617	1corintios-11-26-P01	implicit-2P	ἐσθίητε		"[""CONDICIÓN"", ""EXPONE""]"	stable	implicit-2P — ἐσθίητε	low	"[""verb:ἐσθίητε"", ""subject:implicit-2P"", ""field:stable"", ""paso9:CONDICIÓN,EXPONE""]"	False
P1300618	1corintios	11	26	11:26	618	1corintios-11-26-P02	implicit-2P	πίνητε		"[""CONDICIÓN"", ""EXPONE""]"	stable	implicit-2P — πίνητε	low	"[""verb:πίνητε"", ""subject:implicit-2P"", ""field:stable"", ""paso9:CONDICIÓN,EXPONE""]"	False
P1300619	1corintios	11	26	11:26	619	1corintios-11-26-P03	implicit-2P	καταγγέλλετε		"[""EXPONE""]"	stable	implicit-2P — καταγγέλλετε	low	"[""verb:καταγγέλλετε"", ""subject:implicit-2P"", ""field:stable"", ""paso9:EXPONE""]"	False
P1300620	1corintios	11	26	11:26	620	1corintios-11-26-P04	implicit-3S	ἔλθῃ		"[""ACLARA""]"	transitioning	implicit-3S — ἔλθῃ	low	"[""verb:ἔλθῃ"", ""subject:implicit-3S"", ""field:transitioning"", ""paso9:ACLARA""]"	False
P1300621	1corintios	11	27	11:27	621	1corintios-11-27-P01	unknown	ἐσθίῃ		"[""RESULTADO"", ""EXPONE""]"	stable	sujeto no resuelto — ἐσθίῃ	low	"[""verb:ἐσθίῃ"", ""subject:unknown"", ""field:stable"", ""paso9:RESULTADO,EXPONE""]"	False
P1300622	1corintios	11	27	11:27	622	1corintios-11-27-P02	implicit-3S	πίνῃ		"[""EXPONE""]"	stable	implicit-3S — πίνῃ	low	"[""verb:πίνῃ"", ""subject:implicit-3S"", ""field:stable"", ""paso9:EXPONE""]"	False
P1300623	1corintios	11	27	11:27	623	1corintios-11-27-P03	unknown	ἔσται		"[""EXPONE""]"	stable	sujeto no resuelto — ἔσται	low	"[""verb:ἔσται"", ""subject:unknown"", ""field:stable"", ""paso9:EXPONE""]"	False
P1300624	1corintios	11	28	11:28	624	1corintios-11-28-P01	implicit-3S	δοκιμαζέτω		"[""EXPONE""]"	stable	implicit-3S — δοκιμαζέτω	low	"[""verb:δοκιμαζέτω"", ""subject:implicit-3S"", ""field:stable"", ""paso9:EXPONE""]"	False
P1300625	1corintios	11	28	11:28	625	1corintios-11-28-P02	implicit-3S	ἐσθιέτω		"[""EXPONE""]"	stable	implicit-3S — ἐσθιέτω	low	"[""verb:ἐσθιέτω"", ""subject:implicit-3S"", ""field:stable"", ""paso9:EXPONE""]"	False
P1300626	1corintios	11	28	11:28	626	1corintios-11-28-P03	implicit-3S	πινέτω		"[""EXPONE""]"	stable	implicit-3S — πινέτω	low	"[""verb:πινέτω"", ""subject:implicit-3S"", ""field:stable"", ""paso9:EXPONE""]"	False
P1300627	1corintios	11	29	11:29	627	1corintios-11-29-P01	implicit-3S	ἐσθίει		"[""EXPONE""]"	stable	implicit-3S — ἐσθίει	low	"[""verb:ἐσθίει"", ""subject:implicit-3S"", ""field:stable"", ""paso9:EXPONE""]"	False
P1300628	1corintios	11	29	11:29	628	1corintios-11-29-P02	implicit-3S	πίνει		"[""EXPONE""]"	stable	implicit-3S — πίνει	low	"[""verb:πίνει"", ""subject:implicit-3S"", ""field:stable"", ""paso9:EXPONE""]"	False
P1300629	1corintios	11	30	11:30	629	1corintios-11-30-P01	implicit-3P	κοιμῶνται		"[""ACLARA""]"	recovering	implicit-3P — κοιμῶνται	low	"[""verb:κοιμῶνται"", ""subject:implicit-3P"", ""field:recovering"", ""paso9:ACLARA""]"	False
P1300630	1corintios	11	31	11:31	630	1corintios-11-31-P01	implicit-1P	διεκρίνομεν		"[""ACLARA""]"	transitioning	implicit-1P — διεκρίνομεν	low	"[""verb:διεκρίνομεν"", ""subject:implicit-1P"", ""field:transitioning"", ""paso9:ACLARA""]"	False
P1300631	1corintios	11	31	11:31	631	1corintios-11-31-P02	implicit-1P	ἐκρινόμεθα		"[""CONDICIÓN"", ""EXPONE""]"	stable	implicit-1P — ἐκρινόμεθα	low	"[""verb:ἐκρινόμεθα"", ""subject:implicit-1P"", ""field:stable"", ""paso9:CONDICIÓN,EXPONE""]"	False
P1300632	1corintios	11	32	11:32	632	1corintios-11-32-P01	implicit-1P	παιδευόμεθα		"[""EXPONE""]"	stable	implicit-1P — παιδευόμεθα	low	"[""verb:παιδευόμεθα"", ""subject:implicit-1P"", ""field:stable"", ""paso9:EXPONE""]"	False
P1300633	1corintios	11	32	11:32	633	1corintios-11-32-P02	implicit-1P	κατακριθῶμεν		"[""EXPONE""]"	stable	implicit-1P — κατακριθῶμεν	low	"[""verb:κατακριθῶμεν"", ""subject:implicit-1P"", ""field:stable"", ""paso9:EXPONE""]"	False
P1300634	1corintios	11	33	11:33	634	1corintios-11-33-P01	implicit-2P	ἐκδέχεσθε		"[""PROPÓSITO"", ""RESULTADO"", ""ACLARA""]"	unstable	implicit-2P — ἐκδέχεσθε	low	"[""verb:ἐκδέχεσθε"", ""subject:implicit-2P"", ""field:unstable"", ""paso9:PROPÓSITO,RESULTADO,ACLARA""]"	False
P1300635	1corintios	11	34	11:34	635	1corintios-11-34-P01	unknown	πεινᾷ		"[""ACLARA""]"	unstable	sujeto no resuelto — πεινᾷ	low	"[""verb:πεινᾷ"", ""subject:unknown"", ""field:unstable"", ""paso9:ACLARA""]"	False
P1300636	1corintios	11	34	11:34	636	1corintios-11-34-P02	implicit-3S	ἐσθιέτω		"[""CONDICIÓN"", ""EXPONE""]"	stable	implicit-3S — ἐσθιέτω	low	"[""verb:ἐσθιέτω"", ""subject:implicit-3S"", ""field:stable"", ""paso9:CONDICIÓN,EXPONE""]"	False
P1300637	1corintios	11	34	11:34	637	1corintios-11-34-P03	implicit-2P	συνέρχησθε		"[""ACLARA""]"	transitioning	implicit-2P — συνέρχησθε	low	"[""verb:συνέρχησθε"", ""subject:implicit-2P"", ""field:transitioning"", ""paso9:ACLARA""]"	False
P1300638	1corintios	11	34	11:34	638	1corintios-11-34-P04	implicit-1S	ἔλθω		"[""PROPÓSITO"", ""ACLARA""]"	transitioning	implicit-1S — ἔλθω	low	"[""verb:ἔλθω"", ""subject:implicit-1S"", ""field:transitioning"", ""paso9:PROPÓSITO,ACLARA""]"	False
P1300639	1corintios	11	34	11:34	639	1corintios-11-34-P05	implicit-1S	διατάξομαι		"[""ACLARA"", ""EXPONE""]"	stable	implicit-1S — διατάξομαι	low	"[""verb:διατάξομαι"", ""subject:implicit-1S"", ""field:stable"", ""paso9:ACLARA,EXPONE""]"	False
P1300640	1corintios	12	1	12:1	640	1corintios-12-1-P01	implicit-1S	θέλω		"[""EXPONE""]"	stable	implicit-1S — θέλω	low	"[""verb:θέλω"", ""subject:implicit-1S"", ""field:stable"", ""paso9:EXPONE""]"	False
P1300641	1corintios	12	2	12:2	641	1corintios-12-2-P01	implicit-2P	οἴδατε		"[""ACLARA""]"	transitioning	implicit-2P — οἴδατε	low	"[""verb:οἴδατε"", ""subject:implicit-2P"", ""field:transitioning"", ""paso9:ACLARA""]"	False
P1300642	1corintios	12	2	12:2	642	1corintios-12-2-P02	implicit-2P	ἦτε		"[""EXPONE""]"	stable	implicit-2P — ἦτε	low	"[""verb:ἦτε"", ""subject:implicit-2P"", ""field:stable"", ""paso9:EXPONE""]"	False
P1300643	1corintios	12	2	12:2	643	1corintios-12-2-P03	implicit-2P	ἤγεσθε		"[""RAZÓN"", ""ACLARA"", ""EXPONE""]"	stable	implicit-2P — ἤγεσθε	low	"[""verb:ἤγεσθε"", ""subject:implicit-2P"", ""field:stable"", ""paso9:RAZÓN,ACLARA,EXPONE""]"	False
P1300644	1corintios	12	3	12:3	644	1corintios-12-3-P01	implicit-1S	γνωρίζω		"[""ACLARA""]"	unstable	implicit-1S — γνωρίζω	low	"[""verb:γνωρίζω"", ""subject:implicit-1S"", ""field:unstable"", ""paso9:ACLARA""]"	False
P1300645	1corintios	12	3	12:3	645	1corintios-12-3-P02	unknown	λέγει		"[""ACLARA""]"	transitioning	sujeto no resuelto — λέγει	low	"[""verb:λέγει"", ""subject:unknown"", ""field:transitioning"", ""paso9:ACLARA""]"	False
P1300646	1corintios	12	3	12:3	646	1corintios-12-3-P03	unknown	δύναται		"[""RAZÓN"", ""ACLARA"", ""EXPONE""]"	stable	sujeto no resuelto — δύναται	low	"[""verb:δύναται"", ""subject:unknown"", ""field:stable"", ""paso9:RAZÓN,ACLARA,EXPONE""]"	False
P1300647	1corintios	12	4	12:4	647	1corintios-12-4-P01	implicit-3P	εἰσίν		"[""ACLARA""]"	recovering	implicit-3P — εἰσίν	low	"[""verb:εἰσίν"", ""subject:implicit-3P"", ""field:recovering"", ""paso9:ACLARA""]"	False
P1300648	1corintios	12	5	12:5	648	1corintios-12-5-P01	unknown	εἰσιν		"[""EXPONE""]"	stable	sujeto no resuelto — εἰσιν	low	"[""verb:εἰσιν"", ""subject:unknown"", ""field:stable"", ""paso9:EXPONE""]"	False
P1300649	1corintios	12	6	12:6	649	1corintios-12-6-P01	unknown	εἰσίν		"[""EXPONE""]"	stable	sujeto no resuelto — εἰσίν	low	"[""verb:εἰσίν"", ""subject:unknown"", ""field:stable"", ""paso9:EXPONE""]"	False
P1300650	1corintios	12	7	12:7	650	1corintios-12-7-P01	implicit-3S	δίδοται		"[""ACLARA""]"	recovering	implicit-3S — δίδοται	low	"[""verb:δίδοται"", ""subject:implicit-3S"", ""field:recovering"", ""paso9:ACLARA""]"	False
P1300651	1corintios	12	8	12:8	651	1corintios-12-8-P01	implicit-3S	δίδοται		"[""EXPONE""]"	stable	implicit-3S — δίδοται	low	"[""verb:δίδοται"", ""subject:implicit-3S"", ""field:stable"", ""paso9:EXPONE""]"	False
P1300652	1corintios	12	11	12:11	652	1corintios-12-11-P01	implicit-3S	ἐνεργεῖ		"[""EXPONE""]"	stable	implicit-3S — ἐνεργεῖ	low	"[""verb:ἐνεργεῖ"", ""subject:implicit-3S"", ""field:stable"", ""paso9:EXPONE""]"	False
P1300653	1corintios	12	11	12:11	653	1corintios-12-11-P02	unknown	βούλεται		"[""EXPONE""]"	stable	sujeto no resuelto — βούλεται	low	"[""verb:βούλεται"", ""subject:unknown"", ""field:stable"", ""paso9:EXPONE""]"	False
P1300654	1corintios	12	12	12:12	654	1corintios-12-12-P01	unknown	ἐστιν		"[""ACLARA"", ""EXPONE""]"	stable	sujeto no resuelto — ἐστιν	low	"[""verb:ἐστιν"", ""subject:unknown"", ""field:stable"", ""paso9:ACLARA,EXPONE""]"	False
P1300655	1corintios	12	12	12:12	655	1corintios-12-12-P02	implicit-3S	ἔχει		"[""EXPONE""]"	stable	implicit-3S — ἔχει	low	"[""verb:ἔχει"", ""subject:implicit-3S"", ""field:stable"", ""paso9:EXPONE""]"	False
P1300656	1corintios	12	12	12:12	656	1corintios-12-12-P03	unknown	ἐστιν		"[""EXPONE""]"	stable	sujeto no resuelto — ἐστιν	low	"[""verb:ἐστιν"", ""subject:unknown"", ""field:stable"", ""paso9:EXPONE""]"	False
P1300657	1corintios	12	13	12:13	657	1corintios-12-13-P01	implicit-1P	ἐβαπτίσθημεν		"[""ACLARA""]"	transitioning	implicit-1P — ἐβαπτίσθημεν	low	"[""verb:ἐβαπτίσθημεν"", ""subject:implicit-1P"", ""field:transitioning"", ""paso9:ACLARA""]"	False
P1300658	1corintios	12	13	12:13	658	1corintios-12-13-P02	implicit-1P	ἐποτίσθημεν		"[""EXPONE""]"	stable	implicit-1P — ἐποτίσθημεν	low	"[""verb:ἐποτίσθημεν"", ""subject:implicit-1P"", ""field:stable"", ""paso9:EXPONE""]"	False
P1300659	1corintios	12	14	12:14	659	1corintios-12-14-P01	unknown	ἔστιν		"[""ACLARA""]"	transitioning	sujeto no resuelto — ἔστιν	low	"[""verb:ἔστιν"", ""subject:unknown"", ""field:transitioning"", ""paso9:ACLARA""]"	False
P1300660	1corintios	12	15	12:15	660	1corintios-12-15-P01	implicit-3S	εἴπῃ		"[""EXPONE""]"	stable	implicit-3S — εἴπῃ	low	"[""verb:εἴπῃ"", ""subject:implicit-3S"", ""field:stable"", ""paso9:EXPONE""]"	False
P1300661	1corintios	12	15	12:15	661	1corintios-12-15-P02	implicit-1S	εἰμὶ		"[""CONDICIÓN"", ""ACLARA""]"	transitioning	implicit-1S — εἰμὶ	low	"[""verb:εἰμὶ"", ""subject:implicit-1S"", ""field:transitioning"", ""paso9:CONDICIÓN,ACLARA""]"	False
P1300662	1corintios	12	15	12:15	662	1corintios-12-15-P03	implicit-1S	εἰμὶ		"[""RAZÓN"", ""ACLARA"", ""EXPONE""]"	stable	implicit-1S — εἰμὶ	low	"[""verb:εἰμὶ"", ""subject:implicit-1S"", ""field:stable"", ""paso9:RAZÓN,ACLARA,EXPONE""]"	False
P1300663	1corintios	12	15	12:15	663	1corintios-12-15-P04	implicit-3S	ἔστιν		"[""ACLARA""]"	transitioning	implicit-3S — ἔστιν	low	"[""verb:ἔστιν"", ""subject:implicit-3S"", ""field:transitioning"", ""paso9:ACLARA""]"	False
P1300664	1corintios	12	16	12:16	664	1corintios-12-16-P01	implicit-3S	εἴπῃ		"[""EXPONE""]"	stable	implicit-3S — εἴπῃ	low	"[""verb:εἴπῃ"", ""subject:implicit-3S"", ""field:stable"", ""paso9:EXPONE""]"	False
P1300665	1corintios	12	16	12:16	665	1corintios-12-16-P02	implicit-1S	εἰμὶ		"[""CONDICIÓN"", ""ACLARA""]"	transitioning	implicit-1S — εἰμὶ	low	"[""verb:εἰμὶ"", ""subject:implicit-1S"", ""field:transitioning"", ""paso9:CONDICIÓN,ACLARA""]"	False
P1300666	1corintios	12	16	12:16	666	1corintios-12-16-P03	implicit-1S	εἰμὶ		"[""RAZÓN"", ""ACLARA"", ""EXPONE""]"	stable	implicit-1S — εἰμὶ	low	"[""verb:εἰμὶ"", ""subject:implicit-1S"", ""field:stable"", ""paso9:RAZÓN,ACLARA,EXPONE""]"	False
P1300667	1corintios	12	16	12:16	667	1corintios-12-16-P04	implicit-3S	ἔστιν		"[""ACLARA""]"	transitioning	implicit-3S — ἔστιν	low	"[""verb:ἔστιν"", ""subject:implicit-3S"", ""field:transitioning"", ""paso9:ACLARA""]"	False
P1300668	1corintios	12	18	12:18	668	1corintios-12-18-P01	unknown	ἔθετο		"[""EXPONE""]"	stable	sujeto no resuelto — ἔθετο	low	"[""verb:ἔθετο"", ""subject:unknown"", ""field:stable"", ""paso9:EXPONE""]"	False
P1300669	1corintios	12	18	12:18	669	1corintios-12-18-P02	implicit-3S	ἠθέλησεν		"[""EXPONE""]"	stable	implicit-3S — ἠθέλησεν	low	"[""verb:ἠθέλησεν"", ""subject:implicit-3S"", ""field:stable"", ""paso9:EXPONE""]"	False
P1300670	1corintios	12	19	12:19	670	1corintios-12-19-P01	implicit-3S	ἦν		"[""ACLARA"", ""EXPONE""]"	stable	implicit-3S — ἦν	low	"[""verb:ἦν"", ""subject:implicit-3S"", ""field:stable"", ""paso9:ACLARA,EXPONE""]"	False
P1300671	1corintios	12	21	12:21	671	1corintios-12-21-P01	implicit-3S	δύναται		"[""CONDICIÓN"", ""EXPONE""]"	stable	implicit-3S — δύναται	low	"[""verb:δύναται"", ""subject:implicit-3S"", ""field:stable"", ""paso9:CONDICIÓN,EXPONE""]"	False
P1300672	1corintios	12	21	12:21	672	1corintios-12-21-P02	implicit-1S	ἔχω		"[""ACLARA""]"	unstable	implicit-1S — ἔχω	low	"[""verb:ἔχω"", ""subject:implicit-1S"", ""field:unstable"", ""paso9:ACLARA""]"	False
P1300673	1corintios	12	21	12:21	673	1corintios-12-21-P03	implicit-1S	ἔχω		"[""EXPONE""]"	stable	implicit-1S — ἔχω	low	"[""verb:ἔχω"", ""subject:implicit-1S"", ""field:stable"", ""paso9:EXPONE""]"	False
P1300674	1corintios	12	22	12:22	674	1corintios-12-22-P01	unknown	ἐστιν		"[""ACLARA""]"	unstable	sujeto no resuelto — ἐστιν	low	"[""verb:ἐστιν"", ""subject:unknown"", ""field:unstable"", ""paso9:ACLARA""]"	False
P1300675	1corintios	12	23	12:23	675	1corintios-12-23-P01	implicit-1P	δοκοῦμεν		"[""ACLARA""]"	transitioning	implicit-1P — δοκοῦμεν	low	"[""verb:δοκοῦμεν"", ""subject:implicit-1P"", ""field:transitioning"", ""paso9:ACLARA""]"	False
P1300676	1corintios	12	23	12:23	676	1corintios-12-23-P02	implicit-1P	περιτίθεμεν		"[""EXPONE""]"	stable	implicit-1P — περιτίθεμεν	low	"[""verb:περιτίθεμεν"", ""subject:implicit-1P"", ""field:stable"", ""paso9:EXPONE""]"	False
P1300677	1corintios	12	23	12:23	677	1corintios-12-23-P03	unknown	ἔχει		"[""ACLARA""]"	transitioning	sujeto no resuelto — ἔχει	low	"[""verb:ἔχει"", ""subject:unknown"", ""field:transitioning"", ""paso9:ACLARA""]"	False
P1300678	1corintios	12	24	12:24	678	1corintios-12-24-P01	unknown	ἔχει		"[""EXPONE""]"	stable	sujeto no resuelto — ἔχει	low	"[""verb:ἔχει"", ""subject:unknown"", ""field:stable"", ""paso9:EXPONE""]"	False
P1300679	1corintios	12	24	12:24	679	1corintios-12-24-P02	unknown	συνεκέρασεν		"[""EXPONE""]"	stable	sujeto no resuelto — συνεκέρασεν	low	"[""verb:συνεκέρασεν"", ""subject:unknown"", ""field:stable"", ""paso9:EXPONE""]"	False
P1300680	1corintios	12	25	12:25	680	1corintios-12-25-P01	implicit-3S	ᾖ		"[""EXPONE""]"	stable	implicit-3S — ᾖ	low	"[""verb:ᾖ"", ""subject:implicit-3S"", ""field:stable"", ""paso9:EXPONE""]"	False
P1300681	1corintios	12	25	12:25	681	1corintios-12-25-P02	implicit-3P	μεριμνῶσι		"[""PROPÓSITO"", ""ACLARA""]"	recovering	implicit-3P — μεριμνῶσι	low	"[""verb:μεριμνῶσι"", ""subject:implicit-3P"", ""field:recovering"", ""paso9:PROPÓSITO,ACLARA""]"	False
P1300682	1corintios	12	26	12:26	682	1corintios-12-26-P01	implicit-3S	πάσχει		"[""ACLARA""]"	recovering	implicit-3S — πάσχει	low	"[""verb:πάσχει"", ""subject:implicit-3S"", ""field:recovering"", ""paso9:ACLARA""]"	False
P1300683	1corintios	12	26	12:26	683	1corintios-12-26-P02	unknown	συμπάσχει		"[""EXPONE""]"	stable	sujeto no resuelto — συμπάσχει	low	"[""verb:συμπάσχει"", ""subject:unknown"", ""field:stable"", ""paso9:EXPONE""]"	False
P1300684	1corintios	12	26	12:26	684	1corintios-12-26-P03	implicit-3S	δοξάζεται		"[""EXPONE""]"	stable	implicit-3S — δοξάζεται	low	"[""verb:δοξάζεται"", ""subject:implicit-3S"", ""field:stable"", ""paso9:EXPONE""]"	False
P1300685	1corintios	12	26	12:26	685	1corintios-12-26-P04	unknown	συγχαίρει		"[""EXPONE""]"	stable	sujeto no resuelto — συγχαίρει	low	"[""verb:συγχαίρει"", ""subject:unknown"", ""field:stable"", ""paso9:EXPONE""]"	False
P1300686	1corintios	12	27	12:27	686	1corintios-12-27-P01	implicit-2P	ἐστε		"[""ACLARA""]"	unstable	implicit-2P — ἐστε	low	"[""verb:ἐστε"", ""subject:implicit-2P"", ""field:unstable"", ""paso9:ACLARA""]"	False
P1300687	1corintios	12	28	12:28	687	1corintios-12-28-P01	implicit-3S	ἔθετο		"[""ACLARA""]"	transitioning	implicit-3S — ἔθετο	low	"[""verb:ἔθετο"", ""subject:implicit-3S"", ""field:transitioning"", ""paso9:ACLARA""]"	False
P1300688	1corintios	12	30	12:30	688	1corintios-12-30-P01	unknown	ἔχουσιν		"[""ACLARA""]"	recovering	sujeto no resuelto — ἔχουσιν	low	"[""verb:ἔχουσιν"", ""subject:unknown"", ""field:recovering"", ""paso9:ACLARA""]"	False
P1300689	1corintios	12	30	12:30	689	1corintios-12-30-P02	unknown	λαλοῦσιν		"[""EXPONE""]"	stable	sujeto no resuelto — λαλοῦσιν	low	"[""verb:λαλοῦσιν"", ""subject:unknown"", ""field:stable"", ""paso9:EXPONE""]"	False
P1300690	1corintios	12	30	12:30	690	1corintios-12-30-P03	unknown	διερμηνεύουσιν		"[""EXPONE""]"	stable	sujeto no resuelto — διερμηνεύουσιν	low	"[""verb:διερμηνεύουσιν"", ""subject:unknown"", ""field:stable"", ""paso9:EXPONE""]"	False
P1300691	1corintios	12	31	12:31	691	1corintios-12-31-P01	implicit-2P	ζηλοῦτε		"[""ACLARA""]"	transitioning	implicit-2P — ζηλοῦτε	low	"[""verb:ζηλοῦτε"", ""subject:implicit-2P"", ""field:transitioning"", ""paso9:ACLARA""]"	False
P1300692	1corintios	12	31	12:31	692	1corintios-12-31-P02	implicit-1S	δείκνυμι		"[""ACLARA""]"	transitioning	implicit-1S — δείκνυμι	low	"[""verb:δείκνυμι"", ""subject:implicit-1S"", ""field:transitioning"", ""paso9:ACLARA""]"	False
P1300693	1corintios	13	1	13:1	693	1corintios-13-1-P01	implicit-1S	λαλῶ		"[""EXPONE""]"	stable	implicit-1S — λαλῶ	low	"[""verb:λαλῶ"", ""subject:implicit-1S"", ""field:stable"", ""paso9:EXPONE""]"	False
P1300694	1corintios	13	1	13:1	694	1corintios-13-1-P02	implicit-1S	ἔχω		"[""CONDICIÓN"", ""EXPONE""]"	stable	implicit-1S — ἔχω	low	"[""verb:ἔχω"", ""subject:implicit-1S"", ""field:stable"", ""paso9:CONDICIÓN,EXPONE""]"	False
P1300695	1corintios	13	1	13:1	695	1corintios-13-1-P03	implicit-1S	γέγονα		"[""EXPONE""]"	stable	implicit-1S — γέγονα	low	"[""verb:γέγονα"", ""subject:implicit-1S"", ""field:stable"", ""paso9:EXPONE""]"	False
P1300696	1corintios	13	2	13:2	696	1corintios-13-2-P01	implicit-1S	ἔχω		"[""EXPONE""]"	stable	implicit-1S — ἔχω	low	"[""verb:ἔχω"", ""subject:implicit-1S"", ""field:stable"", ""paso9:EXPONE""]"	False
P1300697	1corintios	13	2	13:2	697	1corintios-13-2-P02	implicit-1S	εἰδῶ		"[""CONDICIÓN"", ""EXPONE""]"	stable	implicit-1S — εἰδῶ	low	"[""verb:εἰδῶ"", ""subject:implicit-1S"", ""field:stable"", ""paso9:CONDICIÓN,EXPONE""]"	False
P1300698	1corintios	13	2	13:2	698	1corintios-13-2-P03	implicit-1S	ἔχω		"[""EXPONE""]"	stable	implicit-1S — ἔχω	low	"[""verb:ἔχω"", ""subject:implicit-1S"", ""field:stable"", ""paso9:EXPONE""]"	False
P1300699	1corintios	13	2	13:2	699	1corintios-13-2-P04	implicit-1S	ἔχω		"[""RESULTADO"", ""EXPONE""]"	stable	implicit-1S — ἔχω	low	"[""verb:ἔχω"", ""subject:implicit-1S"", ""field:stable"", ""paso9:RESULTADO,EXPONE""]"	False
P1300700	1corintios	13	2	13:2	700	1corintios-13-2-P05	implicit-1S	εἰμι		"[""EXPONE""]"	stable	implicit-1S — εἰμι	low	"[""verb:εἰμι"", ""subject:implicit-1S"", ""field:stable"", ""paso9:EXPONE""]"	False
P1300701	1corintios	13	4	13:4	701	1corintios-13-4-P01	unknown	μακροθυμεῖ		"[""ACLARA""]"	transitioning	sujeto no resuelto — μακροθυμεῖ	low	"[""verb:μακροθυμεῖ"", ""subject:unknown"", ""field:transitioning"", ""paso9:ACLARA""]"	False
P1300702	1corintios	13	4	13:4	702	1corintios-13-4-P02	implicit-3S	χρηστεύεται		"[""EXPONE""]"	stable	implicit-3S — χρηστεύεται	low	"[""verb:χρηστεύεται"", ""subject:implicit-3S"", ""field:stable"", ""paso9:EXPONE""]"	False
P1300703	1corintios	13	4	13:4	703	1corintios-13-4-P03	unknown	ζηλοῖ		"[""EXPONE""]"	stable	sujeto no resuelto — ζηλοῖ	low	"[""verb:ζηλοῖ"", ""subject:unknown"", ""field:stable"", ""paso9:EXPONE""]"	False
P1300704	1corintios	13	4	13:4	704	1corintios-13-4-P04	unknown	περπερεύεται		"[""EXPONE""]"	stable	sujeto no resuelto — περπερεύεται	low	"[""verb:περπερεύεται"", ""subject:unknown"", ""field:stable"", ""paso9:EXPONE""]"	False
P1300705	1corintios	13	4	13:4	705	1corintios-13-4-P05	implicit-3S	φυσιοῦται		"[""EXPONE""]"	stable	implicit-3S — φυσιοῦται	low	"[""verb:φυσιοῦται"", ""subject:implicit-3S"", ""field:stable"", ""paso9:EXPONE""]"	False
P1300706	1corintios	13	5	13:5	706	1corintios-13-5-P01	implicit-3S	ἀσχημονεῖ		"[""EXPONE""]"	stable	implicit-3S — ἀσχημονεῖ	low	"[""verb:ἀσχημονεῖ"", ""subject:implicit-3S"", ""field:stable"", ""paso9:EXPONE""]"	False
P1300707	1corintios	13	5	13:5	707	1corintios-13-5-P02	implicit-3S	ζητεῖ		"[""EXPONE""]"	stable	implicit-3S — ζητεῖ	low	"[""verb:ζητεῖ"", ""subject:implicit-3S"", ""field:stable"", ""paso9:EXPONE""]"	False
P1300708	1corintios	13	5	13:5	708	1corintios-13-5-P03	implicit-3S	παροξύνεται		"[""EXPONE""]"	stable	implicit-3S — παροξύνεται	low	"[""verb:παροξύνεται"", ""subject:implicit-3S"", ""field:stable"", ""paso9:EXPONE""]"	False
P1300709	1corintios	13	5	13:5	709	1corintios-13-5-P04	implicit-3S	λογίζεται		"[""EXPONE""]"	stable	implicit-3S — λογίζεται	low	"[""verb:λογίζεται"", ""subject:implicit-3S"", ""field:stable"", ""paso9:EXPONE""]"	False
P1300710	1corintios	13	6	13:6	710	1corintios-13-6-P01	implicit-3S	χαίρει		"[""EXPONE""]"	stable	implicit-3S — χαίρει	low	"[""verb:χαίρει"", ""subject:implicit-3S"", ""field:stable"", ""paso9:EXPONE""]"	False
P1300711	1corintios	13	6	13:6	711	1corintios-13-6-P02	implicit-3S	συγχαίρει		"[""EXPONE""]"	stable	implicit-3S — συγχαίρει	low	"[""verb:συγχαίρει"", ""subject:implicit-3S"", ""field:stable"", ""paso9:EXPONE""]"	False
P1300712	1corintios	13	7	13:7	712	1corintios-13-7-P01	implicit-3S	στέγει		"[""EXPONE""]"	stable	implicit-3S — στέγει	low	"[""verb:στέγει"", ""subject:implicit-3S"", ""field:stable"", ""paso9:EXPONE""]"	False
P1300713	1corintios	13	7	13:7	713	1corintios-13-7-P02	implicit-3S	πιστεύει		"[""EXPONE""]"	stable	implicit-3S — πιστεύει	low	"[""verb:πιστεύει"", ""subject:implicit-3S"", ""field:stable"", ""paso9:EXPONE""]"	False
P1300714	1corintios	13	7	13:7	714	1corintios-13-7-P03	implicit-3S	ἐλπίζει		"[""EXPONE""]"	stable	implicit-3S — ἐλπίζει	low	"[""verb:ἐλπίζει"", ""subject:implicit-3S"", ""field:stable"", ""paso9:EXPONE""]"	False
P1300715	1corintios	13	7	13:7	715	1corintios-13-7-P04	implicit-3S	ὑπομένει		"[""EXPONE""]"	stable	implicit-3S — ὑπομένει	low	"[""verb:ὑπομένει"", ""subject:implicit-3S"", ""field:stable"", ""paso9:EXPONE""]"	False
P1300716	1corintios	13	8	13:8	716	1corintios-13-8-P01	unknown	πίπτει		"[""EXPONE""]"	stable	sujeto no resuelto — πίπτει	low	"[""verb:πίπτει"", ""subject:unknown"", ""field:stable"", ""paso9:EXPONE""]"	False
P1300717	1corintios	13	8	13:8	717	1corintios-13-8-P02	unknown	καταργηθήσονται		"[""ACLARA""]"	recovering	sujeto no resuelto — καταργηθήσονται	low	"[""verb:καταργηθήσονται"", ""subject:unknown"", ""field:recovering"", ""paso9:ACLARA""]"	False
P1300718	1corintios	13	8	13:8	718	1corintios-13-8-P03	unknown	παύσονται		"[""EXPONE""]"	stable	sujeto no resuelto — παύσονται	low	"[""verb:παύσονται"", ""subject:unknown"", ""field:stable"", ""paso9:EXPONE""]"	False
P1300719	1corintios	13	8	13:8	719	1corintios-13-8-P04	unknown	καταργηθήσεται		"[""ACLARA""]"	recovering	sujeto no resuelto — καταργηθήσεται	low	"[""verb:καταργηθήσεται"", ""subject:unknown"", ""field:recovering"", ""paso9:ACLARA""]"	False
P1300720	1corintios	13	9	13:9	720	1corintios-13-9-P01	implicit-1P	γινώσκομεν		"[""ACLARA""]"	transitioning	implicit-1P — γινώσκομεν	low	"[""verb:γινώσκομεν"", ""subject:implicit-1P"", ""field:transitioning"", ""paso9:ACLARA""]"	False
P1300721	1corintios	13	9	13:9	721	1corintios-13-9-P02	implicit-1P	προφητεύομεν		"[""EXPONE""]"	stable	implicit-1P — προφητεύομεν	low	"[""verb:προφητεύομεν"", ""subject:implicit-1P"", ""field:stable"", ""paso9:EXPONE""]"	False
P1300722	1corintios	13	10	13:10	722	1corintios-13-10-P01	implicit-3S	ἔλθῃ		"[""ACLARA""]"	transitioning	implicit-3S — ἔλθῃ	low	"[""verb:ἔλθῃ"", ""subject:implicit-3S"", ""field:transitioning"", ""paso9:ACLARA""]"	False
P1300723	1corintios	13	10	13:10	723	1corintios-13-10-P02	unknown	καταργηθήσεται		"[""EXPONE""]"	stable	sujeto no resuelto — καταργηθήσεται	low	"[""verb:καταργηθήσεται"", ""subject:unknown"", ""field:stable"", ""paso9:EXPONE""]"	False
P1300724	1corintios	13	11	13:11	724	1corintios-13-11-P01	implicit-1S	ἤμην		"[""ACLARA""]"	transitioning	implicit-1S — ἤμην	low	"[""verb:ἤμην"", ""subject:implicit-1S"", ""field:transitioning"", ""paso9:ACLARA""]"	False
P1300725	1corintios	13	11	13:11	725	1corintios-13-11-P02	implicit-1S	ἐλάλουν		"[""EXPONE""]"	stable	implicit-1S — ἐλάλουν	low	"[""verb:ἐλάλουν"", ""subject:implicit-1S"", ""field:stable"", ""paso9:EXPONE""]"	False
P1300726	1corintios	13	11	13:11	726	1corintios-13-11-P03	implicit-1S	ἐφρόνουν		"[""EXPONE""]"	stable	implicit-1S — ἐφρόνουν	low	"[""verb:ἐφρόνουν"", ""subject:implicit-1S"", ""field:stable"", ""paso9:EXPONE""]"	False
P1300727	1corintios	13	11	13:11	727	1corintios-13-11-P04	implicit-1S	ἐλογιζόμην		"[""ACLARA"", ""EXPONE""]"	stable	implicit-1S — ἐλογιζόμην	low	"[""verb:ἐλογιζόμην"", ""subject:implicit-1S"", ""field:stable"", ""paso9:ACLARA,EXPONE""]"	False
P1300728	1corintios	13	11	13:11	728	1corintios-13-11-P05	implicit-1S	γέγονα		"[""ACLARA"", ""EXPONE""]"	stable	implicit-1S — γέγονα	low	"[""verb:γέγονα"", ""subject:implicit-1S"", ""field:stable"", ""paso9:ACLARA,EXPONE""]"	False
P1300729	1corintios	13	11	13:11	729	1corintios-13-11-P06	implicit-1S	κατήργηκα		"[""ACLARA"", ""EXPONE""]"	stable	implicit-1S — κατήργηκα	low	"[""verb:κατήργηκα"", ""subject:implicit-1S"", ""field:stable"", ""paso9:ACLARA,EXPONE""]"	False
P1300730	1corintios	13	12	13:12	730	1corintios-13-12-P01	implicit-1P	βλέπομεν		"[""ACLARA""]"	recovering	implicit-1P — βλέπομεν	low	"[""verb:βλέπομεν"", ""subject:implicit-1P"", ""field:recovering"", ""paso9:ACLARA""]"	False
P1300731	1corintios	13	12	13:12	731	1corintios-13-12-P02	implicit-1S	γινώσκω		"[""ACLARA""]"	recovering	implicit-1S — γινώσκω	low	"[""verb:γινώσκω"", ""subject:implicit-1S"", ""field:recovering"", ""paso9:ACLARA""]"	False
P1300732	1corintios	13	12	13:12	732	1corintios-13-12-P03	implicit-1S	ἐπιγνώσομαι		"[""EXPONE""]"	stable	implicit-1S — ἐπιγνώσομαι	low	"[""verb:ἐπιγνώσομαι"", ""subject:implicit-1S"", ""field:stable"", ""paso9:EXPONE""]"	False
P1300733	1corintios	13	12	13:12	733	1corintios-13-12-P04	implicit-1S	ἐπεγνώσθην		"[""EXPONE""]"	stable	implicit-1S — ἐπεγνώσθην	low	"[""verb:ἐπεγνώσθην"", ""subject:implicit-1S"", ""field:stable"", ""paso9:EXPONE""]"	False
P1300734	1corintios	13	13	13:13	734	1corintios-13-13-P01	implicit-3S	μένει		"[""ACLARA""]"	transitioning	implicit-3S — μένει	low	"[""verb:μένει"", ""subject:implicit-3S"", ""field:transitioning"", ""paso9:ACLARA""]"	False
P1300735	1corintios	14	1	14:1	735	1corintios-14-1-P01	implicit-2P	διώκετε		"[""ACLARA""]"	transitioning	implicit-2P — διώκετε	low	"[""verb:διώκετε"", ""subject:implicit-2P"", ""field:transitioning"", ""paso9:ACLARA""]"	False
P1300736	1corintios	14	1	14:1	736	1corintios-14-1-P02	implicit-2P	ζηλοῦτε		"[""EXPONE""]"	stable	implicit-2P — ζηλοῦτε	low	"[""verb:ζηλοῦτε"", ""subject:implicit-2P"", ""field:stable"", ""paso9:EXPONE""]"	False
P1300737	1corintios	14	1	14:1	737	1corintios-14-1-P03	implicit-2P	προφητεύητε		"[""EXPONE""]"	stable	implicit-2P — προφητεύητε	low	"[""verb:προφητεύητε"", ""subject:implicit-2P"", ""field:stable"", ""paso9:EXPONE""]"	False
P1300738	1corintios	14	2	14:2	738	1corintios-14-2-P01	implicit-3S	λαλεῖ		"[""PROPÓSITO"", ""ACLARA""]"	transitioning	implicit-3S — λαλεῖ	low	"[""verb:λαλεῖ"", ""subject:implicit-3S"", ""field:transitioning"", ""paso9:PROPÓSITO,ACLARA""]"	False
P1300739	1corintios	14	2	14:2	739	1corintios-14-2-P02	implicit-3S	ἀκούει		"[""EXPONE""]"	stable	implicit-3S — ἀκούει	low	"[""verb:ἀκούει"", ""subject:implicit-3S"", ""field:stable"", ""paso9:EXPONE""]"	False
P1300740	1corintios	14	2	14:2	740	1corintios-14-2-P03	implicit-3S	λαλεῖ		"[""EXPONE""]"	stable	implicit-3S — λαλεῖ	low	"[""verb:λαλεῖ"", ""subject:implicit-3S"", ""field:stable"", ""paso9:EXPONE""]"	False
P1300741	1corintios	14	3	14:3	741	1corintios-14-3-P01	implicit-3S	λαλεῖ		"[""EXPONE""]"	stable	implicit-3S — λαλεῖ	low	"[""verb:λαλεῖ"", ""subject:implicit-3S"", ""field:stable"", ""paso9:EXPONE""]"	False
P1300742	1corintios	14	4	14:4	742	1corintios-14-4-P01	unknown	οἰκοδομεῖ		"[""EXPONE""]"	stable	sujeto no resuelto — οἰκοδομεῖ	low	"[""verb:οἰκοδομεῖ"", ""subject:unknown"", ""field:stable"", ""paso9:EXPONE""]"	False
P1300743	1corintios	14	4	14:4	743	1corintios-14-4-P02	implicit-3S	οἰκοδομεῖ		"[""EXPONE""]"	stable	implicit-3S — οἰκοδομεῖ	low	"[""verb:οἰκοδομεῖ"", ""subject:implicit-3S"", ""field:stable"", ""paso9:EXPONE""]"	False
P1300744	1corintios	14	5	14:5	744	1corintios-14-5-P01	implicit-1S	θέλω		"[""ACLARA""]"	unstable	implicit-1S — θέλω	low	"[""verb:θέλω"", ""subject:implicit-1S"", ""field:unstable"", ""paso9:ACLARA""]"	False
P1300745	1corintios	14	5	14:5	745	1corintios-14-5-P02	implicit-2P	προφητεύητε		"[""ACLARA""]"	unstable	implicit-2P — προφητεύητε	low	"[""verb:προφητεύητε"", ""subject:implicit-2P"", ""field:unstable"", ""paso9:ACLARA""]"	False
P1300746	1corintios	14	5	14:5	746	1corintios-14-5-P03	unknown	διερμηνεύῃ		"[""PROPÓSITO"", ""ACLARA""]"	transitioning	sujeto no resuelto — διερμηνεύῃ	low	"[""verb:διερμηνεύῃ"", ""subject:unknown"", ""field:transitioning"", ""paso9:PROPÓSITO,ACLARA""]"	False
P1300747	1corintios	14	5	14:5	747	1corintios-14-5-P04	unknown	λάβῃ		"[""CONDICIÓN"", ""EXPONE""]"	stable	sujeto no resuelto — λάβῃ	low	"[""verb:λάβῃ"", ""subject:unknown"", ""field:stable"", ""paso9:CONDICIÓN,EXPONE""]"	False
P1300748	1corintios	14	6	14:6	748	1corintios-14-6-P01	implicit-1S	ἔλθω		"[""PROPÓSITO"", ""ACLARA""]"	transitioning	implicit-1S — ἔλθω	low	"[""verb:ἔλθω"", ""subject:implicit-1S"", ""field:transitioning"", ""paso9:PROPÓSITO,ACLARA""]"	False
P1300749	1corintios	14	6	14:6	749	1corintios-14-6-P02	implicit-1S	ὠφελήσω		"[""CONDICIÓN"", ""EXPONE""]"	stable	implicit-1S — ὠφελήσω	low	"[""verb:ὠφελήσω"", ""subject:implicit-1S"", ""field:stable"", ""paso9:CONDICIÓN,EXPONE""]"	False
P1300750	1corintios	14	6	14:6	750	1corintios-14-6-P03	implicit-1S	λαλήσω		"[""EXPONE""]"	stable	implicit-1S — λαλήσω	low	"[""verb:λαλήσω"", ""subject:implicit-1S"", ""field:stable"", ""paso9:EXPONE""]"	False
P1300751	1corintios	14	7	14:7	751	1corintios-14-7-P01	unknown	δῷ		"[""CONDICIÓN"", ""ACLARA""]"	transitioning	sujeto no resuelto — δῷ	low	"[""verb:δῷ"", ""subject:unknown"", ""field:transitioning"", ""paso9:CONDICIÓN,ACLARA""]"	False
P1300752	1corintios	14	7	14:7	752	1corintios-14-7-P02	implicit-3S	γνωσθήσεται		"[""CONDICIÓN"", ""EXPONE""]"	stable	implicit-3S — γνωσθήσεται	low	"[""verb:γνωσθήσεται"", ""subject:implicit-3S"", ""field:stable"", ""paso9:CONDICIÓN,EXPONE""]"	False
P1300753	1corintios	14	8	14:8	753	1corintios-14-8-P01	unknown	δῷ		"[""EXPONE""]"	stable	sujeto no resuelto — δῷ	low	"[""verb:δῷ"", ""subject:unknown"", ""field:stable"", ""paso9:EXPONE""]"	False
P1300754	1corintios	14	8	14:8	754	1corintios-14-8-P02	unknown	παρασκευάσεται		"[""CONDICIÓN"", ""EXPONE""]"	stable	sujeto no resuelto — παρασκευάσεται	low	"[""verb:παρασκευάσεται"", ""subject:unknown"", ""field:stable"", ""paso9:CONDICIÓN,EXPONE""]"	False
P1300755	1corintios	14	9	14:9	755	1corintios-14-9-P01	implicit-2P	δῶτε		"[""ACLARA""]"	unstable	implicit-2P — δῶτε	low	"[""verb:δῶτε"", ""subject:implicit-2P"", ""field:unstable"", ""paso9:ACLARA""]"	False
P1300756	1corintios	14	9	14:9	756	1corintios-14-9-P02	implicit-3S	γνωσθήσεται		"[""CONDICIÓN"", ""ACLARA""]"	unstable	implicit-3S — γνωσθήσεται	low	"[""verb:γνωσθήσεται"", ""subject:implicit-3S"", ""field:unstable"", ""paso9:CONDICIÓN,ACLARA""]"	False
P1300757	1corintios	14	9	14:9	757	1corintios-14-9-P03	implicit-2P	ἔσεσθε		"[""ACLARA""]"	unstable	implicit-2P — ἔσεσθε	low	"[""verb:ἔσεσθε"", ""subject:implicit-2P"", ""field:unstable"", ""paso9:ACLARA""]"	False
P1300758	1corintios	14	10	14:10	758	1corintios-14-10-P01	unknown	τύχοι		"[""ACLARA""]"	unstable	sujeto no resuelto — τύχοι	low	"[""verb:τύχοι"", ""subject:unknown"", ""field:unstable"", ""paso9:ACLARA""]"	False
P1300759	1corintios	14	10	14:10	759	1corintios-14-10-P02	unknown	εἰσιν		"[""CONDICIÓN"", ""ACLARA""]"	recovering	sujeto no resuelto — εἰσιν	low	"[""verb:εἰσιν"", ""subject:unknown"", ""field:recovering"", ""paso9:CONDICIÓN,ACLARA""]"	False
P1300760	1corintios	14	11	14:11	760	1corintios-14-11-P01	implicit-1S	εἰδῶ		"[""ACLARA""]"	transitioning	implicit-1S — εἰδῶ	low	"[""verb:εἰδῶ"", ""subject:implicit-1S"", ""field:transitioning"", ""paso9:ACLARA""]"	False
P1300761	1corintios	14	11	14:11	761	1corintios-14-11-P02	implicit-1S	ἔσομαι		"[""CONDICIÓN"", ""EXPONE""]"	stable	implicit-1S — ἔσομαι	low	"[""verb:ἔσομαι"", ""subject:implicit-1S"", ""field:stable"", ""paso9:CONDICIÓN,EXPONE""]"	False
P1300762	1corintios	14	12	14:12	762	1corintios-14-12-P01	implicit-2P	ἐστε		"[""ACLARA""]"	transitioning	implicit-2P — ἐστε	low	"[""verb:ἐστε"", ""subject:implicit-2P"", ""field:transitioning"", ""paso9:ACLARA""]"	False
P1300763	1corintios	14	12	14:12	763	1corintios-14-12-P02	implicit-2P	ζητεῖτε		"[""EXPONE""]"	stable	implicit-2P — ζητεῖτε	low	"[""verb:ζητεῖτε"", ""subject:implicit-2P"", ""field:stable"", ""paso9:EXPONE""]"	False
P1300764	1corintios	14	12	14:12	764	1corintios-14-12-P03	implicit-2P	περισσεύητε		"[""EXPONE""]"	stable	implicit-2P — περισσεύητε	low	"[""verb:περισσεύητε"", ""subject:implicit-2P"", ""field:stable"", ""paso9:EXPONE""]"	False
P1300765	1corintios	14	13	14:13	765	1corintios-14-13-P01	unknown	προσευχέσθω		"[""PROPÓSITO"", ""ACLARA""]"	unstable	sujeto no resuelto — προσευχέσθω	low	"[""verb:προσευχέσθω"", ""subject:unknown"", ""field:unstable"", ""paso9:PROPÓSITO,ACLARA""]"	False
P1300766	1corintios	14	13	14:13	766	1corintios-14-13-P02	implicit-3S	διερμηνεύῃ		"[""EXPONE""]"	stable	implicit-3S — διερμηνεύῃ	low	"[""verb:διερμηνεύῃ"", ""subject:implicit-3S"", ""field:stable"", ""paso9:EXPONE""]"	False
P1300767	1corintios	14	14	14:14	767	1corintios-14-14-P01	implicit-1S	προσεύχωμαι		"[""PROPÓSITO"", ""ACLARA""]"	transitioning	implicit-1S — προσεύχωμαι	low	"[""verb:προσεύχωμαι"", ""subject:implicit-1S"", ""field:transitioning"", ""paso9:PROPÓSITO,ACLARA""]"	False
P1300768	1corintios	14	14	14:14	768	1corintios-14-14-P02	unknown	προσεύχεται		"[""CONDICIÓN"", ""ACLARA""]"	transitioning	sujeto no resuelto — προσεύχεται	low	"[""verb:προσεύχεται"", ""subject:unknown"", ""field:transitioning"", ""paso9:CONDICIÓN,ACLARA""]"	False
P1300769	1corintios	14	14	14:14	769	1corintios-14-14-P03	unknown	ἐστιν		"[""EXPONE""]"	stable	sujeto no resuelto — ἐστιν	low	"[""verb:ἐστιν"", ""subject:unknown"", ""field:stable"", ""paso9:EXPONE""]"	False
P1300770	1corintios	14	15	14:15	770	1corintios-14-15-P01	implicit-3S	ἐστιν		"[""EXPONE""]"	stable	implicit-3S — ἐστιν	low	"[""verb:ἐστιν"", ""subject:implicit-3S"", ""field:stable"", ""paso9:EXPONE""]"	False
P1300771	1corintios	14	15	14:15	771	1corintios-14-15-P02	implicit-1S	προσεύξομαι		"[""ACLARA""]"	transitioning	implicit-1S — προσεύξομαι	low	"[""verb:προσεύξομαι"", ""subject:implicit-1S"", ""field:transitioning"", ""paso9:ACLARA""]"	False
P1300772	1corintios	14	15	14:15	772	1corintios-14-15-P03	implicit-1S	προσεύξομαι		"[""EXPONE""]"	stable	implicit-1S — προσεύξομαι	low	"[""verb:προσεύξομαι"", ""subject:implicit-1S"", ""field:stable"", ""paso9:EXPONE""]"	False
P1300773	1corintios	14	15	14:15	773	1corintios-14-15-P04	implicit-1S	ψαλῶ		"[""EXPONE""]"	stable	implicit-1S — ψαλῶ	low	"[""verb:ψαλῶ"", ""subject:implicit-1S"", ""field:stable"", ""paso9:EXPONE""]"	False
P1300774	1corintios	14	15	14:15	774	1corintios-14-15-P05	implicit-1S	ψαλῶ		"[""EXPONE""]"	stable	implicit-1S — ψαλῶ	low	"[""verb:ψαλῶ"", ""subject:implicit-1S"", ""field:stable"", ""paso9:EXPONE""]"	False
P1300775	1corintios	14	16	14:16	775	1corintios-14-16-P01	implicit-2S	εὐλογῇς		"[""ACLARA""]"	unstable	implicit-2S — εὐλογῇς	low	"[""verb:εὐλογῇς"", ""subject:implicit-2S"", ""field:unstable"", ""paso9:ACLARA""]"	False
P1300776	1corintios	14	16	14:16	776	1corintios-14-16-P02	implicit-3S	ἐρεῖ		"[""CONDICIÓN"", ""ACLARA""]"	unstable	implicit-3S — ἐρεῖ	low	"[""verb:ἐρεῖ"", ""subject:implicit-3S"", ""field:unstable"", ""paso9:CONDICIÓN,ACLARA""]"	False
P1300777	1corintios	14	16	14:16	777	1corintios-14-16-P03	implicit-2S	λέγεις		"[""ACLARA""]"	unstable	implicit-2S — λέγεις	low	"[""verb:λέγεις"", ""subject:implicit-2S"", ""field:unstable"", ""paso9:ACLARA""]"	False
P1300778	1corintios	14	16	14:16	778	1corintios-14-16-P04	implicit-3S	οἶδεν		"[""ACLARA""]"	unstable	implicit-3S — οἶδεν	low	"[""verb:οἶδεν"", ""subject:implicit-3S"", ""field:unstable"", ""paso9:ACLARA""]"	False
P1300779	1corintios	14	17	14:17	779	1corintios-14-17-P01	implicit-2S	εὐχαριστεῖς		"[""ACLARA""]"	unstable	implicit-2S — εὐχαριστεῖς	low	"[""verb:εὐχαριστεῖς"", ""subject:implicit-2S"", ""field:unstable"", ""paso9:ACLARA""]"	False
P1300780	1corintios	14	17	14:17	780	1corintios-14-17-P02	unknown	οἰκοδομεῖται		"[""ACLARA""]"	transitioning	sujeto no resuelto — οἰκοδομεῖται	low	"[""verb:οἰκοδομεῖται"", ""subject:unknown"", ""field:transitioning"", ""paso9:ACLARA""]"	False
P1300781	1corintios	14	18	14:18	781	1corintios-14-18-P01	implicit-1S	εὐχαριστῶ		"[""ACLARA""]"	transitioning	implicit-1S — εὐχαριστῶ	low	"[""verb:εὐχαριστῶ"", ""subject:implicit-1S"", ""field:transitioning"", ""paso9:ACLARA""]"	False
P1300782	1corintios	14	18	14:18	782	1corintios-14-18-P02	implicit-1S	λαλῶ		"[""EXPONE""]"	stable	implicit-1S — λαλῶ	low	"[""verb:λαλῶ"", ""subject:implicit-1S"", ""field:stable"", ""paso9:EXPONE""]"	False
P1300783	1corintios	14	19	14:19	783	1corintios-14-19-P01	implicit-1S	θέλω		"[""EXPONE""]"	stable	implicit-1S — θέλω	low	"[""verb:θέλω"", ""subject:implicit-1S"", ""field:stable"", ""paso9:EXPONE""]"	False
P1300784	1corintios	14	19	14:19	784	1corintios-14-19-P02	implicit-1S	κατηχήσω		"[""EXPONE""]"	stable	implicit-1S — κατηχήσω	low	"[""verb:κατηχήσω"", ""subject:implicit-1S"", ""field:stable"", ""paso9:EXPONE""]"	False
P1300785	1corintios	14	20	14:20	785	1corintios-14-20-P01	implicit-2P	γίνεσθε		"[""PROPÓSITO"", ""ACLARA""]"	transitioning	implicit-2P — γίνεσθε	low	"[""verb:γίνεσθε"", ""subject:implicit-2P"", ""field:transitioning"", ""paso9:PROPÓSITO,ACLARA""]"	False
P1300786	1corintios	14	20	14:20	786	1corintios-14-20-P02	implicit-2P	νηπιάζετε		"[""EXPONE""]"	stable	implicit-2P — νηπιάζετε	low	"[""verb:νηπιάζετε"", ""subject:implicit-2P"", ""field:stable"", ""paso9:EXPONE""]"	False
P1300787	1corintios	14	20	14:20	787	1corintios-14-20-P03	implicit-2P	γίνεσθε		"[""EXPONE""]"	stable	implicit-2P — γίνεσθε	low	"[""verb:γίνεσθε"", ""subject:implicit-2P"", ""field:stable"", ""paso9:EXPONE""]"	False
P1300788	1corintios	14	21	14:21	788	1corintios-14-21-P01	implicit-3S	γέγραπται		"[""ACLARA""]"	unstable	implicit-3S — γέγραπται	low	"[""verb:γέγραπται"", ""subject:implicit-3S"", ""field:unstable"", ""paso9:ACLARA""]"	False
P1300789	1corintios	14	21	14:21	789	1corintios-14-21-P02	implicit-1S	λαλήσω		"[""ACLARA""]"	unstable	implicit-1S — λαλήσω	low	"[""verb:λαλήσω"", ""subject:implicit-1S"", ""field:unstable"", ""paso9:ACLARA""]"	False
P1300790	1corintios	14	21	14:21	790	1corintios-14-21-P03	implicit-3P	εἰσακούσονταί		"[""RAZÓN"", ""ACLARA""]"	unstable	implicit-3P — εἰσακούσονταί	low	"[""verb:εἰσακούσονταί"", ""subject:implicit-3P"", ""field:unstable"", ""paso9:RAZÓN,ACLARA""]"	False
P1300791	1corintios	14	21	14:21	791	1corintios-14-21-P04	implicit-3S	λέγει		"[""ACLARA""]"	recovering	implicit-3S — λέγει	low	"[""verb:λέγει"", ""subject:implicit-3S"", ""field:recovering"", ""paso9:ACLARA""]"	False
P1300792	1corintios	14	22	14:22	792	1corintios-14-22-P01	unknown	εἰσιν		"[""RESULTADO"", ""ACLARA""]"	transitioning	sujeto no resuelto — εἰσιν	low	"[""verb:εἰσιν"", ""subject:unknown"", ""field:transitioning"", ""paso9:RESULTADO,ACLARA""]"	False
P1300793	1corintios	14	23	14:23	793	1corintios-14-23-P01	implicit-3S	συνέλθῃ		"[""ACLARA""]"	recovering	implicit-3S — συνέλθῃ	low	"[""verb:συνέλθῃ"", ""subject:implicit-3S"", ""field:recovering"", ""paso9:ACLARA""]"	False
P1300794	1corintios	14	23	14:23	794	1corintios-14-23-P02	unknown	λαλῶσιν		"[""CONDICIÓN"", ""ACLARA""]"	recovering	sujeto no resuelto — λαλῶσιν	low	"[""verb:λαλῶσιν"", ""subject:unknown"", ""field:recovering"", ""paso9:CONDICIÓN,ACLARA""]"	False
P1300795	1corintios	14	23	14:23	795	1corintios-14-23-P03	implicit-3P	εἰσέλθωσιν		"[""EXPONE""]"	stable	implicit-3P — εἰσέλθωσιν	low	"[""verb:εἰσέλθωσιν"", ""subject:implicit-3P"", ""field:stable"", ""paso9:EXPONE""]"	False
P1300796	1corintios	14	23	14:23	796	1corintios-14-23-P04	unknown	ἐροῦσιν		"[""EXPONE""]"	stable	sujeto no resuelto — ἐροῦσιν	low	"[""verb:ἐροῦσιν"", ""subject:unknown"", ""field:stable"", ""paso9:EXPONE""]"	False
P1300797	1corintios	14	23	14:23	797	1corintios-14-23-P05	implicit-2P	μαίνεσθε		"[""ACLARA""]"	unstable	implicit-2P — μαίνεσθε	low	"[""verb:μαίνεσθε"", ""subject:implicit-2P"", ""field:unstable"", ""paso9:ACLARA""]"	False
P1300798	1corintios	14	24	14:24	798	1corintios-14-24-P01	unknown	προφητεύωσιν		"[""RAZÓN"", ""ACLARA""]"	transitioning	sujeto no resuelto — προφητεύωσιν	low	"[""verb:προφητεύωσιν"", ""subject:unknown"", ""field:transitioning"", ""paso9:RAZÓN,ACLARA""]"	False
P1300799	1corintios	14	24	14:24	799	1corintios-14-24-P02	implicit-3S	εἰσέλθῃ		"[""CONDICIÓN"", ""ACLARA""]"	recovering	implicit-3S — εἰσέλθῃ	low	"[""verb:εἰσέλθῃ"", ""subject:implicit-3S"", ""field:recovering"", ""paso9:CONDICIÓN,ACLARA""]"	False
P1300800	1corintios	14	24	14:24	800	1corintios-14-24-P03	unknown	ἐλέγχεται		"[""EXPONE""]"	stable	sujeto no resuelto — ἐλέγχεται	low	"[""verb:ἐλέγχεται"", ""subject:unknown"", ""field:stable"", ""paso9:EXPONE""]"	False
P1300801	1corintios	14	24	14:24	801	1corintios-14-24-P04	implicit-3S	ἀνακρίνεται		"[""EXPONE""]"	stable	implicit-3S — ἀνακρίνεται	low	"[""verb:ἀνακρίνεται"", ""subject:implicit-3S"", ""field:stable"", ""paso9:EXPONE""]"	False
P1300802	1corintios	14	25	14:25	802	1corintios-14-25-P01	unknown	γίνεται		"[""EXPONE""]"	stable	sujeto no resuelto — γίνεται	low	"[""verb:γίνεται"", ""subject:unknown"", ""field:stable"", ""paso9:EXPONE""]"	False
P1300803	1corintios	14	25	14:25	803	1corintios-14-25-P02	implicit-3S	προσκυνήσει		"[""EXPONE""]"	stable	implicit-3S — προσκυνήσει	low	"[""verb:προσκυνήσει"", ""subject:implicit-3S"", ""field:stable"", ""paso9:EXPONE""]"	False
P1300804	1corintios	14	25	14:25	804	1corintios-14-25-P03	unknown	ἐστιν		"[""EXPONE""]"	stable	sujeto no resuelto — ἐστιν	low	"[""verb:ἐστιν"", ""subject:unknown"", ""field:stable"", ""paso9:EXPONE""]"	False
P1300805	1corintios	14	26	14:26	805	1corintios-14-26-P01	implicit-3S	ἐστιν		"[""RAZÓN"", ""ACLARA"", ""EXPONE""]"	stable	implicit-3S — ἐστιν	low	"[""verb:ἐστιν"", ""subject:implicit-3S"", ""field:stable"", ""paso9:RAZÓN,ACLARA,EXPONE""]"	False
P1300806	1corintios	14	26	14:26	806	1corintios-14-26-P02	implicit-2P	συνέρχησθε		"[""ACLARA""]"	transitioning	implicit-2P — συνέρχησθε	low	"[""verb:συνέρχησθε"", ""subject:implicit-2P"", ""field:transitioning"", ""paso9:ACLARA""]"	False
P1300807	1corintios	14	26	14:26	807	1corintios-14-26-P03	unknown	ἔχει		"[""ACLARA""]"	transitioning	sujeto no resuelto — ἔχει	low	"[""verb:ἔχει"", ""subject:unknown"", ""field:transitioning"", ""paso9:ACLARA""]"	False
P1300808	1corintios	14	26	14:26	808	1corintios-14-26-P04	implicit-3S	ἔχει		"[""EXPONE""]"	stable	implicit-3S — ἔχει	low	"[""verb:ἔχει"", ""subject:implicit-3S"", ""field:stable"", ""paso9:EXPONE""]"	False
P1300809	1corintios	14	26	14:26	809	1corintios-14-26-P05	implicit-3S	ἔχει		"[""EXPONE""]"	stable	implicit-3S — ἔχει	low	"[""verb:ἔχει"", ""subject:implicit-3S"", ""field:stable"", ""paso9:EXPONE""]"	False
P1300810	1corintios	14	26	14:26	810	1corintios-14-26-P06	implicit-3S	ἔχει		"[""EXPONE""]"	stable	implicit-3S — ἔχει	low	"[""verb:ἔχει"", ""subject:implicit-3S"", ""field:stable"", ""paso9:EXPONE""]"	False
P1300811	1corintios	14	26	14:26	811	1corintios-14-26-P07	implicit-3S	ἔχει		"[""EXPONE""]"	stable	implicit-3S — ἔχει	low	"[""verb:ἔχει"", ""subject:implicit-3S"", ""field:stable"", ""paso9:EXPONE""]"	False
P1300812	1corintios	14	26	14:26	812	1corintios-14-26-P08	unknown	γινέσθω		"[""EXPONE""]"	stable	sujeto no resuelto — γινέσθω	low	"[""verb:γινέσθω"", ""subject:unknown"", ""field:stable"", ""paso9:EXPONE""]"	False
P1300813	1corintios	14	27	14:27	813	1corintios-14-27-P01	unknown	λαλεῖ		"[""EXPONE""]"	stable	sujeto no resuelto — λαλεῖ	low	"[""verb:λαλεῖ"", ""subject:unknown"", ""field:stable"", ""paso9:EXPONE""]"	False
P1300814	1corintios	14	27	14:27	814	1corintios-14-27-P02	unknown	διερμηνευέτω		"[""EXPONE""]"	stable	sujeto no resuelto — διερμηνευέτω	low	"[""verb:διερμηνευέτω"", ""subject:unknown"", ""field:stable"", ""paso9:EXPONE""]"	False
P1300815	1corintios	14	28	14:28	815	1corintios-14-28-P01	implicit-3S	ᾖ		"[""EXPONE""]"	stable	implicit-3S — ᾖ	low	"[""verb:ᾖ"", ""subject:implicit-3S"", ""field:stable"", ""paso9:EXPONE""]"	False
P1300816	1corintios	14	28	14:28	816	1corintios-14-28-P02	unknown	σιγάτω		"[""CONDICIÓN"", ""EXPONE""]"	stable	sujeto no resuelto — σιγάτω	low	"[""verb:σιγάτω"", ""subject:unknown"", ""field:stable"", ""paso9:CONDICIÓN,EXPONE""]"	False
P1300817	1corintios	14	28	14:28	817	1corintios-14-28-P03	implicit-3S	λαλείτω		"[""EXPONE""]"	stable	implicit-3S — λαλείτω	low	"[""verb:λαλείτω"", ""subject:implicit-3S"", ""field:stable"", ""paso9:EXPONE""]"	False
P1300818	1corintios	14	29	14:29	818	1corintios-14-29-P01	unknown	λαλείτωσαν		"[""ACLARA""]"	recovering	sujeto no resuelto — λαλείτωσαν	low	"[""verb:λαλείτωσαν"", ""subject:unknown"", ""field:recovering"", ""paso9:ACLARA""]"	False
P1300819	1corintios	14	29	14:29	819	1corintios-14-29-P02	unknown	διακρινέτωσαν		"[""EXPONE""]"	stable	sujeto no resuelto — διακρινέτωσαν	low	"[""verb:διακρινέτωσαν"", ""subject:unknown"", ""field:stable"", ""paso9:EXPONE""]"	False
P1300820	1corintios	14	30	14:30	820	1corintios-14-30-P01	implicit-3S	ἀποκαλυφθῇ		"[""ACLARA""]"	recovering	implicit-3S — ἀποκαλυφθῇ	low	"[""verb:ἀποκαλυφθῇ"", ""subject:implicit-3S"", ""field:recovering"", ""paso9:ACLARA""]"	False
P1300821	1corintios	14	30	14:30	821	1corintios-14-30-P02	unknown	σιγάτω		"[""CONDICIÓN"", ""EXPONE""]"	stable	sujeto no resuelto — σιγάτω	low	"[""verb:σιγάτω"", ""subject:unknown"", ""field:stable"", ""paso9:CONDICIÓN,EXPONE""]"	False
P1300822	1corintios	14	31	14:31	822	1corintios-14-31-P01	implicit-2P	δύνασθε		"[""ACLARA""]"	unstable	implicit-2P — δύνασθε	low	"[""verb:δύνασθε"", ""subject:implicit-2P"", ""field:unstable"", ""paso9:ACLARA""]"	False
P1300823	1corintios	14	31	14:31	823	1corintios-14-31-P02	unknown	μανθάνωσιν		"[""ACLARA""]"	transitioning	sujeto no resuelto — μανθάνωσιν	low	"[""verb:μανθάνωσιν"", ""subject:unknown"", ""field:transitioning"", ""paso9:ACLARA""]"	False
P1300824	1corintios	14	31	14:31	824	1corintios-14-31-P03	unknown	παρακαλῶνται		"[""PROPÓSITO"", ""EXPONE""]"	stable	sujeto no resuelto — παρακαλῶνται	low	"[""verb:παρακαλῶνται"", ""subject:unknown"", ""field:stable"", ""paso9:PROPÓSITO,EXPONE""]"	False
P1300825	1corintios	14	32	14:32	825	1corintios-14-32-P01	unknown	ὑποτάσσεται		"[""ACLARA""]"	recovering	sujeto no resuelto — ὑποτάσσεται	low	"[""verb:ὑποτάσσεται"", ""subject:unknown"", ""field:recovering"", ""paso9:ACLARA""]"	False
P1300826	1corintios	14	33	14:33	826	1corintios-14-33-P01	implicit-3S	ἐστιν		"[""EXPONE""]"	stable	implicit-3S — ἐστιν	low	"[""verb:ἐστιν"", ""subject:implicit-3S"", ""field:stable"", ""paso9:EXPONE""]"	False
P1300827	1corintios	14	34	14:34	827	1corintios-14-34-P01	unknown	σιγάτωσαν		"[""ACLARA""]"	recovering	sujeto no resuelto — σιγάτωσαν	low	"[""verb:σιγάτωσαν"", ""subject:unknown"", ""field:recovering"", ""paso9:ACLARA""]"	False
P1300828	1corintios	14	34	14:34	828	1corintios-14-34-P02	implicit-3S	ἐπιτρέπεται		"[""ACLARA""]"	recovering	implicit-3S — ἐπιτρέπεται	low	"[""verb:ἐπιτρέπεται"", ""subject:implicit-3S"", ""field:recovering"", ""paso9:ACLARA""]"	False
P1300829	1corintios	14	34	14:34	829	1corintios-14-34-P03	implicit-3P	ὑποτασσέσθωσαν		"[""ACLARA""]"	recovering	implicit-3P — ὑποτασσέσθωσαν	low	"[""verb:ὑποτασσέσθωσαν"", ""subject:implicit-3P"", ""field:recovering"", ""paso9:ACLARA""]"	False
P1300830	1corintios	14	34	14:34	830	1corintios-14-34-P04	unknown	λέγει		"[""ACLARA""]"	recovering	sujeto no resuelto — λέγει	low	"[""verb:λέγει"", ""subject:unknown"", ""field:recovering"", ""paso9:ACLARA""]"	False
P1300831	1corintios	14	35	14:35	831	1corintios-14-35-P01	implicit-3P	θέλουσιν		"[""ACLARA""]"	recovering	implicit-3P — θέλουσιν	low	"[""verb:θέλουσιν"", ""subject:implicit-3P"", ""field:recovering"", ""paso9:ACLARA""]"	False
P1300832	1corintios	14	35	14:35	832	1corintios-14-35-P02	implicit-3P	ἐπερωτάτωσαν		"[""CONDICIÓN"", ""EXPONE""]"	stable	implicit-3P — ἐπερωτάτωσαν	low	"[""verb:ἐπερωτάτωσαν"", ""subject:implicit-3P"", ""field:stable"", ""paso9:CONDICIÓN,EXPONE""]"	False
P1300833	1corintios	14	35	14:35	833	1corintios-14-35-P03	implicit-3S	ἐστιν		"[""ACLARA""]"	recovering	implicit-3S — ἐστιν	low	"[""verb:ἐστιν"", ""subject:implicit-3S"", ""field:recovering"", ""paso9:ACLARA""]"	False
P1300834	1corintios	14	36	14:36	834	1corintios-14-36-P01	unknown	ἐξῆλθεν		"[""EXPONE""]"	stable	sujeto no resuelto — ἐξῆλθεν	low	"[""verb:ἐξῆλθεν"", ""subject:unknown"", ""field:stable"", ""paso9:EXPONE""]"	False
P1300835	1corintios	14	36	14:36	835	1corintios-14-36-P02	implicit-3S	κατήντησεν		"[""EXPONE""]"	stable	implicit-3S — κατήντησεν	low	"[""verb:κατήντησεν"", ""subject:implicit-3S"", ""field:stable"", ""paso9:EXPONE""]"	False
P1300836	1corintios	14	37	14:37	836	1corintios-14-37-P01	unknown	δοκεῖ		"[""EXPONE""]"	stable	sujeto no resuelto — δοκεῖ	low	"[""verb:δοκεῖ"", ""subject:unknown"", ""field:stable"", ""paso9:EXPONE""]"	False
P1300837	1corintios	14	37	14:37	837	1corintios-14-37-P02	unknown	ἐπιγινωσκέτω		"[""CONDICIÓN"", ""EXPONE""]"	stable	sujeto no resuelto — ἐπιγινωσκέτω	low	"[""verb:ἐπιγινωσκέτω"", ""subject:unknown"", ""field:stable"", ""paso9:CONDICIÓN,EXPONE""]"	False
P1300838	1corintios	14	37	14:37	838	1corintios-14-37-P03	implicit-1S	γράφω		"[""ACLARA""]"	transitioning	implicit-1S — γράφω	low	"[""verb:γράφω"", ""subject:implicit-1S"", ""field:transitioning"", ""paso9:ACLARA""]"	False
P1300839	1corintios	14	37	14:37	839	1corintios-14-37-P04	implicit-3S	ἐστίν		"[""ACLARA""]"	transitioning	implicit-3S — ἐστίν	low	"[""verb:ἐστίν"", ""subject:implicit-3S"", ""field:transitioning"", ""paso9:ACLARA""]"	False
P1300840	1corintios	14	38	14:38	840	1corintios-14-38-P01	unknown	ἀγνοεῖ		"[""RAZÓN"", ""ACLARA"", ""EXPONE""]"	stable	sujeto no resuelto — ἀγνοεῖ	low	"[""verb:ἀγνοεῖ"", ""subject:unknown"", ""field:stable"", ""paso9:RAZÓN,ACLARA,EXPONE""]"	False
P1300841	1corintios	14	38	14:38	841	1corintios-14-38-P02	implicit-3S	ἀγνοεῖται		"[""CONDICIÓN"", ""EXPONE""]"	stable	implicit-3S — ἀγνοεῖται	low	"[""verb:ἀγνοεῖται"", ""subject:implicit-3S"", ""field:stable"", ""paso9:CONDICIÓN,EXPONE""]"	False
P1300842	1corintios	14	39	14:39	842	1corintios-14-39-P01	implicit-2P	ζηλοῦτε		"[""RESULTADO"", ""ACLARA""]"	unstable	implicit-2P — ζηλοῦτε	low	"[""verb:ζηλοῦτε"", ""subject:implicit-2P"", ""field:unstable"", ""paso9:RESULTADO,ACLARA""]"	False
P1300843	1corintios	14	39	14:39	843	1corintios-14-39-P02	implicit-2P	κωλύετε		"[""EXPONE""]"	stable	implicit-2P — κωλύετε	low	"[""verb:κωλύετε"", ""subject:implicit-2P"", ""field:stable"", ""paso9:EXPONE""]"	False
P1300844	1corintios	14	40	14:40	844	1corintios-14-40-P01	implicit-3S	γινέσθω		"[""ACLARA""]"	unstable	implicit-3S — γινέσθω	low	"[""verb:γινέσθω"", ""subject:implicit-3S"", ""field:unstable"", ""paso9:ACLARA""]"	False
P1300845	1corintios	15	1	15:1	845	1corintios-15-1-P01	implicit-1S	γνωρίζω		"[""ACLARA""]"	transitioning	implicit-1S — γνωρίζω	low	"[""verb:γνωρίζω"", ""subject:implicit-1S"", ""field:transitioning"", ""paso9:ACLARA""]"	False
P1300846	1corintios	15	1	15:1	846	1corintios-15-1-P02	implicit-1S	εὐηγγελισάμην		"[""EXPONE""]"	stable	implicit-1S — εὐηγγελισάμην	low	"[""verb:εὐηγγελισάμην"", ""subject:implicit-1S"", ""field:stable"", ""paso9:EXPONE""]"	False
P1300847	1corintios	15	1	15:1	847	1corintios-15-1-P03	implicit-2P	παρελάβετε		"[""ACLARA""]"	transitioning	implicit-2P — παρελάβετε	low	"[""verb:παρελάβετε"", ""subject:implicit-2P"", ""field:transitioning"", ""paso9:ACLARA""]"	False
P1300848	1corintios	15	1	15:1	848	1corintios-15-1-P04	implicit-2P	ἑστήκατε		"[""EXPONE""]"	stable	implicit-2P — ἑστήκατε	low	"[""verb:ἑστήκατε"", ""subject:implicit-2P"", ""field:stable"", ""paso9:EXPONE""]"	False
P1300849	1corintios	15	2	15:2	849	1corintios-15-2-P01	implicit-2P	σῴζεσθε		"[""EXPONE""]"	stable	implicit-2P — σῴζεσθε	low	"[""verb:σῴζεσθε"", ""subject:implicit-2P"", ""field:stable"", ""paso9:EXPONE""]"	False
P1300850	1corintios	15	2	15:2	850	1corintios-15-2-P02	implicit-1S	εὐηγγελισάμην		"[""ACLARA""]"	unstable	implicit-1S — εὐηγγελισάμην	low	"[""verb:εὐηγγελισάμην"", ""subject:implicit-1S"", ""field:unstable"", ""paso9:ACLARA""]"	False
P1300851	1corintios	15	2	15:2	851	1corintios-15-2-P03	implicit-2P	κατέχετε		"[""ACLARA""]"	transitioning	implicit-2P — κατέχετε	low	"[""verb:κατέχετε"", ""subject:implicit-2P"", ""field:transitioning"", ""paso9:ACLARA""]"	False
P1300852	1corintios	15	2	15:2	852	1corintios-15-2-P04	implicit-2P	ἐπιστεύσατε		"[""CONDICIÓN"", ""EXPONE""]"	stable	implicit-2P — ἐπιστεύσατε	low	"[""verb:ἐπιστεύσατε"", ""subject:implicit-2P"", ""field:stable"", ""paso9:CONDICIÓN,EXPONE""]"	False
P1300853	1corintios	15	3	15:3	853	1corintios-15-3-P01	implicit-1S	παρέδωκα		"[""CONDICIÓN"", ""ACLARA""]"	transitioning	implicit-1S — παρέδωκα	low	"[""verb:παρέδωκα"", ""subject:implicit-1S"", ""field:transitioning"", ""paso9:CONDICIÓN,ACLARA""]"	False
P1300854	1corintios	15	3	15:3	854	1corintios-15-3-P02	implicit-1S	παρέλαβον		"[""EXPONE""]"	stable	implicit-1S — παρέλαβον	low	"[""verb:παρέλαβον"", ""subject:implicit-1S"", ""field:stable"", ""paso9:EXPONE""]"	False
P1300855	1corintios	15	3	15:3	855	1corintios-15-3-P03	unknown	ἀπέθανεν		"[""ACLARA""]"	transitioning	sujeto no resuelto — ἀπέθανεν	low	"[""verb:ἀπέθανεν"", ""subject:unknown"", ""field:transitioning"", ""paso9:ACLARA""]"	False
P1300856	1corintios	15	4	15:4	856	1corintios-15-4-P01	implicit-3S	ἐτάφη		"[""RAZÓN"", ""ACLARA"", ""EXPONE""]"	stable	implicit-3S — ἐτάφη	low	"[""verb:ἐτάφη"", ""subject:implicit-3S"", ""field:stable"", ""paso9:RAZÓN,ACLARA,EXPONE""]"	False
P1300857	1corintios	15	4	15:4	857	1corintios-15-4-P02	implicit-3S	ἐγήγερται		"[""RAZÓN"", ""ACLARA"", ""EXPONE""]"	stable	implicit-3S — ἐγήγερται	low	"[""verb:ἐγήγερται"", ""subject:implicit-3S"", ""field:stable"", ""paso9:RAZÓN,ACLARA,EXPONE""]"	False
P1300858	1corintios	15	5	15:5	858	1corintios-15-5-P01	implicit-3S	ὤφθη		"[""RAZÓN"", ""ACLARA"", ""EXPONE""]"	stable	implicit-3S — ὤφθη	low	"[""verb:ὤφθη"", ""subject:implicit-3S"", ""field:stable"", ""paso9:RAZÓN,ACLARA,EXPONE""]"	False
P1300859	1corintios	15	6	15:6	859	1corintios-15-6-P01	implicit-3S	ὤφθη		"[""RAZÓN"", ""ACLARA"", ""EXPONE""]"	stable	implicit-3S — ὤφθη	low	"[""verb:ὤφθη"", ""subject:implicit-3S"", ""field:stable"", ""paso9:RAZÓN,ACLARA,EXPONE""]"	False
P1300860	1corintios	15	6	15:6	860	1corintios-15-6-P02	unknown	μένουσιν		"[""ACLARA""]"	recovering	sujeto no resuelto — μένουσιν	low	"[""verb:μένουσιν"", ""subject:unknown"", ""field:recovering"", ""paso9:ACLARA""]"	False
P1300861	1corintios	15	6	15:6	861	1corintios-15-6-P03	implicit-3P	ἐκοιμήθησαν		"[""EXPONE""]"	stable	implicit-3P — ἐκοιμήθησαν	low	"[""verb:ἐκοιμήθησαν"", ""subject:implicit-3P"", ""field:stable"", ""paso9:EXPONE""]"	False
P1300862	1corintios	15	7	15:7	862	1corintios-15-7-P01	implicit-3S	ὤφθη		"[""ACLARA""]"	recovering	implicit-3S — ὤφθη	low	"[""verb:ὤφθη"", ""subject:implicit-3S"", ""field:recovering"", ""paso9:ACLARA""]"	False
P1300863	1corintios	15	8	15:8	863	1corintios-15-8-P01	implicit-3S	ὤφθη		"[""EXPONE""]"	stable	implicit-3S — ὤφθη	low	"[""verb:ὤφθη"", ""subject:implicit-3S"", ""field:stable"", ""paso9:EXPONE""]"	False
P1300864	1corintios	15	9	15:9	864	1corintios-15-9-P01	implicit-1S	εἰμι		"[""ACLARA""]"	transitioning	implicit-1S — εἰμι	low	"[""verb:εἰμι"", ""subject:implicit-1S"", ""field:transitioning"", ""paso9:ACLARA""]"	False
P1300865	1corintios	15	9	15:9	865	1corintios-15-9-P02	implicit-1S	εἰμὶ		"[""EXPONE""]"	stable	implicit-1S — εἰμὶ	low	"[""verb:εἰμὶ"", ""subject:implicit-1S"", ""field:stable"", ""paso9:EXPONE""]"	False
P1300866	1corintios	15	9	15:9	866	1corintios-15-9-P03	implicit-1S	ἐδίωξα		"[""EXPONE""]"	stable	implicit-1S — ἐδίωξα	low	"[""verb:ἐδίωξα"", ""subject:implicit-1S"", ""field:stable"", ""paso9:EXPONE""]"	False
P1300867	1corintios	15	10	15:10	867	1corintios-15-10-P01	implicit-1S	εἰμι		"[""EXPONE""]"	stable	implicit-1S — εἰμι	low	"[""verb:εἰμι"", ""subject:implicit-1S"", ""field:stable"", ""paso9:EXPONE""]"	False
P1300868	1corintios	15	10	15:10	868	1corintios-15-10-P02	implicit-1S	εἰμι		"[""EXPONE""]"	stable	implicit-1S — εἰμι	low	"[""verb:εἰμι"", ""subject:implicit-1S"", ""field:stable"", ""paso9:EXPONE""]"	False
P1300869	1corintios	15	10	15:10	869	1corintios-15-10-P03	unknown	ἐγενήθη		"[""ACLARA""]"	unstable	sujeto no resuelto — ἐγενήθη	low	"[""verb:ἐγενήθη"", ""subject:unknown"", ""field:unstable"", ""paso9:ACLARA""]"	False
P1300870	1corintios	15	10	15:10	870	1corintios-15-10-P04	implicit-1S	ἐκοπίασα		"[""ACLARA""]"	unstable	implicit-1S — ἐκοπίασα	low	"[""verb:ἐκοπίασα"", ""subject:implicit-1S"", ""field:unstable"", ""paso9:ACLARA""]"	False
P1300871	1corintios	15	11	15:11	871	1corintios-15-11-P01	implicit-1P	κηρύσσομεν		"[""ACLARA""]"	recovering	implicit-1P — κηρύσσομεν	low	"[""verb:κηρύσσομεν"", ""subject:implicit-1P"", ""field:recovering"", ""paso9:ACLARA""]"	False
P1300872	1corintios	15	11	15:11	872	1corintios-15-11-P02	implicit-2P	ἐπιστεύσατε		"[""ACLARA""]"	unstable	implicit-2P — ἐπιστεύσατε	low	"[""verb:ἐπιστεύσατε"", ""subject:implicit-2P"", ""field:unstable"", ""paso9:ACLARA""]"	False
P1300873	1corintios	15	12	15:12	873	1corintios-15-12-P01	unknown	κηρύσσεται		"[""ACLARA""]"	unstable	sujeto no resuelto — κηρύσσεται	low	"[""verb:κηρύσσεται"", ""subject:unknown"", ""field:unstable"", ""paso9:ACLARA""]"	False
P1300874	1corintios	15	12	15:12	874	1corintios-15-12-P02	implicit-3S	ἐγήγερται		"[""CONDICIÓN"", ""EXPONE""]"	stable	implicit-3S — ἐγήγερται	low	"[""verb:ἐγήγερται"", ""subject:implicit-3S"", ""field:stable"", ""paso9:CONDICIÓN,EXPONE""]"	False
P1300875	1corintios	15	12	15:12	875	1corintios-15-12-P03	implicit-3P	λέγουσιν		"[""RAZÓN"", ""ACLARA""]"	recovering	implicit-3P — λέγουσιν	low	"[""verb:λέγουσιν"", ""subject:implicit-3P"", ""field:recovering"", ""paso9:RAZÓN,ACLARA""]"	False
P1300876	1corintios	15	12	15:12	876	1corintios-15-12-P04	unknown	ἔστιν		"[""ACLARA""]"	recovering	sujeto no resuelto — ἔστιν	low	"[""verb:ἔστιν"", ""subject:unknown"", ""field:recovering"", ""paso9:ACLARA""]"	False
P1300877	1corintios	15	13	15:13	877	1corintios-15-13-P01	unknown	ἔστιν		"[""RAZÓN"", ""ACLARA"", ""EXPONE""]"	stable	sujeto no resuelto — ἔστιν	low	"[""verb:ἔστιν"", ""subject:unknown"", ""field:stable"", ""paso9:RAZÓN,ACLARA,EXPONE""]"	False
P1300878	1corintios	15	13	15:13	878	1corintios-15-13-P02	unknown	ἐγήγερται		"[""CONDICIÓN"", ""EXPONE""]"	stable	sujeto no resuelto — ἐγήγερται	low	"[""verb:ἐγήγερται"", ""subject:unknown"", ""field:stable"", ""paso9:CONDICIÓN,EXPONE""]"	False
P1300879	1corintios	15	14	15:14	879	1corintios-15-14-P01	unknown	ἐγήγερται		"[""EXPONE""]"	stable	sujeto no resuelto — ἐγήγερται	low	"[""verb:ἐγήγερται"", ""subject:unknown"", ""field:stable"", ""paso9:EXPONE""]"	False
P1300880	1corintios	15	15	15:15	880	1corintios-15-15-P01	implicit-1P	εὑρισκόμεθα		"[""CONDICIÓN"", ""ACLARA""]"	transitioning	implicit-1P — εὑρισκόμεθα	low	"[""verb:εὑρισκόμεθα"", ""subject:implicit-1P"", ""field:transitioning"", ""paso9:CONDICIÓN,ACLARA""]"	False
P1300881	1corintios	15	15	15:15	881	1corintios-15-15-P02	implicit-1P	ἐμαρτυρήσαμεν		"[""EXPONE""]"	stable	implicit-1P — ἐμαρτυρήσαμεν	low	"[""verb:ἐμαρτυρήσαμεν"", ""subject:implicit-1P"", ""field:stable"", ""paso9:EXPONE""]"	False
P1300882	1corintios	15	15	15:15	882	1corintios-15-15-P03	implicit-3S	ἤγειρεν		"[""RAZÓN"", ""ACLARA""]"	transitioning	implicit-3S — ἤγειρεν	low	"[""verb:ἤγειρεν"", ""subject:implicit-3S"", ""field:transitioning"", ""paso9:RAZÓN,ACLARA""]"	False
P1300883	1corintios	15	15	15:15	883	1corintios-15-15-P04	implicit-3S	ἤγειρεν		"[""RAZÓN"", ""ACLARA"", ""EXPONE""]"	stable	implicit-3S — ἤγειρεν	low	"[""verb:ἤγειρεν"", ""subject:implicit-3S"", ""field:stable"", ""paso9:RAZÓN,ACLARA,EXPONE""]"	False
P1300884	1corintios	15	15	15:15	884	1corintios-15-15-P05	unknown	ἐγείρονται		"[""ACLARA""]"	recovering	sujeto no resuelto — ἐγείρονται	low	"[""verb:ἐγείρονται"", ""subject:unknown"", ""field:recovering"", ""paso9:ACLARA""]"	False
P1300885	1corintios	15	16	15:16	885	1corintios-15-16-P01	unknown	ἐγείρονται		"[""EXPONE""]"	stable	sujeto no resuelto — ἐγείρονται	low	"[""verb:ἐγείρονται"", ""subject:unknown"", ""field:stable"", ""paso9:EXPONE""]"	False
P1300886	1corintios	15	16	15:16	886	1corintios-15-16-P02	unknown	ἐγήγερται		"[""CONDICIÓN"", ""ACLARA""]"	recovering	sujeto no resuelto — ἐγήγερται	low	"[""verb:ἐγήγερται"", ""subject:unknown"", ""field:recovering"", ""paso9:CONDICIÓN,ACLARA""]"	False
P1300887	1corintios	15	17	15:17	887	1corintios-15-17-P01	unknown	ἐγήγερται		"[""EXPONE""]"	stable	sujeto no resuelto — ἐγήγερται	low	"[""verb:ἐγήγερται"", ""subject:unknown"", ""field:stable"", ""paso9:EXPONE""]"	False
P1300888	1corintios	15	17	15:17	888	1corintios-15-17-P02	implicit-2P	ἐστὲ		"[""CONDICIÓN"", ""ACLARA""]"	unstable	implicit-2P — ἐστὲ	low	"[""verb:ἐστὲ"", ""subject:implicit-2P"", ""field:unstable"", ""paso9:CONDICIÓN,ACLARA""]"	False
P1300889	1corintios	15	18	15:18	889	1corintios-15-18-P01	unknown	ἀπώλοντο		"[""ACLARA""]"	unstable	sujeto no resuelto — ἀπώλοντο	low	"[""verb:ἀπώλοντο"", ""subject:unknown"", ""field:unstable"", ""paso9:ACLARA""]"	False
P1300890	1corintios	15	19	15:19	890	1corintios-15-19-P01	implicit-1P	ἐσμὲν		"[""ACLARA""]"	unstable	implicit-1P — ἐσμὲν	low	"[""verb:ἐσμὲν"", ""subject:implicit-1P"", ""field:unstable"", ""paso9:ACLARA""]"	False
P1300891	1corintios	15	19	15:19	891	1corintios-15-19-P02	implicit-1P	ἐσμέν		"[""CONDICIÓN"", ""EXPONE""]"	stable	implicit-1P — ἐσμέν	low	"[""verb:ἐσμέν"", ""subject:implicit-1P"", ""field:stable"", ""paso9:CONDICIÓN,EXPONE""]"	False
P1300892	1corintios	15	20	15:20	892	1corintios-15-20-P01	unknown	ἐγήγερται		"[""ACLARA""]"	unstable	sujeto no resuelto — ἐγήγερται	low	"[""verb:ἐγήγερται"", ""subject:unknown"", ""field:unstable"", ""paso9:ACLARA""]"	False
P1300893	1corintios	15	22	15:22	893	1corintios-15-22-P01	unknown	ἀποθνῄσκουσιν		"[""ACLARA""]"	recovering	sujeto no resuelto — ἀποθνῄσκουσιν	low	"[""verb:ἀποθνῄσκουσιν"", ""subject:unknown"", ""field:recovering"", ""paso9:ACLARA""]"	False
P1300894	1corintios	15	22	15:22	894	1corintios-15-22-P02	unknown	ζῳοποιηθήσονται		"[""EXPONE""]"	stable	sujeto no resuelto — ζῳοποιηθήσονται	low	"[""verb:ζῳοποιηθήσονται"", ""subject:unknown"", ""field:stable"", ""paso9:EXPONE""]"	False
P1300895	1corintios	15	24	15:24	895	1corintios-15-24-P01	unknown	παραδιδῷ		"[""ACLARA""]"	recovering	sujeto no resuelto — παραδιδῷ	low	"[""verb:παραδιδῷ"", ""subject:unknown"", ""field:recovering"", ""paso9:ACLARA""]"	False
P1300896	1corintios	15	24	15:24	896	1corintios-15-24-P02	implicit-3S	καταργήσῃ		"[""EXPONE""]"	stable	implicit-3S — καταργήσῃ	low	"[""verb:καταργήσῃ"", ""subject:implicit-3S"", ""field:stable"", ""paso9:EXPONE""]"	False
P1300897	1corintios	15	25	15:25	897	1corintios-15-25-P01	implicit-3S	δεῖ		"[""EXPONE""]"	stable	implicit-3S — δεῖ	low	"[""verb:δεῖ"", ""subject:implicit-3S"", ""field:stable"", ""paso9:EXPONE""]"	False
P1300898	1corintios	15	25	15:25	898	1corintios-15-25-P02	implicit-3S	θῇ		"[""EXPONE""]"	stable	implicit-3S — θῇ	low	"[""verb:θῇ"", ""subject:implicit-3S"", ""field:stable"", ""paso9:EXPONE""]"	False
P1300899	1corintios	15	26	15:26	899	1corintios-15-26-P01	unknown	καταργεῖται		"[""EXPONE""]"	stable	sujeto no resuelto — καταργεῖται	low	"[""verb:καταργεῖται"", ""subject:unknown"", ""field:stable"", ""paso9:EXPONE""]"	False
P1300900	1corintios	15	27	15:27	900	1corintios-15-27-P01	implicit-3S	ὑπέταξεν		"[""EXPONE""]"	stable	implicit-3S — ὑπέταξεν	low	"[""verb:ὑπέταξεν"", ""subject:implicit-3S"", ""field:stable"", ""paso9:EXPONE""]"	False
P1300901	1corintios	15	27	15:27	901	1corintios-15-27-P02	implicit-3S	εἴπῃ		"[""EXPONE""]"	stable	implicit-3S — εἴπῃ	low	"[""verb:εἴπῃ"", ""subject:implicit-3S"", ""field:stable"", ""paso9:EXPONE""]"	False
P1300902	1corintios	15	27	15:27	902	1corintios-15-27-P03	unknown	ὑποτέτακται		"[""EXPONE""]"	stable	sujeto no resuelto — ὑποτέτακται	low	"[""verb:ὑποτέτακται"", ""subject:unknown"", ""field:stable"", ""paso9:EXPONE""]"	False
P1300903	1corintios	15	28	15:28	903	1corintios-15-28-P01	implicit-3S	ὑποταγῇ		"[""RAZÓN"", ""ACLARA"", ""EXPONE""]"	stable	implicit-3S — ὑποταγῇ	low	"[""verb:ὑποταγῇ"", ""subject:implicit-3S"", ""field:stable"", ""paso9:RAZÓN,ACLARA,EXPONE""]"	False
P1300904	1corintios	15	28	15:28	904	1corintios-15-28-P02	unknown	ὑποταγήσεται		"[""EXPONE""]"	stable	sujeto no resuelto — ὑποταγήσεται	low	"[""verb:ὑποταγήσεται"", ""subject:unknown"", ""field:stable"", ""paso9:EXPONE""]"	False
P1300905	1corintios	15	28	15:28	905	1corintios-15-28-P03	implicit-3S	ᾖ		"[""EXPONE""]"	stable	implicit-3S — ᾖ	low	"[""verb:ᾖ"", ""subject:implicit-3S"", ""field:stable"", ""paso9:EXPONE""]"	False
P1300906	1corintios	15	29	15:29	906	1corintios-15-29-P01	implicit-3P	ποιήσουσιν		"[""PROPÓSITO"", ""ACLARA""]"	recovering	implicit-3P — ποιήσουσιν	low	"[""verb:ποιήσουσιν"", ""subject:implicit-3P"", ""field:recovering"", ""paso9:PROPÓSITO,ACLARA""]"	False
P1300907	1corintios	15	29	15:29	907	1corintios-15-29-P02	unknown	ἐγείρονται		"[""EXPONE""]"	stable	sujeto no resuelto — ἐγείρονται	low	"[""verb:ἐγείρονται"", ""subject:unknown"", ""field:stable"", ""paso9:EXPONE""]"	False
P1300908	1corintios	15	29	15:29	908	1corintios-15-29-P03	implicit-3P	βαπτίζονται		"[""CONDICIÓN"", ""EXPONE""]"	stable	implicit-3P — βαπτίζονται	low	"[""verb:βαπτίζονται"", ""subject:implicit-3P"", ""field:stable"", ""paso9:CONDICIÓN,EXPONE""]"	False
P1300909	1corintios	15	30	15:30	909	1corintios-15-30-P01	implicit-1P	κινδυνεύομεν		"[""ACLARA""]"	transitioning	implicit-1P — κινδυνεύομεν	low	"[""verb:κινδυνεύομεν"", ""subject:implicit-1P"", ""field:transitioning"", ""paso9:ACLARA""]"	False
P1300910	1corintios	15	31	15:31	910	1corintios-15-31-P01	implicit-1S	ἀποθνῄσκω		"[""ACLARA""]"	recovering	implicit-1S — ἀποθνῄσκω	low	"[""verb:ἀποθνῄσκω"", ""subject:implicit-1S"", ""field:recovering"", ""paso9:ACLARA""]"	False
P1300911	1corintios	15	31	15:31	911	1corintios-15-31-P02	implicit-1S	ἔχω		"[""EXPONE""]"	stable	implicit-1S — ἔχω	low	"[""verb:ἔχω"", ""subject:implicit-1S"", ""field:stable"", ""paso9:EXPONE""]"	False
P1300912	1corintios	15	32	15:32	912	1corintios-15-32-P01	implicit-1S	ἐθηριομάχησα		"[""EXPONE""]"	stable	implicit-1S — ἐθηριομάχησα	low	"[""verb:ἐθηριομάχησα"", ""subject:implicit-1S"", ""field:stable"", ""paso9:EXPONE""]"	False
P1300913	1corintios	15	32	15:32	913	1corintios-15-32-P02	unknown	ἐγείρονται		"[""CONDICIÓN"", ""ACLARA""]"	transitioning	sujeto no resuelto — ἐγείρονται	low	"[""verb:ἐγείρονται"", ""subject:unknown"", ""field:transitioning"", ""paso9:CONDICIÓN,ACLARA""]"	False
P1300914	1corintios	15	32	15:32	914	1corintios-15-32-P03	implicit-1P	φάγωμεν		"[""CONDICIÓN"", ""ACLARA""]"	transitioning	implicit-1P — φάγωμεν	low	"[""verb:φάγωμεν"", ""subject:implicit-1P"", ""field:transitioning"", ""paso9:CONDICIÓN,ACLARA""]"	False
P1300915	1corintios	15	32	15:32	915	1corintios-15-32-P04	implicit-1P	πίωμεν		"[""EXPONE""]"	stable	implicit-1P — πίωμεν	low	"[""verb:πίωμεν"", ""subject:implicit-1P"", ""field:stable"", ""paso9:EXPONE""]"	False
P1300916	1corintios	15	32	15:32	916	1corintios-15-32-P05	implicit-1P	ἀποθνῄσκομεν		"[""EXPONE""]"	stable	implicit-1P — ἀποθνῄσκομεν	low	"[""verb:ἀποθνῄσκομεν"", ""subject:implicit-1P"", ""field:stable"", ""paso9:EXPONE""]"	False
P1300917	1corintios	15	33	15:33	917	1corintios-15-33-P01	implicit-2P	πλανᾶσθε		"[""ACLARA""]"	unstable	implicit-2P — πλανᾶσθε	low	"[""verb:πλανᾶσθε"", ""subject:implicit-2P"", ""field:unstable"", ""paso9:ACLARA""]"	False
P1300918	1corintios	15	33	15:33	918	1corintios-15-33-P02	implicit-3P	φθείρουσιν		"[""ACLARA""]"	unstable	implicit-3P — φθείρουσιν	low	"[""verb:φθείρουσιν"", ""subject:implicit-3P"", ""field:unstable"", ""paso9:ACLARA""]"	False
P1300919	1corintios	15	34	15:34	919	1corintios-15-34-P01	implicit-2P	ἐκνήψατε		"[""ACLARA""]"	unstable	implicit-2P — ἐκνήψατε	low	"[""verb:ἐκνήψατε"", ""subject:implicit-2P"", ""field:unstable"", ""paso9:ACLARA""]"	False
P1300920	1corintios	15	34	15:34	920	1corintios-15-34-P02	implicit-2P	ἁμαρτάνετε		"[""EXPONE""]"	stable	implicit-2P — ἁμαρτάνετε	low	"[""verb:ἁμαρτάνετε"", ""subject:implicit-2P"", ""field:stable"", ""paso9:EXPONE""]"	False
P1300921	1corintios	15	34	15:34	921	1corintios-15-34-P03	unknown	ἔχουσιν		"[""ACLARA""]"	unstable	sujeto no resuelto — ἔχουσιν	low	"[""verb:ἔχουσιν"", ""subject:unknown"", ""field:unstable"", ""paso9:ACLARA""]"	False
P1300922	1corintios	15	34	15:34	922	1corintios-15-34-P04	implicit-1S	λαλῶ		"[""ACLARA""]"	unstable	implicit-1S — λαλῶ	low	"[""verb:λαλῶ"", ""subject:implicit-1S"", ""field:unstable"", ""paso9:ACLARA""]"	False
P1300923	1corintios	15	35	15:35	923	1corintios-15-35-P01	implicit-3S	ἐρεῖ		"[""ACLARA""]"	unstable	implicit-3S — ἐρεῖ	low	"[""verb:ἐρεῖ"", ""subject:implicit-3S"", ""field:unstable"", ""paso9:ACLARA""]"	False
P1300924	1corintios	15	35	15:35	924	1corintios-15-35-P02	implicit-3P	ἐγείρονται		"[""ACLARA""]"	recovering	implicit-3P — ἐγείρονται	low	"[""verb:ἐγείρονται"", ""subject:implicit-3P"", ""field:recovering"", ""paso9:ACLARA""]"	False
P1300925	1corintios	15	35	15:35	925	1corintios-15-35-P03	implicit-3P	ἔρχονται		"[""EXPONE""]"	stable	implicit-3P — ἔρχονται	low	"[""verb:ἔρχονται"", ""subject:implicit-3P"", ""field:stable"", ""paso9:EXPONE""]"	False
P1300926	1corintios	15	36	15:36	926	1corintios-15-36-P01	implicit-2S	σπείρεις		"[""ACLARA""]"	unstable	implicit-2S — σπείρεις	low	"[""verb:σπείρεις"", ""subject:implicit-2S"", ""field:unstable"", ""paso9:ACLARA""]"	False
P1300927	1corintios	15	36	15:36	927	1corintios-15-36-P02	implicit-3S	ζῳοποιεῖται		"[""ACLARA""]"	transitioning	implicit-3S — ζῳοποιεῖται	low	"[""verb:ζῳοποιεῖται"", ""subject:implicit-3S"", ""field:transitioning"", ""paso9:ACLARA""]"	False
P1300928	1corintios	15	36	15:36	928	1corintios-15-36-P03	implicit-3S	ἀποθάνῃ		"[""EXPONE""]"	stable	implicit-3S — ἀποθάνῃ	low	"[""verb:ἀποθάνῃ"", ""subject:implicit-3S"", ""field:stable"", ""paso9:EXPONE""]"	False
P1300929	1corintios	15	37	15:37	929	1corintios-15-37-P01	implicit-2S	σπείρεις		"[""CONDICIÓN"", ""ACLARA""]"	transitioning	implicit-2S — σπείρεις	low	"[""verb:σπείρεις"", ""subject:implicit-2S"", ""field:transitioning"", ""paso9:CONDICIÓN,ACLARA""]"	False
P1300930	1corintios	15	37	15:37	930	1corintios-15-37-P02	implicit-2S	σπείρεις		"[""EXPONE""]"	stable	implicit-2S — σπείρεις	low	"[""verb:σπείρεις"", ""subject:implicit-2S"", ""field:stable"", ""paso9:EXPONE""]"	False
P1300931	1corintios	15	37	15:37	931	1corintios-15-37-P03	implicit-3S	τύχοι		"[""ACLARA""]"	transitioning	implicit-3S — τύχοι	low	"[""verb:τύχοι"", ""subject:implicit-3S"", ""field:transitioning"", ""paso9:ACLARA""]"	False
P1300932	1corintios	15	38	15:38	932	1corintios-15-38-P01	unknown	δίδωσιν		"[""CONDICIÓN"", ""EXPONE""]"	stable	sujeto no resuelto — δίδωσιν	low	"[""verb:δίδωσιν"", ""subject:unknown"", ""field:stable"", ""paso9:CONDICIÓN,EXPONE""]"	False
P1300933	1corintios	15	38	15:38	933	1corintios-15-38-P02	implicit-3S	ἠθέλησεν		"[""EXPONE""]"	stable	implicit-3S — ἠθέλησεν	low	"[""verb:ἠθέλησεν"", ""subject:implicit-3S"", ""field:stable"", ""paso9:EXPONE""]"	False
P1300934	1corintios	15	41	15:41	934	1corintios-15-41-P01	implicit-3S	διαφέρει		"[""ACLARA"", ""EXPONE""]"	stable	implicit-3S — διαφέρει	low	"[""verb:διαφέρει"", ""subject:implicit-3S"", ""field:stable"", ""paso9:ACLARA,EXPONE""]"	False
P1300935	1corintios	15	42	15:42	935	1corintios-15-42-P01	unknown	σπείρεται		"[""EXPONE""]"	stable	sujeto no resuelto — σπείρεται	low	"[""verb:σπείρεται"", ""subject:unknown"", ""field:stable"", ""paso9:EXPONE""]"	False
P1300936	1corintios	15	42	15:42	936	1corintios-15-42-P02	implicit-3S	ἐγείρεται		"[""EXPONE""]"	stable	implicit-3S — ἐγείρεται	low	"[""verb:ἐγείρεται"", ""subject:implicit-3S"", ""field:stable"", ""paso9:EXPONE""]"	False
P1300937	1corintios	15	43	15:43	937	1corintios-15-43-P01	implicit-3S	σπείρεται		"[""EXPONE""]"	stable	implicit-3S — σπείρεται	low	"[""verb:σπείρεται"", ""subject:implicit-3S"", ""field:stable"", ""paso9:EXPONE""]"	False
P1300938	1corintios	15	43	15:43	938	1corintios-15-43-P02	implicit-3S	ἐγείρεται		"[""EXPONE""]"	stable	implicit-3S — ἐγείρεται	low	"[""verb:ἐγείρεται"", ""subject:implicit-3S"", ""field:stable"", ""paso9:EXPONE""]"	False
P1300939	1corintios	15	43	15:43	939	1corintios-15-43-P03	implicit-3S	σπείρεται		"[""EXPONE""]"	stable	implicit-3S — σπείρεται	low	"[""verb:σπείρεται"", ""subject:implicit-3S"", ""field:stable"", ""paso9:EXPONE""]"	False
P1300940	1corintios	15	43	15:43	940	1corintios-15-43-P04	implicit-3S	ἐγείρεται		"[""EXPONE""]"	stable	implicit-3S — ἐγείρεται	low	"[""verb:ἐγείρεται"", ""subject:implicit-3S"", ""field:stable"", ""paso9:EXPONE""]"	False
P1300941	1corintios	15	44	15:44	941	1corintios-15-44-P01	implicit-3S	σπείρεται		"[""EXPONE""]"	stable	implicit-3S — σπείρεται	low	"[""verb:σπείρεται"", ""subject:implicit-3S"", ""field:stable"", ""paso9:EXPONE""]"	False
P1300942	1corintios	15	44	15:44	942	1corintios-15-44-P02	unknown	ἐγείρεται		"[""EXPONE""]"	stable	sujeto no resuelto — ἐγείρεται	low	"[""verb:ἐγείρεται"", ""subject:unknown"", ""field:stable"", ""paso9:EXPONE""]"	False
P1300943	1corintios	15	44	15:44	943	1corintios-15-44-P03	unknown	ἔστιν		"[""EXPONE""]"	stable	sujeto no resuelto — ἔστιν	low	"[""verb:ἔστιν"", ""subject:unknown"", ""field:stable"", ""paso9:EXPONE""]"	False
P1300944	1corintios	15	44	15:44	944	1corintios-15-44-P04	unknown	ἔστιν		"[""CONDICIÓN"", ""EXPONE""]"	stable	sujeto no resuelto — ἔστιν	low	"[""verb:ἔστιν"", ""subject:unknown"", ""field:stable"", ""paso9:CONDICIÓN,EXPONE""]"	False
P1300945	1corintios	15	45	15:45	945	1corintios-15-45-P01	implicit-3S	γέγραπται		"[""EXPONE""]"	stable	implicit-3S — γέγραπται	low	"[""verb:γέγραπται"", ""subject:implicit-3S"", ""field:stable"", ""paso9:EXPONE""]"	False
P1300946	1corintios	15	45	15:45	946	1corintios-15-45-P02	implicit-3S	ἐγένετο		"[""EXPONE""]"	stable	implicit-3S — ἐγένετο	low	"[""verb:ἐγένετο"", ""subject:implicit-3S"", ""field:stable"", ""paso9:EXPONE""]"	False
P1300947	1corintios	15	49	15:49	947	1corintios-15-49-P01	implicit-1P	ἐφορέσαμεν		"[""ACLARA""]"	unstable	implicit-1P — ἐφορέσαμεν	low	"[""verb:ἐφορέσαμεν"", ""subject:implicit-1P"", ""field:unstable"", ""paso9:ACLARA""]"	False
P1300948	1corintios	15	49	15:49	948	1corintios-15-49-P02	implicit-1P	φορέσομεν		"[""ACLARA"", ""EXPONE""]"	stable	implicit-1P — φορέσομεν	low	"[""verb:φορέσομεν"", ""subject:implicit-1P"", ""field:stable"", ""paso9:ACLARA,EXPONE""]"	False
P1300949	1corintios	15	50	15:50	949	1corintios-15-50-P01	implicit-1S	φημι		"[""ACLARA""]"	recovering	implicit-1S — φημι	low	"[""verb:φημι"", ""subject:implicit-1S"", ""field:recovering"", ""paso9:ACLARA""]"	False
P1300950	1corintios	15	50	15:50	950	1corintios-15-50-P02	unknown	δύναται		"[""ACLARA""]"	unstable	sujeto no resuelto — δύναται	low	"[""verb:δύναται"", ""subject:unknown"", ""field:unstable"", ""paso9:ACLARA""]"	False
P1300951	1corintios	15	50	15:50	951	1corintios-15-50-P03	unknown	κληρονομεῖ		"[""RAZÓN"", ""ACLARA"", ""EXPONE""]"	stable	sujeto no resuelto — κληρονομεῖ	low	"[""verb:κληρονομεῖ"", ""subject:unknown"", ""field:stable"", ""paso9:RAZÓN,ACLARA,EXPONE""]"	False
P1300952	1corintios	15	51	15:51	952	1corintios-15-51-P01	implicit-1S	λέγω		"[""ACLARA""]"	unstable	implicit-1S — λέγω	low	"[""verb:λέγω"", ""subject:implicit-1S"", ""field:unstable"", ""paso9:ACLARA""]"	False
P1300953	1corintios	15	51	15:51	953	1corintios-15-51-P02	implicit-1P	κοιμηθησόμεθα		"[""ACLARA""]"	recovering	implicit-1P — κοιμηθησόμεθα	low	"[""verb:κοιμηθησόμεθα"", ""subject:implicit-1P"", ""field:recovering"", ""paso9:ACLARA""]"	False
P1300954	1corintios	15	51	15:51	954	1corintios-15-51-P03	implicit-1P	ἀλλαγησόμεθα		"[""EXPONE""]"	stable	implicit-1P — ἀλλαγησόμεθα	low	"[""verb:ἀλλαγησόμεθα"", ""subject:implicit-1P"", ""field:stable"", ""paso9:EXPONE""]"	False
P1300955	1corintios	15	52	15:52	955	1corintios-15-52-P01	implicit-3S	σαλπίσει		"[""ACLARA""]"	unstable	implicit-3S — σαλπίσει	low	"[""verb:σαλπίσει"", ""subject:implicit-3S"", ""field:unstable"", ""paso9:ACLARA""]"	False
P1300956	1corintios	15	52	15:52	956	1corintios-15-52-P02	unknown	ἐγερθήσονται		"[""ACLARA""]"	recovering	sujeto no resuelto — ἐγερθήσονται	low	"[""verb:ἐγερθήσονται"", ""subject:unknown"", ""field:recovering"", ""paso9:ACLARA""]"	False
P1300957	1corintios	15	52	15:52	957	1corintios-15-52-P03	implicit-1P	ἀλλαγησόμεθα		"[""ACLARA""]"	transitioning	implicit-1P — ἀλλαγησόμεθα	low	"[""verb:ἀλλαγησόμεθα"", ""subject:implicit-1P"", ""field:transitioning"", ""paso9:ACLARA""]"	False
P1300958	1corintios	15	53	15:53	958	1corintios-15-53-P01	implicit-3S	δεῖ		"[""ACLARA""]"	transitioning	implicit-3S — δεῖ	low	"[""verb:δεῖ"", ""subject:implicit-3S"", ""field:transitioning"", ""paso9:ACLARA""]"	False
P1300959	1corintios	15	54	15:54	959	1corintios-15-54-P01	unknown	ἐνδύσηται		"[""EXPONE""]"	stable	sujeto no resuelto — ἐνδύσηται	low	"[""verb:ἐνδύσηται"", ""subject:unknown"", ""field:stable"", ""paso9:EXPONE""]"	False
P1300960	1corintios	15	54	15:54	960	1corintios-15-54-P02	unknown	ἐνδύσηται		"[""EXPONE""]"	stable	sujeto no resuelto — ἐνδύσηται	low	"[""verb:ἐνδύσηται"", ""subject:unknown"", ""field:stable"", ""paso9:EXPONE""]"	False
P1300961	1corintios	15	54	15:54	961	1corintios-15-54-P03	implicit-3S	γενήσεται		"[""EXPONE""]"	stable	implicit-3S — γενήσεται	low	"[""verb:γενήσεται"", ""subject:implicit-3S"", ""field:stable"", ""paso9:EXPONE""]"	False
P1300962	1corintios	15	54	15:54	962	1corintios-15-54-P04	unknown	κατεπόθη		"[""EXPONE""]"	stable	sujeto no resuelto — κατεπόθη	low	"[""verb:κατεπόθη"", ""subject:unknown"", ""field:stable"", ""paso9:EXPONE""]"	False
P1300963	1corintios	15	58	15:58	963	1corintios-15-58-P01	implicit-2P	γίνεσθε		"[""RESULTADO"", ""ACLARA""]"	unstable	implicit-2P — γίνεσθε	low	"[""verb:γίνεσθε"", ""subject:implicit-2P"", ""field:unstable"", ""paso9:RESULTADO,ACLARA""]"	False
P1300964	1corintios	15	58	15:58	964	1corintios-15-58-P02	unknown	ἔστιν		"[""ACLARA""]"	unstable	sujeto no resuelto — ἔστιν	low	"[""verb:ἔστιν"", ""subject:unknown"", ""field:unstable"", ""paso9:ACLARA""]"	False
P1300965	1corintios	16	1	16:1	965	1corintios-16-1-P01	implicit-1S	διέταξα		"[""RAZÓN"", ""ACLARA""]"	unstable	implicit-1S — διέταξα	low	"[""verb:διέταξα"", ""subject:implicit-1S"", ""field:unstable"", ""paso9:RAZÓN,ACLARA""]"	False
P1300966	1corintios	16	1	16:1	966	1corintios-16-1-P02	implicit-2P	ποιήσατε		"[""ACLARA""]"	unstable	implicit-2P — ποιήσατε	low	"[""verb:ποιήσατε"", ""subject:implicit-2P"", ""field:unstable"", ""paso9:ACLARA""]"	False
P1300967	1corintios	16	2	16:2	967	1corintios-16-2-P01	unknown	τιθέτω		"[""ACLARA""]"	unstable	sujeto no resuelto — τιθέτω	low	"[""verb:τιθέτω"", ""subject:unknown"", ""field:unstable"", ""paso9:ACLARA""]"	False
P1300968	1corintios	16	2	16:2	968	1corintios-16-2-P02	implicit-3S	εὐοδῶται		"[""EXPONE""]"	stable	implicit-3S — εὐοδῶται	low	"[""verb:εὐοδῶται"", ""subject:implicit-3S"", ""field:stable"", ""paso9:EXPONE""]"	False
P1300969	1corintios	16	2	16:2	969	1corintios-16-2-P03	implicit-1S	ἔλθω		"[""CONDICIÓN"", ""ACLARA""]"	unstable	implicit-1S — ἔλθω	low	"[""verb:ἔλθω"", ""subject:implicit-1S"", ""field:unstable"", ""paso9:CONDICIÓN,ACLARA""]"	False
P1300970	1corintios	16	2	16:2	970	1corintios-16-2-P04	unknown	γίνωνται		"[""PROPÓSITO"", ""ACLARA""]"	unstable	sujeto no resuelto — γίνωνται	low	"[""verb:γίνωνται"", ""subject:unknown"", ""field:unstable"", ""paso9:PROPÓSITO,ACLARA""]"	False
P1300971	1corintios	16	3	16:3	971	1corintios-16-3-P01	implicit-1S	παραγένωμαι		"[""ACLARA""]"	unstable	implicit-1S — παραγένωμαι	low	"[""verb:παραγένωμαι"", ""subject:implicit-1S"", ""field:unstable"", ""paso9:ACLARA""]"	False
P1300972	1corintios	16	3	16:3	972	1corintios-16-3-P02	implicit-2P	δοκιμάσητε		"[""ACLARA""]"	unstable	implicit-2P — δοκιμάσητε	low	"[""verb:δοκιμάσητε"", ""subject:implicit-2P"", ""field:unstable"", ""paso9:ACLARA""]"	False
P1300973	1corintios	16	3	16:3	973	1corintios-16-3-P03	implicit-1S	πέμψω		"[""CONDICIÓN"", ""ACLARA""]"	unstable	implicit-1S — πέμψω	low	"[""verb:πέμψω"", ""subject:implicit-1S"", ""field:unstable"", ""paso9:CONDICIÓN,ACLARA""]"	False
P1300974	1corintios	16	4	16:4	974	1corintios-16-4-P01	unknown	ᾖ		"[""ACLARA""]"	unstable	sujeto no resuelto — ᾖ	low	"[""verb:ᾖ"", ""subject:unknown"", ""field:unstable"", ""paso9:ACLARA""]"	False
P1300975	1corintios	16	4	16:4	975	1corintios-16-4-P02	implicit-3P	πορεύσονται		"[""CONDICIÓN"", ""ACLARA""]"	recovering	implicit-3P — πορεύσονται	low	"[""verb:πορεύσονται"", ""subject:implicit-3P"", ""field:recovering"", ""paso9:CONDICIÓN,ACLARA""]"	False
P1300976	1corintios	16	5	16:5	976	1corintios-16-5-P01	implicit-1S	ἐλεύσομαι		"[""ACLARA""]"	transitioning	implicit-1S — ἐλεύσομαι	low	"[""verb:ἐλεύσομαι"", ""subject:implicit-1S"", ""field:transitioning"", ""paso9:ACLARA""]"	False
P1300977	1corintios	16	5	16:5	977	1corintios-16-5-P02	implicit-1S	διέλθω		"[""EXPONE""]"	stable	implicit-1S — διέλθω	low	"[""verb:διέλθω"", ""subject:implicit-1S"", ""field:stable"", ""paso9:EXPONE""]"	False
P1300978	1corintios	16	5	16:5	978	1corintios-16-5-P03	implicit-1S	διέρχομαι		"[""EXPONE""]"	stable	implicit-1S — διέρχομαι	low	"[""verb:διέρχομαι"", ""subject:implicit-1S"", ""field:stable"", ""paso9:EXPONE""]"	False
P1300979	1corintios	16	6	16:6	979	1corintios-16-6-P01	implicit-1S	παραμενῶ		"[""EXPONE""]"	stable	implicit-1S — παραμενῶ	low	"[""verb:παραμενῶ"", ""subject:implicit-1S"", ""field:stable"", ""paso9:EXPONE""]"	False
P1300980	1corintios	16	6	16:6	980	1corintios-16-6-P02	implicit-1S	παραχειμάσω		"[""EXPONE""]"	stable	implicit-1S — παραχειμάσω	low	"[""verb:παραχειμάσω"", ""subject:implicit-1S"", ""field:stable"", ""paso9:EXPONE""]"	False
P1300981	1corintios	16	6	16:6	981	1corintios-16-6-P03	implicit-2P	προπέμψητε		"[""ACLARA""]"	transitioning	implicit-2P — προπέμψητε	low	"[""verb:προπέμψητε"", ""subject:implicit-2P"", ""field:transitioning"", ""paso9:ACLARA""]"	False
P1300982	1corintios	16	6	16:6	982	1corintios-16-6-P04	implicit-1S	πορεύωμαι		"[""PROPÓSITO"", ""ACLARA""]"	transitioning	implicit-1S — πορεύωμαι	low	"[""verb:πορεύωμαι"", ""subject:implicit-1S"", ""field:transitioning"", ""paso9:PROPÓSITO,ACLARA""]"	False
P1300983	1corintios	16	7	16:7	983	1corintios-16-7-P01	implicit-1S	θέλω		"[""CONDICIÓN"", ""EXPONE""]"	stable	implicit-1S — θέλω	low	"[""verb:θέλω"", ""subject:implicit-1S"", ""field:stable"", ""paso9:CONDICIÓN,EXPONE""]"	False
P1300984	1corintios	16	7	16:7	984	1corintios-16-7-P02	implicit-1S	ἐλπίζω		"[""EXPONE""]"	stable	implicit-1S — ἐλπίζω	low	"[""verb:ἐλπίζω"", ""subject:implicit-1S"", ""field:stable"", ""paso9:EXPONE""]"	False
P1300985	1corintios	16	7	16:7	985	1corintios-16-7-P03	unknown	ἐπιτρέψῃ		"[""ACLARA""]"	unstable	sujeto no resuelto — ἐπιτρέψῃ	low	"[""verb:ἐπιτρέψῃ"", ""subject:unknown"", ""field:unstable"", ""paso9:ACLARA""]"	False
P1300986	1corintios	16	8	16:8	986	1corintios-16-8-P01	implicit-1S	ἐπιμενῶ		"[""CONDICIÓN"", ""ACLARA""]"	unstable	implicit-1S — ἐπιμενῶ	low	"[""verb:ἐπιμενῶ"", ""subject:implicit-1S"", ""field:unstable"", ""paso9:CONDICIÓN,ACLARA""]"	False
P1300987	1corintios	16	9	16:9	987	1corintios-16-9-P01	implicit-3S	ἀνέῳγεν		"[""ACLARA""]"	unstable	implicit-3S — ἀνέῳγεν	low	"[""verb:ἀνέῳγεν"", ""subject:implicit-3S"", ""field:unstable"", ""paso9:ACLARA""]"	False
P1300988	1corintios	16	10	16:10	988	1corintios-16-10-P01	implicit-3S	ἔλθῃ		"[""EXPONE""]"	stable	implicit-3S — ἔλθῃ	low	"[""verb:ἔλθῃ"", ""subject:implicit-3S"", ""field:stable"", ""paso9:EXPONE""]"	False
P1300989	1corintios	16	10	16:10	989	1corintios-16-10-P02	implicit-2P	βλέπετε		"[""CONDICIÓN"", ""ACLARA""]"	transitioning	implicit-2P — βλέπετε	low	"[""verb:βλέπετε"", ""subject:implicit-2P"", ""field:transitioning"", ""paso9:CONDICIÓN,ACLARA""]"	False
P1300990	1corintios	16	10	16:10	990	1corintios-16-10-P03	implicit-3S	γένηται		"[""ACLARA""]"	transitioning	implicit-3S — γένηται	low	"[""verb:γένηται"", ""subject:implicit-3S"", ""field:transitioning"", ""paso9:ACLARA""]"	False
P1300991	1corintios	16	10	16:10	991	1corintios-16-10-P04	implicit-3S	ἐργάζεται		"[""PROPÓSITO"", ""EXPONE""]"	stable	implicit-3S — ἐργάζεται	low	"[""verb:ἐργάζεται"", ""subject:implicit-3S"", ""field:stable"", ""paso9:PROPÓSITO,EXPONE""]"	False
P1300992	1corintios	16	11	16:11	992	1corintios-16-11-P01	implicit-3S	ἐξουθενήσῃ		"[""EXPONE""]"	stable	implicit-3S — ἐξουθενήσῃ	low	"[""verb:ἐξουθενήσῃ"", ""subject:implicit-3S"", ""field:stable"", ""paso9:EXPONE""]"	False
P1300993	1corintios	16	11	16:11	993	1corintios-16-11-P02	implicit-2P	προπέμψατε		"[""ACLARA""]"	unstable	implicit-2P — προπέμψατε	low	"[""verb:προπέμψατε"", ""subject:implicit-2P"", ""field:unstable"", ""paso9:ACLARA""]"	False
P1300994	1corintios	16	11	16:11	994	1corintios-16-11-P03	implicit-3S	ἔλθῃ		"[""ACLARA""]"	unstable	implicit-3S — ἔλθῃ	low	"[""verb:ἔλθῃ"", ""subject:implicit-3S"", ""field:unstable"", ""paso9:ACLARA""]"	False
P1300995	1corintios	16	11	16:11	995	1corintios-16-11-P04	implicit-1S	ἐκδέχομαι		"[""PROPÓSITO"", ""ACLARA""]"	transitioning	implicit-1S — ἐκδέχομαι	low	"[""verb:ἐκδέχομαι"", ""subject:implicit-1S"", ""field:transitioning"", ""paso9:PROPÓSITO,ACLARA""]"	False
P1300996	1corintios	16	12	16:12	996	1corintios-16-12-P01	implicit-1S	παρεκάλεσα		"[""EXPONE""]"	stable	implicit-1S — παρεκάλεσα	low	"[""verb:παρεκάλεσα"", ""subject:implicit-1S"", ""field:stable"", ""paso9:EXPONE""]"	False
P1300997	1corintios	16	12	16:12	997	1corintios-16-12-P02	implicit-3S	ἔλθῃ		"[""ACLARA""]"	transitioning	implicit-3S — ἔλθῃ	low	"[""verb:ἔλθῃ"", ""subject:implicit-3S"", ""field:transitioning"", ""paso9:ACLARA""]"	False
P1300998	1corintios	16	12	16:12	998	1corintios-16-12-P03	implicit-3S	ἦν		"[""PROPÓSITO"", ""EXPONE""]"	stable	implicit-3S — ἦν	low	"[""verb:ἦν"", ""subject:implicit-3S"", ""field:stable"", ""paso9:PROPÓSITO,EXPONE""]"	False
P1300999	1corintios	16	12	16:12	999	1corintios-16-12-P04	unknown	ἔλθῃ		"[""EXPONE""]"	stable	sujeto no resuelto — ἔλθῃ	low	"[""verb:ἔλθῃ"", ""subject:unknown"", ""field:stable"", ""paso9:EXPONE""]"	False
P1301000	1corintios	16	12	16:12	1000	1corintios-16-12-P05	implicit-3S	ἐλεύσεται		"[""PROPÓSITO"", ""EXPONE""]"	stable	implicit-3S — ἐλεύσεται	low	"[""verb:ἐλεύσεται"", ""subject:implicit-3S"", ""field:stable"", ""paso9:PROPÓSITO,EXPONE""]"	False
P1301001	1corintios	16	12	16:12	1001	1corintios-16-12-P06	implicit-3S	εὐκαιρήσῃ		"[""EXPONE""]"	stable	implicit-3S — εὐκαιρήσῃ	low	"[""verb:εὐκαιρήσῃ"", ""subject:implicit-3S"", ""field:stable"", ""paso9:EXPONE""]"	False
P1301002	1corintios	16	14	16:14	1002	1corintios-16-14-P01	unknown	γινέσθω		"[""EXPONE""]"	stable	sujeto no resuelto — γινέσθω	low	"[""verb:γινέσθω"", ""subject:unknown"", ""field:stable"", ""paso9:EXPONE""]"	False
P1301003	1corintios	16	15	16:15	1003	1corintios-16-15-P01	implicit-1S	παρακαλῶ		"[""ACLARA""]"	unstable	implicit-1S — παρακαλῶ	low	"[""verb:παρακαλῶ"", ""subject:implicit-1S"", ""field:unstable"", ""paso9:ACLARA""]"	False
P1301004	1corintios	16	15	16:15	1004	1corintios-16-15-P02	implicit-2P	οἴδατε		"[""ACLARA""]"	unstable	implicit-2P — οἴδατε	low	"[""verb:οἴδατε"", ""subject:implicit-2P"", ""field:unstable"", ""paso9:ACLARA""]"	False
P1301005	1corintios	16	15	16:15	1005	1corintios-16-15-P03	implicit-3S	ἐστὶν		"[""ACLARA""]"	unstable	implicit-3S — ἐστὶν	low	"[""verb:ἐστὶν"", ""subject:implicit-3S"", ""field:unstable"", ""paso9:ACLARA""]"	False
P1301006	1corintios	16	15	16:15	1006	1corintios-16-15-P04	implicit-3P	ἔταξαν		"[""RAZÓN"", ""ACLARA""]"	recovering	implicit-3P — ἔταξαν	low	"[""verb:ἔταξαν"", ""subject:implicit-3P"", ""field:recovering"", ""paso9:RAZÓN,ACLARA""]"	False
P1301007	1corintios	16	16	16:16	1007	1corintios-16-16-P01	implicit-2P	ὑποτάσσησθε		"[""ACLARA""]"	unstable	implicit-2P — ὑποτάσσησθε	low	"[""verb:ὑποτάσσησθε"", ""subject:implicit-2P"", ""field:unstable"", ""paso9:ACLARA""]"	False
P1301008	1corintios	16	17	16:17	1008	1corintios-16-17-P01	implicit-1S	χαίρω		"[""PROPÓSITO"", ""ACLARA""]"	unstable	implicit-1S — χαίρω	low	"[""verb:χαίρω"", ""subject:implicit-1S"", ""field:unstable"", ""paso9:PROPÓSITO,ACLARA""]"	False
P1301009	1corintios	16	17	16:17	1009	1corintios-16-17-P02	unknown	ἀνεπλήρωσαν		"[""ACLARA""]"	unstable	sujeto no resuelto — ἀνεπλήρωσαν	low	"[""verb:ἀνεπλήρωσαν"", ""subject:unknown"", ""field:unstable"", ""paso9:ACLARA""]"	False
P1301010	1corintios	16	18	16:18	1010	1corintios-16-18-P01	implicit-3P	ἀνέπαυσαν		"[""RAZÓN"", ""ACLARA"", ""EXPONE""]"	stable	implicit-3P — ἀνέπαυσαν	low	"[""verb:ἀνέπαυσαν"", ""subject:implicit-3P"", ""field:stable"", ""paso9:RAZÓN,ACLARA,EXPONE""]"	False
P1301011	1corintios	16	18	16:18	1011	1corintios-16-18-P02	implicit-2P	ἐπιγινώσκετε		"[""ACLARA""]"	unstable	implicit-2P — ἐπιγινώσκετε	low	"[""verb:ἐπιγινώσκετε"", ""subject:implicit-2P"", ""field:unstable"", ""paso9:ACLARA""]"	False
P1301012	1corintios	16	19	16:19	1012	1corintios-16-19-P01	implicit-3P	ἀσπάζονται		"[""ACLARA""]"	unstable	implicit-3P — ἀσπάζονται	low	"[""verb:ἀσπάζονται"", ""subject:implicit-3P"", ""field:unstable"", ""paso9:ACLARA""]"	False
P1301013	1corintios	16	19	16:19	1013	1corintios-16-19-P02	implicit-3S	ἀσπάζεται		"[""ACLARA""]"	recovering	implicit-3S — ἀσπάζεται	low	"[""verb:ἀσπάζεται"", ""subject:implicit-3S"", ""field:recovering"", ""paso9:ACLARA""]"	False
P1301014	1corintios	16	20	16:20	1014	1corintios-16-20-P01	implicit-3P	ἀσπάζονται		"[""ACLARA""]"	recovering	implicit-3P — ἀσπάζονται	low	"[""verb:ἀσπάζονται"", ""subject:implicit-3P"", ""field:recovering"", ""paso9:ACLARA""]"	False
P1301015	1corintios	16	20	16:20	1015	1corintios-16-20-P02	implicit-2P	ἀσπάσασθε		"[""ACLARA""]"	unstable	implicit-2P — ἀσπάσασθε	low	"[""verb:ἀσπάσασθε"", ""subject:implicit-2P"", ""field:unstable"", ""paso9:ACLARA""]"	False
P1301016	1corintios	16	22	16:22	1016	1corintios-16-22-P01	unknown	φιλεῖ		"[""ACLARA""]"	transitioning	sujeto no resuelto — φιλεῖ	low	"[""verb:φιλεῖ"", ""subject:unknown"", ""field:transitioning"", ""paso9:ACLARA""]"	False
P1301017	1corintios	16	22	16:22	1017	1corintios-16-22-P02	implicit-3S	ἤτω		"[""CONDICIÓN"", ""EXPONE""]"	stable	implicit-3S — ἤτω	low	"[""verb:ἤτω"", ""subject:implicit-3S"", ""field:stable"", ""paso9:CONDICIÓN,EXPONE""]"	False
P1301018	1corintios	16	22	16:22	1018	1corintios-16-22-P03	implicit-2S	θά		"[""ACLARA""]"	transitioning	implicit-2S — θά	low	"[""verb:θά"", ""subject:implicit-2S"", ""field:transitioning"", ""paso9:ACLARA""]"	False
