book	chapter	continuity_source	continuity_status	finite_compact	finite_verb	independence_status	movement_reason_count	movement_reasons	movement_status	predication_id	previous_predication_id	stream_index	subject_number	subject_person	subject_refinement_source	subject_refinement_status	subordination_status	verse	continuity_status_refined	continuity_refinement
1corintios	1	existing_continuity_status	initial	V-PAI-1S	εὐχαριστῶ	candidate	1	"[""stream_start""]"	strong	1corintios-1-4-P01		1	S	1	finite_verb_morphology	explicit_or_morphological	not_detected	4	initial	none
1corintios	1	existing_continuity_status	shift	V-API-2P	ἐπλουτίσθητε	unresolved	5	"[""independence_transition"", ""number_change"", ""person_change"", ""subject_shift"", ""subordination_transition""]"	strong	1corintios-1-5-P01	1corintios-1-4-P01	2	P	2	finite_verb_morphology	explicit_or_morphological	candidate	5	shift	none
1corintios	1	existing_continuity_status	shift	V-API-3S	ἐβεβαιώθη	unresolved	3	"[""number_change"", ""person_change"", ""subject_shift""]"	strong	1corintios-1-6-P01	1corintios-1-5-P01	3	S	3	finite_compact_person_number	finite_morphology_fallback	candidate	6	shift	none
1corintios	1	existing_continuity_status	same	V-FAI-3S	βεβαιώσει	candidate	2	"[""independence_transition"", ""subordination_transition""]"	candidate	1corintios-1-8-P01	1corintios-1-6-P01	4	S	3	finite_verb_morphology	explicit_or_morphological	not_detected	8	same	none
1corintios	1	existing_continuity_status	shift	V-API-2P	ἐκλήθητε	candidate	3	"[""number_change"", ""person_change"", ""subject_shift""]"	strong	1corintios-1-9-P01	1corintios-1-8-P01	5	P	2	finite_verb_morphology	explicit_or_morphological	not_detected	9	shift	none
1corintios	1	existing_continuity_status	shift	V-PAI-1S	παρακαλῶ	candidate	3	"[""number_change"", ""person_change"", ""subject_shift""]"	strong	1corintios-1-10-P01	1corintios-1-9-P01	6	S	1	finite_verb_morphology	explicit_or_morphological	not_detected	10	shift	none
1corintios	1	existing_continuity_status	shift	V-PAS-2P	λέγητε	unresolved	5	"[""independence_transition"", ""number_change"", ""person_change"", ""subject_shift"", ""subordination_transition""]"	strong	1corintios-1-10-P02	1corintios-1-10-P01	7	P	2	finite_verb_morphology	explicit_or_morphological	candidate	10	shift	none
1corintios	1	existing_continuity_status	shift	V-PAS-3S	ᾖ	candidate	5	"[""independence_transition"", ""number_change"", ""person_change"", ""subject_shift"", ""subordination_transition""]"	strong	1corintios-1-10-P03	1corintios-1-10-P02	8	S	3	finite_verb_morphology	explicit_or_morphological	not_detected	10	shift	none
1corintios	1	existing_continuity_status	shift	V-PAS-2P	ἦτε	candidate	3	"[""number_change"", ""person_change"", ""subject_shift""]"	strong	1corintios-1-10-P04	1corintios-1-10-P03	9	P	2	finite_verb_morphology	explicit_or_morphological	not_detected	10	shift	none
1corintios	1	existing_continuity_status	shift	V-API-3S	ἐδηλώθη	candidate	3	"[""number_change"", ""person_change"", ""subject_shift""]"	strong	1corintios-1-11-P01	1corintios-1-10-P04	10	S	3	finite_verb_morphology	explicit_or_morphological	not_detected	11	shift	none
1corintios	1	existing_continuity_status	shift	V-PAI-3P	εἰσιν	unresolved	4	"[""independence_transition"", ""number_change"", ""subject_shift"", ""subordination_transition""]"	strong	1corintios-1-11-P02	1corintios-1-11-P01	11	P	3	finite_compact_person_number	finite_morphology_fallback	candidate	11	shift	none
1corintios	1	existing_continuity_status	shift	V-PAI-1S	λέγω	candidate	5	"[""independence_transition"", ""number_change"", ""person_change"", ""subject_shift"", ""subordination_transition""]"	strong	1corintios-1-12-P01	1corintios-1-11-P02	12	S	1	finite_verb_morphology	explicit_or_morphological	not_detected	12	shift	none
1corintios	1	existing_continuity_status	shift	V-PAI-3S	λέγει	unresolved	4	"[""independence_transition"", ""person_change"", ""subject_shift"", ""subordination_transition""]"	strong	1corintios-1-12-P02	1corintios-1-12-P01	13	S	3	finite_compact_person_number	finite_morphology_fallback	candidate	12	shift	none
1corintios	1	existing_continuity_status	shift	V-PAI-1S	εἰμι	candidate	4	"[""independence_transition"", ""person_change"", ""subject_shift"", ""subordination_transition""]"	strong	1corintios-1-12-P03	1corintios-1-12-P02	14	S	1	finite_verb_morphology	explicit_or_morphological	not_detected	12	shift	none
1corintios	1	existing_continuity_status	shift	V-XPI-3S	μεμέρισται	candidate	2	"[""person_change"", ""subject_shift""]"	candidate	1corintios-1-13-P01	1corintios-1-12-P03	15	S	3	finite_verb_morphology	explicit_or_morphological	not_detected	13	shift	none
1corintios	1	existing_continuity_status	same	V-API-3S	ἐσταυρώθη	candidate	0	[]	none	1corintios-1-13-P02	1corintios-1-13-P01	16	S	3	finite_compact_person_number	finite_morphology_fallback	not_detected	13	same	none
1corintios	1	existing_continuity_status	shift	V-API-2P	ἐβαπτίσθητε	candidate	3	"[""number_change"", ""person_change"", ""subject_shift""]"	strong	1corintios-1-13-P03	1corintios-1-13-P02	17	P	2	finite_verb_morphology	explicit_or_morphological	not_detected	13	shift	none
1corintios	1	existing_continuity_status	shift	V-PAI-1S	εὐχαριστῶ	candidate	3	"[""number_change"", ""person_change"", ""subject_shift""]"	strong	1corintios-1-14-P01	1corintios-1-13-P03	18	S	1	finite_verb_morphology	explicit_or_morphological	not_detected	14	shift	none
1corintios	1	existing_continuity_status	same	V-AAI-1S	ἐβάπτισα	unresolved	2	"[""independence_transition"", ""subordination_transition""]"	candidate	1corintios-1-14-P02	1corintios-1-14-P01	19	S	1	finite_verb_morphology	explicit_or_morphological	candidate	14	same	none
1corintios	1	existing_continuity_status	shift	V-AAS-3S	εἴπῃ	unresolved	2	"[""person_change"", ""subject_shift""]"	candidate	1corintios-1-15-P01	1corintios-1-14-P02	20	S	3	finite_compact_person_number	finite_morphology_fallback	candidate	15	shift	none
1corintios	1	existing_continuity_status	shift	V-API-2P	ἐβαπτίσθητε	unresolved	3	"[""number_change"", ""person_change"", ""subject_shift""]"	strong	1corintios-1-15-P02	1corintios-1-15-P01	21	P	2	finite_verb_morphology	explicit_or_morphological	candidate	15	shift	none
1corintios	1	existing_continuity_status	shift	V-AAI-1S	ἐβάπτισα	candidate	5	"[""independence_transition"", ""number_change"", ""person_change"", ""subject_shift"", ""subordination_transition""]"	strong	1corintios-1-16-P01	1corintios-1-15-P02	22	S	1	finite_verb_morphology	explicit_or_morphological	not_detected	16	shift	none
1corintios	1	existing_continuity_status	same	V-XAI-1S	οἶδα	candidate	0	[]	none	1corintios-1-16-P02	1corintios-1-16-P01	23	S	1	finite_verb_morphology	explicit_or_morphological	not_detected	16	same	none
1corintios	1	existing_continuity_status	same	V-AAI-1S	ἐβάπτισα	unresolved	2	"[""independence_transition"", ""subordination_transition""]"	candidate	1corintios-1-16-P03	1corintios-1-16-P02	24	S	1	finite_verb_morphology	explicit_or_morphological	candidate	16	same	none
1corintios	1	existing_continuity_status	shift	V-AAI-3S	ἀπέστειλέν	candidate	4	"[""independence_transition"", ""person_change"", ""subject_shift"", ""subordination_transition""]"	strong	1corintios-1-17-P01	1corintios-1-16-P03	25	S	3	finite_verb_morphology	explicit_or_morphological	not_detected	17	shift	none
1corintios	1	existing_continuity_status	same	V-APS-3S	κενωθῇ	unresolved	2	"[""independence_transition"", ""subordination_transition""]"	candidate	1corintios-1-17-P02	1corintios-1-17-P01	26	S	3	finite_verb_morphology	explicit_or_morphological	candidate	17	same	none
1corintios	1	existing_continuity_status	same	V-PAI-3S	ἐστίν	candidate	2	"[""independence_transition"", ""subordination_transition""]"	candidate	1corintios-1-18-P01	1corintios-1-17-P02	27	S	3	finite_compact_person_number	finite_morphology_fallback	not_detected	18	same	none
1corintios	1	existing_continuity_status	same	V-PAI-3S	ἐστιν	candidate	0	[]	none	1corintios-1-18-P02	1corintios-1-18-P01	28	S	3	finite_compact_person_number	finite_morphology_fallback	not_detected	18	same	none
1corintios	1	existing_continuity_status	same	V-XPI-3S	γέγραπται	candidate	0	[]	none	1corintios-1-19-P01	1corintios-1-18-P02	29	S	3	finite_verb_morphology	explicit_or_morphological	not_detected	19	same	none
1corintios	1	existing_continuity_status	shift	V-FAI-1S	ἀπολῶ	candidate	2	"[""person_change"", ""subject_shift""]"	candidate	1corintios-1-19-P02	1corintios-1-19-P01	30	S	1	finite_verb_morphology	explicit_or_morphological	not_detected	19	shift	none
1corintios	1	existing_continuity_status	same	V-FAI-1S	ἀθετήσω	candidate	0	[]	none	1corintios-1-19-P03	1corintios-1-19-P02	31	S	1	finite_verb_morphology	explicit_or_morphological	not_detected	19	same	none
1corintios	1	existing_continuity_status	shift	V-AAI-3S	ἐμώρανεν	candidate	2	"[""person_change"", ""subject_shift""]"	candidate	1corintios-1-20-P01	1corintios-1-19-P03	32	S	3	finite_compact_person_number	finite_morphology_fallback	not_detected	20	shift	none
1corintios	1	existing_continuity_status	same	V-AAI-3S	ἔγνω	unresolved	2	"[""independence_transition"", ""subordination_transition""]"	candidate	1corintios-1-21-P01	1corintios-1-20-P01	33	S	3	finite_verb_morphology	explicit_or_morphological	candidate	21	same	none
1corintios	1	existing_continuity_status	same	V-AAI-3S	εὐδόκησεν	candidate	2	"[""independence_transition"", ""subordination_transition""]"	candidate	1corintios-1-21-P02	1corintios-1-21-P01	34	S	3	finite_compact_person_number	finite_morphology_fallback	not_detected	21	same	none
1corintios	1	existing_continuity_status	shift	V-PAI-3P	αἰτοῦσιν	unresolved	4	"[""independence_transition"", ""number_change"", ""subject_shift"", ""subordination_transition""]"	strong	1corintios-1-22-P01	1corintios-1-21-P02	35	P	3	finite_compact_person_number	finite_morphology_fallback	candidate	22	shift	none
1corintios	1	existing_continuity_status	same	V-PAI-3P	ζητοῦσιν	candidate	2	"[""independence_transition"", ""subordination_transition""]"	candidate	1corintios-1-22-P02	1corintios-1-22-P01	36	P	3	finite_compact_person_number	finite_morphology_fallback	not_detected	22	same	none
1corintios	1	existing_continuity_status	shift	V-PAI-1P	κηρύσσομεν	candidate	2	"[""person_change"", ""subject_shift""]"	candidate	1corintios-1-23-P01	1corintios-1-22-P02	37	P	1	finite_verb_morphology	explicit_or_morphological	not_detected	23	shift	none
1corintios	1	existing_continuity_status	shift	V-PAI-3S	ἐστίν	unresolved	5	"[""independence_transition"", ""number_change"", ""person_change"", ""subject_shift"", ""subordination_transition""]"	strong	1corintios-1-25-P01	1corintios-1-23-P01	38	S	3	finite_compact_person_number	finite_morphology_fallback	candidate	25	shift	none
1corintios	1	existing_continuity_status	shift	V-PAI-2P	βλέπετε	candidate	5	"[""independence_transition"", ""number_change"", ""person_change"", ""subject_shift"", ""subordination_transition""]"	strong	1corintios-1-26-P01	1corintios-1-25-P01	39	P	2	finite_verb_morphology	explicit_or_morphological	not_detected	26	shift	none
1corintios	1	existing_continuity_status	shift	V-AMI-3S	ἐξελέξατο	candidate	3	"[""number_change"", ""person_change"", ""subject_shift""]"	strong	1corintios-1-27-P01	1corintios-1-26-P01	40	S	3	finite_verb_morphology	explicit_or_morphological	not_detected	27	shift	none
1corintios	1	existing_continuity_status	same	V-PAS-3S	καταισχύνῃ	unresolved	2	"[""independence_transition"", ""subordination_transition""]"	candidate	1corintios-1-27-P02	1corintios-1-27-P01	41	S	3	finite_compact_person_number	finite_morphology_fallback	candidate	27	same	none
1corintios	1	existing_continuity_status	same	V-AMI-3S	ἐξελέξατο	candidate	2	"[""independence_transition"", ""subordination_transition""]"	candidate	1corintios-1-27-P03	1corintios-1-27-P02	42	S	3	finite_verb_morphology	explicit_or_morphological	not_detected	27	same	none
1corintios	1	existing_continuity_status	same	V-PAS-3S	καταισχύνῃ	unresolved	2	"[""independence_transition"", ""subordination_transition""]"	candidate	1corintios-1-27-P04	1corintios-1-27-P03	43	S	3	finite_compact_person_number	finite_morphology_fallback	candidate	27	same	none
1corintios	1	existing_continuity_status	same	V-AMI-3S	ἐξελέξατο	candidate	2	"[""independence_transition"", ""subordination_transition""]"	candidate	1corintios-1-28-P01	1corintios-1-27-P04	44	S	3	finite_verb_morphology	explicit_or_morphological	not_detected	28	same	none
1corintios	1	existing_continuity_status	same	V-AAS-3S	καταργήσῃ	unresolved	2	"[""independence_transition"", ""subordination_transition""]"	candidate	1corintios-1-28-P02	1corintios-1-28-P01	45	S	3	finite_verb_morphology	explicit_or_morphological	candidate	28	same	none
1corintios	1	existing_continuity_status	same	V-AMS-3S	καυχήσηται	unresolved	0	[]	none	1corintios-1-29-P01	1corintios-1-28-P02	46	S	3	finite_verb_morphology	explicit_or_morphological	candidate	29	same	none
1corintios	1	existing_continuity_status	shift	V-PAI-2P	ἐστε	candidate	5	"[""independence_transition"", ""number_change"", ""person_change"", ""subject_shift"", ""subordination_transition""]"	strong	1corintios-1-30-P01	1corintios-1-29-P01	47	P	2	finite_verb_morphology	explicit_or_morphological	not_detected	30	shift	none
1corintios	1	existing_continuity_status	shift	V-API-3S	ἐγενήθη	candidate	3	"[""number_change"", ""person_change"", ""subject_shift""]"	strong	1corintios-1-30-P02	1corintios-1-30-P01	48	S	3	finite_compact_person_number	finite_morphology_fallback	not_detected	30	shift	none
1corintios	1	existing_continuity_status	same	V-XPI-3S	γέγραπται	unresolved	2	"[""independence_transition"", ""subordination_transition""]"	candidate	1corintios-1-31-P01	1corintios-1-30-P02	49	S	3	finite_verb_morphology	explicit_or_morphological	candidate	31	same	none
1corintios	1	existing_continuity_status	same	V-PMD-3S	καυχάσθω	candidate	2	"[""independence_transition"", ""subordination_transition""]"	candidate	1corintios-1-31-P02	1corintios-1-31-P01	50	S	3	finite_compact_person_number	finite_morphology_fallback	not_detected	31	same	none
1corintios	2	existing_continuity_status	shift	V-AAI-1S	ἦλθον	candidate	2	"[""person_change"", ""subject_shift""]"	candidate	1corintios-2-1-P01	1corintios-1-31-P02	51	S	1	finite_verb_morphology	explicit_or_morphological	not_detected	1	shift	none
1corintios	2	existing_continuity_status	same	V-AAI-1S	ἔκρινά	candidate	0	[]	none	1corintios-2-2-P01	1corintios-2-1-P01	52	S	1	finite_verb_morphology	explicit_or_morphological	not_detected	2	same	none
1corintios	2	existing_continuity_status	same	V-AMI-1S	ἐγενόμην	candidate	0	[]	none	1corintios-2-3-P01	1corintios-2-2-P01	53	S	1	finite_verb_morphology	explicit_or_morphological	not_detected	3	same	none
1corintios	2	existing_continuity_status	shift	V-PAS-3S	ᾖ	unresolved	4	"[""independence_transition"", ""person_change"", ""subject_shift"", ""subordination_transition""]"	strong	1corintios-2-5-P01	1corintios-2-3-P01	54	S	3	finite_compact_person_number	finite_morphology_fallback	candidate	5	shift	none
1corintios	2	existing_continuity_status	shift	V-PAI-1P	λαλοῦμεν	candidate	5	"[""independence_transition"", ""number_change"", ""person_change"", ""subject_shift"", ""subordination_transition""]"	strong	1corintios-2-6-P01	1corintios-2-5-P01	55	P	1	finite_verb_morphology	explicit_or_morphological	not_detected	6	shift	none
1corintios	2	existing_continuity_status	same	V-PAI-1P	λαλοῦμεν	candidate	0	[]	none	1corintios-2-7-P01	1corintios-2-6-P01	56	P	1	finite_verb_morphology	explicit_or_morphological	not_detected	7	same	none
1corintios	2	existing_continuity_status	shift	V-AAI-3S	προώρισεν	candidate	3	"[""number_change"", ""person_change"", ""subject_shift""]"	strong	1corintios-2-7-P02	1corintios-2-7-P01	57	S	3	finite_verb_morphology	explicit_or_morphological	not_detected	7	shift	none
1corintios	2	existing_continuity_status	same	V-XAI-3S	ἔγνωκεν	candidate	0	[]	none	1corintios-2-8-P01	1corintios-2-7-P02	58	S	3	finite_compact_person_number	finite_morphology_fallback	not_detected	8	same	none
1corintios	2	existing_continuity_status	shift	V-AAI-3P	ἔγνωσαν	unresolved	4	"[""independence_transition"", ""number_change"", ""subject_shift"", ""subordination_transition""]"	strong	1corintios-2-8-P02	1corintios-2-8-P01	59	P	3	finite_verb_morphology	explicit_or_morphological	candidate	8	shift	none
1corintios	2	existing_continuity_status	same	V-AAI-3P	ἐσταύρωσαν	candidate	2	"[""independence_transition"", ""subordination_transition""]"	candidate	1corintios-2-8-P03	1corintios-2-8-P02	60	P	3	finite_verb_morphology	explicit_or_morphological	not_detected	8	same	none
1corintios	2	existing_continuity_status	shift	V-XPI-3S	γέγραπται	unresolved	4	"[""independence_transition"", ""number_change"", ""subject_shift"", ""subordination_transition""]"	strong	1corintios-2-9-P01	1corintios-2-8-P03	61	S	3	finite_verb_morphology	explicit_or_morphological	candidate	9	shift	none
1corintios	2	existing_continuity_status	same	V-AAI-3S	εἶδεν	candidate	2	"[""independence_transition"", ""subordination_transition""]"	candidate	1corintios-2-9-P02	1corintios-2-9-P01	62	S	3	finite_compact_person_number	finite_morphology_fallback	not_detected	9	same	none
1corintios	2	existing_continuity_status	same	V-AAI-3S	ἤκουσεν	candidate	0	[]	none	1corintios-2-9-P03	1corintios-2-9-P02	63	S	3	finite_compact_person_number	finite_morphology_fallback	not_detected	9	same	none
1corintios	2	existing_continuity_status	same	V-AAI-3S	ἀνέβη	candidate	0	[]	none	1corintios-2-9-P04	1corintios-2-9-P03	64	S	3	finite_verb_morphology	explicit_or_morphological	not_detected	9	same	none
1corintios	2	existing_continuity_status	same	V-AAI-3S	ἡτοίμασεν	candidate	0	[]	none	1corintios-2-9-P05	1corintios-2-9-P04	65	S	3	finite_verb_morphology	explicit_or_morphological	not_detected	9	same	none
1corintios	2	existing_continuity_status	same	V-AAI-3S	ἀπεκάλυψεν	candidate	0	[]	none	1corintios-2-10-P01	1corintios-2-9-P05	66	S	3	finite_verb_morphology	explicit_or_morphological	not_detected	10	same	none
1corintios	2	existing_continuity_status	same	V-PAI-3S	ἐραυνᾷ	candidate	0	[]	none	1corintios-2-10-P02	1corintios-2-10-P01	67	S	3	finite_compact_person_number	finite_morphology_fallback	not_detected	10	same	none
1corintios	2	existing_continuity_status	same	V-XAI-3S	οἶδεν	candidate	0	[]	none	1corintios-2-11-P01	1corintios-2-10-P02	68	S	3	finite_verb_morphology	explicit_or_morphological	not_detected	11	same	none
1corintios	2	existing_continuity_status	same	V-XAI-3S	ἔγνωκεν	unresolved	2	"[""independence_transition"", ""subordination_transition""]"	candidate	1corintios-2-11-P02	1corintios-2-11-P01	69	S	3	finite_compact_person_number	finite_morphology_fallback	candidate	11	same	none
1corintios	2	existing_continuity_status	shift	V-AAI-1P	ἐλάβομεν	candidate	5	"[""independence_transition"", ""number_change"", ""person_change"", ""subject_shift"", ""subordination_transition""]"	strong	1corintios-2-12-P01	1corintios-2-11-P02	70	P	1	finite_verb_morphology	explicit_or_morphological	not_detected	12	shift	none
1corintios	2	existing_continuity_status	same	V-XAS-1P	εἰδῶμεν	unresolved	2	"[""independence_transition"", ""subordination_transition""]"	candidate	1corintios-2-12-P02	1corintios-2-12-P01	71	P	1	finite_verb_morphology	explicit_or_morphological	candidate	12	same	none
1corintios	2	existing_continuity_status	same	V-PAI-1P	λαλοῦμεν	candidate	2	"[""independence_transition"", ""subordination_transition""]"	candidate	1corintios-2-13-P01	1corintios-2-12-P02	72	P	1	finite_verb_morphology	explicit_or_morphological	not_detected	13	same	none
1corintios	2	existing_continuity_status	shift	V-PMI-3S	δέχεται	candidate	3	"[""number_change"", ""person_change"", ""subject_shift""]"	strong	1corintios-2-14-P01	1corintios-2-13-P01	73	S	3	finite_compact_person_number	finite_morphology_fallback	not_detected	14	shift	none
1corintios	2	existing_continuity_status	same	V-PAI-3S	ἐστίν	candidate	0	[]	none	1corintios-2-14-P02	1corintios-2-14-P01	74	S	3	finite_verb_morphology	explicit_or_morphological	not_detected	14	same	none
1corintios	2	existing_continuity_status	same	V-PMI-3S	δύναται	candidate	0	[]	none	1corintios-2-14-P03	1corintios-2-14-P02	75	S	3	finite_verb_morphology	explicit_or_morphological	not_detected	14	same	none
1corintios	2	existing_continuity_status	same	V-PPI-3S	ἀνακρίνεται	unresolved	2	"[""independence_transition"", ""subordination_transition""]"	candidate	1corintios-2-14-P04	1corintios-2-14-P03	76	S	3	finite_verb_morphology	explicit_or_morphological	candidate	14	same	none
1corintios	2	existing_continuity_status	same	V-PAI-3S	ἀνακρίνει	candidate	2	"[""independence_transition"", ""subordination_transition""]"	candidate	1corintios-2-15-P01	1corintios-2-14-P04	77	S	3	finite_compact_person_number	finite_morphology_fallback	not_detected	15	same	none
1corintios	2	existing_continuity_status	same	V-PPI-3S	ἀνακρίνεται	candidate	0	[]	none	1corintios-2-15-P02	1corintios-2-15-P01	78	S	3	finite_verb_morphology	explicit_or_morphological	not_detected	15	same	none
1corintios	2	existing_continuity_status	same	V-AAI-3S	ἔγνω	candidate	0	[]	none	1corintios-2-16-P01	1corintios-2-15-P02	79	S	3	finite_verb_morphology	explicit_or_morphological	not_detected	16	same	none
1corintios	2	existing_continuity_status	same	V-FAI-3S	συμβιβάσει	candidate	0	[]	none	1corintios-2-16-P02	1corintios-2-16-P01	80	S	3	finite_compact_person_number	finite_morphology_fallback	not_detected	16	same	none
1corintios	2	existing_continuity_status	shift	V-PAI-1P	ἔχομεν	candidate	3	"[""number_change"", ""person_change"", ""subject_shift""]"	strong	1corintios-2-16-P03	1corintios-2-16-P02	81	P	1	finite_verb_morphology	explicit_or_morphological	not_detected	16	shift	none
1corintios	3	existing_continuity_status	shift	V-API-1S	ἠδυνήθην	candidate	2	"[""number_change"", ""subject_shift""]"	candidate	1corintios-3-1-P01	1corintios-2-16-P03	82	S	1	finite_verb_morphology	explicit_or_morphological	not_detected	1	shift	none
1corintios	3	existing_continuity_status	same	V-AAI-1S	ἐπότισα	candidate	0	[]	none	1corintios-3-2-P01	1corintios-3-1-P01	83	S	1	finite_verb_morphology	explicit_or_morphological	not_detected	2	same	none
1corintios	3	existing_continuity_status	shift	V-IMI-2P	ἐδύνασθε	candidate	3	"[""number_change"", ""person_change"", ""subject_shift""]"	strong	1corintios-3-2-P02	1corintios-3-2-P01	84	P	2	finite_verb_morphology	explicit_or_morphological	not_detected	2	shift	none
1corintios	3	existing_continuity_status	same	V-PMI-2P	δύνασθε	candidate	0	[]	none	1corintios-3-2-P03	1corintios-3-2-P02	85	P	2	finite_verb_morphology	explicit_or_morphological	not_detected	2	same	none
1corintios	3	existing_continuity_status	same	V-PAI-2P	ἐστε	candidate	0	[]	none	1corintios-3-3-P01	1corintios-3-2-P03	86	P	2	finite_verb_morphology	explicit_or_morphological	not_detected	3	same	none
1corintios	3	existing_continuity_status	same	V-PAI-2P	ἐστε	candidate	0	[]	none	1corintios-3-3-P02	1corintios-3-3-P01	87	P	2	finite_verb_morphology	explicit_or_morphological	not_detected	3	same	none
1corintios	3	existing_continuity_status	same	V-PAI-2P	περιπατεῖτε	candidate	0	[]	none	1corintios-3-3-P03	1corintios-3-3-P02	88	P	2	finite_verb_morphology	explicit_or_morphological	not_detected	3	same	none
1corintios	3	existing_continuity_status	shift	V-PAS-3S	λέγῃ	unresolved	5	"[""independence_transition"", ""number_change"", ""person_change"", ""subject_shift"", ""subordination_transition""]"	strong	1corintios-3-4-P01	1corintios-3-3-P03	89	S	3	finite_verb_morphology	explicit_or_morphological	candidate	4	shift	none
1corintios	3	existing_continuity_status	shift	V-PAI-1S	εἰμι	candidate	4	"[""independence_transition"", ""person_change"", ""subject_shift"", ""subordination_transition""]"	strong	1corintios-3-4-P02	1corintios-3-4-P01	90	S	1	finite_verb_morphology	explicit_or_morphological	not_detected	4	shift	none
1corintios	3	existing_continuity_status	shift	V-PAI-2P	ἐστε	candidate	3	"[""number_change"", ""person_change"", ""subject_shift""]"	strong	1corintios-3-4-P03	1corintios-3-4-P02	91	P	2	finite_verb_morphology	explicit_or_morphological	not_detected	4	shift	none
1corintios	3	existing_continuity_status	shift	V-PAI-3S	ἐστιν	candidate	3	"[""number_change"", ""person_change"", ""subject_shift""]"	strong	1corintios-3-5-P01	1corintios-3-4-P03	92	S	3	finite_verb_morphology	explicit_or_morphological	not_detected	5	shift	none
1corintios	3	existing_continuity_status	same	V-PAI-3S	ἐστιν	candidate	0	[]	none	1corintios-3-5-P02	1corintios-3-5-P01	93	S	3	finite_verb_morphology	explicit_or_morphological	not_detected	5	same	none
1corintios	3	existing_continuity_status	shift	V-AAI-2P	ἐπιστεύσατε	candidate	3	"[""number_change"", ""person_change"", ""subject_shift""]"	strong	1corintios-3-5-P03	1corintios-3-5-P02	94	P	2	finite_verb_morphology	explicit_or_morphological	not_detected	5	shift	none
1corintios	3	existing_continuity_status	shift	V-AAI-3S	ἔδωκεν	unresolved	5	"[""independence_transition"", ""number_change"", ""person_change"", ""subject_shift"", ""subordination_transition""]"	strong	1corintios-3-5-P04	1corintios-3-5-P03	95	S	3	finite_compact_person_number	finite_morphology_fallback	candidate	5	shift	none
1corintios	3	existing_continuity_status	shift	V-AAI-1S	ἐφύτευσα	candidate	4	"[""independence_transition"", ""person_change"", ""subject_shift"", ""subordination_transition""]"	strong	1corintios-3-6-P01	1corintios-3-5-P04	96	S	1	finite_verb_morphology	explicit_or_morphological	not_detected	6	shift	none
1corintios	3	existing_continuity_status	shift	V-AAI-3S	ἐπότισεν	candidate	2	"[""person_change"", ""subject_shift""]"	candidate	1corintios-3-6-P02	1corintios-3-6-P01	97	S	3	finite_compact_person_number	finite_morphology_fallback	not_detected	6	shift	none
1corintios	3	existing_continuity_status	same	V-IAI-3S	ηὔξανεν	candidate	0	[]	none	1corintios-3-6-P03	1corintios-3-6-P02	98	S	3	finite_compact_person_number	finite_morphology_fallback	not_detected	6	same	none
1corintios	3	existing_continuity_status	same	V-PAI-3S	ἐστίν	unresolved	2	"[""independence_transition"", ""subordination_transition""]"	candidate	1corintios-3-7-P01	1corintios-3-6-P03	99	S	3	finite_compact_person_number	finite_morphology_fallback	candidate	7	same	none
1corintios	3	existing_continuity_status	shift	V-PAI-3P	εἰσιν	candidate	4	"[""independence_transition"", ""number_change"", ""subject_shift"", ""subordination_transition""]"	strong	1corintios-3-8-P01	1corintios-3-7-P01	100	P	3	finite_verb_morphology	explicit_or_morphological	not_detected	8	shift	none
1corintios	3	existing_continuity_status	shift	V-FMI-3S	λήμψεται	candidate	2	"[""number_change"", ""subject_shift""]"	candidate	1corintios-3-8-P02	1corintios-3-8-P01	101	S	3	finite_verb_morphology	explicit_or_morphological	not_detected	8	shift	none
1corintios	3	existing_continuity_status	shift	V-PAI-1P	ἐσμεν	candidate	3	"[""number_change"", ""person_change"", ""subject_shift""]"	strong	1corintios-3-9-P01	1corintios-3-8-P02	102	P	1	finite_verb_morphology	explicit_or_morphological	not_detected	9	shift	none
1corintios	3	existing_continuity_status	shift	V-PAI-2P	ἐστε	candidate	2	"[""person_change"", ""subject_shift""]"	candidate	1corintios-3-9-P02	1corintios-3-9-P01	103	P	2	finite_verb_morphology	explicit_or_morphological	not_detected	9	shift	none
1corintios	3	existing_continuity_status	shift	V-AAI-1S	ἔθηκα	unresolved	5	"[""independence_transition"", ""number_change"", ""person_change"", ""subject_shift"", ""subordination_transition""]"	strong	1corintios-3-10-P01	1corintios-3-9-P02	104	S	1	finite_verb_morphology	explicit_or_morphological	candidate	10	shift	none
1corintios	3	existing_continuity_status	shift	V-PAI-3S	ἐποικοδομεῖ	candidate	4	"[""independence_transition"", ""person_change"", ""subject_shift"", ""subordination_transition""]"	strong	1corintios-3-10-P02	1corintios-3-10-P01	105	S	3	finite_verb_morphology	explicit_or_morphological	not_detected	10	shift	none
1corintios	3	existing_continuity_status	same	V-PAD-3S	βλεπέτω	candidate	0	[]	none	1corintios-3-10-P03	1corintios-3-10-P02	106	S	3	finite_verb_morphology	explicit_or_morphological	not_detected	10	same	none
1corintios	3	existing_continuity_status	same	V-PAI-3S	ἐποικοδομεῖ	candidate	0	[]	none	1corintios-3-10-P04	1corintios-3-10-P03	107	S	3	finite_verb_morphology	explicit_or_morphological	not_detected	10	same	none
1corintios	3	existing_continuity_status	same	V-PMI-3S	δύναται	candidate	0	[]	none	1corintios-3-11-P01	1corintios-3-10-P04	108	S	3	finite_compact_person_number	finite_morphology_fallback	not_detected	11	same	none
1corintios	3	existing_continuity_status	same	V-PAI-3S	ἐστιν	candidate	0	[]	none	1corintios-3-11-P02	1corintios-3-11-P01	109	S	3	finite_compact_person_number	finite_morphology_fallback	not_detected	11	same	none
1corintios	3	existing_continuity_status	same	V-PAI-3S	ἐποικοδομεῖ	unresolved	2	"[""independence_transition"", ""subordination_transition""]"	candidate	1corintios-3-12-P01	1corintios-3-11-P02	110	S	3	finite_compact_person_number	finite_morphology_fallback	candidate	12	same	none
1corintios	3	existing_continuity_status	same	V-FMI-3S	γενήσεται	candidate	2	"[""independence_transition"", ""subordination_transition""]"	candidate	1corintios-3-13-P01	1corintios-3-12-P01	111	S	3	finite_compact_person_number	finite_morphology_fallback	not_detected	13	same	none
1corintios	3	existing_continuity_status	same	V-FAI-3S	δηλώσει	candidate	0	[]	none	1corintios-3-13-P02	1corintios-3-13-P01	112	S	3	finite_compact_person_number	finite_morphology_fallback	not_detected	13	same	none
1corintios	3	existing_continuity_status	same	V-PPI-3S	ἀποκαλύπτεται	unresolved	2	"[""independence_transition"", ""subordination_transition""]"	candidate	1corintios-3-13-P03	1corintios-3-13-P02	113	S	3	finite_verb_morphology	explicit_or_morphological	candidate	13	same	none
1corintios	3	existing_continuity_status	same	V-PAI-3S	ἐστιν	candidate	2	"[""independence_transition"", ""subordination_transition""]"	candidate	1corintios-3-13-P04	1corintios-3-13-P03	114	S	3	finite_compact_person_number	finite_morphology_fallback	not_detected	13	same	none
1corintios	3	existing_continuity_status	same	V-FAI-3S	δοκιμάσει	candidate	0	[]	none	1corintios-3-13-P05	1corintios-3-13-P04	115	S	3	finite_compact_person_number	finite_morphology_fallback	not_detected	13	same	none
1corintios	3	existing_continuity_status	same	V-FAI-3S	μενεῖ	unresolved	2	"[""independence_transition"", ""subordination_transition""]"	candidate	1corintios-3-14-P01	1corintios-3-13-P05	116	S	3	finite_compact_person_number	finite_morphology_fallback	candidate	14	same	none
1corintios	3	existing_continuity_status	same	V-AAI-3S	ἐποικοδόμησεν	candidate	2	"[""independence_transition"", ""subordination_transition""]"	candidate	1corintios-3-14-P02	1corintios-3-14-P01	117	S	3	finite_verb_morphology	explicit_or_morphological	not_detected	14	same	none
1corintios	3	existing_continuity_status	same	V-FMI-3S	λήμψεται	candidate	0	[]	none	1corintios-3-14-P03	1corintios-3-14-P02	118	S	3	finite_verb_morphology	explicit_or_morphological	not_detected	14	same	none
1corintios	3	existing_continuity_status	same	V-FPI-3S	κατακαήσεται	unresolved	2	"[""independence_transition"", ""subordination_transition""]"	candidate	1corintios-3-15-P01	1corintios-3-14-P03	119	S	3	finite_compact_person_number	finite_morphology_fallback	candidate	15	same	none
1corintios	3	existing_continuity_status	same	V-FPI-3S	ζημιωθήσεται	candidate	2	"[""independence_transition"", ""subordination_transition""]"	candidate	1corintios-3-15-P02	1corintios-3-15-P01	120	S	3	finite_verb_morphology	explicit_or_morphological	not_detected	15	same	none
1corintios	3	existing_continuity_status	same	V-FPI-3S	σωθήσεται	candidate	0	[]	none	1corintios-3-15-P03	1corintios-3-15-P02	121	S	3	finite_verb_morphology	explicit_or_morphological	not_detected	15	same	none
1corintios	3	existing_continuity_status	shift	V-XAI-2P	οἴδατε	candidate	3	"[""number_change"", ""person_change"", ""subject_shift""]"	strong	1corintios-3-16-P01	1corintios-3-15-P03	122	P	2	finite_verb_morphology	explicit_or_morphological	not_detected	16	shift	none
1corintios	3	existing_continuity_status	same	V-PAI-2P	ἐστε	unresolved	2	"[""independence_transition"", ""subordination_transition""]"	candidate	1corintios-3-16-P02	1corintios-3-16-P01	123	P	2	finite_verb_morphology	explicit_or_morphological	candidate	16	same	none
1corintios	3	existing_continuity_status	shift	V-PAI-3S	οἰκεῖ	candidate	5	"[""independence_transition"", ""number_change"", ""person_change"", ""subject_shift"", ""subordination_transition""]"	strong	1corintios-3-16-P03	1corintios-3-16-P02	124	S	3	finite_compact_person_number	finite_morphology_fallback	not_detected	16	shift	none
1corintios	3	existing_continuity_status	same	V-PAI-3S	φθείρει	unresolved	2	"[""independence_transition"", ""subordination_transition""]"	candidate	1corintios-3-17-P01	1corintios-3-16-P03	125	S	3	finite_compact_person_number	finite_morphology_fallback	candidate	17	same	none
1corintios	3	existing_continuity_status	same	V-FAI-3S	φθερεῖ	candidate	2	"[""independence_transition"", ""subordination_transition""]"	candidate	1corintios-3-17-P02	1corintios-3-17-P01	126	S	3	finite_verb_morphology	explicit_or_morphological	not_detected	17	same	none
1corintios	3	existing_continuity_status	same	V-PAI-3S	ἐστιν	candidate	0	[]	none	1corintios-3-17-P03	1corintios-3-17-P02	127	S	3	finite_compact_person_number	finite_morphology_fallback	not_detected	17	same	none
1corintios	3	existing_continuity_status	shift	V-PAI-2P	ἐστε	candidate	3	"[""number_change"", ""person_change"", ""subject_shift""]"	strong	1corintios-3-17-P04	1corintios-3-17-P03	128	P	2	finite_verb_morphology	explicit_or_morphological	not_detected	17	shift	none
1corintios	3	existing_continuity_status	shift	V-PAD-3S	ἐξαπατάτω	candidate	3	"[""number_change"", ""person_change"", ""subject_shift""]"	strong	1corintios-3-18-P01	1corintios-3-17-P04	129	S	3	finite_compact_person_number	finite_morphology_fallback	not_detected	18	shift	none
1corintios	3	existing_continuity_status	same	V-PAI-3S	δοκεῖ	unresolved	2	"[""independence_transition"", ""subordination_transition""]"	candidate	1corintios-3-18-P02	1corintios-3-18-P01	130	S	3	finite_compact_person_number	finite_morphology_fallback	candidate	18	same	none
1corintios	3	existing_continuity_status	same	V-AMD-3S	γενέσθω	candidate	2	"[""independence_transition"", ""subordination_transition""]"	candidate	1corintios-3-18-P03	1corintios-3-18-P02	131	S	3	finite_compact_person_number	finite_morphology_fallback	not_detected	18	same	none
1corintios	3	existing_continuity_status	same	V-AMS-3S	γένηται	unresolved	2	"[""independence_transition"", ""subordination_transition""]"	candidate	1corintios-3-18-P04	1corintios-3-18-P03	132	S	3	finite_verb_morphology	explicit_or_morphological	candidate	18	same	none
1corintios	3	existing_continuity_status	same	V-PAI-3S	ἐστιν	candidate	2	"[""independence_transition"", ""subordination_transition""]"	candidate	1corintios-3-19-P01	1corintios-3-18-P04	133	S	3	finite_compact_person_number	finite_morphology_fallback	not_detected	19	same	none
1corintios	3	existing_continuity_status	same	V-XPI-3S	γέγραπται	candidate	0	[]	none	1corintios-3-19-P02	1corintios-3-19-P01	134	S	3	finite_verb_morphology	explicit_or_morphological	not_detected	19	same	none
1corintios	3	existing_continuity_status	same	V-PAI-3S	γινώσκει	candidate	0	[]	none	1corintios-3-20-P01	1corintios-3-19-P02	135	S	3	finite_compact_person_number	finite_morphology_fallback	not_detected	20	same	none
1corintios	3	existing_continuity_status	shift	V-PAI-3P	εἰσὶν	unresolved	4	"[""independence_transition"", ""number_change"", ""subject_shift"", ""subordination_transition""]"	strong	1corintios-3-20-P02	1corintios-3-20-P01	136	P	3	finite_verb_morphology	explicit_or_morphological	candidate	20	shift	none
1corintios	3	existing_continuity_status	shift	V-PMD-3S	καυχάσθω	unresolved	2	"[""number_change"", ""subject_shift""]"	candidate	1corintios-3-21-P01	1corintios-3-20-P02	137	S	3	finite_compact_person_number	finite_morphology_fallback	candidate	21	shift	none
1corintios	3	existing_continuity_status	same	V-PAI-3S	ἐστιν	candidate	2	"[""independence_transition"", ""subordination_transition""]"	candidate	1corintios-3-21-P02	1corintios-3-21-P01	138	S	3	finite_verb_morphology	explicit_or_morphological	not_detected	21	same	none
1corintios	4	existing_continuity_status	same	V-PMD-3S	λογιζέσθω	candidate	0	[]	none	1corintios-4-1-P01	1corintios-3-21-P02	139	S	3	finite_verb_morphology	explicit_or_morphological	not_detected	1	same	none
1corintios	4	existing_continuity_status	same	V-PPI-3S	ζητεῖται	candidate	0	[]	none	1corintios-4-2-P01	1corintios-4-1-P01	140	S	3	finite_verb_morphology	explicit_or_morphological	not_detected	2	same	none
1corintios	4	existing_continuity_status	same	V-APS-3S	εὑρεθῇ	unresolved	2	"[""independence_transition"", ""subordination_transition""]"	candidate	1corintios-4-2-P02	1corintios-4-2-P01	141	S	3	finite_compact_person_number	finite_morphology_fallback	candidate	2	same	none
1corintios	4	existing_continuity_status	same	V-PAI-3S	ἐστιν	candidate	2	"[""independence_transition"", ""subordination_transition""]"	candidate	1corintios-4-3-P01	1corintios-4-2-P02	142	S	3	finite_verb_morphology	explicit_or_morphological	not_detected	3	same	none
1corintios	4	existing_continuity_status	shift	V-APS-1S	ἀνακριθῶ	unresolved	4	"[""independence_transition"", ""person_change"", ""subject_shift"", ""subordination_transition""]"	strong	1corintios-4-3-P02	1corintios-4-3-P01	143	S	1	finite_verb_morphology	explicit_or_morphological	candidate	3	shift	none
1corintios	4	existing_continuity_status	same	V-PAI-1S	ἀνακρίνω	candidate	2	"[""independence_transition"", ""subordination_transition""]"	candidate	1corintios-4-3-P03	1corintios-4-3-P02	144	S	1	finite_verb_morphology	explicit_or_morphological	not_detected	3	same	none
1corintios	4	existing_continuity_status	same	V-XAI-1S	σύνοιδα	candidate	0	[]	none	1corintios-4-4-P01	1corintios-4-3-P03	145	S	1	finite_verb_morphology	explicit_or_morphological	not_detected	4	same	none
1corintios	4	existing_continuity_status	same	V-XPI-1S	δεδικαίωμαι	candidate	0	[]	none	1corintios-4-4-P02	1corintios-4-4-P01	146	S	1	finite_verb_morphology	explicit_or_morphological	not_detected	4	same	none
1corintios	4	existing_continuity_status	shift	V-PAI-3S	ἐστιν	candidate	2	"[""person_change"", ""subject_shift""]"	candidate	1corintios-4-4-P03	1corintios-4-4-P02	147	S	3	finite_compact_person_number	finite_morphology_fallback	not_detected	4	shift	none
1corintios	4	existing_continuity_status	shift	V-PAD-2P	κρίνετε	unresolved	5	"[""independence_transition"", ""number_change"", ""person_change"", ""subject_shift"", ""subordination_transition""]"	strong	1corintios-4-5-P01	1corintios-4-4-P03	148	P	2	finite_verb_morphology	explicit_or_morphological	candidate	5	shift	none
1corintios	4	existing_continuity_status	shift	V-AAS-3S	ἔλθῃ	candidate	5	"[""independence_transition"", ""number_change"", ""person_change"", ""subject_shift"", ""subordination_transition""]"	strong	1corintios-4-5-P02	1corintios-4-5-P01	149	S	3	finite_verb_morphology	explicit_or_morphological	not_detected	5	shift	none
1corintios	4	existing_continuity_status	same	V-FAI-3S	φωτίσει	candidate	0	[]	none	1corintios-4-5-P03	1corintios-4-5-P02	150	S	3	finite_verb_morphology	explicit_or_morphological	not_detected	5	same	none
1corintios	4	existing_continuity_status	same	V-FAI-3S	φανερώσει	candidate	0	[]	none	1corintios-4-5-P04	1corintios-4-5-P03	151	S	3	finite_verb_morphology	explicit_or_morphological	not_detected	5	same	none
1corintios	4	existing_continuity_status	same	V-FMI-3S	γενήσεται	candidate	0	[]	none	1corintios-4-5-P05	1corintios-4-5-P04	152	S	3	finite_compact_person_number	finite_morphology_fallback	not_detected	5	same	none
1corintios	4	existing_continuity_status	shift	V-AAI-1S	μετεσχημάτισα	candidate	2	"[""person_change"", ""subject_shift""]"	candidate	1corintios-4-6-P01	1corintios-4-5-P05	153	S	1	finite_verb_morphology	explicit_or_morphological	not_detected	6	shift	none
1corintios	4	existing_continuity_status	shift	V-AAS-2P	μάθητε	unresolved	5	"[""independence_transition"", ""number_change"", ""person_change"", ""subject_shift"", ""subordination_transition""]"	strong	1corintios-4-6-P02	1corintios-4-6-P01	154	P	2	finite_verb_morphology	explicit_or_morphological	candidate	6	shift	none
1corintios	4	existing_continuity_status	shift	V-XPI-3S	γέγραπται	candidate	5	"[""independence_transition"", ""number_change"", ""person_change"", ""subject_shift"", ""subordination_transition""]"	strong	1corintios-4-6-P03	1corintios-4-6-P02	155	S	3	finite_verb_morphology	explicit_or_morphological	not_detected	6	shift	none
1corintios	4	existing_continuity_status	shift	V-PPI-2P	φυσιοῦσθε	unresolved	5	"[""independence_transition"", ""number_change"", ""person_change"", ""subject_shift"", ""subordination_transition""]"	strong	1corintios-4-6-P04	1corintios-4-6-P03	156	P	2	finite_verb_morphology	explicit_or_morphological	candidate	6	shift	none
1corintios	4	existing_continuity_status	shift	V-PAI-3S	διακρίνει	candidate	5	"[""independence_transition"", ""number_change"", ""person_change"", ""subject_shift"", ""subordination_transition""]"	strong	1corintios-4-7-P01	1corintios-4-6-P04	157	S	3	finite_verb_morphology	explicit_or_morphological	not_detected	7	shift	none
1corintios	4	existing_continuity_status	shift	V-PAI-2S	ἔχεις	candidate	2	"[""person_change"", ""subject_shift""]"	candidate	1corintios-4-7-P02	1corintios-4-7-P01	158	S	2	finite_verb_morphology	explicit_or_morphological	not_detected	7	shift	none
1corintios	4	existing_continuity_status	same	V-AAI-2S	ἔλαβες	candidate	0	[]	none	1corintios-4-7-P03	1corintios-4-7-P02	159	S	2	finite_verb_morphology	explicit_or_morphological	not_detected	7	same	none
1corintios	4	existing_continuity_status	same	V-AAI-2S	ἔλαβες	unresolved	2	"[""independence_transition"", ""subordination_transition""]"	candidate	1corintios-4-7-P04	1corintios-4-7-P03	160	S	2	finite_verb_morphology	explicit_or_morphological	candidate	7	same	none
1corintios	4	existing_continuity_status	same	V-PMI-2S	καυχᾶσαι	candidate	2	"[""independence_transition"", ""subordination_transition""]"	candidate	1corintios-4-7-P05	1corintios-4-7-P04	161	S	2	finite_verb_morphology	explicit_or_morphological	not_detected	7	same	none
1corintios	4	existing_continuity_status	shift	V-PAI-2P	ἐστέ	candidate	2	"[""number_change"", ""subject_shift""]"	candidate	1corintios-4-8-P01	1corintios-4-7-P05	162	P	2	finite_verb_morphology	explicit_or_morphological	not_detected	8	shift	none
1corintios	4	existing_continuity_status	same	V-AAI-2P	ἐπλουτήσατε	candidate	0	[]	none	1corintios-4-8-P02	1corintios-4-8-P01	163	P	2	finite_verb_morphology	explicit_or_morphological	not_detected	8	same	none
1corintios	4	existing_continuity_status	same	V-AAI-2P	ἐβασιλεύσατε	candidate	0	[]	none	1corintios-4-8-P03	1corintios-4-8-P02	164	P	2	finite_verb_morphology	explicit_or_morphological	not_detected	8	same	none
1corintios	4	existing_continuity_status	same	V-AAI-2P	ἐβασιλεύσατε	candidate	0	[]	none	1corintios-4-8-P04	1corintios-4-8-P03	165	P	2	finite_verb_morphology	explicit_or_morphological	not_detected	8	same	none
1corintios	4	existing_continuity_status	shift	V-AAS-1P	συμβασιλεύσωμεν	unresolved	4	"[""independence_transition"", ""person_change"", ""subject_shift"", ""subordination_transition""]"	strong	1corintios-4-8-P05	1corintios-4-8-P04	166	P	1	finite_verb_morphology	explicit_or_morphological	candidate	8	shift	none
1corintios	4	existing_continuity_status	shift	V-PAI-1S	δοκῶ	candidate	4	"[""independence_transition"", ""number_change"", ""subject_shift"", ""subordination_transition""]"	strong	1corintios-4-9-P01	1corintios-4-8-P05	167	S	1	finite_verb_morphology	explicit_or_morphological	not_detected	9	shift	none
1corintios	4	existing_continuity_status	shift	V-AAI-3S	ἀπέδειξεν	candidate	2	"[""person_change"", ""subject_shift""]"	candidate	1corintios-4-9-P02	1corintios-4-9-P01	168	S	3	finite_compact_person_number	finite_morphology_fallback	not_detected	9	shift	none
1corintios	4	existing_continuity_status	shift	V-API-1P	ἐγενήθημεν	unresolved	5	"[""independence_transition"", ""number_change"", ""person_change"", ""subject_shift"", ""subordination_transition""]"	strong	1corintios-4-9-P03	1corintios-4-9-P02	169	P	1	finite_verb_morphology	explicit_or_morphological	candidate	9	shift	none
1corintios	4	existing_continuity_status	same	V-PAI-1P	πεινῶμεν	candidate	2	"[""independence_transition"", ""subordination_transition""]"	candidate	1corintios-4-11-P01	1corintios-4-9-P03	170	P	1	finite_verb_morphology	explicit_or_morphological	not_detected	11	same	none
1corintios	4	existing_continuity_status	same	V-PAI-1P	διψῶμεν	candidate	0	[]	none	1corintios-4-11-P02	1corintios-4-11-P01	171	P	1	finite_verb_morphology	explicit_or_morphological	not_detected	11	same	none
1corintios	4	existing_continuity_status	same	V-PAI-1P	γυμνιτεύομεν	candidate	0	[]	none	1corintios-4-11-P03	1corintios-4-11-P02	172	P	1	finite_verb_morphology	explicit_or_morphological	not_detected	11	same	none
1corintios	4	existing_continuity_status	same	V-PPI-1P	κολαφιζόμεθα	candidate	0	[]	none	1corintios-4-11-P04	1corintios-4-11-P03	173	P	1	finite_verb_morphology	explicit_or_morphological	not_detected	11	same	none
1corintios	4	existing_continuity_status	same	V-PAI-1P	ἀστατοῦμεν	candidate	0	[]	none	1corintios-4-11-P05	1corintios-4-11-P04	174	P	1	finite_verb_morphology	explicit_or_morphological	not_detected	11	same	none
1corintios	4	existing_continuity_status	same	V-PAI-1P	κοπιῶμεν	candidate	0	[]	none	1corintios-4-12-P01	1corintios-4-11-P05	175	P	1	finite_verb_morphology	explicit_or_morphological	not_detected	12	same	none
1corintios	4	existing_continuity_status	same	V-PAI-1P	εὐλογοῦμεν	candidate	0	[]	none	1corintios-4-12-P02	1corintios-4-12-P01	176	P	1	finite_verb_morphology	explicit_or_morphological	not_detected	12	same	none
1corintios	4	existing_continuity_status	same	V-PMI-1P	ἀνεχόμεθα	candidate	0	[]	none	1corintios-4-12-P03	1corintios-4-12-P02	177	P	1	finite_verb_morphology	explicit_or_morphological	not_detected	12	same	none
1corintios	4	existing_continuity_status	same	V-PAI-1P	παρακαλοῦμεν	candidate	0	[]	none	1corintios-4-13-P01	1corintios-4-12-P03	178	P	1	finite_verb_morphology	explicit_or_morphological	not_detected	13	same	none
1corintios	4	existing_continuity_status	same	V-API-1P	ἐγενήθημεν	unresolved	2	"[""independence_transition"", ""subordination_transition""]"	candidate	1corintios-4-13-P02	1corintios-4-13-P01	179	P	1	finite_verb_morphology	explicit_or_morphological	candidate	13	same	none
1corintios	4	existing_continuity_status	shift	V-PAI-1S	γράφω	candidate	4	"[""independence_transition"", ""number_change"", ""subject_shift"", ""subordination_transition""]"	strong	1corintios-4-14-P01	1corintios-4-13-P02	180	S	1	finite_verb_morphology	explicit_or_morphological	not_detected	14	shift	none
1corintios	4	existing_continuity_status	shift	V-PAS-2P	ἔχητε	unresolved	5	"[""independence_transition"", ""number_change"", ""person_change"", ""subject_shift"", ""subordination_transition""]"	strong	1corintios-4-15-P01	1corintios-4-14-P01	181	P	2	finite_verb_morphology	explicit_or_morphological	candidate	15	shift	none
1corintios	4	existing_continuity_status	shift	V-AAI-1S	ἐγέννησα	candidate	5	"[""independence_transition"", ""number_change"", ""person_change"", ""subject_shift"", ""subordination_transition""]"	strong	1corintios-4-15-P02	1corintios-4-15-P01	182	S	1	finite_verb_morphology	explicit_or_morphological	not_detected	15	shift	none
1corintios	4	existing_continuity_status	same	V-PAI-1S	παρακαλῶ	candidate	0	[]	none	1corintios-4-16-P01	1corintios-4-15-P02	183	S	1	finite_verb_morphology	explicit_or_morphological	not_detected	16	same	none
1corintios	4	existing_continuity_status	shift	V-PMD-2P	γίνεσθε	candidate	3	"[""number_change"", ""person_change"", ""subject_shift""]"	strong	1corintios-4-16-P02	1corintios-4-16-P01	184	P	2	finite_verb_morphology	explicit_or_morphological	not_detected	16	shift	none
1corintios	4	existing_continuity_status	shift	V-AAI-1S	ἔπεμψα	candidate	3	"[""number_change"", ""person_change"", ""subject_shift""]"	strong	1corintios-4-17-P01	1corintios-4-16-P02	185	S	1	finite_verb_morphology	explicit_or_morphological	not_detected	17	shift	none
1corintios	4	existing_continuity_status	shift	V-PAI-3S	ἐστίν	candidate	2	"[""person_change"", ""subject_shift""]"	candidate	1corintios-4-17-P02	1corintios-4-17-P01	186	S	3	finite_compact_person_number	finite_morphology_fallback	not_detected	17	shift	none
1corintios	4	existing_continuity_status	same	V-FAI-3S	ἀναμνήσει	candidate	0	[]	none	1corintios-4-17-P03	1corintios-4-17-P02	187	S	3	finite_compact_person_number	finite_morphology_fallback	not_detected	17	same	none
1corintios	4	existing_continuity_status	shift	V-PAI-1S	διδάσκω	unresolved	4	"[""independence_transition"", ""person_change"", ""subject_shift"", ""subordination_transition""]"	strong	1corintios-4-17-P04	1corintios-4-17-P03	188	S	1	finite_verb_morphology	explicit_or_morphological	candidate	17	shift	none
1corintios	4	existing_continuity_status	shift	V-API-3P	ἐφυσιώθησάν	unresolved	3	"[""number_change"", ""person_change"", ""subject_shift""]"	strong	1corintios-4-18-P01	1corintios-4-17-P04	189	P	3	finite_verb_morphology	explicit_or_morphological	candidate	18	shift	none
1corintios	4	existing_continuity_status	shift	V-FMI-1S	ἐλεύσομαι	candidate	5	"[""independence_transition"", ""number_change"", ""person_change"", ""subject_shift"", ""subordination_transition""]"	strong	1corintios-4-19-P01	1corintios-4-18-P01	190	S	1	finite_verb_morphology	explicit_or_morphological	not_detected	19	shift	none
1corintios	4	existing_continuity_status	shift	V-AAS-3S	θελήσῃ	unresolved	4	"[""independence_transition"", ""person_change"", ""subject_shift"", ""subordination_transition""]"	strong	1corintios-4-19-P02	1corintios-4-19-P01	191	S	3	finite_compact_person_number	finite_morphology_fallback	candidate	19	shift	none
1corintios	4	existing_continuity_status	shift	V-FMI-1S	γνώσομαι	candidate	4	"[""independence_transition"", ""person_change"", ""subject_shift"", ""subordination_transition""]"	strong	1corintios-4-19-P03	1corintios-4-19-P02	192	S	1	finite_verb_morphology	explicit_or_morphological	not_detected	19	shift	none
1corintios	4	existing_continuity_status	shift	V-PAI-2P	θέλετε	candidate	3	"[""number_change"", ""person_change"", ""subject_shift""]"	strong	1corintios-4-21-P01	1corintios-4-19-P03	193	P	2	finite_verb_morphology	explicit_or_morphological	not_detected	21	shift	none
1corintios	4	existing_continuity_status	shift	V-AAS-1S	ἔλθω	candidate	3	"[""number_change"", ""person_change"", ""subject_shift""]"	strong	1corintios-4-21-P02	1corintios-4-21-P01	194	S	1	finite_verb_morphology	explicit_or_morphological	not_detected	21	shift	none
1corintios	5	existing_continuity_status	shift	V-PPI-3S	ἀκούεται	candidate	2	"[""person_change"", ""subject_shift""]"	candidate	1corintios-5-1-P01	1corintios-4-21-P02	195	S	3	finite_verb_morphology	explicit_or_morphological	not_detected	1	shift	none
1corintios	5	existing_continuity_status	shift	V-PAI-2P	ἐστέ	candidate	3	"[""number_change"", ""person_change"", ""subject_shift""]"	strong	1corintios-5-2-P01	1corintios-5-1-P01	196	P	2	finite_verb_morphology	explicit_or_morphological	not_detected	2	shift	none
1corintios	5	existing_continuity_status	same	V-AAI-2P	ἐπενθήσατε	candidate	0	[]	none	1corintios-5-2-P02	1corintios-5-2-P01	197	P	2	finite_verb_morphology	explicit_or_morphological	not_detected	2	same	none
1corintios	5	existing_continuity_status	shift	V-APS-3S	ἀρθῇ	unresolved	5	"[""independence_transition"", ""number_change"", ""person_change"", ""subject_shift"", ""subordination_transition""]"	strong	1corintios-5-2-P03	1corintios-5-2-P02	198	S	3	finite_verb_morphology	explicit_or_morphological	candidate	2	shift	none
1corintios	5	existing_continuity_status	shift	V-XAI-1S	κέκρικα	candidate	4	"[""independence_transition"", ""person_change"", ""subject_shift"", ""subordination_transition""]"	strong	1corintios-5-3-P01	1corintios-5-2-P03	199	S	1	finite_verb_morphology	explicit_or_morphological	not_detected	3	shift	none
1corintios	5	existing_continuity_status	shift	V-APS-3S	σωθῇ	unresolved	4	"[""independence_transition"", ""person_change"", ""subject_shift"", ""subordination_transition""]"	strong	1corintios-5-5-P01	1corintios-5-3-P01	200	S	3	finite_compact_person_number	finite_morphology_fallback	candidate	5	shift	none
1corintios	5	existing_continuity_status	shift	V-XAI-2P	οἴδατε	candidate	5	"[""independence_transition"", ""number_change"", ""person_change"", ""subject_shift"", ""subordination_transition""]"	strong	1corintios-5-6-P01	1corintios-5-5-P01	201	P	2	finite_verb_morphology	explicit_or_morphological	not_detected	6	shift	none
1corintios	5	existing_continuity_status	shift	V-PAI-3S	ζυμοῖ	unresolved	5	"[""independence_transition"", ""number_change"", ""person_change"", ""subject_shift"", ""subordination_transition""]"	strong	1corintios-5-6-P02	1corintios-5-6-P01	202	S	3	finite_compact_person_number	finite_morphology_fallback	candidate	6	shift	none
1corintios	5	existing_continuity_status	shift	V-AAD-2P	ἐκκαθάρατε	candidate	5	"[""independence_transition"", ""number_change"", ""person_change"", ""subject_shift"", ""subordination_transition""]"	strong	1corintios-5-7-P01	1corintios-5-6-P02	203	P	2	finite_verb_morphology	explicit_or_morphological	not_detected	7	shift	none
1corintios	5	existing_continuity_status	same	V-PAS-2P	ἦτε	unresolved	2	"[""independence_transition"", ""subordination_transition""]"	candidate	1corintios-5-7-P02	1corintios-5-7-P01	204	P	2	finite_verb_morphology	explicit_or_morphological	candidate	7	same	none
1corintios	5	existing_continuity_status	same	V-PAI-2P	ἐστε	unresolved	0	[]	none	1corintios-5-7-P03	1corintios-5-7-P02	205	P	2	finite_verb_morphology	explicit_or_morphological	candidate	7	same	none
1corintios	5	existing_continuity_status	shift	V-API-3S	ἐτύθη	candidate	5	"[""independence_transition"", ""number_change"", ""person_change"", ""subject_shift"", ""subordination_transition""]"	strong	1corintios-5-7-P04	1corintios-5-7-P03	206	S	3	finite_compact_person_number	finite_morphology_fallback	not_detected	7	shift	none
1corintios	5	existing_continuity_status	shift	V-PAS-1P	ἑορτάζωμεν	unresolved	5	"[""independence_transition"", ""number_change"", ""person_change"", ""subject_shift"", ""subordination_transition""]"	strong	1corintios-5-8-P01	1corintios-5-7-P04	207	P	1	finite_verb_morphology	explicit_or_morphological	candidate	8	shift	none
1corintios	5	existing_continuity_status	shift	V-AAI-1S	ἔγραψα	candidate	4	"[""independence_transition"", ""number_change"", ""subject_shift"", ""subordination_transition""]"	strong	1corintios-5-9-P01	1corintios-5-8-P01	208	S	1	finite_verb_morphology	explicit_or_morphological	not_detected	9	shift	none
1corintios	5	existing_continuity_status	shift	V-IAI-2P	ὠφείλετε	unresolved	5	"[""independence_transition"", ""number_change"", ""person_change"", ""subject_shift"", ""subordination_transition""]"	strong	1corintios-5-10-P01	1corintios-5-9-P01	209	P	2	finite_verb_morphology	explicit_or_morphological	candidate	10	shift	none
1corintios	5	existing_continuity_status	shift	V-AAI-1S	ἔγραψα	candidate	5	"[""independence_transition"", ""number_change"", ""person_change"", ""subject_shift"", ""subordination_transition""]"	strong	1corintios-5-11-P01	1corintios-5-10-P01	210	S	1	finite_verb_morphology	explicit_or_morphological	not_detected	11	shift	none
1corintios	5	existing_continuity_status	shift	V-PAS-3S	ᾖ	unresolved	4	"[""independence_transition"", ""person_change"", ""subject_shift"", ""subordination_transition""]"	strong	1corintios-5-11-P02	1corintios-5-11-P01	211	S	3	finite_compact_person_number	finite_morphology_fallback	candidate	11	shift	none
1corintios	5	existing_continuity_status	shift	V-PAI-2P	κρίνετε	candidate	5	"[""independence_transition"", ""number_change"", ""person_change"", ""subject_shift"", ""subordination_transition""]"	strong	1corintios-5-12-P01	1corintios-5-11-P02	212	P	2	finite_verb_morphology	explicit_or_morphological	not_detected	12	shift	none
1corintios	5	existing_continuity_status	shift	V-PAI-3S	κρίνει;	candidate	3	"[""number_change"", ""person_change"", ""subject_shift""]"	strong	1corintios-5-13-P01	1corintios-5-12-P01	213	S	3	finite_compact_person_number	finite_morphology_fallback	not_detected	13	shift	none
1corintios	5	existing_continuity_status	shift	V-AAD-2P	ἐξάρατε	candidate	3	"[""number_change"", ""person_change"", ""subject_shift""]"	strong	1corintios-5-13-P02	1corintios-5-13-P01	214	P	2	finite_verb_morphology	explicit_or_morphological	not_detected	13	shift	none
1corintios	6	existing_continuity_status	shift	V-PAI-3S	τολμᾷ	candidate	3	"[""number_change"", ""person_change"", ""subject_shift""]"	strong	1corintios-6-1-P01	1corintios-5-13-P02	215	S	3	finite_verb_morphology	explicit_or_morphological	not_detected	1	shift	none
1corintios	6	existing_continuity_status	shift	V-XAI-2P	οἴδατε	candidate	3	"[""number_change"", ""person_change"", ""subject_shift""]"	strong	1corintios-6-2-P01	1corintios-6-1-P01	216	P	2	finite_verb_morphology	explicit_or_morphological	not_detected	2	shift	none
1corintios	6	existing_continuity_status	shift	V-FAI-3P	κρινοῦσιν	unresolved	4	"[""independence_transition"", ""person_change"", ""subject_shift"", ""subordination_transition""]"	strong	1corintios-6-2-P02	1corintios-6-2-P01	217	P	3	finite_compact_person_number	finite_morphology_fallback	candidate	2	shift	none
1corintios	6	existing_continuity_status	shift	V-PPI-3S	κρίνεται	unresolved	2	"[""number_change"", ""subject_shift""]"	candidate	1corintios-6-2-P03	1corintios-6-2-P02	218	S	3	finite_verb_morphology	explicit_or_morphological	candidate	2	shift	none
1corintios	6	existing_continuity_status	shift	V-PAI-2P	ἐστε	candidate	5	"[""independence_transition"", ""number_change"", ""person_change"", ""subject_shift"", ""subordination_transition""]"	strong	1corintios-6-2-P04	1corintios-6-2-P03	219	P	2	finite_verb_morphology	explicit_or_morphological	not_detected	2	shift	none
1corintios	6	existing_continuity_status	same	V-XAI-2P	οἴδατε	candidate	0	[]	none	1corintios-6-3-P01	1corintios-6-2-P04	220	P	2	finite_verb_morphology	explicit_or_morphological	not_detected	3	same	none
1corintios	6	existing_continuity_status	shift	V-FAI-1P	κρινοῦμεν	unresolved	4	"[""independence_transition"", ""person_change"", ""subject_shift"", ""subordination_transition""]"	strong	1corintios-6-3-P02	1corintios-6-3-P01	221	P	1	finite_verb_morphology	explicit_or_morphological	candidate	3	shift	none
1corintios	6	existing_continuity_status	shift	V-PAS-2P	ἔχητε	unresolved	2	"[""person_change"", ""subject_shift""]"	candidate	1corintios-6-4-P01	1corintios-6-3-P02	222	P	2	finite_verb_morphology	explicit_or_morphological	candidate	4	shift	none
1corintios	6	existing_continuity_status	same	V-PAI-2P	καθίζετε	candidate	2	"[""independence_transition"", ""subordination_transition""]"	candidate	1corintios-6-4-P02	1corintios-6-4-P01	223	P	2	finite_verb_morphology	explicit_or_morphological	not_detected	4	same	none
1corintios	6	existing_continuity_status	shift	V-PAI-1S	λέγω	candidate	3	"[""number_change"", ""person_change"", ""subject_shift""]"	strong	1corintios-6-5-P01	1corintios-6-4-P02	224	S	1	finite_verb_morphology	explicit_or_morphological	not_detected	5	shift	none
1corintios	6	existing_continuity_status	shift	V-PAI-3S	ἔνι	candidate	2	"[""person_change"", ""subject_shift""]"	candidate	1corintios-6-5-P02	1corintios-6-5-P01	225	S	3	finite_verb_morphology	explicit_or_morphological	not_detected	5	shift	none
1corintios	6	existing_continuity_status	same	V-FMI-3S	δυνήσεται	candidate	0	[]	none	1corintios-6-5-P03	1corintios-6-5-P02	226	S	3	finite_compact_person_number	finite_morphology_fallback	not_detected	5	same	none
1corintios	6	existing_continuity_status	same	V-PPI-3S	κρίνεται	candidate	0	[]	none	1corintios-6-6-P01	1corintios-6-5-P03	227	S	3	finite_compact_person_number	finite_morphology_fallback	not_detected	6	same	none
1corintios	6	existing_continuity_status	same	V-PAI-3S	ἐστιν	candidate	0	[]	none	1corintios-6-7-P01	1corintios-6-6-P01	228	S	3	finite_compact_person_number	finite_morphology_fallback	not_detected	7	same	none
1corintios	6	existing_continuity_status	shift	V-PAI-2P	ἔχετε	unresolved	5	"[""independence_transition"", ""number_change"", ""person_change"", ""subject_shift"", ""subordination_transition""]"	strong	1corintios-6-7-P02	1corintios-6-7-P01	229	P	2	finite_verb_morphology	explicit_or_morphological	candidate	7	shift	none
1corintios	6	existing_continuity_status	same	V-PPI-2P	ἀδικεῖσθε	candidate	2	"[""independence_transition"", ""subordination_transition""]"	candidate	1corintios-6-7-P03	1corintios-6-7-P02	230	P	2	finite_verb_morphology	explicit_or_morphological	not_detected	7	same	none
1corintios	6	existing_continuity_status	same	V-PPI-2P	ἀποστερεῖσθε	candidate	0	[]	none	1corintios-6-7-P04	1corintios-6-7-P03	231	P	2	finite_verb_morphology	explicit_or_morphological	not_detected	7	same	none
1corintios	6	existing_continuity_status	same	V-PAI-2P	ἀδικεῖτε	candidate	0	[]	none	1corintios-6-8-P01	1corintios-6-7-P04	232	P	2	finite_verb_morphology	explicit_or_morphological	not_detected	8	same	none
1corintios	6	existing_continuity_status	same	V-PAI-2P	ἀποστερεῖτε	candidate	0	[]	none	1corintios-6-8-P02	1corintios-6-8-P01	233	P	2	finite_verb_morphology	explicit_or_morphological	not_detected	8	same	none
1corintios	6	existing_continuity_status	same	V-XAI-2P	οἴδατε	candidate	0	[]	none	1corintios-6-9-P01	1corintios-6-8-P02	234	P	2	finite_verb_morphology	explicit_or_morphological	not_detected	9	same	none
1corintios	6	existing_continuity_status	shift	V-FAI-3P	κληρονομήσουσιν	unresolved	4	"[""independence_transition"", ""person_change"", ""subject_shift"", ""subordination_transition""]"	strong	1corintios-6-9-P02	1corintios-6-9-P01	235	P	3	finite_compact_person_number	finite_morphology_fallback	candidate	9	shift	none
1corintios	6	existing_continuity_status	shift	V-PPD-2P	πλανᾶσθε	candidate	4	"[""independence_transition"", ""person_change"", ""subject_shift"", ""subordination_transition""]"	strong	1corintios-6-9-P03	1corintios-6-9-P02	236	P	2	finite_verb_morphology	explicit_or_morphological	not_detected	9	shift	none
1corintios	6	existing_continuity_status	shift	V-FAI-3P	κληρονομήσουσιν	candidate	2	"[""person_change"", ""subject_shift""]"	candidate	1corintios-6-10-P01	1corintios-6-9-P03	237	P	3	finite_compact_person_number	finite_morphology_fallback	not_detected	10	shift	none
1corintios	6	existing_continuity_status	shift	V-IAI-2P	ἦτε	candidate	2	"[""person_change"", ""subject_shift""]"	candidate	1corintios-6-11-P01	1corintios-6-10-P01	238	P	2	finite_verb_morphology	explicit_or_morphological	not_detected	11	shift	none
1corintios	6	existing_continuity_status	same	V-AMI-2P	ἀπελούσασθε	candidate	0	[]	none	1corintios-6-11-P02	1corintios-6-11-P01	239	P	2	finite_verb_morphology	explicit_or_morphological	not_detected	11	same	none
1corintios	6	existing_continuity_status	same	V-API-2P	ἡγιάσθητε	candidate	0	[]	none	1corintios-6-11-P03	1corintios-6-11-P02	240	P	2	finite_verb_morphology	explicit_or_morphological	not_detected	11	same	none
1corintios	6	existing_continuity_status	same	V-API-2P	ἐδικαιώθητε	candidate	0	[]	none	1corintios-6-11-P04	1corintios-6-11-P03	241	P	2	finite_verb_morphology	explicit_or_morphological	not_detected	11	same	none
1corintios	6	existing_continuity_status	shift	V-PAI-3S	ἔξεστιν	candidate	3	"[""number_change"", ""person_change"", ""subject_shift""]"	strong	1corintios-6-12-P01	1corintios-6-11-P04	242	S	3	finite_compact_person_number	finite_morphology_fallback	not_detected	12	shift	none
1corintios	6	existing_continuity_status	same	V-PAI-3S	συμφέρει	candidate	0	[]	none	1corintios-6-12-P02	1corintios-6-12-P01	243	S	3	finite_compact_person_number	finite_morphology_fallback	not_detected	12	same	none
1corintios	6	existing_continuity_status	same	V-PAI-3S	ἔξεστιν	candidate	0	[]	none	1corintios-6-12-P03	1corintios-6-12-P02	244	S	3	finite_compact_person_number	finite_morphology_fallback	not_detected	12	same	none
1corintios	6	existing_continuity_status	shift	V-FPI-1S	ἐξουσιασθήσομαι	candidate	2	"[""person_change"", ""subject_shift""]"	candidate	1corintios-6-12-P04	1corintios-6-12-P03	245	S	1	finite_verb_morphology	explicit_or_morphological	not_detected	12	shift	none
1corintios	6	existing_continuity_status	shift	V-FAI-3S	καταργήσει	candidate	2	"[""person_change"", ""subject_shift""]"	candidate	1corintios-6-13-P01	1corintios-6-12-P04	246	S	3	finite_verb_morphology	explicit_or_morphological	not_detected	13	shift	none
1corintios	6	existing_continuity_status	same	V-AAI-3S	ἤγειρεν	candidate	0	[]	none	1corintios-6-14-P01	1corintios-6-13-P01	247	S	3	finite_verb_morphology	explicit_or_morphological	not_detected	14	same	none
1corintios	6	existing_continuity_status	same	V-FAI-3S	ἐξεγερεῖ	candidate	0	[]	none	1corintios-6-14-P02	1corintios-6-14-P01	248	S	3	finite_verb_morphology	explicit_or_morphological	not_detected	14	same	none
1corintios	6	existing_continuity_status	shift	V-XAI-2P	οἴδατε	candidate	3	"[""number_change"", ""person_change"", ""subject_shift""]"	strong	1corintios-6-15-P01	1corintios-6-14-P02	249	P	2	finite_verb_morphology	explicit_or_morphological	not_detected	15	shift	none
1corintios	6	existing_continuity_status	shift	V-PAI-3S	ἐστιν	unresolved	5	"[""independence_transition"", ""number_change"", ""person_change"", ""subject_shift"", ""subordination_transition""]"	strong	1corintios-6-15-P02	1corintios-6-15-P01	250	S	3	finite_compact_person_number	finite_morphology_fallback	candidate	15	shift	none
1corintios	6	existing_continuity_status	shift	V-AAS-1S	ποιήσω	candidate	4	"[""independence_transition"", ""person_change"", ""subject_shift"", ""subordination_transition""]"	strong	1corintios-6-15-P03	1corintios-6-15-P02	251	S	1	finite_verb_morphology	explicit_or_morphological	not_detected	15	shift	none
1corintios	6	existing_continuity_status	shift	V-AMO-3S	γένοιτο	candidate	2	"[""person_change"", ""subject_shift""]"	candidate	1corintios-6-15-P04	1corintios-6-15-P03	252	S	3	finite_verb_morphology	explicit_or_morphological	not_detected	15	shift	none
1corintios	6	existing_continuity_status	shift	V-XAI-2P	οἴδατε	candidate	3	"[""number_change"", ""person_change"", ""subject_shift""]"	strong	1corintios-6-16-P01	1corintios-6-15-P04	253	P	2	finite_verb_morphology	explicit_or_morphological	not_detected	16	shift	none
1corintios	6	existing_continuity_status	shift	V-PAI-3S	ἐστιν	unresolved	5	"[""independence_transition"", ""number_change"", ""person_change"", ""subject_shift"", ""subordination_transition""]"	strong	1corintios-6-16-P02	1corintios-6-16-P01	254	S	3	finite_compact_person_number	finite_morphology_fallback	candidate	16	shift	none
1corintios	6	existing_continuity_status	shift	V-FMI-3P	ἔσονται	candidate	4	"[""independence_transition"", ""number_change"", ""subject_shift"", ""subordination_transition""]"	strong	1corintios-6-16-P03	1corintios-6-16-P02	255	P	3	finite_verb_morphology	explicit_or_morphological	not_detected	16	shift	none
1corintios	6	existing_continuity_status	shift	V-PAI-3S	φησίν	candidate	2	"[""number_change"", ""subject_shift""]"	candidate	1corintios-6-16-P04	1corintios-6-16-P03	256	S	3	finite_verb_morphology	explicit_or_morphological	not_detected	16	shift	none
1corintios	6	existing_continuity_status	same	V-PAI-3S	ἐστιν	candidate	0	[]	none	1corintios-6-17-P01	1corintios-6-16-P04	257	S	3	finite_compact_person_number	finite_morphology_fallback	not_detected	17	same	none
1corintios	6	existing_continuity_status	shift	V-PAD-2P	φεύγετε	candidate	3	"[""number_change"", ""person_change"", ""subject_shift""]"	strong	1corintios-6-18-P01	1corintios-6-17-P01	258	P	2	finite_verb_morphology	explicit_or_morphological	not_detected	18	shift	none
1corintios	6	existing_continuity_status	shift	V-AAS-3S	ποιήσῃ	unresolved	5	"[""independence_transition"", ""number_change"", ""person_change"", ""subject_shift"", ""subordination_transition""]"	strong	1corintios-6-18-P02	1corintios-6-18-P01	259	S	3	finite_compact_person_number	finite_morphology_fallback	candidate	18	shift	none
1corintios	6	existing_continuity_status	same	V-PAI-3S	ἐστιν	candidate	2	"[""independence_transition"", ""subordination_transition""]"	candidate	1corintios-6-18-P03	1corintios-6-18-P02	260	S	3	finite_compact_person_number	finite_morphology_fallback	not_detected	18	same	none
1corintios	6	existing_continuity_status	same	V-PAI-3S	ἁμαρτάνει	candidate	0	[]	none	1corintios-6-18-P04	1corintios-6-18-P03	261	S	3	finite_verb_morphology	explicit_or_morphological	not_detected	18	same	none
1corintios	6	existing_continuity_status	shift	V-XAI-2P	οἴδατε	candidate	3	"[""number_change"", ""person_change"", ""subject_shift""]"	strong	1corintios-6-19-P01	1corintios-6-18-P04	262	P	2	finite_verb_morphology	explicit_or_morphological	not_detected	19	shift	none
1corintios	6	existing_continuity_status	shift	V-PAI-3S	ἐστιν	unresolved	5	"[""independence_transition"", ""number_change"", ""person_change"", ""subject_shift"", ""subordination_transition""]"	strong	1corintios-6-19-P02	1corintios-6-19-P01	263	S	3	finite_compact_person_number	finite_morphology_fallback	candidate	19	shift	none
1corintios	6	existing_continuity_status	shift	V-PAI-2P	ἔχετε	candidate	5	"[""independence_transition"", ""number_change"", ""person_change"", ""subject_shift"", ""subordination_transition""]"	strong	1corintios-6-19-P03	1corintios-6-19-P02	264	P	2	finite_verb_morphology	explicit_or_morphological	not_detected	19	shift	none
1corintios	6	existing_continuity_status	same	V-PAI-2P	ἐστὲ	candidate	0	[]	none	1corintios-6-19-P04	1corintios-6-19-P03	265	P	2	finite_verb_morphology	explicit_or_morphological	not_detected	19	same	none
1corintios	6	existing_continuity_status	same	V-API-2P	ἠγοράσθητε	candidate	0	[]	none	1corintios-6-20-P01	1corintios-6-19-P04	266	P	2	finite_verb_morphology	explicit_or_morphological	not_detected	20	same	none
1corintios	6	existing_continuity_status	same	V-AAD-2P	δοξάσατε	candidate	0	[]	none	1corintios-6-20-P02	1corintios-6-20-P01	267	P	2	finite_verb_morphology	explicit_or_morphological	not_detected	20	same	none
1corintios	7	existing_continuity_status	same	V-AAI-2P	ἐγράψατε	candidate	0	[]	none	1corintios-7-1-P01	1corintios-6-20-P02	268	P	2	finite_verb_morphology	explicit_or_morphological	not_detected	1	same	none
1corintios	7	existing_continuity_status	shift	V-PAD-3S	ἐχέτω	candidate	3	"[""number_change"", ""person_change"", ""subject_shift""]"	strong	1corintios-7-2-P01	1corintios-7-1-P01	269	S	3	finite_compact_person_number	finite_morphology_fallback	not_detected	2	shift	none
1corintios	7	existing_continuity_status	same	V-PAD-3S	ἐχέτω	candidate	0	[]	none	1corintios-7-2-P02	1corintios-7-2-P01	270	S	3	finite_compact_person_number	finite_morphology_fallback	not_detected	2	same	none
1corintios	7	existing_continuity_status	same	V-PAD-3S	ἀποδιδότω	candidate	0	[]	none	1corintios-7-3-P01	1corintios-7-2-P02	271	S	3	finite_compact_person_number	finite_morphology_fallback	not_detected	3	same	none
1corintios	7	existing_continuity_status	same	V-PAI-3S	ἐξουσιάζει	candidate	0	[]	none	1corintios-7-4-P01	1corintios-7-3-P01	272	S	3	finite_compact_person_number	finite_morphology_fallback	not_detected	4	same	none
1corintios	7	existing_continuity_status	same	V-PAI-3S	ἐξουσιάζει	candidate	0	[]	none	1corintios-7-4-P02	1corintios-7-4-P01	273	S	3	finite_compact_person_number	finite_morphology_fallback	not_detected	4	same	none
1corintios	7	existing_continuity_status	shift	V-PAD-2P	ἀποστερεῖτε	candidate	3	"[""number_change"", ""person_change"", ""subject_shift""]"	strong	1corintios-7-5-P01	1corintios-7-4-P02	274	P	2	finite_verb_morphology	explicit_or_morphological	not_detected	5	shift	none
1corintios	7	existing_continuity_status	same	V-AAS-2P	σχολάσητε	unresolved	2	"[""independence_transition"", ""subordination_transition""]"	candidate	1corintios-7-5-P02	1corintios-7-5-P01	275	P	2	finite_verb_morphology	explicit_or_morphological	candidate	5	same	none
1corintios	7	existing_continuity_status	same	V-PAS-2P	ἦτε	candidate	2	"[""independence_transition"", ""subordination_transition""]"	candidate	1corintios-7-5-P03	1corintios-7-5-P02	276	P	2	finite_verb_morphology	explicit_or_morphological	not_detected	5	same	none
1corintios	7	existing_continuity_status	shift	V-PAS-3S	πειράζῃ	unresolved	5	"[""independence_transition"", ""number_change"", ""person_change"", ""subject_shift"", ""subordination_transition""]"	strong	1corintios-7-5-P04	1corintios-7-5-P03	277	S	3	finite_verb_morphology	explicit_or_morphological	candidate	5	shift	none
1corintios	7	existing_continuity_status	shift	V-PAI-1S	λέγω	candidate	4	"[""independence_transition"", ""person_change"", ""subject_shift"", ""subordination_transition""]"	strong	1corintios-7-6-P01	1corintios-7-5-P04	278	S	1	finite_verb_morphology	explicit_or_morphological	not_detected	6	shift	none
1corintios	7	existing_continuity_status	same	V-PAI-1S	θέλω	candidate	0	[]	none	1corintios-7-7-P01	1corintios-7-6-P01	279	S	1	finite_verb_morphology	explicit_or_morphological	not_detected	7	same	none
1corintios	7	existing_continuity_status	shift	V-PAI-3S	ἔχει	unresolved	4	"[""independence_transition"", ""person_change"", ""subject_shift"", ""subordination_transition""]"	strong	1corintios-7-7-P02	1corintios-7-7-P01	280	S	3	finite_compact_person_number	finite_morphology_fallback	candidate	7	shift	none
1corintios	7	existing_continuity_status	shift	V-PAI-1S	λέγω	candidate	4	"[""independence_transition"", ""person_change"", ""subject_shift"", ""subordination_transition""]"	strong	1corintios-7-8-P01	1corintios-7-7-P02	281	S	1	finite_verb_morphology	explicit_or_morphological	not_detected	8	shift	none
1corintios	7	existing_continuity_status	shift	V-AAS-3P	μείνωσιν	unresolved	5	"[""independence_transition"", ""number_change"", ""person_change"", ""subject_shift"", ""subordination_transition""]"	strong	1corintios-7-8-P02	1corintios-7-8-P01	282	P	3	finite_verb_morphology	explicit_or_morphological	candidate	8	shift	none
1corintios	7	existing_continuity_status	same	V-PMI-3P	ἐγκρατεύονται	unresolved	0	[]	none	1corintios-7-9-P01	1corintios-7-8-P02	283	P	3	finite_verb_morphology	explicit_or_morphological	candidate	9	same	none
1corintios	7	existing_continuity_status	same	V-AAD-3P	γαμησάτωσαν	candidate	2	"[""independence_transition"", ""subordination_transition""]"	candidate	1corintios-7-9-P02	1corintios-7-9-P01	284	P	3	finite_verb_morphology	explicit_or_morphological	not_detected	9	same	none
1corintios	7	existing_continuity_status	shift	V-PAI-3S	ἐστιν	candidate	2	"[""number_change"", ""subject_shift""]"	candidate	1corintios-7-9-P03	1corintios-7-9-P02	285	S	3	finite_verb_morphology	explicit_or_morphological	not_detected	9	shift	none
1corintios	7	existing_continuity_status	shift	V-PAI-1S	παραγγέλλω	candidate	2	"[""person_change"", ""subject_shift""]"	candidate	1corintios-7-10-P01	1corintios-7-9-P03	286	S	1	finite_verb_morphology	explicit_or_morphological	not_detected	10	shift	none
1corintios	7	existing_continuity_status	shift	V-APS-3S	χωρισθῇ	unresolved	4	"[""independence_transition"", ""person_change"", ""subject_shift"", ""subordination_transition""]"	strong	1corintios-7-11-P01	1corintios-7-10-P01	287	S	3	finite_verb_morphology	explicit_or_morphological	candidate	11	shift	none
1corintios	7	existing_continuity_status	same	V-PAD-3S	μενέτω	candidate	2	"[""independence_transition"", ""subordination_transition""]"	candidate	1corintios-7-11-P02	1corintios-7-11-P01	288	S	3	finite_verb_morphology	explicit_or_morphological	not_detected	11	same	none
1corintios	7	existing_continuity_status	same	V-APD-3S	καταλλαγήτω—	candidate	0	[]	none	1corintios-7-11-P03	1corintios-7-11-P02	289	S	3	finite_verb_morphology	explicit_or_morphological	not_detected	11	same	none
1corintios	7	existing_continuity_status	shift	V-PAI-1S	λέγω	candidate	2	"[""person_change"", ""subject_shift""]"	candidate	1corintios-7-12-P01	1corintios-7-11-P03	290	S	1	finite_verb_morphology	explicit_or_morphological	not_detected	12	shift	none
1corintios	7	existing_continuity_status	shift	V-PAI-3S	ἔχει	unresolved	4	"[""independence_transition"", ""person_change"", ""subject_shift"", ""subordination_transition""]"	strong	1corintios-7-12-P02	1corintios-7-12-P01	291	S	3	finite_compact_person_number	finite_morphology_fallback	candidate	12	shift	none
1corintios	7	existing_continuity_status	same	V-PAI-3S	συνευδοκεῖ	candidate	2	"[""independence_transition"", ""subordination_transition""]"	candidate	1corintios-7-12-P03	1corintios-7-12-P02	292	S	3	finite_compact_person_number	finite_morphology_fallback	not_detected	12	same	none
1corintios	7	existing_continuity_status	same	V-PAD-3S	ἀφιέτω	candidate	0	[]	none	1corintios-7-12-P04	1corintios-7-12-P03	293	S	3	finite_verb_morphology	explicit_or_morphological	not_detected	12	same	none
1corintios	7	existing_continuity_status	same	V-PAI-3S	ἔχει	unresolved	2	"[""independence_transition"", ""subordination_transition""]"	candidate	1corintios-7-13-P01	1corintios-7-12-P04	294	S	3	finite_compact_person_number	finite_morphology_fallback	candidate	13	same	none
1corintios	7	existing_continuity_status	same	V-PAI-3S	συνευδοκεῖ	candidate	2	"[""independence_transition"", ""subordination_transition""]"	candidate	1corintios-7-13-P02	1corintios-7-13-P01	295	S	3	finite_compact_person_number	finite_morphology_fallback	not_detected	13	same	none
1corintios	7	existing_continuity_status	same	V-PAD-3S	ἀφιέτω	candidate	0	[]	none	1corintios-7-13-P03	1corintios-7-13-P02	296	S	3	finite_verb_morphology	explicit_or_morphological	not_detected	13	same	none
1corintios	7	existing_continuity_status	same	V-XPI-3S	ἡγίασται	candidate	0	[]	none	1corintios-7-14-P01	1corintios-7-13-P03	297	S	3	finite_verb_morphology	explicit_or_morphological	not_detected	14	same	none
1corintios	7	existing_continuity_status	same	V-XPI-3S	ἡγίασται	candidate	0	[]	none	1corintios-7-14-P02	1corintios-7-14-P01	298	S	3	finite_verb_morphology	explicit_or_morphological	not_detected	14	same	none
1corintios	7	existing_continuity_status	same	V-PAI-3S	ἐστιν	unresolved	2	"[""independence_transition"", ""subordination_transition""]"	candidate	1corintios-7-14-P03	1corintios-7-14-P02	299	S	3	finite_compact_person_number	finite_morphology_fallback	candidate	14	same	none
1corintios	7	existing_continuity_status	same	V-PAI-3S	ἐστιν	candidate	2	"[""independence_transition"", ""subordination_transition""]"	candidate	1corintios-7-14-P04	1corintios-7-14-P03	300	S	3	finite_compact_person_number	finite_morphology_fallback	not_detected	14	same	none
1corintios	7	existing_continuity_status	same	V-PPI-3S	χωρίζεται	unresolved	2	"[""independence_transition"", ""subordination_transition""]"	candidate	1corintios-7-15-P01	1corintios-7-14-P04	301	S	3	finite_compact_person_number	finite_morphology_fallback	candidate	15	same	none
1corintios	7	existing_continuity_status	same	V-PPD-3S	χωριζέσθω	candidate	2	"[""independence_transition"", ""subordination_transition""]"	candidate	1corintios-7-15-P02	1corintios-7-15-P01	302	S	3	finite_verb_morphology	explicit_or_morphological	not_detected	15	same	none
1corintios	7	existing_continuity_status	same	V-XPI-3S	δεδούλωται	candidate	0	[]	none	1corintios-7-15-P03	1corintios-7-15-P02	303	S	3	finite_verb_morphology	explicit_or_morphological	not_detected	15	same	none
1corintios	7	existing_continuity_status	same	V-XAI-3S	κέκληκεν	candidate	0	[]	none	1corintios-7-15-P04	1corintios-7-15-P03	304	S	3	finite_verb_morphology	explicit_or_morphological	not_detected	15	same	none
1corintios	7	existing_continuity_status	shift	V-XAI-2S	οἶδας	candidate	2	"[""person_change"", ""subject_shift""]"	candidate	1corintios-7-16-P01	1corintios-7-15-P04	305	S	2	finite_verb_morphology	explicit_or_morphological	not_detected	16	shift	none
1corintios	7	existing_continuity_status	same	V-FAI-2S	σώσεις	unresolved	2	"[""independence_transition"", ""subordination_transition""]"	candidate	1corintios-7-16-P02	1corintios-7-16-P01	306	S	2	finite_verb_morphology	explicit_or_morphological	candidate	16	same	none
1corintios	7	existing_continuity_status	same	V-XAI-2S	οἶδας	candidate	2	"[""independence_transition"", ""subordination_transition""]"	candidate	1corintios-7-16-P03	1corintios-7-16-P02	307	S	2	finite_verb_morphology	explicit_or_morphological	not_detected	16	same	none
1corintios	7	existing_continuity_status	same	V-FAI-2S	σώσεις	unresolved	2	"[""independence_transition"", ""subordination_transition""]"	candidate	1corintios-7-16-P04	1corintios-7-16-P03	308	S	2	finite_verb_morphology	explicit_or_morphological	candidate	16	same	none
1corintios	7	existing_continuity_status	shift	V-AAI-3S	ἐμέρισεν	unresolved	2	"[""person_change"", ""subject_shift""]"	candidate	1corintios-7-17-P01	1corintios-7-16-P04	309	S	3	finite_verb_morphology	explicit_or_morphological	candidate	17	shift	none
1corintios	7	existing_continuity_status	same	V-XAI-3S	κέκληκεν	unresolved	0	[]	none	1corintios-7-17-P02	1corintios-7-17-P01	310	S	3	finite_compact_person_number	finite_morphology_fallback	candidate	17	same	none
1corintios	7	existing_continuity_status	same	V-PAD-3S	περιπατείτω	candidate	2	"[""independence_transition"", ""subordination_transition""]"	candidate	1corintios-7-17-P03	1corintios-7-17-P02	311	S	3	finite_compact_person_number	finite_morphology_fallback	not_detected	17	same	none
1corintios	7	existing_continuity_status	shift	V-PMI-1S	διατάσσομαι	candidate	2	"[""person_change"", ""subject_shift""]"	candidate	1corintios-7-17-P04	1corintios-7-17-P03	312	S	1	finite_verb_morphology	explicit_or_morphological	not_detected	17	shift	none
1corintios	7	existing_continuity_status	shift	V-API-3S	ἐκλήθη;	candidate	2	"[""person_change"", ""subject_shift""]"	candidate	1corintios-7-18-P01	1corintios-7-17-P04	313	S	3	finite_compact_person_number	finite_morphology_fallback	not_detected	18	shift	none
1corintios	7	existing_continuity_status	same	V-PMD-3S	ἐπισπάσθω	candidate	0	[]	none	1corintios-7-18-P02	1corintios-7-18-P01	314	S	3	finite_verb_morphology	explicit_or_morphological	not_detected	18	same	none
1corintios	7	existing_continuity_status	same	V-XPI-3S	κέκληταί	candidate	0	[]	none	1corintios-7-18-P03	1corintios-7-18-P02	315	S	3	finite_verb_morphology	explicit_or_morphological	not_detected	18	same	none
1corintios	7	existing_continuity_status	same	V-PPD-3S	περιτεμνέσθω	candidate	0	[]	none	1corintios-7-18-P04	1corintios-7-18-P03	316	S	3	finite_compact_person_number	finite_morphology_fallback	not_detected	18	same	none
1corintios	7	existing_continuity_status	same	V-PAI-3S	ἐστιν	candidate	0	[]	none	1corintios-7-19-P01	1corintios-7-18-P04	317	S	3	finite_compact_person_number	finite_morphology_fallback	not_detected	19	same	none
1corintios	7	existing_continuity_status	same	V-PAI-3S	ἐστιν	candidate	0	[]	none	1corintios-7-19-P02	1corintios-7-19-P01	318	S	3	finite_compact_person_number	finite_morphology_fallback	not_detected	19	same	none
1corintios	7	existing_continuity_status	same	V-API-3S	ἐκλήθη	candidate	0	[]	none	1corintios-7-20-P01	1corintios-7-19-P02	319	S	3	finite_verb_morphology	explicit_or_morphological	not_detected	20	same	none
1corintios	7	existing_continuity_status	same	V-PAD-3S	μενέτω	candidate	0	[]	none	1corintios-7-20-P02	1corintios-7-20-P01	320	S	3	finite_verb_morphology	explicit_or_morphological	not_detected	20	same	none
1corintios	7	existing_continuity_status	shift	V-API-2S	ἐκλήθης;	candidate	2	"[""person_change"", ""subject_shift""]"	candidate	1corintios-7-21-P01	1corintios-7-20-P02	321	S	2	finite_verb_morphology	explicit_or_morphological	not_detected	21	shift	none
1corintios	7	existing_continuity_status	shift	V-PAD-3S	μελέτω	candidate	2	"[""person_change"", ""subject_shift""]"	candidate	1corintios-7-21-P02	1corintios-7-21-P01	322	S	3	finite_verb_morphology	explicit_or_morphological	not_detected	21	shift	none
1corintios	7	existing_continuity_status	shift	V-PMI-2S	δύνασαι	unresolved	4	"[""independence_transition"", ""person_change"", ""subject_shift"", ""subordination_transition""]"	strong	1corintios-7-21-P03	1corintios-7-21-P02	323	S	2	finite_verb_morphology	explicit_or_morphological	candidate	21	shift	none
1corintios	7	existing_continuity_status	same	V-AMD-2S	χρῆσαι	candidate	2	"[""independence_transition"", ""subordination_transition""]"	candidate	1corintios-7-21-P04	1corintios-7-21-P03	324	S	2	finite_verb_morphology	explicit_or_morphological	not_detected	21	same	none
1corintios	7	existing_continuity_status	shift	V-PAI-3S	ἐστίν	candidate	2	"[""person_change"", ""subject_shift""]"	candidate	1corintios-7-22-P01	1corintios-7-21-P04	325	S	3	finite_compact_person_number	finite_morphology_fallback	not_detected	22	shift	none
1corintios	7	existing_continuity_status	same	V-PAI-3S	ἐστιν	candidate	0	[]	none	1corintios-7-22-P02	1corintios-7-22-P01	326	S	3	finite_compact_person_number	finite_morphology_fallback	not_detected	22	same	none
1corintios	7	existing_continuity_status	shift	V-API-2P	ἠγοράσθητε	candidate	3	"[""number_change"", ""person_change"", ""subject_shift""]"	strong	1corintios-7-23-P01	1corintios-7-22-P02	327	P	2	finite_verb_morphology	explicit_or_morphological	not_detected	23	shift	none
1corintios	7	existing_continuity_status	same	V-PMD-2P	γίνεσθε	candidate	0	[]	none	1corintios-7-23-P02	1corintios-7-23-P01	328	P	2	finite_verb_morphology	explicit_or_morphological	not_detected	23	same	none
1corintios	7	existing_continuity_status	shift	V-API-3S	ἐκλήθη	candidate	3	"[""number_change"", ""person_change"", ""subject_shift""]"	strong	1corintios-7-24-P01	1corintios-7-23-P02	329	S	3	finite_compact_person_number	finite_morphology_fallback	not_detected	24	shift	none
1corintios	7	existing_continuity_status	same	V-PAD-3S	μενέτω	candidate	0	[]	none	1corintios-7-24-P02	1corintios-7-24-P01	330	S	3	finite_verb_morphology	explicit_or_morphological	not_detected	24	same	none
1corintios	7	existing_continuity_status	shift	V-PAI-1S	ἔχω	candidate	2	"[""person_change"", ""subject_shift""]"	candidate	1corintios-7-25-P01	1corintios-7-24-P02	331	S	1	finite_verb_morphology	explicit_or_morphological	not_detected	25	shift	none
1corintios	7	existing_continuity_status	same	V-PAI-1S	δίδωμι	candidate	0	[]	none	1corintios-7-25-P02	1corintios-7-25-P01	332	S	1	finite_verb_morphology	explicit_or_morphological	not_detected	25	same	none
1corintios	7	existing_continuity_status	same	V-PAI-1S	νομίζω	candidate	0	[]	none	1corintios-7-26-P01	1corintios-7-25-P02	333	S	1	finite_verb_morphology	explicit_or_morphological	not_detected	26	same	none
1corintios	7	existing_continuity_status	shift	V-XPI-2S	δέδεσαι	candidate	2	"[""person_change"", ""subject_shift""]"	candidate	1corintios-7-27-P01	1corintios-7-26-P01	334	S	2	finite_verb_morphology	explicit_or_morphological	not_detected	27	shift	none
1corintios	7	existing_continuity_status	same	V-PAD-2S	ζήτει	candidate	0	[]	none	1corintios-7-27-P02	1corintios-7-27-P01	335	S	2	finite_verb_morphology	explicit_or_morphological	not_detected	27	same	none
1corintios	7	existing_continuity_status	same	V-XPI-2S	λέλυσαι	candidate	0	[]	none	1corintios-7-27-P03	1corintios-7-27-P02	336	S	2	finite_verb_morphology	explicit_or_morphological	not_detected	27	same	none
1corintios	7	existing_continuity_status	same	V-PAD-2S	ζήτει	candidate	0	[]	none	1corintios-7-27-P04	1corintios-7-27-P03	337	S	2	finite_verb_morphology	explicit_or_morphological	not_detected	27	same	none
1corintios	7	existing_continuity_status	same	V-AAS-2S	γαμήσῃς	unresolved	2	"[""independence_transition"", ""subordination_transition""]"	candidate	1corintios-7-28-P01	1corintios-7-27-P04	338	S	2	finite_verb_morphology	explicit_or_morphological	candidate	28	same	none
1corintios	7	existing_continuity_status	same	V-AAI-2S	ἥμαρτες	candidate	2	"[""independence_transition"", ""subordination_transition""]"	candidate	1corintios-7-28-P02	1corintios-7-28-P01	339	S	2	finite_verb_morphology	explicit_or_morphological	not_detected	28	same	none
1corintios	7	existing_continuity_status	shift	V-AAS-3S	γήμῃ	unresolved	4	"[""independence_transition"", ""person_change"", ""subject_shift"", ""subordination_transition""]"	strong	1corintios-7-28-P03	1corintios-7-28-P02	340	S	3	finite_verb_morphology	explicit_or_morphological	candidate	28	shift	none
1corintios	7	existing_continuity_status	same	V-AAI-3S	ἥμαρτεν	candidate	2	"[""independence_transition"", ""subordination_transition""]"	candidate	1corintios-7-28-P04	1corintios-7-28-P03	341	S	3	finite_compact_person_number	finite_morphology_fallback	not_detected	28	same	none
1corintios	7	existing_continuity_status	shift	V-FAI-3P	ἕξουσιν	candidate	2	"[""number_change"", ""subject_shift""]"	candidate	1corintios-7-28-P05	1corintios-7-28-P04	342	P	3	finite_verb_morphology	explicit_or_morphological	not_detected	28	shift	none
1corintios	7	existing_continuity_status	shift	V-PMI-1S	φείδομαι	candidate	3	"[""number_change"", ""person_change"", ""subject_shift""]"	strong	1corintios-7-28-P06	1corintios-7-28-P05	343	S	1	finite_verb_morphology	explicit_or_morphological	not_detected	28	shift	none
1corintios	7	existing_continuity_status	same	V-PAI-1S	φημι	candidate	0	[]	none	1corintios-7-29-P01	1corintios-7-28-P06	344	S	1	finite_verb_morphology	explicit_or_morphological	not_detected	29	same	none
1corintios	7	existing_continuity_status	shift	V-PAI-3S	ἐστίν	candidate	2	"[""person_change"", ""subject_shift""]"	candidate	1corintios-7-29-P02	1corintios-7-29-P01	345	S	3	finite_compact_person_number	finite_morphology_fallback	not_detected	29	shift	none
1corintios	7	existing_continuity_status	shift	V-PAS-3P	ὦσιν	unresolved	4	"[""independence_transition"", ""number_change"", ""subject_shift"", ""subordination_transition""]"	strong	1corintios-7-29-P03	1corintios-7-29-P02	346	P	3	finite_compact_person_number	finite_morphology_fallback	candidate	29	shift	none
1corintios	7	existing_continuity_status	shift	V-PAI-3S	παράγει	unresolved	2	"[""number_change"", ""subject_shift""]"	candidate	1corintios-7-31-P01	1corintios-7-29-P03	347	S	3	finite_verb_morphology	explicit_or_morphological	candidate	31	shift	none
1corintios	7	existing_continuity_status	shift	V-PAI-1S	θέλω	candidate	4	"[""independence_transition"", ""person_change"", ""subject_shift"", ""subordination_transition""]"	strong	1corintios-7-32-P01	1corintios-7-31-P01	348	S	1	finite_verb_morphology	explicit_or_morphological	not_detected	32	shift	none
1corintios	7	existing_continuity_status	shift	V-PAI-3S	μεριμνᾷ	candidate	2	"[""person_change"", ""subject_shift""]"	candidate	1corintios-7-32-P02	1corintios-7-32-P01	349	S	3	finite_compact_person_number	finite_morphology_fallback	not_detected	32	shift	none
1corintios	7	existing_continuity_status	same	V-AAS-3S	ἀρέσῃ	candidate	0	[]	none	1corintios-7-32-P03	1corintios-7-32-P02	350	S	3	finite_verb_morphology	explicit_or_morphological	not_detected	32	same	none
1corintios	7	existing_continuity_status	same	V-PAI-3S	μεριμνᾷ	candidate	0	[]	none	1corintios-7-33-P01	1corintios-7-32-P03	351	S	3	finite_verb_morphology	explicit_or_morphological	not_detected	33	same	none
1corintios	7	existing_continuity_status	same	V-AAS-3S	ἀρέσῃ	candidate	0	[]	none	1corintios-7-33-P02	1corintios-7-33-P01	352	S	3	finite_verb_morphology	explicit_or_morphological	not_detected	33	same	none
1corintios	7	existing_continuity_status	same	V-XPI-3S	μεμέρισται	candidate	0	[]	none	1corintios-7-34-P01	1corintios-7-33-P02	353	S	3	finite_verb_morphology	explicit_or_morphological	not_detected	34	same	none
1corintios	7	existing_continuity_status	same	V-PAI-3S	μεριμνᾷ	candidate	0	[]	none	1corintios-7-34-P02	1corintios-7-34-P01	354	S	3	finite_compact_person_number	finite_morphology_fallback	not_detected	34	same	none
1corintios	7	existing_continuity_status	same	V-PAS-3S	ᾖ	unresolved	2	"[""independence_transition"", ""subordination_transition""]"	candidate	1corintios-7-34-P03	1corintios-7-34-P02	355	S	3	finite_verb_morphology	explicit_or_morphological	candidate	34	same	none
1corintios	7	existing_continuity_status	same	V-PAI-3S	μεριμνᾷ	candidate	2	"[""independence_transition"", ""subordination_transition""]"	candidate	1corintios-7-34-P04	1corintios-7-34-P03	356	S	3	finite_verb_morphology	explicit_or_morphological	not_detected	34	same	none
1corintios	7	existing_continuity_status	same	V-AAS-3S	ἀρέσῃ	candidate	0	[]	none	1corintios-7-34-P05	1corintios-7-34-P04	357	S	3	finite_verb_morphology	explicit_or_morphological	not_detected	34	same	none
1corintios	7	existing_continuity_status	shift	V-PAI-1S	λέγω	candidate	2	"[""person_change"", ""subject_shift""]"	candidate	1corintios-7-35-P01	1corintios-7-34-P05	358	S	1	finite_verb_morphology	explicit_or_morphological	not_detected	35	shift	none
1corintios	7	existing_continuity_status	same	V-AAS-1S	ἐπιβάλω	unresolved	2	"[""independence_transition"", ""subordination_transition""]"	candidate	1corintios-7-35-P02	1corintios-7-35-P01	359	S	1	finite_verb_morphology	explicit_or_morphological	candidate	35	same	none
1corintios	7	existing_continuity_status	shift	V-PAI-3S	νομίζει	unresolved	2	"[""person_change"", ""subject_shift""]"	candidate	1corintios-7-36-P01	1corintios-7-35-P02	360	S	3	finite_compact_person_number	finite_morphology_fallback	candidate	36	shift	none
1corintios	7	existing_continuity_status	same	V-PAS-3S	ᾖ	unresolved	0	[]	none	1corintios-7-36-P02	1corintios-7-36-P01	361	S	3	finite_verb_morphology	explicit_or_morphological	candidate	36	same	none
1corintios	7	existing_continuity_status	same	V-PAI-3S	ὀφείλει	candidate	2	"[""independence_transition"", ""subordination_transition""]"	candidate	1corintios-7-36-P03	1corintios-7-36-P02	362	S	3	finite_verb_morphology	explicit_or_morphological	not_detected	36	same	none
1corintios	7	existing_continuity_status	same	V-PAI-3S	θέλει	candidate	0	[]	none	1corintios-7-36-P04	1corintios-7-36-P03	363	S	3	finite_verb_morphology	explicit_or_morphological	not_detected	36	same	none
1corintios	7	existing_continuity_status	same	V-PAD-3S	ποιείτω	candidate	0	[]	none	1corintios-7-36-P05	1corintios-7-36-P04	364	S	3	finite_verb_morphology	explicit_or_morphological	not_detected	36	same	none
1corintios	7	existing_continuity_status	same	V-PAI-3S	ἁμαρτάνει	candidate	0	[]	none	1corintios-7-36-P06	1corintios-7-36-P05	365	S	3	finite_verb_morphology	explicit_or_morphological	not_detected	36	same	none
1corintios	7	existing_continuity_status	shift	V-PAD-3P	γαμείτωσαν	candidate	2	"[""number_change"", ""subject_shift""]"	candidate	1corintios-7-36-P07	1corintios-7-36-P06	366	P	3	finite_verb_morphology	explicit_or_morphological	not_detected	36	shift	none
1corintios	7	existing_continuity_status	shift	V-XAI-3S	ἕστηκεν	candidate	2	"[""number_change"", ""subject_shift""]"	candidate	1corintios-7-37-P01	1corintios-7-36-P07	367	S	3	finite_verb_morphology	explicit_or_morphological	not_detected	37	shift	none
1corintios	7	existing_continuity_status	same	V-PAI-3S	ἔχει	candidate	0	[]	none	1corintios-7-37-P02	1corintios-7-37-P01	368	S	3	finite_verb_morphology	explicit_or_morphological	not_detected	37	same	none
1corintios	7	existing_continuity_status	same	V-XAI-3S	κέκρικεν	candidate	0	[]	none	1corintios-7-37-P03	1corintios-7-37-P02	369	S	3	finite_verb_morphology	explicit_or_morphological	not_detected	37	same	none
1corintios	7	existing_continuity_status	same	V-FAI-3S	ποιήσει	candidate	0	[]	none	1corintios-7-37-P04	1corintios-7-37-P03	370	S	3	finite_verb_morphology	explicit_or_morphological	not_detected	37	same	none
1corintios	7	existing_continuity_status	same	V-PAI-3S	ποιεῖ	unresolved	2	"[""independence_transition"", ""subordination_transition""]"	candidate	1corintios-7-38-P01	1corintios-7-37-P04	371	S	3	finite_compact_person_number	finite_morphology_fallback	candidate	38	same	none
1corintios	7	existing_continuity_status	same	V-FAI-3S	ποιήσει	candidate	2	"[""independence_transition"", ""subordination_transition""]"	candidate	1corintios-7-38-P02	1corintios-7-38-P01	372	S	3	finite_compact_person_number	finite_morphology_fallback	not_detected	38	same	none
1corintios	7	existing_continuity_status	same	V-XPI-3S	δέδεται	candidate	0	[]	none	1corintios-7-39-P01	1corintios-7-38-P02	373	S	3	finite_compact_person_number	finite_morphology_fallback	not_detected	39	same	none
1corintios	7	existing_continuity_status	same	V-PAI-3S	ζῇ	candidate	0	[]	none	1corintios-7-39-P02	1corintios-7-39-P01	374	S	3	finite_verb_morphology	explicit_or_morphological	not_detected	39	same	none
1corintios	7	existing_continuity_status	same	V-APS-3S	κοιμηθῇ	unresolved	2	"[""independence_transition"", ""subordination_transition""]"	candidate	1corintios-7-39-P03	1corintios-7-39-P02	375	S	3	finite_verb_morphology	explicit_or_morphological	candidate	39	same	none
1corintios	7	existing_continuity_status	same	V-PAI-3S	ἐστὶν	candidate	2	"[""independence_transition"", ""subordination_transition""]"	candidate	1corintios-7-39-P04	1corintios-7-39-P03	376	S	3	finite_compact_person_number	finite_morphology_fallback	not_detected	39	same	none
1corintios	7	existing_continuity_status	same	V-PAI-3S	θέλει	candidate	0	[]	none	1corintios-7-39-P05	1corintios-7-39-P04	377	S	3	finite_verb_morphology	explicit_or_morphological	not_detected	39	same	none
1corintios	7	existing_continuity_status	same	V-PAI-3S	ἐστιν	candidate	0	[]	none	1corintios-7-40-P01	1corintios-7-39-P05	378	S	3	finite_verb_morphology	explicit_or_morphological	not_detected	40	same	none
1corintios	7	existing_continuity_status	same	V-AAS-3S	μείνῃ	unresolved	2	"[""independence_transition"", ""subordination_transition""]"	candidate	1corintios-7-40-P02	1corintios-7-40-P01	379	S	3	finite_verb_morphology	explicit_or_morphological	candidate	40	same	none
1corintios	7	existing_continuity_status	shift	V-PAI-1S	δοκῶ	candidate	4	"[""independence_transition"", ""person_change"", ""subject_shift"", ""subordination_transition""]"	strong	1corintios-7-40-P03	1corintios-7-40-P02	380	S	1	finite_verb_morphology	explicit_or_morphological	not_detected	40	shift	none
1corintios	8	existing_continuity_status	shift	V-XAI-1P	οἴδαμεν	candidate	2	"[""number_change"", ""subject_shift""]"	candidate	1corintios-8-1-P01	1corintios-7-40-P03	381	P	1	finite_verb_morphology	explicit_or_morphological	not_detected	1	shift	none
1corintios	8	existing_continuity_status	same	V-PAI-1P	ἔχομεν	unresolved	2	"[""independence_transition"", ""subordination_transition""]"	candidate	1corintios-8-1-P02	1corintios-8-1-P01	382	P	1	finite_verb_morphology	explicit_or_morphological	candidate	1	same	none
1corintios	8	existing_continuity_status	shift	V-PAI-3S	φυσιοῖ	candidate	5	"[""independence_transition"", ""number_change"", ""person_change"", ""subject_shift"", ""subordination_transition""]"	strong	1corintios-8-1-P03	1corintios-8-1-P02	383	S	3	finite_compact_person_number	finite_morphology_fallback	not_detected	1	shift	none
1corintios	8	existing_continuity_status	same	V-PAI-3S	οἰκοδομεῖ	candidate	0	[]	none	1corintios-8-1-P04	1corintios-8-1-P03	384	S	3	finite_compact_person_number	finite_morphology_fallback	not_detected	1	same	none
1corintios	8	existing_continuity_status	same	V-PAI-3S	δοκεῖ	unresolved	2	"[""independence_transition"", ""subordination_transition""]"	candidate	1corintios-8-2-P01	1corintios-8-1-P04	385	S	3	finite_compact_person_number	finite_morphology_fallback	candidate	2	same	none
1corintios	8	existing_continuity_status	same	V-AAI-3S	ἔγνω	candidate	2	"[""independence_transition"", ""subordination_transition""]"	candidate	1corintios-8-2-P02	1corintios-8-2-P01	386	S	3	finite_verb_morphology	explicit_or_morphological	not_detected	2	same	none
1corintios	8	existing_continuity_status	same	V-PAI-3S	δεῖ	unresolved	2	"[""independence_transition"", ""subordination_transition""]"	candidate	1corintios-8-2-P03	1corintios-8-2-P02	387	S	3	finite_verb_morphology	explicit_or_morphological	candidate	2	same	none
1corintios	8	existing_continuity_status	same	V-PAI-3S	ἀγαπᾷ	unresolved	0	[]	none	1corintios-8-3-P01	1corintios-8-2-P03	388	S	3	finite_compact_person_number	finite_morphology_fallback	candidate	3	same	none
1corintios	8	existing_continuity_status	same	V-XPI-3S	ἔγνωσται	candidate	2	"[""independence_transition"", ""subordination_transition""]"	candidate	1corintios-8-3-P02	1corintios-8-3-P01	389	S	3	finite_compact_person_number	finite_morphology_fallback	not_detected	3	same	none
1corintios	8	existing_continuity_status	shift	V-XAI-1P	οἴδαμεν	candidate	3	"[""number_change"", ""person_change"", ""subject_shift""]"	strong	1corintios-8-4-P01	1corintios-8-3-P02	390	P	1	finite_verb_morphology	explicit_or_morphological	not_detected	4	shift	none
1corintios	8	existing_continuity_status	shift	V-PAI-3P	εἰσὶν	candidate	2	"[""person_change"", ""subject_shift""]"	candidate	1corintios-8-5-P01	1corintios-8-4-P01	391	P	3	finite_verb_morphology	explicit_or_morphological	not_detected	5	shift	none
1corintios	8	existing_continuity_status	same	V-PAI-3P	εἰσὶν	candidate	0	[]	none	1corintios-8-5-P02	1corintios-8-5-P01	392	P	3	finite_verb_morphology	explicit_or_morphological	not_detected	5	same	none
1corintios	8	existing_continuity_status	same	V-PAI-3P	ἐσθίουσιν	unresolved	2	"[""independence_transition"", ""subordination_transition""]"	candidate	1corintios-8-7-P01	1corintios-8-5-P02	393	P	3	finite_verb_morphology	explicit_or_morphological	candidate	7	same	none
1corintios	8	existing_continuity_status	shift	V-PPI-3S	μολύνεται	candidate	4	"[""independence_transition"", ""number_change"", ""subject_shift"", ""subordination_transition""]"	strong	1corintios-8-7-P02	1corintios-8-7-P01	394	S	3	finite_compact_person_number	finite_morphology_fallback	not_detected	7	shift	none
1corintios	8	existing_continuity_status	same	V-FAI-3S	παραστήσει	candidate	0	[]	none	1corintios-8-8-P01	1corintios-8-7-P02	395	S	3	finite_verb_morphology	explicit_or_morphological	not_detected	8	same	none
1corintios	8	existing_continuity_status	shift	V-AAS-1P	φάγωμεν	unresolved	5	"[""independence_transition"", ""number_change"", ""person_change"", ""subject_shift"", ""subordination_transition""]"	strong	1corintios-8-8-P02	1corintios-8-8-P01	396	P	1	finite_verb_morphology	explicit_or_morphological	candidate	8	shift	none
1corintios	8	existing_continuity_status	same	V-PAI-1P	περισσεύομεν	candidate	2	"[""independence_transition"", ""subordination_transition""]"	candidate	1corintios-8-8-P03	1corintios-8-8-P02	397	P	1	finite_verb_morphology	explicit_or_morphological	not_detected	8	same	none
1corintios	8	existing_continuity_status	same	V-AAS-1P	φάγωμεν	unresolved	2	"[""independence_transition"", ""subordination_transition""]"	candidate	1corintios-8-8-P04	1corintios-8-8-P03	398	P	1	finite_verb_morphology	explicit_or_morphological	candidate	8	same	none
1corintios	8	existing_continuity_status	same	V-PPI-1P	ὑστερούμεθα	candidate	2	"[""independence_transition"", ""subordination_transition""]"	candidate	1corintios-8-8-P05	1corintios-8-8-P04	399	P	1	finite_verb_morphology	explicit_or_morphological	not_detected	8	same	none
1corintios	8	existing_continuity_status	shift	V-PAD-2P	βλέπετε	candidate	2	"[""person_change"", ""subject_shift""]"	candidate	1corintios-8-9-P01	1corintios-8-8-P05	400	P	2	finite_verb_morphology	explicit_or_morphological	not_detected	9	shift	none
1corintios	8	existing_continuity_status	shift	V-AMS-3S	γένηται	candidate	3	"[""number_change"", ""person_change"", ""subject_shift""]"	strong	1corintios-8-9-P02	1corintios-8-9-P01	401	S	3	finite_compact_person_number	finite_morphology_fallback	not_detected	9	shift	none
1corintios	8	existing_continuity_status	same	V-AAS-3S	ἴδῃ	unresolved	2	"[""independence_transition"", ""subordination_transition""]"	candidate	1corintios-8-10-P01	1corintios-8-9-P02	402	S	3	finite_compact_person_number	finite_morphology_fallback	candidate	10	same	none
1corintios	8	existing_continuity_status	same	V-FPI-3S	οἰκοδομηθήσεται	candidate	2	"[""independence_transition"", ""subordination_transition""]"	candidate	1corintios-8-10-P02	1corintios-8-10-P01	403	S	3	finite_compact_person_number	finite_morphology_fallback	not_detected	10	same	none
1corintios	8	existing_continuity_status	same	V-PPI-3S	ἀπόλλυται	candidate	0	[]	none	1corintios-8-11-P01	1corintios-8-10-P02	404	S	3	finite_verb_morphology	explicit_or_morphological	not_detected	11	same	none
1corintios	8	existing_continuity_status	same	V-AAI-3S	ἀπέθανεν	candidate	0	[]	none	1corintios-8-11-P02	1corintios-8-11-P01	405	S	3	finite_compact_person_number	finite_morphology_fallback	not_detected	11	same	none
1corintios	8	existing_continuity_status	shift	V-PAI-2P	ἁμαρτάνετε	candidate	3	"[""number_change"", ""person_change"", ""subject_shift""]"	strong	1corintios-8-12-P01	1corintios-8-11-P02	406	P	2	finite_verb_morphology	explicit_or_morphological	not_detected	12	shift	none
1corintios	8	existing_continuity_status	shift	V-PAI-3S	σκανδαλίζει	unresolved	5	"[""independence_transition"", ""number_change"", ""person_change"", ""subject_shift"", ""subordination_transition""]"	strong	1corintios-8-13-P01	1corintios-8-12-P01	407	S	3	finite_compact_person_number	finite_morphology_fallback	candidate	13	shift	none
1corintios	8	existing_continuity_status	shift	V-AAS-1S	φάγω	candidate	4	"[""independence_transition"", ""person_change"", ""subject_shift"", ""subordination_transition""]"	strong	1corintios-8-13-P02	1corintios-8-13-P01	408	S	1	finite_verb_morphology	explicit_or_morphological	not_detected	13	shift	none
1corintios	8	existing_continuity_status	same	V-AAS-1S	σκανδαλίσω	unresolved	2	"[""independence_transition"", ""subordination_transition""]"	candidate	1corintios-8-13-P03	1corintios-8-13-P02	409	S	1	finite_verb_morphology	explicit_or_morphological	candidate	13	same	none
1corintios	9	existing_continuity_status	same	V-PAI-1S	εἰμὶ	candidate	2	"[""independence_transition"", ""subordination_transition""]"	candidate	1corintios-9-1-P01	1corintios-8-13-P03	410	S	1	finite_verb_morphology	explicit_or_morphological	not_detected	1	same	none
1corintios	9	existing_continuity_status	same	V-PAI-1S	εἰμὶ	candidate	0	[]	none	1corintios-9-1-P02	1corintios-9-1-P01	411	S	1	finite_verb_morphology	explicit_or_morphological	not_detected	1	same	none
1corintios	9	existing_continuity_status	same	V-XAI-1S	ἑόρακα	candidate	0	[]	none	1corintios-9-1-P03	1corintios-9-1-P02	412	S	1	finite_verb_morphology	explicit_or_morphological	not_detected	1	same	none
1corintios	9	existing_continuity_status	shift	V-PAI-2P	ἐστε	candidate	3	"[""number_change"", ""person_change"", ""subject_shift""]"	strong	1corintios-9-1-P04	1corintios-9-1-P03	413	P	2	finite_verb_morphology	explicit_or_morphological	not_detected	1	shift	none
1corintios	9	existing_continuity_status	shift	V-PAI-1S	εἰμὶ	unresolved	5	"[""independence_transition"", ""number_change"", ""person_change"", ""subject_shift"", ""subordination_transition""]"	strong	1corintios-9-2-P01	1corintios-9-1-P04	414	S	1	finite_verb_morphology	explicit_or_morphological	candidate	2	shift	none
1corintios	9	existing_continuity_status	same	V-PAI-1S	εἰμι	candidate	2	"[""independence_transition"", ""subordination_transition""]"	candidate	1corintios-9-2-P02	1corintios-9-2-P01	415	S	1	finite_verb_morphology	explicit_or_morphological	not_detected	2	same	none
1corintios	9	existing_continuity_status	shift	V-PAI-2P	ἐστε	candidate	3	"[""number_change"", ""person_change"", ""subject_shift""]"	strong	1corintios-9-2-P03	1corintios-9-2-P02	416	P	2	finite_verb_morphology	explicit_or_morphological	not_detected	2	shift	none
1corintios	9	existing_continuity_status	shift	V-PAI-3S	ἐστιν	candidate	3	"[""number_change"", ""person_change"", ""subject_shift""]"	strong	1corintios-9-3-P01	1corintios-9-2-P03	417	S	3	finite_compact_person_number	finite_morphology_fallback	not_detected	3	shift	none
1corintios	9	existing_continuity_status	shift	V-PAI-1P	ἔχομεν	candidate	3	"[""number_change"", ""person_change"", ""subject_shift""]"	strong	1corintios-9-4-P01	1corintios-9-3-P01	418	P	1	finite_verb_morphology	explicit_or_morphological	not_detected	4	shift	none
1corintios	9	existing_continuity_status	same	V-PAI-1P	ἔχομεν	candidate	0	[]	none	1corintios-9-5-P01	1corintios-9-4-P01	419	P	1	finite_verb_morphology	explicit_or_morphological	not_detected	5	same	none
1corintios	9	existing_continuity_status	same	V-PAI-1P	ἔχομεν	candidate	0	[]	none	1corintios-9-6-P01	1corintios-9-5-P01	420	P	1	finite_verb_morphology	explicit_or_morphological	not_detected	6	same	none
1corintios	9	existing_continuity_status	shift	V-PMI-3S	στρατεύεται	candidate	3	"[""number_change"", ""person_change"", ""subject_shift""]"	strong	1corintios-9-7-P01	1corintios-9-6-P01	421	S	3	finite_compact_person_number	finite_morphology_fallback	not_detected	7	shift	none
1corintios	9	existing_continuity_status	same	V-PAI-3S	φυτεύει	candidate	0	[]	none	1corintios-9-7-P02	1corintios-9-7-P01	422	S	3	finite_compact_person_number	finite_morphology_fallback	not_detected	7	same	none
1corintios	9	existing_continuity_status	same	V-PAI-3S	ἐσθίει	candidate	0	[]	none	1corintios-9-7-P03	1corintios-9-7-P02	423	S	3	finite_verb_morphology	explicit_or_morphological	not_detected	7	same	none
1corintios	9	existing_continuity_status	same	V-PAI-3S	ποιμαίνει	candidate	0	[]	none	1corintios-9-7-P04	1corintios-9-7-P03	424	S	3	finite_compact_person_number	finite_morphology_fallback	not_detected	7	same	none
1corintios	9	existing_continuity_status	same	V-PAI-3S	ἐσθίει	candidate	0	[]	none	1corintios-9-7-P05	1corintios-9-7-P04	425	S	3	finite_verb_morphology	explicit_or_morphological	not_detected	7	same	none
1corintios	9	existing_continuity_status	shift	V-PAI-1S	λαλῶ	candidate	2	"[""person_change"", ""subject_shift""]"	candidate	1corintios-9-8-P01	1corintios-9-7-P05	426	S	1	finite_verb_morphology	explicit_or_morphological	not_detected	8	shift	none
1corintios	9	existing_continuity_status	shift	V-PAI-3S	λέγει	candidate	2	"[""person_change"", ""subject_shift""]"	candidate	1corintios-9-8-P02	1corintios-9-8-P01	427	S	3	finite_compact_person_number	finite_morphology_fallback	not_detected	8	shift	none
1corintios	9	existing_continuity_status	same	V-XPI-3S	γέγραπται	candidate	0	[]	none	1corintios-9-9-P01	1corintios-9-8-P02	428	S	3	finite_verb_morphology	explicit_or_morphological	not_detected	9	same	none
1corintios	9	existing_continuity_status	shift	V-FAI-2S	κημώσεις	candidate	2	"[""person_change"", ""subject_shift""]"	candidate	1corintios-9-9-P02	1corintios-9-9-P01	429	S	2	finite_verb_morphology	explicit_or_morphological	not_detected	9	shift	none
1corintios	9	existing_continuity_status	shift	V-PAI-3S	μέλει	candidate	2	"[""person_change"", ""subject_shift""]"	candidate	1corintios-9-9-P03	1corintios-9-9-P02	430	S	3	finite_verb_morphology	explicit_or_morphological	not_detected	9	shift	none
1corintios	9	existing_continuity_status	same	V-PAI-3S	λέγει	candidate	0	[]	none	1corintios-9-10-P01	1corintios-9-9-P03	431	S	3	finite_verb_morphology	explicit_or_morphological	not_detected	10	same	none
1corintios	9	existing_continuity_status	same	V-API-3S	ἐγράφη	candidate	0	[]	none	1corintios-9-10-P02	1corintios-9-10-P01	432	S	3	finite_verb_morphology	explicit_or_morphological	not_detected	10	same	none
1corintios	9	existing_continuity_status	same	V-PAI-3S	ὀφείλει	unresolved	2	"[""independence_transition"", ""subordination_transition""]"	candidate	1corintios-9-10-P03	1corintios-9-10-P02	433	S	3	finite_verb_morphology	explicit_or_morphological	candidate	10	same	none
1corintios	9	existing_continuity_status	shift	V-AAI-1P	ἐσπείραμεν	unresolved	3	"[""number_change"", ""person_change"", ""subject_shift""]"	strong	1corintios-9-11-P01	1corintios-9-10-P03	434	P	1	finite_verb_morphology	explicit_or_morphological	candidate	11	shift	none
1corintios	9	existing_continuity_status	same	V-FAI-1P	θερίσομεν	unresolved	0	[]	none	1corintios-9-11-P02	1corintios-9-11-P01	435	P	1	finite_verb_morphology	explicit_or_morphological	candidate	11	same	none
1corintios	9	existing_continuity_status	shift	V-PAI-3P	μετέχουσιν	unresolved	2	"[""person_change"", ""subject_shift""]"	candidate	1corintios-9-12-P01	1corintios-9-11-P02	436	P	3	finite_compact_person_number	finite_morphology_fallback	candidate	12	shift	none
1corintios	9	existing_continuity_status	shift	V-AMI-1P	ἐχρησάμεθα	candidate	4	"[""independence_transition"", ""person_change"", ""subject_shift"", ""subordination_transition""]"	strong	1corintios-9-12-P02	1corintios-9-12-P01	437	P	1	finite_verb_morphology	explicit_or_morphological	not_detected	12	shift	none
1corintios	9	existing_continuity_status	same	V-PAI-1P	στέγομεν	candidate	0	[]	none	1corintios-9-12-P03	1corintios-9-12-P02	438	P	1	finite_verb_morphology	explicit_or_morphological	not_detected	12	same	none
1corintios	9	existing_continuity_status	same	V-AAS-1P	δῶμεν	unresolved	2	"[""independence_transition"", ""subordination_transition""]"	candidate	1corintios-9-12-P04	1corintios-9-12-P03	439	P	1	finite_verb_morphology	explicit_or_morphological	candidate	12	same	none
1corintios	9	existing_continuity_status	shift	V-XAI-2P	οἴδατε	candidate	4	"[""independence_transition"", ""person_change"", ""subject_shift"", ""subordination_transition""]"	strong	1corintios-9-13-P01	1corintios-9-12-P04	440	P	2	finite_verb_morphology	explicit_or_morphological	not_detected	13	shift	none
1corintios	9	existing_continuity_status	shift	V-PAI-3P	ἐσθίουσιν	unresolved	4	"[""independence_transition"", ""person_change"", ""subject_shift"", ""subordination_transition""]"	strong	1corintios-9-13-P02	1corintios-9-13-P01	441	P	3	finite_verb_morphology	explicit_or_morphological	candidate	13	shift	none
1corintios	9	existing_continuity_status	same	V-PMI-3P	συμμερίζονται	candidate	2	"[""independence_transition"", ""subordination_transition""]"	candidate	1corintios-9-13-P03	1corintios-9-13-P02	442	P	3	finite_compact_person_number	finite_morphology_fallback	not_detected	13	same	none
1corintios	9	existing_continuity_status	shift	V-AAI-3S	διέταξεν	candidate	2	"[""number_change"", ""subject_shift""]"	candidate	1corintios-9-14-P01	1corintios-9-13-P03	443	S	3	finite_compact_person_number	finite_morphology_fallback	not_detected	14	shift	none
1corintios	9	existing_continuity_status	shift	V-XMI-1S	κέχρημαι	candidate	2	"[""person_change"", ""subject_shift""]"	candidate	1corintios-9-15-P01	1corintios-9-14-P01	444	S	1	finite_verb_morphology	explicit_or_morphological	not_detected	15	shift	none
1corintios	9	existing_continuity_status	same	V-AAI-1S	ἔγραψα	candidate	0	[]	none	1corintios-9-15-P02	1corintios-9-15-P01	445	S	1	finite_verb_morphology	explicit_or_morphological	not_detected	15	same	none
1corintios	9	existing_continuity_status	shift	V-AMS-3S	γένηται	unresolved	4	"[""independence_transition"", ""person_change"", ""subject_shift"", ""subordination_transition""]"	strong	1corintios-9-15-P03	1corintios-9-15-P02	446	S	3	finite_verb_morphology	explicit_or_morphological	candidate	15	shift	none
1corintios	9	existing_continuity_status	same	V-FAI-3S	κενώσει	candidate	2	"[""independence_transition"", ""subordination_transition""]"	candidate	1corintios-9-15-P04	1corintios-9-15-P03	447	S	3	finite_compact_person_number	finite_morphology_fallback	not_detected	15	same	none
1corintios	9	existing_continuity_status	shift	V-PMS-1S	εὐαγγελίζωμαι	unresolved	4	"[""independence_transition"", ""person_change"", ""subject_shift"", ""subordination_transition""]"	strong	1corintios-9-16-P01	1corintios-9-15-P04	448	S	1	finite_verb_morphology	explicit_or_morphological	candidate	16	shift	none
1corintios	9	existing_continuity_status	shift	V-PAI-3S	ἔστιν	candidate	4	"[""independence_transition"", ""person_change"", ""subject_shift"", ""subordination_transition""]"	strong	1corintios-9-16-P02	1corintios-9-16-P01	449	S	3	finite_verb_morphology	explicit_or_morphological	not_detected	16	shift	none
1corintios	9	existing_continuity_status	same	V-PMI-3S	ἐπίκειται	candidate	0	[]	none	1corintios-9-16-P03	1corintios-9-16-P02	450	S	3	finite_verb_morphology	explicit_or_morphological	not_detected	16	same	none
1corintios	9	existing_continuity_status	same	V-PAI-3S	ἐστιν	candidate	0	[]	none	1corintios-9-16-P04	1corintios-9-16-P03	451	S	3	finite_verb_morphology	explicit_or_morphological	not_detected	16	same	none
1corintios	9	existing_continuity_status	shift	V-AMS-1S	εὐαγγελίσωμαι	unresolved	4	"[""independence_transition"", ""person_change"", ""subject_shift"", ""subordination_transition""]"	strong	1corintios-9-16-P05	1corintios-9-16-P04	452	S	1	finite_verb_morphology	explicit_or_morphological	candidate	16	shift	none
1corintios	9	existing_continuity_status	same	V-PAI-1S	πράσσω	unresolved	0	[]	none	1corintios-9-17-P01	1corintios-9-16-P05	453	S	1	finite_verb_morphology	explicit_or_morphological	candidate	17	same	none
1corintios	9	existing_continuity_status	same	V-PAI-1S	ἔχω	candidate	2	"[""independence_transition"", ""subordination_transition""]"	candidate	1corintios-9-17-P02	1corintios-9-17-P01	454	S	1	finite_verb_morphology	explicit_or_morphological	not_detected	17	same	none
1corintios	9	existing_continuity_status	same	V-XPI-1S	πεπίστευμαι	unresolved	2	"[""independence_transition"", ""subordination_transition""]"	candidate	1corintios-9-17-P03	1corintios-9-17-P02	455	S	1	finite_verb_morphology	explicit_or_morphological	candidate	17	same	none
1corintios	9	existing_continuity_status	shift	V-PAI-3S	ἐστιν	candidate	4	"[""independence_transition"", ""person_change"", ""subject_shift"", ""subordination_transition""]"	strong	1corintios-9-18-P01	1corintios-9-17-P03	456	S	3	finite_verb_morphology	explicit_or_morphological	not_detected	18	shift	none
1corintios	9	existing_continuity_status	shift	V-AAS-1S	θήσω	unresolved	4	"[""independence_transition"", ""person_change"", ""subject_shift"", ""subordination_transition""]"	strong	1corintios-9-18-P02	1corintios-9-18-P01	457	S	1	finite_verb_morphology	explicit_or_morphological	candidate	18	shift	none
1corintios	9	existing_continuity_status	same	V-AAI-1S	ἐδούλωσα	candidate	2	"[""independence_transition"", ""subordination_transition""]"	candidate	1corintios-9-19-P01	1corintios-9-18-P02	458	S	1	finite_verb_morphology	explicit_or_morphological	not_detected	19	same	none
1corintios	9	existing_continuity_status	same	V-AAS-1S	κερδήσω	unresolved	2	"[""independence_transition"", ""subordination_transition""]"	candidate	1corintios-9-19-P02	1corintios-9-19-P01	459	S	1	finite_verb_morphology	explicit_or_morphological	candidate	19	same	none
1corintios	9	existing_continuity_status	same	V-AMI-1S	ἐγενόμην	candidate	2	"[""independence_transition"", ""subordination_transition""]"	candidate	1corintios-9-20-P01	1corintios-9-19-P02	460	S	1	finite_verb_morphology	explicit_or_morphological	not_detected	20	same	none
1corintios	9	existing_continuity_status	same	V-AAS-1S	κερδήσω	unresolved	2	"[""independence_transition"", ""subordination_transition""]"	candidate	1corintios-9-20-P02	1corintios-9-20-P01	461	S	1	finite_verb_morphology	explicit_or_morphological	candidate	20	same	none
1corintios	9	existing_continuity_status	same	V-AAS-1S	κερδήσω	unresolved	0	[]	none	1corintios-9-20-P03	1corintios-9-20-P02	462	S	1	finite_verb_morphology	explicit_or_morphological	candidate	20	same	none
1corintios	9	existing_continuity_status	same	V-AAS-1S	κερδάνω	unresolved	0	[]	none	1corintios-9-21-P01	1corintios-9-20-P03	463	S	1	finite_verb_morphology	explicit_or_morphological	candidate	21	same	none
1corintios	9	existing_continuity_status	same	V-AMI-1S	ἐγενόμην	candidate	2	"[""independence_transition"", ""subordination_transition""]"	candidate	1corintios-9-22-P01	1corintios-9-21-P01	464	S	1	finite_verb_morphology	explicit_or_morphological	not_detected	22	same	none
1corintios	9	existing_continuity_status	same	V-AAS-1S	κερδήσω	unresolved	2	"[""independence_transition"", ""subordination_transition""]"	candidate	1corintios-9-22-P02	1corintios-9-22-P01	465	S	1	finite_verb_morphology	explicit_or_morphological	candidate	22	same	none
1corintios	9	existing_continuity_status	same	V-XAI-1S	γέγονα	candidate	2	"[""independence_transition"", ""subordination_transition""]"	candidate	1corintios-9-22-P03	1corintios-9-22-P02	466	S	1	finite_verb_morphology	explicit_or_morphological	not_detected	22	same	none
1corintios	9	existing_continuity_status	same	V-AAS-1S	σώσω	unresolved	2	"[""independence_transition"", ""subordination_transition""]"	candidate	1corintios-9-22-P04	1corintios-9-22-P03	467	S	1	finite_verb_morphology	explicit_or_morphological	candidate	22	same	none
1corintios	9	existing_continuity_status	same	V-PAI-1S	ποιῶ	candidate	2	"[""independence_transition"", ""subordination_transition""]"	candidate	1corintios-9-23-P01	1corintios-9-22-P04	468	S	1	finite_verb_morphology	explicit_or_morphological	not_detected	23	same	none
1corintios	9	existing_continuity_status	same	V-AMS-1S	γένωμαι	unresolved	2	"[""independence_transition"", ""subordination_transition""]"	candidate	1corintios-9-23-P02	1corintios-9-23-P01	469	S	1	finite_verb_morphology	explicit_or_morphological	candidate	23	same	none
1corintios	9	existing_continuity_status	shift	V-XAI-2P	οἴδατε	candidate	5	"[""independence_transition"", ""number_change"", ""person_change"", ""subject_shift"", ""subordination_transition""]"	strong	1corintios-9-24-P01	1corintios-9-23-P02	470	P	2	finite_verb_morphology	explicit_or_morphological	not_detected	24	shift	none
1corintios	9	existing_continuity_status	shift	V-PAI-3P	τρέχουσιν	unresolved	4	"[""independence_transition"", ""person_change"", ""subject_shift"", ""subordination_transition""]"	strong	1corintios-9-24-P02	1corintios-9-24-P01	471	P	3	finite_verb_morphology	explicit_or_morphological	candidate	24	shift	none
1corintios	9	existing_continuity_status	shift	V-PAI-3S	λαμβάνει	candidate	4	"[""independence_transition"", ""number_change"", ""subject_shift"", ""subordination_transition""]"	strong	1corintios-9-24-P03	1corintios-9-24-P02	472	S	3	finite_verb_morphology	explicit_or_morphological	not_detected	24	shift	none
1corintios	9	existing_continuity_status	shift	V-PAD-2P	τρέχετε	candidate	3	"[""number_change"", ""person_change"", ""subject_shift""]"	strong	1corintios-9-24-P04	1corintios-9-24-P03	473	P	2	finite_verb_morphology	explicit_or_morphological	not_detected	24	shift	none
1corintios	9	existing_continuity_status	same	V-AAS-2P	καταλάβητε	unresolved	2	"[""independence_transition"", ""subordination_transition""]"	candidate	1corintios-9-24-P05	1corintios-9-24-P04	474	P	2	finite_verb_morphology	explicit_or_morphological	candidate	24	same	none
1corintios	9	existing_continuity_status	shift	V-PMI-3S	ἐγκρατεύεται	candidate	5	"[""independence_transition"", ""number_change"", ""person_change"", ""subject_shift"", ""subordination_transition""]"	strong	1corintios-9-25-P01	1corintios-9-24-P05	475	S	3	finite_compact_person_number	finite_morphology_fallback	not_detected	25	shift	none
1corintios	9	existing_continuity_status	shift	V-AAS-3P	λάβωσιν	unresolved	4	"[""independence_transition"", ""number_change"", ""subject_shift"", ""subordination_transition""]"	strong	1corintios-9-25-P02	1corintios-9-25-P01	476	P	3	finite_verb_morphology	explicit_or_morphological	candidate	25	shift	none
1corintios	9	existing_continuity_status	shift	V-PAI-1S	τρέχω	candidate	5	"[""independence_transition"", ""number_change"", ""person_change"", ""subject_shift"", ""subordination_transition""]"	strong	1corintios-9-26-P01	1corintios-9-25-P02	477	S	1	finite_verb_morphology	explicit_or_morphological	not_detected	26	shift	none
1corintios	9	existing_continuity_status	same	V-PAI-1S	πυκτεύω	unresolved	2	"[""independence_transition"", ""subordination_transition""]"	candidate	1corintios-9-26-P02	1corintios-9-26-P01	478	S	1	finite_verb_morphology	explicit_or_morphological	candidate	26	same	none
1corintios	9	existing_continuity_status	same	V-PAI-1S	ὑπωπιάζω	candidate	2	"[""independence_transition"", ""subordination_transition""]"	candidate	1corintios-9-27-P01	1corintios-9-26-P02	479	S	1	finite_verb_morphology	explicit_or_morphological	not_detected	27	same	none
1corintios	9	existing_continuity_status	same	V-PAI-1S	δουλαγωγῶ	candidate	0	[]	none	1corintios-9-27-P02	1corintios-9-27-P01	480	S	1	finite_verb_morphology	explicit_or_morphological	not_detected	27	same	none
1corintios	9	existing_continuity_status	same	V-AMS-1S	γένωμαι	candidate	0	[]	none	1corintios-9-27-P03	1corintios-9-27-P02	481	S	1	finite_verb_morphology	explicit_or_morphological	not_detected	27	same	none
1corintios	10	existing_continuity_status	same	V-PAI-1S	θέλω	candidate	0	[]	none	1corintios-10-1-P01	1corintios-9-27-P03	482	S	1	finite_verb_morphology	explicit_or_morphological	not_detected	1	same	none
1corintios	10	existing_continuity_status	shift	V-IAI-3P	ἦσαν	unresolved	5	"[""independence_transition"", ""number_change"", ""person_change"", ""subject_shift"", ""subordination_transition""]"	strong	1corintios-10-1-P02	1corintios-10-1-P01	483	P	3	finite_compact_person_number	finite_morphology_fallback	candidate	1	shift	none
1corintios	10	existing_continuity_status	same	V-AAI-3P	διῆλθον	candidate	2	"[""independence_transition"", ""subordination_transition""]"	candidate	1corintios-10-1-P03	1corintios-10-1-P02	484	P	3	finite_compact_person_number	finite_morphology_fallback	not_detected	1	same	none
1corintios	10	existing_continuity_status	same	V-AMI-3P	ἐβαπτίσαντο	candidate	0	[]	none	1corintios-10-2-P01	1corintios-10-1-P03	485	P	3	finite_compact_person_number	finite_morphology_fallback	not_detected	2	same	none
1corintios	10	existing_continuity_status	same	V-AAI-3P	ἔφαγον	candidate	0	[]	none	1corintios-10-3-P01	1corintios-10-2-P01	486	P	3	finite_compact_person_number	finite_morphology_fallback	not_detected	3	same	none
1corintios	10	existing_continuity_status	same	V-AAI-3P	ἔπιον	candidate	0	[]	none	1corintios-10-4-P01	1corintios-10-3-P01	487	P	3	finite_compact_person_number	finite_morphology_fallback	not_detected	4	same	none
1corintios	10	existing_continuity_status	same	V-IAI-3P	ἔπινον	candidate	0	[]	none	1corintios-10-4-P02	1corintios-10-4-P01	488	P	3	finite_verb_morphology	explicit_or_morphological	not_detected	4	same	none
1corintios	10	existing_continuity_status	shift	V-IAI-3S	ἦν	candidate	2	"[""number_change"", ""subject_shift""]"	candidate	1corintios-10-4-P03	1corintios-10-4-P02	489	S	3	finite_verb_morphology	explicit_or_morphological	not_detected	4	shift	none
1corintios	10	existing_continuity_status	same	V-AAI-3S	ηὐδόκησεν	candidate	0	[]	none	1corintios-10-5-P01	1corintios-10-4-P03	490	S	3	finite_verb_morphology	explicit_or_morphological	not_detected	5	same	none
1corintios	10	existing_continuity_status	shift	V-API-3P	κατεστρώθησαν	candidate	2	"[""number_change"", ""subject_shift""]"	candidate	1corintios-10-5-P02	1corintios-10-5-P01	491	P	3	finite_verb_morphology	explicit_or_morphological	not_detected	5	shift	none
1corintios	10	existing_continuity_status	same	V-API-3P	ἐγενήθησαν	candidate	0	[]	none	1corintios-10-6-P01	1corintios-10-5-P02	492	P	3	finite_compact_person_number	finite_morphology_fallback	not_detected	6	same	none
1corintios	10	existing_continuity_status	same	V-AAI-3P	ἐπεθύμησαν	unresolved	2	"[""independence_transition"", ""subordination_transition""]"	candidate	1corintios-10-6-P02	1corintios-10-6-P01	493	P	3	finite_compact_person_number	finite_morphology_fallback	candidate	6	same	none
1corintios	10	existing_continuity_status	shift	V-PMD-2P	γίνεσθε	candidate	4	"[""independence_transition"", ""person_change"", ""subject_shift"", ""subordination_transition""]"	strong	1corintios-10-7-P01	1corintios-10-6-P02	494	P	2	finite_verb_morphology	explicit_or_morphological	not_detected	7	shift	none
1corintios	10	existing_continuity_status	shift	V-XPI-3S	γέγραπται	unresolved	5	"[""independence_transition"", ""number_change"", ""person_change"", ""subject_shift"", ""subordination_transition""]"	strong	1corintios-10-7-P02	1corintios-10-7-P01	495	S	3	finite_verb_morphology	explicit_or_morphological	candidate	7	shift	none
1corintios	10	existing_continuity_status	same	V-AAI-3S	ἐκάθισεν	candidate	2	"[""independence_transition"", ""subordination_transition""]"	candidate	1corintios-10-7-P03	1corintios-10-7-P02	496	S	3	finite_verb_morphology	explicit_or_morphological	not_detected	7	same	none
1corintios	10	existing_continuity_status	shift	V-AAI-3P	ἀνέστησαν	candidate	2	"[""number_change"", ""subject_shift""]"	candidate	1corintios-10-7-P04	1corintios-10-7-P03	497	P	3	finite_verb_morphology	explicit_or_morphological	not_detected	7	shift	none
1corintios	10	existing_continuity_status	shift	V-PAS-1P	πορνεύωμεν	candidate	2	"[""person_change"", ""subject_shift""]"	candidate	1corintios-10-8-P01	1corintios-10-7-P04	498	P	1	finite_verb_morphology	explicit_or_morphological	not_detected	8	shift	none
1corintios	10	existing_continuity_status	shift	V-AAI-3P	ἐπόρνευσαν	unresolved	4	"[""independence_transition"", ""person_change"", ""subject_shift"", ""subordination_transition""]"	strong	1corintios-10-8-P02	1corintios-10-8-P01	499	P	3	finite_compact_person_number	finite_morphology_fallback	candidate	8	shift	none
1corintios	10	existing_continuity_status	same	V-AAI-3P	ἔπεσαν	candidate	2	"[""independence_transition"", ""subordination_transition""]"	candidate	1corintios-10-8-P03	1corintios-10-8-P02	500	P	3	finite_verb_morphology	explicit_or_morphological	not_detected	8	same	none
1corintios	10	existing_continuity_status	shift	V-PAS-1P	ἐκπειράζωμεν	candidate	2	"[""person_change"", ""subject_shift""]"	candidate	1corintios-10-9-P01	1corintios-10-8-P03	501	P	1	finite_verb_morphology	explicit_or_morphological	not_detected	9	shift	none
1corintios	10	existing_continuity_status	shift	V-AAI-3P	ἐπείρασαν	unresolved	4	"[""independence_transition"", ""person_change"", ""subject_shift"", ""subordination_transition""]"	strong	1corintios-10-9-P02	1corintios-10-9-P01	502	P	3	finite_compact_person_number	finite_morphology_fallback	candidate	9	shift	none
1corintios	10	existing_continuity_status	same	V-IPI-3P	ἀπώλλυντο	candidate	2	"[""independence_transition"", ""subordination_transition""]"	candidate	1corintios-10-9-P03	1corintios-10-9-P02	503	P	3	finite_verb_morphology	explicit_or_morphological	not_detected	9	same	none
1corintios	10	existing_continuity_status	shift	V-PAD-2P	γογγύζετε	candidate	2	"[""person_change"", ""subject_shift""]"	candidate	1corintios-10-10-P01	1corintios-10-9-P03	504	P	2	finite_verb_morphology	explicit_or_morphological	not_detected	10	shift	none
1corintios	10	existing_continuity_status	shift	V-AAI-3P	ἐγόγγυσαν	candidate	2	"[""person_change"", ""subject_shift""]"	candidate	1corintios-10-10-P02	1corintios-10-10-P01	505	P	3	finite_compact_person_number	finite_morphology_fallback	not_detected	10	shift	none
1corintios	10	existing_continuity_status	same	V-AMI-3P	ἀπώλοντο	candidate	0	[]	none	1corintios-10-10-P03	1corintios-10-10-P02	506	P	3	finite_verb_morphology	explicit_or_morphological	not_detected	10	same	none
1corintios	10	existing_continuity_status	shift	V-IAI-3S	συνέβαινεν	candidate	2	"[""number_change"", ""subject_shift""]"	candidate	1corintios-10-11-P01	1corintios-10-10-P03	507	S	3	finite_verb_morphology	explicit_or_morphological	not_detected	11	shift	none
1corintios	10	existing_continuity_status	same	V-API-3S	ἐγράφη	candidate	0	[]	none	1corintios-10-11-P02	1corintios-10-11-P01	508	S	3	finite_verb_morphology	explicit_or_morphological	not_detected	11	same	none
1corintios	10	existing_continuity_status	same	V-XAI-3S	κατήντηκεν	candidate	0	[]	none	1corintios-10-11-P03	1corintios-10-11-P02	509	S	3	finite_compact_person_number	finite_morphology_fallback	not_detected	11	same	none
1corintios	10	existing_continuity_status	same	V-PAD-3S	βλεπέτω	unresolved	2	"[""independence_transition"", ""subordination_transition""]"	candidate	1corintios-10-12-P01	1corintios-10-11-P03	510	S	3	finite_compact_person_number	finite_morphology_fallback	candidate	12	same	none
1corintios	10	existing_continuity_status	same	V-AAS-3S	πέσῃ	candidate	2	"[""independence_transition"", ""subordination_transition""]"	candidate	1corintios-10-12-P02	1corintios-10-12-P01	511	S	3	finite_verb_morphology	explicit_or_morphological	not_detected	12	same	none
1corintios	10	existing_continuity_status	same	V-XAI-3S	εἴληφεν	candidate	0	[]	none	1corintios-10-13-P01	1corintios-10-12-P02	512	S	3	finite_compact_person_number	finite_morphology_fallback	not_detected	13	same	none
1corintios	10	existing_continuity_status	same	V-FAI-3S	ἐάσει	unresolved	2	"[""independence_transition"", ""subordination_transition""]"	candidate	1corintios-10-13-P02	1corintios-10-13-P01	513	S	3	finite_compact_person_number	finite_morphology_fallback	candidate	13	same	none
1corintios	10	existing_continuity_status	shift	V-PMI-2P	δύνασθε	candidate	5	"[""independence_transition"", ""number_change"", ""person_change"", ""subject_shift"", ""subordination_transition""]"	strong	1corintios-10-13-P03	1corintios-10-13-P02	514	P	2	finite_verb_morphology	explicit_or_morphological	not_detected	13	shift	none
1corintios	10	existing_continuity_status	shift	V-FAI-3S	ποιήσει	candidate	3	"[""number_change"", ""person_change"", ""subject_shift""]"	strong	1corintios-10-13-P04	1corintios-10-13-P03	515	S	3	finite_verb_morphology	explicit_or_morphological	not_detected	13	shift	none
1corintios	10	existing_continuity_status	shift	V-PAD-2P	φεύγετε	candidate	3	"[""number_change"", ""person_change"", ""subject_shift""]"	strong	1corintios-10-14-P01	1corintios-10-13-P04	516	P	2	finite_verb_morphology	explicit_or_morphological	not_detected	14	shift	none
1corintios	10	existing_continuity_status	shift	V-PAI-1S	λέγω	unresolved	5	"[""independence_transition"", ""number_change"", ""person_change"", ""subject_shift"", ""subordination_transition""]"	strong	1corintios-10-15-P01	1corintios-10-14-P01	517	S	1	finite_verb_morphology	explicit_or_morphological	candidate	15	shift	none
1corintios	10	existing_continuity_status	shift	V-AAD-2P	κρίνατε	candidate	5	"[""independence_transition"", ""number_change"", ""person_change"", ""subject_shift"", ""subordination_transition""]"	strong	1corintios-10-15-P02	1corintios-10-15-P01	518	P	2	finite_verb_morphology	explicit_or_morphological	not_detected	15	shift	none
1corintios	10	existing_continuity_status	shift	V-PAI-1S	φημι	candidate	3	"[""number_change"", ""person_change"", ""subject_shift""]"	strong	1corintios-10-15-P03	1corintios-10-15-P02	519	S	1	finite_verb_morphology	explicit_or_morphological	not_detected	15	shift	none
1corintios	10	existing_continuity_status	shift	V-PAI-1P	εὐλογοῦμεν	candidate	2	"[""number_change"", ""subject_shift""]"	candidate	1corintios-10-16-P01	1corintios-10-15-P03	520	P	1	finite_verb_morphology	explicit_or_morphological	not_detected	16	shift	none
1corintios	10	existing_continuity_status	shift	V-PAI-3S	ἐστὶν	candidate	3	"[""number_change"", ""person_change"", ""subject_shift""]"	strong	1corintios-10-16-P02	1corintios-10-16-P01	521	S	3	finite_compact_person_number	finite_morphology_fallback	not_detected	16	shift	none
1corintios	10	existing_continuity_status	shift	V-PAI-1P	κλῶμεν	candidate	3	"[""number_change"", ""person_change"", ""subject_shift""]"	strong	1corintios-10-16-P03	1corintios-10-16-P02	522	P	1	finite_verb_morphology	explicit_or_morphological	not_detected	16	shift	none
1corintios	10	existing_continuity_status	shift	V-PAI-3S	ἐστιν	candidate	3	"[""number_change"", ""person_change"", ""subject_shift""]"	strong	1corintios-10-16-P04	1corintios-10-16-P03	523	S	3	finite_compact_person_number	finite_morphology_fallback	not_detected	16	shift	none
1corintios	10	existing_continuity_status	shift	V-PAI-1P	ἐσμεν	unresolved	5	"[""independence_transition"", ""number_change"", ""person_change"", ""subject_shift"", ""subordination_transition""]"	strong	1corintios-10-17-P01	1corintios-10-16-P04	524	P	1	finite_verb_morphology	explicit_or_morphological	candidate	17	shift	none
1corintios	10	existing_continuity_status	same	V-PAI-1P	μετέχομεν	candidate	2	"[""independence_transition"", ""subordination_transition""]"	candidate	1corintios-10-17-P02	1corintios-10-17-P01	525	P	1	finite_verb_morphology	explicit_or_morphological	not_detected	17	same	none
1corintios	10	existing_continuity_status	shift	V-PAD-2P	βλέπετε	candidate	2	"[""person_change"", ""subject_shift""]"	candidate	1corintios-10-18-P01	1corintios-10-17-P02	526	P	2	finite_verb_morphology	explicit_or_morphological	not_detected	18	shift	none
1corintios	10	existing_continuity_status	shift	V-PAI-3P	εἰσίν	candidate	2	"[""person_change"", ""subject_shift""]"	candidate	1corintios-10-18-P02	1corintios-10-18-P01	527	P	3	finite_compact_person_number	finite_morphology_fallback	not_detected	18	shift	none
1corintios	10	existing_continuity_status	shift	V-PAI-1S	φημι	candidate	3	"[""number_change"", ""person_change"", ""subject_shift""]"	strong	1corintios-10-19-P01	1corintios-10-18-P02	528	S	1	finite_verb_morphology	explicit_or_morphological	not_detected	19	shift	none
1corintios	10	existing_continuity_status	shift	V-PAI-3S	ἐστιν	unresolved	4	"[""independence_transition"", ""person_change"", ""subject_shift"", ""subordination_transition""]"	strong	1corintios-10-19-P02	1corintios-10-19-P01	529	S	3	finite_compact_person_number	finite_morphology_fallback	candidate	19	shift	none
1corintios	10	existing_continuity_status	same	V-PAI-3S	ἐστιν	unresolved	0	[]	none	1corintios-10-19-P03	1corintios-10-19-P02	530	S	3	finite_compact_person_number	finite_morphology_fallback	candidate	19	same	none
1corintios	10	existing_continuity_status	shift	V-PAI-3P	θύουσιν	unresolved	2	"[""number_change"", ""subject_shift""]"	candidate	1corintios-10-20-P01	1corintios-10-19-P03	531	P	3	finite_verb_morphology	explicit_or_morphological	candidate	20	shift	none
1corintios	10	existing_continuity_status	same	V-PAI-3P	θύουσιν	candidate	2	"[""independence_transition"", ""subordination_transition""]"	candidate	1corintios-10-20-P02	1corintios-10-20-P01	532	P	3	finite_verb_morphology	explicit_or_morphological	not_detected	20	same	none
1corintios	10	existing_continuity_status	shift	V-PAI-1S	θέλω	candidate	3	"[""number_change"", ""person_change"", ""subject_shift""]"	strong	1corintios-10-20-P03	1corintios-10-20-P02	533	S	1	finite_verb_morphology	explicit_or_morphological	not_detected	20	shift	none
1corintios	10	existing_continuity_status	shift	V-PMI-2P	δύνασθε	candidate	3	"[""number_change"", ""person_change"", ""subject_shift""]"	strong	1corintios-10-21-P01	1corintios-10-20-P03	534	P	2	finite_verb_morphology	explicit_or_morphological	not_detected	21	shift	none
1corintios	10	existing_continuity_status	same	V-PMI-2P	δύνασθε	candidate	0	[]	none	1corintios-10-21-P02	1corintios-10-21-P01	535	P	2	finite_verb_morphology	explicit_or_morphological	not_detected	21	same	none
1corintios	10	existing_continuity_status	shift	V-PAI-1P	παραζηλοῦμεν	candidate	2	"[""person_change"", ""subject_shift""]"	candidate	1corintios-10-22-P01	1corintios-10-21-P02	536	P	1	finite_verb_morphology	explicit_or_morphological	not_detected	22	shift	none
1corintios	10	existing_continuity_status	same	V-PAI-1P	ἐσμεν	candidate	0	[]	none	1corintios-10-22-P02	1corintios-10-22-P01	537	P	1	finite_verb_morphology	explicit_or_morphological	not_detected	22	same	none
1corintios	10	existing_continuity_status	shift	V-PAI-3S	ἔξεστιν	candidate	3	"[""number_change"", ""person_change"", ""subject_shift""]"	strong	1corintios-10-23-P01	1corintios-10-22-P02	538	S	3	finite_compact_person_number	finite_morphology_fallback	not_detected	23	shift	none
1corintios	10	existing_continuity_status	same	V-PAI-3S	συμφέρει	candidate	0	[]	none	1corintios-10-23-P02	1corintios-10-23-P01	539	S	3	finite_compact_person_number	finite_morphology_fallback	not_detected	23	same	none
1corintios	10	existing_continuity_status	same	V-PAI-3S	ἔξεστιν	candidate	0	[]	none	1corintios-10-23-P03	1corintios-10-23-P02	540	S	3	finite_compact_person_number	finite_morphology_fallback	not_detected	23	same	none
1corintios	10	existing_continuity_status	same	V-PAI-3S	οἰκοδομεῖ	candidate	0	[]	none	1corintios-10-23-P04	1corintios-10-23-P03	541	S	3	finite_compact_person_number	finite_morphology_fallback	not_detected	23	same	none
1corintios	10	existing_continuity_status	same	V-PAD-3S	ζητείτω	candidate	0	[]	none	1corintios-10-24-P01	1corintios-10-23-P04	542	S	3	finite_compact_person_number	finite_morphology_fallback	not_detected	24	same	none
1corintios	10	existing_continuity_status	shift	V-PAD-2P	ἐσθίετε	candidate	3	"[""number_change"", ""person_change"", ""subject_shift""]"	strong	1corintios-10-25-P01	1corintios-10-24-P01	543	P	2	finite_verb_morphology	explicit_or_morphological	not_detected	25	shift	none
1corintios	10	existing_continuity_status	shift	V-PAI-3S	καλεῖ	unresolved	5	"[""independence_transition"", ""number_change"", ""person_change"", ""subject_shift"", ""subordination_transition""]"	strong	1corintios-10-27-P01	1corintios-10-25-P01	544	S	3	finite_compact_person_number	finite_morphology_fallback	candidate	27	shift	none
1corintios	10	existing_continuity_status	shift	V-PAI-2P	θέλετε	candidate	5	"[""independence_transition"", ""number_change"", ""person_change"", ""subject_shift"", ""subordination_transition""]"	strong	1corintios-10-27-P02	1corintios-10-27-P01	545	P	2	finite_verb_morphology	explicit_or_morphological	not_detected	27	shift	none
1corintios	10	existing_continuity_status	same	V-PAD-2P	ἐσθίετε	candidate	0	[]	none	1corintios-10-27-P03	1corintios-10-27-P02	546	P	2	finite_verb_morphology	explicit_or_morphological	not_detected	27	same	none
1corintios	10	existing_continuity_status	shift	V-AAS-3S	εἴπῃ	unresolved	5	"[""independence_transition"", ""number_change"", ""person_change"", ""subject_shift"", ""subordination_transition""]"	strong	1corintios-10-28-P01	1corintios-10-27-P03	547	S	3	finite_compact_person_number	finite_morphology_fallback	candidate	28	shift	none
1corintios	10	existing_continuity_status	same	V-PAI-3S	ἐστιν	candidate	2	"[""independence_transition"", ""subordination_transition""]"	candidate	1corintios-10-28-P02	1corintios-10-28-P01	548	S	3	finite_compact_person_number	finite_morphology_fallback	not_detected	28	same	none
1corintios	10	existing_continuity_status	shift	V-PAD-2P	ἐσθίετε	candidate	3	"[""number_change"", ""person_change"", ""subject_shift""]"	strong	1corintios-10-28-P03	1corintios-10-28-P02	549	P	2	finite_verb_morphology	explicit_or_morphological	not_detected	28	shift	none
1corintios	10	existing_continuity_status	shift	V-PAI-1S	λέγω	candidate	3	"[""number_change"", ""person_change"", ""subject_shift""]"	strong	1corintios-10-29-P01	1corintios-10-28-P03	550	S	1	finite_verb_morphology	explicit_or_morphological	not_detected	29	shift	none
1corintios	10	existing_continuity_status	shift	V-PPI-3S	κρίνεται	candidate	2	"[""person_change"", ""subject_shift""]"	candidate	1corintios-10-29-P02	1corintios-10-29-P01	551	S	3	finite_compact_person_number	finite_morphology_fallback	not_detected	29	shift	none
1corintios	10	existing_continuity_status	shift	V-PAI-1S	μετέχω	unresolved	4	"[""independence_transition"", ""person_change"", ""subject_shift"", ""subordination_transition""]"	strong	1corintios-10-30-P01	1corintios-10-29-P02	552	S	1	finite_verb_morphology	explicit_or_morphological	candidate	30	shift	none
1corintios	10	existing_continuity_status	same	V-PPI-1S	βλασφημοῦμαι	candidate	2	"[""independence_transition"", ""subordination_transition""]"	candidate	1corintios-10-30-P02	1corintios-10-30-P01	553	S	1	finite_verb_morphology	explicit_or_morphological	not_detected	30	same	none
1corintios	10	existing_continuity_status	same	V-PAI-1S	εὐχαριστῶ	candidate	0	[]	none	1corintios-10-30-P03	1corintios-10-30-P02	554	S	1	finite_verb_morphology	explicit_or_morphological	not_detected	30	same	none
1corintios	10	existing_continuity_status	shift	V-PAI-2P	ἐσθίετε	candidate	3	"[""number_change"", ""person_change"", ""subject_shift""]"	strong	1corintios-10-31-P01	1corintios-10-30-P03	555	P	2	finite_verb_morphology	explicit_or_morphological	not_detected	31	shift	none
1corintios	10	existing_continuity_status	same	V-PAI-2P	πίνετε	candidate	0	[]	none	1corintios-10-31-P02	1corintios-10-31-P01	556	P	2	finite_verb_morphology	explicit_or_morphological	not_detected	31	same	none
1corintios	10	existing_continuity_status	same	V-PAI-2P	ποιεῖτε	candidate	0	[]	none	1corintios-10-31-P03	1corintios-10-31-P02	557	P	2	finite_verb_morphology	explicit_or_morphological	not_detected	31	same	none
1corintios	10	existing_continuity_status	same	V-PAD-2P	ποιεῖτε	candidate	0	[]	none	1corintios-10-31-P04	1corintios-10-31-P03	558	P	2	finite_verb_morphology	explicit_or_morphological	not_detected	31	same	none
1corintios	10	existing_continuity_status	same	V-PMD-2P	γίνεσθε	candidate	0	[]	none	1corintios-10-32-P01	1corintios-10-31-P04	559	P	2	finite_verb_morphology	explicit_or_morphological	not_detected	32	same	none
1corintios	10	existing_continuity_status	shift	V-PAI-1S	ἀρέσκω	unresolved	5	"[""independence_transition"", ""number_change"", ""person_change"", ""subject_shift"", ""subordination_transition""]"	strong	1corintios-10-33-P01	1corintios-10-32-P01	560	S	1	finite_verb_morphology	explicit_or_morphological	candidate	33	shift	none
1corintios	10	existing_continuity_status	shift	V-APS-3P	σωθῶσιν	unresolved	3	"[""number_change"", ""person_change"", ""subject_shift""]"	strong	1corintios-10-33-P02	1corintios-10-33-P01	561	P	3	finite_verb_morphology	explicit_or_morphological	candidate	33	shift	none
1corintios	11	existing_continuity_status	shift	V-PMD-2P	γίνεσθε	candidate	4	"[""independence_transition"", ""person_change"", ""subject_shift"", ""subordination_transition""]"	strong	1corintios-11-1-P01	1corintios-10-33-P02	562	P	2	finite_verb_morphology	explicit_or_morphological	not_detected	1	shift	none
1corintios	11	existing_continuity_status	shift	V-PAI-1S	ἐπαινῶ	candidate	3	"[""number_change"", ""person_change"", ""subject_shift""]"	strong	1corintios-11-2-P01	1corintios-11-1-P01	563	S	1	finite_verb_morphology	explicit_or_morphological	not_detected	2	shift	none
1corintios	11	existing_continuity_status	shift	V-XMI-2P	μέμνησθε	unresolved	5	"[""independence_transition"", ""number_change"", ""person_change"", ""subject_shift"", ""subordination_transition""]"	strong	1corintios-11-2-P02	1corintios-11-2-P01	564	P	2	finite_verb_morphology	explicit_or_morphological	candidate	2	shift	none
1corintios	11	existing_continuity_status	shift	V-AAI-1S	παρέδωκα	unresolved	3	"[""number_change"", ""person_change"", ""subject_shift""]"	strong	1corintios-11-2-P03	1corintios-11-2-P02	565	S	1	finite_verb_morphology	explicit_or_morphological	candidate	2	shift	none
1corintios	11	existing_continuity_status	shift	V-PAI-2P	κατέχετε	candidate	5	"[""independence_transition"", ""number_change"", ""person_change"", ""subject_shift"", ""subordination_transition""]"	strong	1corintios-11-2-P04	1corintios-11-2-P03	566	P	2	finite_verb_morphology	explicit_or_morphological	not_detected	2	shift	none
1corintios	11	existing_continuity_status	shift	V-PAI-1S	θέλω	candidate	3	"[""number_change"", ""person_change"", ""subject_shift""]"	strong	1corintios-11-3-P01	1corintios-11-2-P04	567	S	1	finite_verb_morphology	explicit_or_morphological	not_detected	3	shift	none
1corintios	11	existing_continuity_status	shift	V-PAI-3S	ἐστιν	unresolved	4	"[""independence_transition"", ""person_change"", ""subject_shift"", ""subordination_transition""]"	strong	1corintios-11-3-P02	1corintios-11-3-P01	568	S	3	finite_compact_person_number	finite_morphology_fallback	candidate	3	shift	none
1corintios	11	existing_continuity_status	same	V-PAI-3S	καταισχύνει	candidate	2	"[""independence_transition"", ""subordination_transition""]"	candidate	1corintios-11-4-P01	1corintios-11-3-P02	569	S	3	finite_verb_morphology	explicit_or_morphological	not_detected	4	same	none
1corintios	11	existing_continuity_status	same	V-PAI-3S	καταισχύνει	candidate	0	[]	none	1corintios-11-5-P01	1corintios-11-4-P01	570	S	3	finite_verb_morphology	explicit_or_morphological	not_detected	5	same	none
1corintios	11	existing_continuity_status	same	V-PAI-3S	ἐστιν	candidate	0	[]	none	1corintios-11-5-P02	1corintios-11-5-P01	571	S	3	finite_verb_morphology	explicit_or_morphological	not_detected	5	same	none
1corintios	11	existing_continuity_status	same	V-PMI-3S	κατακαλύπτεται	unresolved	2	"[""independence_transition"", ""subordination_transition""]"	candidate	1corintios-11-6-P01	1corintios-11-5-P02	572	S	3	finite_verb_morphology	explicit_or_morphological	candidate	6	same	none
1corintios	11	existing_continuity_status	same	V-AMD-3S	κειράσθω	candidate	2	"[""independence_transition"", ""subordination_transition""]"	candidate	1corintios-11-6-P02	1corintios-11-6-P01	573	S	3	finite_verb_morphology	explicit_or_morphological	not_detected	6	same	none
1corintios	11	existing_continuity_status	same	V-PMD-3S	κατακαλυπτέσθω	unresolved	2	"[""independence_transition"", ""subordination_transition""]"	candidate	1corintios-11-6-P03	1corintios-11-6-P02	574	S	3	finite_verb_morphology	explicit_or_morphological	candidate	6	same	none
1corintios	11	existing_continuity_status	same	V-PAI-3S	ὀφείλει	candidate	2	"[""independence_transition"", ""subordination_transition""]"	candidate	1corintios-11-7-P01	1corintios-11-6-P03	575	S	3	finite_verb_morphology	explicit_or_morphological	not_detected	7	same	none
1corintios	11	existing_continuity_status	same	V-PAI-3S	ἐστιν	candidate	0	[]	none	1corintios-11-7-P02	1corintios-11-7-P01	576	S	3	finite_compact_person_number	finite_morphology_fallback	not_detected	7	same	none
1corintios	11	existing_continuity_status	same	V-PAI-3S	ἐστιν	candidate	0	[]	none	1corintios-11-8-P01	1corintios-11-7-P02	577	S	3	finite_verb_morphology	explicit_or_morphological	not_detected	8	same	none
1corintios	11	existing_continuity_status	same	V-API-3S	ἐκτίσθη	candidate	0	[]	none	1corintios-11-9-P01	1corintios-11-8-P01	578	S	3	finite_verb_morphology	explicit_or_morphological	not_detected	9	same	none
1corintios	11	existing_continuity_status	same	V-PAI-3S	ὀφείλει	candidate	0	[]	none	1corintios-11-10-P01	1corintios-11-9-P01	579	S	3	finite_verb_morphology	explicit_or_morphological	not_detected	10	same	none
1corintios	11	existing_continuity_status	shift	V-AAD-2P	κρίνατε	candidate	3	"[""number_change"", ""person_change"", ""subject_shift""]"	strong	1corintios-11-13-P01	1corintios-11-10-P01	580	P	2	finite_verb_morphology	explicit_or_morphological	not_detected	13	shift	none
1corintios	11	existing_continuity_status	shift	V-PAI-3S	ἐστὶν	candidate	3	"[""number_change"", ""person_change"", ""subject_shift""]"	strong	1corintios-11-13-P02	1corintios-11-13-P01	581	S	3	finite_verb_morphology	explicit_or_morphological	not_detected	13	shift	none
1corintios	11	existing_continuity_status	same	V-PAI-3S	διδάσκει	candidate	0	[]	none	1corintios-11-14-P01	1corintios-11-13-P02	582	S	3	finite_compact_person_number	finite_morphology_fallback	not_detected	14	same	none
1corintios	11	existing_continuity_status	same	V-PAS-3S	κομᾷ	unresolved	2	"[""independence_transition"", ""subordination_transition""]"	candidate	1corintios-11-14-P02	1corintios-11-14-P01	583	S	3	finite_verb_morphology	explicit_or_morphological	candidate	14	same	none
1corintios	11	existing_continuity_status	same	V-PAI-3S	ἐστιν	candidate	2	"[""independence_transition"", ""subordination_transition""]"	candidate	1corintios-11-14-P03	1corintios-11-14-P02	584	S	3	finite_compact_person_number	finite_morphology_fallback	not_detected	14	same	none
1corintios	11	existing_continuity_status	same	V-PAS-3S	κομᾷ	unresolved	2	"[""independence_transition"", ""subordination_transition""]"	candidate	1corintios-11-15-P01	1corintios-11-14-P03	585	S	3	finite_verb_morphology	explicit_or_morphological	candidate	15	same	none
1corintios	11	existing_continuity_status	same	V-PAI-3S	ἐστιν	candidate	2	"[""independence_transition"", ""subordination_transition""]"	candidate	1corintios-11-15-P02	1corintios-11-15-P01	586	S	3	finite_compact_person_number	finite_morphology_fallback	not_detected	15	same	none
1corintios	11	existing_continuity_status	same	V-XPI-3S	δέδοται	unresolved	2	"[""independence_transition"", ""subordination_transition""]"	candidate	1corintios-11-15-P03	1corintios-11-15-P02	587	S	3	finite_compact_person_number	finite_morphology_fallback	candidate	15	same	none
1corintios	11	existing_continuity_status	same	V-PAI-3S	δοκεῖ	unresolved	0	[]	none	1corintios-11-16-P01	1corintios-11-15-P03	588	S	3	finite_compact_person_number	finite_morphology_fallback	candidate	16	same	none
1corintios	11	existing_continuity_status	shift	V-PAI-1P	ἔχομεν	candidate	5	"[""independence_transition"", ""number_change"", ""person_change"", ""subject_shift"", ""subordination_transition""]"	strong	1corintios-11-16-P02	1corintios-11-16-P01	589	P	1	finite_verb_morphology	explicit_or_morphological	not_detected	16	shift	none
1corintios	11	existing_continuity_status	shift	V-PAI-1S	ἐπαινῶ	candidate	2	"[""number_change"", ""subject_shift""]"	candidate	1corintios-11-17-P01	1corintios-11-16-P02	590	S	1	finite_verb_morphology	explicit_or_morphological	not_detected	17	shift	none
1corintios	11	existing_continuity_status	shift	V-PMI-2P	συνέρχεσθε	unresolved	5	"[""independence_transition"", ""number_change"", ""person_change"", ""subject_shift"", ""subordination_transition""]"	strong	1corintios-11-17-P02	1corintios-11-17-P01	591	P	2	finite_verb_morphology	explicit_or_morphological	candidate	17	shift	none
1corintios	11	existing_continuity_status	shift	V-PAI-1S	ἀκούω	candidate	5	"[""independence_transition"", ""number_change"", ""person_change"", ""subject_shift"", ""subordination_transition""]"	strong	1corintios-11-18-P01	1corintios-11-17-P02	592	S	1	finite_verb_morphology	explicit_or_morphological	not_detected	18	shift	none
1corintios	11	existing_continuity_status	same	V-PAI-1S	πιστεύω	candidate	0	[]	none	1corintios-11-18-P02	1corintios-11-18-P01	593	S	1	finite_verb_morphology	explicit_or_morphological	not_detected	18	same	none
1corintios	11	existing_continuity_status	shift	V-PAI-3S	δεῖ	candidate	2	"[""person_change"", ""subject_shift""]"	candidate	1corintios-11-19-P01	1corintios-11-18-P02	594	S	3	finite_verb_morphology	explicit_or_morphological	not_detected	19	shift	none
1corintios	11	existing_continuity_status	shift	V-AMS-3P	γένωνται	unresolved	4	"[""independence_transition"", ""number_change"", ""subject_shift"", ""subordination_transition""]"	strong	1corintios-11-19-P02	1corintios-11-19-P01	595	P	3	finite_compact_person_number	finite_morphology_fallback	candidate	19	shift	none
1corintios	11	existing_continuity_status	shift	V-PAI-3S	ἔστιν	candidate	4	"[""independence_transition"", ""number_change"", ""subject_shift"", ""subordination_transition""]"	strong	1corintios-11-20-P01	1corintios-11-19-P02	596	S	3	finite_verb_morphology	explicit_or_morphological	not_detected	20	shift	none
1corintios	11	existing_continuity_status	same	V-PAI-3S	προλαμβάνει	candidate	0	[]	none	1corintios-11-21-P01	1corintios-11-20-P01	597	S	3	finite_verb_morphology	explicit_or_morphological	not_detected	21	same	none
1corintios	11	existing_continuity_status	same	V-PAI-3S	πεινᾷ	candidate	0	[]	none	1corintios-11-21-P02	1corintios-11-21-P01	598	S	3	finite_verb_morphology	explicit_or_morphological	not_detected	21	same	none
1corintios	11	existing_continuity_status	same	V-PAI-3S	μεθύει	candidate	0	[]	none	1corintios-11-21-P03	1corintios-11-21-P02	599	S	3	finite_verb_morphology	explicit_or_morphological	not_detected	21	same	none
1corintios	11	existing_continuity_status	shift	V-PAI-2P	ἔχετε	candidate	3	"[""number_change"", ""person_change"", ""subject_shift""]"	strong	1corintios-11-22-P01	1corintios-11-21-P03	600	P	2	finite_verb_morphology	explicit_or_morphological	not_detected	22	shift	none
1corintios	11	existing_continuity_status	same	V-PAI-2P	καταφρονεῖτε	candidate	0	[]	none	1corintios-11-22-P02	1corintios-11-22-P01	601	P	2	finite_verb_morphology	explicit_or_morphological	not_detected	22	same	none
1corintios	11	existing_continuity_status	same	V-PAI-2P	καταισχύνετε	candidate	0	[]	none	1corintios-11-22-P03	1corintios-11-22-P02	602	P	2	finite_verb_morphology	explicit_or_morphological	not_detected	22	same	none
1corintios	11	existing_continuity_status	shift	V-AAS-1S	εἴπω	candidate	3	"[""number_change"", ""person_change"", ""subject_shift""]"	strong	1corintios-11-22-P04	1corintios-11-22-P03	603	S	1	finite_verb_morphology	explicit_or_morphological	not_detected	22	shift	none
1corintios	11	existing_continuity_status	same	V-AAS-1S	ἐπαινέσω	candidate	0	[]	none	1corintios-11-22-P05	1corintios-11-22-P04	604	S	1	finite_verb_morphology	explicit_or_morphological	not_detected	22	same	none
1corintios	11	existing_continuity_status	same	V-PAI-1S	ἐπαινῶ	candidate	0	[]	none	1corintios-11-22-P06	1corintios-11-22-P05	605	S	1	finite_verb_morphology	explicit_or_morphological	not_detected	22	same	none
1corintios	11	existing_continuity_status	same	V-AAI-1S	παρέλαβον	candidate	0	[]	none	1corintios-11-23-P01	1corintios-11-22-P06	606	S	1	finite_verb_morphology	explicit_or_morphological	not_detected	23	same	none
1corintios	11	existing_continuity_status	same	V-AAI-1S	παρέδωκα	candidate	0	[]	none	1corintios-11-23-P02	1corintios-11-23-P01	607	S	1	finite_verb_morphology	explicit_or_morphological	not_detected	23	same	none
1corintios	11	existing_continuity_status	shift	V-IPI-3S	παρεδίδετο	unresolved	4	"[""independence_transition"", ""person_change"", ""subject_shift"", ""subordination_transition""]"	strong	1corintios-11-23-P03	1corintios-11-23-P02	608	S	3	finite_verb_morphology	explicit_or_morphological	candidate	23	shift	none
1corintios	11	existing_continuity_status	same	V-AAI-3S	ἔλαβεν	candidate	2	"[""independence_transition"", ""subordination_transition""]"	candidate	1corintios-11-23-P04	1corintios-11-23-P03	609	S	3	finite_verb_morphology	explicit_or_morphological	not_detected	23	same	none
1corintios	11	existing_continuity_status	same	V-AAI-3S	ἔκλασεν	candidate	0	[]	none	1corintios-11-24-P01	1corintios-11-23-P04	610	S	3	finite_verb_morphology	explicit_or_morphological	not_detected	24	same	none
1corintios	11	existing_continuity_status	same	V-AAI-3S	εἶπεν	candidate	0	[]	none	1corintios-11-24-P02	1corintios-11-24-P01	611	S	3	finite_verb_morphology	explicit_or_morphological	not_detected	24	same	none
1corintios	11	existing_continuity_status	same	V-PAI-3S	ἐστιν	candidate	0	[]	none	1corintios-11-24-P03	1corintios-11-24-P02	612	S	3	finite_compact_person_number	finite_morphology_fallback	not_detected	24	same	none
1corintios	11	existing_continuity_status	shift	V-PAD-2P	ποιεῖτε	candidate	3	"[""number_change"", ""person_change"", ""subject_shift""]"	strong	1corintios-11-24-P04	1corintios-11-24-P03	613	P	2	finite_verb_morphology	explicit_or_morphological	not_detected	24	shift	none
1corintios	11	existing_continuity_status	shift	V-PAI-3S	ἐστὶν	candidate	3	"[""number_change"", ""person_change"", ""subject_shift""]"	strong	1corintios-11-25-P01	1corintios-11-24-P04	614	S	3	finite_compact_person_number	finite_morphology_fallback	not_detected	25	shift	none
1corintios	11	existing_continuity_status	shift	V-PAD-2P	ποιεῖτε	candidate	3	"[""number_change"", ""person_change"", ""subject_shift""]"	strong	1corintios-11-25-P02	1corintios-11-25-P01	615	P	2	finite_verb_morphology	explicit_or_morphological	not_detected	25	shift	none
1corintios	11	existing_continuity_status	same	V-PAS-2P	πίνητε	unresolved	2	"[""independence_transition"", ""subordination_transition""]"	candidate	1corintios-11-25-P03	1corintios-11-25-P02	616	P	2	finite_verb_morphology	explicit_or_morphological	candidate	25	same	none
1corintios	11	existing_continuity_status	same	V-PAS-2P	ἐσθίητε	unresolved	0	[]	none	1corintios-11-26-P01	1corintios-11-25-P03	617	P	2	finite_verb_morphology	explicit_or_morphological	candidate	26	same	none
1corintios	11	existing_continuity_status	same	V-PAS-2P	πίνητε	candidate	2	"[""independence_transition"", ""subordination_transition""]"	candidate	1corintios-11-26-P02	1corintios-11-26-P01	618	P	2	finite_verb_morphology	explicit_or_morphological	not_detected	26	same	none
1corintios	11	existing_continuity_status	same	V-PAI-2P	καταγγέλλετε	candidate	0	[]	none	1corintios-11-26-P03	1corintios-11-26-P02	619	P	2	finite_verb_morphology	explicit_or_morphological	not_detected	26	same	none
1corintios	11	existing_continuity_status	shift	V-AAS-3S	ἔλθῃ	candidate	3	"[""number_change"", ""person_change"", ""subject_shift""]"	strong	1corintios-11-26-P04	1corintios-11-26-P03	620	S	3	finite_verb_morphology	explicit_or_morphological	not_detected	26	shift	none
1corintios	11	existing_continuity_status	same	V-PAS-3S	ἐσθίῃ	unresolved	2	"[""independence_transition"", ""subordination_transition""]"	candidate	1corintios-11-27-P01	1corintios-11-26-P04	621	S	3	finite_compact_person_number	finite_morphology_fallback	candidate	27	same	none
1corintios	11	existing_continuity_status	same	V-PAS-3S	πίνῃ	candidate	2	"[""independence_transition"", ""subordination_transition""]"	candidate	1corintios-11-27-P02	1corintios-11-27-P01	622	S	3	finite_verb_morphology	explicit_or_morphological	not_detected	27	same	none
1corintios	11	existing_continuity_status	same	V-FMI-3S	ἔσται	candidate	0	[]	none	1corintios-11-27-P03	1corintios-11-27-P02	623	S	3	finite_compact_person_number	finite_morphology_fallback	not_detected	27	same	none
1corintios	11	existing_continuity_status	same	V-PAD-3S	δοκιμαζέτω	candidate	0	[]	none	1corintios-11-28-P01	1corintios-11-27-P03	624	S	3	finite_verb_morphology	explicit_or_morphological	not_detected	28	same	none
1corintios	11	existing_continuity_status	same	V-PAD-3S	ἐσθιέτω	candidate	0	[]	none	1corintios-11-28-P02	1corintios-11-28-P01	625	S	3	finite_verb_morphology	explicit_or_morphological	not_detected	28	same	none
1corintios	11	existing_continuity_status	same	V-PAD-3S	πινέτω	candidate	0	[]	none	1corintios-11-28-P03	1corintios-11-28-P02	626	S	3	finite_verb_morphology	explicit_or_morphological	not_detected	28	same	none
1corintios	11	existing_continuity_status	same	V-PAI-3S	ἐσθίει	candidate	0	[]	none	1corintios-11-29-P01	1corintios-11-28-P03	627	S	3	finite_verb_morphology	explicit_or_morphological	not_detected	29	same	none
1corintios	11	existing_continuity_status	same	V-PAI-3S	πίνει	candidate	0	[]	none	1corintios-11-29-P02	1corintios-11-29-P01	628	S	3	finite_verb_morphology	explicit_or_morphological	not_detected	29	same	none
1corintios	11	existing_continuity_status	shift	V-PMI-3P	κοιμῶνται	candidate	2	"[""number_change"", ""subject_shift""]"	candidate	1corintios-11-30-P01	1corintios-11-29-P02	629	P	3	finite_verb_morphology	explicit_or_morphological	not_detected	30	shift	none
1corintios	11	existing_continuity_status	shift	V-IAI-1P	διεκρίνομεν	unresolved	4	"[""independence_transition"", ""person_change"", ""subject_shift"", ""subordination_transition""]"	strong	1corintios-11-31-P01	1corintios-11-30-P01	630	P	1	finite_verb_morphology	explicit_or_morphological	candidate	31	shift	none
1corintios	11	existing_continuity_status	same	V-IPI-1P	ἐκρινόμεθα	candidate	2	"[""independence_transition"", ""subordination_transition""]"	candidate	1corintios-11-31-P02	1corintios-11-31-P01	631	P	1	finite_verb_morphology	explicit_or_morphological	not_detected	31	same	none
1corintios	11	existing_continuity_status	same	V-PPI-1P	παιδευόμεθα	candidate	0	[]	none	1corintios-11-32-P01	1corintios-11-31-P02	632	P	1	finite_verb_morphology	explicit_or_morphological	not_detected	32	same	none
1corintios	11	existing_continuity_status	same	V-APS-1P	κατακριθῶμεν	unresolved	2	"[""independence_transition"", ""subordination_transition""]"	candidate	1corintios-11-32-P02	1corintios-11-32-P01	633	P	1	finite_verb_morphology	explicit_or_morphological	candidate	32	same	none
1corintios	11	existing_continuity_status	shift	V-PMD-2P	ἐκδέχεσθε	unresolved	2	"[""person_change"", ""subject_shift""]"	candidate	1corintios-11-33-P01	1corintios-11-32-P02	634	P	2	finite_verb_morphology	explicit_or_morphological	candidate	33	shift	none
1corintios	11	existing_continuity_status	shift	V-PAI-3S	πεινᾷ	unresolved	3	"[""number_change"", ""person_change"", ""subject_shift""]"	strong	1corintios-11-34-P01	1corintios-11-33-P01	635	S	3	finite_compact_person_number	finite_morphology_fallback	candidate	34	shift	none
1corintios	11	existing_continuity_status	same	V-PAD-3S	ἐσθιέτω	candidate	2	"[""independence_transition"", ""subordination_transition""]"	candidate	1corintios-11-34-P02	1corintios-11-34-P01	636	S	3	finite_verb_morphology	explicit_or_morphological	not_detected	34	same	none
1corintios	11	existing_continuity_status	shift	V-PMS-2P	συνέρχησθε	unresolved	5	"[""independence_transition"", ""number_change"", ""person_change"", ""subject_shift"", ""subordination_transition""]"	strong	1corintios-11-34-P03	1corintios-11-34-P02	637	P	2	finite_verb_morphology	explicit_or_morphological	candidate	34	shift	none
1corintios	11	existing_continuity_status	shift	V-AAS-1S	ἔλθω	unresolved	3	"[""number_change"", ""person_change"", ""subject_shift""]"	strong	1corintios-11-34-P04	1corintios-11-34-P03	638	S	1	finite_verb_morphology	explicit_or_morphological	candidate	34	shift	none
1corintios	11	existing_continuity_status	same	V-FMI-1S	διατάξομαι	candidate	2	"[""independence_transition"", ""subordination_transition""]"	candidate	1corintios-11-34-P05	1corintios-11-34-P04	639	S	1	finite_verb_morphology	explicit_or_morphological	not_detected	34	same	none
1corintios	12	existing_continuity_status	same	V-PAI-1S	θέλω	candidate	0	[]	none	1corintios-12-1-P01	1corintios-11-34-P05	640	S	1	finite_verb_morphology	explicit_or_morphological	not_detected	1	same	none
1corintios	12	existing_continuity_status	shift	V-XAI-2P	οἴδατε	candidate	3	"[""number_change"", ""person_change"", ""subject_shift""]"	strong	1corintios-12-2-P01	1corintios-12-1-P01	641	P	2	finite_verb_morphology	explicit_or_morphological	not_detected	2	shift	none
1corintios	12	existing_continuity_status	same	V-IAI-2P	ἦτε	unresolved	2	"[""independence_transition"", ""subordination_transition""]"	candidate	1corintios-12-2-P02	1corintios-12-2-P01	642	P	2	finite_verb_morphology	explicit_or_morphological	candidate	2	same	none
1corintios	12	existing_continuity_status	same	V-IPI-2P	ἤγεσθε	unresolved	0	[]	none	1corintios-12-2-P03	1corintios-12-2-P02	643	P	2	finite_verb_morphology	explicit_or_morphological	candidate	2	same	none
1corintios	12	existing_continuity_status	shift	V-PAI-1S	γνωρίζω	candidate	5	"[""independence_transition"", ""number_change"", ""person_change"", ""subject_shift"", ""subordination_transition""]"	strong	1corintios-12-3-P01	1corintios-12-2-P03	644	S	1	finite_verb_morphology	explicit_or_morphological	not_detected	3	shift	none
1corintios	12	existing_continuity_status	shift	V-PAI-3S	λέγει	unresolved	4	"[""independence_transition"", ""person_change"", ""subject_shift"", ""subordination_transition""]"	strong	1corintios-12-3-P02	1corintios-12-3-P01	645	S	3	finite_compact_person_number	finite_morphology_fallback	candidate	3	shift	none
1corintios	12	existing_continuity_status	same	V-PMI-3S	δύναται	candidate	2	"[""independence_transition"", ""subordination_transition""]"	candidate	1corintios-12-3-P03	1corintios-12-3-P02	646	S	3	finite_compact_person_number	finite_morphology_fallback	not_detected	3	same	none
1corintios	12	existing_continuity_status	shift	V-PAI-3P	εἰσίν	candidate	2	"[""number_change"", ""subject_shift""]"	candidate	1corintios-12-4-P01	1corintios-12-3-P03	647	P	3	finite_verb_morphology	explicit_or_morphological	not_detected	4	shift	none
1corintios	12	existing_continuity_status	same	V-PAI-3P	εἰσιν	candidate	0	[]	none	1corintios-12-5-P01	1corintios-12-4-P01	648	P	3	finite_compact_person_number	finite_morphology_fallback	not_detected	5	same	none
1corintios	12	existing_continuity_status	same	V-PAI-3P	εἰσίν	candidate	0	[]	none	1corintios-12-6-P01	1corintios-12-5-P01	649	P	3	finite_compact_person_number	finite_morphology_fallback	not_detected	6	same	none
1corintios	12	existing_continuity_status	shift	V-PPI-3S	δίδοται	candidate	2	"[""number_change"", ""subject_shift""]"	candidate	1corintios-12-7-P01	1corintios-12-6-P01	650	S	3	finite_verb_morphology	explicit_or_morphological	not_detected	7	shift	none
1corintios	12	existing_continuity_status	same	V-PPI-3S	δίδοται	candidate	0	[]	none	1corintios-12-8-P01	1corintios-12-7-P01	651	S	3	finite_verb_morphology	explicit_or_morphological	not_detected	8	same	none
1corintios	12	existing_continuity_status	same	V-PAI-3S	ἐνεργεῖ	candidate	0	[]	none	1corintios-12-11-P01	1corintios-12-8-P01	652	S	3	finite_verb_morphology	explicit_or_morphological	not_detected	11	same	none
1corintios	12	existing_continuity_status	same	V-PMI-3S	βούλεται	unresolved	2	"[""independence_transition"", ""subordination_transition""]"	candidate	1corintios-12-11-P02	1corintios-12-11-P01	653	S	3	finite_compact_person_number	finite_morphology_fallback	candidate	11	same	none
1corintios	12	existing_continuity_status	same	V-PAI-3S	ἐστιν	candidate	2	"[""independence_transition"", ""subordination_transition""]"	candidate	1corintios-12-12-P01	1corintios-12-11-P02	654	S	3	finite_compact_person_number	finite_morphology_fallback	not_detected	12	same	none
1corintios	12	existing_continuity_status	same	V-PAI-3S	ἔχει	candidate	0	[]	none	1corintios-12-12-P02	1corintios-12-12-P01	655	S	3	finite_verb_morphology	explicit_or_morphological	not_detected	12	same	none
1corintios	12	existing_continuity_status	same	V-PAI-3S	ἐστιν	candidate	0	[]	none	1corintios-12-12-P03	1corintios-12-12-P02	656	S	3	finite_compact_person_number	finite_morphology_fallback	not_detected	12	same	none
1corintios	12	existing_continuity_status	shift	V-API-1P	ἐβαπτίσθημεν	candidate	3	"[""number_change"", ""person_change"", ""subject_shift""]"	strong	1corintios-12-13-P01	1corintios-12-12-P03	657	P	1	finite_verb_morphology	explicit_or_morphological	not_detected	13	shift	none
1corintios	12	existing_continuity_status	same	V-API-1P	ἐποτίσθημεν	candidate	0	[]	none	1corintios-12-13-P02	1corintios-12-13-P01	658	P	1	finite_verb_morphology	explicit_or_morphological	not_detected	13	same	none
1corintios	12	existing_continuity_status	shift	V-PAI-3S	ἔστιν	candidate	3	"[""number_change"", ""person_change"", ""subject_shift""]"	strong	1corintios-12-14-P01	1corintios-12-13-P02	659	S	3	finite_compact_person_number	finite_morphology_fallback	not_detected	14	shift	none
1corintios	12	existing_continuity_status	same	V-AAS-3S	εἴπῃ	unresolved	2	"[""independence_transition"", ""subordination_transition""]"	candidate	1corintios-12-15-P01	1corintios-12-14-P01	660	S	3	finite_verb_morphology	explicit_or_morphological	candidate	15	same	none
1corintios	12	existing_continuity_status	shift	V-PAI-1S	εἰμὶ	unresolved	2	"[""person_change"", ""subject_shift""]"	candidate	1corintios-12-15-P02	1corintios-12-15-P01	661	S	1	finite_verb_morphology	explicit_or_morphological	candidate	15	shift	none
1corintios	12	existing_continuity_status	same	V-PAI-1S	εἰμὶ	candidate	2	"[""independence_transition"", ""subordination_transition""]"	candidate	1corintios-12-15-P03	1corintios-12-15-P02	662	S	1	finite_verb_morphology	explicit_or_morphological	not_detected	15	same	none
1corintios	12	existing_continuity_status	shift	V-PAI-3S	ἔστιν	candidate	2	"[""person_change"", ""subject_shift""]"	candidate	1corintios-12-15-P04	1corintios-12-15-P03	663	S	3	finite_verb_morphology	explicit_or_morphological	not_detected	15	shift	none
1corintios	12	existing_continuity_status	same	V-AAS-3S	εἴπῃ	unresolved	2	"[""independence_transition"", ""subordination_transition""]"	candidate	1corintios-12-16-P01	1corintios-12-15-P04	664	S	3	finite_verb_morphology	explicit_or_morphological	candidate	16	same	none
1corintios	12	existing_continuity_status	shift	V-PAI-1S	εἰμὶ	unresolved	2	"[""person_change"", ""subject_shift""]"	candidate	1corintios-12-16-P02	1corintios-12-16-P01	665	S	1	finite_verb_morphology	explicit_or_morphological	candidate	16	shift	none
1corintios	12	existing_continuity_status	same	V-PAI-1S	εἰμὶ	candidate	2	"[""independence_transition"", ""subordination_transition""]"	candidate	1corintios-12-16-P03	1corintios-12-16-P02	666	S	1	finite_verb_morphology	explicit_or_morphological	not_detected	16	same	none
1corintios	12	existing_continuity_status	shift	V-PAI-3S	ἔστιν	candidate	2	"[""person_change"", ""subject_shift""]"	candidate	1corintios-12-16-P04	1corintios-12-16-P03	667	S	3	finite_verb_morphology	explicit_or_morphological	not_detected	16	shift	none
1corintios	12	existing_continuity_status	same	V-AMI-3S	ἔθετο	candidate	0	[]	none	1corintios-12-18-P01	1corintios-12-16-P04	668	S	3	finite_compact_person_number	finite_morphology_fallback	not_detected	18	same	none
1corintios	12	existing_continuity_status	same	V-AAI-3S	ἠθέλησεν	unresolved	2	"[""independence_transition"", ""subordination_transition""]"	candidate	1corintios-12-18-P02	1corintios-12-18-P01	669	S	3	finite_verb_morphology	explicit_or_morphological	candidate	18	same	none
1corintios	12	existing_continuity_status	same	V-IAI-3S	ἦν	unresolved	0	[]	none	1corintios-12-19-P01	1corintios-12-18-P02	670	S	3	finite_verb_morphology	explicit_or_morphological	candidate	19	same	none
1corintios	12	existing_continuity_status	same	V-PMI-3S	δύναται	candidate	2	"[""independence_transition"", ""subordination_transition""]"	candidate	1corintios-12-21-P01	1corintios-12-19-P01	671	S	3	finite_verb_morphology	explicit_or_morphological	not_detected	21	same	none
1corintios	12	existing_continuity_status	shift	V-PAI-1S	ἔχω	candidate	2	"[""person_change"", ""subject_shift""]"	candidate	1corintios-12-21-P02	1corintios-12-21-P01	672	S	1	finite_verb_morphology	explicit_or_morphological	not_detected	21	shift	none
1corintios	12	existing_continuity_status	same	V-PAI-1S	ἔχω	candidate	0	[]	none	1corintios-12-21-P03	1corintios-12-21-P02	673	S	1	finite_verb_morphology	explicit_or_morphological	not_detected	21	same	none
1corintios	12	existing_continuity_status	shift	V-PAI-3S	ἐστιν	candidate	2	"[""person_change"", ""subject_shift""]"	candidate	1corintios-12-22-P01	1corintios-12-21-P03	674	S	3	finite_compact_person_number	finite_morphology_fallback	not_detected	22	shift	none
1corintios	12	existing_continuity_status	shift	V-PAI-1P	δοκοῦμεν	candidate	3	"[""number_change"", ""person_change"", ""subject_shift""]"	strong	1corintios-12-23-P01	1corintios-12-22-P01	675	P	1	finite_verb_morphology	explicit_or_morphological	not_detected	23	shift	none
1corintios	12	existing_continuity_status	same	V-PAI-1P	περιτίθεμεν	candidate	0	[]	none	1corintios-12-23-P02	1corintios-12-23-P01	676	P	1	finite_verb_morphology	explicit_or_morphological	not_detected	23	same	none
1corintios	12	existing_continuity_status	shift	V-PAI-3S	ἔχει	candidate	3	"[""number_change"", ""person_change"", ""subject_shift""]"	strong	1corintios-12-23-P03	1corintios-12-23-P02	677	S	3	finite_compact_person_number	finite_morphology_fallback	not_detected	23	shift	none
1corintios	12	existing_continuity_status	same	V-PAI-3S	ἔχει	candidate	0	[]	none	1corintios-12-24-P01	1corintios-12-23-P03	678	S	3	finite_compact_person_number	finite_morphology_fallback	not_detected	24	same	none
1corintios	12	existing_continuity_status	same	V-AAI-3S	συνεκέρασεν	candidate	0	[]	none	1corintios-12-24-P02	1corintios-12-24-P01	679	S	3	finite_compact_person_number	finite_morphology_fallback	not_detected	24	same	none
1corintios	12	existing_continuity_status	same	V-PAS-3S	ᾖ	unresolved	2	"[""independence_transition"", ""subordination_transition""]"	candidate	1corintios-12-25-P01	1corintios-12-24-P02	680	S	3	finite_verb_morphology	explicit_or_morphological	candidate	25	same	none
1corintios	12	existing_continuity_status	shift	V-PAS-3P	μεριμνῶσι	candidate	4	"[""independence_transition"", ""number_change"", ""subject_shift"", ""subordination_transition""]"	strong	1corintios-12-25-P02	1corintios-12-25-P01	681	P	3	finite_verb_morphology	explicit_or_morphological	not_detected	25	shift	none
1corintios	12	existing_continuity_status	shift	V-PAI-3S	πάσχει	candidate	2	"[""number_change"", ""subject_shift""]"	candidate	1corintios-12-26-P01	1corintios-12-25-P02	682	S	3	finite_verb_morphology	explicit_or_morphological	not_detected	26	shift	none
1corintios	12	existing_continuity_status	same	V-PAI-3S	συμπάσχει	candidate	0	[]	none	1corintios-12-26-P02	1corintios-12-26-P01	683	S	3	finite_compact_person_number	finite_morphology_fallback	not_detected	26	same	none
1corintios	12	existing_continuity_status	same	V-PPI-3S	δοξάζεται	candidate	0	[]	none	1corintios-12-26-P03	1corintios-12-26-P02	684	S	3	finite_verb_morphology	explicit_or_morphological	not_detected	26	same	none
1corintios	12	existing_continuity_status	same	V-PAI-3S	συγχαίρει	candidate	0	[]	none	1corintios-12-26-P04	1corintios-12-26-P03	685	S	3	finite_compact_person_number	finite_morphology_fallback	not_detected	26	same	none
1corintios	12	existing_continuity_status	shift	V-PAI-2P	ἐστε	candidate	3	"[""number_change"", ""person_change"", ""subject_shift""]"	strong	1corintios-12-27-P01	1corintios-12-26-P04	686	P	2	finite_verb_morphology	explicit_or_morphological	not_detected	27	shift	none
1corintios	12	existing_continuity_status	shift	V-AMI-3S	ἔθετο	candidate	3	"[""number_change"", ""person_change"", ""subject_shift""]"	strong	1corintios-12-28-P01	1corintios-12-27-P01	687	S	3	finite_verb_morphology	explicit_or_morphological	not_detected	28	shift	none
1corintios	12	existing_continuity_status	shift	V-PAI-3P	ἔχουσιν	candidate	2	"[""number_change"", ""subject_shift""]"	candidate	1corintios-12-30-P01	1corintios-12-28-P01	688	P	3	finite_compact_person_number	finite_morphology_fallback	not_detected	30	shift	none
1corintios	12	existing_continuity_status	same	V-PAI-3P	λαλοῦσιν	candidate	0	[]	none	1corintios-12-30-P02	1corintios-12-30-P01	689	P	3	finite_compact_person_number	finite_morphology_fallback	not_detected	30	same	none
1corintios	12	existing_continuity_status	same	V-PAI-3P	διερμηνεύουσιν	candidate	0	[]	none	1corintios-12-30-P03	1corintios-12-30-P02	690	P	3	finite_compact_person_number	finite_morphology_fallback	not_detected	30	same	none
1corintios	12	existing_continuity_status	shift	V-PAD-2P	ζηλοῦτε	candidate	2	"[""person_change"", ""subject_shift""]"	candidate	1corintios-12-31-P01	1corintios-12-30-P03	691	P	2	finite_verb_morphology	explicit_or_morphological	not_detected	31	shift	none
1corintios	12	existing_continuity_status	shift	V-PAI-1S	δείκνυμι	candidate	3	"[""number_change"", ""person_change"", ""subject_shift""]"	strong	1corintios-12-31-P02	1corintios-12-31-P01	692	S	1	finite_verb_morphology	explicit_or_morphological	not_detected	31	shift	none
1corintios	13	existing_continuity_status	same	V-PAS-1S	λαλῶ	unresolved	2	"[""independence_transition"", ""subordination_transition""]"	candidate	1corintios-13-1-P01	1corintios-12-31-P02	693	S	1	finite_verb_morphology	explicit_or_morphological	candidate	1	same	none
1corintios	13	existing_continuity_status	same	V-PAS-1S	ἔχω	candidate	2	"[""independence_transition"", ""subordination_transition""]"	candidate	1corintios-13-1-P02	1corintios-13-1-P01	694	S	1	finite_verb_morphology	explicit_or_morphological	not_detected	1	same	none
1corintios	13	existing_continuity_status	same	V-XAI-1S	γέγονα	candidate	0	[]	none	1corintios-13-1-P03	1corintios-13-1-P02	695	S	1	finite_verb_morphology	explicit_or_morphological	not_detected	1	same	none
1corintios	13	existing_continuity_status	same	V-PAS-1S	ἔχω	unresolved	2	"[""independence_transition"", ""subordination_transition""]"	candidate	1corintios-13-2-P01	1corintios-13-1-P03	696	S	1	finite_verb_morphology	explicit_or_morphological	candidate	2	same	none
1corintios	13	existing_continuity_status	same	V-XAS-1S	εἰδῶ	candidate	2	"[""independence_transition"", ""subordination_transition""]"	candidate	1corintios-13-2-P02	1corintios-13-2-P01	697	S	1	finite_verb_morphology	explicit_or_morphological	not_detected	2	same	none
1corintios	13	existing_continuity_status	same	V-PAS-1S	ἔχω	candidate	0	[]	none	1corintios-13-2-P03	1corintios-13-2-P02	698	S	1	finite_verb_morphology	explicit_or_morphological	not_detected	2	same	none
1corintios	13	existing_continuity_status	same	V-PAS-1S	ἔχω	unresolved	2	"[""independence_transition"", ""subordination_transition""]"	candidate	1corintios-13-2-P04	1corintios-13-2-P03	699	S	1	finite_verb_morphology	explicit_or_morphological	candidate	2	same	none
1corintios	13	existing_continuity_status	same	V-PAI-1S	εἰμι	candidate	2	"[""independence_transition"", ""subordination_transition""]"	candidate	1corintios-13-2-P05	1corintios-13-2-P04	700	S	1	finite_verb_morphology	explicit_or_morphological	not_detected	2	same	none
1corintios	13	existing_continuity_status	shift	V-PAI-3S	μακροθυμεῖ	candidate	2	"[""person_change"", ""subject_shift""]"	candidate	1corintios-13-4-P01	1corintios-13-2-P05	701	S	3	finite_compact_person_number	finite_morphology_fallback	not_detected	4	shift	none
1corintios	13	existing_continuity_status	same	V-PMI-3S	χρηστεύεται	candidate	0	[]	none	1corintios-13-4-P02	1corintios-13-4-P01	702	S	3	finite_verb_morphology	explicit_or_morphological	not_detected	4	same	none
1corintios	13	existing_continuity_status	same	V-PAI-3S	ζηλοῖ	candidate	0	[]	none	1corintios-13-4-P03	1corintios-13-4-P02	703	S	3	finite_compact_person_number	finite_morphology_fallback	not_detected	4	same	none
1corintios	13	existing_continuity_status	same	V-PMI-3S	περπερεύεται	candidate	0	[]	none	1corintios-13-4-P04	1corintios-13-4-P03	704	S	3	finite_compact_person_number	finite_morphology_fallback	not_detected	4	same	none
1corintios	13	existing_continuity_status	same	V-PPI-3S	φυσιοῦται	candidate	0	[]	none	1corintios-13-4-P05	1corintios-13-4-P04	705	S	3	finite_verb_morphology	explicit_or_morphological	not_detected	4	same	none
1corintios	13	existing_continuity_status	same	V-PAI-3S	ἀσχημονεῖ	candidate	0	[]	none	1corintios-13-5-P01	1corintios-13-4-P05	706	S	3	finite_verb_morphology	explicit_or_morphological	not_detected	5	same	none
1corintios	13	existing_continuity_status	same	V-PAI-3S	ζητεῖ	candidate	0	[]	none	1corintios-13-5-P02	1corintios-13-5-P01	707	S	3	finite_verb_morphology	explicit_or_morphological	not_detected	5	same	none
1corintios	13	existing_continuity_status	same	V-PPI-3S	παροξύνεται	candidate	0	[]	none	1corintios-13-5-P03	1corintios-13-5-P02	708	S	3	finite_verb_morphology	explicit_or_morphological	not_detected	5	same	none
1corintios	13	existing_continuity_status	same	V-PMI-3S	λογίζεται	candidate	0	[]	none	1corintios-13-5-P04	1corintios-13-5-P03	709	S	3	finite_verb_morphology	explicit_or_morphological	not_detected	5	same	none
1corintios	13	existing_continuity_status	same	V-PAI-3S	χαίρει	candidate	0	[]	none	1corintios-13-6-P01	1corintios-13-5-P04	710	S	3	finite_verb_morphology	explicit_or_morphological	not_detected	6	same	none
1corintios	13	existing_continuity_status	same	V-PAI-3S	συγχαίρει	candidate	0	[]	none	1corintios-13-6-P02	1corintios-13-6-P01	711	S	3	finite_verb_morphology	explicit_or_morphological	not_detected	6	same	none
1corintios	13	existing_continuity_status	same	V-PAI-3S	στέγει	candidate	0	[]	none	1corintios-13-7-P01	1corintios-13-6-P02	712	S	3	finite_verb_morphology	explicit_or_morphological	not_detected	7	same	none
1corintios	13	existing_continuity_status	same	V-PAI-3S	πιστεύει	candidate	0	[]	none	1corintios-13-7-P02	1corintios-13-7-P01	713	S	3	finite_verb_morphology	explicit_or_morphological	not_detected	7	same	none
1corintios	13	existing_continuity_status	same	V-PAI-3S	ἐλπίζει	candidate	0	[]	none	1corintios-13-7-P03	1corintios-13-7-P02	714	S	3	finite_verb_morphology	explicit_or_morphological	not_detected	7	same	none
1corintios	13	existing_continuity_status	same	V-PAI-3S	ὑπομένει	candidate	0	[]	none	1corintios-13-7-P04	1corintios-13-7-P03	715	S	3	finite_verb_morphology	explicit_or_morphological	not_detected	7	same	none
1corintios	13	existing_continuity_status	same	V-PAI-3S	πίπτει	candidate	0	[]	none	1corintios-13-8-P01	1corintios-13-7-P04	716	S	3	finite_compact_person_number	finite_morphology_fallback	not_detected	8	same	none
1corintios	13	existing_continuity_status	shift	V-FPI-3P	καταργηθήσονται	candidate	2	"[""number_change"", ""subject_shift""]"	candidate	1corintios-13-8-P02	1corintios-13-8-P01	717	P	3	finite_compact_person_number	finite_morphology_fallback	not_detected	8	shift	none
1corintios	13	existing_continuity_status	same	V-FMI-3P	παύσονται	candidate	0	[]	none	1corintios-13-8-P03	1corintios-13-8-P02	718	P	3	finite_compact_person_number	finite_morphology_fallback	not_detected	8	same	none
1corintios	13	existing_continuity_status	shift	V-FPI-3S	καταργηθήσεται	candidate	2	"[""number_change"", ""subject_shift""]"	candidate	1corintios-13-8-P04	1corintios-13-8-P03	719	S	3	finite_compact_person_number	finite_morphology_fallback	not_detected	8	shift	none
1corintios	13	existing_continuity_status	shift	V-PAI-1P	γινώσκομεν	candidate	3	"[""number_change"", ""person_change"", ""subject_shift""]"	strong	1corintios-13-9-P01	1corintios-13-8-P04	720	P	1	finite_verb_morphology	explicit_or_morphological	not_detected	9	shift	none
1corintios	13	existing_continuity_status	same	V-PAI-1P	προφητεύομεν	candidate	0	[]	none	1corintios-13-9-P02	1corintios-13-9-P01	721	P	1	finite_verb_morphology	explicit_or_morphological	not_detected	9	same	none
1corintios	13	existing_continuity_status	shift	V-AAS-3S	ἔλθῃ	unresolved	5	"[""independence_transition"", ""number_change"", ""person_change"", ""subject_shift"", ""subordination_transition""]"	strong	1corintios-13-10-P01	1corintios-13-9-P02	722	S	3	finite_verb_morphology	explicit_or_morphological	candidate	10	shift	none
1corintios	13	existing_continuity_status	same	V-FPI-3S	καταργηθήσεται	candidate	2	"[""independence_transition"", ""subordination_transition""]"	candidate	1corintios-13-10-P02	1corintios-13-10-P01	723	S	3	finite_compact_person_number	finite_morphology_fallback	not_detected	10	same	none
1corintios	13	existing_continuity_status	shift	V-IMI-1S	ἤμην	unresolved	4	"[""independence_transition"", ""person_change"", ""subject_shift"", ""subordination_transition""]"	strong	1corintios-13-11-P01	1corintios-13-10-P02	724	S	1	finite_verb_morphology	explicit_or_morphological	candidate	11	shift	none
1corintios	13	existing_continuity_status	same	V-IAI-1S	ἐλάλουν	candidate	2	"[""independence_transition"", ""subordination_transition""]"	candidate	1corintios-13-11-P02	1corintios-13-11-P01	725	S	1	finite_verb_morphology	explicit_or_morphological	not_detected	11	same	none
1corintios	13	existing_continuity_status	same	V-IAI-1S	ἐφρόνουν	unresolved	2	"[""independence_transition"", ""subordination_transition""]"	candidate	1corintios-13-11-P03	1corintios-13-11-P02	726	S	1	finite_verb_morphology	explicit_or_morphological	candidate	11	same	none
1corintios	13	existing_continuity_status	same	V-IMI-1S	ἐλογιζόμην	unresolved	0	[]	none	1corintios-13-11-P04	1corintios-13-11-P03	727	S	1	finite_verb_morphology	explicit_or_morphological	candidate	11	same	none
1corintios	13	existing_continuity_status	same	V-XAI-1S	γέγονα	unresolved	0	[]	none	1corintios-13-11-P05	1corintios-13-11-P04	728	S	1	finite_verb_morphology	explicit_or_morphological	candidate	11	same	none
1corintios	13	existing_continuity_status	same	V-XAI-1S	κατήργηκα	candidate	2	"[""independence_transition"", ""subordination_transition""]"	candidate	1corintios-13-11-P06	1corintios-13-11-P05	729	S	1	finite_verb_morphology	explicit_or_morphological	not_detected	11	same	none
1corintios	13	existing_continuity_status	shift	V-PAI-1P	βλέπομεν	candidate	2	"[""number_change"", ""subject_shift""]"	candidate	1corintios-13-12-P01	1corintios-13-11-P06	730	P	1	finite_verb_morphology	explicit_or_morphological	not_detected	12	shift	none
1corintios	13	existing_continuity_status	shift	V-PAI-1S	γινώσκω	candidate	2	"[""number_change"", ""subject_shift""]"	candidate	1corintios-13-12-P02	1corintios-13-12-P01	731	S	1	finite_verb_morphology	explicit_or_morphological	not_detected	12	shift	none
1corintios	13	existing_continuity_status	same	V-FMI-1S	ἐπιγνώσομαι	candidate	0	[]	none	1corintios-13-12-P03	1corintios-13-12-P02	732	S	1	finite_verb_morphology	explicit_or_morphological	not_detected	12	same	none
1corintios	13	existing_continuity_status	same	V-API-1S	ἐπεγνώσθην	unresolved	2	"[""independence_transition"", ""subordination_transition""]"	candidate	1corintios-13-12-P04	1corintios-13-12-P03	733	S	1	finite_verb_morphology	explicit_or_morphological	candidate	12	same	none
1corintios	13	existing_continuity_status	shift	V-PAI-3S	μένει	candidate	4	"[""independence_transition"", ""person_change"", ""subject_shift"", ""subordination_transition""]"	strong	1corintios-13-13-P01	1corintios-13-12-P04	734	S	3	finite_verb_morphology	explicit_or_morphological	not_detected	13	shift	none
1corintios	14	existing_continuity_status	shift	V-PAD-2P	διώκετε	candidate	3	"[""number_change"", ""person_change"", ""subject_shift""]"	strong	1corintios-14-1-P01	1corintios-13-13-P01	735	P	2	finite_verb_morphology	explicit_or_morphological	not_detected	1	shift	none
1corintios	14	existing_continuity_status	same	V-PAD-2P	ζηλοῦτε	candidate	0	[]	none	1corintios-14-1-P02	1corintios-14-1-P01	736	P	2	finite_verb_morphology	explicit_or_morphological	not_detected	1	same	none
1corintios	14	existing_continuity_status	same	V-PAS-2P	προφητεύητε	unresolved	2	"[""independence_transition"", ""subordination_transition""]"	candidate	1corintios-14-1-P03	1corintios-14-1-P02	737	P	2	finite_verb_morphology	explicit_or_morphological	candidate	1	same	none
1corintios	14	existing_continuity_status	shift	V-PAI-3S	λαλεῖ	candidate	5	"[""independence_transition"", ""number_change"", ""person_change"", ""subject_shift"", ""subordination_transition""]"	strong	1corintios-14-2-P01	1corintios-14-1-P03	738	S	3	finite_verb_morphology	explicit_or_morphological	not_detected	2	shift	none
1corintios	14	existing_continuity_status	same	V-PAI-3S	ἀκούει	candidate	0	[]	none	1corintios-14-2-P02	1corintios-14-2-P01	739	S	3	finite_verb_morphology	explicit_or_morphological	not_detected	2	same	none
1corintios	14	existing_continuity_status	same	V-PAI-3S	λαλεῖ	candidate	0	[]	none	1corintios-14-2-P03	1corintios-14-2-P02	740	S	3	finite_verb_morphology	explicit_or_morphological	not_detected	2	same	none
1corintios	14	existing_continuity_status	same	V-PAI-3S	λαλεῖ	candidate	0	[]	none	1corintios-14-3-P01	1corintios-14-2-P03	741	S	3	finite_verb_morphology	explicit_or_morphological	not_detected	3	same	none
1corintios	14	existing_continuity_status	same	V-PAI-3S	οἰκοδομεῖ	candidate	0	[]	none	1corintios-14-4-P01	1corintios-14-3-P01	742	S	3	finite_compact_person_number	finite_morphology_fallback	not_detected	4	same	none
1corintios	14	existing_continuity_status	same	V-PAI-3S	οἰκοδομεῖ	candidate	0	[]	none	1corintios-14-4-P02	1corintios-14-4-P01	743	S	3	finite_verb_morphology	explicit_or_morphological	not_detected	4	same	none
1corintios	14	existing_continuity_status	shift	V-PAI-1S	θέλω	candidate	2	"[""person_change"", ""subject_shift""]"	candidate	1corintios-14-5-P01	1corintios-14-4-P02	744	S	1	finite_verb_morphology	explicit_or_morphological	not_detected	5	shift	none
1corintios	14	existing_continuity_status	shift	V-PAS-2P	προφητεύητε	unresolved	5	"[""independence_transition"", ""number_change"", ""person_change"", ""subject_shift"", ""subordination_transition""]"	strong	1corintios-14-5-P02	1corintios-14-5-P01	745	P	2	finite_verb_morphology	explicit_or_morphological	candidate	5	shift	none
1corintios	14	existing_continuity_status	shift	V-PAS-3S	διερμηνεύῃ	unresolved	3	"[""number_change"", ""person_change"", ""subject_shift""]"	strong	1corintios-14-5-P03	1corintios-14-5-P02	746	S	3	finite_compact_person_number	finite_morphology_fallback	candidate	5	shift	none
1corintios	14	existing_continuity_status	same	V-AAS-3S	λάβῃ	unresolved	0	[]	none	1corintios-14-5-P04	1corintios-14-5-P03	747	S	3	finite_compact_person_number	finite_morphology_fallback	candidate	5	same	none
1corintios	14	existing_continuity_status	shift	V-AAS-1S	ἔλθω	unresolved	2	"[""person_change"", ""subject_shift""]"	candidate	1corintios-14-6-P01	1corintios-14-5-P04	748	S	1	finite_verb_morphology	explicit_or_morphological	candidate	6	shift	none
1corintios	14	existing_continuity_status	same	V-FAI-1S	ὠφελήσω	candidate	2	"[""independence_transition"", ""subordination_transition""]"	candidate	1corintios-14-6-P02	1corintios-14-6-P01	749	S	1	finite_verb_morphology	explicit_or_morphological	not_detected	6	same	none
1corintios	14	existing_continuity_status	same	V-AAS-1S	λαλήσω	unresolved	2	"[""independence_transition"", ""subordination_transition""]"	candidate	1corintios-14-6-P03	1corintios-14-6-P02	750	S	1	finite_verb_morphology	explicit_or_morphological	candidate	6	same	none
1corintios	14	existing_continuity_status	shift	V-AAS-3S	δῷ	unresolved	2	"[""person_change"", ""subject_shift""]"	candidate	1corintios-14-7-P01	1corintios-14-6-P03	751	S	3	finite_compact_person_number	finite_morphology_fallback	candidate	7	shift	none
1corintios	14	existing_continuity_status	same	V-FPI-3S	γνωσθήσεται	candidate	2	"[""independence_transition"", ""subordination_transition""]"	candidate	1corintios-14-7-P02	1corintios-14-7-P01	752	S	3	finite_verb_morphology	explicit_or_morphological	not_detected	7	same	none
1corintios	14	existing_continuity_status	same	V-AAS-3S	δῷ	unresolved	2	"[""independence_transition"", ""subordination_transition""]"	candidate	1corintios-14-8-P01	1corintios-14-7-P02	753	S	3	finite_compact_person_number	finite_morphology_fallback	candidate	8	same	none
1corintios	14	existing_continuity_status	same	V-FMI-3S	παρασκευάσεται	candidate	2	"[""independence_transition"", ""subordination_transition""]"	candidate	1corintios-14-8-P02	1corintios-14-8-P01	754	S	3	finite_compact_person_number	finite_morphology_fallback	not_detected	8	same	none
1corintios	14	existing_continuity_status	shift	V-AAS-2P	δῶτε	unresolved	5	"[""independence_transition"", ""number_change"", ""person_change"", ""subject_shift"", ""subordination_transition""]"	strong	1corintios-14-9-P01	1corintios-14-8-P02	755	P	2	finite_verb_morphology	explicit_or_morphological	candidate	9	shift	none
1corintios	14	existing_continuity_status	shift	V-FPI-3S	γνωσθήσεται	candidate	5	"[""independence_transition"", ""number_change"", ""person_change"", ""subject_shift"", ""subordination_transition""]"	strong	1corintios-14-9-P02	1corintios-14-9-P01	756	S	3	finite_verb_morphology	explicit_or_morphological	not_detected	9	shift	none
1corintios	14	existing_continuity_status	shift	V-FMI-2P	ἔσεσθε	candidate	3	"[""number_change"", ""person_change"", ""subject_shift""]"	strong	1corintios-14-9-P03	1corintios-14-9-P02	757	P	2	finite_verb_morphology	explicit_or_morphological	not_detected	9	shift	none
1corintios	14	existing_continuity_status	shift	V-AAO-3S	τύχοι	unresolved	5	"[""independence_transition"", ""number_change"", ""person_change"", ""subject_shift"", ""subordination_transition""]"	strong	1corintios-14-10-P01	1corintios-14-9-P03	758	S	3	finite_compact_person_number	finite_morphology_fallback	candidate	10	shift	none
1corintios	14	existing_continuity_status	shift	V-PAI-3P	εἰσιν	candidate	4	"[""independence_transition"", ""number_change"", ""subject_shift"", ""subordination_transition""]"	strong	1corintios-14-10-P02	1corintios-14-10-P01	759	P	3	finite_compact_person_number	finite_morphology_fallback	not_detected	10	shift	none
1corintios	14	existing_continuity_status	shift	V-XAS-1S	εἰδῶ	unresolved	5	"[""independence_transition"", ""number_change"", ""person_change"", ""subject_shift"", ""subordination_transition""]"	strong	1corintios-14-11-P01	1corintios-14-10-P02	760	S	1	finite_verb_morphology	explicit_or_morphological	candidate	11	shift	none
1corintios	14	existing_continuity_status	same	V-FMI-1S	ἔσομαι	candidate	2	"[""independence_transition"", ""subordination_transition""]"	candidate	1corintios-14-11-P02	1corintios-14-11-P01	761	S	1	finite_verb_morphology	explicit_or_morphological	not_detected	11	same	none
1corintios	14	existing_continuity_status	shift	V-PAI-2P	ἐστε	unresolved	5	"[""independence_transition"", ""number_change"", ""person_change"", ""subject_shift"", ""subordination_transition""]"	strong	1corintios-14-12-P01	1corintios-14-11-P02	762	P	2	finite_verb_morphology	explicit_or_morphological	candidate	12	shift	none
1corintios	14	existing_continuity_status	same	V-PAD-2P	ζητεῖτε	candidate	2	"[""independence_transition"", ""subordination_transition""]"	candidate	1corintios-14-12-P02	1corintios-14-12-P01	763	P	2	finite_verb_morphology	explicit_or_morphological	not_detected	12	same	none
1corintios	14	existing_continuity_status	same	V-PAS-2P	περισσεύητε	unresolved	2	"[""independence_transition"", ""subordination_transition""]"	candidate	1corintios-14-12-P03	1corintios-14-12-P02	764	P	2	finite_verb_morphology	explicit_or_morphological	candidate	12	same	none
1corintios	14	existing_continuity_status	shift	V-PMD-3S	προσευχέσθω	candidate	5	"[""independence_transition"", ""number_change"", ""person_change"", ""subject_shift"", ""subordination_transition""]"	strong	1corintios-14-13-P01	1corintios-14-12-P03	765	S	3	finite_compact_person_number	finite_morphology_fallback	not_detected	13	shift	none
1corintios	14	existing_continuity_status	same	V-PAS-3S	διερμηνεύῃ	unresolved	2	"[""independence_transition"", ""subordination_transition""]"	candidate	1corintios-14-13-P02	1corintios-14-13-P01	766	S	3	finite_verb_morphology	explicit_or_morphological	candidate	13	same	none
1corintios	14	existing_continuity_status	shift	V-PMS-1S	προσεύχωμαι	unresolved	2	"[""person_change"", ""subject_shift""]"	candidate	1corintios-14-14-P01	1corintios-14-13-P02	767	S	1	finite_verb_morphology	explicit_or_morphological	candidate	14	shift	none
1corintios	14	existing_continuity_status	shift	V-PMI-3S	προσεύχεται	candidate	4	"[""independence_transition"", ""person_change"", ""subject_shift"", ""subordination_transition""]"	strong	1corintios-14-14-P02	1corintios-14-14-P01	768	S	3	finite_compact_person_number	finite_morphology_fallback	not_detected	14	shift	none
1corintios	14	existing_continuity_status	same	V-PAI-3S	ἐστιν	candidate	0	[]	none	1corintios-14-14-P03	1corintios-14-14-P02	769	S	3	finite_compact_person_number	finite_morphology_fallback	not_detected	14	same	none
1corintios	14	existing_continuity_status	same	V-PAI-3S	ἐστιν	candidate	0	[]	none	1corintios-14-15-P01	1corintios-14-14-P03	770	S	3	finite_verb_morphology	explicit_or_morphological	not_detected	15	same	none
1corintios	14	existing_continuity_status	shift	V-FMI-1S	προσεύξομαι	candidate	2	"[""person_change"", ""subject_shift""]"	candidate	1corintios-14-15-P02	1corintios-14-15-P01	771	S	1	finite_verb_morphology	explicit_or_morphological	not_detected	15	shift	none
1corintios	14	existing_continuity_status	same	V-FMI-1S	προσεύξομαι	candidate	0	[]	none	1corintios-14-15-P03	1corintios-14-15-P02	772	S	1	finite_verb_morphology	explicit_or_morphological	not_detected	15	same	none
1corintios	14	existing_continuity_status	same	V-FAI-1S	ψαλῶ	candidate	0	[]	none	1corintios-14-15-P04	1corintios-14-15-P03	773	S	1	finite_verb_morphology	explicit_or_morphological	not_detected	15	same	none
1corintios	14	existing_continuity_status	same	V-FAI-1S	ψαλῶ	candidate	0	[]	none	1corintios-14-15-P05	1corintios-14-15-P04	774	S	1	finite_verb_morphology	explicit_or_morphological	not_detected	15	same	none
1corintios	14	existing_continuity_status	shift	V-PAS-2S	εὐλογῇς	unresolved	4	"[""independence_transition"", ""person_change"", ""subject_shift"", ""subordination_transition""]"	strong	1corintios-14-16-P01	1corintios-14-15-P05	775	S	2	finite_verb_morphology	explicit_or_morphological	candidate	16	shift	none
1corintios	14	existing_continuity_status	shift	V-FAI-3S	ἐρεῖ	candidate	4	"[""independence_transition"", ""person_change"", ""subject_shift"", ""subordination_transition""]"	strong	1corintios-14-16-P02	1corintios-14-16-P01	776	S	3	finite_verb_morphology	explicit_or_morphological	not_detected	16	shift	none
1corintios	14	existing_continuity_status	shift	V-PAI-2S	λέγεις	unresolved	4	"[""independence_transition"", ""person_change"", ""subject_shift"", ""subordination_transition""]"	strong	1corintios-14-16-P03	1corintios-14-16-P02	777	S	2	finite_verb_morphology	explicit_or_morphological	candidate	16	shift	none
1corintios	14	existing_continuity_status	shift	V-XAI-3S	οἶδεν	candidate	4	"[""independence_transition"", ""person_change"", ""subject_shift"", ""subordination_transition""]"	strong	1corintios-14-16-P04	1corintios-14-16-P03	778	S	3	finite_verb_morphology	explicit_or_morphological	not_detected	16	shift	none
1corintios	14	existing_continuity_status	shift	V-PAI-2S	εὐχαριστεῖς	candidate	2	"[""person_change"", ""subject_shift""]"	candidate	1corintios-14-17-P01	1corintios-14-16-P04	779	S	2	finite_verb_morphology	explicit_or_morphological	not_detected	17	shift	none
1corintios	14	existing_continuity_status	shift	V-PPI-3S	οἰκοδομεῖται	candidate	2	"[""person_change"", ""subject_shift""]"	candidate	1corintios-14-17-P02	1corintios-14-17-P01	780	S	3	finite_compact_person_number	finite_morphology_fallback	not_detected	17	shift	none
1corintios	14	existing_continuity_status	shift	V-PAI-1S	εὐχαριστῶ	candidate	2	"[""person_change"", ""subject_shift""]"	candidate	1corintios-14-18-P01	1corintios-14-17-P02	781	S	1	finite_verb_morphology	explicit_or_morphological	not_detected	18	shift	none
1corintios	14	existing_continuity_status	same	V-PAI-1S	λαλῶ	candidate	0	[]	none	1corintios-14-18-P02	1corintios-14-18-P01	782	S	1	finite_verb_morphology	explicit_or_morphological	not_detected	18	same	none
1corintios	14	existing_continuity_status	same	V-PAI-1S	θέλω	candidate	0	[]	none	1corintios-14-19-P01	1corintios-14-18-P02	783	S	1	finite_verb_morphology	explicit_or_morphological	not_detected	19	same	none
1corintios	14	existing_continuity_status	same	V-AAS-1S	κατηχήσω	unresolved	2	"[""independence_transition"", ""subordination_transition""]"	candidate	1corintios-14-19-P02	1corintios-14-19-P01	784	S	1	finite_verb_morphology	explicit_or_morphological	candidate	19	same	none
1corintios	14	existing_continuity_status	shift	V-PMD-2P	γίνεσθε	candidate	5	"[""independence_transition"", ""number_change"", ""person_change"", ""subject_shift"", ""subordination_transition""]"	strong	1corintios-14-20-P01	1corintios-14-19-P02	785	P	2	finite_verb_morphology	explicit_or_morphological	not_detected	20	shift	none
1corintios	14	existing_continuity_status	same	V-PAD-2P	νηπιάζετε	candidate	0	[]	none	1corintios-14-20-P02	1corintios-14-20-P01	786	P	2	finite_verb_morphology	explicit_or_morphological	not_detected	20	same	none
1corintios	14	existing_continuity_status	same	V-PMD-2P	γίνεσθε	candidate	0	[]	none	1corintios-14-20-P03	1corintios-14-20-P02	787	P	2	finite_verb_morphology	explicit_or_morphological	not_detected	20	same	none
1corintios	14	existing_continuity_status	shift	V-XPI-3S	γέγραπται	candidate	3	"[""number_change"", ""person_change"", ""subject_shift""]"	strong	1corintios-14-21-P01	1corintios-14-20-P03	788	S	3	finite_verb_morphology	explicit_or_morphological	not_detected	21	shift	none
1corintios	14	existing_continuity_status	shift	V-FAI-1S	λαλήσω	unresolved	4	"[""independence_transition"", ""person_change"", ""subject_shift"", ""subordination_transition""]"	strong	1corintios-14-21-P02	1corintios-14-21-P01	789	S	1	finite_verb_morphology	explicit_or_morphological	candidate	21	shift	none
1corintios	14	existing_continuity_status	shift	V-FMI-3P	εἰσακούσονταί	candidate	5	"[""independence_transition"", ""number_change"", ""person_change"", ""subject_shift"", ""subordination_transition""]"	strong	1corintios-14-21-P03	1corintios-14-21-P02	790	P	3	finite_verb_morphology	explicit_or_morphological	not_detected	21	shift	none
1corintios	14	existing_continuity_status	shift	V-PAI-3S	λέγει	candidate	2	"[""number_change"", ""subject_shift""]"	candidate	1corintios-14-21-P04	1corintios-14-21-P03	791	S	3	finite_verb_morphology	explicit_or_morphological	not_detected	21	shift	none
1corintios	14	existing_continuity_status	shift	V-PAI-3P	εἰσιν	unresolved	4	"[""independence_transition"", ""number_change"", ""subject_shift"", ""subordination_transition""]"	strong	1corintios-14-22-P01	1corintios-14-21-P04	792	P	3	finite_compact_person_number	finite_morphology_fallback	candidate	22	shift	none
1corintios	14	existing_continuity_status	shift	V-AAS-3S	συνέλθῃ	unresolved	2	"[""number_change"", ""subject_shift""]"	candidate	1corintios-14-23-P01	1corintios-14-22-P01	793	S	3	finite_verb_morphology	explicit_or_morphological	candidate	23	shift	none
1corintios	14	existing_continuity_status	shift	V-PAS-3P	λαλῶσιν	candidate	4	"[""independence_transition"", ""number_change"", ""subject_shift"", ""subordination_transition""]"	strong	1corintios-14-23-P02	1corintios-14-23-P01	794	P	3	finite_compact_person_number	finite_morphology_fallback	not_detected	23	shift	none
1corintios	14	existing_continuity_status	same	V-AAS-3P	εἰσέλθωσιν	candidate	0	[]	none	1corintios-14-23-P03	1corintios-14-23-P02	795	P	3	finite_verb_morphology	explicit_or_morphological	not_detected	23	same	none
1corintios	14	existing_continuity_status	same	V-FAI-3P	ἐροῦσιν	candidate	0	[]	none	1corintios-14-23-P04	1corintios-14-23-P03	796	P	3	finite_compact_person_number	finite_morphology_fallback	not_detected	23	same	none
1corintios	14	existing_continuity_status	shift	V-PMI-2P	μαίνεσθε	unresolved	4	"[""independence_transition"", ""person_change"", ""subject_shift"", ""subordination_transition""]"	strong	1corintios-14-23-P05	1corintios-14-23-P04	797	P	2	finite_verb_morphology	explicit_or_morphological	candidate	23	shift	none
1corintios	14	existing_continuity_status	shift	V-PAS-3P	προφητεύωσιν	unresolved	2	"[""person_change"", ""subject_shift""]"	candidate	1corintios-14-24-P01	1corintios-14-23-P05	798	P	3	finite_compact_person_number	finite_morphology_fallback	candidate	24	shift	none
1corintios	14	existing_continuity_status	shift	V-AAS-3S	εἰσέλθῃ	candidate	4	"[""independence_transition"", ""number_change"", ""subject_shift"", ""subordination_transition""]"	strong	1corintios-14-24-P02	1corintios-14-24-P01	799	S	3	finite_verb_morphology	explicit_or_morphological	not_detected	24	shift	none
1corintios	14	existing_continuity_status	same	V-PPI-3S	ἐλέγχεται	candidate	0	[]	none	1corintios-14-24-P03	1corintios-14-24-P02	800	S	3	finite_compact_person_number	finite_morphology_fallback	not_detected	24	same	none
1corintios	14	existing_continuity_status	same	V-PPI-3S	ἀνακρίνεται	candidate	0	[]	none	1corintios-14-24-P04	1corintios-14-24-P03	801	S	3	finite_verb_morphology	explicit_or_morphological	not_detected	24	same	none
1corintios	14	existing_continuity_status	same	V-PMI-3S	γίνεται	candidate	0	[]	none	1corintios-14-25-P01	1corintios-14-24-P04	802	S	3	finite_compact_person_number	finite_morphology_fallback	not_detected	25	same	none
1corintios	14	existing_continuity_status	same	V-FAI-3S	προσκυνήσει	candidate	0	[]	none	1corintios-14-25-P02	1corintios-14-25-P01	803	S	3	finite_verb_morphology	explicit_or_morphological	not_detected	25	same	none
1corintios	14	existing_continuity_status	same	V-PAI-3S	ἐστιν	unresolved	2	"[""independence_transition"", ""subordination_transition""]"	candidate	1corintios-14-25-P03	1corintios-14-25-P02	804	S	3	finite_compact_person_number	finite_morphology_fallback	candidate	25	same	none
1corintios	14	existing_continuity_status	same	V-PAI-3S	ἐστιν	candidate	2	"[""independence_transition"", ""subordination_transition""]"	candidate	1corintios-14-26-P01	1corintios-14-25-P03	805	S	3	finite_verb_morphology	explicit_or_morphological	not_detected	26	same	none
1corintios	14	existing_continuity_status	shift	V-PMS-2P	συνέρχησθε	unresolved	5	"[""independence_transition"", ""number_change"", ""person_change"", ""subject_shift"", ""subordination_transition""]"	strong	1corintios-14-26-P02	1corintios-14-26-P01	806	P	2	finite_verb_morphology	explicit_or_morphological	candidate	26	shift	none
1corintios	14	existing_continuity_status	shift	V-PAI-3S	ἔχει	candidate	5	"[""independence_transition"", ""number_change"", ""person_change"", ""subject_shift"", ""subordination_transition""]"	strong	1corintios-14-26-P03	1corintios-14-26-P02	807	S	3	finite_compact_person_number	finite_morphology_fallback	not_detected	26	shift	none
1corintios	14	existing_continuity_status	same	V-PAI-3S	ἔχει	candidate	0	[]	none	1corintios-14-26-P04	1corintios-14-26-P03	808	S	3	finite_verb_morphology	explicit_or_morphological	not_detected	26	same	none
1corintios	14	existing_continuity_status	same	V-PAI-3S	ἔχει	candidate	0	[]	none	1corintios-14-26-P05	1corintios-14-26-P04	809	S	3	finite_verb_morphology	explicit_or_morphological	not_detected	26	same	none
1corintios	14	existing_continuity_status	same	V-PAI-3S	ἔχει	candidate	0	[]	none	1corintios-14-26-P06	1corintios-14-26-P05	810	S	3	finite_verb_morphology	explicit_or_morphological	not_detected	26	same	none
1corintios	14	existing_continuity_status	same	V-PAI-3S	ἔχει	candidate	0	[]	none	1corintios-14-26-P07	1corintios-14-26-P06	811	S	3	finite_verb_morphology	explicit_or_morphological	not_detected	26	same	none
1corintios	14	existing_continuity_status	same	V-PMD-3S	γινέσθω	candidate	0	[]	none	1corintios-14-26-P08	1corintios-14-26-P07	812	S	3	finite_compact_person_number	finite_morphology_fallback	not_detected	26	same	none
1corintios	14	existing_continuity_status	same	V-PAI-3S	λαλεῖ	candidate	0	[]	none	1corintios-14-27-P01	1corintios-14-26-P08	813	S	3	finite_compact_person_number	finite_morphology_fallback	not_detected	27	same	none
1corintios	14	existing_continuity_status	same	V-PAD-3S	διερμηνευέτω	candidate	0	[]	none	1corintios-14-27-P02	1corintios-14-27-P01	814	S	3	finite_compact_person_number	finite_morphology_fallback	not_detected	27	same	none
1corintios	14	existing_continuity_status	same	V-PAS-3S	ᾖ	unresolved	2	"[""independence_transition"", ""subordination_transition""]"	candidate	1corintios-14-28-P01	1corintios-14-27-P02	815	S	3	finite_verb_morphology	explicit_or_morphological	candidate	28	same	none
1corintios	14	existing_continuity_status	same	V-PAD-3S	σιγάτω	candidate	2	"[""independence_transition"", ""subordination_transition""]"	candidate	1corintios-14-28-P02	1corintios-14-28-P01	816	S	3	finite_compact_person_number	finite_morphology_fallback	not_detected	28	same	none
1corintios	14	existing_continuity_status	same	V-PAD-3S	λαλείτω	candidate	0	[]	none	1corintios-14-28-P03	1corintios-14-28-P02	817	S	3	finite_verb_morphology	explicit_or_morphological	not_detected	28	same	none
1corintios	14	existing_continuity_status	shift	V-PAD-3P	λαλείτωσαν	candidate	2	"[""number_change"", ""subject_shift""]"	candidate	1corintios-14-29-P01	1corintios-14-28-P03	818	P	3	finite_compact_person_number	finite_morphology_fallback	not_detected	29	shift	none
1corintios	14	existing_continuity_status	same	V-PAD-3P	διακρινέτωσαν	candidate	0	[]	none	1corintios-14-29-P02	1corintios-14-29-P01	819	P	3	finite_compact_person_number	finite_morphology_fallback	not_detected	29	same	none
1corintios	14	existing_continuity_status	shift	V-APS-3S	ἀποκαλυφθῇ	unresolved	4	"[""independence_transition"", ""number_change"", ""subject_shift"", ""subordination_transition""]"	strong	1corintios-14-30-P01	1corintios-14-29-P02	820	S	3	finite_verb_morphology	explicit_or_morphological	candidate	30	shift	none
1corintios	14	existing_continuity_status	same	V-PAD-3S	σιγάτω	candidate	2	"[""independence_transition"", ""subordination_transition""]"	candidate	1corintios-14-30-P02	1corintios-14-30-P01	821	S	3	finite_compact_person_number	finite_morphology_fallback	not_detected	30	same	none
1corintios	14	existing_continuity_status	shift	V-PMI-2P	δύνασθε	candidate	3	"[""number_change"", ""person_change"", ""subject_shift""]"	strong	1corintios-14-31-P01	1corintios-14-30-P02	822	P	2	finite_verb_morphology	explicit_or_morphological	not_detected	31	shift	none
1corintios	14	existing_continuity_status	shift	V-PAS-3P	μανθάνωσιν	unresolved	4	"[""independence_transition"", ""person_change"", ""subject_shift"", ""subordination_transition""]"	strong	1corintios-14-31-P02	1corintios-14-31-P01	823	P	3	finite_compact_person_number	finite_morphology_fallback	candidate	31	shift	none
1corintios	14	existing_continuity_status	same	V-PPS-3P	παρακαλῶνται	candidate	2	"[""independence_transition"", ""subordination_transition""]"	candidate	1corintios-14-31-P03	1corintios-14-31-P02	824	P	3	finite_compact_person_number	finite_morphology_fallback	not_detected	31	same	none
1corintios	14	existing_continuity_status	shift	V-PPI-3S	ὑποτάσσεται	candidate	2	"[""number_change"", ""subject_shift""]"	candidate	1corintios-14-32-P01	1corintios-14-31-P03	825	S	3	finite_compact_person_number	finite_morphology_fallback	not_detected	32	shift	none
1corintios	14	existing_continuity_status	same	V-PAI-3S	ἐστιν	candidate	0	[]	none	1corintios-14-33-P01	1corintios-14-32-P01	826	S	3	finite_verb_morphology	explicit_or_morphological	not_detected	33	same	none
1corintios	14	existing_continuity_status	shift	V-PAD-3P	σιγάτωσαν	candidate	2	"[""number_change"", ""subject_shift""]"	candidate	1corintios-14-34-P01	1corintios-14-33-P01	827	P	3	finite_compact_person_number	finite_morphology_fallback	not_detected	34	shift	none
1corintios	14	existing_continuity_status	shift	V-PPI-3S	ἐπιτρέπεται	candidate	2	"[""number_change"", ""subject_shift""]"	candidate	1corintios-14-34-P02	1corintios-14-34-P01	828	S	3	finite_verb_morphology	explicit_or_morphological	not_detected	34	shift	none
1corintios	14	existing_continuity_status	shift	V-PPD-3P	ὑποτασσέσθωσαν	candidate	2	"[""number_change"", ""subject_shift""]"	candidate	1corintios-14-34-P03	1corintios-14-34-P02	829	P	3	finite_verb_morphology	explicit_or_morphological	not_detected	34	shift	none
1corintios	14	existing_continuity_status	shift	V-PAI-3S	λέγει	unresolved	4	"[""independence_transition"", ""number_change"", ""subject_shift"", ""subordination_transition""]"	strong	1corintios-14-34-P04	1corintios-14-34-P03	830	S	3	finite_compact_person_number	finite_morphology_fallback	candidate	34	shift	none
1corintios	14	existing_continuity_status	shift	V-PAI-3P	θέλουσιν	unresolved	2	"[""number_change"", ""subject_shift""]"	candidate	1corintios-14-35-P01	1corintios-14-34-P04	831	P	3	finite_verb_morphology	explicit_or_morphological	candidate	35	shift	none
1corintios	14	existing_continuity_status	same	V-PAD-3P	ἐπερωτάτωσαν	candidate	2	"[""independence_transition"", ""subordination_transition""]"	candidate	1corintios-14-35-P02	1corintios-14-35-P01	832	P	3	finite_verb_morphology	explicit_or_morphological	not_detected	35	same	none
1corintios	14	existing_continuity_status	shift	V-PAI-3S	ἐστιν	candidate	2	"[""number_change"", ""subject_shift""]"	candidate	1corintios-14-35-P03	1corintios-14-35-P02	833	S	3	finite_verb_morphology	explicit_or_morphological	not_detected	35	shift	none
1corintios	14	existing_continuity_status	same	V-AAI-3S	ἐξῆλθεν	candidate	0	[]	none	1corintios-14-36-P01	1corintios-14-35-P03	834	S	3	finite_compact_person_number	finite_morphology_fallback	not_detected	36	same	none
1corintios	14	existing_continuity_status	same	V-AAI-3S	κατήντησεν	candidate	0	[]	none	1corintios-14-36-P02	1corintios-14-36-P01	835	S	3	finite_verb_morphology	explicit_or_morphological	not_detected	36	same	none
1corintios	14	existing_continuity_status	same	V-PAI-3S	δοκεῖ	unresolved	2	"[""independence_transition"", ""subordination_transition""]"	candidate	1corintios-14-37-P01	1corintios-14-36-P02	836	S	3	finite_compact_person_number	finite_morphology_fallback	candidate	37	same	none
1corintios	14	existing_continuity_status	same	V-PAD-3S	ἐπιγινωσκέτω	candidate	2	"[""independence_transition"", ""subordination_transition""]"	candidate	1corintios-14-37-P02	1corintios-14-37-P01	837	S	3	finite_compact_person_number	finite_morphology_fallback	not_detected	37	same	none
1corintios	14	existing_continuity_status	shift	V-PAI-1S	γράφω	candidate	2	"[""person_change"", ""subject_shift""]"	candidate	1corintios-14-37-P03	1corintios-14-37-P02	838	S	1	finite_verb_morphology	explicit_or_morphological	not_detected	37	shift	none
1corintios	14	existing_continuity_status	shift	V-PAI-3S	ἐστίν	unresolved	4	"[""independence_transition"", ""person_change"", ""subject_shift"", ""subordination_transition""]"	strong	1corintios-14-37-P04	1corintios-14-37-P03	839	S	3	finite_verb_morphology	explicit_or_morphological	candidate	37	shift	none
1corintios	14	existing_continuity_status	same	V-PAI-3S	ἀγνοεῖ	unresolved	0	[]	none	1corintios-14-38-P01	1corintios-14-37-P04	840	S	3	finite_compact_person_number	finite_morphology_fallback	candidate	38	same	none
1corintios	14	existing_continuity_status	same	V-PPI-3S	ἀγνοεῖται	candidate	2	"[""independence_transition"", ""subordination_transition""]"	candidate	1corintios-14-38-P02	1corintios-14-38-P01	841	S	3	finite_verb_morphology	explicit_or_morphological	not_detected	38	same	none
1corintios	14	existing_continuity_status	shift	V-PAD-2P	ζηλοῦτε	unresolved	5	"[""independence_transition"", ""number_change"", ""person_change"", ""subject_shift"", ""subordination_transition""]"	strong	1corintios-14-39-P01	1corintios-14-38-P02	842	P	2	finite_verb_morphology	explicit_or_morphological	candidate	39	shift	none
1corintios	14	existing_continuity_status	same	V-PAD-2P	κωλύετε	candidate	2	"[""independence_transition"", ""subordination_transition""]"	candidate	1corintios-14-39-P02	1corintios-14-39-P01	843	P	2	finite_verb_morphology	explicit_or_morphological	not_detected	39	same	none
1corintios	14	existing_continuity_status	shift	V-PMD-3S	γινέσθω	candidate	3	"[""number_change"", ""person_change"", ""subject_shift""]"	strong	1corintios-14-40-P01	1corintios-14-39-P02	844	S	3	finite_verb_morphology	explicit_or_morphological	not_detected	40	shift	none
1corintios	15	existing_continuity_status	shift	V-PAI-1S	γνωρίζω	candidate	2	"[""person_change"", ""subject_shift""]"	candidate	1corintios-15-1-P01	1corintios-14-40-P01	845	S	1	finite_verb_morphology	explicit_or_morphological	not_detected	1	shift	none
1corintios	15	existing_continuity_status	same	V-AMI-1S	εὐηγγελισάμην	candidate	0	[]	none	1corintios-15-1-P02	1corintios-15-1-P01	846	S	1	finite_verb_morphology	explicit_or_morphological	not_detected	1	same	none
1corintios	15	existing_continuity_status	shift	V-AAI-2P	παρελάβετε	candidate	3	"[""number_change"", ""person_change"", ""subject_shift""]"	strong	1corintios-15-1-P03	1corintios-15-1-P02	847	P	2	finite_verb_morphology	explicit_or_morphological	not_detected	1	shift	none
1corintios	15	existing_continuity_status	same	V-XAI-2P	ἑστήκατε	candidate	0	[]	none	1corintios-15-1-P04	1corintios-15-1-P03	848	P	2	finite_verb_morphology	explicit_or_morphological	not_detected	1	same	none
1corintios	15	existing_continuity_status	same	V-PPI-2P	σῴζεσθε	candidate	0	[]	none	1corintios-15-2-P01	1corintios-15-1-P04	849	P	2	finite_verb_morphology	explicit_or_morphological	not_detected	2	same	none
1corintios	15	existing_continuity_status	shift	V-AMI-1S	εὐηγγελισάμην	candidate	3	"[""number_change"", ""person_change"", ""subject_shift""]"	strong	1corintios-15-2-P02	1corintios-15-2-P01	850	S	1	finite_verb_morphology	explicit_or_morphological	not_detected	2	shift	none
1corintios	15	existing_continuity_status	shift	V-PAI-2P	κατέχετε	unresolved	5	"[""independence_transition"", ""number_change"", ""person_change"", ""subject_shift"", ""subordination_transition""]"	strong	1corintios-15-2-P03	1corintios-15-2-P02	851	P	2	finite_verb_morphology	explicit_or_morphological	candidate	2	shift	none
1corintios	15	existing_continuity_status	same	V-AAI-2P	ἐπιστεύσατε	unresolved	0	[]	none	1corintios-15-2-P04	1corintios-15-2-P03	852	P	2	finite_verb_morphology	explicit_or_morphological	candidate	2	same	none
1corintios	15	existing_continuity_status	shift	V-AAI-1S	παρέδωκα	candidate	5	"[""independence_transition"", ""number_change"", ""person_change"", ""subject_shift"", ""subordination_transition""]"	strong	1corintios-15-3-P01	1corintios-15-2-P04	853	S	1	finite_verb_morphology	explicit_or_morphological	not_detected	3	shift	none
1corintios	15	existing_continuity_status	same	V-AAI-1S	παρέλαβον	candidate	0	[]	none	1corintios-15-3-P02	1corintios-15-3-P01	854	S	1	finite_verb_morphology	explicit_or_morphological	not_detected	3	same	none
1corintios	15	existing_continuity_status	shift	V-AAI-3S	ἀπέθανεν	unresolved	4	"[""independence_transition"", ""person_change"", ""subject_shift"", ""subordination_transition""]"	strong	1corintios-15-3-P03	1corintios-15-3-P02	855	S	3	finite_compact_person_number	finite_morphology_fallback	candidate	3	shift	none
1corintios	15	existing_continuity_status	same	V-API-3S	ἐτάφη	unresolved	0	[]	none	1corintios-15-4-P01	1corintios-15-3-P03	856	S	3	finite_verb_morphology	explicit_or_morphological	candidate	4	same	none
1corintios	15	existing_continuity_status	same	V-XPI-3S	ἐγήγερται	unresolved	0	[]	none	1corintios-15-4-P02	1corintios-15-4-P01	857	S	3	finite_verb_morphology	explicit_or_morphological	candidate	4	same	none
1corintios	15	existing_continuity_status	same	V-API-3S	ὤφθη	unresolved	0	[]	none	1corintios-15-5-P01	1corintios-15-4-P02	858	S	3	finite_verb_morphology	explicit_or_morphological	candidate	5	same	none
1corintios	15	existing_continuity_status	same	V-API-3S	ὤφθη	candidate	2	"[""independence_transition"", ""subordination_transition""]"	candidate	1corintios-15-6-P01	1corintios-15-5-P01	859	S	3	finite_verb_morphology	explicit_or_morphological	not_detected	6	same	none
1corintios	15	existing_continuity_status	shift	V-PAI-3P	μένουσιν	candidate	2	"[""number_change"", ""subject_shift""]"	candidate	1corintios-15-6-P02	1corintios-15-6-P01	860	P	3	finite_compact_person_number	finite_morphology_fallback	not_detected	6	shift	none
1corintios	15	existing_continuity_status	same	V-API-3P	ἐκοιμήθησαν	candidate	0	[]	none	1corintios-15-6-P03	1corintios-15-6-P02	861	P	3	finite_verb_morphology	explicit_or_morphological	not_detected	6	same	none
1corintios	15	existing_continuity_status	shift	V-API-3S	ὤφθη	candidate	2	"[""number_change"", ""subject_shift""]"	candidate	1corintios-15-7-P01	1corintios-15-6-P03	862	S	3	finite_verb_morphology	explicit_or_morphological	not_detected	7	shift	none
1corintios	15	existing_continuity_status	same	V-API-3S	ὤφθη	candidate	0	[]	none	1corintios-15-8-P01	1corintios-15-7-P01	863	S	3	finite_verb_morphology	explicit_or_morphological	not_detected	8	same	none
1corintios	15	existing_continuity_status	shift	V-PAI-1S	εἰμι	candidate	2	"[""person_change"", ""subject_shift""]"	candidate	1corintios-15-9-P01	1corintios-15-8-P01	864	S	1	finite_verb_morphology	explicit_or_morphological	not_detected	9	shift	none
1corintios	15	existing_continuity_status	same	V-PAI-1S	εἰμὶ	candidate	0	[]	none	1corintios-15-9-P02	1corintios-15-9-P01	865	S	1	finite_verb_morphology	explicit_or_morphological	not_detected	9	same	none
1corintios	15	existing_continuity_status	same	V-AAI-1S	ἐδίωξα	candidate	0	[]	none	1corintios-15-9-P03	1corintios-15-9-P02	866	S	1	finite_verb_morphology	explicit_or_morphological	not_detected	9	same	none
1corintios	15	existing_continuity_status	same	V-PAI-1S	εἰμι	candidate	0	[]	none	1corintios-15-10-P01	1corintios-15-9-P03	867	S	1	finite_verb_morphology	explicit_or_morphological	not_detected	10	same	none
1corintios	15	existing_continuity_status	same	V-PAI-1S	εἰμι	candidate	0	[]	none	1corintios-15-10-P02	1corintios-15-10-P01	868	S	1	finite_verb_morphology	explicit_or_morphological	not_detected	10	same	none
1corintios	15	existing_continuity_status	shift	V-API-3S	ἐγενήθη	candidate	2	"[""person_change"", ""subject_shift""]"	candidate	1corintios-15-10-P03	1corintios-15-10-P02	869	S	3	finite_compact_person_number	finite_morphology_fallback	not_detected	10	shift	none
1corintios	15	existing_continuity_status	shift	V-AAI-1S	ἐκοπίασα	candidate	2	"[""person_change"", ""subject_shift""]"	candidate	1corintios-15-10-P04	1corintios-15-10-P03	870	S	1	finite_verb_morphology	explicit_or_morphological	not_detected	10	shift	none
1corintios	15	existing_continuity_status	shift	V-PAI-1P	κηρύσσομεν	candidate	2	"[""number_change"", ""subject_shift""]"	candidate	1corintios-15-11-P01	1corintios-15-10-P04	871	P	1	finite_verb_morphology	explicit_or_morphological	not_detected	11	shift	none
1corintios	15	existing_continuity_status	shift	V-AAI-2P	ἐπιστεύσατε	candidate	2	"[""person_change"", ""subject_shift""]"	candidate	1corintios-15-11-P02	1corintios-15-11-P01	872	P	2	finite_verb_morphology	explicit_or_morphological	not_detected	11	shift	none
1corintios	15	existing_continuity_status	shift	V-PPI-3S	κηρύσσεται	unresolved	5	"[""independence_transition"", ""number_change"", ""person_change"", ""subject_shift"", ""subordination_transition""]"	strong	1corintios-15-12-P01	1corintios-15-11-P02	873	S	3	finite_compact_person_number	finite_morphology_fallback	candidate	12	shift	none
1corintios	15	existing_continuity_status	same	V-XPI-3S	ἐγήγερται	unresolved	0	[]	none	1corintios-15-12-P02	1corintios-15-12-P01	874	S	3	finite_verb_morphology	explicit_or_morphological	candidate	12	same	none
1corintios	15	existing_continuity_status	shift	V-PAI-3P	λέγουσιν	candidate	4	"[""independence_transition"", ""number_change"", ""subject_shift"", ""subordination_transition""]"	strong	1corintios-15-12-P03	1corintios-15-12-P02	875	P	3	finite_verb_morphology	explicit_or_morphological	not_detected	12	shift	none
1corintios	15	existing_continuity_status	shift	V-PAI-3S	ἔστιν	unresolved	4	"[""independence_transition"", ""number_change"", ""subject_shift"", ""subordination_transition""]"	strong	1corintios-15-12-P04	1corintios-15-12-P03	876	S	3	finite_compact_person_number	finite_morphology_fallback	candidate	12	shift	none
1corintios	15	existing_continuity_status	same	V-PAI-3S	ἔστιν	unresolved	0	[]	none	1corintios-15-13-P01	1corintios-15-12-P04	877	S	3	finite_compact_person_number	finite_morphology_fallback	candidate	13	same	none
1corintios	15	existing_continuity_status	same	V-XPI-3S	ἐγήγερται	candidate	2	"[""independence_transition"", ""subordination_transition""]"	candidate	1corintios-15-13-P02	1corintios-15-13-P01	878	S	3	finite_compact_person_number	finite_morphology_fallback	not_detected	13	same	none
1corintios	15	existing_continuity_status	same	V-XPI-3S	ἐγήγερται	unresolved	2	"[""independence_transition"", ""subordination_transition""]"	candidate	1corintios-15-14-P01	1corintios-15-13-P02	879	S	3	finite_compact_person_number	finite_morphology_fallback	candidate	14	same	none
1corintios	15	existing_continuity_status	shift	V-PPI-1P	εὑρισκόμεθα	candidate	5	"[""independence_transition"", ""number_change"", ""person_change"", ""subject_shift"", ""subordination_transition""]"	strong	1corintios-15-15-P01	1corintios-15-14-P01	880	P	1	finite_verb_morphology	explicit_or_morphological	not_detected	15	shift	none
1corintios	15	existing_continuity_status	same	V-AAI-1P	ἐμαρτυρήσαμεν	unresolved	2	"[""independence_transition"", ""subordination_transition""]"	candidate	1corintios-15-15-P02	1corintios-15-15-P01	881	P	1	finite_verb_morphology	explicit_or_morphological	candidate	15	same	none
1corintios	15	existing_continuity_status	shift	V-AAI-3S	ἤγειρεν	unresolved	3	"[""number_change"", ""person_change"", ""subject_shift""]"	strong	1corintios-15-15-P03	1corintios-15-15-P02	882	S	3	finite_verb_morphology	explicit_or_morphological	candidate	15	shift	none
1corintios	15	existing_continuity_status	same	V-AAI-3S	ἤγειρεν	candidate	2	"[""independence_transition"", ""subordination_transition""]"	candidate	1corintios-15-15-P04	1corintios-15-15-P03	883	S	3	finite_verb_morphology	explicit_or_morphological	not_detected	15	same	none
1corintios	15	existing_continuity_status	shift	V-PPI-3P	ἐγείρονται	candidate	2	"[""number_change"", ""subject_shift""]"	candidate	1corintios-15-15-P05	1corintios-15-15-P04	884	P	3	finite_compact_person_number	finite_morphology_fallback	not_detected	15	shift	none
1corintios	15	existing_continuity_status	same	V-PPI-3P	ἐγείρονται	unresolved	2	"[""independence_transition"", ""subordination_transition""]"	candidate	1corintios-15-16-P01	1corintios-15-15-P05	885	P	3	finite_compact_person_number	finite_morphology_fallback	candidate	16	same	none
1corintios	15	existing_continuity_status	shift	V-XPI-3S	ἐγήγερται	candidate	4	"[""independence_transition"", ""number_change"", ""subject_shift"", ""subordination_transition""]"	strong	1corintios-15-16-P02	1corintios-15-16-P01	886	S	3	finite_compact_person_number	finite_morphology_fallback	not_detected	16	shift	none
1corintios	15	existing_continuity_status	same	V-XPI-3S	ἐγήγερται	unresolved	2	"[""independence_transition"", ""subordination_transition""]"	candidate	1corintios-15-17-P01	1corintios-15-16-P02	887	S	3	finite_compact_person_number	finite_morphology_fallback	candidate	17	same	none
1corintios	15	existing_continuity_status	shift	V-PAI-2P	ἐστὲ	candidate	5	"[""independence_transition"", ""number_change"", ""person_change"", ""subject_shift"", ""subordination_transition""]"	strong	1corintios-15-17-P02	1corintios-15-17-P01	888	P	2	finite_verb_morphology	explicit_or_morphological	not_detected	17	shift	none
1corintios	15	existing_continuity_status	shift	V-AMI-3P	ἀπώλοντο	candidate	2	"[""person_change"", ""subject_shift""]"	candidate	1corintios-15-18-P01	1corintios-15-17-P02	889	P	3	finite_compact_person_number	finite_morphology_fallback	not_detected	18	shift	none
1corintios	15	existing_continuity_status	shift	V-PAI-1P	ἐσμὲν	unresolved	4	"[""independence_transition"", ""person_change"", ""subject_shift"", ""subordination_transition""]"	strong	1corintios-15-19-P01	1corintios-15-18-P01	890	P	1	finite_verb_morphology	explicit_or_morphological	candidate	19	shift	none
1corintios	15	existing_continuity_status	same	V-PAI-1P	ἐσμέν	candidate	2	"[""independence_transition"", ""subordination_transition""]"	candidate	1corintios-15-19-P02	1corintios-15-19-P01	891	P	1	finite_verb_morphology	explicit_or_morphological	not_detected	19	same	none
1corintios	15	existing_continuity_status	shift	V-XPI-3S	ἐγήγερται	candidate	3	"[""number_change"", ""person_change"", ""subject_shift""]"	strong	1corintios-15-20-P01	1corintios-15-19-P02	892	S	3	finite_compact_person_number	finite_morphology_fallback	not_detected	20	shift	none
1corintios	15	existing_continuity_status	shift	V-PAI-3P	ἀποθνῄσκουσιν	candidate	2	"[""number_change"", ""subject_shift""]"	candidate	1corintios-15-22-P01	1corintios-15-20-P01	893	P	3	finite_compact_person_number	finite_morphology_fallback	not_detected	22	shift	none
1corintios	15	existing_continuity_status	same	V-FPI-3P	ζῳοποιηθήσονται	candidate	0	[]	none	1corintios-15-22-P02	1corintios-15-22-P01	894	P	3	finite_compact_person_number	finite_morphology_fallback	not_detected	22	same	none
1corintios	15	existing_continuity_status	shift	V-PAS-3S	παραδιδῷ	unresolved	4	"[""independence_transition"", ""number_change"", ""subject_shift"", ""subordination_transition""]"	strong	1corintios-15-24-P01	1corintios-15-22-P02	895	S	3	finite_compact_person_number	finite_morphology_fallback	candidate	24	shift	none
1corintios	15	existing_continuity_status	same	V-AAS-3S	καταργήσῃ	unresolved	0	[]	none	1corintios-15-24-P02	1corintios-15-24-P01	896	S	3	finite_verb_morphology	explicit_or_morphological	candidate	24	same	none
1corintios	15	existing_continuity_status	same	V-PAI-3S	δεῖ	candidate	2	"[""independence_transition"", ""subordination_transition""]"	candidate	1corintios-15-25-P01	1corintios-15-24-P02	897	S	3	finite_verb_morphology	explicit_or_morphological	not_detected	25	same	none
1corintios	15	existing_continuity_status	same	V-AAS-3S	θῇ	candidate	0	[]	none	1corintios-15-25-P02	1corintios-15-25-P01	898	S	3	finite_verb_morphology	explicit_or_morphological	not_detected	25	same	none
1corintios	15	existing_continuity_status	same	V-PPI-3S	καταργεῖται	candidate	0	[]	none	1corintios-15-26-P01	1corintios-15-25-P02	899	S	3	finite_compact_person_number	finite_morphology_fallback	not_detected	26	same	none
1corintios	15	existing_continuity_status	same	V-AAI-3S	ὑπέταξεν	candidate	0	[]	none	1corintios-15-27-P01	1corintios-15-26-P01	900	S	3	finite_verb_morphology	explicit_or_morphological	not_detected	27	same	none
1corintios	15	existing_continuity_status	same	V-AAS-3S	εἴπῃ	unresolved	2	"[""independence_transition"", ""subordination_transition""]"	candidate	1corintios-15-27-P02	1corintios-15-27-P01	901	S	3	finite_verb_morphology	explicit_or_morphological	candidate	27	same	none
1corintios	15	existing_continuity_status	same	V-XPI-3S	ὑποτέτακται	unresolved	0	[]	none	1corintios-15-27-P03	1corintios-15-27-P02	902	S	3	finite_compact_person_number	finite_morphology_fallback	candidate	27	same	none
1corintios	15	existing_continuity_status	same	V-APS-3S	ὑποταγῇ	unresolved	0	[]	none	1corintios-15-28-P01	1corintios-15-27-P03	903	S	3	finite_verb_morphology	explicit_or_morphological	candidate	28	same	none
1corintios	15	existing_continuity_status	same	V-FPI-3S	ὑποταγήσεται	candidate	2	"[""independence_transition"", ""subordination_transition""]"	candidate	1corintios-15-28-P02	1corintios-15-28-P01	904	S	3	finite_compact_person_number	finite_morphology_fallback	not_detected	28	same	none
1corintios	15	existing_continuity_status	same	V-PAS-3S	ᾖ	unresolved	2	"[""independence_transition"", ""subordination_transition""]"	candidate	1corintios-15-28-P03	1corintios-15-28-P02	905	S	3	finite_verb_morphology	explicit_or_morphological	candidate	28	same	none
1corintios	15	existing_continuity_status	shift	V-FAI-3P	ποιήσουσιν	unresolved	2	"[""number_change"", ""subject_shift""]"	candidate	1corintios-15-29-P01	1corintios-15-28-P03	906	P	3	finite_verb_morphology	explicit_or_morphological	candidate	29	shift	none
1corintios	15	existing_continuity_status	same	V-PPI-3P	ἐγείρονται	unresolved	0	[]	none	1corintios-15-29-P02	1corintios-15-29-P01	907	P	3	finite_compact_person_number	finite_morphology_fallback	candidate	29	same	none
1corintios	15	existing_continuity_status	same	V-PPI-3P	βαπτίζονται	candidate	2	"[""independence_transition"", ""subordination_transition""]"	candidate	1corintios-15-29-P03	1corintios-15-29-P02	908	P	3	finite_verb_morphology	explicit_or_morphological	not_detected	29	same	none
1corintios	15	existing_continuity_status	shift	V-PAI-1P	κινδυνεύομεν	candidate	2	"[""person_change"", ""subject_shift""]"	candidate	1corintios-15-30-P01	1corintios-15-29-P03	909	P	1	finite_verb_morphology	explicit_or_morphological	not_detected	30	shift	none
1corintios	15	existing_continuity_status	shift	V-PAI-1S	ἀποθνῄσκω	candidate	2	"[""number_change"", ""subject_shift""]"	candidate	1corintios-15-31-P01	1corintios-15-30-P01	910	S	1	finite_verb_morphology	explicit_or_morphological	not_detected	31	shift	none
1corintios	15	existing_continuity_status	same	V-PAI-1S	ἔχω	candidate	0	[]	none	1corintios-15-31-P02	1corintios-15-31-P01	911	S	1	finite_verb_morphology	explicit_or_morphological	not_detected	31	same	none
1corintios	15	existing_continuity_status	same	V-AAI-1S	ἐθηριομάχησα	unresolved	2	"[""independence_transition"", ""subordination_transition""]"	candidate	1corintios-15-32-P01	1corintios-15-31-P02	912	S	1	finite_verb_morphology	explicit_or_morphological	candidate	32	same	none
1corintios	15	existing_continuity_status	shift	V-PPI-3P	ἐγείρονται	unresolved	3	"[""number_change"", ""person_change"", ""subject_shift""]"	strong	1corintios-15-32-P02	1corintios-15-32-P01	913	P	3	finite_compact_person_number	finite_morphology_fallback	candidate	32	shift	none
1corintios	15	existing_continuity_status	shift	V-AAS-1P	φάγωμεν	candidate	4	"[""independence_transition"", ""person_change"", ""subject_shift"", ""subordination_transition""]"	strong	1corintios-15-32-P03	1corintios-15-32-P02	914	P	1	finite_verb_morphology	explicit_or_morphological	not_detected	32	shift	none
1corintios	15	existing_continuity_status	same	V-AAS-1P	πίωμεν	candidate	0	[]	none	1corintios-15-32-P04	1corintios-15-32-P03	915	P	1	finite_verb_morphology	explicit_or_morphological	not_detected	32	same	none
1corintios	15	existing_continuity_status	same	V-PAI-1P	ἀποθνῄσκομεν	candidate	0	[]	none	1corintios-15-32-P05	1corintios-15-32-P04	916	P	1	finite_verb_morphology	explicit_or_morphological	not_detected	32	same	none
1corintios	15	existing_continuity_status	shift	V-PPD-2P	πλανᾶσθε	candidate	2	"[""person_change"", ""subject_shift""]"	candidate	1corintios-15-33-P01	1corintios-15-32-P05	917	P	2	finite_verb_morphology	explicit_or_morphological	not_detected	33	shift	none
1corintios	15	existing_continuity_status	shift	V-PAI-3P	φθείρουσιν	candidate	2	"[""person_change"", ""subject_shift""]"	candidate	1corintios-15-33-P02	1corintios-15-33-P01	918	P	3	finite_verb_morphology	explicit_or_morphological	not_detected	33	shift	none
1corintios	15	existing_continuity_status	shift	V-AAD-2P	ἐκνήψατε	candidate	2	"[""person_change"", ""subject_shift""]"	candidate	1corintios-15-34-P01	1corintios-15-33-P02	919	P	2	finite_verb_morphology	explicit_or_morphological	not_detected	34	shift	none
1corintios	15	existing_continuity_status	same	V-PAD-2P	ἁμαρτάνετε	candidate	0	[]	none	1corintios-15-34-P02	1corintios-15-34-P01	920	P	2	finite_verb_morphology	explicit_or_morphological	not_detected	34	same	none
1corintios	15	existing_continuity_status	shift	V-PAI-3P	ἔχουσιν	candidate	2	"[""person_change"", ""subject_shift""]"	candidate	1corintios-15-34-P03	1corintios-15-34-P02	921	P	3	finite_compact_person_number	finite_morphology_fallback	not_detected	34	shift	none
1corintios	15	existing_continuity_status	shift	V-PAI-1S	λαλῶ	candidate	3	"[""number_change"", ""person_change"", ""subject_shift""]"	strong	1corintios-15-34-P04	1corintios-15-34-P03	922	S	1	finite_verb_morphology	explicit_or_morphological	not_detected	34	shift	none
1corintios	15	existing_continuity_status	shift	V-FAI-3S	ἐρεῖ	candidate	2	"[""person_change"", ""subject_shift""]"	candidate	1corintios-15-35-P01	1corintios-15-34-P04	923	S	3	finite_verb_morphology	explicit_or_morphological	not_detected	35	shift	none
1corintios	15	existing_continuity_status	shift	V-PPI-3P	ἐγείρονται	candidate	2	"[""number_change"", ""subject_shift""]"	candidate	1corintios-15-35-P02	1corintios-15-35-P01	924	P	3	finite_verb_morphology	explicit_or_morphological	not_detected	35	shift	none
1corintios	15	existing_continuity_status	same	V-PMI-3P	ἔρχονται	candidate	0	[]	none	1corintios-15-35-P03	1corintios-15-35-P02	925	P	3	finite_verb_morphology	explicit_or_morphological	not_detected	35	same	none
1corintios	15	existing_continuity_status	shift	V-PAI-2S	σπείρεις	candidate	3	"[""number_change"", ""person_change"", ""subject_shift""]"	strong	1corintios-15-36-P01	1corintios-15-35-P03	926	S	2	finite_verb_morphology	explicit_or_morphological	not_detected	36	shift	none
1corintios	15	existing_continuity_status	shift	V-PPI-3S	ζῳοποιεῖται	candidate	2	"[""person_change"", ""subject_shift""]"	candidate	1corintios-15-36-P02	1corintios-15-36-P01	927	S	3	finite_verb_morphology	explicit_or_morphological	not_detected	36	shift	none
1corintios	15	existing_continuity_status	same	V-AAS-3S	ἀποθάνῃ	unresolved	2	"[""independence_transition"", ""subordination_transition""]"	candidate	1corintios-15-36-P03	1corintios-15-36-P02	928	S	3	finite_verb_morphology	explicit_or_morphological	candidate	36	same	none
1corintios	15	existing_continuity_status	shift	V-PAI-2S	σπείρεις	candidate	4	"[""independence_transition"", ""person_change"", ""subject_shift"", ""subordination_transition""]"	strong	1corintios-15-37-P01	1corintios-15-36-P03	929	S	2	finite_verb_morphology	explicit_or_morphological	not_detected	37	shift	none
1corintios	15	existing_continuity_status	same	V-PAI-2S	σπείρεις	candidate	0	[]	none	1corintios-15-37-P02	1corintios-15-37-P01	930	S	2	finite_verb_morphology	explicit_or_morphological	not_detected	37	same	none
1corintios	15	existing_continuity_status	shift	V-AAO-3S	τύχοι	unresolved	4	"[""independence_transition"", ""person_change"", ""subject_shift"", ""subordination_transition""]"	strong	1corintios-15-37-P03	1corintios-15-37-P02	931	S	3	finite_verb_morphology	explicit_or_morphological	candidate	37	shift	none
1corintios	15	existing_continuity_status	same	V-PAI-3S	δίδωσιν	candidate	2	"[""independence_transition"", ""subordination_transition""]"	candidate	1corintios-15-38-P01	1corintios-15-37-P03	932	S	3	finite_compact_person_number	finite_morphology_fallback	not_detected	38	same	none
1corintios	15	existing_continuity_status	same	V-AAI-3S	ἠθέλησεν	unresolved	2	"[""independence_transition"", ""subordination_transition""]"	candidate	1corintios-15-38-P02	1corintios-15-38-P01	933	S	3	finite_verb_morphology	explicit_or_morphological	candidate	38	same	none
1corintios	15	existing_continuity_status	same	V-PAI-3S	διαφέρει	candidate	2	"[""independence_transition"", ""subordination_transition""]"	candidate	1corintios-15-41-P01	1corintios-15-38-P02	934	S	3	finite_verb_morphology	explicit_or_morphological	not_detected	41	same	none
1corintios	15	existing_continuity_status	same	V-PPI-3S	σπείρεται	candidate	0	[]	none	1corintios-15-42-P01	1corintios-15-41-P01	935	S	3	finite_compact_person_number	finite_morphology_fallback	not_detected	42	same	none
1corintios	15	existing_continuity_status	same	V-PPI-3S	ἐγείρεται	candidate	0	[]	none	1corintios-15-42-P02	1corintios-15-42-P01	936	S	3	finite_verb_morphology	explicit_or_morphological	not_detected	42	same	none
1corintios	15	existing_continuity_status	same	V-PPI-3S	σπείρεται	candidate	0	[]	none	1corintios-15-43-P01	1corintios-15-42-P02	937	S	3	finite_verb_morphology	explicit_or_morphological	not_detected	43	same	none
1corintios	15	existing_continuity_status	same	V-PPI-3S	ἐγείρεται	candidate	0	[]	none	1corintios-15-43-P02	1corintios-15-43-P01	938	S	3	finite_verb_morphology	explicit_or_morphological	not_detected	43	same	none
1corintios	15	existing_continuity_status	same	V-PPI-3S	σπείρεται	candidate	0	[]	none	1corintios-15-43-P03	1corintios-15-43-P02	939	S	3	finite_verb_morphology	explicit_or_morphological	not_detected	43	same	none
1corintios	15	existing_continuity_status	same	V-PPI-3S	ἐγείρεται	candidate	0	[]	none	1corintios-15-43-P04	1corintios-15-43-P03	940	S	3	finite_verb_morphology	explicit_or_morphological	not_detected	43	same	none
1corintios	15	existing_continuity_status	same	V-PPI-3S	σπείρεται	candidate	0	[]	none	1corintios-15-44-P01	1corintios-15-43-P04	941	S	3	finite_verb_morphology	explicit_or_morphological	not_detected	44	same	none
1corintios	15	existing_continuity_status	same	V-PPI-3S	ἐγείρεται	candidate	0	[]	none	1corintios-15-44-P02	1corintios-15-44-P01	942	S	3	finite_compact_person_number	finite_morphology_fallback	not_detected	44	same	none
1corintios	15	existing_continuity_status	same	V-PAI-3S	ἔστιν	unresolved	2	"[""independence_transition"", ""subordination_transition""]"	candidate	1corintios-15-44-P03	1corintios-15-44-P02	943	S	3	finite_compact_person_number	finite_morphology_fallback	candidate	44	same	none
1corintios	15	existing_continuity_status	same	V-PAI-3S	ἔστιν	candidate	2	"[""independence_transition"", ""subordination_transition""]"	candidate	1corintios-15-44-P04	1corintios-15-44-P03	944	S	3	finite_compact_person_number	finite_morphology_fallback	not_detected	44	same	none
1corintios	15	existing_continuity_status	same	V-XPI-3S	γέγραπται	candidate	0	[]	none	1corintios-15-45-P01	1corintios-15-44-P04	945	S	3	finite_verb_morphology	explicit_or_morphological	not_detected	45	same	none
1corintios	15	existing_continuity_status	same	V-AMI-3S	ἐγένετο	candidate	0	[]	none	1corintios-15-45-P02	1corintios-15-45-P01	946	S	3	finite_verb_morphology	explicit_or_morphological	not_detected	45	same	none
1corintios	15	existing_continuity_status	shift	V-AAI-1P	ἐφορέσαμεν	unresolved	5	"[""independence_transition"", ""number_change"", ""person_change"", ""subject_shift"", ""subordination_transition""]"	strong	1corintios-15-49-P01	1corintios-15-45-P02	947	P	1	finite_verb_morphology	explicit_or_morphological	candidate	49	shift	none
1corintios	15	existing_continuity_status	same	V-FAI-1P	φορέσομεν	candidate	2	"[""independence_transition"", ""subordination_transition""]"	candidate	1corintios-15-49-P02	1corintios-15-49-P01	948	P	1	finite_verb_morphology	explicit_or_morphological	not_detected	49	same	none
1corintios	15	existing_continuity_status	shift	V-PAI-1S	φημι	candidate	2	"[""number_change"", ""subject_shift""]"	candidate	1corintios-15-50-P01	1corintios-15-49-P02	949	S	1	finite_verb_morphology	explicit_or_morphological	not_detected	50	shift	none
1corintios	15	existing_continuity_status	shift	V-PMI-3S	δύναται	unresolved	4	"[""independence_transition"", ""person_change"", ""subject_shift"", ""subordination_transition""]"	strong	1corintios-15-50-P02	1corintios-15-50-P01	950	S	3	finite_compact_person_number	finite_morphology_fallback	candidate	50	shift	none
1corintios	15	existing_continuity_status	same	V-PAI-3S	κληρονομεῖ	candidate	2	"[""independence_transition"", ""subordination_transition""]"	candidate	1corintios-15-50-P03	1corintios-15-50-P02	951	S	3	finite_compact_person_number	finite_morphology_fallback	not_detected	50	same	none
1corintios	15	existing_continuity_status	shift	V-PAI-1S	λέγω	candidate	2	"[""person_change"", ""subject_shift""]"	candidate	1corintios-15-51-P01	1corintios-15-50-P03	952	S	1	finite_verb_morphology	explicit_or_morphological	not_detected	51	shift	none
1corintios	15	existing_continuity_status	shift	V-FPI-1P	κοιμηθησόμεθα	candidate	2	"[""number_change"", ""subject_shift""]"	candidate	1corintios-15-51-P02	1corintios-15-51-P01	953	P	1	finite_verb_morphology	explicit_or_morphological	not_detected	51	shift	none
1corintios	15	existing_continuity_status	same	V-FPI-1P	ἀλλαγησόμεθα	candidate	0	[]	none	1corintios-15-51-P03	1corintios-15-51-P02	954	P	1	finite_verb_morphology	explicit_or_morphological	not_detected	51	same	none
1corintios	15	existing_continuity_status	shift	V-FAI-3S	σαλπίσει	candidate	3	"[""number_change"", ""person_change"", ""subject_shift""]"	strong	1corintios-15-52-P01	1corintios-15-51-P03	955	S	3	finite_verb_morphology	explicit_or_morphological	not_detected	52	shift	none
1corintios	15	existing_continuity_status	shift	V-FPI-3P	ἐγερθήσονται	candidate	2	"[""number_change"", ""subject_shift""]"	candidate	1corintios-15-52-P02	1corintios-15-52-P01	956	P	3	finite_compact_person_number	finite_morphology_fallback	not_detected	52	shift	none
1corintios	15	existing_continuity_status	shift	V-FPI-1P	ἀλλαγησόμεθα	candidate	2	"[""person_change"", ""subject_shift""]"	candidate	1corintios-15-52-P03	1corintios-15-52-P02	957	P	1	finite_verb_morphology	explicit_or_morphological	not_detected	52	shift	none
1corintios	15	existing_continuity_status	shift	V-PAI-3S	δεῖ	candidate	3	"[""number_change"", ""person_change"", ""subject_shift""]"	strong	1corintios-15-53-P01	1corintios-15-52-P03	958	S	3	finite_verb_morphology	explicit_or_morphological	not_detected	53	shift	none
1corintios	15	existing_continuity_status	same	V-AMS-3S	ἐνδύσηται	unresolved	2	"[""independence_transition"", ""subordination_transition""]"	candidate	1corintios-15-54-P01	1corintios-15-53-P01	959	S	3	finite_compact_person_number	finite_morphology_fallback	candidate	54	same	none
1corintios	15	existing_continuity_status	same	V-AMS-3S	ἐνδύσηται	candidate	2	"[""independence_transition"", ""subordination_transition""]"	candidate	1corintios-15-54-P02	1corintios-15-54-P01	960	S	3	finite_compact_person_number	finite_morphology_fallback	not_detected	54	same	none
1corintios	15	existing_continuity_status	same	V-FMI-3S	γενήσεται	candidate	0	[]	none	1corintios-15-54-P03	1corintios-15-54-P02	961	S	3	finite_verb_morphology	explicit_or_morphological	not_detected	54	same	none
1corintios	15	existing_continuity_status	same	V-API-3S	κατεπόθη	candidate	0	[]	none	1corintios-15-54-P04	1corintios-15-54-P03	962	S	3	finite_compact_person_number	finite_morphology_fallback	not_detected	54	same	none
1corintios	15	existing_continuity_status	shift	V-PMD-2P	γίνεσθε	unresolved	5	"[""independence_transition"", ""number_change"", ""person_change"", ""subject_shift"", ""subordination_transition""]"	strong	1corintios-15-58-P01	1corintios-15-54-P04	963	P	2	finite_verb_morphology	explicit_or_morphological	candidate	58	shift	none
1corintios	15	existing_continuity_status	shift	V-PAI-3S	ἔστιν	unresolved	3	"[""number_change"", ""person_change"", ""subject_shift""]"	strong	1corintios-15-58-P02	1corintios-15-58-P01	964	S	3	finite_compact_person_number	finite_morphology_fallback	candidate	58	shift	none
1corintios	16	existing_continuity_status	shift	V-AAI-1S	διέταξα	candidate	4	"[""independence_transition"", ""person_change"", ""subject_shift"", ""subordination_transition""]"	strong	1corintios-16-1-P01	1corintios-15-58-P02	965	S	1	finite_verb_morphology	explicit_or_morphological	not_detected	1	shift	none
1corintios	16	existing_continuity_status	shift	V-AAD-2P	ποιήσατε	candidate	3	"[""number_change"", ""person_change"", ""subject_shift""]"	strong	1corintios-16-1-P02	1corintios-16-1-P01	966	P	2	finite_verb_morphology	explicit_or_morphological	not_detected	1	shift	none
1corintios	16	existing_continuity_status	shift	V-PAD-3S	τιθέτω	candidate	3	"[""number_change"", ""person_change"", ""subject_shift""]"	strong	1corintios-16-2-P01	1corintios-16-1-P02	967	S	3	finite_compact_person_number	finite_morphology_fallback	not_detected	2	shift	none
1corintios	16	existing_continuity_status	same	V-PPS-3S	εὐοδῶται	unresolved	2	"[""independence_transition"", ""subordination_transition""]"	candidate	1corintios-16-2-P02	1corintios-16-2-P01	968	S	3	finite_verb_morphology	explicit_or_morphological	candidate	2	same	none
1corintios	16	existing_continuity_status	shift	V-AAS-1S	ἔλθω	unresolved	2	"[""person_change"", ""subject_shift""]"	candidate	1corintios-16-2-P03	1corintios-16-2-P02	969	S	1	finite_verb_morphology	explicit_or_morphological	candidate	2	shift	none
1corintios	16	existing_continuity_status	shift	V-PMS-3P	γίνωνται	candidate	5	"[""independence_transition"", ""number_change"", ""person_change"", ""subject_shift"", ""subordination_transition""]"	strong	1corintios-16-2-P04	1corintios-16-2-P03	970	P	3	finite_compact_person_number	finite_morphology_fallback	not_detected	2	shift	none
1corintios	16	existing_continuity_status	shift	V-AMS-1S	παραγένωμαι	unresolved	5	"[""independence_transition"", ""number_change"", ""person_change"", ""subject_shift"", ""subordination_transition""]"	strong	1corintios-16-3-P01	1corintios-16-2-P04	971	S	1	finite_verb_morphology	explicit_or_morphological	candidate	3	shift	none
1corintios	16	existing_continuity_status	shift	V-AAS-2P	δοκιμάσητε	unresolved	3	"[""number_change"", ""person_change"", ""subject_shift""]"	strong	1corintios-16-3-P02	1corintios-16-3-P01	972	P	2	finite_verb_morphology	explicit_or_morphological	candidate	3	shift	none
1corintios	16	existing_continuity_status	shift	V-FAI-1S	πέμψω	candidate	5	"[""independence_transition"", ""number_change"", ""person_change"", ""subject_shift"", ""subordination_transition""]"	strong	1corintios-16-3-P03	1corintios-16-3-P02	973	S	1	finite_verb_morphology	explicit_or_morphological	not_detected	3	shift	none
1corintios	16	existing_continuity_status	shift	V-PAS-3S	ᾖ	unresolved	4	"[""independence_transition"", ""person_change"", ""subject_shift"", ""subordination_transition""]"	strong	1corintios-16-4-P01	1corintios-16-3-P03	974	S	3	finite_compact_person_number	finite_morphology_fallback	candidate	4	shift	none
1corintios	16	existing_continuity_status	shift	V-FMI-3P	πορεύσονται	candidate	4	"[""independence_transition"", ""number_change"", ""subject_shift"", ""subordination_transition""]"	strong	1corintios-16-4-P02	1corintios-16-4-P01	975	P	3	finite_verb_morphology	explicit_or_morphological	not_detected	4	shift	none
1corintios	16	existing_continuity_status	shift	V-FMI-1S	ἐλεύσομαι	candidate	3	"[""number_change"", ""person_change"", ""subject_shift""]"	strong	1corintios-16-5-P01	1corintios-16-4-P02	976	S	1	finite_verb_morphology	explicit_or_morphological	not_detected	5	shift	none
1corintios	16	existing_continuity_status	same	V-AAS-1S	διέλθω	unresolved	2	"[""independence_transition"", ""subordination_transition""]"	candidate	1corintios-16-5-P02	1corintios-16-5-P01	977	S	1	finite_verb_morphology	explicit_or_morphological	candidate	5	same	none
1corintios	16	existing_continuity_status	same	V-PMI-1S	διέρχομαι	candidate	2	"[""independence_transition"", ""subordination_transition""]"	candidate	1corintios-16-5-P03	1corintios-16-5-P02	978	S	1	finite_verb_morphology	explicit_or_morphological	not_detected	5	same	none
1corintios	16	existing_continuity_status	same	V-FAI-1S	παραμενῶ	candidate	0	[]	none	1corintios-16-6-P01	1corintios-16-5-P03	979	S	1	finite_verb_morphology	explicit_or_morphological	not_detected	6	same	none
1corintios	16	existing_continuity_status	same	V-FAI-1S	παραχειμάσω	candidate	0	[]	none	1corintios-16-6-P02	1corintios-16-6-P01	980	S	1	finite_verb_morphology	explicit_or_morphological	not_detected	6	same	none
1corintios	16	existing_continuity_status	shift	V-AAS-2P	προπέμψητε	unresolved	5	"[""independence_transition"", ""number_change"", ""person_change"", ""subject_shift"", ""subordination_transition""]"	strong	1corintios-16-6-P03	1corintios-16-6-P02	981	P	2	finite_verb_morphology	explicit_or_morphological	candidate	6	shift	none
1corintios	16	existing_continuity_status	shift	V-PMS-1S	πορεύωμαι	unresolved	3	"[""number_change"", ""person_change"", ""subject_shift""]"	strong	1corintios-16-6-P04	1corintios-16-6-P03	982	S	1	finite_verb_morphology	explicit_or_morphological	candidate	6	shift	none
1corintios	16	existing_continuity_status	same	V-PAI-1S	θέλω	candidate	2	"[""independence_transition"", ""subordination_transition""]"	candidate	1corintios-16-7-P01	1corintios-16-6-P04	983	S	1	finite_verb_morphology	explicit_or_morphological	not_detected	7	same	none
1corintios	16	existing_continuity_status	same	V-PAI-1S	ἐλπίζω	candidate	0	[]	none	1corintios-16-7-P02	1corintios-16-7-P01	984	S	1	finite_verb_morphology	explicit_or_morphological	not_detected	7	same	none
1corintios	16	existing_continuity_status	shift	V-AAS-3S	ἐπιτρέψῃ	unresolved	4	"[""independence_transition"", ""person_change"", ""subject_shift"", ""subordination_transition""]"	strong	1corintios-16-7-P03	1corintios-16-7-P02	985	S	3	finite_compact_person_number	finite_morphology_fallback	candidate	7	shift	none
1corintios	16	existing_continuity_status	shift	V-FAI-1S	ἐπιμενῶ	candidate	4	"[""independence_transition"", ""person_change"", ""subject_shift"", ""subordination_transition""]"	strong	1corintios-16-8-P01	1corintios-16-7-P03	986	S	1	finite_verb_morphology	explicit_or_morphological	not_detected	8	shift	none
1corintios	16	existing_continuity_status	shift	V-XAI-3S	ἀνέῳγεν	candidate	2	"[""person_change"", ""subject_shift""]"	candidate	1corintios-16-9-P01	1corintios-16-8-P01	987	S	3	finite_verb_morphology	explicit_or_morphological	not_detected	9	shift	none
1corintios	16	existing_continuity_status	same	V-AAS-3S	ἔλθῃ	unresolved	2	"[""independence_transition"", ""subordination_transition""]"	candidate	1corintios-16-10-P01	1corintios-16-9-P01	988	S	3	finite_verb_morphology	explicit_or_morphological	candidate	10	same	none
1corintios	16	existing_continuity_status	shift	V-PAD-2P	βλέπετε	candidate	5	"[""independence_transition"", ""number_change"", ""person_change"", ""subject_shift"", ""subordination_transition""]"	strong	1corintios-16-10-P02	1corintios-16-10-P01	989	P	2	finite_verb_morphology	explicit_or_morphological	not_detected	10	shift	none
1corintios	16	existing_continuity_status	shift	V-AMS-3S	γένηται	unresolved	5	"[""independence_transition"", ""number_change"", ""person_change"", ""subject_shift"", ""subordination_transition""]"	strong	1corintios-16-10-P03	1corintios-16-10-P02	990	S	3	finite_verb_morphology	explicit_or_morphological	candidate	10	shift	none
1corintios	16	existing_continuity_status	same	V-PMI-3S	ἐργάζεται	candidate	2	"[""independence_transition"", ""subordination_transition""]"	candidate	1corintios-16-10-P04	1corintios-16-10-P03	991	S	3	finite_verb_morphology	explicit_or_morphological	not_detected	10	same	none
1corintios	16	existing_continuity_status	same	V-AAS-3S	ἐξουθενήσῃ	candidate	0	[]	none	1corintios-16-11-P01	1corintios-16-10-P04	992	S	3	finite_verb_morphology	explicit_or_morphological	not_detected	11	same	none
1corintios	16	existing_continuity_status	shift	V-AAD-2P	προπέμψατε	candidate	3	"[""number_change"", ""person_change"", ""subject_shift""]"	strong	1corintios-16-11-P02	1corintios-16-11-P01	993	P	2	finite_verb_morphology	explicit_or_morphological	not_detected	11	shift	none
1corintios	16	existing_continuity_status	shift	V-AAS-3S	ἔλθῃ	unresolved	5	"[""independence_transition"", ""number_change"", ""person_change"", ""subject_shift"", ""subordination_transition""]"	strong	1corintios-16-11-P03	1corintios-16-11-P02	994	S	3	finite_verb_morphology	explicit_or_morphological	candidate	11	shift	none
1corintios	16	existing_continuity_status	shift	V-PMI-1S	ἐκδέχομαι	candidate	4	"[""independence_transition"", ""person_change"", ""subject_shift"", ""subordination_transition""]"	strong	1corintios-16-11-P04	1corintios-16-11-P03	995	S	1	finite_verb_morphology	explicit_or_morphological	not_detected	11	shift	none
1corintios	16	existing_continuity_status	same	V-AAI-1S	παρεκάλεσα	candidate	0	[]	none	1corintios-16-12-P01	1corintios-16-11-P04	996	S	1	finite_verb_morphology	explicit_or_morphological	not_detected	12	same	none
1corintios	16	existing_continuity_status	shift	V-AAS-3S	ἔλθῃ	unresolved	4	"[""independence_transition"", ""person_change"", ""subject_shift"", ""subordination_transition""]"	strong	1corintios-16-12-P02	1corintios-16-12-P01	997	S	3	finite_verb_morphology	explicit_or_morphological	candidate	12	shift	none
1corintios	16	existing_continuity_status	same	V-IAI-3S	ἦν	candidate	2	"[""independence_transition"", ""subordination_transition""]"	candidate	1corintios-16-12-P03	1corintios-16-12-P02	998	S	3	finite_verb_morphology	explicit_or_morphological	not_detected	12	same	none
1corintios	16	existing_continuity_status	same	V-AAS-3S	ἔλθῃ	unresolved	2	"[""independence_transition"", ""subordination_transition""]"	candidate	1corintios-16-12-P04	1corintios-16-12-P03	999	S	3	finite_compact_person_number	finite_morphology_fallback	candidate	12	same	none
1corintios	16	existing_continuity_status	same	V-FMI-3S	ἐλεύσεται	candidate	2	"[""independence_transition"", ""subordination_transition""]"	candidate	1corintios-16-12-P05	1corintios-16-12-P04	1000	S	3	finite_verb_morphology	explicit_or_morphological	not_detected	12	same	none
1corintios	16	existing_continuity_status	same	V-AAS-3S	εὐκαιρήσῃ	unresolved	2	"[""independence_transition"", ""subordination_transition""]"	candidate	1corintios-16-12-P06	1corintios-16-12-P05	1001	S	3	finite_verb_morphology	explicit_or_morphological	candidate	12	same	none
1corintios	16	existing_continuity_status	same	V-PMD-3S	γινέσθω	candidate	2	"[""independence_transition"", ""subordination_transition""]"	candidate	1corintios-16-14-P01	1corintios-16-12-P06	1002	S	3	finite_compact_person_number	finite_morphology_fallback	not_detected	14	same	none
1corintios	16	existing_continuity_status	shift	V-PAI-1S	παρακαλῶ	candidate	2	"[""person_change"", ""subject_shift""]"	candidate	1corintios-16-15-P01	1corintios-16-14-P01	1003	S	1	finite_verb_morphology	explicit_or_morphological	not_detected	15	shift	none
1corintios	16	existing_continuity_status	shift	V-XAI-2P	οἴδατε	candidate	3	"[""number_change"", ""person_change"", ""subject_shift""]"	strong	1corintios-16-15-P02	1corintios-16-15-P01	1004	P	2	finite_verb_morphology	explicit_or_morphological	not_detected	15	shift	none
1corintios	16	existing_continuity_status	shift	V-PAI-3S	ἐστὶν	unresolved	5	"[""independence_transition"", ""number_change"", ""person_change"", ""subject_shift"", ""subordination_transition""]"	strong	1corintios-16-15-P03	1corintios-16-15-P02	1005	S	3	finite_verb_morphology	explicit_or_morphological	candidate	15	shift	none
1corintios	16	existing_continuity_status	shift	V-AAI-3P	ἔταξαν	candidate	4	"[""independence_transition"", ""number_change"", ""subject_shift"", ""subordination_transition""]"	strong	1corintios-16-15-P04	1corintios-16-15-P03	1006	P	3	finite_verb_morphology	explicit_or_morphological	not_detected	15	shift	none
1corintios	16	existing_continuity_status	shift	V-PPS-2P	ὑποτάσσησθε	unresolved	4	"[""independence_transition"", ""person_change"", ""subject_shift"", ""subordination_transition""]"	strong	1corintios-16-16-P01	1corintios-16-15-P04	1007	P	2	finite_verb_morphology	explicit_or_morphological	candidate	16	shift	none
1corintios	16	existing_continuity_status	shift	V-PAI-1S	χαίρω	candidate	5	"[""independence_transition"", ""number_change"", ""person_change"", ""subject_shift"", ""subordination_transition""]"	strong	1corintios-16-17-P01	1corintios-16-16-P01	1008	S	1	finite_verb_morphology	explicit_or_morphological	not_detected	17	shift	none
1corintios	16	existing_continuity_status	shift	V-AAI-3P	ἀνεπλήρωσαν	unresolved	5	"[""independence_transition"", ""number_change"", ""person_change"", ""subject_shift"", ""subordination_transition""]"	strong	1corintios-16-17-P02	1corintios-16-17-P01	1009	P	3	finite_compact_person_number	finite_morphology_fallback	candidate	17	shift	none
1corintios	16	existing_continuity_status	same	V-AAI-3P	ἀνέπαυσαν	candidate	2	"[""independence_transition"", ""subordination_transition""]"	candidate	1corintios-16-18-P01	1corintios-16-17-P02	1010	P	3	finite_verb_morphology	explicit_or_morphological	not_detected	18	same	none
1corintios	16	existing_continuity_status	shift	V-PAD-2P	ἐπιγινώσκετε	candidate	2	"[""person_change"", ""subject_shift""]"	candidate	1corintios-16-18-P02	1corintios-16-18-P01	1011	P	2	finite_verb_morphology	explicit_or_morphological	not_detected	18	shift	none
1corintios	16	existing_continuity_status	shift	V-PMI-3P	ἀσπάζονται	candidate	2	"[""person_change"", ""subject_shift""]"	candidate	1corintios-16-19-P01	1corintios-16-18-P02	1012	P	3	finite_verb_morphology	explicit_or_morphological	not_detected	19	shift	none
1corintios	16	existing_continuity_status	shift	V-PMI-3S	ἀσπάζεται	candidate	2	"[""number_change"", ""subject_shift""]"	candidate	1corintios-16-19-P02	1corintios-16-19-P01	1013	S	3	finite_verb_morphology	explicit_or_morphological	not_detected	19	shift	none
1corintios	16	existing_continuity_status	shift	V-PMI-3P	ἀσπάζονται	candidate	2	"[""number_change"", ""subject_shift""]"	candidate	1corintios-16-20-P01	1corintios-16-19-P02	1014	P	3	finite_verb_morphology	explicit_or_morphological	not_detected	20	shift	none
1corintios	16	existing_continuity_status	shift	V-AMD-2P	ἀσπάσασθε	candidate	2	"[""person_change"", ""subject_shift""]"	candidate	1corintios-16-20-P02	1corintios-16-20-P01	1015	P	2	finite_verb_morphology	explicit_or_morphological	not_detected	20	shift	none
1corintios	16	existing_continuity_status	shift	V-PAI-3S	φιλεῖ	unresolved	5	"[""independence_transition"", ""number_change"", ""person_change"", ""subject_shift"", ""subordination_transition""]"	strong	1corintios-16-22-P01	1corintios-16-20-P02	1016	S	3	finite_compact_person_number	finite_morphology_fallback	candidate	22	shift	none
1corintios	16	existing_continuity_status	same	V-PAD-3S	ἤτω	candidate	2	"[""independence_transition"", ""subordination_transition""]"	candidate	1corintios-16-22-P02	1corintios-16-22-P01	1017	S	3	finite_verb_morphology	explicit_or_morphological	not_detected	22	same	none
1corintios	16	existing_continuity_status	shift	V-AAD-2S	θά	candidate	2	"[""person_change"", ""subject_shift""]"	candidate	1corintios-16-22-P03	1corintios-16-22-P02	1018	S	2	finite_verb_morphology	explicit_or_morphological	not_detected	22	shift	none
